*----------------------------------------------------------------------------------------
*	Innovus 20.10-p004_1 (64bit) 05/07/2020 20:02 (Linux 2.6.32-431.11.2.el6.x86_64)
*	
*
* 	Date & Time:	2025-Apr-09 03:56:27 (2025-Apr-08 22:26:27 GMT)
*
*----------------------------------------------------------------------------------------
*
*	Design: PROCESSOR
*
*	Liberty Libraries used: 
*	        view1: CORE65LPHVT_wc_0.90V_105C.lib
*
*	Power Domain used: 
*
*       Power View : view1
*
*       User-Defined Activity : N.A.
*
*       Activity File: N.A.
*
*       Hierarchical Global Activity: N.A.
*
*       Global Activity: N.A.
*
*       Sequential Element Activity: N.A.
*
*       Primary Input Activity: 0.200000
*
*       Default icg ratio: N.A.
*
*       Global Comb ClockGate Ratio: N.A.
*
*	Power Units = 1mW
*
*	Time Units = 1e-09 secs 
*
*       Temperature = 105 
*
*       report_power -outfile ./PostRoutingPowerRpt/rtl_module.rpt -rail_analysis_format VS
*
-----------------------------------------------------------------------------------------
Cell                            Internal   Switching       Total     Leakage   Cell
                                   Power       Power       Power       Power   Name
--------------------------------------------------------------------------------------
CTS_ccl_a_buf_00013             0.005863     0.01801     0.02387   6.814e-07  HS65_LH_BFX106
datapath_module/reg_file_module/FE_USKC933_CTS_5   0.002471     0.01774     0.02021   2.858e-07  HS65_LH_BFX44
datapath_module/reg_file_module/FE_USKC795_CTS_8   0.002291     0.01755     0.01984   2.701e-07  HS65_LH_BFX40
datapath_module/reg_file_module/FE_USKC917_CTS_3   0.002463     0.01724      0.0197   2.858e-07  HS65_LH_BFX44
datapath_module/reg_file_module/FE_USKC949_CTS_9   0.002319     0.01706     0.01938   2.701e-07  HS65_LH_BFX40
datapath_module/reg_file_module/FE_USKC928_CTS_2   0.002318     0.01682     0.01914   2.701e-07  HS65_LH_BFX40
datapath_module/reg_file_module/FE_USKC922_CTS_1   0.002296     0.01681     0.01911   2.701e-07  HS65_LH_BFX40
datapath_module/reg_file_module/FE_USKC732_CTS_4   0.001952       0.017     0.01895   2.349e-07  HS65_LH_BFX35
datapath_module/reg_file_module/FE_USKC736_CTS_6   0.001952     0.01688     0.01883   2.349e-07  HS65_LH_BFX35
FE_OFC15_zero                  0.0004469      0.0162     0.01665   3.307e-07  HS65_LH_BFX53
datapath_module/alu_module/FE_OFC388_FE_OFN83_write_data_1  0.0004012      0.0103      0.0107   1.257e-07  HS65_LH_IVX27
datapath_module/alu_module/FE_OFC143_write_data_2  0.0003664    0.008223     0.00859   1.256e-07  HS65_LH_IVX27
datapath_module/FE_DBTC9_write_data_4   0.000276    0.007797    0.008073    8.12e-08  HS65_LH_IVX18
datapath_module/alu_module/FE_OFC146_write_data_3  0.0002209    0.007508    0.007729   8.142e-08  HS65_LH_IVX18
datapath_module/alu_module/mul_44_34/FE_OCPC406_FE_DBTN39_read_data2_1    0.00356    0.004031    0.007592   1.382e-06  HS65_LH_BFX213
datapath_module/reg_file_module/FE_OCPC365_FE_DBTN10_write_data_5  0.0007396    0.006394    0.007134   1.161e-07  HS65_LH_BFX18
datapath_module/alu_module/FE_OCPC280_FE_OFN67_write_data_21  0.0008526    0.005912    0.006766   5.224e-07  HS65_LH_IVX106
datapath_module/alu_module/FE_PSBC417_write_data_30   0.002072    0.003856    0.005929   6.914e-07  HS65_LH_BFX106
datapath_module/alu_module/FE_OCPC267_FE_OFN46_write_data_23  0.0007878    0.005126    0.005914   5.224e-07  HS65_LH_IVX106
datapath_module/alu_module/mul_44_34/g36707   0.003492    0.002254    0.005747   8.619e-07  HS65_LHS1_FA1X35
datapath_module/alu_module/mul_44_34/g36410   0.003083    0.002661    0.005745   8.743e-07  HS65_LHS1_FA1X35
datapath_module/alu_module/FE_OCPC245_write_data_6  0.0001779    0.005553    0.005731    8.18e-08  HS65_LH_IVX18
datapath_module/alu_module/mul_44_34/g36784   0.002877    0.002783    0.005661   8.685e-07  HS65_LHS1_FA1X35
datapath_module/alu_module/FE_OFC73_write_data_22  0.0008193    0.004775    0.005595   5.225e-07  HS65_LH_IVX106
datapath_module/alu_module/FE_OCPC897_write_data_19   0.001563    0.003981    0.005545   4.643e-07  HS65_LH_BFX71
datapath_module/alu_module/mul_44_34/FE_RC_562_0   0.002398    0.003143    0.005542   9.082e-07  HS65_LH_MUX21X71
datapath_module/alu_module/mul_44_34/FE_RC_1264_0   0.003532    0.001999    0.005532   6.938e-07  HS65_LH_MUX21I1X48
datapath_module/alu_module/mul_44_34/FE_OCPC847_FE_RN_38_dup   0.002274    0.003239    0.005513   6.752e-07  HS65_LH_BFX106
datapath_module/reg_file_module/FE_OCPC322_write_data_29   0.001338    0.004169    0.005508    4.65e-07  HS65_LH_BFX71
datapath_module/alu_module/g7541  0.0005344    0.004966    0.005501   1.836e-07  HS65_LH_AND2ABX27
datapath_module/alu_module/mul_44_34/g36848   0.002719      0.0025     0.00522   7.573e-07  HS65_LH_MUX21X53
datapath_module/alu_module/mul_44_34/FE_RC_750_0   0.003747    0.001407    0.005154   5.642e-07  HS65_LH_XOR2X35
datapath_module/alu_module/mul_44_34/g36306   0.003281    0.001857    0.005139   8.745e-07  HS65_LHS1_FA1X35
datapath_module/alu_module/mul_44_34/g38691   0.002821    0.002143    0.004965   8.958e-07  HS65_LHS1_FA1X35
datapath_module/alu_module/mul_44_34/FE_OCPC212_n_2116   0.002203      0.0027    0.004904   6.795e-07  HS65_LH_BFX106
datapath_module/alu_module/mul_44_34/FE_OCPC236_n_716   0.002038    0.002702    0.004741   6.872e-07  HS65_LH_BFX106
datapath_module/alu_module/g7308   0.001374    0.003362    0.004736   2.615e-07  HS65_LH_AO12X35
datapath_module/alu_module/FE_OFC145_write_data_17  0.0002263    0.004454    0.004681   1.269e-07  HS65_LH_IVX27
datapath_module/alu_module/mul_44_34/g36978   0.002791     0.00187    0.004662   8.824e-07  HS65_LHS1_FA1X35
datapath_module/alu_module/mul_44_34/FE_RC_414_0   0.003045    0.001587    0.004632   5.108e-07  HS65_LH_MUXI21X30
datapath_module/alu_module/FE_OFC55_FE_OFN30_write_data_20  0.0008866    0.003662    0.004549   2.904e-07  HS65_LH_BFX44
datapath_module/alu_module/mul_44_34/g36838   0.002844    0.001673    0.004518   8.843e-07  HS65_LHS1_FA1X35
datapath_module/alu_module/mul_44_34/g36265   0.002927    0.001575    0.004504   5.592e-07  HS65_LH_XNOR2X35
datapath_module/alu_module/mul_44_34/g36436    0.00256    0.001937    0.004498   5.637e-07  HS65_LH_XNOR2X35
datapath_module/alu_module/FE_OCPC892_write_data_16  0.0006959    0.003783    0.004479   2.386e-07  HS65_LH_BFX35
datapath_module/alu_module/sub_35_34/FE_OFC390_n_198  0.0004043    0.004004    0.004409   1.543e-07  HS65_LH_IVX31
datapath_module/alu_module/mul_44_34/g36818   0.002765    0.001593    0.004359    5.63e-07  HS65_LH_XOR2X35
datapath_module/alu_module/FE_RC_1284_0   0.001317    0.003041    0.004358   4.739e-07  HS65_LH_AOI21X46
datapath_module/alu_module/mul_44_34/g36357   0.002433    0.001904    0.004337   5.618e-07  HS65_LH_XNOR2X35
datapath_module/alu_module/mul_44_34/g36296   0.003035    0.001299    0.004334   4.604e-07  HS65_LH_XNOR2X27
datapath_module/FE_DBTC13_write_data_8  0.0001487    0.004168    0.004317   8.189e-08  HS65_LH_IVX18
datapath_module/alu_module/mul_44_34/g38480_dup   0.002874    0.001436    0.004311   5.643e-07  HS65_LH_XNOR2X35
datapath_module/alu_module/mul_44_34/g36295   0.002974    0.001313    0.004287   4.603e-07  HS65_LH_XNOR2X27
datapath_module/alu_module/FE_OFC171_write_data_18  0.0003443    0.003937    0.004282   2.134e-07  HS65_LH_IVX44
datapath_module/alu_module/mul_44_34/g36262   0.002616    0.001637    0.004253   4.604e-07  HS65_LH_XNOR2X27
datapath_module/alu_module/mul_44_34/g38480   0.002874    0.001301    0.004176   5.643e-07  HS65_LH_XNOR2X35
datapath_module/alu_module/mul_44_34/g36440   0.002046    0.002098    0.004145   8.772e-07  HS65_LHS1_FA1X35
datapath_module/FE_DBTC14_write_data_9  0.0001542    0.003977    0.004131   8.185e-08  HS65_LH_IVX18
datapath_module/alu_module/mul_44_34/g36413    0.00251    0.001618    0.004129   8.732e-07  HS65_LHS1_FA1X35
datapath_module/alu_module/mul_44_34/g36261   0.002511    0.001596    0.004108   4.605e-07  HS65_LH_XNOR2X27
datapath_module/alu_module/mul_44_34/FE_RC_871_0   0.002833    0.001264    0.004098   9.107e-07  HS65_LH_MUXI21X60
datapath_module/alu_module/mul_44_34/g36744   0.001702    0.002354    0.004056   4.445e-07  HS65_LH_NOR2X50
datapath_module/alu_module/mul_44_34/g37780  0.0005437    0.003511    0.004055   3.388e-07  HS65_LH_IVX71
datapath_module/alu_module/mul_44_34/FE_OCPC196_n_679    0.00226    0.001721    0.003982   6.752e-07  HS65_LH_BFX106
datapath_module/alu_module/mul_44_34/g36287   0.001484    0.002482    0.003967   4.701e-07  HS65_LH_NOR2X50
datapath_module/alu_module/mul_44_34/g36897   0.002524    0.001403    0.003928    8.82e-07  HS65_LHS1_FA1X35
datapath_module/alu_module/FE_OFC125_write_data_31  0.0006919    0.003234    0.003926   5.228e-07  HS65_LH_IVX106
datapath_module/alu_module/FE_OFC152_write_data_13  0.0002101    0.003711    0.003921    1.27e-07  HS65_LH_IVX27
datapath_module/alu_module/FE_OCPC242_write_data_15  0.0003504    0.003568    0.003919   2.583e-07  HS65_LH_IVX53
datapath_module/alu_module/mul_44_34/FE_DBTC35_n_578  0.0007249    0.003135    0.003861   5.059e-07  HS65_LH_IVX106
datapath_module/alu_module/mul_44_34/g36703   0.001602    0.002198      0.0038   3.263e-07  HS65_LH_NAND2X57
datapath_module/reg_file_module/FE_OCPC769_write_data_28   0.001212    0.002482    0.003695   4.138e-07  HS65_LH_BFX62
datapath_module/FE_DBTC15_write_data_10  0.0001409    0.003545    0.003686    8.19e-08  HS65_LH_IVX18
datapath_module/reg_file_module/FE_RC_1185_0   0.001381    0.002244    0.003625   6.845e-07  HS65_LH_BFX106
datapath_module/alu_module/mul_44_34/g36788   0.002152    0.001469    0.003622   8.596e-07  HS65_LHS1_FA1X35
datapath_module/alu_module/mul_44_34/FE_OCPC239_n_716_dup   0.002031    0.001569    0.003601   6.872e-07  HS65_LH_BFX106
datapath_module/alu_module/mul_44_34/g38416   0.001601    0.001962    0.003562   2.979e-07  HS65_LH_AND2X35
datapath_module/alu_module/FE_OCPC334_read_data2_1   0.001761    0.001787    0.003548   6.761e-07  HS65_LH_BFX106
datapath_module/alu_module/mul_44_34/g39309   0.001909    0.001631    0.003541     5.6e-07  HS65_LH_XNOR2X35
datapath_module/reg_file_module/FE_OCPC318_write_data_25  0.0009992    0.002531    0.003531   3.412e-07  HS65_LH_BFX53
datapath_module/reg_file_module/FE_OFC150_write_data_11  0.0002448    0.003257    0.003502   1.698e-07  HS65_LH_IVX35
datapath_module/alu_module/mul_44_34/g36279   0.002588   0.0009001    0.003489   4.606e-07  HS65_LH_XNOR2X27
datapath_module/alu_module/FE_RC_306_0   0.001587    0.001879    0.003466   2.228e-07  HS65_LH_AO212X27
datapath_module/FE_DBTC17_write_data_12  0.0001367     0.00329    0.003427   8.192e-08  HS65_LH_IVX18
datapath_module/alu_module/mul_44_34/g36855   0.001824      0.0016    0.003425   8.887e-07  HS65_LHS1_FA1X35
datapath_module/alu_module/mul_44_34/g36401    0.00191    0.001501    0.003412   8.481e-07  HS65_LHS1_FA1X35
datapath_module/alu_module/mul_44_34/g36435   0.002485   0.0009202    0.003406   5.638e-07  HS65_LH_XNOR2X35
datapath_module/FE_DBTC19_write_data_14  0.0001846    0.003216    0.003401    1.27e-07  HS65_LH_IVX27
datapath_module/alu_module/FE_RC_1205_0   0.001593    0.001803    0.003397   4.712e-07  HS65_LH_AOI21X46
datapath_module/alu_module/mul_44_34/g39020   0.001817    0.001561    0.003379   8.717e-07  HS65_LHS1_FA1X35
datapath_module/alu_module/mul_44_34/FE_RC_712_0      0.002    0.001377    0.003378   6.998e-07  HS65_LH_MUX21X53
datapath_module/alu_module/mul_44_34/g36405   0.001501    0.001868    0.003369   2.906e-07  HS65_LH_NAND2X57
datapath_module/alu_module/mul_44_34/FE_RC_712_0_dup1   0.001999    0.001346    0.003346   6.998e-07  HS65_LH_MUX21X53
datapath_module/alu_module/mul_44_34/g38583   0.001571    0.001769    0.003341   6.008e-07  HS65_LH_MUX21X44
datapath_module/alu_module/FE_OFC386_n_171  0.0006269    0.002694    0.003321   2.814e-07  HS65_LH_BFX44
datapath_module/alu_module/mul_44_34/g36435_dup   0.001925    0.001395    0.003321   4.596e-07  HS65_LH_XNOR2X27
datapath_module/reg_file_module/FE_OCPC366_write_data_27   0.001212    0.002101    0.003313    4.65e-07  HS65_LH_BFX71
datapath_module/alu_module/mul_44_34/g38609   0.002639   0.0006676    0.003307   8.651e-07  HS65_LHS1_FA1X35
datapath_module/alu_module/mul_44_34/g36547   0.001021    0.002276    0.003297   2.066e-07  HS65_LH_NOR2X38
datapath_module/alu_module/mul_44_34/g36564   0.001312    0.001919    0.003231   4.668e-07  HS65_LH_NOR2X50
datapath_module/alu_module/mul_44_34/FE_RC_1351_0   0.001994    0.001203    0.003197   5.724e-07  HS65_LH_OAI12X49
datapath_module/alu_module/mul_44_34/g36565   0.001299    0.001893    0.003193   2.153e-07  HS65_LH_NOR2X38
datapath_module/alu_module/mul_44_34/FE_RC_1263_0  0.0006594    0.002514    0.003174    5.16e-07  HS65_LH_IVX106
datapath_module/alu_module/mul_44_34/g36783    0.00178    0.001344    0.003125   8.615e-07  HS65_LHS1_FA1X35
datapath_module/reg_file_module/g42615  0.0007313    0.002369    0.003101   5.625e-07  HS65_LH_NAND2X57
datapath_module/alu_module/mul_44_34/FE_RC_583_0   0.001637    0.001457    0.003094   4.353e-07  HS65_LH_OAI21X37
datapath_module/alu_module/mul_44_34/g38480_dup1   0.002225   0.0008592    0.003085   4.598e-07  HS65_LH_XNOR2X27
datapath_module/alu_module/mul_44_34/FE_RC_555_0   0.001894    0.001162    0.003057     4.6e-07  HS65_LH_XNOR2X27
datapath_module/FE_DBTC12_write_data_7  0.0001326    0.002916    0.003049   8.189e-08  HS65_LH_IVX18
datapath_module/alu_module/mul_44_34/g36721   0.001192    0.001853    0.003045   1.699e-07  HS65_LH_NAND2X29
datapath_module/alu_module/mul_44_34/FE_RC_1255_0   0.002346   0.0006967    0.003043   7.105e-07  HS65_LH_MUX21X53
datapath_module/alu_module/FE_OCPC368_write_data_0    0.00029    0.002752    0.003042   6.183e-08  HS65_LH_BFX9
datapath_module/reg_file_module/g7667  0.0002737    0.002739    0.003013   1.791e-07  HS65_LH_OR2X27
datapath_module/alu_module/mul_44_34/g36451   0.002156   0.0008342    0.002991   8.776e-07  HS65_LHS1_FA1X35
datapath_module/alu_module/FE_RC_807_0   0.001553    0.001435    0.002989   4.713e-07  HS65_LH_AOI21X46
datapath_module/reg_file_module/FE_OCPC321_write_data_27   0.001091    0.001893    0.002985   4.137e-07  HS65_LH_BFX62
datapath_module/alu_module/mul_44_34/g36652   0.001813     0.00116    0.002973   4.572e-07  HS65_LH_XNOR2X27
datapath_module/alu_module/mul_44_34/g36298   0.001171      0.0018    0.002971   2.172e-07  HS65_LH_NAND2X43
datapath_module/alu_module/mul_44_34/FE_OFC111_read_data2_1   0.000426    0.002545    0.002971   3.419e-07  HS65_LH_IVX71
datapath_module/alu_module/FE_RC_786_0   0.001507    0.001447    0.002955   4.723e-07  HS65_LH_AOI21X46
datapath_module/alu_module/mul_44_34/FE_OCPC344_read_data2_3   0.001106    0.001821    0.002928    6.74e-07  HS65_LH_BFX106
datapath_module/alu_module/mul_44_34/FE_RC_680_0   0.001341    0.001577    0.002919   2.411e-07  HS65_LH_AND2X27
datapath_module/alu_module/mul_44_34/FE_RC_1308_0   0.001304    0.001613    0.002918   3.936e-07  HS65_LH_NAND2X43
datapath_module/alu_module/mul_44_34/g38693   0.002217    0.000665    0.002883   8.776e-07  HS65_LHS1_FA1X35
datapath_module/alu_module/mul_44_34/g36379   0.001779    0.001056    0.002835   5.632e-07  HS65_LH_XNOR2X35
datapath_module/alu_module/mul_44_34/g37047    0.00188   0.0009278    0.002808   5.626e-07  HS65_LH_XOR2X35
datapath_module/alu_module/mul_44_34/g36322  0.0008212    0.001985    0.002806   3.062e-07  HS65_LH_NAND2AX29
datapath_module/alu_module/mul_44_34/g36310   0.001013    0.001786    0.002799   2.292e-07  HS65_LH_NAND2X43
datapath_module/alu_module/mul_44_34/FE_RC_715_0   0.001719    0.001061     0.00278   5.272e-07  HS65_LH_OAI21X49
datapath_module/reg_file_module/g7410  0.0003003    0.002476    0.002777   2.429e-07  HS65_LH_OR2ABX35
datapath_module/alu_module/mul_44_34/FE_OFC84_n_578   0.001313    0.001462    0.002775   4.591e-07  HS65_LH_BFX71
datapath_module/alu_module/mul_44_34/g36378   0.001675    0.001091    0.002767   4.605e-07  HS65_LH_XNOR2X27
datapath_module/reg_file_module/g42614  0.0007429    0.002008    0.002751   5.434e-07  HS65_LH_NAND2X57
datapath_module/alu_module/mul_44_34/g38423   0.001584    0.001162    0.002747   2.186e-07  HS65_LH_OR2X27
datapath_module/alu_module/mul_44_34/g38412   0.001895   0.0008256     0.00272   2.819e-07  HS65_LH_XNOR2X18
datapath_module/alu_module/mul_44_34/FE_RC_1267_0  0.0009874    0.001702     0.00269   3.523e-07  HS65_LH_NAND2X57
datapath_module/alu_module/mul_44_34/FE_RC_192_0   0.001652    0.001015    0.002668   5.623e-07  HS65_LH_XOR2X35
datapath_module/alu_module/mul_44_34/g36382  0.0006221    0.002044    0.002666   1.806e-07  HS65_LH_NOR2X19
datapath_module/alu_module/mul_44_34/g38497_dup   0.001725   0.0009361    0.002662     4.6e-07  HS65_LH_XNOR2X27
datapath_module/FE_DBTC10_write_data_5  0.0009683    0.001668    0.002636   3.413e-07  HS65_LH_IVX71
datapath_module/reg_file_module/g42656  0.0007219    0.001904    0.002627   4.652e-07  HS65_LH_NAND2X57
datapath_module/alu_module/mul_44_34/g37361  0.0007781    0.001843    0.002622   4.119e-07  HS65_LH_NAND2X43
datapath_module/alu_module/FE_RC_1454_0   0.001295    0.001324    0.002619   4.739e-07  HS65_LH_AOI21X46
datapath_module/alu_module/mul_44_34/g38424   0.001547    0.001019    0.002567   4.606e-07  HS65_LH_XNOR2X27
datapath_module/alu_module/mul_44_34/FE_RC_348_0   0.001706   0.0008546    0.002561   5.133e-07  HS65_LH_OAI12X49
datapath_module/alu_module/mul_44_34/FE_OCPC566_n_1868   0.001072    0.001486    0.002558   1.656e-07  HS65_LH_BFX27
datapath_module/reg_file_module/FE_USKC660_CTS_8   0.002239   0.0003145    0.002554   2.701e-07  HS65_LH_BFX40
datapath_module/reg_file_module/g7248  0.0002995    0.002245    0.002545   2.429e-07  HS65_LH_OR2ABX35
datapath_module/reg_file_module/g7353  0.0002929    0.002237     0.00253   2.425e-07  HS65_LH_OR2ABX35
datapath_module/reg_file_module/FE_USKC683_CTS_8   0.002268   0.0002548    0.002523   2.701e-07  HS65_LH_BFX40
datapath_module/alu_module/mul_44_34/FE_RC_455_0   0.001304    0.001218    0.002522   3.805e-07  HS65_LH_OAI21X37
datapath_module/reg_file_module/FE_USKC718_CTS_2   0.001913   0.0006044    0.002517   2.349e-07  HS65_LH_BFX35
datapath_module/alu_module/mul_44_34/g36504   0.001315    0.001196    0.002511   2.257e-07  HS65_LH_NAND2X43
datapath_module/reg_file_module/FE_USKC721_CTS_8   0.002242   0.0002679     0.00251   2.701e-07  HS65_LH_BFX40
datapath_module/alu_module/mul_44_34/FE_RC_848_0    0.00167   0.0008333    0.002504   5.628e-07  HS65_LH_XNOR2X35
IFU_module/instr_mem/FE_RC_988_0   0.000603    0.001895    0.002499   4.105e-07  HS65_LH_NAND2X57
datapath_module/alu_module/mul_44_34/g36485   0.001229     0.00127    0.002499   2.877e-07  HS65_LH_MUX21I1X18
datapath_module/alu_module/mul_44_34/FE_OCPC326_FE_RN_168_0   0.000789    0.001705    0.002495   4.006e-07  HS65_LH_BFX62
datapath_module/alu_module/mul_44_34/FE_RC_719_0   0.001792   0.0007019    0.002494   2.612e-07  HS65_LH_NAND2AX29
datapath_module/alu_module/mul_44_34/g38458   0.001525   0.0009656     0.00249   2.807e-07  HS65_LH_XNOR2X18
datapath_module/alu_module/mul_44_34/g36515   0.001613   0.0008687    0.002482   8.633e-07  HS65_LHS1_FA1X35
datapath_module/alu_module/mul_44_34/g36444   0.001401    0.001077    0.002479    2.89e-07  HS65_LH_MUX21I1X18
datapath_module/alu_module/mul_44_34/FE_RC_691_0   0.001763   0.0007134    0.002477   3.735e-07  HS65_LHS_XNOR2X24
datapath_module/reg_file_module/FE_USKC725_CTS_9    0.00191   0.0005641    0.002474   2.349e-07  HS65_LH_BFX35
IFU_module/instr_mem/g761       0.001285    0.001186    0.002472   7.357e-07  HS65_LH_MUX21I1X48
datapath_module/alu_module/mul_44_34/FE_OFC88_n_2116  0.0007467    0.001714    0.002461   2.342e-07  HS65_LH_BFX35
datapath_module/alu_module/mul_44_34/FE_RC_712_0_dup   0.001724   0.0007331    0.002457   6.127e-07  HS65_LH_MUX21X44
datapath_module/alu_module/mul_44_34/g36381   0.001059    0.001374    0.002433   2.238e-07  HS65_LH_OR2X27
datapath_module/alu_module/mul_44_34/g36354   0.001027      0.0014    0.002427    2.23e-07  HS65_LH_NAND2X57
datapath_module/reg_file_module/FE_OCPC895_FE_OCPN732_write_data_25   0.000993    0.001434    0.002427   3.412e-07  HS65_LH_BFX53
datapath_module/alu_module/mul_44_34/FE_OCPC224_n_578_dup   0.001311     0.00111    0.002422   4.591e-07  HS65_LH_BFX71
datapath_module/alu_module/FE_OCPC256_read_data2_4  0.0004336    0.001979    0.002413   1.653e-07  HS65_LH_BFX27
datapath_module/alu_module/g7318  0.0009949    0.001416    0.002411   2.836e-07  HS65_LH_AO12X35
datapath_module/alu_module/mul_44_34/FE_OCPC218_n_679  0.0007692    0.001626    0.002396   2.325e-07  HS65_LH_BFX35
datapath_module/alu_module/mul_44_34/g36628    0.00169   0.0007023    0.002393   4.594e-07  HS65_LH_XNOR2X27
datapath_module/reg_file_module/FE_OFC391_FE_OCPN741_write_data_30  0.0005587    0.001833    0.002392   1.681e-07  HS65_LH_BFX27
datapath_module/alu_module/mul_44_34/FE_RC_869_0  0.0008065    0.001579    0.002386   2.641e-07  HS65_LH_NAND2X29
datapath_module/alu_module/mul_44_34/g36715   0.001671   0.0007127    0.002384    4.32e-07  HS65_LH_MUX21I1X30
datapath_module/alu_module/FE_OCPC363_FE_OFN99_read_data2_2   0.001699   0.0006845    0.002384   6.771e-07  HS65_LH_BFX106
datapath_module/alu_module/mul_44_34/FE_OCPC374_n_46   0.001207    0.001173     0.00238   2.212e-07  HS65_LH_BFX31
datapath_module/alu_module/mul_44_34/FE_RC_682_0  0.0004222    0.001957     0.00238   1.323e-07  HS65_LH_NAND2X14
datapath_module/reg_file_module/FE_OCPC367_write_data_24  0.0006642    0.001715    0.002379   2.386e-07  HS65_LH_BFX35
datapath_module/alu_module/mul_44_34/FE_OCPC254_n_144   0.001136    0.001227    0.002363   1.657e-07  HS65_LH_BFX27
datapath_module/reg_file_module/FE_OCPC370_write_data_24  0.0006677    0.001692     0.00236   2.386e-07  HS65_LH_BFX35
datapath_module/alu_module/mul_44_34/FE_RC_453_0  0.0008731    0.001483    0.002357   2.527e-07  HS65_LH_AND2X35
datapath_module/alu_module/mul_44_34/FE_RC_412_0   0.001217    0.001126    0.002344   3.588e-07  HS65_LH_OAI12X49
datapath_module/alu_module/mul_44_34/FE_RC_728_0   0.001196    0.001141    0.002338   2.851e-07  HS65_LH_OR2X35
datapath_module/alu_module/FE_OCPC231_read_data2_1  0.0008761    0.001459    0.002335   3.339e-07  HS65_LH_BFX53
datapath_module/alu_module/mul_44_34/FE_RC_667_0   0.001878   0.0004423    0.002321   5.641e-07  HS65_LH_MUXI21X30
datapath_module/alu_module/mul_44_34/g36359   0.001616   0.0007001    0.002317   4.549e-07  HS65_LH_NOR2X50
datapath_module/alu_module/mul_44_34/FE_OCPC214_read_data2_0  0.0002602     0.00205     0.00231    2.08e-07  HS65_LH_IVX44
datapath_module/alu_module/mul_44_34/g38428   0.001424   0.0008852     0.00231   4.595e-07  HS65_LH_XNOR2X27
datapath_module/alu_module/mul_44_34/FE_OCPC367_n_190   0.001283    0.001019    0.002303    2.34e-07  HS65_LH_BFX35
datapath_module/reg_file_module/FE_USKC664_CTS_1   0.001901   0.0003945    0.002296   2.349e-07  HS65_LH_BFX35
datapath_module/reg_file_module/FE_USKC690_CTS_3   0.001906   0.0003861    0.002292   2.349e-07  HS65_LH_BFX35
datapath_module/reg_file_module/FE_USKC665_CTS_4   0.001902   0.0003858    0.002288   2.349e-07  HS65_LH_BFX35
datapath_module/reg_file_module/CTS_ccl_a_buf_00027   0.001964   0.0003223    0.002286   2.349e-07  HS65_LH_BFX35
datapath_module/reg_file_module/FE_OCPC319_write_data_28  0.0005481    0.001737    0.002285   1.682e-07  HS65_LH_BFX27
datapath_module/alu_module/mul_44_34/g36524_dup  0.0009578     0.00132    0.002278    3.04e-07  HS65_LH_NAND2AX29
datapath_module/alu_module/mul_44_34/g36672   0.001043    0.001229    0.002272    1.96e-07  HS65_LH_NOR2X50
datapath_module/reg_file_module/g7091  0.0002316     0.00204    0.002272   2.275e-07  HS65_LH_OR2X35
datapath_module/alu_module/mul_44_34/g37029   0.001229     0.00104    0.002269   4.573e-07  HS65_LH_XNOR2X27
datapath_module/alu_module/mul_44_34/FE_OCPC323_FE_RN_168_0    0.00131   0.0009588    0.002269   6.725e-07  HS65_LH_BFX106
datapath_module/alu_module/mul_44_34/g36624   0.001613   0.0006501    0.002264   7.837e-07  HS65_LH_MUX21I1X48
datapath_module/alu_module/mul_44_34/g36363_dup   0.001102    0.001159    0.002262   2.085e-07  HS65_LH_NOR2X38
datapath_module/alu_module/mul_44_34/FE_RC_915_0   0.000985    0.001272    0.002258   3.135e-07  HS65_LH_OAI21X37
datapath_module/reg_file_module/CTS_ccl_a_buf_00019   0.001964   0.0002922    0.002257   2.349e-07  HS65_LH_BFX35
datapath_module/reg_file_module/CTS_ccl_a_buf_00015   0.001964   0.0002907    0.002255   2.349e-07  HS65_LH_BFX35
datapath_module/reg_file_module/CTS_ccl_a_buf_00023   0.001964   0.0002904    0.002254   2.349e-07  HS65_LH_BFX35
datapath_module/reg_file_module/CTS_ccl_a_buf_00011   0.001964   0.0002805    0.002244   2.349e-07  HS65_LH_BFX35
datapath_module/alu_module/g7323   0.001025    0.001197    0.002222   2.842e-07  HS65_LH_AO12X35
datapath_module/alu_module/mul_44_34/FE_RC_648_0   0.001015    0.001202    0.002218   2.838e-07  HS65_LH_AO12X35
datapath_module/reg_file_module/CTS_ccl_a_buf_00021   0.001965   0.0002501    0.002215   2.349e-07  HS65_LH_BFX35
datapath_module/reg_file_module/FE_USKC666_CTS_6   0.001922   0.0002918    0.002214   2.349e-07  HS65_LH_BFX35
datapath_module/reg_file_module/FE_USKC661_CTS_9   0.001912   0.0002981     0.00221   2.349e-07  HS65_LH_BFX35
datapath_module/alu_module/mul_44_34/FE_RC_1459_0   0.001647   0.0005618    0.002209   2.847e-07  HS65_LH_MUXI21X15
datapath_module/reg_file_module/CTS_ccl_a_buf_00017   0.001964   0.0002422    0.002207   2.349e-07  HS65_LH_BFX35
datapath_module/reg_file_module/FE_USKC783_CTS_1   0.001903   0.0003009    0.002204   2.349e-07  HS65_LH_BFX35
datapath_module/alu_module/mul_44_34/FE_RC_679_0   0.000705    0.001498    0.002204   2.513e-07  HS65_LH_IVX53
datapath_module/alu_module/mul_44_34/FE_RC_811_0   0.001183    0.001012    0.002195   2.929e-07  HS65_LH_OAI21X24
datapath_module/alu_module/FE_OCPC284_read_data2_2   0.001024    0.001164    0.002188   4.038e-07  HS65_LH_BFX62
datapath_module/reg_file_module/FE_USKC691_CTS_1   0.001918   0.0002625     0.00218   2.349e-07  HS65_LH_BFX35
datapath_module/alu_module/mul_44_34/g36386  0.0007273    0.001452     0.00218   2.528e-07  HS65_LH_IVX53
datapath_module/alu_module/mul_44_34/g36489   0.001212   0.0009637    0.002177    5.64e-07  HS65_LH_XNOR2X35
datapath_module/alu_module/mul_44_34/FE_RC_818_0   0.001613   0.0005631    0.002176   2.925e-07  HS65_LH_OAI211X16
datapath_module/reg_file_module/CTS_ccl_a_buf_00025   0.001964   0.0002069    0.002171   2.349e-07  HS65_LH_BFX35
datapath_module/alu_module/mul_44_34/FE_RC_780_0   0.001413   0.0007533    0.002167   5.614e-07  HS65_LH_XOR2X35
datapath_module/reg_file_module/FE_USKC659_CTS_5   0.001904    0.000257    0.002161   2.349e-07  HS65_LH_BFX35
datapath_module/alu_module/mul_44_34/g38469  0.0007619    0.001396    0.002158   3.805e-07  HS65_LHS_XNOR2X24
datapath_module/alu_module/mul_44_34/FE_RC_1266_0  0.0008725    0.001284    0.002157   2.527e-07  HS65_LH_AND2X35
datapath_module/reg_file_module/FE_USKC728_CTS_5   0.001906     0.00025    0.002156   2.349e-07  HS65_LH_BFX35
datapath_module/reg_file_module/FE_USKC681_CTS_5   0.001929   0.0002262    0.002156   2.349e-07  HS65_LH_BFX35
datapath_module/alu_module/FE_OCPC277_read_data1_5   0.000877    0.001275    0.002153   3.353e-07  HS65_LH_BFX53
datapath_module/reg_file_module/FE_USKC695_CTS_6   0.001904   0.0002343    0.002139   2.349e-07  HS65_LH_BFX35
datapath_module/reg_file_module/FE_USKC663_CTS_3   0.001898   0.0002381    0.002136   2.349e-07  HS65_LH_BFX35
datapath_module/reg_file_module/FE_USKC662_CTS_2   0.001902   0.0002341    0.002136   2.349e-07  HS65_LH_BFX35
datapath_module/alu_module/mul_44_34/FE_RC_764_0   0.001109    0.001023    0.002132   5.537e-07  HS65_LH_NOR2X50
datapath_module/alu_module/mul_44_34/FE_RC_1173_0   0.000965    0.001166    0.002131   3.267e-07  HS65_LH_NOR2X50
datapath_module/reg_file_module/FE_USKC693_CTS_4   0.001902   0.0002246    0.002127   2.349e-07  HS65_LH_BFX35
datapath_module/alu_module/mul_44_34/g36563  0.0007448    0.001368    0.002113   2.565e-07  HS65_LH_NAND2X29
datapath_module/alu_module/mul_44_34/FE_OCPC350_read_data2_3  0.0004145    0.001697    0.002112   5.189e-07  HS65_LH_IVX106
datapath_module/reg_file_module/FE_USKC686_CTS_9   0.001934   0.0001714    0.002106   2.349e-07  HS65_LH_BFX35
datapath_module/alu_module/mul_44_34/FE_RC_937_0  0.0009561    0.001145    0.002102   3.917e-07  HS65_LH_NAND2X43
datapath_module/reg_file_module/FE_USKC780_CTS_3   0.001907   0.0001785    0.002085   2.349e-07  HS65_LH_BFX35
datapath_module/alu_module/mul_44_34/g36387  0.0007794    0.001305    0.002085    3.04e-07  HS65_LH_NAND2AX29
datapath_module/alu_module/mul_44_34/FE_RC_678_0   0.001053    0.001025    0.002078   3.334e-07  HS65_LH_NOR2X38
datapath_module/alu_module/mul_44_34/g37383  0.0008079    0.001261     0.00207   5.118e-07  HS65_LH_NOR2X50
datapath_module/alu_module/mul_44_34/g37709_dup   0.001073   0.0009939    0.002068   3.197e-07  HS65_LH_NOR2X50
datapath_module/alu_module/mul_44_34/FE_RC_1232_0  0.0009119    0.001155    0.002067   4.422e-07  HS65_LH_AOI21X46
datapath_module/alu_module/mul_44_34/FE_RC_424_0   0.001334   0.0007325    0.002067   5.623e-07  HS65_LH_XOR2X35
datapath_module/alu_module/mul_44_34/g36309  0.0007489    0.001317    0.002066   3.066e-07  HS65_LH_NAND2AX29
datapath_module/alu_module/g7312  0.0009502    0.001114    0.002064   2.854e-07  HS65_LH_AO12X35
datapath_module/alu_module/mul_44_34/FE_RC_747_0   0.001608    0.000448    0.002057   5.625e-07  HS65_LH_XOR2X35
datapath_module/alu_module/mul_44_34/FE_RC_916_0   0.001174   0.0008732    0.002048   3.634e-07  HS65_LH_NAND2X43
datapath_module/reg_file_module/g42550  0.0006836    0.001363    0.002047   5.339e-07  HS65_LH_NAND2X57
datapath_module/alu_module/mul_44_34/FE_RC_302_0   0.001297   0.0007426     0.00204   3.968e-07  HS65_LH_OAI12X37
datapath_module/reg_file_module/FE_USKC687_CTS_2   0.001908   0.0001257    0.002034   2.349e-07  HS65_LH_BFX35
datapath_module/alu_module/g7546  0.0002001    0.001834    0.002034   1.062e-07  HS65_LH_AND2X18
datapath_module/alu_module/mul_44_34/FE_RC_754_0  0.0009333    0.001096     0.00203   2.571e-07  HS65_LH_OAI21X24
datapath_module/alu_module/mul_44_34/FE_RC_311_0_dup  0.0006674    0.001361    0.002029   3.541e-07  HS65_LH_NAND2X43
datapath_module/alu_module/mul_44_34/FE_RC_844_0   0.001312   0.0007108    0.002023   5.896e-07  HS65_LH_OAI12X49
datapath_module/alu_module/g7334  0.0008438    0.001177    0.002021   2.835e-07  HS65_LH_AO12X35
datapath_module/alu_module/mul_44_34/g36640  0.0009408    0.001078     0.00202   4.884e-07  HS65_LH_OAI12X49
datapath_module/alu_module/mul_44_34/FE_RC_984_0   0.001538   0.0004756    0.002014   3.839e-07  HS65_LH_AOI22X44
datapath_module/alu_module/mul_44_34/g36422  0.0006011     0.00141    0.002012   2.392e-07  HS65_LH_NOR2X25
datapath_module/alu_module/mul_44_34/FE_RC_773_0  0.0009121    0.001098    0.002011   4.422e-07  HS65_LH_AOI21X46
datapath_module/reg_file_module/g42540  0.0006025    0.001386    0.001989   5.441e-07  HS65_LH_NAND2X57
datapath_module/reg_file_module/FE_OCPC382_write_data_31  0.0005007     0.00148    0.001981   1.682e-07  HS65_LH_BFX27
datapath_module/alu_module/mul_44_34/FE_RC_1210_0   0.001131   0.0008495    0.001981   2.732e-07  HS65_LH_AO22X35
datapath_module/alu_module/mul_44_34/FE_RC_787_0   0.001444   0.0005319    0.001977   5.027e-07  HS65_LH_MUXI21X30
datapath_module/alu_module/mul_44_34/FE_OCPC388_n_189  0.0007019    0.001274    0.001976    1.15e-07  HS65_LH_BFX18
datapath_module/alu_module/mul_44_34/g36363  0.0007591    0.001202    0.001961   1.411e-07  HS65_LH_NOR2X25
datapath_module/alu_module/mul_44_34/FE_OCPC349_read_data2_3  0.0004135    0.001545    0.001959   5.189e-07  HS65_LH_IVX106
datapath_module/alu_module/mul_44_34/FE_OCPC440_n_162    0.00115   0.0007967    0.001948   4.634e-07  HS65_LH_BFX71
datapath_module/alu_module/mul_44_34/g36324_dup  0.0008547    0.001092    0.001947   3.004e-07  HS65_LH_NAND2AX29
datapath_module/alu_module/mul_44_34/FE_RC_1203_0  0.0009539   0.0009846    0.001939   3.917e-07  HS65_LH_NAND2X43
datapath_module/alu_module/mul_44_34/g36342_dup   0.000943    0.000995    0.001938   1.919e-07  HS65_LH_NAND2AX29
datapath_module/alu_module/mul_44_34/FE_OCPC394_n_94  0.0009286    0.001007    0.001935   4.094e-07  HS65_LH_BFX62
datapath_module/alu_module/mul_44_34/FE_RC_1172_0   0.001065   0.0008634    0.001929   3.197e-07  HS65_LH_NOR2X50
datapath_module/alu_module/mul_44_34/g36246   0.001145   0.0007759    0.001921   2.823e-07  HS65_LH_XNOR2X18
datapath_module/alu_module/mul_44_34/g36691  0.0006922    0.001228    0.001921   2.133e-07  HS65_LH_NOR2AX19
datapath_module/alu_module/mul_44_34/g36613_dup   0.001015   0.0009027    0.001918    3.95e-07  HS65_LH_AOI21X46
datapath_module/alu_module/mul_44_34/FE_OCPC847_FE_RN_38    0.00152   0.0003972    0.001918   4.531e-07  HS65_LH_BFX71
datapath_module/alu_module/mul_44_34/FE_RC_638_0  0.0009079    0.001006    0.001915   2.943e-07  HS65_LH_NAND2X57
datapath_module/reg_file_module/g43609  0.0001826    0.001715    0.001897   1.759e-07  HS65_LH_OR2X27
datapath_module/alu_module/mul_44_34/FE_OCPC359_FE_OFN66_read_data2_5  0.0009342   0.0009624    0.001897   4.094e-07  HS65_LH_BFX62
datapath_module/reg_file_module/FE_OCPC383_write_data_26   0.000495    0.001385     0.00188   1.681e-07  HS65_LH_BFX27
datapath_module/alu_module/FE_OCPC977_read_data2_0  0.0007714    0.001103    0.001875   3.212e-07  HS65_LH_BFX49
datapath_module/alu_module/mul_44_34/g36542  0.0005304    0.001343    0.001874   9.776e-08  HS65_LHS_XNOR2X6
datapath_module/alu_module/mul_44_34/g36309_dup  0.0007483    0.001122     0.00187   3.066e-07  HS65_LH_NAND2AX29
datapath_module/alu_module/mul_44_34/g39317   0.001157   0.0007082    0.001865   3.172e-07  HS65_LH_XOR3X27
IFU_module/FE_OCPC811_FE_OFN41_n_9  0.0009145   0.0009339    0.001849   6.814e-07  HS65_LH_BFX106
datapath_module/alu_module/mul_44_34/g36613   0.001015   0.0008252    0.001841    3.95e-07  HS65_LH_AOI21X46
datapath_module/alu_module/mul_44_34/g36582  0.0005615    0.001262    0.001824   9.728e-08  HS65_LH_MUX21I1X6
datapath_module/alu_module/mul_44_34/FE_RC_922_0  0.0008573   0.0009642    0.001822   2.546e-07  HS65_LH_AND2X35
datapath_module/alu_module/mul_44_34/FE_RC_738_0   0.001404   0.0004171    0.001821   2.348e-07  HS65_LH_OAI21X49
datapath_module/alu_module/mul_44_34/g38427   0.001351   0.0004681     0.00182   5.624e-07  HS65_LH_XOR2X35
datapath_module/reg_file_module/FE_OFC63_n_1085   0.000351    0.001468    0.001819   4.145e-07  HS65_LH_BFX62
datapath_module/alu_module/FE_OFC164_read_data1_2  0.0005965    0.001213     0.00181   2.838e-07  HS65_LH_BFX44
datapath_module/alu_module/mul_44_34/FE_OCPC402_n_152  0.0005696    0.001232    0.001802   1.669e-07  HS65_LH_BFX27
datapath_module/alu_module/FE_OCPC379_n_429  0.0006804    0.001121    0.001801   1.161e-07  HS65_LH_BFX18
datapath_module/alu_module/FE_OCPC261_read_data1_1   0.000827   0.0009719    0.001799   4.034e-07  HS65_LH_BFX62
datapath_module/alu_module/mul_44_34/FE_OCPC270_n_799   0.001103   0.0006944    0.001798   4.123e-07  HS65_LH_BFX62
datapath_module/alu_module/mul_44_34/FE_RC_544_0  0.0008111   0.0009834    0.001795   5.928e-07  HS65_LH_NAND2X57
IFU_module/PC_reg[4]            0.001297   0.0004904    0.001788   3.859e-07  HS65_LHS_SDFPRQNX27
datapath_module/alu_module/mul_44_34/FE_RC_1304_0   0.001114   0.0006685    0.001783   4.617e-07  HS65_LH_XNOR2X27
datapath_module/reg_file_module/reg_memory_reg[22][21]1495   0.001782           0    0.001782   3.668e-07  HS65_LHS_SDFPQX27
datapath_module/alu_module/mul_44_34/g37055   0.001137   0.0006396    0.001777    3.24e-07  HS65_LH_XOR3X27
datapath_module/alu_module/g7548  0.0004788     0.00129    0.001769   1.271e-07  HS65_LH_OR2X18
datapath_module/alu_module/mul_44_34/FE_RC_919_0  0.0009813   0.0007833    0.001765   3.261e-07  HS65_LH_AOI12X35
datapath_module/alu_module/mul_44_34/FE_RC_1309_0   0.001064   0.0006985    0.001763   4.208e-07  HS65_LH_PAOI2X44
datapath_module/reg_file_module/FE_OFC5_scan_en  0.0001367    0.001623     0.00176   2.349e-07  HS65_LH_BFX35
datapath_module/reg_file_module/FE_OFC9_scan_en  0.0001368    0.001618    0.001755   2.349e-07  HS65_LH_BFX35
datapath_module/alu_module/mul_44_34/FE_OCPC348_read_data2_0  0.0009696   0.0007831    0.001753   4.065e-07  HS65_LH_BFX62
datapath_module/alu_module/mul_44_34/FE_OCPC379_FE_DBTN35_n_578  0.0009808   0.0007623    0.001743   3.355e-07  HS65_LH_BFX53
datapath_module/alu_module/FE_OCPC260_read_data2_5   0.000621    0.001114    0.001735   2.691e-07  HS65_LH_BFX40
datapath_module/alu_module/mul_44_34/g36533   0.001147   0.0005862    0.001734    4.59e-07  HS65_LH_XNOR2X27
datapath_module/alu_module/mul_44_34/FE_RC_1020_0  0.0009581   0.0007738    0.001732    4.36e-07  HS65_LH_OAI12X37
datapath_module/alu_module/mul_44_34/g36324  0.0008183   0.0009117     0.00173   2.986e-07  HS65_LH_NAND2AX29
datapath_module/alu_module/mul_44_34/FE_OCPC413_FE_DBTN39_read_data2_1  0.0008771   0.0008496    0.001727    3.39e-07  HS65_LH_BFX53
datapath_module/alu_module/mul_44_34/g38672   0.001005   0.0007197    0.001725   2.834e-07  HS65_LH_XNOR2X18
datapath_module/reg_file_module/g42554  0.0006697     0.00105    0.001721   5.323e-07  HS65_LH_NAND2X57
datapath_module/alu_module/mul_44_34/FE_OCPC377_FE_OFN66_read_data2_5  0.0007855   0.0009223    0.001708   3.382e-07  HS65_LH_BFX53
datapath_module/alu_module/FE_OFC395_FE_OCPN112_read_data2_0  0.0002941    0.001412    0.001706   1.154e-07  HS65_LH_BFX18
datapath_module/alu_module/mul_44_34/g38474  0.0007182   0.0009793    0.001698   1.391e-07  HS65_LH_XNOR2X4
datapath_module/reg_file_module/reg_memory_reg[20][31]1377   0.001685           0    0.001685   3.668e-07  HS65_LHS_SDFPQX27
datapath_module/reg_file_module/reg_memory_reg[5][30]416   0.001681           0    0.001681   3.668e-07  HS65_LHS_SDFPQX27
datapath_module/alu_module/mul_44_34/g36534  0.0007818   0.0008993    0.001681   1.615e-07  HS65_LH_NAND2X57
datapath_module/reg_file_module/g42539  0.0004596     0.00122     0.00168   5.917e-07  HS65_LH_NAND2X57
datapath_module/reg_file_module/FE_USKC951_CTS_8   0.001011   0.0006632    0.001674   1.154e-07  HS65_LH_BFX18
datapath_module/reg_file_module/FE_RC_290_0   0.001027   0.0006452    0.001672   5.519e-07  HS65_LH_NOR3X35
datapath_module/reg_file_module/g42551  0.0005817    0.001089    0.001671   5.572e-07  HS65_LH_NAND2X57
datapath_module/alu_module/mul_44_34/FE_RC_960_0  0.0009516    0.000716    0.001668   4.483e-07  HS65_LH_AOI21X46
datapath_module/alu_module/mul_44_34/FE_RC_670_0   0.001093   0.0005733    0.001666   4.588e-07  HS65_LH_XNOR2X27
datapath_module/reg_file_module/reg_memory_reg[15][22]1048   0.001663           0    0.001663   3.668e-07  HS65_LHS_SDFPQX27
datapath_module/alu_module/FE_OFC71_write_data_24  0.0003637    0.001299    0.001663   2.581e-07  HS65_LH_IVX53
datapath_module/reg_file_module/reg_memory_reg[15][21]1047   0.001662           0    0.001663   3.668e-07  HS65_LHS_SDFPQX27
datapath_module/alu_module/mul_44_34/g36453   0.001152   0.0005095    0.001662   5.088e-07  HS65_LH_OAI12X37
datapath_module/alu_module/mul_44_34/FE_RC_1306_0   0.000587     0.00107    0.001657   2.361e-07  HS65_LH_OAI21X24
datapath_module/reg_file_module/reg_memory_reg[12][3]837   0.001323   0.0003336    0.001657   3.161e-07  HS65_LH_SDFPRQTX9
datapath_module/reg_file_module/reg_memory_reg[14][22]984   0.001652           0    0.001653   3.668e-07  HS65_LHS_SDFPQX27
datapath_module/alu_module/mul_44_34/FE_RC_939_0  0.0009398   0.0007111    0.001651   2.248e-07  HS65_LH_OAI22X22
datapath_module/alu_module/mul_44_34/g37113  0.0007803   0.0008696     0.00165   3.425e-07  HS65_LH_AOI21X35
datapath_module/alu_module/FE_RC_973_0   0.001279   0.0003696    0.001649   3.483e-07  HS65_LH_AOI21X35
datapath_module/alu_module/g7455  0.0002435    0.001404    0.001648   5.097e-08  HS65_LH_OAI12X5
datapath_module/alu_module/mul_44_34/g37184  0.0005618    0.001085    0.001647   2.276e-07  HS65_LH_NAND2AX21
datapath_module/reg_file_module/g42553  0.0005768    0.001057    0.001635   3.824e-07  HS65_LH_NAND2X43
datapath_module/reg_file_module/reg_memory_reg[20][30]1376   0.001627           0    0.001627   3.667e-07  HS65_LHS_SDFPQX27
datapath_module/reg_file_module/reg_memory_reg[5][5]391   0.001302   0.0003229    0.001625   3.186e-07  HS65_LH_SDFPRQTX9
datapath_module/reg_file_module/reg_memory_reg[8][31]609   0.001618           0    0.001619   3.668e-07  HS65_LHS_SDFPQX27
datapath_module/alu_module/mul_44_34/FE_RC_1046_0  0.0008026   0.0008143    0.001617   1.446e-07  HS65_LH_OAI21X12
datapath_module/reg_file_module/g7376  0.0001989    0.001418    0.001617   2.415e-07  HS65_LH_OR2ABX35
datapath_module/alu_module/mul_44_34/g36589  0.0005946    0.001021    0.001616    2.45e-07  HS65_LH_NOR2X25
datapath_module/alu_module/mul_44_34/FE_RC_892_0    0.00048    0.001134    0.001614   1.154e-07  HS65_LH_OAI21X12
datapath_module/alu_module/mul_44_34/FE_RC_1190_0    0.00095   0.0006619    0.001612   3.451e-07  HS65_LH_AOI21X35
datapath_module/alu_module/mul_44_34/FE_RC_581_0   0.001162   0.0004465    0.001609   4.593e-07  HS65_LH_XNOR2X27
datapath_module/reg_file_module/FE_OFC3_scan_en  0.0001103    0.001498    0.001608    1.66e-07  HS65_LH_BFX27
datapath_module/alu_module/mul_44_34/FE_RC_963_0  0.0007281    0.000879    0.001607   1.509e-07  HS65_LH_OAI21X12
datapath_module/alu_module/mul_44_34/FE_OCPC414_FE_DBTN39_read_data2_1  0.0007531   0.0008499    0.001603   2.882e-07  HS65_LH_BFX44
datapath_module/reg_file_module/reg_memory_reg[21][26]1436   0.001594           0    0.001594    4.09e-07  HS65_LHS_SDFPQX35
datapath_module/alu_module/mul_44_34/FE_OCPC480_n_1407  0.0008634   0.0007293    0.001593   2.206e-07  HS65_LH_BFX31
datapath_module/reg_file_module/reg_memory_reg[30][21]2007    0.00159           0     0.00159   3.252e-07  HS65_LHS_SDFPQX18
datapath_module/alu_module/mul_44_34/FE_RC_664_0  0.0008577   0.0007307    0.001589   2.494e-07  HS65_LH_OAI21X24
datapath_module/alu_module/mul_44_34/FE_RC_668_0  0.0008664   0.0007178    0.001584   2.127e-07  HS65_LH_PAO2X27
datapath_module/reg_file_module/reg_memory_reg[20][29]1375   0.001576           0    0.001577   3.667e-07  HS65_LHS_SDFPQX27
datapath_module/reg_file_module/g43329  0.0004599    0.001114    0.001574   2.595e-07  HS65_LH_AND2X35
datapath_module/alu_module/mul_44_34/g36379_dup  0.0009674   0.0006044    0.001572   2.825e-07  HS65_LH_XNOR2X18
datapath_module/alu_module/mul_44_34/FE_OCPC587_n_187  0.0008111   0.0007583     0.00157   1.676e-07  HS65_LH_BFX27
datapath_module/reg_file_module/reg_memory_reg[12][23]857   0.001367   0.0001978    0.001565   3.166e-07  HS65_LH_SDFPRQTX9
datapath_module/reg_file_module/reg_memory_reg[15][23]1049   0.001563           0    0.001564   3.252e-07  HS65_LHS_SDFPQX18
datapath_module/reg_file_module/reg_memory_reg[7][19]533   0.001561           0    0.001561   3.252e-07  HS65_LHS_SDFPQX18
datapath_module/alu_module/mul_44_34/FE_PSC1069_FE_RN_40  0.0008322   0.0007234    0.001556   3.229e-07  HS65_LH_BFX49
datapath_module/reg_file_module/reg_memory_reg[12][30]864   0.001554           0    0.001555   3.668e-07  HS65_LHS_SDFPQX27
datapath_module/alu_module/mul_44_34/FE_OCPC856_n_1591  0.0003722     0.00118    0.001553   9.921e-08  HS65_LH_BFX13
IFU_module/PC_reg[3]            0.001179   0.0003723    0.001552   3.859e-07  HS65_LHS_SDFPRQNX27
datapath_module/alu_module/mul_44_34/g36497  0.0008974   0.0006424    0.001541   8.532e-07  HS65_LHS1_FA1X35
datapath_module/alu_module/mul_44_34/FE_OCPC272_FE_OFN66_read_data2_5   0.001052   0.0004854    0.001538   4.604e-07  HS65_LH_BFX71
datapath_module/reg_file_module/reg_memory_reg[28][31]1889   0.001537           0    0.001538   3.668e-07  HS65_LHS_SDFPQX27
datapath_module/reg_file_module/reg_memory_reg[25][22]1688   0.001526           0    0.001527   3.668e-07  HS65_LHS_SDFPQX27
datapath_module/reg_file_module/FE_OFC10_scan_en  0.0001101    0.001415    0.001526    1.66e-07  HS65_LH_BFX27
datapath_module/reg_file_module/reg_memory_reg[21][6]1416   0.001438    8.75e-05    0.001525   3.178e-07  HS65_LH_SDFPRQTX9
datapath_module/alu_module/mul_44_34/g36743  0.0004706    0.001051    0.001521   1.239e-07  HS65_LH_IVX27
datapath_module/reg_file_module/reg_memory_reg[16][21]1111   0.001513           0    0.001513   3.668e-07  HS65_LHS_SDFPQX27
datapath_module/reg_file_module/reg_memory_reg[12][29]863   0.001511           0    0.001511   3.668e-07  HS65_LHS_SDFPQX27
datapath_module/alu_module/sub_35_34/g27107   0.000886   0.0006227    0.001509    1.85e-07  HS65_LH_AOI112X13
datapath_module/reg_file_module/reg_memory_reg[26][22]1752   0.001506           0    0.001507   3.668e-07  HS65_LHS_SDFPQX27
datapath_module/reg_file_module/reg_memory_reg[13][26]924   0.001505           0    0.001505   4.089e-07  HS65_LHS_SDFPQX35
datapath_module/reg_file_module/reg_memory_reg[5][26]412   0.001503           0    0.001503   4.089e-07  HS65_LHS_SDFPQX35
datapath_module/reg_file_module/reg_memory_reg[18][24]1242   0.001502           0    0.001502   3.668e-07  HS65_LHS_SDFPQX27
datapath_module/reg_file_module/reg_memory_reg[20][28]1374   0.001496           0    0.001497   3.665e-07  HS65_LHS_SDFPQX27
datapath_module/alu_module/mul_44_34/FE_OCPC215_read_data2_0  0.0002578    0.001237    0.001495    2.08e-07  HS65_LH_IVX44
datapath_module/reg_file_module/reg_memory_reg[17][5]1159   0.001133   0.0003565     0.00149   3.185e-07  HS65_LH_SDFPRQTX9
datapath_module/alu_module/mul_44_34/FE_OCPC327_FE_RN_168_0  0.0004453    0.001044     0.00149   2.315e-07  HS65_LH_BFX35
datapath_module/alu_module/mul_44_34/FE_RC_484_0  0.0006932     0.00079    0.001483    3.15e-07  HS65_LH_AND2X35
datapath_module/alu_module/mul_44_34/g36779  0.0008087   0.0006693    0.001478   1.568e-07  HS65_LH_NAND2X43
datapath_module/alu_module/mul_44_34/FE_RC_821_0  0.0007801   0.0006943    0.001475   2.821e-07  HS65_LH_OAI21X24
datapath_module/reg_file_module/reg_memory_reg[29][0]1922    0.00147           0     0.00147   2.882e-07  HS65_LH_SDFPHQX4
datapath_module/alu_module/mul_44_34/FE_RC_413_0  0.0007693   0.0006985    0.001468   5.005e-07  HS65_LH_IVX106
datapath_module/alu_module/mul_44_34/FE_RC_739_0  0.0007041   0.0007637    0.001468   4.428e-07  HS65_LH_OAI21X37
datapath_module/alu_module/mul_44_34/FE_OCPC310_n_935   0.001003   0.0004611    0.001465   4.115e-07  HS65_LH_BFX62
FE_OFC6_scan_en                0.0001098    0.001352    0.001462    1.66e-07  HS65_LH_BFX27
datapath_module/alu_module/mul_44_34/FE_RC_51_0  0.0004918   0.0009679     0.00146   2.448e-07  HS65_LH_NOR2X50
datapath_module/alu_module/mul_44_34/FE_RC_885_0    0.00105   0.0004087    0.001459    2.23e-07  HS65_LH_AOI22X22
datapath_module/reg_file_module/FE_OFC7_scan_en  0.0001099    0.001345    0.001455    1.66e-07  HS65_LH_BFX27
datapath_module/reg_file_module/g43370  0.0004616   0.0009924    0.001454   2.595e-07  HS65_LH_AND2X35
datapath_module/reg_file_module/reg_memory_reg[25][21]1687   0.001453           0    0.001454   3.253e-07  HS65_LHS_SDFPQX18
datapath_module/reg_file_module/reg_memory_reg[21][21]1431   0.001453           0    0.001453   2.477e-07  HS65_LH_SDFPQX9
datapath_module/alu_module/mul_44_34/FE_RC_67_0  0.0002665    0.001185    0.001451   1.631e-07  HS65_LH_IVX35
datapath_module/reg_file_module/FE_OFC295_n_1086  5.697e-05    0.001394    0.001451   8.195e-08  HS65_LH_IVX18
datapath_module/reg_file_module/FE_OFC8_scan_en  0.0001098     0.00134     0.00145    1.66e-07  HS65_LH_BFX27
datapath_module/reg_file_module/reg_memory_reg[23][25]1563    0.00145           0     0.00145   2.477e-07  HS65_LH_SDFPQX9
datapath_module/reg_file_module/reg_memory_reg[13][30]928   0.001449           0     0.00145   3.668e-07  HS65_LHS_SDFPQX27
datapath_module/reg_file_module/reg_memory_reg[23][0]1538   0.001447           0    0.001448   2.897e-07  HS65_LH_SDFPHQX4
datapath_module/reg_file_module/reg_memory_reg[12][28]862   0.001441           0    0.001441   3.666e-07  HS65_LHS_SDFPQX27
datapath_module/reg_file_module/reg_memory_reg[21][22]1432    0.00144           0     0.00144   2.477e-07  HS65_LH_SDFPQX9
datapath_module/reg_file_module/reg_memory_reg[23][26]1564   0.001439           0    0.001439   2.477e-07  HS65_LH_SDFPQX9
datapath_module/alu_module/mul_44_34/FE_RC_581_0_dup   0.001162   0.0002767    0.001439   4.593e-07  HS65_LH_XNOR2X27
datapath_module/alu_module/mul_44_34/g36621  0.0005504   0.0008884    0.001439   9.666e-08  HS65_LH_MUX21I1X6
datapath_module/reg_file_module/reg_memory_reg[5][6]392   0.001375   6.266e-05    0.001438   3.183e-07  HS65_LH_SDFPRQTX9
datapath_module/reg_file_module/reg_memory_reg[21][0]1410   0.001438           0    0.001438   2.886e-07  HS65_LH_SDFPHQX4
datapath_module/reg_file_module/reg_memory_reg[23][9]1547   0.001434           0    0.001435   2.477e-07  HS65_LH_SDFPQX9
datapath_module/reg_file_module/reg_memory_reg[26][21]1751   0.001433           0    0.001434   3.253e-07  HS65_LHS_SDFPQX18
datapath_module/alu_module/mul_44_34/FE_OFC114_read_data2_5  0.0002504    0.001182    0.001433   2.102e-07  HS65_LH_IVX44
datapath_module/alu_module/mul_44_34/FE_RC_665_0  0.0005516   0.0008786     0.00143   2.611e-07  HS65_LH_NAND2X29
datapath_module/alu_module/mul_44_34/FE_OCPC578_n_28  0.0005512   0.0008788     0.00143   6.224e-08  HS65_LH_BFX9
datapath_module/reg_file_module/reg_memory_reg[21][23]1433   0.001429           0     0.00143   2.477e-07  HS65_LH_SDFPQX9
datapath_module/alu_module/mul_44_34/g36583    0.00088   0.0005489    0.001429   1.817e-07  HS65_LH_MUX21I1X12
datapath_module/reg_file_module/reg_memory_reg[23][28]1566   0.001428           0    0.001428   2.477e-07  HS65_LH_SDFPQX9
datapath_module/reg_file_module/reg_memory_reg[17][22]1176   0.001427           0    0.001427   3.667e-07  HS65_LHS_SDFPQX27
datapath_module/reg_file_module/reg_memory_reg[26][5]1735   0.001247   0.0001791    0.001426   3.163e-07  HS65_LH_SDFPRQTX9
datapath_module/reg_file_module/FE_OFC12_scan_en  0.0001098    0.001316    0.001426    1.66e-07  HS65_LH_BFX27
datapath_module/reg_file_module/reg_memory_reg[23][30]1568   0.001426           0    0.001426   2.477e-07  HS65_LH_SDFPQX9
datapath_module/reg_file_module/reg_memory_reg[23][29]1567   0.001426           0    0.001426   2.477e-07  HS65_LH_SDFPQX9
datapath_module/reg_file_module/reg_memory_reg[21][20]1430   0.001425           0    0.001425   2.477e-07  HS65_LH_SDFPQX9
datapath_module/alu_module/mul_44_34/FE_RC_964_0  0.0006072   0.0008175    0.001425   4.428e-07  HS65_LH_NAND2X43
datapath_module/reg_file_module/reg_memory_reg[22][20]1494   0.001422           0    0.001423   2.478e-07  HS65_LH_SDFPQX9
datapath_module/reg_file_module/reg_memory_reg[23][21]1559   0.001422           0    0.001422   2.477e-07  HS65_LH_SDFPQX9
datapath_module/reg_file_module/reg_memory_reg[23][22]1560   0.001421           0    0.001422   2.477e-07  HS65_LH_SDFPQX9
datapath_module/reg_file_module/reg_memory_reg[23][23]1561   0.001421           0    0.001421   2.477e-07  HS65_LH_SDFPQX9
datapath_module/reg_file_module/reg_memory_reg[16][23]1113    0.00142           0     0.00142   3.253e-07  HS65_LHS_SDFPQX18
datapath_module/reg_file_module/reg_memory_reg[23][11]1549   0.001419           0     0.00142   2.477e-07  HS65_LH_SDFPQX9
datapath_module/reg_file_module/reg_memory_reg[23][20]1558   0.001419           0    0.001419   2.477e-07  HS65_LH_SDFPQX9
datapath_module/reg_file_module/reg_memory_reg[23][19]1557   0.001418           0    0.001419   2.477e-07  HS65_LH_SDFPQX9
datapath_module/alu_module/mul_44_34/FE_RC_1259_0    0.00112   0.0002958    0.001416   4.837e-07  HS65_LH_MUXI21X30
datapath_module/alu_module/g7330  0.0007088   0.0007071    0.001416   2.193e-07  HS65_LH_AO12X27
datapath_module/reg_file_module/reg_memory_reg[23][18]1556   0.001416           0    0.001416   2.477e-07  HS65_LH_SDFPQX9
datapath_module/reg_file_module/reg_memory_reg[23][17]1555   0.001416           0    0.001416   2.477e-07  HS65_LH_SDFPQX9
datapath_module/reg_file_module/reg_memory_reg[21][19]1429   0.001415           0    0.001415   2.477e-07  HS65_LH_SDFPQX9
datapath_module/reg_file_module/reg_memory_reg[13][21]919   0.001415           0    0.001415   2.477e-07  HS65_LH_SDFPQX9
datapath_module/reg_file_module/reg_memory_reg[23][13]1551   0.001413           0    0.001414   2.477e-07  HS65_LH_SDFPQX9
datapath_module/reg_file_module/reg_memory_reg[31][0]2050   0.001413           0    0.001413   2.901e-07  HS65_LH_SDFPHQX4
datapath_module/reg_file_module/reg_memory_reg[24][22]1624   0.001413           0    0.001413   3.254e-07  HS65_LHS_SDFPQX18
datapath_module/reg_file_module/reg_memory_reg[21][17]1427   0.001411           0    0.001411   2.477e-07  HS65_LH_SDFPQX9
datapath_module/reg_file_module/reg_memory_reg[23][16]1554    0.00141           0    0.001411   2.477e-07  HS65_LH_SDFPQX9
datapath_module/reg_file_module/reg_memory_reg[19][6]1288   0.001361   4.866e-05     0.00141    3.18e-07  HS65_LH_SDFPRQTX9
datapath_module/reg_file_module/reg_memory_reg[13][19]917   0.001409           0    0.001409   2.477e-07  HS65_LH_SDFPQX9
datapath_module/reg_file_module/reg_memory_reg[13][20]918   0.001409           0    0.001409   2.477e-07  HS65_LH_SDFPQX9
datapath_module/reg_file_module/reg_memory_reg[28][5]1863   0.001352   5.652e-05    0.001409   3.173e-07  HS65_LH_SDFPRQTX9
datapath_module/reg_file_module/reg_memory_reg[22][19]1493   0.001408           0    0.001408   2.478e-07  HS65_LH_SDFPQX9
datapath_module/reg_file_module/reg_memory_reg[29][28]1950   0.001408           0    0.001408   2.477e-07  HS65_LH_SDFPQX9
datapath_module/alu_module/FE_OCPC671_read_data1_4  0.0003026    0.001104    0.001407   1.651e-07  HS65_LH_BFX27
datapath_module/reg_file_module/reg_memory_reg[23][15]1553   0.001405           0    0.001406   2.477e-07  HS65_LH_SDFPQX9
datapath_module/reg_file_module/reg_memory_reg[22][4]1478   0.001405           0    0.001406   2.335e-07  HS65_LH_SDFPQX4
datapath_module/alu_module/mul_44_34/FE_OCPC714_FE_RN_38  0.0006165   0.0007889    0.001406   1.646e-07  HS65_LH_BFX27
datapath_module/reg_file_module/reg_memory_reg[21][16]1426   0.001405           0    0.001405   2.477e-07  HS65_LH_SDFPQX9
datapath_module/reg_file_module/reg_memory_reg[20][13]1359   0.001405           0    0.001405   2.478e-07  HS65_LH_SDFPQX9
datapath_module/reg_file_module/reg_memory_reg[13][17]915   0.001405           0    0.001405   2.477e-07  HS65_LH_SDFPQX9
datapath_module/alu_module/mul_44_34/FE_RC_650_0   0.000515    0.000888    0.001403   3.849e-07  HS65_LH_NOR2X38
datapath_module/reg_file_module/reg_memory_reg[20][21]1367   0.001402           0    0.001403   2.477e-07  HS65_LH_SDFPQX9
datapath_module/reg_file_module/reg_memory_reg[18][28]1246   0.001401           0    0.001401   3.668e-07  HS65_LHS_SDFPQX27
datapath_module/reg_file_module/FE_USKC947_CTS_9   0.001017   0.0003827      0.0014   1.154e-07  HS65_LH_BFX18
datapath_module/reg_file_module/reg_memory_reg[3][6]264   0.001338   6.185e-05      0.0014   3.177e-07  HS65_LH_SDFPRQTX9
datapath_module/alu_module/g7348  0.0005745   0.0008248    0.001399    7.75e-08  HS65_LH_AO12X9
datapath_module/reg_file_module/reg_memory_reg[21][15]1425   0.001399           0    0.001399   2.477e-07  HS65_LH_SDFPQX9
datapath_module/reg_file_module/reg_memory_reg[30][25]2011   0.001397           0    0.001398   2.477e-07  HS65_LH_SDFPQX9
datapath_module/reg_file_module/reg_memory_reg[28][23]1881   0.001356   4.089e-05    0.001397   3.178e-07  HS65_LH_SDFPRQTX9
datapath_module/reg_file_module/reg_memory_reg[21][13]1423   0.001397           0    0.001397   2.477e-07  HS65_LH_SDFPQX9
datapath_module/alu_module/mul_44_34/FE_RC_566_0  0.0007871   0.0006085    0.001396   1.806e-07  HS65_LH_OAI21X18
datapath_module/reg_file_module/reg_memory_reg[4][30]352   0.001394           0    0.001395   3.668e-07  HS65_LHS_SDFPQX27
datapath_module/alu_module/mul_44_34/FE_PSC1042_FE_DBTN39_read_data2_1  0.0008761   0.0005171    0.001394    3.39e-07  HS65_LH_BFX53
datapath_module/reg_file_module/reg_memory_reg[20][22]1368   0.001392           0    0.001392   2.477e-07  HS65_LH_SDFPQX9
datapath_module/reg_file_module/reg_memory_reg[23][4]1542   0.001392           0    0.001392   2.334e-07  HS65_LH_SDFPQX4
datapath_module/reg_file_module/reg_memory_reg[13][22]920   0.001391           0    0.001392   2.477e-07  HS65_LH_SDFPQX9
datapath_module/reg_file_module/reg_memory_reg[13][13]911    0.00139           0     0.00139   2.477e-07  HS65_LH_SDFPQX9
datapath_module/reg_file_module/reg_memory_reg[21][25]1435   0.001388           0    0.001388   2.334e-07  HS65_LH_SDFPQX4
datapath_module/alu_module/mul_44_34/FE_OCPC453_FE_OFN66_read_data2_5  0.0004249   0.0009608    0.001386   1.668e-07  HS65_LH_BFX27
datapath_module/reg_file_module/reg_memory_reg[11][23]793   0.001384           0    0.001385   3.252e-07  HS65_LHS_SDFPQX18
datapath_module/reg_file_module/reg_memory_reg[20][23]1369   0.001383           0    0.001383   2.477e-07  HS65_LH_SDFPQX9
datapath_module/reg_file_module/reg_memory_reg[21][30]1440   0.001383           0    0.001383   2.476e-07  HS65_LH_SDFPQX9
datapath_module/reg_file_module/reg_memory_reg[30][28]2014    0.00138           0    0.001381   2.477e-07  HS65_LH_SDFPQX9
datapath_module/alu_module/mul_44_34/FE_RC_1277_0  0.0009274    0.000452    0.001379   1.383e-07  HS65_LH_MX41X7
datapath_module/reg_file_module/reg_memory_reg[30][30]2016   0.001378           0    0.001379   2.477e-07  HS65_LH_SDFPQX9
datapath_module/reg_file_module/reg_memory_reg[30][29]2015   0.001378           0    0.001379   2.477e-07  HS65_LH_SDFPQX9
datapath_module/reg_file_module/reg_memory_reg[26][6]1736   0.001271   0.0001066    0.001378   3.167e-07  HS65_LH_SDFPRQTX9
datapath_module/reg_file_module/reg_memory_reg[15][25]1051   0.001378           0    0.001378   2.477e-07  HS65_LH_SDFPQX9
datapath_module/reg_file_module/reg_memory_reg[20][20]1366   0.001377           0    0.001378   2.478e-07  HS65_LH_SDFPQX9
datapath_module/reg_file_module/reg_memory_reg[7][25]539   0.001377           0    0.001377   2.477e-07  HS65_LH_SDFPQX9
datapath_module/reg_file_module/reg_memory_reg[30][22]2008   0.001375           0    0.001376   2.477e-07  HS65_LH_SDFPQX9
datapath_module/reg_file_module/reg_memory_reg[30][23]2009   0.001374           0    0.001374   2.477e-07  HS65_LH_SDFPQX9
datapath_module/reg_file_module/reg_memory_reg[23][8]1546   0.001374           0    0.001374   2.334e-07  HS65_LH_SDFPQX4
datapath_module/reg_file_module/reg_memory_reg[22][3]1477   0.001373           0    0.001374   2.335e-07  HS65_LH_SDFPQX4
datapath_module/reg_file_module/reg_memory_reg[30][20]2006   0.001373           0    0.001373   2.477e-07  HS65_LH_SDFPQX9
datapath_module/reg_file_module/reg_memory_reg[20][27]1373   0.001373           0    0.001373   3.661e-07  HS65_LHS_SDFPQX27
datapath_module/reg_file_module/reg_memory_reg[30][19]2005   0.001373           0    0.001373   2.477e-07  HS65_LH_SDFPQX9
datapath_module/reg_file_module/reg_memory_reg[22][29]1503   0.001372           0    0.001373   2.477e-07  HS65_LH_SDFPQX9
datapath_module/alu_module/mul_44_34/g36514  0.0001519     0.00122    0.001372   8.153e-08  HS65_LH_IVX18
datapath_module/reg_file_module/reg_memory_reg[28][4]1862   0.001372           0    0.001372   2.335e-07  HS65_LH_SDFPQX4
datapath_module/reg_file_module/reg_memory_reg[23][27]1565   0.001371           0    0.001371   2.334e-07  HS65_LH_SDFPQX4
datapath_module/alu_module/mul_44_34/g36851  0.0008459   0.0005249    0.001371   2.132e-07  HS65_LH_NOR2X25
datapath_module/reg_file_module/reg_memory_reg[23][2]1540   0.001371           0    0.001371   2.473e-07  HS65_LH_SDFPQX9
datapath_module/reg_file_module/reg_memory_reg[30][17]2003    0.00137           0     0.00137   2.477e-07  HS65_LH_SDFPQX9
datapath_module/reg_file_module/reg_memory_reg[22][28]1502    0.00137           0     0.00137   2.477e-07  HS65_LH_SDFPQX9
datapath_module/reg_file_module/reg_memory_reg[14][21]983   0.001368           0    0.001368   2.477e-07  HS65_LH_SDFPQX9
datapath_module/reg_file_module/reg_memory_reg[23][7]1545   0.001368           0    0.001368   2.333e-07  HS65_LH_SDFPQX4
datapath_module/reg_file_module/reg_memory_reg[21][24]1434   0.001367           0    0.001367   2.334e-07  HS65_LH_SDFPQX4
datapath_module/alu_module/mul_44_34/FE_OCPC457_n_679  0.0007666   0.0006004    0.001367   2.325e-07  HS65_LH_BFX35
datapath_module/reg_file_module/reg_memory_reg[23][10]1548   0.001367           0    0.001367   2.335e-07  HS65_LH_SDFPQX4
datapath_module/alu_module/mul_44_34/g36512  0.0007245   0.0006418    0.001367   4.367e-07  HS65_LH_OAI12X49
datapath_module/reg_file_module/reg_memory_reg[30][16]2002   0.001366           0    0.001366   2.477e-07  HS65_LH_SDFPQX9
datapath_module/alu_module/mul_44_34/FE_OFC113_read_data2_5  0.0004242   0.0009417    0.001366   1.652e-07  HS65_LH_BFX27
datapath_module/alu_module/sll_42_34/FE_RC_1458_0  0.0007712   0.0005944    0.001366   2.982e-07  HS65_LH_AND3X27
datapath_module/alu_module/mul_44_34/FE_RC_967_0  0.0007733   0.0005916    0.001365   1.914e-07  HS65_LH_AOI22X17
datapath_module/reg_file_module/reg_memory_reg[23][24]1562   0.001365           0    0.001365   2.334e-07  HS65_LH_SDFPQX4
datapath_module/reg_file_module/reg_memory_reg[18][26]1244   0.001364           0    0.001364   4.088e-07  HS65_LHS_SDFPQX35
datapath_module/alu_module/sub_35_34/g2  0.0007017   0.0006611    0.001363   2.308e-07  HS65_LH_NAND2AX29
datapath_module/reg_file_module/reg_memory_reg[15][28]1054   0.001363           0    0.001363   2.477e-07  HS65_LH_SDFPQX9
datapath_module/reg_file_module/reg_memory_reg[23][31]1569   0.001363           0    0.001363   2.334e-07  HS65_LH_SDFPQX4
datapath_module/reg_file_module/reg_memory_reg[7][28]542   0.001362           0    0.001362   2.477e-07  HS65_LH_SDFPQX9
datapath_module/reg_file_module/reg_memory_reg[30][13]1999   0.001362           0    0.001362   2.477e-07  HS65_LH_SDFPQX9
datapath_module/reg_file_module/reg_memory_reg[30][15]2001   0.001362           0    0.001362   2.477e-07  HS65_LH_SDFPQX9
datapath_module/alu_module/mul_44_34/g37043  0.0007251   0.0006361    0.001361   2.142e-07  HS65_LH_NAND2AX21
datapath_module/reg_file_module/reg_memory_reg[15][29]1055   0.001361           0    0.001361   2.477e-07  HS65_LH_SDFPQX9
datapath_module/reg_file_module/reg_memory_reg[15][30]1056   0.001361           0    0.001361   2.477e-07  HS65_LH_SDFPQX9
datapath_module/reg_file_module/reg_memory_reg[15][9]1035   0.001361           0    0.001361   2.477e-07  HS65_LH_SDFPQX9
datapath_module/reg_file_module/reg_memory_reg[7][29]543    0.00136           0    0.001361   2.477e-07  HS65_LH_SDFPQX9
datapath_module/reg_file_module/reg_memory_reg[7][30]544    0.00136           0     0.00136   2.477e-07  HS65_LH_SDFPQX9
datapath_module/reg_file_module/reg_memory_reg[13][11]909    0.00136           0     0.00136   2.478e-07  HS65_LH_SDFPQX9
datapath_module/reg_file_module/reg_memory_reg[23][3]1541   0.001359           0     0.00136   2.333e-07  HS65_LH_SDFPQX4
datapath_module/reg_file_module/reg_memory_reg[14][20]982   0.001359           0    0.001359   2.477e-07  HS65_LH_SDFPQX9
datapath_module/reg_file_module/reg_memory_reg[7][22]536   0.001358           0    0.001358   2.477e-07  HS65_LH_SDFPQX9
datapath_module/reg_file_module/reg_memory_reg[14][19]981   0.001358           0    0.001358   2.477e-07  HS65_LH_SDFPQX9
datapath_module/reg_file_module/reg_memory_reg[15][10]1036   0.001357           0    0.001358   2.477e-07  HS65_LH_SDFPQX9
datapath_module/reg_file_module/reg_memory_reg[7][21]535   0.001357           0    0.001358   2.477e-07  HS65_LH_SDFPQX9
datapath_module/reg_file_module/reg_memory_reg[3][26]284   0.001357           0    0.001357   4.088e-07  HS65_LHS_SDFPQX35
datapath_module/reg_file_module/reg_memory_reg[7][23]537   0.001357           0    0.001357   2.477e-07  HS65_LH_SDFPQX9
datapath_module/reg_file_module/reg_memory_reg[23][12]1550   0.001357           0    0.001357   2.334e-07  HS65_LH_SDFPQX4
datapath_module/alu_module/mul_44_34/FE_RC_1336_0  0.0006442   0.0007122    0.001357   1.397e-07  HS65_LH_OAI21X12
datapath_module/alu_module/mul_44_34/g36678  0.0005563   0.0007993    0.001356   2.113e-07  HS65_LHS1_HA1X8
datapath_module/reg_file_module/reg_memory_reg[7][20]534   0.001355           0    0.001356   2.477e-07  HS65_LH_SDFPQX9
datapath_module/reg_file_module/reg_memory_reg[15][20]1046   0.001354           0    0.001355   2.477e-07  HS65_LH_SDFPQX9
datapath_module/alu_module/mul_44_34/g36550  0.0004978   0.0008563    0.001354   7.566e-08  HS65_LH_NAND2AX7
datapath_module/reg_file_module/reg_memory_reg[23][6]1544   0.001353           0    0.001353   2.329e-07  HS65_LH_SDFPQX4
datapath_module/reg_file_module/reg_memory_reg[21][18]1428   0.001353           0    0.001353   2.334e-07  HS65_LH_SDFPQX4
datapath_module/reg_file_module/reg_memory_reg[7][18]532   0.001353           0    0.001353   2.477e-07  HS65_LH_SDFPQX9
datapath_module/reg_file_module/reg_memory_reg[29][29]1951   0.001353           0    0.001353   2.334e-07  HS65_LH_SDFPQX4
datapath_module/reg_file_module/reg_memory_reg[15][19]1045   0.001353           0    0.001353   2.477e-07  HS65_LH_SDFPQX9
datapath_module/reg_file_module/reg_memory_reg[7][17]531   0.001352           0    0.001352   2.477e-07  HS65_LH_SDFPQX9
datapath_module/reg_file_module/reg_memory_reg[20][11]1357   0.001351           0    0.001352   2.478e-07  HS65_LH_SDFPQX9
datapath_module/reg_file_module/reg_memory_reg[30][11]1997   0.001351           0    0.001351   2.477e-07  HS65_LH_SDFPQX9
datapath_module/reg_file_module/reg_memory_reg[23][14]1552   0.001349           0    0.001349   2.334e-07  HS65_LH_SDFPQX4
datapath_module/reg_file_module/reg_memory_reg[10][5]711   0.001139   0.0002098    0.001349   3.148e-07  HS65_LH_SDFPRQTX9
datapath_module/reg_file_module/reg_memory_reg[18][27]1245   0.001348           0    0.001349   3.668e-07  HS65_LHS_SDFPQX27
datapath_module/alu_module/mul_44_34/g37025   0.000733   0.0006141    0.001347   3.569e-07  HS65_LH_BDECNX20
datapath_module/reg_file_module/reg_memory_reg[7][16]530   0.001347           0    0.001347   2.477e-07  HS65_LH_SDFPQX9
datapath_module/reg_file_module/reg_memory_reg[14][17]979   0.001346           0    0.001347   2.477e-07  HS65_LH_SDFPQX9
datapath_module/alu_module/mul_44_34/g37354  0.0004836   0.0008617    0.001346    2.75e-07  HS65_LH_NAND2X29
datapath_module/reg_file_module/reg_memory_reg[13][18]916   0.001345           0    0.001345   2.335e-07  HS65_LH_SDFPQX4
datapath_module/reg_file_module/reg_memory_reg[14][25]987   0.001344           0    0.001344   2.477e-07  HS65_LH_SDFPQX9
datapath_module/reg_file_module/reg_memory_reg[24][31]1633   0.001343           0    0.001343   3.668e-07  HS65_LHS_SDFPQX27
datapath_module/alu_module/mul_44_34/g36806  0.0008116   0.0005312    0.001343   2.386e-07  HS65_LH_OA12X27
datapath_module/reg_file_module/reg_memory_reg[15][17]1043   0.001343           0    0.001343   2.477e-07  HS65_LH_SDFPQX9
datapath_module/alu_module/mul_44_34/FE_OCPC419_n_141  0.0003322     0.00101    0.001343   1.141e-07  HS65_LH_BFX18
datapath_module/reg_file_module/reg_memory_reg[22][25]1499   0.001341           0    0.001342   2.476e-07  HS65_LH_SDFPQX9
datapath_module/reg_file_module/reg_memory_reg[7][15]529   0.001341           0    0.001341   2.477e-07  HS65_LH_SDFPQX9
datapath_module/reg_file_module/reg_memory_reg[29][27]1949    0.00134           0    0.001341   2.334e-07  HS65_LH_SDFPQX4
datapath_module/reg_file_module/reg_memory_reg[30][10]1996    0.00134           0    0.001341   2.477e-07  HS65_LH_SDFPQX9
datapath_module/reg_file_module/reg_memory_reg[26][31]1761   0.001339           0     0.00134   3.668e-07  HS65_LHS_SDFPQX27
datapath_module/reg_file_module/reg_memory_reg[13][16]914   0.001339           0     0.00134   2.335e-07  HS65_LH_SDFPQX4
datapath_module/reg_file_module/reg_memory_reg[14][23]985   0.001339           0    0.001339   2.477e-07  HS65_LH_SDFPQX9
datapath_module/reg_file_module/reg_memory_reg[21][14]1424   0.001339           0    0.001339   2.334e-07  HS65_LH_SDFPQX4
datapath_module/reg_file_module/FE_OFC4_scan_en  0.0001094    0.001229    0.001339    1.66e-07  HS65_LH_BFX27
datapath_module/reg_file_module/FE_USKC793_CTS_8  0.0007959   0.0005427    0.001339   9.958e-08  HS65_LH_BFX13
datapath_module/reg_file_module/reg_memory_reg[20][19]1365   0.001337           0    0.001337   2.477e-07  HS65_LH_SDFPQX9
datapath_module/reg_file_module/reg_memory_reg[22][17]1491   0.001337           0    0.001337   2.477e-07  HS65_LH_SDFPQX9
datapath_module/alu_module/mul_44_34/FE_RC_726_0   0.000671    0.000665    0.001336   2.603e-07  HS65_LH_NOR2X50
datapath_module/reg_file_module/reg_memory_reg[13][15]913   0.001336           0    0.001336   2.335e-07  HS65_LH_SDFPQX4
datapath_module/reg_file_module/reg_memory_reg[16][6]1096   0.001285   5.008e-05    0.001335   3.169e-07  HS65_LH_SDFPRQTX9
datapath_module/reg_file_module/reg_memory_reg[14][16]978   0.001335           0    0.001335   2.478e-07  HS65_LH_SDFPQX9
datapath_module/reg_file_module/reg_memory_reg[13][14]912   0.001333           0    0.001334   2.335e-07  HS65_LH_SDFPQX4
datapath_module/reg_file_module/reg_memory_reg[10][31]737   0.001332           0    0.001333   3.668e-07  HS65_LHS_SDFPQX27
datapath_module/reg_file_module/reg_memory_reg[5][22]408   0.001332           0    0.001333   2.477e-07  HS65_LH_SDFPQX9
datapath_module/reg_file_module/reg_memory_reg[7][13]527   0.001332           0    0.001332   2.477e-07  HS65_LH_SDFPQX9
datapath_module/reg_file_module/reg_memory_reg[13][10]908   0.001331           0    0.001332   2.478e-07  HS65_LH_SDFPQX9
datapath_module/reg_file_module/reg_memory_reg[30][26]2012   0.001331           0    0.001332   2.334e-07  HS65_LH_SDFPQX4
datapath_module/reg_file_module/reg_memory_reg[15][16]1042   0.001331           0    0.001332   2.477e-07  HS65_LH_SDFPQX9
datapath_module/reg_file_module/FE_OFC2_scan_en  0.0001095    0.001222    0.001331    1.66e-07  HS65_LH_BFX27
datapath_module/reg_file_module/reg_memory_reg[22][2]1476   0.001331           0    0.001331   2.335e-07  HS65_LH_SDFPQX4
datapath_module/reg_file_module/reg_memory_reg[21][12]1422   0.001331           0    0.001331   2.334e-07  HS65_LH_SDFPQX4
datapath_module/reg_file_module/reg_memory_reg[13][6]904   0.001329           0    0.001329   2.333e-07  HS65_LH_SDFPQX4
datapath_module/reg_file_module/reg_memory_reg[14][28]990   0.001329           0    0.001329   2.477e-07  HS65_LH_SDFPQX9
datapath_module/reg_file_module/reg_memory_reg[29][26]1948   0.001327           0    0.001327   2.333e-07  HS65_LH_SDFPQX4
datapath_module/reg_file_module/reg_memory_reg[14][29]991   0.001327           0    0.001327   2.477e-07  HS65_LH_SDFPQX9
datapath_module/reg_file_module/reg_memory_reg[30][27]2013   0.001327           0    0.001327   2.334e-07  HS65_LH_SDFPQX4
datapath_module/reg_file_module/reg_memory_reg[28][3]1861   0.001326           0    0.001326   2.335e-07  HS65_LH_SDFPQX4
datapath_module/reg_file_module/reg_memory_reg[20][12]1358   0.001326           0    0.001326   2.334e-07  HS65_LH_SDFPQX4
datapath_module/reg_file_module/g42544  0.0004612   0.0008629    0.001325   5.917e-07  HS65_LH_NAND2X57
datapath_module/reg_file_module/reg_memory_reg[21][29]1439   0.001324           0    0.001325   2.476e-07  HS65_LH_SDFPQX9
datapath_module/reg_file_module/reg_memory_reg[13][25]923   0.001323           0    0.001324   2.334e-07  HS65_LH_SDFPQX4
datapath_module/alu_module/mul_44_34/FE_RC_826_0  0.0006912   0.0006308    0.001322   4.123e-07  HS65_LH_AOI12X46
datapath_module/reg_file_module/reg_memory_reg[10][26]732   0.001322           0    0.001322    4.09e-07  HS65_LHS_SDFPQX35
datapath_module/alu_module/mul_44_34/g37837  0.0006011   0.0007203    0.001322   3.728e-07  HS65_LH_MUX21I1X24
datapath_module/reg_file_module/reg_memory_reg[22][18]1492   0.001321           0    0.001321   2.334e-07  HS65_LH_SDFPQX4
datapath_module/reg_file_module/reg_memory_reg[28][6]1864   0.001255   6.497e-05    0.001321   3.179e-07  HS65_LH_SDFPRQTX9
datapath_module/reg_file_module/reg_memory_reg[13][12]910    0.00132           0     0.00132   2.334e-07  HS65_LH_SDFPQX4
datapath_module/reg_file_module/reg_memory_reg[13][23]921   0.001319           0    0.001319   2.334e-07  HS65_LH_SDFPQX4
datapath_module/reg_file_module/reg_memory_reg[25][26]1692   0.001319           0    0.001319   3.668e-07  HS65_LHS_SDFPQX27
datapath_module/reg_file_module/reg_memory_reg[30][9]1995   0.001319           0    0.001319   2.477e-07  HS65_LH_SDFPQX9
datapath_module/reg_file_module/reg_memory_reg[7][5]519   0.001319           0    0.001319   2.335e-07  HS65_LH_SDFPQX4
datapath_module/reg_file_module/reg_memory_reg[20][5]1351   0.001126    0.000192    0.001318   3.151e-07  HS65_LH_SDFPRQTX9
datapath_module/reg_file_module/reg_memory_reg[30][24]2010   0.001317           0    0.001317   2.335e-07  HS65_LH_SDFPQX4
datapath_module/alu_module/mul_44_34/FE_RC_658_0  0.0006634    0.000653    0.001317   2.341e-07  HS65_LH_BFX35
datapath_module/alu_module/mul_44_34/FE_OCPC777_FE_OFN55_n_578  0.0009847   0.0003302    0.001315   3.374e-07  HS65_LH_BFX53
datapath_module/reg_file_module/reg_memory_reg[30][18]2004   0.001315           0    0.001315   2.334e-07  HS65_LH_SDFPQX4
datapath_module/reg_file_module/reg_memory_reg[7][6]520   0.001315           0    0.001315   2.335e-07  HS65_LH_SDFPQX4
datapath_module/alu_module/mul_44_34/g38403  0.0009623   0.0003521    0.001315   1.932e-07  HS65_LH_NOR2AX19
datapath_module/reg_file_module/reg_memory_reg[14][6]968   0.001314           0    0.001315   2.334e-07  HS65_LH_SDFPQX4
datapath_module/reg_file_module/reg_memory_reg[15][26]1052   0.001314           0    0.001314   2.334e-07  HS65_LH_SDFPQX4
datapath_module/reg_file_module/reg_memory_reg[14][5]967   0.001314           0    0.001314   2.334e-07  HS65_LH_SDFPQX4
datapath_module/reg_file_module/reg_memory_reg[7][26]540   0.001314           0    0.001314   2.334e-07  HS65_LH_SDFPQX4
datapath_module/reg_file_module/reg_memory_reg[5][25]411   0.001314           0    0.001314   2.334e-07  HS65_LH_SDFPQX4
datapath_module/reg_file_module/reg_memory_reg[5][21]407   0.001313           0    0.001313   2.476e-07  HS65_LH_SDFPQX9
datapath_module/reg_file_module/reg_memory_reg[15][6]1032   0.001313           0    0.001313   2.334e-07  HS65_LH_SDFPQX4
datapath_module/reg_file_module/reg_memory_reg[31][2]2052   0.001312           0    0.001312   2.334e-07  HS65_LH_SDFPQX4
datapath_module/reg_file_module/reg_memory_reg[13][9]907   0.001312           0    0.001312   2.476e-07  HS65_LH_SDFPQX9
datapath_module/reg_file_module/reg_memory_reg[15][5]1031   0.001311           0    0.001311   2.333e-07  HS65_LH_SDFPQX4
datapath_module/alu_module/FE_OFC394_FE_OCPN112_read_data2_0  0.0004428    0.000868    0.001311   1.661e-07  HS65_LH_BFX27
datapath_module/reg_file_module/reg_memory_reg[2][27]221    0.00131           0    0.001311   3.666e-07  HS65_LHS_SDFPQX27
datapath_module/reg_file_module/reg_memory_reg[15][27]1053    0.00131           0     0.00131   2.334e-07  HS65_LH_SDFPQX4
datapath_module/reg_file_module/reg_memory_reg[13][3]901   0.001309           0    0.001309   2.335e-07  HS65_LH_SDFPQX4
datapath_module/reg_file_module/reg_memory_reg[7][27]541   0.001309           0    0.001309   2.334e-07  HS65_LH_SDFPQX4
datapath_module/reg_file_module/reg_memory_reg[26][26]1756   0.001309           0    0.001309   3.668e-07  HS65_LHS_SDFPQX27
datapath_module/reg_file_module/reg_memory_reg[22][27]1501   0.001309           0    0.001309   2.334e-07  HS65_LH_SDFPQX4
datapath_module/reg_file_module/reg_memory_reg[16][26]1116   0.001308           0    0.001308   3.668e-07  HS65_LHS_SDFPQX27
datapath_module/reg_file_module/reg_memory_reg[15][7]1033   0.001307           0    0.001308   2.334e-07  HS65_LH_SDFPQX4
datapath_module/reg_file_module/reg_memory_reg[7][7]521   0.001307           0    0.001307   2.335e-07  HS65_LH_SDFPQX4
datapath_module/reg_file_module/FE_RC_725_0  0.0006847   0.0006221    0.001307   2.708e-07  HS65_LH_AND2X35
datapath_module/reg_file_module/reg_memory_reg[15][8]1034   0.001306           0    0.001306   2.335e-07  HS65_LH_SDFPQX4
datapath_module/reg_file_module/reg_memory_reg[30][14]2000   0.001306           0    0.001306   2.334e-07  HS65_LH_SDFPQX4
datapath_module/reg_file_module/reg_memory_reg[7][4]518   0.001305           0    0.001305   2.335e-07  HS65_LH_SDFPQX4
datapath_module/alu_module/FE_OCPC278_read_data2_5  0.0002813    0.001024    0.001305   1.148e-07  HS65_LH_BFX18
datapath_module/reg_file_module/reg_memory_reg[13][24]922   0.001305           0    0.001305   2.335e-07  HS65_LH_SDFPQX4
datapath_module/reg_file_module/reg_memory_reg[15][31]1057   0.001304           0    0.001304   2.334e-07  HS65_LH_SDFPQX4
datapath_module/reg_file_module/reg_memory_reg[29][25]1947   0.001303           0    0.001304   2.332e-07  HS65_LH_SDFPQX4
datapath_module/reg_file_module/reg_memory_reg[7][31]545   0.001303           0    0.001304   2.334e-07  HS65_LH_SDFPQX4
datapath_module/reg_file_module/reg_memory_reg[30][12]1998   0.001303           0    0.001303   2.334e-07  HS65_LH_SDFPQX4
datapath_module/alu_module/mul_44_34/FE_RC_585_0  0.0007273   0.0005756    0.001303   3.196e-07  HS65_LH_NAND2AX29
datapath_module/reg_file_module/reg_memory_reg[13][28]926   0.001302           0    0.001303   2.477e-07  HS65_LH_SDFPQX9
datapath_module/reg_file_module/reg_memory_reg[15][0]1026   0.001302           0    0.001302   2.895e-07  HS65_LH_SDFPHQX4
datapath_module/reg_file_module/reg_memory_reg[5][28]414   0.001302           0    0.001302   2.477e-07  HS65_LH_SDFPQX9
datapath_module/reg_file_module/reg_memory_reg[22][26]1500   0.001301           0    0.001301   2.334e-07  HS65_LH_SDFPQX4
datapath_module/reg_file_module/reg_memory_reg[26][30]1760   0.001299           0    0.001299   3.668e-07  HS65_LHS_SDFPQX27
datapath_module/reg_file_module/reg_memory_reg[15][24]1050   0.001299           0    0.001299   2.335e-07  HS65_LH_SDFPQX4
datapath_module/reg_file_module/reg_memory_reg[16][30]1120   0.001298           0    0.001298   3.668e-07  HS65_LHS_SDFPQX27
datapath_module/alu_module/mul_44_34/FE_RC_716_0    0.00093   0.0003679    0.001298   2.635e-07  HS65_LH_MUXI21X15
datapath_module/reg_file_module/reg_memory_reg[7][24]538   0.001298           0    0.001298   2.335e-07  HS65_LH_SDFPQX4
datapath_module/reg_file_module/reg_memory_reg[24][30]1632   0.001298           0    0.001298   3.668e-07  HS65_LHS_SDFPQX27
datapath_module/reg_file_module/FE_RC_409_0  0.0002621    0.001034    0.001297   3.413e-07  HS65_LH_IVX71
datapath_module/reg_file_module/reg_memory_reg[14][18]980   0.001296           0    0.001296   2.335e-07  HS65_LH_SDFPQX4
datapath_module/reg_file_module/reg_memory_reg[2][24]218   0.001296           0    0.001296   3.668e-07  HS65_LHS_SDFPQX27
datapath_module/reg_file_module/reg_memory_reg[7][11]525   0.001295           0    0.001296   2.477e-07  HS65_LH_SDFPQX9
datapath_module/reg_file_module/reg_memory_reg[15][18]1044   0.001294           0    0.001294   2.334e-07  HS65_LH_SDFPQX4
datapath_module/reg_file_module/g42547  0.0005067   0.0007869    0.001294   5.376e-07  HS65_LH_NAND2X57
datapath_module/reg_file_module/reg_memory_reg[4][26]348   0.001293           0    0.001294   3.664e-07  HS65_LHS_SDFPQX27
datapath_module/reg_file_module/reg_memory_reg[14][4]966   0.001293           0    0.001293   2.334e-07  HS65_LH_SDFPQX4
datapath_module/alu_module/mul_44_34/g36489_dup  0.0009373    0.000354    0.001292   4.633e-07  HS65_LH_XNOR2X27
datapath_module/reg_file_module/reg_memory_reg[13][5]903   0.001291           0    0.001291    2.33e-07  HS65_LH_SDFPQX4
datapath_module/reg_file_module/reg_memory_reg[24][6]1608   0.001243   4.758e-05    0.001291   3.163e-07  HS65_LH_SDFPRQTX9
datapath_module/reg_file_module/reg_memory_reg[14][10]972    0.00129           0     0.00129   2.478e-07  HS65_LH_SDFPQX9
datapath_module/alu_module/FE_RC_533_0  0.0006669   0.0006225     0.00129   2.211e-07  HS65_LH_AO12X27
datapath_module/reg_file_module/reg_memory_reg[5][24]410   0.001289           0     0.00129   2.335e-07  HS65_LH_SDFPQX4
datapath_module/reg_file_module/reg_memory_reg[5][23]409   0.001288           0    0.001288   2.334e-07  HS65_LH_SDFPQX4
datapath_module/reg_file_module/reg_memory_reg[10][30]736   0.001287           0    0.001287   3.668e-07  HS65_LHS_SDFPQX27
datapath_module/reg_file_module/reg_memory_reg[13][29]927   0.001287           0    0.001287   2.335e-07  HS65_LH_SDFPQX4
datapath_module/reg_file_module/reg_memory_reg[5][29]415   0.001287           0    0.001287   2.335e-07  HS65_LH_SDFPQX4
datapath_module/alu_module/mul_44_34/g37406  0.0006942   0.0005914    0.001286   3.255e-07  HS65_LH_NAND2AX29
datapath_module/reg_file_module/reg_memory_reg[15][4]1030   0.001286           0    0.001286   2.332e-07  HS65_LH_SDFPQX4
datapath_module/reg_file_module/reg_memory_reg[7][0]514   0.001285           0    0.001285   2.896e-07  HS65_LH_SDFPHQX4
datapath_module/alu_module/mul_44_34/FE_RC_1239_0    0.00094   0.0003449    0.001285    3.74e-07  HS65_LHS_XNOR2X24
datapath_module/alu_module/mul_44_34/g36928  0.0007036   0.0005812    0.001285   2.749e-07  HS65_LH_NOR2AX25
datapath_module/reg_file_module/reg_memory_reg[7][14]528   0.001284           0    0.001284   2.334e-07  HS65_LH_SDFPQX4
datapath_module/reg_file_module/reg_memory_reg[14][26]988   0.001283           0    0.001283   2.335e-07  HS65_LH_SDFPQX4
datapath_module/reg_file_module/reg_memory_reg[27][22]1816   0.001282           0    0.001283   3.661e-07  HS65_LHS_SDFPQX27
datapath_module/alu_module/mul_44_34/FE_RC_968_0   0.000756   0.0005253    0.001282   1.935e-07  HS65_LH_OAI22X17
datapath_module/reg_file_module/reg_memory_reg[7][3]517   0.001281           0    0.001281   2.334e-07  HS65_LH_SDFPQX4
datapath_module/reg_file_module/FE_USKC953_CTS_3  0.0005066   0.0007738     0.00128   5.463e-08  HS65_LH_BFX7
datapath_module/alu_module/mul_44_34/FE_RC_683_0   0.001021   0.0002585     0.00128   2.338e-07  HS65_LH_MX41X14
datapath_module/alu_module/mul_44_34/FE_RC_512_0  0.0006754   0.0006045     0.00128   2.414e-07  HS65_LH_NAND2AX21
datapath_module/reg_file_module/reg_memory_reg[5][31]417    0.00128           0     0.00128   3.251e-07  HS65_LHS_SDFPQX18
datapath_module/reg_file_module/reg_memory_reg[23][5]1543   0.001279           0    0.001279   2.331e-07  HS65_LH_SDFPQX4
datapath_module/reg_file_module/reg_memory_reg[25][9]1675   0.001278           0    0.001279   2.477e-07  HS65_LH_SDFPQX9
datapath_module/reg_file_module/reg_memory_reg[14][27]989   0.001278           0    0.001279   2.335e-07  HS65_LH_SDFPQX4
datapath_module/reg_file_module/reg_memory_reg[22][5]1479   0.001277           0    0.001277   2.334e-07  HS65_LH_SDFPQX4
datapath_module/alu_module/mul_44_34/g36494  0.0008617   0.0004135    0.001276   8.531e-07  HS65_LHS1_FA1X35
datapath_module/alu_module/mul_44_34/FE_RC_1195_0  0.0007135   0.0005621    0.001276   2.882e-07  HS65_LH_OAI21X24
datapath_module/reg_file_module/FE_USKC932_CTS_5  0.0007902    0.000484    0.001274   9.958e-08  HS65_LH_BFX13
datapath_module/alu_module/mul_44_34/FE_RC_835_0  0.0005442   0.0007295    0.001274   1.972e-07  HS65_LH_OAI21X24
datapath_module/reg_file_module/reg_memory_reg[12][27]861   0.001272           0    0.001272   3.242e-07  HS65_LHS_SDFPQX18
datapath_module/reg_file_module/reg_memory_reg[14][24]986   0.001271           0    0.001272   2.335e-07  HS65_LH_SDFPQX4
datapath_module/reg_file_module/FE_RC_1331_0  0.0007775   0.0004929    0.001271   5.534e-07  HS65_LH_AOI211X35
datapath_module/reg_file_module/reg_memory_reg[20][18]1364   0.001268           0    0.001268   2.476e-07  HS65_LH_SDFPQX9
datapath_module/reg_file_module/reg_memory_reg[14][9]971   0.001267           0    0.001268   2.476e-07  HS65_LH_SDFPQX9
datapath_module/alu_module/mul_44_34/FE_OCPC910_n_720  0.0008088   0.0004584    0.001268   4.008e-07  HS65_LH_BFX62
datapath_module/reg_file_module/FE_PHC981_scan_en  9.869e-05    0.001168    0.001267   1.503e-07  HS65_LH_BFX22
datapath_module/reg_file_module/reg_memory_reg[25][23]1689   0.001267           0    0.001267   2.477e-07  HS65_LH_SDFPQX9
datapath_module/reg_file_module/reg_memory_reg[7][12]526   0.001267           0    0.001267   2.334e-07  HS65_LH_SDFPQX4
datapath_module/reg_file_module/reg_memory_reg[22][16]1490   0.001265           0    0.001266   2.476e-07  HS65_LH_SDFPQX9
datapath_module/reg_file_module/reg_memory_reg[12][4]838   0.001265           0    0.001266   2.334e-07  HS65_LH_SDFPQX4
datapath_module/alu_module/mul_44_34/FE_RC_941_0  0.0004899   0.0007753    0.001265   3.145e-07  HS65_LH_NOR2AX25
datapath_module/reg_file_module/reg_memory_reg[28][2]1860   0.001265           0    0.001265   2.335e-07  HS65_LH_SDFPQX4
datapath_module/reg_file_module/reg_memory_reg[25][19]1685   0.001263           0    0.001263   2.477e-07  HS65_LH_SDFPQX9
datapath_module/reg_file_module/reg_memory_reg[25][20]1686   0.001263           0    0.001263   2.477e-07  HS65_LH_SDFPQX9
datapath_module/reg_file_module/reg_memory_reg[0][30]128   0.001263           0    0.001263   3.667e-07  HS65_LHS_SDFPQX27
datapath_module/reg_file_module/reg_memory_reg[18][21]1239   0.001263           0    0.001263   2.477e-07  HS65_LH_SDFPQX9
datapath_module/alu_module/mul_44_34/g36955  0.0005513   0.0007113    0.001263   2.467e-07  HS65_LH_NOR2X25
datapath_module/alu_module/mul_44_34/g37803  0.0006994    0.000563    0.001263   1.968e-07  HS65_LH_OAI22X17
datapath_module/reg_file_module/reg_memory_reg[25][17]1683   0.001262           0    0.001262   2.477e-07  HS65_LH_SDFPQX9
datapath_module/reg_file_module/reg_memory_reg[14][15]977   0.001262           0    0.001262   2.334e-07  HS65_LH_SDFPQX4
datapath_module/reg_file_module/reg_memory_reg[18][9]1227   0.001262           0    0.001262   2.477e-07  HS65_LH_SDFPQX9
datapath_module/reg_file_module/reg_memory_reg[15][15]1041   0.001262           0    0.001262   2.334e-07  HS65_LH_SDFPQX4
datapath_module/reg_file_module/reg_memory_reg[25][16]1682   0.001261           0    0.001262   2.477e-07  HS65_LH_SDFPQX9
datapath_module/reg_file_module/reg_memory_reg[25][13]1679   0.001261           0    0.001261   2.477e-07  HS65_LH_SDFPQX9
datapath_module/reg_file_module/reg_memory_reg[25][14]1680   0.001261           0    0.001261   2.477e-07  HS65_LH_SDFPQX9
datapath_module/reg_file_module/reg_memory_reg[25][15]1681   0.001261           0    0.001261   2.477e-07  HS65_LH_SDFPQX9
datapath_module/reg_file_module/reg_memory_reg[13][2]900    0.00126           0     0.00126   2.334e-07  HS65_LH_SDFPQX4
datapath_module/reg_file_module/reg_memory_reg[16][9]1099    0.00126           0     0.00126   2.477e-07  HS65_LH_SDFPQX9
datapath_module/reg_file_module/reg_memory_reg[25][11]1677   0.001259           0    0.001259   2.477e-07  HS65_LH_SDFPQX9
datapath_module/reg_file_module/reg_memory_reg[26][9]1739   0.001259           0    0.001259   2.477e-07  HS65_LH_SDFPQX9
datapath_module/reg_file_module/reg_memory_reg[3][21]279   0.001258           0    0.001258   2.477e-07  HS65_LH_SDFPQX9
datapath_module/reg_file_module/reg_memory_reg[11][9]779   0.001258           0    0.001258   2.477e-07  HS65_LH_SDFPQX9
datapath_module/reg_file_module/reg_memory_reg[27][28]1822   0.001258           0    0.001258   2.477e-07  HS65_LH_SDFPQX9
datapath_module/reg_file_module/reg_memory_reg[14][3]965   0.001258           0    0.001258   2.334e-07  HS65_LH_SDFPQX4
datapath_module/reg_file_module/reg_memory_reg[18][22]1240   0.001258           0    0.001258   2.477e-07  HS65_LH_SDFPQX9
datapath_module/reg_file_module/reg_memory_reg[16][22]1112   0.001257           0    0.001257   2.477e-07  HS65_LH_SDFPQX9
datapath_module/reg_file_module/reg_memory_reg[25][10]1676   0.001257           0    0.001257   2.477e-07  HS65_LH_SDFPQX9
datapath_module/reg_file_module/reg_memory_reg[22][9]1483   0.001257           0    0.001257   2.474e-07  HS65_LH_SDFPQX9
datapath_module/reg_file_module/reg_memory_reg[22][0]1474   0.001256           0    0.001257   2.901e-07  HS65_LH_SDFPHQX4
datapath_module/reg_file_module/reg_memory_reg[26][25]1755   0.001256           0    0.001257   2.477e-07  HS65_LH_SDFPQX9
datapath_module/reg_file_module/reg_memory_reg[5][20]406   0.001256           0    0.001256   2.476e-07  HS65_LH_SDFPQX9
datapath_module/reg_file_module/reg_memory_reg[15][13]1039   0.001255           0    0.001256   2.475e-07  HS65_LH_SDFPQX9
datapath_module/alu_module/mul_44_34/FE_OCPC853_n_1310  0.0007386   0.0005166    0.001255   1.649e-07  HS65_LH_BFX27
datapath_module/reg_file_module/reg_memory_reg[26][23]1753   0.001255           0    0.001255   2.477e-07  HS65_LH_SDFPQX9
datapath_module/reg_file_module/reg_memory_reg[16][25]1115   0.001255           0    0.001255   2.477e-07  HS65_LH_SDFPQX9
datapath_module/reg_file_module/reg_memory_reg[18][23]1241   0.001254           0    0.001254   2.477e-07  HS65_LH_SDFPQX9
datapath_module/reg_file_module/reg_memory_reg[3][22]280   0.001254           0    0.001254   2.477e-07  HS65_LH_SDFPQX9
datapath_module/reg_file_module/reg_memory_reg[12][31]865   0.001251           0    0.001251   3.666e-07  HS65_LHS_SDFPQX27
datapath_module/reg_file_module/reg_memory_reg[3][25]283   0.001251           0    0.001251   2.477e-07  HS65_LH_SDFPQX9
datapath_module/reg_file_module/reg_memory_reg[3][23]281   0.001251           0    0.001251   2.477e-07  HS65_LH_SDFPQX9
datapath_module/reg_file_module/reg_memory_reg[13][0]898   0.001251           0    0.001251   2.901e-07  HS65_LH_SDFPHQX4
datapath_module/reg_file_module/reg_memory_reg[20][26]1372    0.00125           0    0.001251   4.085e-07  HS65_LHS_SDFPQX35
datapath_module/reg_file_module/reg_memory_reg[24][23]1625    0.00125           0     0.00125   2.477e-07  HS65_LH_SDFPQX9
datapath_module/reg_file_module/reg_memory_reg[7][2]516   0.001249           0     0.00125   2.334e-07  HS65_LH_SDFPQX4
datapath_module/reg_file_module/reg_memory_reg[4][15]337   0.001249           0    0.001249   2.478e-07  HS65_LH_SDFPQX9
datapath_module/alu_module/mul_44_34/g37449  0.0005627   0.0006858    0.001249   3.287e-07  HS65_LH_NAND2AX29
datapath_module/reg_file_module/reg_memory_reg[31][4]2054   0.001248           0    0.001249   2.328e-07  HS65_LH_SDFPQX4
datapath_module/reg_file_module/reg_memory_reg[25][30]1696   0.001248           0    0.001248   2.477e-07  HS65_LH_SDFPQX9
datapath_module/reg_file_module/reg_memory_reg[27][26]1820   0.001248           0    0.001248   2.477e-07  HS65_LH_SDFPQX9
datapath_module/reg_file_module/reg_memory_reg[26][19]1749   0.001248           0    0.001248   2.477e-07  HS65_LH_SDFPQX9
datapath_module/reg_file_module/reg_memory_reg[26][20]1750   0.001248           0    0.001248   2.477e-07  HS65_LH_SDFPQX9
datapath_module/reg_file_module/reg_memory_reg[31][1]2051   0.001247           0    0.001248   2.333e-07  HS65_LH_SDFPQX4
datapath_module/reg_file_module/reg_memory_reg[18][17]1235   0.001247           0    0.001248   2.477e-07  HS65_LH_SDFPQX9
datapath_module/reg_file_module/reg_memory_reg[18][19]1237   0.001247           0    0.001247   2.477e-07  HS65_LH_SDFPQX9
datapath_module/reg_file_module/reg_memory_reg[18][20]1238   0.001247           0    0.001247   2.477e-07  HS65_LH_SDFPQX9
datapath_module/reg_file_module/reg_memory_reg[26][17]1747   0.001247           0    0.001247   2.477e-07  HS65_LH_SDFPQX9
datapath_module/reg_file_module/reg_memory_reg[11][29]799   0.001247           0    0.001247   2.477e-07  HS65_LH_SDFPQX9
datapath_module/reg_file_module/reg_memory_reg[4][28]350   0.001247           0    0.001247   2.478e-07  HS65_LH_SDFPQX9
datapath_module/reg_file_module/reg_memory_reg[18][18]1236   0.001247           0    0.001247   2.477e-07  HS65_LH_SDFPQX9
datapath_module/reg_file_module/reg_memory_reg[11][30]800   0.001247           0    0.001247   2.477e-07  HS65_LH_SDFPQX9
datapath_module/reg_file_module/reg_memory_reg[11][28]798   0.001247           0    0.001247   2.477e-07  HS65_LH_SDFPQX9
datapath_module/reg_file_module/reg_memory_reg[26][16]1746   0.001247           0    0.001247   2.477e-07  HS65_LH_SDFPQX9
datapath_module/reg_file_module/reg_memory_reg[24][21]1623   0.001246           0    0.001247   2.476e-07  HS65_LH_SDFPQX9
datapath_module/reg_file_module/reg_memory_reg[16][17]1107   0.001246           0    0.001246   2.477e-07  HS65_LH_SDFPQX9
datapath_module/reg_file_module/reg_memory_reg[18][13]1231   0.001246           0    0.001246   2.477e-07  HS65_LH_SDFPQX9
datapath_module/reg_file_module/reg_memory_reg[16][19]1109   0.001246           0    0.001246   2.477e-07  HS65_LH_SDFPQX9
datapath_module/reg_file_module/reg_memory_reg[18][16]1234   0.001246           0    0.001246   2.477e-07  HS65_LH_SDFPQX9
datapath_module/reg_file_module/reg_memory_reg[16][20]1110   0.001246           0    0.001246   2.477e-07  HS65_LH_SDFPQX9
datapath_module/reg_file_module/reg_memory_reg[26][13]1743   0.001246           0    0.001246   2.477e-07  HS65_LH_SDFPQX9
datapath_module/reg_file_module/reg_memory_reg[16][16]1106   0.001245           0    0.001246   2.477e-07  HS65_LH_SDFPQX9
datapath_module/reg_file_module/reg_memory_reg[17][30]1184   0.001245           0    0.001246   2.477e-07  HS65_LH_SDFPQX9
datapath_module/reg_file_module/reg_memory_reg[18][15]1233   0.001245           0    0.001246   2.477e-07  HS65_LH_SDFPQX9
datapath_module/reg_file_module/reg_memory_reg[11][25]795   0.001245           0    0.001245   2.477e-07  HS65_LH_SDFPQX9
datapath_module/reg_file_module/reg_memory_reg[16][13]1103   0.001245           0    0.001245   2.477e-07  HS65_LH_SDFPQX9
datapath_module/reg_file_module/reg_memory_reg[20][10]1356   0.001244           0    0.001245   2.334e-07  HS65_LH_SDFPQX4
datapath_module/reg_file_module/reg_memory_reg[14][13]975   0.001244           0    0.001245   2.477e-07  HS65_LH_SDFPQX9
datapath_module/reg_file_module/reg_memory_reg[18][11]1229   0.001244           0    0.001244   2.477e-07  HS65_LH_SDFPQX9
datapath_module/alu_module/mul_44_34/FE_RC_755_0  0.0006913   0.0005526    0.001244   2.888e-07  HS65_LH_NAND2X43
datapath_module/reg_file_module/reg_memory_reg[26][11]1741   0.001243           0    0.001243   2.477e-07  HS65_LH_SDFPQX9
datapath_module/reg_file_module/reg_memory_reg[16][11]1101   0.001243           0    0.001243   2.477e-07  HS65_LH_SDFPQX9
datapath_module/reg_file_module/reg_memory_reg[20][15]1361   0.001242           0    0.001242   2.474e-07  HS65_LH_SDFPQX9
datapath_module/reg_file_module/reg_memory_reg[3][20]278   0.001242           0    0.001242   2.477e-07  HS65_LH_SDFPQX9
datapath_module/reg_file_module/reg_memory_reg[3][19]277   0.001242           0    0.001242   2.477e-07  HS65_LH_SDFPQX9
datapath_module/reg_file_module/reg_memory_reg[29][24]1946   0.001241           0    0.001242   2.332e-07  HS65_LH_SDFPQX4
datapath_module/reg_file_module/reg_memory_reg[22][24]1498   0.001241           0    0.001241   2.333e-07  HS65_LH_SDFPQX4
datapath_module/reg_file_module/reg_memory_reg[16][10]1100   0.001241           0    0.001241   2.477e-07  HS65_LH_SDFPQX9
datapath_module/reg_file_module/reg_memory_reg[3][17]275   0.001241           0    0.001241   2.477e-07  HS65_LH_SDFPQX9
datapath_module/reg_file_module/reg_memory_reg[11][13]783   0.001241           0    0.001241   2.477e-07  HS65_LH_SDFPQX9
datapath_module/reg_file_module/reg_memory_reg[26][10]1740   0.001241           0    0.001241   2.477e-07  HS65_LH_SDFPQX9
datapath_module/reg_file_module/reg_memory_reg[3][16]274    0.00124           0     0.00124   2.477e-07  HS65_LH_SDFPQX9
datapath_module/reg_file_module/reg_memory_reg[15][14]1040    0.00124           0     0.00124   2.333e-07  HS65_LH_SDFPQX4
datapath_module/reg_file_module/reg_memory_reg[11][11]781   0.001239           0    0.001239   2.477e-07  HS65_LH_SDFPQX9
datapath_module/alu_module/mul_44_34/g37335  0.0003682   0.0008704    0.001239   2.656e-07  HS65_LH_NOR2X25
datapath_module/reg_file_module/reg_memory_reg[3][15]273   0.001238           0    0.001239   2.477e-07  HS65_LH_SDFPQX9
datapath_module/alu_module/mul_44_34/g36297  0.0003216   0.0009165    0.001238   1.216e-07  HS65_LH_IVX27
datapath_module/reg_file_module/reg_memory_reg[15][3]1029   0.001238           0    0.001238   2.329e-07  HS65_LH_SDFPQX4
datapath_module/reg_file_module/reg_memory_reg[4][29]351   0.001238           0    0.001238   2.335e-07  HS65_LH_SDFPQX4
datapath_module/reg_file_module/reg_memory_reg[11][10]780   0.001238           0    0.001238   2.477e-07  HS65_LH_SDFPQX9
datapath_module/reg_file_module/reg_memory_reg[2][23]217   0.001237           0    0.001237   2.477e-07  HS65_LH_SDFPQX9
datapath_module/reg_file_module/reg_memory_reg[22][1]1475   0.001237           0    0.001237   2.335e-07  HS65_LH_SDFPQX4
datapath_module/reg_file_module/reg_memory_reg[14][14]976   0.001237           0    0.001237   2.334e-07  HS65_LH_SDFPQX4
datapath_module/alu_module/mul_44_34/FE_RC_311_0  0.0005697   0.0006667    0.001237     2.2e-07  HS65_LH_NAND2X29
datapath_module/reg_file_module/reg_memory_reg[18][25]1243   0.001236           0    0.001236   2.477e-07  HS65_LH_SDFPQX9
datapath_module/reg_file_module/reg_memory_reg[2][22]216   0.001235           0    0.001236   2.477e-07  HS65_LH_SDFPQX9
datapath_module/reg_file_module/reg_memory_reg[22][23]1497   0.001235           0    0.001235   2.472e-07  HS65_LH_SDFPQX9
datapath_module/reg_file_module/reg_memory_reg[9][29]671   0.001235           0    0.001235   2.477e-07  HS65_LH_SDFPQX9
datapath_module/reg_file_module/reg_memory_reg[3][13]271   0.001234           0    0.001234   2.477e-07  HS65_LH_SDFPQX9
datapath_module/reg_file_module/reg_memory_reg[17][29]1183   0.001233           0    0.001234   2.478e-07  HS65_LH_SDFPQX9
datapath_module/reg_file_module/reg_memory_reg[2][21]215   0.001232           0    0.001232   2.477e-07  HS65_LH_SDFPQX9
datapath_module/reg_file_module/reg_memory_reg[3][30]288   0.001231           0    0.001232   2.477e-07  HS65_LH_SDFPQX9
datapath_module/alu_module/FE_OCPC354_read_data2_1  0.0003171   0.0009141    0.001231   1.145e-07  HS65_LH_BFX18
datapath_module/reg_file_module/reg_memory_reg[1][30]160   0.001231           0    0.001231   3.662e-07  HS65_LHS_SDFPQX27
datapath_module/reg_file_module/reg_memory_reg[10][6]712   0.001197   3.326e-05    0.001231   3.157e-07  HS65_LH_SDFPRQTX9
datapath_module/reg_file_module/reg_memory_reg[20][9]1355    0.00123           0     0.00123   2.474e-07  HS65_LH_SDFPQX9
datapath_module/reg_file_module/reg_memory_reg[17][23]1177    0.00123           0     0.00123   2.477e-07  HS65_LH_SDFPQX9
datapath_module/alu_module/mul_44_34/FE_RC_556_0  0.0009907   0.0002381    0.001229   2.816e-07  HS65_LH_XOR2X18
datapath_module/alu_module/mul_44_34/FE_RC_737_0  0.0006517   0.0005767    0.001229   2.135e-07  HS65_LH_AO12X27
datapath_module/reg_file_module/reg_memory_reg[30][8]1994   0.001227           0    0.001227   2.332e-07  HS65_LH_SDFPQX4
datapath_module/reg_file_module/reg_memory_reg[9][28]670   0.001226           0    0.001227   2.477e-07  HS65_LH_SDFPQX9
datapath_module/reg_file_module/reg_memory_reg[6][1]451   0.001226           0    0.001226   2.336e-07  HS65_LH_SDFPQX4
datapath_module/reg_file_module/reg_memory_reg[12][26]860   0.001226           0    0.001226   4.087e-07  HS65_LHS_SDFPQX35
datapath_module/reg_file_module/FE_USKC916_CTS_3   0.000503   0.0007224    0.001225   5.463e-08  HS65_LH_BFX7
datapath_module/alu_module/mul_44_34/FE_OCPC355_FE_DBTN43_read_data2_5  0.0004233    0.000802    0.001225   1.652e-07  HS65_LH_BFX27
datapath_module/alu_module/mul_44_34/FE_OCPC264_n_558  0.0004205   0.0008039    0.001225   1.668e-07  HS65_LH_BFX27
datapath_module/reg_file_module/reg_memory_reg[20][24]1370   0.001224           0    0.001224   4.095e-07  HS65_LHS_SDFPQX35
datapath_module/reg_file_module/reg_memory_reg[6][0]450   0.001224           0    0.001224   2.896e-07  HS65_LH_SDFPHQX4
datapath_module/alu_module/mul_44_34/FE_RC_1327_0  0.0009165   0.0003057    0.001223   5.265e-07  HS65_LH_MUXI21X30
datapath_module/reg_file_module/reg_memory_reg[17][31]1185   0.001221           0    0.001221   3.668e-07  HS65_LHS_SDFPQX27
datapath_module/reg_file_module/reg_memory_reg[24][20]1622   0.001221           0    0.001221   2.476e-07  HS65_LH_SDFPQX9
datapath_module/alu_module/mul_44_34/FE_OCPC943_n_679  0.0006188   0.0006018    0.001221   1.646e-07  HS65_LH_BFX27
datapath_module/reg_file_module/reg_memory_reg[27][15]1809    0.00122           0    0.001221   2.477e-07  HS65_LH_SDFPQX9
datapath_module/reg_file_module/reg_memory_reg[25][25]1691    0.00122           0    0.001221   2.334e-07  HS65_LH_SDFPQX4
datapath_module/reg_file_module/reg_memory_reg[13][4]902    0.00122           0     0.00122   2.337e-07  HS65_LH_SDFPQX4
datapath_module/reg_file_module/reg_memory_reg[9][3]645    0.00122           0     0.00122   2.334e-07  HS65_LH_SDFPQX4
datapath_module/reg_file_module/reg_memory_reg[21][28]1438    0.00122           0     0.00122   2.474e-07  HS65_LH_SDFPQX9
datapath_module/reg_file_module/reg_memory_reg[5][3]389   0.001219           0    0.001219   2.333e-07  HS65_LH_SDFPQX4
datapath_module/alu_module/mul_44_34/FE_RC_1240_0  0.0006444   0.0005744    0.001219   3.364e-07  HS65_LH_NAND2AX29
datapath_module/reg_file_module/reg_memory_reg[30][0]1986   0.001218           0    0.001218   2.909e-07  HS65_LH_SDFPHQX4
datapath_module/reg_file_module/reg_memory_reg[4][24]346   0.001218           0    0.001218   2.334e-07  HS65_LH_SDFPQX4
datapath_module/reg_file_module/reg_memory_reg[9][2]644   0.001217           0    0.001217   2.334e-07  HS65_LH_SDFPQX4
datapath_module/reg_file_module/reg_memory_reg[25][29]1695   0.001217           0    0.001217   2.477e-07  HS65_LH_SDFPQX9
datapath_module/reg_file_module/reg_memory_reg[9][4]646   0.001217           0    0.001217   2.334e-07  HS65_LH_SDFPQX4
datapath_module/reg_file_module/reg_memory_reg[3][11]269   0.001217           0    0.001217   2.478e-07  HS65_LH_SDFPQX9
datapath_module/alu_module/mul_44_34/g36345  0.0005043   0.0007118    0.001216   3.044e-07  HS65_LH_NAND2AX29
datapath_module/reg_file_module/reg_memory_reg[2][26]220   0.001216           0    0.001216   3.663e-07  HS65_LHS_SDFPQX27
datapath_module/reg_file_module/reg_memory_reg[22][13]1487   0.001216           0    0.001216   2.475e-07  HS65_LH_SDFPQX9
datapath_module/reg_file_module/reg_memory_reg[24][26]1628   0.001216           0    0.001216   3.665e-07  HS65_LHS_SDFPQX27
datapath_module/alu_module/mul_44_34/FE_RC_361_0  0.0005971   0.0006176    0.001215   2.568e-07  HS65_LH_OAI21X24
datapath_module/reg_file_module/reg_memory_reg[25][8]1674   0.001214           0    0.001215   2.334e-07  HS65_LH_SDFPQX4
datapath_module/reg_file_module/reg_memory_reg[25][6]1672   0.001214           0    0.001214   2.334e-07  HS65_LH_SDFPQX4
datapath_module/reg_file_module/reg_memory_reg[29][30]1952   0.001214           0    0.001214   3.665e-07  HS65_LHS_SDFPQX27
datapath_module/reg_file_module/reg_memory_reg[25][7]1673   0.001214           0    0.001214   2.334e-07  HS65_LH_SDFPQX4
datapath_module/reg_file_module/reg_memory_reg[25][18]1684   0.001213           0    0.001213   2.334e-07  HS65_LH_SDFPQX4
datapath_module/reg_file_module/reg_memory_reg[9][5]647   0.001213           0    0.001213   2.334e-07  HS65_LH_SDFPQX4
datapath_module/reg_file_module/reg_memory_reg[17][28]1182   0.001213           0    0.001213   2.477e-07  HS65_LH_SDFPQX9
datapath_module/reg_file_module/reg_memory_reg[11][22]792   0.001213           0    0.001213   2.477e-07  HS65_LH_SDFPQX9
datapath_module/reg_file_module/reg_memory_reg[27][20]1814   0.001212           0    0.001213   2.477e-07  HS65_LH_SDFPQX9
datapath_module/reg_file_module/reg_memory_reg[27][29]1823   0.001212           0    0.001212   2.334e-07  HS65_LH_SDFPQX4
datapath_module/reg_file_module/reg_memory_reg[7][10]524   0.001212           0    0.001212   2.331e-07  HS65_LH_SDFPQX4
datapath_module/reg_file_module/reg_memory_reg[14][2]964   0.001211           0    0.001211   2.334e-07  HS65_LH_SDFPQX4
datapath_module/reg_file_module/reg_memory_reg[25][12]1678   0.001211           0    0.001211   2.334e-07  HS65_LH_SDFPQX4
datapath_module/reg_file_module/reg_memory_reg[7][9]523   0.001211           0    0.001211   2.473e-07  HS65_LH_SDFPQX9
datapath_module/reg_file_module/reg_memory_reg[25][5]1671    0.00121           0    0.001211   2.334e-07  HS65_LH_SDFPQX4
datapath_module/alu_module/sll_42_34/g19898  7.281e-05    0.001138     0.00121   3.974e-08  HS65_LH_IVX9
datapath_module/alu_module/mul_44_34/FE_OCPC224_n_578  0.0005305   0.0006792     0.00121   1.664e-07  HS65_LH_BFX27
datapath_module/reg_file_module/reg_memory_reg[13][8]906   0.001209           0     0.00121   2.332e-07  HS65_LH_SDFPQX4
datapath_module/reg_file_module/reg_memory_reg[14][0]962   0.001208           0    0.001208    2.88e-07  HS65_LH_SDFPHQX4
datapath_module/alu_module/mul_44_34/FE_OCPC307_n_2109  0.0007613   0.0004461    0.001208     2.2e-07  HS65_LH_BFX31
datapath_module/reg_file_module/reg_memory_reg[27][27]1821   0.001207           0    0.001207   2.335e-07  HS65_LH_SDFPQX4
datapath_module/reg_file_module/reg_memory_reg[2][20]214   0.001206           0    0.001206   2.478e-07  HS65_LH_SDFPQX9
datapath_module/reg_file_module/reg_memory_reg[23][1]1539   0.001206           0    0.001206   2.341e-07  HS65_LH_SDFPQX4
datapath_module/reg_file_module/reg_memory_reg[26][29]1759   0.001205           0    0.001206   2.477e-07  HS65_LH_SDFPQX9
datapath_module/reg_file_module/reg_memory_reg[16][29]1119   0.001205           0    0.001205   2.477e-07  HS65_LH_SDFPQX9
datapath_module/alu_module/mul_44_34/FE_RC_418_0  0.0007773   0.0004271    0.001205   2.975e-07  HS65_LH_OAI21X24
datapath_module/alu_module/mul_44_34/FE_RC_511_0  0.0006411   0.0005631    0.001204   2.516e-07  HS65_LH_AND2X27
datapath_module/reg_file_module/reg_memory_reg[2][15]209   0.001203           0    0.001204   2.478e-07  HS65_LH_SDFPQX9
datapath_module/alu_module/mul_44_34/g37225  0.0005535   0.0006498    0.001204   3.132e-07  HS65_LH_NOR2AX25
datapath_module/alu_module/FE_OCPC572_read_data2_2  0.0004589   0.0007443    0.001203    1.65e-07  HS65_LH_BFX27
datapath_module/reg_file_module/FE_OFC47_n_1090   0.000251   0.0009518    0.001203   2.909e-07  HS65_LH_BFX44
datapath_module/reg_file_module/reg_memory_reg[6][29]479   0.001201           0    0.001202   2.333e-07  HS65_LH_SDFPQX4
datapath_module/reg_file_module/reg_memory_reg[3][29]287   0.001201           0    0.001201   2.477e-07  HS65_LH_SDFPQX9
datapath_module/reg_file_module/reg_memory_reg[25][24]1690   0.001201           0    0.001201   2.334e-07  HS65_LH_SDFPQX4
datapath_module/alu_module/mul_44_34/FE_RC_1291_0  0.0005703   0.0006302    0.001201   1.587e-07  HS65_LH_NAND2X21
datapath_module/alu_module/mul_44_34/FE_OCPC412_FE_DBTN39_read_data2_1  0.0001849    0.001015      0.0012   1.224e-07  HS65_LH_IVX27
datapath_module/reg_file_module/reg_memory_reg[18][29]1247     0.0012           0      0.0012   2.477e-07  HS65_LH_SDFPQX9
datapath_module/reg_file_module/reg_memory_reg[11][27]797     0.0012           0      0.0012   2.334e-07  HS65_LH_SDFPQX4
datapath_module/alu_module/mul_44_34/FE_PSC1060_n_1859  0.0008371   0.0003628      0.0012   2.221e-07  HS65_LH_BFX31
datapath_module/reg_file_module/reg_memory_reg[15][1]1027     0.0012           0      0.0012   2.334e-07  HS65_LH_SDFPQX4
datapath_module/reg_file_module/reg_memory_reg[25][4]1670     0.0012           0      0.0012   2.334e-07  HS65_LH_SDFPQX4
datapath_module/reg_file_module/reg_memory_reg[21][31]1441   0.001199           0      0.0012   3.661e-07  HS65_LHS_SDFPQX27
datapath_module/reg_file_module/reg_memory_reg[26][18]1748   0.001199           0      0.0012   2.334e-07  HS65_LH_SDFPQX4
datapath_module/reg_file_module/reg_memory_reg[11][26]796   0.001199           0      0.0012   2.334e-07  HS65_LH_SDFPQX4
datapath_module/reg_file_module/reg_memory_reg[13][31]929   0.001199           0    0.001199   2.335e-07  HS65_LH_SDFPQX4
datapath_module/alu_module/mul_44_34/g38510  0.0009622   0.0002365    0.001199   4.558e-07  HS65_LH_XNOR2X27
datapath_module/alu_module/mul_44_34/g37236  0.0004579   0.0007409    0.001199   2.771e-07  HS65_LH_NAND2X29
datapath_module/reg_file_module/reg_memory_reg[24][19]1621   0.001199           0    0.001199   2.475e-07  HS65_LH_SDFPQX9
datapath_module/reg_file_module/reg_memory_reg[16][18]1108   0.001198           0    0.001198   2.334e-07  HS65_LH_SDFPQX4
datapath_module/reg_file_module/reg_memory_reg[18][14]1232   0.001198           0    0.001198   2.334e-07  HS65_LH_SDFPQX4
datapath_module/reg_file_module/reg_memory_reg[9][0]642   0.001198           0    0.001198   2.879e-07  HS65_LH_SDFPHQX4
datapath_module/reg_file_module/reg_memory_reg[26][14]1744   0.001198           0    0.001198   2.334e-07  HS65_LH_SDFPQX4
datapath_module/reg_file_module/reg_memory_reg[26][15]1745   0.001198           0    0.001198   2.334e-07  HS65_LH_SDFPQX4
datapath_module/reg_file_module/reg_memory_reg[3][10]268   0.001198           0    0.001198   2.478e-07  HS65_LH_SDFPQX9
datapath_module/reg_file_module/reg_memory_reg[18][12]1230   0.001197           0    0.001198   2.334e-07  HS65_LH_SDFPQX4
datapath_module/reg_file_module/reg_memory_reg[27][4]1798   0.001197           0    0.001198   2.334e-07  HS65_LH_SDFPQX4
datapath_module/alu_module/mul_44_34/g38210  0.0005235   0.0006738    0.001198   2.366e-07  HS65_LH_OR2X35
datapath_module/reg_file_module/reg_memory_reg[16][14]1104   0.001197           0    0.001197   2.334e-07  HS65_LH_SDFPQX4
datapath_module/reg_file_module/reg_memory_reg[26][12]1742   0.001197           0    0.001197   2.334e-07  HS65_LH_SDFPQX4
datapath_module/reg_file_module/reg_memory_reg[16][15]1105   0.001197           0    0.001197   2.334e-07  HS65_LH_SDFPQX4
datapath_module/reg_file_module/reg_memory_reg[16][12]1102   0.001196           0    0.001197   2.334e-07  HS65_LH_SDFPQX4
datapath_module/reg_file_module/reg_memory_reg[17][15]1169   0.001196           0    0.001196   2.478e-07  HS65_LH_SDFPQX9
datapath_module/reg_file_module/reg_memory_reg[18][8]1226   0.001196           0    0.001196   2.334e-07  HS65_LH_SDFPQX4
datapath_module/alu_module/sll_42_34/FE_OCPC973_n_2  0.0005988   0.0005969    0.001196   2.369e-07  HS65_LH_BFX35
datapath_module/alu_module/mul_44_34/g36512_dup  0.0007238   0.0004715    0.001196   4.367e-07  HS65_LH_OAI12X49
datapath_module/reg_file_module/reg_memory_reg[16][8]1098   0.001195           0    0.001195   2.334e-07  HS65_LH_SDFPQX4
datapath_module/reg_file_module/reg_memory_reg[13][27]925   0.001194           0    0.001195   2.335e-07  HS65_LH_SDFPQX4
datapath_module/reg_file_module/reg_memory_reg[5][27]413   0.001194           0    0.001194   2.335e-07  HS65_LH_SDFPQX4
datapath_module/reg_file_module/reg_memory_reg[11][8]778   0.001194           0    0.001194   2.334e-07  HS65_LH_SDFPQX4
datapath_module/alu_module/mul_44_34/FE_OCPC561_FE_OFN15_FE_DBTN41_read_data2_3  0.0003757   0.0008182    0.001194   2.376e-07  HS65_LH_BFX35
datapath_module/reg_file_module/reg_memory_reg[3][18]276   0.001194           0    0.001194   2.334e-07  HS65_LH_SDFPQX4
datapath_module/reg_file_module/reg_memory_reg[18][10]1228   0.001194           0    0.001194   2.334e-07  HS65_LH_SDFPQX4
datapath_module/reg_file_module/reg_memory_reg[18][7]1225   0.001194           0    0.001194   2.334e-07  HS65_LH_SDFPQX4
datapath_module/reg_file_module/reg_memory_reg[11][14]784   0.001193           0    0.001193   2.334e-07  HS65_LH_SDFPQX4
datapath_module/reg_file_module/reg_memory_reg[11][7]777   0.001193           0    0.001193   2.334e-07  HS65_LH_SDFPQX4
datapath_module/reg_file_module/reg_memory_reg[11][15]785   0.001193           0    0.001193   2.334e-07  HS65_LH_SDFPQX4
datapath_module/reg_file_module/reg_memory_reg[11][12]782   0.001192           0    0.001193   2.334e-07  HS65_LH_SDFPQX4
datapath_module/reg_file_module/reg_memory_reg[26][8]1738   0.001192           0    0.001193   2.334e-07  HS65_LH_SDFPQX4
datapath_module/reg_file_module/reg_memory_reg[27][16]1810   0.001192           0    0.001192   2.334e-07  HS65_LH_SDFPQX4
datapath_module/reg_file_module/reg_memory_reg[11][6]776   0.001192           0    0.001192   2.334e-07  HS65_LH_SDFPQX4
datapath_module/reg_file_module/reg_memory_reg[7][1]515   0.001192           0    0.001192   2.334e-07  HS65_LH_SDFPQX4
datapath_module/reg_file_module/reg_memory_reg[16][7]1097   0.001191           0    0.001191   2.334e-07  HS65_LH_SDFPQX4
datapath_module/reg_file_module/reg_memory_reg[9][1]643   0.001191           0    0.001191   2.334e-07  HS65_LH_SDFPQX4
datapath_module/alu_module/FE_OCPC274_read_data1_5  0.0003138   0.0008774    0.001191    1.15e-07  HS65_LH_BFX18
datapath_module/reg_file_module/reg_memory_reg[27][25]1819   0.001191           0    0.001191   2.334e-07  HS65_LH_SDFPQX4
datapath_module/reg_file_module/reg_memory_reg[18][6]1224    0.00119           0    0.001191   2.334e-07  HS65_LH_SDFPQX4
datapath_module/reg_file_module/reg_memory_reg[1][18]148    0.00119           0     0.00119   2.478e-07  HS65_LH_SDFPQX9
datapath_module/reg_file_module/reg_memory_reg[26][24]1754    0.00119           0     0.00119   2.334e-07  HS65_LH_SDFPQX4
datapath_module/reg_file_module/reg_memory_reg[3][14]272    0.00119           0     0.00119   2.334e-07  HS65_LH_SDFPQX4
datapath_module/alu_module/mul_44_34/FE_RC_542_0  0.0005326   0.0006566     0.00119   3.335e-07  HS65_LH_NAND2AX29
datapath_module/reg_file_module/reg_memory_reg[25][28]1694   0.001189           0    0.001189   2.477e-07  HS65_LH_SDFPQX9
datapath_module/reg_file_module/reg_memory_reg[16][24]1114   0.001189           0    0.001189   2.334e-07  HS65_LH_SDFPQX4
datapath_module/reg_file_module/reg_memory_reg[11][5]775   0.001188           0    0.001189   2.334e-07  HS65_LH_SDFPQX4
datapath_module/reg_file_module/reg_memory_reg[5][0]386   0.001188           0    0.001188   2.899e-07  HS65_LH_SDFPHQX4
datapath_module/reg_file_module/reg_memory_reg[28][0]1858   0.001187           0    0.001187   2.909e-07  HS65_LH_SDFPHQX4
datapath_module/reg_file_module/reg_memory_reg[24][24]1626   0.001187           0    0.001187   2.334e-07  HS65_LH_SDFPQX4
datapath_module/reg_file_module/reg_memory_reg[2][19]213   0.001187           0    0.001187   2.478e-07  HS65_LH_SDFPQX9
datapath_module/reg_file_module/FE_USKC913_CTS_3  0.0005057   0.0006806    0.001186   5.463e-08  HS65_LH_BFX7
datapath_module/reg_file_module/reg_memory_reg[3][24]282   0.001186           0    0.001186   2.334e-07  HS65_LH_SDFPQX4
datapath_module/reg_file_module/reg_memory_reg[11][21]791   0.001185           0    0.001186   2.477e-07  HS65_LH_SDFPQX9
datapath_module/reg_file_module/reg_memory_reg[4][23]345   0.001185           0    0.001186   2.332e-07  HS65_LH_SDFPQX4
datapath_module/alu_module/mul_44_34/FE_OCPC376_read_data1_4  0.0006612   0.0005238    0.001185    4.04e-07  HS65_LH_BFX62
datapath_module/reg_file_module/reg_memory_reg[26][7]1737   0.001185           0    0.001185   2.334e-07  HS65_LH_SDFPQX4
datapath_module/reg_file_module/reg_memory_reg[29][23]1945   0.001184           0    0.001184    2.47e-07  HS65_LH_SDFPQX9
datapath_module/reg_file_module/reg_memory_reg[17][24]1178   0.001184           0    0.001184   2.335e-07  HS65_LH_SDFPQX4
datapath_module/alu_module/mul_44_34/g39015  0.0006479   0.0005351    0.001183   3.364e-07  HS65_LH_NAND2AX29
datapath_module/alu_module/mul_44_34/FE_OCPC556_n_1111  0.0009094   0.0002721    0.001182   4.131e-07  HS65_LH_BFX62
datapath_module/reg_file_module/reg_memory_reg[3][9]267   0.001181           0    0.001181   2.476e-07  HS65_LH_SDFPQX9
datapath_module/reg_file_module/reg_memory_reg[3][12]270   0.001181           0    0.001181   2.335e-07  HS65_LH_SDFPQX4
datapath_module/reg_file_module/reg_memory_reg[18][5]1223   0.001181           0    0.001181   2.334e-07  HS65_LH_SDFPQX4
datapath_module/reg_file_module/reg_memory_reg[25][3]1669    0.00118           0     0.00118   2.334e-07  HS65_LH_SDFPQX4
datapath_module/reg_file_module/reg_memory_reg[26][28]1758    0.00118           0     0.00118   2.477e-07  HS65_LH_SDFPQX9
datapath_module/reg_file_module/reg_memory_reg[29][3]1925    0.00118           0     0.00118   2.326e-07  HS65_LH_SDFPQX4
datapath_module/reg_file_module/reg_memory_reg[19][4]1286   0.001179           0     0.00118   2.335e-07  HS65_LH_SDFPQX4
datapath_module/reg_file_module/reg_memory_reg[16][5]1095    0.00115   2.873e-05    0.001179   3.171e-07  HS65_LH_SDFPRQTX9
datapath_module/alu_module/mul_44_34/FE_OCPC876_n_716  0.0006873   0.0004917    0.001179    2.37e-07  HS65_LH_BFX35
datapath_module/reg_file_module/reg_memory_reg[27][3]1797   0.001179           0    0.001179   2.334e-07  HS65_LH_SDFPQX4
datapath_module/reg_file_module/reg_memory_reg[16][28]1118   0.001179           0    0.001179   2.477e-07  HS65_LH_SDFPQX9
datapath_module/reg_file_module/reg_memory_reg[11][4]774   0.001178           0    0.001178   2.334e-07  HS65_LH_SDFPQX4
datapath_module/reg_file_module/reg_memory_reg[13][1]899   0.001178           0    0.001178   2.334e-07  HS65_LH_SDFPQX4
datapath_module/alu_module/mul_44_34/FE_RC_831_0  0.0007248   0.0004523    0.001177   3.185e-07  HS65_LH_AND2X35
datapath_module/reg_file_module/reg_memory_reg[27][19]1813   0.001177           0    0.001177   2.476e-07  HS65_LH_SDFPQX9
datapath_module/reg_file_module/reg_memory_reg[11][24]794   0.001176           0    0.001176   2.335e-07  HS65_LH_SDFPQX4
datapath_module/alu_module/mul_44_34/g36397  0.0007068   0.0004682    0.001175    1.68e-07  HS65_LH_NOR2X50
datapath_module/alu_module/mul_44_34/FE_RC_1238_0  0.0005511   0.0006234    0.001175   1.927e-07  HS65_LH_NAND2AX29
datapath_module/reg_file_module/reg_memory_reg[10][4]710   0.001173           0    0.001173   2.335e-07  HS65_LH_SDFPQX4
datapath_module/reg_file_module/reg_memory_reg[20][17]1363   0.001172           0    0.001172   2.472e-07  HS65_LH_SDFPQX9
datapath_module/reg_file_module/FE_USKC796_CTS_6  0.0005006   0.0006714    0.001172   5.463e-08  HS65_LH_BFX7
datapath_module/alu_module/mul_44_34/FE_OCPC325_FE_RN_168_0  0.0002368   0.0009336     0.00117   1.139e-07  HS65_LH_BFX18
datapath_module/reg_file_module/reg_memory_reg[4][22]344    0.00117           0     0.00117   2.473e-07  HS65_LH_SDFPQX9
datapath_module/reg_file_module/reg_memory_reg[22][31]1505   0.001169           0     0.00117   2.327e-07  HS65_LH_SDFPQX4
datapath_module/alu_module/mul_44_34/g36821  0.0005505   0.0006183    0.001169   7.919e-08  HS65_LH_NAND2AX7
datapath_module/reg_file_module/reg_memory_reg[27][23]1817   0.001168           0    0.001168   2.475e-07  HS65_LH_SDFPQX9
datapath_module/reg_file_module/reg_memory_reg[24][28]1630   0.001168           0    0.001168   2.478e-07  HS65_LH_SDFPQX9
datapath_module/reg_file_module/reg_memory_reg[14][8]970   0.001167           0    0.001168   2.331e-07  HS65_LH_SDFPQX4
datapath_module/reg_file_module/reg_memory_reg[9][27]669   0.001167           0    0.001167   2.334e-07  HS65_LH_SDFPQX4
datapath_module/reg_file_module/reg_memory_reg[8][25]603   0.001167           0    0.001167   2.334e-07  HS65_LH_SDFPQX4
datapath_module/alu_module/mul_44_34/FE_RC_1005_0  0.0007829   0.0003838    0.001167   2.706e-07  HS65_LH_AOI22X22
datapath_module/alu_module/mul_44_34/FE_RC_1211_0  0.0005301   0.0006366    0.001167   1.772e-07  HS65_LH_NOR2AX19
datapath_module/reg_file_module/reg_memory_reg[10][28]734   0.001166           0    0.001167   2.477e-07  HS65_LH_SDFPQX9
datapath_module/reg_file_module/reg_memory_reg[17][21]1175   0.001165           0    0.001165   2.475e-07  HS65_LH_SDFPQX9
datapath_module/reg_file_module/reg_memory_reg[5][19]405   0.001165           0    0.001165   2.472e-07  HS65_LH_SDFPQX9
datapath_module/reg_file_module/reg_memory_reg[16][4]1094   0.001165           0    0.001165   2.334e-07  HS65_LH_SDFPQX4
datapath_module/reg_file_module/reg_memory_reg[30][7]1993   0.001165           0    0.001165   2.331e-07  HS65_LH_SDFPQX4
datapath_module/alu_module/mul_44_34/g36301  0.0006469   0.0005175    0.001165   1.745e-07  HS65_LH_NOR2X50
datapath_module/reg_file_module/reg_memory_reg[30][5]1991   0.001163           0    0.001163   2.356e-07  HS65_LH_SDFPQX4
datapath_module/reg_file_module/reg_memory_reg[0][29]127   0.001162           0    0.001163   3.667e-07  HS65_LHS_SDFPQX27
datapath_module/reg_file_module/g43306_dup  0.0003656   0.0007957    0.001162    2.45e-07  HS65_LH_OR2X35
datapath_module/reg_file_module/reg_memory_reg[18][4]1222   0.001161           0    0.001161   2.334e-07  HS65_LH_SDFPQX4
datapath_module/reg_file_module/FE_USKC654_CTS_1  0.0007841   0.0003773    0.001161   9.958e-08  HS65_LH_BFX13
datapath_module/reg_file_module/reg_memory_reg[4][17]339   0.001161           0    0.001161   2.474e-07  HS65_LH_SDFPQX9
datapath_module/reg_file_module/reg_memory_reg[22][15]1489   0.001161           0    0.001161   2.472e-07  HS65_LH_SDFPQX9
datapath_module/reg_file_module/FE_OCPC234_instruction_code_23  0.0006033   0.0005568     0.00116   3.379e-07  HS65_LH_BFX53
datapath_module/reg_file_module/reg_memory_reg[11][3]773    0.00116           0     0.00116   2.334e-07  HS65_LH_SDFPQX4
datapath_module/reg_file_module/reg_memory_reg[15][12]1038   0.001158           0    0.001158   2.328e-07  HS65_LH_SDFPQX4
datapath_module/reg_file_module/reg_memory_reg[28][1]1859   0.001158           0    0.001158   2.335e-07  HS65_LH_SDFPQX4
datapath_module/reg_file_module/reg_memory_reg[22][6]1480   0.001157           0    0.001157   2.352e-07  HS65_LH_SDFPQX4
datapath_module/alu_module/mul_44_34/FE_RC_1268_0  0.0007001   0.0004569    0.001157   2.501e-07  HS65_LH_OAI12X24
datapath_module/reg_file_module/reg_memory_reg[15][2]1028   0.001156           0    0.001156   2.339e-07  HS65_LH_SDFPQX4
datapath_module/reg_file_module/reg_memory_reg[27][24]1818   0.001155           0    0.001155   2.334e-07  HS65_LH_SDFPQX4
datapath_module/alu_module/g7385  0.0004821    0.000673    0.001155   7.621e-08  HS65_LH_AO12X9
datapath_module/reg_file_module/reg_memory_reg[24][29]1631   0.001155           0    0.001155   2.335e-07  HS65_LH_SDFPQX4
datapath_module/reg_file_module/FE_USKC926_CTS_2  0.0005024   0.0006527    0.001155   5.463e-08  HS65_LH_BFX7
datapath_module/reg_file_module/reg_memory_reg[10][3]709   0.001155           0    0.001155   2.335e-07  HS65_LH_SDFPQX4
datapath_module/reg_file_module/reg_memory_reg[4][9]331   0.001154           0    0.001155   2.472e-07  HS65_LH_SDFPQX9
datapath_module/reg_file_module/reg_memory_reg[2][18]212   0.001154           0    0.001154   2.478e-07  HS65_LH_SDFPQX9
datapath_module/reg_file_module/reg_memory_reg[1][17]147   0.001152           0    0.001153   2.477e-07  HS65_LH_SDFPQX9
datapath_module/reg_file_module/reg_memory_reg[20][6]1352   0.001093   5.888e-05    0.001153     3.2e-07  HS65_LH_SDFPRQTX9
datapath_module/reg_file_module/FE_OCPC824_FE_DBTN10_write_data_5  0.0004259   0.0007263    0.001152   6.253e-08  HS65_LH_BFX9
datapath_module/reg_file_module/FE_USKC944_CTS_9  0.0005067   0.0006454    0.001152   5.463e-08  HS65_LH_BFX7
datapath_module/reg_file_module/reg_memory_reg[6][28]478   0.001151           0    0.001151   2.331e-07  HS65_LH_SDFPQX4
datapath_module/reg_file_module/reg_memory_reg[25][2]1668    0.00115           0    0.001151   2.334e-07  HS65_LH_SDFPQX4
datapath_module/reg_file_module/reg_memory_reg[27][2]1796    0.00115           0    0.001151   2.334e-07  HS65_LH_SDFPQX4
datapath_module/alu_module/mul_44_34/FE_RC_639_0  0.0004514   0.0006978    0.001149   2.428e-07  HS65_LH_NAND2X29
datapath_module/reg_file_module/FE_USKC921_CTS_1  0.0005886   0.0005608    0.001149   6.223e-08  HS65_LH_BFX9
datapath_module/reg_file_module/g43302  0.0003845   0.0007641    0.001149   2.943e-07  HS65_LH_NOR2X50
datapath_module/reg_file_module/reg_memory_reg[6][2]452   0.001149           0    0.001149   2.336e-07  HS65_LH_SDFPQX4
datapath_module/reg_file_module/reg_memory_reg[13][7]905   0.001148           0    0.001148   2.342e-07  HS65_LH_SDFPQX4
datapath_module/reg_file_module/reg_memory_reg[10][29]735   0.001148           0    0.001148   2.334e-07  HS65_LH_SDFPQX4
datapath_module/reg_file_module/reg_memory_reg[27][14]1808   0.001148           0    0.001148   2.333e-07  HS65_LH_SDFPQX4
datapath_module/reg_file_module/reg_memory_reg[17][3]1157   0.001147           0    0.001147   2.335e-07  HS65_LH_SDFPQX4
datapath_module/reg_file_module/reg_memory_reg[2][13]207   0.001147           0    0.001147   2.478e-07  HS65_LH_SDFPQX9
datapath_module/reg_file_module/reg_memory_reg[12][0]834   0.001145           0    0.001146   2.898e-07  HS65_LH_SDFPHQX4
datapath_module/alu_module/mul_44_34/FE_RC_1252_0  0.0006509   0.0004944    0.001146   3.364e-07  HS65_LH_NAND2AX29
datapath_module/reg_file_module/reg_memory_reg[9][18]660   0.001144           0    0.001144   2.333e-07  HS65_LH_SDFPQX4
datapath_module/reg_file_module/reg_memory_reg[4][0]322   0.001144           0    0.001144   2.898e-07  HS65_LH_SDFPHQX4
datapath_module/alu_module/mul_44_34/FE_RC_374_0  0.0005537   0.0005897    0.001144   2.001e-07  HS65_LH_PAOI2X22
datapath_module/alu_module/mul_44_34/FE_RC_312_0  0.0005877   0.0005552    0.001143   2.863e-07  HS65_LH_NAND2AX29
datapath_module/reg_file_module/reg_memory_reg[22][30]1504   0.001143           0    0.001143   2.478e-07  HS65_LH_SDFPQX9
datapath_module/reg_file_module/reg_memory_reg[12][2]836   0.001142           0    0.001143    2.33e-07  HS65_LH_SDFPQX4
datapath_module/alu_module/mul_44_34/FE_RC_1244_0  0.0004306   0.0007112    0.001142   2.933e-07  HS65_LH_NAND2X29
datapath_module/reg_file_module/reg_memory_reg[9][17]659   0.001142           0    0.001142   2.475e-07  HS65_LH_SDFPQX9
datapath_module/reg_file_module/reg_memory_reg[9][26]668    0.00114           0    0.001141   2.334e-07  HS65_LH_SDFPQX4
datapath_module/reg_file_module/reg_memory_reg[27][13]1807    0.00114           0    0.001141   2.475e-07  HS65_LH_SDFPQX9
datapath_module/reg_file_module/reg_memory_reg[2][14]208    0.00114           0     0.00114   2.335e-07  HS65_LH_SDFPQX4
datapath_module/reg_file_module/reg_memory_reg[4][27]349    0.00114           0     0.00114   2.335e-07  HS65_LH_SDFPQX4
datapath_module/reg_file_module/reg_memory_reg[31][3]2053   0.001139           0    0.001139    2.33e-07  HS65_LH_SDFPQX4
datapath_module/reg_file_module/reg_memory_reg[16][3]1093   0.001138           0    0.001138   2.334e-07  HS65_LH_SDFPQX4
datapath_module/alu_module/mul_44_34/g37754  0.0005287   0.0006092    0.001138   1.465e-07  HS65_LH_AO22X18
datapath_module/reg_file_module/reg_memory_reg[30][1]1987   0.001138           0    0.001138   2.331e-07  HS65_LH_SDFPQX4
datapath_module/reg_file_module/reg_memory_reg[4][14]336   0.001138           0    0.001138   2.332e-07  HS65_LH_SDFPQX4
datapath_module/reg_file_module/reg_memory_reg[14][31]993   0.001138           0    0.001138   2.328e-07  HS65_LH_SDFPQX4
datapath_module/reg_file_module/reg_memory_reg[17][27]1181   0.001136           0    0.001137   2.332e-07  HS65_LH_SDFPQX4
datapath_module/alu_module/g7392  0.0001961   0.0009399    0.001136   6.854e-08  HS65_LH_NAND2X7
datapath_module/reg_file_module/reg_memory_reg[9][25]667   0.001136           0    0.001136   2.476e-07  HS65_LH_SDFPQX9
datapath_module/reg_file_module/reg_memory_reg[6][14]464   0.001135           0    0.001136   2.333e-07  HS65_LH_SDFPQX4
datapath_module/reg_file_module/reg_memory_reg[24][0]1602   0.001135           0    0.001135   2.881e-07  HS65_LH_SDFPHQX4
datapath_module/alu_module/srl_43_34/g5983  0.0005548   0.0005802    0.001135   1.737e-07  HS65_LH_NOR2AX19
datapath_module/reg_file_module/reg_memory_reg[14][1]963   0.001134           0    0.001135   2.334e-07  HS65_LH_SDFPQX4
datapath_module/reg_file_module/reg_memory_reg[3][28]286   0.001134           0    0.001134   2.334e-07  HS65_LH_SDFPQX4
datapath_module/alu_module/mul_44_34/FE_RC_908_0  0.0006957   0.0004371    0.001133   3.266e-07  HS65_LH_AOI21X35
datapath_module/alu_module/sub_35_34/g27135  0.0004953   0.0006374    0.001133   1.688e-07  HS65_LH_NAND2X21
datapath_module/reg_file_module/reg_memory_reg[11][2]772   0.001132           0    0.001132   2.334e-07  HS65_LH_SDFPQX4
datapath_module/reg_file_module/reg_memory_reg[1][14]144   0.001132           0    0.001132   2.335e-07  HS65_LH_SDFPQX4
datapath_module/reg_file_module/reg_memory_reg[14][12]974   0.001132           0    0.001132    2.33e-07  HS65_LH_SDFPQX4
datapath_module/reg_file_module/reg_memory_reg[19][3]1285   0.001132           0    0.001132   2.334e-07  HS65_LH_SDFPQX4
datapath_module/alu_module/mul_44_34/FE_RC_838_0  0.0007028   0.0004279    0.001131   3.266e-07  HS65_LH_AOI21X35
datapath_module/reg_file_module/reg_memory_reg[18][3]1221   0.001131           0    0.001131   2.335e-07  HS65_LH_SDFPQX4
datapath_module/alu_module/FE_OCPC375_read_data1_4  0.0004748   0.0006551     0.00113   2.839e-07  HS65_LH_BFX44
datapath_module/reg_file_module/reg_memory_reg[11][20]790    0.00113           0     0.00113   2.477e-07  HS65_LH_SDFPQX9
datapath_module/reg_file_module/reg_memory_reg[17][18]1172   0.001128           0    0.001129   2.334e-07  HS65_LH_SDFPQX4
datapath_module/reg_file_module/FE_OCPC341_n_2450  0.0005872   0.0005409    0.001128   3.386e-07  HS65_LH_BFX53
datapath_module/reg_file_module/reg_memory_reg[22][22]1496   0.001128           0    0.001128   2.333e-07  HS65_LH_SDFPQX4
datapath_module/reg_file_module/reg_memory_reg[17][26]1180   0.001128           0    0.001128   2.473e-07  HS65_LH_SDFPQX9
datapath_module/reg_file_module/reg_memory_reg[22][8]1482   0.001127           0    0.001128   2.328e-07  HS65_LH_SDFPQX4
datapath_module/reg_file_module/reg_memory_reg[8][3]581   0.001126           0    0.001127   2.334e-07  HS65_LH_SDFPQX4
datapath_module/alu_module/mul_44_34/FE_OCPC614_n_1872  0.0006335   0.0004929    0.001127   1.151e-07  HS65_LH_BFX18
datapath_module/reg_file_module/reg_memory_reg[1][13]143   0.001125           0    0.001125   2.478e-07  HS65_LH_SDFPQX9
datapath_module/reg_file_module/reg_memory_reg[20][14]1360   0.001125           0    0.001125   2.332e-07  HS65_LH_SDFPQX4
datapath_module/reg_file_module/reg_memory_reg[11][17]787   0.001125           0    0.001125   2.476e-07  HS65_LH_SDFPQX9
datapath_module/reg_file_module/reg_memory_reg[10][2]708   0.001125           0    0.001125   2.335e-07  HS65_LH_SDFPQX4
datapath_module/reg_file_module/FE_OCPC520_n_1146  0.0002639   0.0008582    0.001123   4.148e-07  HS65_LH_BFX62
datapath_module/reg_file_module/reg_memory_reg[16][31]1121   0.001122           0    0.001122    3.67e-07  HS65_LHS_SDFPQX27
datapath_module/reg_file_module/reg_memory_reg[27][6]1800    0.00112           0    0.001121   2.326e-07  HS65_LH_SDFPQX4
datapath_module/reg_file_module/reg_memory_reg[24][18]1620    0.00112           0     0.00112   2.331e-07  HS65_LH_SDFPQX4
datapath_module/alu_module/mul_44_34/FE_RC_529_0  0.0005557   0.0005626    0.001119   3.132e-07  HS65_LH_NOR2AX25
datapath_module/reg_file_module/reg_memory_reg[27][10]1804   0.001118           0    0.001118   2.474e-07  HS65_LH_SDFPQX9
datapath_module/reg_file_module/reg_memory_reg[29][19]1941   0.001118           0    0.001118   2.486e-07  HS65_LH_SDFPQX9
datapath_module/alu_module/mul_44_34/g37240  0.0006793   0.0004382    0.001118   1.667e-07  HS65_LH_AOI22X17
datapath_module/reg_file_module/FE_RC_349_0  0.0007224    0.000394    0.001117   3.387e-07  HS65_LH_OAI12X49
datapath_module/reg_file_module/reg_memory_reg[26][4]1734   0.001116           0    0.001116   2.332e-07  HS65_LH_SDFPQX4
datapath_module/reg_file_module/FE_OCPC203_n_8  0.0003156   0.0007997    0.001116   3.364e-07  HS65_LH_BFX53
datapath_module/alu_module/mul_44_34/FE_OCPC942_n_2116  0.0005996   0.0005155    0.001115   1.656e-07  HS65_LH_BFX27
datapath_module/reg_file_module/reg_memory_reg[14][30]992   0.001115           0    0.001115   2.479e-07  HS65_LH_SDFPQX9
datapath_module/reg_file_module/reg_memory_reg[5][2]388   0.001115           0    0.001115    2.33e-07  HS65_LH_SDFPQX4
datapath_module/alu_module/g7341  0.0006123   0.0005016    0.001114   2.211e-07  HS65_LH_AO12X27
datapath_module/reg_file_module/reg_memory_reg[4][19]341   0.001113           0    0.001113   2.472e-07  HS65_LH_SDFPQX9
datapath_module/reg_file_module/reg_memory_reg[16][0]1090   0.001113           0    0.001113   2.879e-07  HS65_LH_SDFPHQX4
datapath_module/reg_file_module/reg_memory_reg[8][29]607   0.001112           0    0.001113   2.335e-07  HS65_LH_SDFPQX4
datapath_module/reg_file_module/reg_memory_reg[14][7]969   0.001112           0    0.001113   2.335e-07  HS65_LH_SDFPQX4
datapath_module/reg_file_module/reg_memory_reg[2][25]219   0.001111           0    0.001112    3.67e-07  HS65_LHS_SDFPQX27
datapath_module/reg_file_module/reg_memory_reg[4][6]328   0.001055   5.594e-05    0.001112   3.187e-07  HS65_LH_SDFPRQTX9
datapath_module/reg_file_module/reg_memory_reg[17][17]1171   0.001111           0    0.001111   2.475e-07  HS65_LH_SDFPQX9
datapath_module/reg_file_module/reg_memory_reg[4][11]333    0.00111           0     0.00111   2.473e-07  HS65_LH_SDFPQX9
datapath_module/reg_file_module/reg_memory_reg[25][27]1693    0.00111           0     0.00111   2.334e-07  HS65_LH_SDFPQX4
datapath_module/reg_file_module/reg_memory_reg[17][14]1168    0.00111           0     0.00111   2.334e-07  HS65_LH_SDFPQX4
datapath_module/alu_module/mul_44_34/FE_OCPC262_n_1513  0.0004993   0.0006101    0.001109   1.151e-07  HS65_LH_BFX18
datapath_module/reg_file_module/reg_memory_reg[27][0]1794   0.001109           0    0.001109   2.876e-07  HS65_LH_SDFPHQX4
datapath_module/reg_file_module/reg_memory_reg[25][0]1666   0.001108           0    0.001108   2.876e-07  HS65_LH_SDFPHQX4
datapath_module/reg_file_module/reg_memory_reg[6][31]481   0.001106           0    0.001107   2.327e-07  HS65_LH_SDFPQX4
datapath_module/reg_file_module/reg_memory_reg[8][28]606   0.001106           0    0.001106   2.478e-07  HS65_LH_SDFPQX9
datapath_module/alu_module/mul_44_34/FE_RC_507_0   0.000742   0.0003634    0.001106   3.035e-07  HS65_LH_NAND2AX29
datapath_module/reg_file_module/reg_memory_reg[2][17]211   0.001105           0    0.001106   2.475e-07  HS65_LH_SDFPQX9
datapath_module/reg_file_module/reg_memory_reg[29][1]1923   0.001105           0    0.001106   2.335e-07  HS65_LH_SDFPQX4
datapath_module/alu_module/mul_44_34/g36944   0.000776   0.0003285    0.001105   3.731e-07  HS65_LH_MUX21I1X24
datapath_module/reg_file_module/reg_memory_reg[10][25]731   0.001104           0    0.001105   2.334e-07  HS65_LH_SDFPQX4
datapath_module/alu_module/mul_44_34/FE_RC_1265_0  0.0002602   0.0008441    0.001104   1.228e-07  HS65_LH_IVX27
datapath_module/reg_file_module/reg_memory_reg[18][30]1248   0.001104           0    0.001104    3.67e-07  HS65_LHS_SDFPQX27
datapath_module/reg_file_module/reg_memory_reg[27][1]1795   0.001104           0    0.001104   2.334e-07  HS65_LH_SDFPQX4
datapath_module/reg_file_module/reg_memory_reg[24][2]1604   0.001104           0    0.001104   2.334e-07  HS65_LH_SDFPQX4
datapath_module/alu_module/mul_44_34/FE_OCPC807_FE_DBTN35_n_578  0.0006628   0.0004408    0.001104   2.341e-07  HS65_LH_BFX35
datapath_module/reg_file_module/reg_memory_reg[26][27]1757   0.001103           0    0.001104   2.334e-07  HS65_LH_SDFPQX4
datapath_module/reg_file_module/reg_memory_reg[16][27]1117   0.001103           0    0.001103   2.334e-07  HS65_LH_SDFPQX4
datapath_module/reg_file_module/reg_memory_reg[30][31]2017   0.001103           0    0.001103   2.333e-07  HS65_LH_SDFPQX4
datapath_module/reg_file_module/reg_memory_reg[16][2]1092   0.001102           0    0.001102   2.334e-07  HS65_LH_SDFPQX4
datapath_module/reg_file_module/reg_memory_reg[25][1]1667   0.001101           0    0.001102   2.334e-07  HS65_LH_SDFPQX4
datapath_module/alu_module/mul_44_34/FE_RC_951_0  0.0003492   0.0007521    0.001101   1.642e-07  HS65_LH_IVX35
datapath_module/reg_file_module/reg_memory_reg[3][27]285   0.001101           0    0.001101   2.334e-07  HS65_LH_SDFPQX4
datapath_module/alu_module/mul_44_34/FE_RC_876_0  0.0007914   0.0003091    0.001101   6.766e-07  HS65_LH_OAI12X49
datapath_module/reg_file_module/reg_memory_reg[17][2]1156     0.0011           0      0.0011   2.335e-07  HS65_LH_SDFPQX4
datapath_module/alu_module/mul_44_34/FE_RC_561_0  0.0006758   0.0004238      0.0011   2.149e-07  HS65_LH_OAI21X18
datapath_module/reg_file_module/FE_OFC296_n_1086  5.597e-05    0.001043    0.001099   8.195e-08  HS65_LH_IVX18
datapath_module/reg_file_module/g42723   0.000652   0.0004463    0.001099    5.87e-07  HS65_LH_NOR3X35
datapath_module/reg_file_module/reg_memory_reg[1][2]132   0.001098           0    0.001099   2.335e-07  HS65_LH_SDFPQX4
datapath_module/reg_file_module/FE_USKC948_CTS_9  0.0005025   0.0005959    0.001098   5.463e-08  HS65_LH_BFX7
datapath_module/reg_file_module/reg_memory_reg[7][8]522   0.001098           0    0.001098   2.334e-07  HS65_LH_SDFPQX4
datapath_module/reg_file_module/reg_memory_reg[9][14]656   0.001098           0    0.001098   2.332e-07  HS65_LH_SDFPQX4
datapath_module/reg_file_module/reg_memory_reg[2][28]222   0.001097           0    0.001097   3.661e-07  HS65_LHS_SDFPQX27
datapath_module/alu_module/mul_44_34/FE_RC_730_0  0.0004853   0.0006101    0.001095   1.036e-07  HS65_LH_NAND2X14
datapath_module/alu_module/mul_44_34/FE_RC_949_0  0.0006014   0.0004939    0.001095    1.49e-07  HS65_LH_AND2X18
datapath_module/reg_file_module/reg_memory_reg[14][11]973   0.001095           0    0.001095   2.475e-07  HS65_LH_SDFPQX9
datapath_module/reg_file_module/FE_RC_1016_0  0.0004633   0.0006315    0.001095   2.883e-07  HS65_LH_NOR2X50
IFU_module/PC_reg[2]             0.00097   0.0001246    0.001095   3.435e-07  HS65_LHS_SDFPRQNX18
datapath_module/reg_file_module/reg_memory_reg[17][20]1174   0.001095           0    0.001095   2.474e-07  HS65_LH_SDFPQX9
datapath_module/reg_file_module/reg_memory_reg[24][5]1607   0.001065   2.928e-05    0.001095   3.148e-07  HS65_LH_SDFPRQTX9
datapath_module/reg_file_module/reg_memory_reg[8][0]578   0.001094           0    0.001095   2.878e-07  HS65_LH_SDFPHQX4
datapath_module/reg_file_module/reg_memory_reg[1][16]146   0.001094           0    0.001094   2.475e-07  HS65_LH_SDFPQX9
datapath_module/reg_file_module/reg_memory_reg[9][20]662   0.001094           0    0.001094   2.472e-07  HS65_LH_SDFPQX9
datapath_module/reg_file_module/reg_memory_reg[12][24]858   0.001093           0    0.001093    2.34e-07  HS65_LH_SDFPQX4
datapath_module/reg_file_module/reg_memory_reg[15][11]1037   0.001093           0    0.001093   2.334e-07  HS65_LH_SDFPQX4
datapath_module/reg_file_module/reg_memory_reg[8][2]580   0.001092           0    0.001092   2.334e-07  HS65_LH_SDFPQX4
datapath_module/reg_file_module/FE_USKC954_CTS_5   0.000506   0.0005856    0.001092   5.463e-08  HS65_LH_BFX7
datapath_module/reg_file_module/reg_memory_reg[10][27]733   0.001091           0    0.001091   2.335e-07  HS65_LH_SDFPQX4
datapath_module/reg_file_module/reg_memory_reg[20][8]1354    0.00109           0     0.00109   2.328e-07  HS65_LH_SDFPQX4
datapath_module/reg_file_module/reg_memory_reg[6][3]453    0.00109           0     0.00109   2.351e-07  HS65_LH_SDFPQX4
datapath_module/alu_module/mul_44_34/g36656  0.0004683   0.0006212     0.00109   7.822e-08  HS65_LH_AO12X9
datapath_module/reg_file_module/reg_memory_reg[3][8]266   0.001089           0     0.00109   2.331e-07  HS65_LH_SDFPQX4
datapath_module/reg_file_module/reg_memory_reg[8][5]583   0.001063   2.367e-05    0.001087   3.171e-07  HS65_LH_SDFPRQTX9
datapath_module/reg_file_module/reg_memory_reg[1][24]154   0.001087           0    0.001087   2.334e-07  HS65_LH_SDFPQX4
datapath_module/reg_file_module/reg_memory_reg[11][1]771   0.001086           0    0.001086   2.334e-07  HS65_LH_SDFPQX4
datapath_module/reg_file_module/reg_memory_reg[1][5]135   0.001026   5.947e-05    0.001086   3.187e-07  HS65_LH_SDFPRQTX9
datapath_module/reg_file_module/reg_memory_reg[18][2]1220   0.001086           0    0.001086   2.335e-07  HS65_LH_SDFPQX4
datapath_module/reg_file_module/reg_memory_reg[27][18]1812   0.001085           0    0.001086   2.328e-07  HS65_LH_SDFPQX4
datapath_module/reg_file_module/reg_memory_reg[4][13]335   0.001084           0    0.001085   2.472e-07  HS65_LH_SDFPQX9
datapath_module/alu_module/mul_44_34/FE_OFC157_read_data1_5   0.000112   0.0009712    0.001083   8.082e-08  HS65_LH_IVX18
datapath_module/alu_module/FE_RC_1276_0  0.0006643   0.0004187    0.001083   1.961e-07  HS65_LH_AOI21X17
datapath_module/reg_file_module/reg_memory_reg[24][27]1629   0.001082           0    0.001082   2.335e-07  HS65_LH_SDFPQX4
datapath_module/alu_module/sll_42_34/g19805  0.0002406   0.0008416    0.001082   1.419e-07  HS65_LH_AOI212X9
datapath_module/reg_file_module/reg_memory_reg[5][4]390   0.001082           0    0.001082   2.326e-07  HS65_LH_SDFPQX4
datapath_module/alu_module/mul_44_34/g36684  0.0005674   0.0005142    0.001082   4.862e-07  HS65_LH_AOI12X35
datapath_module/alu_module/mul_44_34/g37866  0.0007671   0.0003145    0.001082   3.675e-07  HS65_LH_MUX21I1X24
datapath_module/reg_file_module/reg_memory_reg[1][31]161   0.001081           0    0.001082   4.088e-07  HS65_LHS_SDFPQX35
datapath_module/reg_file_module/reg_memory_reg[9][31]673    0.00108           0     0.00108   2.329e-07  HS65_LH_SDFPQX4
datapath_module/reg_file_module/reg_memory_reg[8][26]604    0.00108           0     0.00108   3.251e-07  HS65_LHS_SDFPQX18
datapath_module/alu_module/mul_44_34/FE_RC_570_0  0.0005514    0.000527    0.001079   3.132e-07  HS65_LH_NOR2AX25
datapath_module/reg_file_module/reg_memory_reg[4][21]343   0.001078           0    0.001078   2.467e-07  HS65_LH_SDFPQX9
datapath_module/reg_file_module/reg_memory_reg[17][13]1167   0.001078           0    0.001078   2.476e-07  HS65_LH_SDFPQX9
datapath_module/reg_file_module/reg_memory_reg[2][30]224   0.001077           0    0.001077   3.653e-07  HS65_LHS_SDFPQX27
datapath_module/reg_file_module/reg_memory_reg[11][0]770   0.001077           0    0.001077   2.875e-07  HS65_LH_SDFPHQX4
datapath_module/alu_module/mul_44_34/g38419  0.0003763   0.0007002    0.001077   5.933e-08  HS65_LH_AND2X4
datapath_module/reg_file_module/reg_memory_reg[10][1]707   0.001076           0    0.001077   2.334e-07  HS65_LH_SDFPQX4
datapath_module/reg_file_module/FE_USKC927_CTS_2  0.0004348   0.0006415    0.001076   4.891e-08  HS65_LH_BFX4
datapath_module/reg_file_module/reg_memory_reg[11][16]786   0.001075           0    0.001075   2.481e-07  HS65_LH_SDFPQX9
datapath_module/reg_file_module/reg_memory_reg[4][2]324   0.001075           0    0.001075   2.331e-07  HS65_LH_SDFPQX4
datapath_module/reg_file_module/reg_memory_reg[30][4]1990   0.001074           0    0.001074    2.32e-07  HS65_LH_SDFPQX4
datapath_module/alu_module/mul_44_34/FE_RC_605_0  0.0005706   0.0005033    0.001074   1.419e-07  HS65_LH_AOI22X17
datapath_module/reg_file_module/reg_memory_reg[9][16]658   0.001073           0    0.001074   2.471e-07  HS65_LH_SDFPQX9
datapath_module/alu_module/mul_44_34/FE_OCPC282_n_157  0.0003946   0.0006786    0.001073    6.22e-08  HS65_LH_BFX9
datapath_module/reg_file_module/reg_memory_reg[8][30]608   0.001071           0    0.001072   3.664e-07  HS65_LHS_SDFPQX27
datapath_module/reg_file_module/reg_memory_reg[6][13]463   0.001071           0    0.001071   2.474e-07  HS65_LH_SDFPQX9
datapath_module/alu_module/mul_44_34/g37357   0.000565   0.0005054    0.001071   3.287e-07  HS65_LH_NAND2AX29
datapath_module/reg_file_module/reg_memory_reg[30][6]1992    0.00107           0     0.00107   2.342e-07  HS65_LH_SDFPQX4
datapath_module/reg_file_module/reg_memory_reg[6][27]477    0.00107           0     0.00107   2.326e-07  HS65_LH_SDFPQX4
datapath_module/alu_module/sll_42_34/g19896  0.0004734   0.0005965     0.00107     1.5e-07  HS65_LH_AND2ABX18
datapath_module/reg_file_module/reg_memory_reg[4][16]338    0.00107           0     0.00107   2.473e-07  HS65_LH_SDFPQX9
datapath_module/reg_file_module/reg_memory_reg[2][2]196   0.001069           0     0.00107   2.335e-07  HS65_LH_SDFPQX4
datapath_module/reg_file_module/reg_memory_reg[27][5]1799   0.001069           0    0.001069   2.333e-07  HS65_LH_SDFPQX4
datapath_module/alu_module/mul_44_34/FE_OCPC707_n_174  0.0004321   0.0006351    0.001067   6.206e-08  HS65_LH_BFX9
datapath_module/reg_file_module/reg_memory_reg[22][10]1484   0.001067           0    0.001067   2.469e-07  HS65_LH_SDFPQX9
datapath_module/alu_module/g7300  0.0004758   0.0005903    0.001066   7.252e-08  HS65_LH_NAND4ABX3
datapath_module/reg_file_module/FE_OFC78_n_1072  0.0002939   0.0007715    0.001066   2.388e-07  HS65_LH_BFX35
datapath_module/reg_file_module/reg_memory_reg[17][25]1179   0.001065           0    0.001065   2.478e-07  HS65_LH_SDFPQX9
datapath_module/reg_file_module/reg_memory_reg[6][30]480   0.001065           0    0.001065   2.475e-07  HS65_LH_SDFPQX9
datapath_module/reg_file_module/g42620  0.0005292   0.0005353    0.001065   5.235e-07  HS65_LH_NOR2X50
datapath_module/alu_module/mul_44_34/FE_RC_976_0  0.0005292   0.0005347    0.001064    4.67e-07  HS65_LH_OAI12X49
datapath_module/alu_module/mul_44_34/g36714  0.0004185   0.0006452    0.001064   7.709e-08  HS65_LH_NAND2AX7
datapath_module/alu_module/FE_OCPC362_FE_OFN99_read_data2_2  0.0002392    0.000824    0.001063   9.942e-08  HS65_LH_BFX13
datapath_module/reg_file_module/reg_memory_reg[29][22]1944   0.001063           0    0.001063   2.462e-07  HS65_LH_SDFPQX9
datapath_module/reg_file_module/g42557   0.000536   0.0005263    0.001063   5.202e-07  HS65_LH_NOR2X50
datapath_module/reg_file_module/reg_memory_reg[24][1]1603   0.001062           0    0.001062   2.334e-07  HS65_LH_SDFPQX4
datapath_module/reg_file_module/reg_memory_reg[9][13]655   0.001061           0    0.001062   2.472e-07  HS65_LH_SDFPQX9
datapath_module/reg_file_module/reg_memory_reg[20][16]1362   0.001061           0    0.001061   2.467e-07  HS65_LH_SDFPQX9
datapath_module/reg_file_module/FE_USKC923_CTS_2  0.0005064   0.0005541    0.001061   5.463e-08  HS65_LH_BFX7
datapath_module/reg_file_module/reg_memory_reg[11][19]789   0.001059           0     0.00106   2.473e-07  HS65_LH_SDFPQX9
datapath_module/reg_file_module/reg_memory_reg[27][17]1811   0.001059           0    0.001059   2.478e-07  HS65_LH_SDFPQX9
datapath_module/alu_module/FE_OCPC345_read_data2_3  0.0001554   0.0009033    0.001059   9.931e-08  HS65_LH_BFX13
datapath_module/reg_file_module/reg_memory_reg[9][30]672   0.001058           0    0.001059    2.48e-07  HS65_LH_SDFPQX9
datapath_module/alu_module/mul_44_34/g36661  0.0005615   0.0004967    0.001058   9.654e-08  HS65_LH_MUX21I1X6
datapath_module/reg_file_module/FE_USKC658_CTS_1  0.0007838   0.0002743    0.001058   9.958e-08  HS65_LH_BFX13
datapath_module/reg_file_module/reg_memory_reg[10][0]706   0.001058           0    0.001058   2.892e-07  HS65_LH_SDFPHQX4
datapath_module/alu_module/FE_OFC371_n_75  0.0001582   0.0008996    0.001058   6.167e-08  HS65_LH_BFX9
datapath_module/reg_file_module/reg_memory_reg[26][3]1733   0.001057           0    0.001058   2.329e-07  HS65_LH_SDFPQX4
datapath_module/reg_file_module/reg_memory_reg[17][4]1158   0.001057           0    0.001057   2.334e-07  HS65_LH_SDFPQX4
datapath_module/alu_module/mul_44_34/g37547  0.0006513   0.0004052    0.001057    2.24e-07  HS65_LH_AOI12X23
datapath_module/reg_file_module/reg_memory_reg[16][1]1091   0.001056           0    0.001056   2.334e-07  HS65_LH_SDFPQX4
datapath_module/reg_file_module/reg_memory_reg[2][12]206   0.001053           0    0.001053   2.333e-07  HS65_LH_SDFPQX4
datapath_module/reg_file_module/FE_USKC789_CTS_4  0.0004344   0.0006186    0.001053   4.891e-08  HS65_LH_BFX4
datapath_module/reg_file_module/reg_memory_reg[21][27]1437   0.001053           0    0.001053   2.334e-07  HS65_LH_SDFPQX4
datapath_module/reg_file_module/reg_memory_reg[22][12]1486   0.001053           0    0.001053   2.324e-07  HS65_LH_SDFPQX4
datapath_module/alu_module/mul_44_34/FE_OCPC409_FE_DBTN39_read_data2_1  0.0002035   0.0008486    0.001052   1.525e-07  HS65_LH_IVX31
datapath_module/reg_file_module/reg_memory_reg[0][28]126   0.001051           0    0.001051   3.267e-07  HS65_LHS_SDFPQX18
datapath_module/alu_module/mul_44_34/FE_RC_972_0  0.0007566   0.0002938    0.001051   2.446e-07  HS65_LH_AOI21X35
datapath_module/reg_file_module/reg_memory_reg[1][23]153    0.00105           0     0.00105   2.471e-07  HS65_LH_SDFPQX9
datapath_module/alu_module/mul_44_34/FE_RC_907_0  0.0005588     0.00049     0.00105   9.602e-07  HS65_LH_NAND3X50
datapath_module/reg_file_module/reg_memory_reg[4][25]347   0.001049           0     0.00105    2.33e-07  HS65_LH_SDFPQX4
datapath_module/alu_module/mul_44_34/FE_RC_1042_0  0.0003087   0.0007407     0.00105   1.123e-07  HS65_LH_NOR2X13
datapath_module/alu_module/mul_44_34/FE_RC_925_0  0.0008912   0.0001579    0.001049   1.177e-07  HS65_LH_OAI112X44
datapath_module/reg_file_module/reg_memory_reg[8][1]579   0.001048           0    0.001048   2.334e-07  HS65_LH_SDFPQX4
datapath_module/reg_file_module/reg_memory_reg[2][16]210   0.001047           0    0.001047   2.478e-07  HS65_LH_SDFPQX9
datapath_module/alu_module/mul_44_34/FE_OFC111_read_data2_1_dup  0.0004175   0.0006291    0.001047   3.419e-07  HS65_LH_IVX71
datapath_module/alu_module/FE_OCPC257_read_data1_1  0.0002498   0.0007964    0.001046   1.146e-07  HS65_LH_BFX18
datapath_module/reg_file_module/reg_memory_reg[0][31]129   0.001046           0    0.001046   3.239e-07  HS65_LHS_SDFPQX18
datapath_module/reg_file_module/reg_memory_reg[12][1]835   0.001046           0    0.001046   2.343e-07  HS65_LH_SDFPQX4
datapath_module/reg_file_module/reg_memory_reg[3][7]265   0.001045           0    0.001045   2.332e-07  HS65_LH_SDFPQX4
datapath_module/alu_module/mul_44_34/g36414  0.0006572   0.0003856    0.001043   3.378e-07  HS65_LH_OAI12X24
datapath_module/reg_file_module/reg_memory_reg[19][2]1284   0.001042           0    0.001042   2.331e-07  HS65_LH_SDFPQX4
datapath_module/alu_module/mul_44_34/g38473  0.0005873   0.0004537    0.001041   2.963e-07  HS65_LHS_XNOR2X18
datapath_module/reg_file_module/reg_memory_reg[9][6]648   0.001041           0    0.001041   2.337e-07  HS65_LH_SDFPQX4
datapath_module/alu_module/mul_44_34/g37236_dup  0.0004575    0.000583    0.001041   2.771e-07  HS65_LH_NAND2X29
datapath_module/reg_file_module/reg_memory_reg[27][9]1803    0.00104           0    0.001041    2.47e-07  HS65_LH_SDFPQX9
datapath_module/alu_module/mul_44_34/FE_RC_1295_0  0.0006271   0.0004122     0.00104   2.261e-07  HS65_LH_OAI21X18
datapath_module/reg_file_module/g7115  0.0002893     0.00075     0.00104   2.425e-07  HS65_LH_OR2ABX35
datapath_module/reg_file_module/reg_memory_reg[17][16]1170   0.001039           0    0.001039   2.476e-07  HS65_LH_SDFPQX9
datapath_module/reg_file_module/reg_memory_reg[27][7]1801   0.001039           0    0.001039   2.349e-07  HS65_LH_SDFPQX4
datapath_module/reg_file_module/reg_memory_reg[27][30]1824   0.001038           0    0.001039   2.335e-07  HS65_LH_SDFPQX4
datapath_module/reg_file_module/reg_memory_reg[27][21]1815   0.001038           0    0.001038   2.475e-07  HS65_LH_SDFPQX9
datapath_module/alu_module/mul_44_34/FE_RC_76_0  0.0002143   0.0008233    0.001038   1.689e-07  HS65_LH_IVX35
datapath_module/reg_file_module/reg_memory_reg[24][25]1627   0.001037           0    0.001037   2.336e-07  HS65_LH_SDFPQX4
datapath_module/alu_module/mul_44_34/FE_OCPC485_FE_DBTN34_n_716  0.0006916   0.0003446    0.001036    2.37e-07  HS65_LH_BFX35
datapath_module/reg_file_module/reg_memory_reg[1][1]131   0.001035           0    0.001036   2.334e-07  HS65_LH_SDFPQX4
datapath_module/reg_file_module/reg_memory_reg[25][31]1697   0.001034           0    0.001034   2.336e-07  HS65_LH_SDFPQX4
datapath_module/reg_file_module/reg_memory_reg[1][19]149   0.001033           0    0.001033   2.475e-07  HS65_LH_SDFPQX9
datapath_module/reg_file_module/reg_memory_reg[30][2]1988   0.001032           0    0.001032   2.326e-07  HS65_LH_SDFPQX4
datapath_module/reg_file_module/reg_memory_reg[11][31]801   0.001032           0    0.001032   2.336e-07  HS65_LH_SDFPQX4
datapath_module/alu_module/mul_44_34/g38411  0.0002473   0.0007844    0.001032   7.906e-08  HS65_LH_NAND2AX7
datapath_module/reg_file_module/reg_memory_reg[17][1]1155   0.001031           0    0.001031   2.335e-07  HS65_LH_SDFPQX4
datapath_module/alu_module/srl_43_34/FE_RC_272_0  0.0006215   0.0004097    0.001031   2.046e-07  HS65_LH_AND2X27
datapath_module/reg_file_module/reg_memory_reg[27][12]1806    0.00103           0     0.00103   2.325e-07  HS65_LH_SDFPQX4
datapath_module/reg_file_module/g43329_dup  0.0003533   0.0006766     0.00103    2.03e-07  HS65_LH_AND2X27
datapath_module/alu_module/mul_44_34/g37629  0.0005211   0.0005086     0.00103   2.059e-07  HS65_LH_NAND2X43
datapath_module/reg_file_module/FE_USKC656_CTS_1  0.0007838   0.0002461     0.00103   9.958e-08  HS65_LH_BFX13
datapath_module/reg_file_module/reg_memory_reg[29][2]1924    0.00103           0     0.00103    2.32e-07  HS65_LH_SDFPQX4
datapath_module/reg_file_module/g43336   0.000438     0.00059    0.001028   2.621e-07  HS65_LH_NAND2X43
datapath_module/alu_module/mul_44_34/FE_OCPC460_n_2097  0.0005032   0.0005248    0.001028   1.146e-07  HS65_LH_BFX18
datapath_module/reg_file_module/reg_memory_reg[9][24]666   0.001028           0    0.001028   2.327e-07  HS65_LH_SDFPQX4
datapath_module/reg_file_module/FE_USKC735_CTS_6  0.0005886   0.0004376    0.001026   6.223e-08  HS65_LH_BFX9
datapath_module/reg_file_module/reg_memory_reg[18][1]1219   0.001026           0    0.001026   2.335e-07  HS65_LH_SDFPQX4
datapath_module/reg_file_module/FE_USKC787_CTS_4  0.0004328   0.0005931    0.001026   4.891e-08  HS65_LH_BFX4
datapath_module/reg_file_module/reg_memory_reg[26][1]1731   0.001026           0    0.001026   2.335e-07  HS65_LH_SDFPQX4
datapath_module/reg_file_module/reg_memory_reg[3][31]289   0.001025           0    0.001026   2.336e-07  HS65_LH_SDFPQX4
datapath_module/alu_module/mul_44_34/g38549  0.0006337   0.0003899    0.001024   2.575e-07  HS65_LHS_XOR2X17
datapath_module/reg_file_module/reg_memory_reg[26][0]1730   0.001023           0    0.001023   2.897e-07  HS65_LH_SDFPHQX4
datapath_module/reg_file_module/reg_memory_reg[9][19]661   0.001023           0    0.001023   2.475e-07  HS65_LH_SDFPQX9
datapath_module/reg_file_module/reg_memory_reg[9][23]665   0.001022           0    0.001022   3.225e-07  HS65_LHS_SDFPQX18
datapath_module/reg_file_module/reg_memory_reg[18][0]1218   0.001021           0    0.001022   2.898e-07  HS65_LH_SDFPHQX4
datapath_module/reg_file_module/reg_memory_reg[22][7]1481    0.00102           0     0.00102   2.327e-07  HS65_LH_SDFPQX4
datapath_module/alu_module/mul_44_34/FE_RC_803_0  0.0006454   0.0003745     0.00102   3.364e-07  HS65_LH_NAND2AX29
datapath_module/reg_file_module/g7445  0.0001805   0.0008394     0.00102   1.387e-07  HS65_LH_NOR2AX13
datapath_module/reg_file_module/reg_memory_reg[5][18]404   0.001019           0    0.001019    2.32e-07  HS65_LH_SDFPQX4
datapath_module/alu_module/mul_44_34/FE_RC_1193_0  0.0004153   0.0006036    0.001019    1.47e-07  HS65_LH_OAI21X18
datapath_module/reg_file_module/FE_USKC657_CTS_1  0.0007837   0.0002348    0.001019   9.958e-08  HS65_LH_BFX13
datapath_module/alu_module/mul_44_34/FE_OCPC851_n_1119  0.0006084   0.0004099    0.001018   1.646e-07  HS65_LH_BFX27
datapath_module/reg_file_module/reg_memory_reg[20][25]1371   0.001017           0    0.001017   3.652e-07  HS65_LHS_SDFPQX27
datapath_module/reg_file_module/reg_memory_reg[4][8]330   0.001016           0    0.001016   2.325e-07  HS65_LH_SDFPQX4
datapath_module/reg_file_module/reg_memory_reg[17][19]1173   0.001016           0    0.001016   2.472e-07  HS65_LH_SDFPQX9
datapath_module/alu_module/mul_44_34/g37647  0.0006571   0.0003578    0.001015   2.646e-07  HS65_LH_NOR2X50
datapath_module/alu_module/mul_44_34/FE_RC_575_0  0.0003801   0.0006344    0.001015   3.463e-07  HS65_LH_NAND2AX29
datapath_module/reg_file_module/reg_memory_reg[17][6]1160  0.0009866   2.782e-05    0.001015   3.188e-07  HS65_LH_SDFPRQTX9
datapath_module/reg_file_module/reg_memory_reg[1][12]142   0.001012           0    0.001013   2.331e-07  HS65_LH_SDFPQX4
datapath_module/reg_file_module/reg_memory_reg[8][27]605   0.001012           0    0.001013   2.332e-07  HS65_LH_SDFPQX4
datapath_module/alu_module/mul_44_34/FE_OCPC446_n_2985  0.0005131   0.0004986    0.001012     1.5e-07  HS65_LH_BFX22
datapath_module/reg_file_module/reg_memory_reg[2][1]195    0.00101           0     0.00101   2.335e-07  HS65_LH_SDFPQX4
datapath_module/reg_file_module/FE_USKC918_CTS_1  0.0004376   0.0005719    0.001009   4.891e-08  HS65_LH_BFX4
datapath_module/reg_file_module/reg_memory_reg[22][14]1488   0.001009           0    0.001009   2.321e-07  HS65_LH_SDFPQX4
datapath_module/reg_file_module/FE_USKC952_CTS_1  0.0005056   0.0005027    0.001008   5.463e-08  HS65_LH_BFX7
datapath_module/alu_module/mul_44_34/g37639  0.0003604   0.0006476    0.001008   1.414e-07  HS65_LH_NAND2X29
datapath_module/reg_file_module/reg_memory_reg[4][31]353   0.001006           0    0.001006   2.335e-07  HS65_LH_SDFPQX4
datapath_module/reg_file_module/reg_memory_reg[17][0]1154   0.001005           0    0.001005   2.897e-07  HS65_LH_SDFPHQX4
datapath_module/alu_module/sll_42_34/FE_OFC397_FE_OCPN112_read_data2_0     0.0001   0.0009049    0.001005   8.041e-08  HS65_LH_IVX18
datapath_module/alu_module/mul_44_34/FE_RC_1012_0  0.0005225   0.0004813    0.001004   2.332e-07  HS65_LH_OR2X27
datapath_module/alu_module/mul_44_34/g39268  0.0005681   0.0004349    0.001003   2.011e-07  HS65_LH_AO22X27
datapath_module/reg_file_module/reg_memory_reg[2][11]205   0.001003           0    0.001003   2.473e-07  HS65_LH_SDFPQX9
datapath_module/alu_module/mul_44_34/FE_RC_1329_0  0.0004788   0.0005239    0.001003   1.005e-07  HS65_LH_NAND2X29
datapath_module/reg_file_module/reg_memory_reg[3][1]259   0.001002           0    0.001003   2.333e-07  HS65_LH_SDFPQX4
datapath_module/reg_file_module/reg_memory_reg[4][10]332   0.001002           0    0.001002   2.467e-07  HS65_LH_SDFPQX9
datapath_module/reg_file_module/reg_memory_reg[6][4]454   0.001001           0    0.001001   2.327e-07  HS65_LH_SDFPQX4
datapath_module/reg_file_module/reg_memory_reg[2][9]203      0.001           0       0.001   2.469e-07  HS65_LH_SDFPQX9
datapath_module/alu_module/mul_44_34/g36425  0.0004362    0.000563   0.0009995   2.547e-07  HS65_LH_NOR2X25
datapath_module/reg_file_module/FE_PHC989_FE_OCPN520_n_1146    6.3e-05   0.0009363   0.0009994       1e-07  HS65_LH_BFX13
datapath_module/reg_file_module/reg_memory_reg[26][2]1732  0.0009968           0    0.000997   2.338e-07  HS65_LH_SDFPQX4
datapath_module/reg_file_module/reg_memory_reg[1][0]130  0.0009963           0   0.0009966   2.901e-07  HS65_LH_SDFPHQX4
datapath_module/reg_file_module/reg_memory_reg[12][25]859  0.0009955           0   0.0009959   3.228e-07  HS65_LHS_SDFPQX18
datapath_module/reg_file_module/reg_memory_reg[1][15]145  0.0009919           0   0.0009921    2.33e-07  HS65_LH_SDFPQX4
datapath_module/reg_file_module/reg_memory_reg[6][15]465  0.0009915           0   0.0009917   2.324e-07  HS65_LH_SDFPQX4
datapath_module/reg_file_module/FE_OFC0_scan_en  7.242e-05   0.0009174   0.0009899   1.154e-07  HS65_LH_BFX18
datapath_module/reg_file_module/reg_memory_reg[1][25]155  0.0009887           0    0.000989   2.472e-07  HS65_LH_SDFPQX9
datapath_module/alu_module/mul_44_34/FE_RC_930_0  0.0007929   0.0001946   0.0009878    2.77e-07  HS65_LH_MUX21I1X18
datapath_module/alu_module/mul_44_34/FE_RC_1044_0  0.0005941   0.0003915   0.0009858    2.72e-07  HS65_LH_NAND2AX21
datapath_module/alu_module/mul_44_34/g38449  0.0007945   0.0001885   0.0009834   4.814e-07  HS65_LH_MUXI21X30
IFU_module/FE_OCPC216_SPCASCAN_N0  0.0005542   0.0004282   0.0009828   3.364e-07  HS65_LH_BFX53
datapath_module/reg_file_module/FE_OCPC335_n_2470  0.0001876    0.000795   0.0009828   2.059e-07  HS65_LH_IVX44
datapath_module/reg_file_module/reg_memory_reg[1][3]133  0.0009823           0   0.0009825   2.331e-07  HS65_LH_SDFPQX4
datapath_module/alu_module/g7665  0.0005331   0.0004489   0.0009821   1.082e-07  HS65_LH_OR4X4
datapath_module/reg_file_module/reg_memory_reg[29][20]1942  0.0009792           0   0.0009795   2.322e-07  HS65_LH_SDFPQX4
datapath_module/reg_file_module/reg_memory_reg[1][29]159  0.0009781           0   0.0009784   2.466e-07  HS65_LH_SDFPQX9
datapath_module/alu_module/mul_44_34/g36662  0.0006075   0.0003703   0.0009782   3.301e-07  HS65_LH_AOI12X23
datapath_module/reg_file_module/reg_memory_reg[27][11]1805  0.0009775           0   0.0009778    2.47e-07  HS65_LH_SDFPQX9
datapath_module/reg_file_module/reg_memory_reg[19][0]1282  0.0009771           0   0.0009774   2.908e-07  HS65_LH_SDFPHQX4
datapath_module/alu_module/FE_OCPC700_write_data_31  0.0001943   0.0007815   0.0009758   6.288e-08  HS65_LH_BFX9
datapath_module/reg_file_module/reg_memory_reg[4][20]342  0.0009753           0   0.0009756   2.463e-07  HS65_LH_SDFPQX9
datapath_module/alu_module/mul_44_34/g39269  0.0003016   0.0006729   0.0009746   7.713e-08  HS65_LH_AO22X9
datapath_module/reg_file_module/reg_memory_reg[4][18]340  0.0009744           0   0.0009746    2.32e-07  HS65_LH_SDFPQX4
datapath_module/alu_module/mul_44_34/g37521  0.0006155   0.0003577   0.0009736    3.34e-07  HS65_LH_NAND2AX29
datapath_module/reg_file_module/reg_memory_reg[4][5]327  0.0008988   7.348e-05   0.0009726   3.181e-07  HS65_LH_SDFPRQTX9
datapath_module/reg_file_module/reg_memory_reg[2][3]197  0.0009716           0   0.0009718   2.334e-07  HS65_LH_SDFPQX4
datapath_module/reg_file_module/reg_memory_reg[4][3]325  0.0009712           0   0.0009715   2.321e-07  HS65_LH_SDFPQX4
datapath_module/alu_module/mul_44_34/FE_RC_336_0  0.0005869   0.0003818   0.0009689   2.125e-07  HS65_LH_NAND2X29
datapath_module/alu_module/mul_44_34/FE_RC_1013_0  0.0003643   0.0006038   0.0009684   2.656e-07  HS65_LH_NOR2X25
datapath_module/alu_module/mul_44_34/g36274  0.0006673   0.0003007   0.0009681   1.014e-07  HS65_LH_MUX21I1X6
datapath_module/reg_file_module/reg_memory_reg[2][0]194  0.0009676           0   0.0009679   2.905e-07  HS65_LH_SDFPHQX4
datapath_module/reg_file_module/reg_memory_reg[5][1]387  0.0009654           0   0.0009656   2.327e-07  HS65_LH_SDFPQX4
datapath_module/alu_module/mul_44_34/FE_OCPC272_n_578  0.0005299   0.0004346   0.0009647   1.664e-07  HS65_LH_BFX27
datapath_module/alu_module/mul_44_34/FE_RC_734_0  0.0004795   0.0004849   0.0009646   2.187e-07  HS65_LH_OAI21X18
datapath_module/reg_file_module/FE_USKC719_CTS_8  0.0004306   0.0005329   0.0009636   4.891e-08  HS65_LH_BFX4
datapath_module/reg_file_module/reg_memory_reg[9][15]657  0.0009624           0   0.0009626   2.328e-07  HS65_LH_SDFPQX4
datapath_module/alu_module/mul_44_34/g38414  0.0005022   0.0004586   0.0009609   7.707e-08  HS65_LH_OR2X9
datapath_module/alu_module/FE_OFC385_n_191  0.0001296   0.0008303   0.0009599   3.941e-08  HS65_LH_IVX9
datapath_module/reg_file_module/reg_memory_reg[6][26]476  0.0009567           0    0.000957   2.317e-07  HS65_LH_SDFPQX4
datapath_module/reg_file_module/reg_memory_reg[20][7]1353  0.0009565           0   0.0009568   2.327e-07  HS65_LH_SDFPQX4
datapath_module/reg_file_module/reg_memory_reg[9][21]663  0.0009564           0   0.0009567   2.467e-07  HS65_LH_SDFPQX9
datapath_module/alu_module/FE_OCPC904_write_data_30  0.0002158   0.0007407   0.0009566   6.287e-08  HS65_LH_BFX9
datapath_module/reg_file_module/FE_RC_340_0  0.0005411   0.0004139   0.0009552   2.268e-07  HS65_LH_OAI22X22
datapath_module/reg_file_module/reg_memory_reg[18][31]1249  0.0009545           0   0.0009548   3.653e-07  HS65_LHS_SDFPQX27
datapath_module/reg_file_module/reg_memory_reg[30][3]1989  0.0009531           0   0.0009533   2.314e-07  HS65_LH_SDFPQX4
datapath_module/alu_module/mul_44_34/g36650  0.0003883   0.0005641    0.000953   4.734e-07  HS65_LH_NAND2X43
datapath_module/alu_module/mul_44_34/FE_RC_646_0  0.0003455   0.0006061   0.0009518    1.24e-07  HS65_LH_IVX27
datapath_module/reg_file_module/FE_USKC790_CTS_8  0.0004375    0.000514   0.0009515   4.891e-08  HS65_LH_BFX4
datapath_module/reg_file_module/reg_memory_reg[11][18]788  0.0009509           0   0.0009511   2.323e-07  HS65_LH_SDFPQX4
datapath_module/alu_module/mul_44_34/FE_RC_1287_0   0.000721   0.0002288     0.00095   1.705e-07  HS65_LH_NOR2X38
datapath_module/reg_file_module/reg_memory_reg[17][12]1166  0.0009484           0   0.0009487   2.325e-07  HS65_LH_SDFPQX4
datapath_module/reg_file_module/reg_memory_reg[22][11]1485  0.0009484           0   0.0009486   2.459e-07  HS65_LH_SDFPQX9
datapath_module/reg_file_module/reg_memory_reg[3][0]258  0.0009479           0   0.0009482    2.91e-07  HS65_LH_SDFPHQX4
datapath_module/reg_file_module/reg_memory_reg[4][1]323  0.0009479           0   0.0009482   2.327e-07  HS65_LH_SDFPQX4
datapath_module/alu_module/mul_44_34/g37561  0.0003974   0.0005496   0.0009472    2.12e-07  HS65_LH_NAND2X21
datapath_module/alu_module/mul_44_34/FE_RC_833_0  0.0004919   0.0004544   0.0009465   2.553e-07  HS65_LH_NAND2AX21
datapath_module/reg_file_module/reg_memory_reg[4][12]334  0.0009459           0   0.0009461   2.318e-07  HS65_LH_SDFPQX4
datapath_module/reg_file_module/FE_USKC655_CTS_1  0.0007836   0.0001624   0.0009461   9.958e-08  HS65_LH_BFX13
datapath_module/reg_file_module/reg_memory_reg[1][27]157  0.0009453           0   0.0009455   2.319e-07  HS65_LH_SDFPQX4
datapath_module/alu_module/sll_42_34/g19897   0.000202   0.0007432   0.0009453   7.188e-08  HS65_LH_OR2X9
datapath_module/alu_module/mul_44_34/g36551  0.0005157   0.0004285   0.0009444   1.392e-07  HS65_LH_NOR2X38
datapath_module/alu_module/mul_44_34/FE_RC_810_0   0.000616   0.0003275   0.0009437    2.34e-07  HS65_LH_AOI21X23
datapath_module/alu_module/mul_44_34/FE_OCPC305_FE_OFN59_n_2116  0.0003935   0.0005493   0.0009429   1.151e-07  HS65_LH_BFX18
datapath_module/reg_file_module/reg_memory_reg[2][29]223  0.0009419           0   0.0009423   3.648e-07  HS65_LHS_SDFPQX27
datapath_module/alu_module/FE_RC_1034_0   0.000702   0.0002387   0.0009409    1.47e-07  HS65_LH_AOI212X13
datapath_module/reg_file_module/reg_memory_reg[2][31]225   0.000938           0   0.0009384   3.649e-07  HS65_LHS_SDFPQX27
datapath_module/alu_module/mul_44_34/FE_RC_1334_0  0.0004065   0.0005315   0.0009382   2.096e-07  HS65_LH_NAND2X21
datapath_module/reg_file_module/reg_memory_reg[1][22]152  0.0009378           0   0.0009381   2.461e-07  HS65_LH_SDFPQX9
datapath_module/alu_module/mul_44_34/FE_RC_171_0     0.0001   0.0008373   0.0009374     8.1e-08  HS65_LH_IVX18
datapath_module/alu_module/g7299  0.0002244   0.0007128   0.0009373   3.571e-08  HS65_LH_NOR3X2
datapath_module/reg_file_module/FE_RC_1221_0  0.0006115    0.000325   0.0009369   4.596e-07  HS65_LH_AOI21X46
datapath_module/alu_module/mul_44_34/g37531  0.0006483   0.0002874   0.0009361   3.364e-07  HS65_LH_NAND2AX29
datapath_module/reg_file_module/reg_memory_reg[29][21]1943  0.0009354           0   0.0009356   2.458e-07  HS65_LH_SDFPQX9
datapath_module/alu_module/mul_44_34/FE_OCPC905_n_182  0.0003411   0.0005937   0.0009348   6.172e-08  HS65_LH_BFX9
datapath_module/alu_module/mul_44_34/FE_RC_1242_0  0.0004547   0.0004798   0.0009347   2.247e-07  HS65_LH_AOI21X23
datapath_module/reg_file_module/reg_memory_reg[27][8]1802  0.0009339           0   0.0009341   2.325e-07  HS65_LH_SDFPQX4
datapath_module/alu_module/mul_44_34/FE_RC_1236_0  0.0004031   0.0005305   0.0009339   2.937e-07  HS65_LH_NAND2X29
datapath_module/alu_module/mul_44_34/FE_RC_945_0  0.0003327   0.0006001   0.0009332   3.318e-07  HS65_LH_OAI12X24
datapath_module/alu_module/mul_44_34/g37515  0.0005468   0.0003861   0.0009331   2.317e-07  HS65_LH_NOR2X50
datapath_module/reg_file_module/reg_memory_reg[1][11]141  0.0009315           0   0.0009317   2.468e-07  HS65_LH_SDFPQX9
datapath_module/reg_file_module/FE_USKC929_CTS_5  0.0004377   0.0004933    0.000931   4.891e-08  HS65_LH_BFX4
datapath_module/alu_module/mul_44_34/g36342    0.00072     0.00021   0.0009302   1.478e-07  HS65_LH_NAND2AX21
datapath_module/reg_file_module/reg_memory_reg[29][31]1953  0.0009295           0   0.0009297   2.318e-07  HS65_LH_SDFPQX4
datapath_module/alu_module/add_34_34/g7548  0.0002571   0.0006724   0.0009297   2.144e-07  HS65_LH_NAND3X13
datapath_module/reg_file_module/reg_memory_reg[6][5]455   0.000928           0   0.0009283   2.315e-07  HS65_LH_SDFPQX4
datapath_module/alu_module/mul_44_34/FE_RC_896_0  0.0004532   0.0004735   0.0009268   1.137e-07  HS65_LH_NAND2X14
datapath_module/reg_file_module/reg_memory_reg[9][12]654  0.0009265           0   0.0009267   2.318e-07  HS65_LH_SDFPQX4
datapath_module/alu_module/mul_44_34/FE_RC_379_0   0.000507   0.0004171   0.0009244   2.646e-07  HS65_LH_NAND2X29
datapath_module/alu_module/mul_44_34/FE_RC_1198_0  0.0005514   0.0003715   0.0009231   2.483e-07  HS65_LH_AOI12X23
datapath_module/alu_module/sll_42_34/g19864  0.0003223   0.0005975     0.00092   1.262e-07  HS65_LH_NAND2X21
datapath_module/alu_module/mul_44_34/g36282  0.0002436   0.0006757   0.0009194   7.574e-08  HS65_LH_NOR2AX6
control_module/alu_control_reg[0]  0.0004894   0.0004281   0.0009176   1.372e-07  HS65_LH_LDLQX9
datapath_module/reg_file_module/reg_memory_reg[6][16]466  0.0009165           0   0.0009167   2.459e-07  HS65_LH_SDFPQX9
datapath_module/reg_file_module/reg_memory_reg[9][7]649  0.0009158           0    0.000916   2.319e-07  HS65_LH_SDFPQX4
datapath_module/alu_module/FE_RC_710_0  0.0003921   0.0005234   0.0009156   1.065e-07  HS65_LH_NAND4ABX3
datapath_module/alu_module/mul_44_34/g39017  0.0002044   0.0007108   0.0009155   3.496e-07  HS65_LH_NAND2AX29
datapath_module/reg_file_module/reg_memory_reg[27][31]1825  0.0009145           0   0.0009147   2.318e-07  HS65_LH_SDFPQX4
datapath_module/reg_file_module/FE_RC_408_0  0.0005394   0.0003728   0.0009125   3.342e-07  HS65_LH_BFX53
datapath_module/alu_module/mul_44_34/FE_RC_1235_0  0.0004642    0.000448   0.0009124   2.247e-07  HS65_LH_AOI21X23
datapath_module/reg_file_module/reg_memory_reg[1][20]150  0.0009116           0   0.0009119   2.462e-07  HS65_LH_SDFPQX9
datapath_module/alu_module/mul_44_34/FE_OCPC263_n_275_dup  0.0002432   0.0006658   0.0009092   2.458e-07  HS65_LH_IVX53
datapath_module/alu_module/mul_44_34/FE_RC_956_0  0.0004929   0.0004152   0.0009083   1.966e-07  HS65_LH_NOR2X38
datapath_module/reg_file_module/reg_memory_reg[1][8]138  0.0009078           0    0.000908   2.322e-07  HS65_LH_SDFPQX4
datapath_module/reg_file_module/reg_memory_reg[9][10]652  0.0009074           0   0.0009076   2.459e-07  HS65_LH_SDFPQX9
datapath_module/reg_file_module/reg_memory_reg[1][6]136  0.0008817   2.516e-05   0.0009071   3.183e-07  HS65_LH_SDFPRQTX9
datapath_module/alu_module/mul_44_34/FE_OCPC458_read_data2_5  0.0005261   0.0003802   0.0009065   2.335e-07  HS65_LH_BFX35
datapath_module/alu_module/mul_44_34/FE_RC_426_0  0.0004738   0.0004315   0.0009056   3.239e-07  HS65_LH_AND2X35
datapath_module/reg_file_module/reg_memory_reg[4][4]326  0.0009039           0   0.0009041   2.312e-07  HS65_LH_SDFPQX4
datapath_module/alu_module/mul_44_34/FE_RC_470_0  0.0005088   0.0003934   0.0009024    2.61e-07  HS65_LH_NAND2X29
datapath_module/alu_module/sll_42_34/g19812  0.0002435   0.0006583   0.0009019   8.646e-08  HS65_LH_OA12X9
datapath_module/reg_file_module/FE_USKC950_CTS_8   0.000437   0.0004642   0.0009012   4.891e-08  HS65_LH_BFX4
datapath_module/reg_file_module/reg_memory_reg[6][12]462  0.0009008           0   0.0009011   2.319e-07  HS65_LH_SDFPQX4
datapath_module/reg_file_module/reg_memory_reg[6][24]474   0.000899           0   0.0008992   2.319e-07  HS65_LH_SDFPQX4
datapath_module/alu_module/mul_44_34/FE_OCPC412_n_23  0.0004025   0.0004952   0.0008978   9.943e-08  HS65_LH_BFX13
datapath_module/alu_module/mul_44_34/FE_OCPC651_read_data1_4  0.0006602   0.0002366   0.0008972    4.04e-07  HS65_LH_BFX62
datapath_module/reg_file_module/g7306  0.0001925   0.0007016   0.0008944    2.41e-07  HS65_LH_OR2ABX35
datapath_module/alu_module/mul_44_34/FE_OCPC698_n_106  0.0003932   0.0005003   0.0008936   1.157e-07  HS65_LH_BFX18
datapath_module/reg_file_module/FE_OFC11_scan_en  7.216e-05   0.0008211   0.0008934   1.154e-07  HS65_LH_BFX18
datapath_module/reg_file_module/FE_RC_551_0  0.0005033   0.0003888   0.0008925   3.874e-07  HS65_LH_OAI21X37
datapath_module/alu_module/sub_35_34/g27158  0.0006646   0.0002272    0.000892   2.143e-07  HS65_LH_AND2X27
datapath_module/reg_file_module/reg_memory_reg[4][7]329  0.0008913           0   0.0008916   2.312e-07  HS65_LH_SDFPQX4
datapath_module/reg_file_module/FE_USKC784_CTS_4  0.0004372   0.0004501   0.0008873   4.891e-08  HS65_LH_BFX4
datapath_module/alu_module/mul_44_34/FE_RC_1319_0  0.0004962   0.0003902   0.0008866   2.553e-07  HS65_LH_NAND2AX21
datapath_module/reg_file_module/reg_memory_reg[1][4]134   0.000886           0   0.0008862   2.316e-07  HS65_LH_SDFPQX4
datapath_module/reg_file_module/FE_OFC13_scan_en  7.214e-05   0.0008139   0.0008862   1.154e-07  HS65_LH_BFX18
datapath_module/alu_module/mul_44_34/FE_RC_285_0  0.0004587   0.0004268   0.0008857   2.005e-07  HS65_LH_NAND2X29
datapath_module/reg_file_module/reg_memory_reg[1][28]158  0.0008838           0   0.0008841   2.461e-07  HS65_LH_SDFPQX9
datapath_module/reg_file_module/g6391  0.0008167   6.637e-05   0.0008834   3.101e-07  HS65_LH_MUX21I1X24
datapath_module/reg_file_module/reg_memory_reg[2][10]204  0.0008827           0   0.0008829   2.319e-07  HS65_LH_SDFPQX4
datapath_module/alu_module/mul_44_34/g36891  0.0006615   0.0002209   0.0008825   9.853e-08  HS65_LHS_XNOR2X6
datapath_module/alu_module/mul_44_34/g37485  0.0004122   0.0004692   0.0008816   1.724e-07  HS65_LH_NOR2X38
datapath_module/reg_file_module/reg_memory_reg[2][4]198  0.0008804           0   0.0008806   2.317e-07  HS65_LH_SDFPQX4
datapath_module/alu_module/mul_44_34/g36247  0.0005248   0.0003553   0.0008802   9.409e-08  HS65_LH_MUX21I1X6
datapath_module/alu_module/mul_44_34/FE_OCPC621_n_1604  0.0004815   0.0003974    0.000879   6.232e-08  HS65_LH_BFX9
datapath_module/reg_file_module/reg_memory_reg[19][1]1283  0.0008778           0    0.000878   2.323e-07  HS65_LH_SDFPQX4
datapath_module/alu_module/mul_44_34/FE_RC_663_0  0.0004845    0.000391   0.0008756   1.783e-07  HS65_LH_NAND2X29
datapath_module/alu_module/mul_44_34/g37474  0.0003067   0.0005686   0.0008754   1.336e-07  HS65_LH_NAND2AX21
datapath_module/alu_module/mul_44_34/FE_RC_1231_0  0.0001639   0.0007104   0.0008745   1.622e-07  HS65_LH_IVX35
datapath_module/alu_module/mul_44_34/FE_RC_1225_0  0.0005891   0.0002842   0.0008735   2.501e-07  HS65_LH_AND2X27
datapath_module/alu_module/mul_44_34/FE_RC_1009_0  0.0004182   0.0004546    0.000873   1.734e-07  HS65_LH_OAI12X37
datapath_module/alu_module/mul_44_34/FE_OCPC362_n_186  0.0004986   0.0003739   0.0008726   1.151e-07  HS65_LH_BFX18
datapath_module/alu_module/mul_44_34/g39271  0.0005373   0.0003332   0.0008706   1.454e-07  HS65_LH_AO22X18
datapath_module/alu_module/mul_44_34/FE_RC_933_0  0.0005249    0.000343   0.0008681   2.332e-07  HS65_LH_OR2X27
datapath_module/alu_module/mul_44_34/g37168  0.0005003   0.0003672   0.0008676   1.762e-07  HS65_LH_XNOR2X9
datapath_module/alu_module/mul_44_34/g36283_dup  0.0004956   0.0003717   0.0008674   1.142e-07  HS65_LH_NOR2X25
datapath_module/alu_module/mul_44_34/FE_RC_83_0   0.000186   0.0006812   0.0008674   1.217e-07  HS65_LH_IVX27
datapath_module/reg_file_module/FE_OCPC252_n_1191  0.0001224   0.0007441   0.0008667   1.685e-07  HS65_LH_BFX27
datapath_module/alu_module/FE_OCPC804_write_data_29  0.0002737   0.0005928   0.0008666   9.996e-08  HS65_LH_BFX13
datapath_module/reg_file_module/reg_memory_reg[2][8]202  0.0008662           0   0.0008664    2.32e-07  HS65_LH_SDFPQX4
datapath_module/alu_module/mul_44_34/FE_RC_1254_0  0.0005423    0.000324   0.0008664   1.825e-07  HS65_LH_OAI21X37
datapath_module/reg_file_module/FE_OFC1_scan_en  7.208e-05   0.0007931   0.0008653   1.154e-07  HS65_LH_BFX18
datapath_module/alu_module/mul_44_34/FE_RC_1365_0  0.0004865   0.0003765   0.0008632   2.274e-07  HS65_LH_NAND2AX21
datapath_module/reg_file_module/FE_USKC920_CTS_1  0.0004366   0.0004265   0.0008631   4.891e-08  HS65_LH_BFX4
datapath_module/alu_module/mul_44_34/g36380  0.0003716   0.0004913    0.000863   1.244e-07  HS65_LH_IVX27
datapath_module/reg_file_module/reg_memory_reg[1][26]156  0.0008623           0   0.0008625   2.314e-07  HS65_LH_SDFPQX4
datapath_module/alu_module/mul_44_34/g37504  0.0004174   0.0004427   0.0008603   1.737e-07  HS65_LH_NOR2AX25
datapath_module/reg_file_module/reg_memory_reg[1][9]139   0.000857           0   0.0008573   2.458e-07  HS65_LH_SDFPQX9
datapath_module/reg_file_module/reg_memory_reg[2][5]199  0.0008565           0   0.0008569   3.643e-07  HS65_LHS_SDFPQX27
datapath_module/reg_file_module/reg_memory_reg[6][6]456  0.0008557           0   0.0008559   2.308e-07  HS65_LH_SDFPQX4
IFU_module/instr_mem/g950      0.0003354   0.0005197   0.0008552   1.468e-07  HS65_LH_AO112X18
datapath_module/alu_module/mul_44_34/FE_RC_496_0  0.0002778   0.0005771    0.000855   1.255e-07  HS65_LH_IVX27
datapath_module/reg_file_module/FE_PHC991_n_1211  7.765e-05   0.0007756   0.0008533   5.393e-08  HS65_LH_BFX7
datapath_module/alu_module/mul_44_34/FE_RC_1349_0  0.0005036   0.0003489   0.0008527   2.032e-07  HS65_LH_OAI21X18
datapath_module/reg_file_module/g42613  0.0004011   0.0004501   0.0008515   3.678e-07  HS65_LH_NOR2X38
datapath_module/alu_module/g7446  0.0003049   0.0005443   0.0008494   1.004e-07  HS65_LH_NOR4ABX9
datapath_module/alu_module/mul_44_34/g36752  0.0003171   0.0005321   0.0008492    5.82e-08  HS65_LH_NAND2X7
datapath_module/reg_file_module/g42803  0.0004741   0.0003745   0.0008492   5.189e-07  HS65_LH_NOR2X50
IFU_module/instr_mem/g729      0.0001702   0.0006776   0.0008479   7.974e-08  HS65_LH_OR2X9
datapath_module/reg_file_module/reg_memory_reg[9][11]653  0.0008458           0   0.0008461   2.458e-07  HS65_LH_SDFPQX9
datapath_module/reg_file_module/FE_RC_447_0  0.0005153   0.0003295   0.0008453   5.009e-07  HS65_LH_NOR2X50
datapath_module/alu_module/mul_44_34/g37644  0.0003098   0.0005349   0.0008448   1.035e-07  HS65_LH_NAND2AX14
datapath_module/alu_module/g7666  0.0006368   0.0002074   0.0008443   1.099e-07  HS65_LH_NOR4X4
datapath_module/reg_file_module/g6453  0.0007624   8.133e-05   0.0008439   2.431e-07  HS65_LH_MUX21I1X18
datapath_module/alu_module/mul_44_34/FE_OCPC955_n_171  0.0004741   0.0003694   0.0008437    6.21e-08  HS65_LH_BFX9
datapath_module/reg_file_module/reg_memory_reg[9][22]664  0.0008421           0   0.0008424   2.311e-07  HS65_LH_SDFPQX4
datapath_module/alu_module/g7317  0.0004206    0.000421   0.0008418   1.405e-07  HS65_LH_AO12X18
datapath_module/reg_file_module/reg_memory_reg[6][25]475  0.0008411           0   0.0008414    2.31e-07  HS65_LH_SDFPQX4
datapath_module/alu_module/g7307  0.0004892   0.0003518   0.0008411   7.891e-08  HS65_LH_OR3X4
datapath_module/alu_module/sll_42_34/g19860   0.000393   0.0004478   0.0008409   1.244e-07  HS65_LH_AND2X18
datapath_module/alu_module/mul_44_34/FE_OCPC266_n_3398  0.0005186    0.000321   0.0008398   2.314e-07  HS65_LH_BFX35
IFU_module/FE_PHC986_SPCASCAN_N0  0.0003037   0.0005356   0.0008395    1.66e-07  HS65_LH_BFX27
datapath_module/alu_module/mul_44_34/FE_OCPC752_FE_DBTN43_read_data2_5  0.0005252   0.0003131   0.0008385   2.335e-07  HS65_LH_BFX35
datapath_module/alu_module/mul_44_34/FE_RC_180_0  0.0005283   0.0003096   0.0008381   1.988e-07  HS65_LH_NOR2X38
datapath_module/alu_module/mul_44_34/FE_RC_450_0  0.0003614   0.0004765   0.0008381   1.132e-07  HS65_LH_NAND2X21
datapath_module/reg_file_module/FE_USKC794_CTS_8  0.0004308   0.0004051   0.0008359   4.891e-08  HS65_LH_BFX4
datapath_module/reg_file_module/reg_memory_reg[1][21]151  0.0008347           0    0.000835   2.455e-07  HS65_LH_SDFPQX9
datapath_module/reg_file_module/g43352   0.000374   0.0004598    0.000834   2.076e-07  HS65_LH_NAND2X29
datapath_module/alu_module/mul_44_34/FE_OCPC355_read_data1_2  0.0004651   0.0003683   0.0008336   2.333e-07  HS65_LH_BFX35
datapath_module/reg_file_module/reg_memory_reg[9][8]650  0.0008333           0   0.0008336    2.31e-07  HS65_LH_SDFPQX4
datapath_module/reg_file_module/FE_USKC717_CTS_2  0.0005904   0.0002428   0.0008333   6.223e-08  HS65_LH_BFX9
datapath_module/alu_module/mul_44_34/FE_RC_911_0  0.0005308   0.0003011   0.0008321   2.572e-07  HS65_LH_PAO2X35
control_module/alu_control_reg[2]  0.0005138   0.0003171   0.0008311    1.37e-07  HS65_LH_LDLQX9
datapath_module/alu_module/mul_44_34/FE_RC_1174_0  0.0005058   0.0003242   0.0008302   1.987e-07  HS65_LH_NAND2AX29
datapath_module/alu_module/g7298  0.0005013   0.0003288   0.0008302    6.22e-08  HS65_LH_OR3X4
datapath_module/reg_file_module/reg_memory_reg[6][17]467  0.0008298           0   0.0008301   2.307e-07  HS65_LH_SDFPQX4
datapath_module/alu_module/mul_44_34/g38264  0.0002621   0.0005662   0.0008285   2.544e-07  HS65_LH_IVX53
datapath_module/alu_module/mul_44_34/FE_OFC89_read_data1_4  0.0001381   0.0006899   0.0008281   1.674e-07  HS65_LH_IVX35
datapath_module/reg_file_module/FE_USKC792_CTS_8  0.0004366   0.0003909   0.0008276   4.891e-08  HS65_LH_BFX4
datapath_module/reg_file_module/FE_USKC781_CTS_1  0.0004298   0.0003966   0.0008264   4.891e-08  HS65_LH_BFX4
datapath_module/alu_module/g7660  0.0004452    0.000381   0.0008263   7.862e-08  HS65_LH_AO12X9
datapath_module/alu_module/mul_44_34/g37587  0.0004748   0.0003509   0.0008259   2.034e-07  HS65_LH_CBI4I6X18
datapath_module/alu_module/mul_44_34/FE_RC_468_0  0.0003341   0.0004913   0.0008257   2.465e-07  HS65_LH_IVX53
datapath_module/alu_module/mul_44_34/FE_OCPC593_n_169  0.0004015   0.0004239   0.0008254   6.214e-08  HS65_LH_BFX9
datapath_module/reg_file_module/g42745  0.0005342   0.0002905    0.000825   2.925e-07  HS65_LH_AOI31X31
datapath_module/reg_file_module/g42806  0.0004399   0.0003835   0.0008239   5.196e-07  HS65_LH_NOR2X50
datapath_module/alu_module/mul_44_34/FE_RC_312_0_dup  0.0004501   0.0003731   0.0008234   2.176e-07  HS65_LH_NAND2AX21
datapath_module/alu_module/mul_44_34/FE_RC_999_0    0.00046   0.0003622   0.0008225   2.584e-07  HS65_LH_AND2X27
datapath_module/alu_module/mul_44_34/FE_OCPC265_n_734  0.0004168   0.0004048   0.0008218   2.195e-07  HS65_LH_BFX31
datapath_module/alu_module/FE_OCPC271_read_data2_3  0.0001956   0.0006245   0.0008203   1.142e-07  HS65_LH_BFX18
datapath_module/alu_module/mul_44_34/FE_OCPC403_n_2068  0.0004132   0.0004065     0.00082   2.909e-07  HS65_LH_BFX44
datapath_module/alu_module/mul_44_34/FE_PSC1061_n_106  0.0005946   0.0002232    0.000818   1.664e-07  HS65_LH_BFX27
datapath_module/alu_module/mul_44_34/FE_RC_488_0  0.0001554   0.0006614    0.000817   1.516e-07  HS65_LH_IVX31
datapath_module/alu_module/mul_44_34/FE_OCPC774_FE_DBTN38_read_data2_0   0.000544   0.0002719   0.0008161   2.347e-07  HS65_LH_BFX35
datapath_module/alu_module/mul_44_34/FE_RC_845_0  0.0002769   0.0005369    0.000814   2.123e-07  HS65_LH_IVX44
datapath_module/alu_module/FE_OFC156_read_data2_4  0.0002901   0.0005233   0.0008137   2.538e-07  HS65_LH_IVX53
datapath_module/reg_file_module/FE_USKC694_CTS_6  0.0004291   0.0003825   0.0008116   4.891e-08  HS65_LH_BFX4
datapath_module/alu_module/mul_44_34/FE_RC_1175_0  0.0004081   0.0004032   0.0008114    1.99e-07  HS65_LH_OAI21X24
datapath_module/reg_file_module/g43369_dup  0.0004616   0.0003483   0.0008102   2.595e-07  HS65_LH_AND2X35
datapath_module/alu_module/g7664  0.0005304   0.0002788   0.0008093   9.857e-08  HS65_LH_OR4X4
datapath_module/reg_file_module/reg_memory_reg[6][7]457   0.000807           0   0.0008073   2.305e-07  HS65_LH_SDFPQX4
datapath_module/alu_module/mul_44_34/FE_OCPC315_FE_DBTN41_read_data2_3  0.0003747   0.0004309   0.0008059   2.376e-07  HS65_LH_BFX35
datapath_module/alu_module/mul_44_34/FE_RC_45_0  0.0003783   0.0004256   0.0008041   1.669e-07  HS65_LH_BFX27
datapath_module/alu_module/mul_44_34/FE_RC_1337_0  0.0004846   0.0003187   0.0008034   1.677e-07  HS65_LH_AOI12X17
datapath_module/alu_module/FE_OCPC808_write_data_27  0.0005622   0.0002408   0.0008032   2.242e-07  HS65_LH_BFX31
datapath_module/reg_file_module/reg_memory_reg[1][10]140  0.0008029           0   0.0008031   2.453e-07  HS65_LH_SDFPQX9
datapath_module/alu_module/mul_44_34/FE_RC_1312_0  0.0004533   0.0003478   0.0008014   3.055e-07  HS65_LH_OR2X35
datapath_module/alu_module/mul_44_34/g39254  0.0005653   0.0002356   0.0008012   2.876e-07  HS65_LHS_XNOR2X18
datapath_module/reg_file_module/reg_memory_reg[9][9]651  0.0007997           0      0.0008   2.452e-07  HS65_LH_SDFPQX9
datapath_module/alu_module/mul_44_34/FE_OFC94_read_data2_2  0.0002673   0.0005323   0.0007999   2.105e-07  HS65_LH_IVX44
datapath_module/alu_module/mul_44_34/FE_PSC1048_n_811  0.0004986   0.0003001   0.0007988   1.677e-07  HS65_LH_BFX27
datapath_module/alu_module/mul_44_34/FE_RC_711_0   0.000345   0.0004532   0.0007983   1.684e-07  HS65_LH_AOI21X17
datapath_module/alu_module/mul_44_34/FE_OCPC607_n_136  0.0004655   0.0003326   0.0007981   9.959e-08  HS65_LH_BFX13
datapath_module/alu_module/mul_44_34/FE_RC_362_0  0.0004741   0.0003229   0.0007972   1.775e-07  HS65_LH_NAND2X29
datapath_module/alu_module/mul_44_34/FE_OCPC431_n_118  0.0003513   0.0004455   0.0007969   1.165e-07  HS65_LH_BFX18
datapath_module/reg_file_module/FE_USKC726_CTS_5   0.000429   0.0003674   0.0007964   4.891e-08  HS65_LH_BFX4
datapath_module/alu_module/mul_44_34/FE_RC_1302_0  0.0004044    0.000391   0.0007955   1.373e-07  HS65_LH_AOI21X23
datapath_module/alu_module/mul_44_34/g37113_dup   0.000506    0.000289   0.0007952   2.383e-07  HS65_LH_AOI12X23
datapath_module/reg_file_module/g7387  0.0001004   0.0006946   0.0007951   6.114e-08  HS65_LH_OR2X9
datapath_module/reg_file_module/reg_memory_reg[6][18]468   0.000793           0   0.0007933   2.304e-07  HS65_LH_SDFPQX4
datapath_module/alu_module/mul_44_34/FE_OCPC405_FE_DBTN39_read_data2_1  0.0001853   0.0006076    0.000793   1.224e-07  HS65_LH_IVX27
datapath_module/reg_file_module/reg_memory_reg[1][7]137  0.0007927           0    0.000793   2.307e-07  HS65_LH_SDFPQX4
datapath_module/alu_module/mul_44_34/g36575  0.0002491   0.0005437   0.0007928   5.097e-08  HS65_LH_NAND2X7
datapath_module/alu_module/FE_OCPC287_read_data2_1  7.055e-05    0.000722   0.0007926    3.98e-08  HS65_LH_IVX9
datapath_module/alu_module/mul_44_34/FE_RC_1249_0  0.0004535   0.0003387   0.0007925   2.962e-07  HS65_LH_NAND2X29
datapath_module/reg_file_module/reg_memory_reg[6][19]469  0.0007919           0   0.0007922    2.45e-07  HS65_LH_SDFPQX9
datapath_module/alu_module/mul_44_34/g36881  0.0004349   0.0003547   0.0007899   2.195e-07  HS65_LH_PAO2X27
datapath_module/alu_module/mul_44_34/FE_RC_1004_0  0.0004872   0.0003024   0.0007898   1.677e-07  HS65_LH_AOI12X17
datapath_module/reg_file_module/FE_USKC924_CTS_2  0.0003635   0.0004262   0.0007897   4.374e-08  HS65_LH_BFX2
datapath_module/reg_file_module/FE_USKC689_CTS_3  0.0003574   0.0004315   0.0007889   4.374e-08  HS65_LH_BFX2
datapath_module/alu_module/mul_44_34/g38510_dup  0.0003639   0.0004248   0.0007888   1.761e-07  HS65_LH_XNOR2X9
datapath_module/reg_file_module/FE_RC_966_0  0.0003934   0.0003945   0.0007883   3.832e-07  HS65_LH_AND3X35
datapath_module/alu_module/FE_OCPC704_write_data_26  0.0001878   0.0005974   0.0007853   6.287e-08  HS65_LH_BFX9
datapath_module/alu_module/FE_OCPC288_read_data2_1  6.909e-05   0.0007158   0.0007849   3.923e-08  HS65_LH_IVX9
datapath_module/alu_module/mul_44_34/g39267   0.000311   0.0004734   0.0007845   7.626e-08  HS65_LH_AO22X9
datapath_module/alu_module/mul_44_34/FE_RC_921_0  0.0004264   0.0003578   0.0007844   2.198e-07  HS65_LH_PAO2X27
datapath_module/alu_module/mul_44_34/FE_PSC1045_FE_OFN55_n_578  0.0005349   0.0002487   0.0007838   1.664e-07  HS65_LH_BFX27
datapath_module/alu_module/mul_44_34/FE_OCPC772_FE_DBTN35_n_578  0.0005321   0.0002515   0.0007837   1.655e-07  HS65_LH_BFX27
datapath_module/reg_file_module/reg_memory_reg[6][9]459  0.0007827           0    0.000783   2.449e-07  HS65_LH_SDFPQX9
control_module/alu_control_reg[1]  0.0004828   0.0002995   0.0007824   1.372e-07  HS65_LH_LDLQX9
datapath_module/alu_module/mul_44_34/g38400   0.000342     0.00044   0.0007821   5.491e-08  HS65_LH_NOR2AX3
datapath_module/reg_file_module/reg_memory_reg[6][8]458   0.000781           0   0.0007812   2.303e-07  HS65_LH_SDFPQX4
datapath_module/alu_module/mul_44_34/g37038  0.0004595   0.0003216   0.0007812   1.629e-07  HS65_LH_NOR2AX13
datapath_module/alu_module/sll_42_34/g19911  0.0002545   0.0005251   0.0007797   1.056e-07  HS65_LH_NOR2X13
datapath_module/alu_module/mul_44_34/g36923  0.0004552    0.000324   0.0007794   1.834e-07  HS65_LH_PAOI2X22
datapath_module/alu_module/mul_44_34/FE_OCPC838_n_48  0.0004671   0.0003107    0.000778   1.642e-07  HS65_LH_BFX27
datapath_module/reg_file_module/FE_USKC685_CTS_9  0.0004295   0.0003483   0.0007778   4.891e-08  HS65_LH_BFX4
datapath_module/alu_module/mul_44_34/FE_RC_292_0  0.0004855   0.0002905   0.0007762   1.496e-07  HS65_LH_NAND2X29
datapath_module/alu_module/mul_44_34/FE_OCPC290_n_137  0.0004391   0.0003357   0.0007749    1.16e-07  HS65_LH_BFX18
datapath_module/alu_module/mul_44_34/FE_RC_435_0_dup  0.0005524   0.0002223   0.0007749   1.984e-07  HS65_LH_PAOI2X22
datapath_module/alu_module/mul_44_34/FE_RC_229_0  0.0003525   0.0004213    0.000774   1.775e-07  HS65_LH_NOR2X38
datapath_module/reg_file_module/g6452  0.0006962   7.736e-05   0.0007738   2.423e-07  HS65_LH_MUX21I1X18
datapath_module/reg_file_module/FE_OCPC257_n_8  0.0002693   0.0005037   0.0007733   2.858e-07  HS65_LH_BFX44
datapath_module/alu_module/mul_44_34/FE_RC_68_0  0.0002469   0.0005261   0.0007731   1.221e-07  HS65_LH_IVX27
datapath_module/reg_file_module/FE_OCPC192_instruction_code_24  0.0002471   0.0005259   0.0007731   1.159e-07  HS65_LH_BFX18
datapath_module/alu_module/mul_44_34/FE_RC_757_0  0.0003692   0.0004037   0.0007731   2.656e-07  HS65_LH_NOR2X25
datapath_module/alu_module/mul_44_34/FE_OCPC637_n_2116  0.0003959   0.0003771   0.0007731   1.151e-07  HS65_LH_BFX18
datapath_module/reg_file_module/reg_memory_reg[6][10]460  0.0007721           0   0.0007723   2.449e-07  HS65_LH_SDFPQX9
datapath_module/alu_module/mul_44_34/FE_OCPC343_n_186  0.0004984   0.0002738   0.0007723   1.151e-07  HS65_LH_BFX18
datapath_module/alu_module/mul_44_34/g36407  0.0002064   0.0005644   0.0007709   8.019e-08  HS65_LH_NAND2AX7
datapath_module/reg_file_module/reg_memory_reg[6][21]471  0.0007705           0   0.0007707   2.449e-07  HS65_LH_SDFPQX9
datapath_module/reg_file_module/reg_memory_reg[2][6]200  0.0007703           0   0.0007706   2.306e-07  HS65_LH_SDFPQX4
datapath_module/alu_module/mul_44_34/g37588  0.0004788   0.0002889   0.0007679   2.034e-07  HS65_LH_CBI4I6X18
datapath_module/alu_module/mul_44_34/FE_RC_432_0  0.0004803   0.0002863    0.000767   3.813e-07  HS65_LH_OAI21X37
datapath_module/reg_file_module/reg_memory_reg[6][22]472  0.0007659           0   0.0007661   2.449e-07  HS65_LH_SDFPQX9
datapath_module/alu_module/mul_44_34/FE_RC_610_0  0.0004493   0.0003155   0.0007651   3.055e-07  HS65_LH_OR2X35
datapath_module/alu_module/mul_44_34/FE_RC_1341_0  0.0003013    0.000463   0.0007644   1.352e-07  HS65_LH_NAND2X14
datapath_module/alu_module/mul_44_34/g36629  0.0004092   0.0003534   0.0007629    3.33e-07  HS65_LH_OAI12X24
datapath_module/reg_file_module/reg_memory_reg[6][20]470  0.0007622           0   0.0007624   2.302e-07  HS65_LH_SDFPQX4
datapath_module/alu_module/mul_44_34/FE_RC_543_0  0.0004059   0.0003538   0.0007598   1.564e-07  HS65_LH_NAND2X29
datapath_module/alu_module/mul_44_34/g39260  0.0003961   0.0003627   0.0007592    3.96e-07  HS65_LHS_XOR2X23
datapath_module/reg_file_module/g43610  0.0004926    0.000266   0.0007589   2.687e-07  HS65_LH_OAI12X49
datapath_module/reg_file_module/FE_OCPC190_instruction_code_24  0.0001397   0.0006181    0.000758   1.231e-07  HS65_LH_IVX27
datapath_module/alu_module/mul_44_34/FE_OCPC800_FE_DBTN37_n_80  0.0004111    0.000346   0.0007573   2.194e-07  HS65_LH_BFX31
datapath_module/alu_module/mul_44_34/FE_OCPC441_FE_OFN66_read_data2_5  0.0004234   0.0003335    0.000757   1.668e-07  HS65_LH_BFX27
datapath_module/alu_module/mul_44_34/FE_RC_90_0  0.0002047   0.0005509   0.0007557   1.519e-07  HS65_LH_IVX31
datapath_module/alu_module/mul_44_34/g37542  0.0002051   0.0005499   0.0007551   1.519e-07  HS65_LH_IVX31
datapath_module/alu_module/mul_44_34/g36559  0.0003398   0.0004144   0.0007545   3.318e-07  HS65_LH_OAI12X24
datapath_module/alu_module/mul_44_34/FE_RC_1169_0  0.0004076   0.0003458   0.0007537   3.324e-07  HS65_LH_AND2X35
datapath_module/alu_module/mul_44_34/FE_RC_1373_0  0.0005344   0.0002177   0.0007523   1.988e-07  HS65_LH_NOR2X38
datapath_module/alu_module/sll_42_34/g19846  0.0002865   0.0004649   0.0007515   1.464e-07  HS65_LH_AO12X18
datapath_module/reg_file_module/reg_memory_reg[6][11]461  0.0007511           0   0.0007513   2.302e-07  HS65_LH_SDFPQX4
datapath_module/alu_module/sub_35_34/g27181  0.0003814    0.000369   0.0007506   1.677e-07  HS65_LH_NOR3X13
datapath_module/alu_module/mul_44_34/g37293   0.000365   0.0003848   0.0007499   9.478e-08  HS65_LH_AOI22X11
datapath_module/reg_file_module/reg_memory_reg[6][23]473  0.0007493           0   0.0007495   2.302e-07  HS65_LH_SDFPQX4
datapath_module/alu_module/mul_44_34/FE_RC_1318_0   0.000284   0.0004632   0.0007474   2.029e-07  HS65_LH_NOR2X19
datapath_module/alu_module/sll_42_34/g19907  0.0002104   0.0005362   0.0007466   7.284e-08  HS65_LH_AND2X9
datapath_module/reg_file_module/reg_memory_reg[2][7]201  0.0007459           0   0.0007462   2.303e-07  HS65_LH_SDFPQX4
datapath_module/alu_module/mul_44_34/g38401  0.0004772   0.0002689   0.0007462   7.277e-08  HS65_LH_NOR2AX6
datapath_module/alu_module/mul_44_34/FE_OCPC611_read_data1_1  0.0004349   0.0003109    0.000746   2.204e-07  HS65_LH_BFX31
datapath_module/alu_module/mul_44_34/FE_RC_902_0  0.0003568   0.0003882   0.0007451   1.576e-07  HS65_LH_AND2X18
datapath_module/reg_file_module/FE_RC_1346_0   0.000457   0.0002872   0.0007444   2.279e-07  HS65_LH_AOI12X35
datapath_module/alu_module/mul_44_34/FE_RC_1333_0  0.0004684   0.0002724    0.000741   1.841e-07  HS65_LH_PAOI2X22
datapath_module/alu_module/mul_44_34/g36630  0.0003822   0.0003574   0.0007401   4.856e-07  HS65_LH_AOI12X35
datapath_module/alu_module/mul_44_34/g37899  0.0001899   0.0005472   0.0007371   9.932e-08  HS65_LH_OA12X9
datapath_module/reg_file_module/FE_USKC724_CTS_9  0.0004993   0.0002371   0.0007365   5.463e-08  HS65_LH_BFX7
datapath_module/alu_module/mul_44_34/FE_OCPC465_FE_DBTN37_n_80  0.0003126   0.0004237   0.0007365   1.495e-07  HS65_LH_BFX22
datapath_module/alu_module/mul_44_34/g38688  0.0002392    0.000497   0.0007363   1.503e-07  HS65_LH_OR2X18
datapath_module/reg_file_module/FE_USKC688_CTS_1   0.000356   0.0003791   0.0007352   4.374e-08  HS65_LH_BFX2
datapath_module/alu_module/mul_44_34/FE_RC_628_0   0.000424     0.00031   0.0007342   1.482e-07  HS65_LH_OAI21X18
datapath_module/reg_file_module/FE_RC_824_0  0.0005012   0.0002324    0.000734   3.285e-07  HS65_LH_AND4X25
datapath_module/alu_module/sub_35_34/FE_RC_1040_0  0.0004887   0.0002435   0.0007322   9.775e-08  HS65_LHS_XNOR2X6
datapath_module/alu_module/mul_44_34/FE_RC_1167_0  0.0002921   0.0004397   0.0007321   2.626e-07  HS65_LH_NAND2AX21
datapath_module/reg_file_module/FE_USKC945_CTS_9  0.0003634   0.0003675    0.000731   4.374e-08  HS65_LH_BFX2
datapath_module/reg_file_module/g43363  0.0003668   0.0003638   0.0007308   2.284e-07  HS65_LH_NAND2AX29
datapath_module/alu_module/mul_44_34/g37509  0.0004133   0.0003166   0.0007301   1.707e-07  HS65_LH_AND2X27
datapath_module/alu_module/mul_44_34/FE_RC_1166_0     0.0004   0.0003293   0.0007295   1.601e-07  HS65_LH_NAND2X57
datapath_module/alu_module/mul_44_34/FE_OCPC489_n_1713  0.0003907   0.0003383   0.0007291   6.175e-08  HS65_LH_BFX9
datapath_module/alu_module/mul_44_34/FE_OCPC608_n_1574  0.0005086   0.0002201   0.0007288   6.263e-08  HS65_LH_BFX9
datapath_module/alu_module/mul_44_34/FE_RC_75_0  0.0004515   0.0002757   0.0007274    1.76e-07  HS65_LH_NAND2X57
datapath_module/alu_module/add_34_34/g7696  0.0001205    0.000604   0.0007246   6.325e-08  HS65_LH_NAND2X14
datapath_module/alu_module/mul_44_34/g36367  0.0003931   0.0003301   0.0007233   5.439e-08  HS65_LH_NOR2AX3
datapath_module/alu_module/FE_OCPC364_n  0.0003135   0.0004092   0.0007228   1.145e-07  HS65_LH_BFX18
datapath_module/alu_module/mul_44_34/FE_RC_993_0   0.000411   0.0003106   0.0007217   1.152e-07  HS65_LH_OAI21X12
datapath_module/alu_module/add_34_34/g7675  0.0003485   0.0003726   0.0007212   9.643e-08  HS65_LH_AND2ABX9
datapath_module/alu_module/mul_44_34/FE_RC_225_0  0.0001646   0.0005556   0.0007203   1.229e-07  HS65_LH_IVX27
datapath_module/alu_module/mul_44_34/FE_RC_1345_0   0.000527   0.0001921   0.0007192   1.487e-07  HS65_LH_NOR3X18
datapath_module/alu_module/mul_44_34/g38195  0.0004036   0.0003152    0.000719   1.713e-07  HS65_LH_NAND2X29
datapath_module/alu_module/mul_44_34/FE_RC_946_0  0.0005335   0.0001849   0.0007186   1.763e-07  HS65_LH_NOR2X50
datapath_module/alu_module/mul_44_34/FE_RC_320_0  0.0004624   0.0002559   0.0007185   2.137e-07  HS65_LH_AND2X35
datapath_module/reg_file_module/FE_OCPC198_n_2459  0.0002428   0.0004749    0.000718   2.474e-07  HS65_LH_IVX53
datapath_module/alu_module/mul_44_34/FE_RC_1184_0  0.0003839    0.000331    0.000715   1.344e-07  HS65_LH_NAND2X29
datapath_module/reg_file_module/FE_USKC682_CTS_8  0.0003569   0.0003574   0.0007143   4.374e-08  HS65_LH_BFX2
datapath_module/alu_module/mul_44_34/FE_RC_604_0   0.000298    0.000416   0.0007142   1.838e-07  HS65_LH_OAI12X18
datapath_module/reg_file_module/g7450  0.0001687   0.0005453   0.0007141   1.147e-07  HS65_LH_NAND2X14
datapath_module/alu_module/mul_44_34/g36311  0.0003525   0.0003611   0.0007136   5.485e-08  HS65_LH_NOR2AX3
datapath_module/reg_file_module/FE_USKC930_CTS_5  0.0003636   0.0003494    0.000713   4.374e-08  HS65_LH_BFX2
datapath_module/reg_file_module/FE_USKC946_CTS_9   0.000363   0.0003495   0.0007126   4.374e-08  HS65_LH_BFX2
datapath_module/alu_module/mul_44_34/FE_RC_982_0  0.0003321   0.0003802   0.0007124   1.328e-07  HS65_LH_NOR2X25
datapath_module/reg_file_module/FE_USKC731_CTS_4  0.0005014   0.0002103   0.0007118   5.463e-08  HS65_LH_BFX7
datapath_module/alu_module/mul_44_34/g36764  0.0004773   0.0002337   0.0007111   9.669e-08  HS65_LH_MUX21I1X6
datapath_module/alu_module/mul_44_34/g37198   0.000417   0.0002935   0.0007107   1.541e-07  HS65_LH_NAND2X43
datapath_module/alu_module/mul_44_34/FE_OCPC401_FE_DBTN43_read_data2_5  0.0001623   0.0005483   0.0007106     6.2e-08  HS65_LH_BFX9
datapath_module/reg_file_module/g6445  0.0005941   0.0001147   0.0007089    1.52e-07  HS65_LH_MUX21I1X12
datapath_module/alu_module/mul_44_34/FE_RC_1280_0  0.0004467   0.0002619   0.0007087   5.523e-08  HS65_LH_NOR2AX3
datapath_module/alu_module/mul_44_34/g36765  0.0003283   0.0003774    0.000706   3.381e-07  HS65_LH_OA12X35
datapath_module/alu_module/mul_44_34/FE_RC_100_0  0.0002232   0.0004827    0.000706   1.112e-07  HS65_LH_IVX22
datapath_module/reg_file_module/FE_USKC722_CTS_9   0.000428   0.0002776   0.0007057   4.891e-08  HS65_LH_BFX4
datapath_module/reg_file_module/FE_USKC778_CTS_3  0.0004979    0.000206    0.000704   5.463e-08  HS65_LH_BFX7
datapath_module/alu_module/sub_35_34/g27173  0.0004501   0.0002531   0.0007033   1.564e-07  HS65_LH_AND2ABX18
datapath_module/alu_module/mul_44_34/FE_OCPC705_FE_RN_168_0  0.0002357   0.0004672    0.000703   1.139e-07  HS65_LH_BFX18
datapath_module/reg_file_module/g42751  0.0003999   0.0003021   0.0007023   3.343e-07  HS65_LH_NOR2X38
datapath_module/alu_module/mul_44_34/g36674  0.0002955   0.0004063   0.0007019   8.054e-08  HS65_LH_NAND2AX7
datapath_module/alu_module/mul_44_34/g37881   0.000435   0.0002652   0.0007004   2.561e-07  HS65_LH_NAND2X29
datapath_module/alu_module/g7578  0.0001018   0.0005983   0.0007002   4.936e-08  HS65_LH_NOR2AX3
datapath_module/reg_file_module/FE_USKC919_CTS_1  0.0003635   0.0003366   0.0007001   4.374e-08  HS65_LH_BFX2
datapath_module/alu_module/mul_44_34/FE_RC_1316_0  0.0002684   0.0004308   0.0006993   1.305e-07  HS65_LH_NAND2X14
datapath_module/reg_file_module/g43173  0.0003299   0.0003684   0.0006985   2.317e-07  HS65_LH_AOI21X23
datapath_module/alu_module/mul_44_34/g38673  0.0003107   0.0003866   0.0006977   3.736e-07  HS65_LHS_XNOR2X24
datapath_module/alu_module/mul_44_34/FE_RC_1324_0  0.0004061    0.000291   0.0006975   4.612e-07  HS65_LH_OAI21X49
datapath_module/reg_file_module/FE_USKC786_CTS_4  0.0003625   0.0003346   0.0006972   4.374e-08  HS65_LH_BFX2
datapath_module/reg_file_module/FE_RC_624_0  0.0003954   0.0003006   0.0006965    5.48e-07  HS65_LH_NOR2X50
datapath_module/alu_module/g7303  0.0005173   0.0001786    0.000696   6.884e-08  HS65_LH_OR3X4
datapath_module/alu_module/mul_44_34/FE_OCPC275_n_3395   0.000193   0.0005022   0.0006952   6.173e-08  HS65_LH_BFX9
datapath_module/reg_file_module/g43318  0.0003206   0.0003729   0.0006937   1.588e-07  HS65_LH_NOR2X25
datapath_module/reg_file_module/FE_OCPC696_write_data_24  0.0002741   0.0004188   0.0006931   9.995e-08  HS65_LH_BFX13
datapath_module/alu_module/mul_44_34/FE_OCPC277_n_140  0.0003104   0.0003826    0.000693   6.243e-08  HS65_LH_BFX9
datapath_module/reg_file_module/FE_USKC684_CTS_2  0.0004311   0.0002619    0.000693   4.891e-08  HS65_LH_BFX4
datapath_module/alu_module/mul_44_34/g36406   0.000298    0.000394   0.0006921   5.489e-08  HS65_LH_NOR2AX3
datapath_module/alu_module/mul_44_34/FE_OCPC312_read_data2_0  0.0004395    0.000252   0.0006917   1.659e-07  HS65_LH_BFX27
datapath_module/alu_module/srl_43_34/FE_OCPC832_n_0  0.0001376   0.0005538   0.0006915   4.375e-08  HS65_LH_BFX2
datapath_module/alu_module/mul_44_34/g36364  0.0003215   0.0003693    0.000691   1.992e-07  HS65_LH_NAND2X57
datapath_module/reg_file_module/g6451  0.0005934   9.608e-05   0.0006897   2.412e-07  HS65_LH_MUX21I1X18
datapath_module/reg_file_module/g7676  7.021e-05   0.0006184   0.0006888   2.077e-07  HS65_LH_OR2X35
datapath_module/alu_module/srl_43_34/FE_OFC396_FE_OCPN112_read_data2_0  5.209e-05   0.0006346   0.0006867   3.353e-08  HS65_LH_IVX7
datapath_module/reg_file_module/FE_USKC733_CTS_6  0.0003575   0.0003288   0.0006864   4.374e-08  HS65_LH_BFX2
datapath_module/alu_module/mul_44_34/FE_RC_1256_0  0.0004825   0.0002032   0.0006859   2.104e-07  HS65_LH_OAI21X18
datapath_module/alu_module/mul_44_34/g39196  0.0002053   0.0004801   0.0006857   2.976e-07  HS65_LH_MUX21I1X18
datapath_module/reg_file_module/FE_PHC993_n_1311  5.213e-05   0.0006334   0.0006856   5.388e-08  HS65_LH_BFX7
datapath_module/alu_module/mul_44_34/g36966  0.0003462   0.0003382   0.0006847    2.61e-07  HS65_LH_AND2X27
datapath_module/alu_module/mul_44_34/FE_RC_900_0  0.0002045    0.000479   0.0006837    1.45e-07  HS65_LH_NAND2X14
datapath_module/alu_module/mul_44_34/g36313  0.0003386   0.0003444   0.0006834   4.162e-07  HS65_LH_NOR2X38
datapath_module/reg_file_module/g42920  0.0003796   0.0003033   0.0006834   5.421e-07  HS65_LH_NOR2X50
datapath_module/reg_file_module/FE_OCPC557_write_data_25  0.0002047    0.000478   0.0006828   6.287e-08  HS65_LH_BFX9
datapath_module/reg_file_module/FE_USKC788_CTS_4  0.0003571   0.0003256   0.0006828   4.374e-08  HS65_LH_BFX2
datapath_module/reg_file_module/FE_USKC680_CTS_5  0.0003555   0.0003269   0.0006825   4.374e-08  HS65_LH_BFX2
IFU_module/instr_mem/g3        0.0003737   0.0003082   0.0006822   3.222e-07  HS65_LH_NOR2X50
datapath_module/alu_module/mul_44_34/g36421  0.0001374   0.0005424   0.0006799   3.941e-08  HS65_LH_IVX9
datapath_module/alu_module/mul_44_34/g37642  0.0003533    0.000326   0.0006793   1.199e-07  HS65_LH_OR2X18
datapath_module/reg_file_module/FE_USKC729_CTS_4  0.0004281   0.0002509   0.0006791   4.891e-08  HS65_LH_BFX4
datapath_module/reg_file_module/g6531  0.0005777   0.0001006   0.0006785   1.522e-07  HS65_LH_MUX21I1X12
datapath_module/alu_module/add_34_34/g7684  0.0002063    0.000472   0.0006784   9.905e-08  HS65_LH_NOR2X13
datapath_module/reg_file_module/FE_USKC727_CTS_5  0.0003552   0.0003228   0.0006781   4.374e-08  HS65_LH_BFX2
datapath_module/alu_module/mul_44_34/FE_RC_1033_0  0.0001708   0.0005066   0.0006776   1.692e-07  HS65_LH_IVX35
datapath_module/alu_module/mul_44_34/FE_RC_1372_0  0.0003668   0.0003098   0.0006767   1.342e-07  HS65_LH_NOR2X25
datapath_module/alu_module/mul_44_34/FE_RC_657_0  0.0004235   0.0002511   0.0006748   1.775e-07  HS65_LH_NAND2AX29
datapath_module/alu_module/sll_42_34/FE_OCPC826_FE_OFN99_read_data2_2  0.0005799   9.413e-05   0.0006743   2.332e-07  HS65_LH_BFX35
datapath_module/alu_module/g7395  0.0003867   0.0002863   0.0006731   1.207e-07  HS65_LH_OAI21X12
datapath_module/alu_module/mul_44_34/FE_RC_56_0    0.00038   0.0002929    0.000673   1.833e-07  HS65_LH_OR2X27
datapath_module/alu_module/mul_44_34/g36890_dup  0.0004541   0.0002186   0.0006728   1.091e-07  HS65_LH_PAOI2X11
datapath_module/alu_module/FE_OCPC397_read_data1_3  0.0001977   0.0004747   0.0006725   1.142e-07  HS65_LH_BFX18
datapath_module/alu_module/sub_35_34/g27258  0.0002733   0.0003989   0.0006724   1.074e-07  HS65_LH_NOR2AX13
datapath_module/alu_module/g7315  0.0002653   0.0004063   0.0006717   8.187e-08  HS65_LH_AO12X9
datapath_module/alu_module/mul_44_34/FE_RC_288_0  0.0001102   0.0005605   0.0006707    8.16e-08  HS65_LH_IVX18
datapath_module/alu_module/mul_44_34/FE_RC_1369_0  0.0001855   0.0004837   0.0006694   1.224e-07  HS65_LH_IVX27
datapath_module/alu_module/mul_44_34/FE_RC_528_0  0.0002057   0.0004634   0.0006693   1.519e-07  HS65_LH_IVX31
datapath_module/reg_file_module/g6532  0.0005771   9.082e-05   0.0006681   1.522e-07  HS65_LH_MUX21I1X12
datapath_module/reg_file_module/g7039  0.0005546   0.0001133   0.0006681   1.519e-07  HS65_LH_MUX21I1X12
datapath_module/alu_module/mul_44_34/g38405  0.0001704   0.0004972   0.0006677   5.555e-08  HS65_LH_NOR2AX3
datapath_module/alu_module/mul_44_34/g36588  0.0001419   0.0005235   0.0006655   3.936e-08  HS65_LH_IVX9
datapath_module/alu_module/sll_42_34/FE_OCPC979_FE_OFN99_read_data2_2   0.000529   0.0001363   0.0006655   2.206e-07  HS65_LH_BFX31
datapath_module/alu_module/mul_44_34/FE_RC_1226_0  0.0001992   0.0004658   0.0006652   1.417e-07  HS65_LH_NAND2X14
datapath_module/reg_file_module/FE_RC_251_0  0.0002938   0.0003699   0.0006639    1.65e-07  HS65_LH_BFX27
datapath_module/alu_module/mul_44_34/g36476  0.0002805   0.0003832   0.0006638   1.608e-07  HS65_LH_NAND2AX14
datapath_module/alu_module/mul_44_34/FE_RC_977_0   0.000492    0.000171   0.0006633   2.553e-07  HS65_LH_NAND2AX21
datapath_module/alu_module/mul_44_34/FE_OCPC493_FE_DBTN38_read_data2_0  0.0003841   0.0002773   0.0006615   1.503e-07  HS65_LH_BFX22
datapath_module/alu_module/mul_44_34/FE_RC_1032_0  0.0003653   0.0002959   0.0006613   1.342e-07  HS65_LH_NOR2X25
datapath_module/reg_file_module/FE_RC_386_0  0.0003366    0.000324    0.000661   3.853e-07  HS65_LH_NOR2X38
datapath_module/alu_module/mul_44_34/FE_OCPC442_n_180  0.0004526   0.0002079   0.0006606   6.205e-08  HS65_LH_BFX9
datapath_module/alu_module/g7321  0.0002984   0.0003618   0.0006602    8.36e-08  HS65_LH_AO12X9
datapath_module/alu_module/mul_44_34/FE_OCPC447_read_data2_0  0.0005071   0.0001527     0.00066   2.216e-07  HS65_LH_BFX31
datapath_module/reg_file_module/FE_OCPC339_n_2450  0.0003189    0.000339   0.0006581    1.67e-07  HS65_LH_BFX27
datapath_module/alu_module/mul_44_34/FE_RC_1059_0  0.0001152   0.0005422   0.0006575   1.218e-07  HS65_LH_IVX27
datapath_module/alu_module/mul_44_34/FE_RC_564_0  0.0003524   0.0003029   0.0006558   4.838e-07  HS65_LH_NAND2X43
datapath_module/alu_module/mul_44_34/g36749  0.0003961   0.0002588    0.000655   9.646e-08  HS65_LH_NAND2X29
datapath_module/alu_module/mul_44_34/FE_OCPC880_read_data2_1  0.0001835   0.0004709   0.0006545    6.19e-08  HS65_LH_BFX9
datapath_module/reg_file_module/FE_USKC931_CTS_5  0.0003629   0.0002912   0.0006542   4.374e-08  HS65_LH_BFX2
datapath_module/alu_module/mul_44_34/FE_RC_1212_0  0.0003616   0.0002922    0.000654   2.601e-07  HS65_LH_AND2X27
datapath_module/alu_module/mul_44_34/g36345_dup  0.0004069   0.0002467   0.0006538   2.305e-07  HS65_LH_NAND2AX21
datapath_module/alu_module/mul_44_34/FE_RC_867_0  0.0003857   0.0002677   0.0006537   3.463e-07  HS65_LH_NAND2AX29
datapath_module/alu_module/mul_44_34/FE_RC_1189_0   0.000356   0.0002975   0.0006537   1.551e-07  HS65_LH_AND2X18
datapath_module/alu_module/sll_42_34/FE_OFC398_FE_OCPN112_read_data2_0   6.36e-05     0.00059   0.0006536   3.949e-08  HS65_LH_IVX9
datapath_module/alu_module/sub_35_34/FE_OCPC881_n_14  0.0002956   0.0003572   0.0006528   6.228e-08  HS65_LH_BFX9
datapath_module/alu_module/mul_44_34/FE_RC_434_0  0.0004108   0.0002414   0.0006524   2.101e-07  HS65_LH_AND2X35
datapath_module/alu_module/mul_44_34/g37732  0.0001304    0.000521   0.0006515   5.597e-08  HS65_LH_AND2X4
datapath_module/reg_file_module/g6233   0.000533   0.0001173   0.0006505   1.515e-07  HS65_LH_MUX21I1X12
datapath_module/reg_file_module/FE_RC_983_0  0.0002719   0.0003774   0.0006495   2.658e-07  HS65_LH_NOR2X25
datapath_module/alu_module/mul_44_34/FE_RC_1260_0  0.0004164   0.0002318   0.0006483   1.406e-07  HS65_LH_NAND2X43
datapath_module/alu_module/mul_44_34/FE_RC_776_0  0.0002099   0.0004378   0.0006479   1.631e-07  HS65_LH_IVX35
datapath_module/reg_file_module/FE_USKC782_CTS_1  0.0003553   0.0002925   0.0006479   4.374e-08  HS65_LH_BFX2
datapath_module/reg_file_module/FE_OCPC297_n_2392  0.0002483   0.0003994   0.0006478   1.149e-07  HS65_LH_BFX18
datapath_module/alu_module/FE_RC_1081_0  0.0003913   0.0002563   0.0006478   8.657e-08  HS65_LH_CB4I6X9
datapath_module/reg_file_module/FE_OCPC837_write_data_28  0.0002769   0.0003702   0.0006472   9.996e-08  HS65_LH_BFX13
datapath_module/reg_file_module/g43313  0.0003313   0.0003155    0.000647   2.507e-07  HS65_LH_AND2X35
datapath_module/reg_file_module/FE_USKC734_CTS_6  0.0003598   0.0002862   0.0006461   4.374e-08  HS65_LH_BFX2
datapath_module/alu_module/g7344  0.0003441    0.000301   0.0006452   8.234e-08  HS65_LH_AO12X9
datapath_module/reg_file_module/FE_OCPC261_instruction_code_23  0.0004074   0.0002373   0.0006449    2.36e-07  HS65_LH_BFX35
datapath_module/alu_module/mul_44_34/FE_RC_1330_0  0.0001484   0.0004955   0.0006441   7.915e-08  HS65_LH_IVX18
datapath_module/alu_module/sll_42_34/FE_OFC187_n_727  0.0001177   0.0005254   0.0006432   8.148e-08  HS65_LH_IVX18
datapath_module/alu_module/mul_44_34/FE_OCPC859_n_1871   0.000474   0.0001681   0.0006421   6.238e-08  HS65_LH_BFX9
datapath_module/alu_module/mul_44_34/g37495  0.0003075    0.000334   0.0006417   1.579e-07  HS65_LH_NOR2AX25
datapath_module/reg_file_module/g43306  0.0003676    0.000273   0.0006408    2.45e-07  HS65_LH_OR2X35
datapath_module/alu_module/mul_44_34/g36570  0.0003884   0.0002518   0.0006404   1.363e-07  HS65_LH_NOR2X38
datapath_module/reg_file_module/FE_PHC995_FE_OFN32_n_1085  5.197e-05   0.0005868   0.0006388   5.388e-08  HS65_LH_BFX7
datapath_module/alu_module/mul_44_34/g37508  0.0002694   0.0003692   0.0006387   9.875e-08  HS65_LH_NAND2X21
datapath_module/alu_module/mul_44_34/g36507  0.0002724    0.000365   0.0006375   7.987e-08  HS65_LH_NAND2AX7
datapath_module/reg_file_module/g7668  6.982e-05   0.0005659   0.0006359   2.077e-07  HS65_LH_OR2X35
datapath_module/alu_module/mul_44_34/FE_RC_635_0  0.0001954   0.0004388   0.0006343   6.619e-08  HS65_LH_NOR2X13
datapath_module/alu_module/mul_44_34/g36654  0.0003251   0.0003081   0.0006332   1.033e-07  HS65_LH_NAND2X29
datapath_module/reg_file_module/FE_RC_823_0  0.0003976   0.0002344   0.0006322   2.043e-07  HS65_LH_AOI12X35
datapath_module/reg_file_module/g7421  7.185e-05   0.0005596   0.0006316   2.078e-07  HS65_LH_OR2X35
datapath_module/alu_module/mul_44_34/FE_RC_736_0  0.0003762   0.0002548   0.0006314   3.578e-07  HS65_LH_AOI12X35
datapath_module/alu_module/mul_44_34/FE_OCPC776_n_2081  0.0003507   0.0002805   0.0006313    6.24e-08  HS65_LH_BFX9
datapath_module/alu_module/mul_44_34/FE_RC_1243_0  0.0002769   0.0003542   0.0006311   1.003e-07  HS65_LH_NOR2X19
datapath_module/alu_module/mul_44_34/FE_RC_65_0  0.0002502   0.0003807    0.000631   1.555e-07  HS65_LH_IVX31
datapath_module/alu_module/mul_44_34/FE_RC_1371_0  7.224e-05   0.0005584   0.0006307   3.923e-08  HS65_LH_IVX9
datapath_module/alu_module/mul_44_34/FE_OCPC968_n_174  0.0004277   0.0002021   0.0006298   6.206e-08  HS65_LH_BFX9
datapath_module/alu_module/mul_44_34/g36369  0.0003491   0.0002803   0.0006296   1.423e-07  HS65_LH_NOR2AX13
datapath_module/alu_module/g7325  0.0002861   0.0003429   0.0006291    8.25e-08  HS65_LH_AO12X9
datapath_module/alu_module/mul_44_34/FE_RC_456_0  0.0001937    0.000435   0.0006289   1.559e-07  HS65_LH_IVX31
datapath_module/alu_module/g7295  0.0001317   0.0004971   0.0006288   8.281e-08  HS65_LH_AND2ABX9
datapath_module/alu_module/sub_35_34/g27116  0.0004014    0.000227   0.0006285   9.663e-08  HS65_LH_MUX21I1X6
datapath_module/reg_file_module/FE_USKC915_CTS_3  0.0003627   0.0002647   0.0006274   4.374e-08  HS65_LH_BFX2
datapath_module/alu_module/mul_44_34/FE_RC_1297_0  0.0003206   0.0003062    0.000627   1.378e-07  HS65_LH_NOR3X9
IFU_module/FE_OFC90_n_9        0.0001676   0.0004591   0.0006269   2.516e-07  HS65_LH_IVX53
datapath_module/reg_file_module/FE_OCPC703_n_2448  0.0003355   0.0002909   0.0006267   2.205e-07  HS65_LH_BFX31
IFU_module/instr_mem/g760      0.0002663   0.0003593   0.0006258   1.764e-07  HS65_LH_XNOR2X9
datapath_module/alu_module/mul_44_34/FE_OCPC269_n_799   0.000189   0.0004359    0.000625   1.217e-07  HS65_LH_IVX27
datapath_module/alu_module/mul_44_34/FE_RC_1079_0  0.0003568   0.0002676   0.0006245   9.371e-08  HS65_LH_MUXI21X5
datapath_module/reg_file_module/g42623  0.0003349   0.0002879   0.0006233   4.421e-07  HS65_LH_NAND2X43
datapath_module/reg_file_module/g43367  0.0002055   0.0004171   0.0006228   2.547e-07  HS65_LH_IVX53
datapath_module/reg_file_module/g6672  0.0004928   0.0001298   0.0006228   1.529e-07  HS65_LH_MUX21I1X12
datapath_module/alu_module/mul_44_34/FE_OCPC368_n_183  0.0003487   0.0002733    0.000622   6.236e-08  HS65_LH_BFX9
datapath_module/alu_module/mul_44_34/FE_OCPC358_n_111  0.0002153   0.0004064   0.0006218   1.166e-07  HS65_LH_BFX18
datapath_module/alu_module/mul_44_34/FE_PSC1053_FE_RN_101_0   0.000458   0.0001613   0.0006195   1.674e-07  HS65_LH_BFX27
datapath_module/alu_module/mul_44_34/g37646  0.0003487   0.0002706   0.0006195   1.365e-07  HS65_LH_NAND2X29
datapath_module/alu_module/mul_44_34/g36723  0.0002313   0.0003873   0.0006186   5.783e-08  HS65_LH_NAND2X7
datapath_module/alu_module/mul_44_34/FE_RC_775_0  0.0003161   0.0003019   0.0006182   1.331e-07  HS65_LH_NAND2X43
datapath_module/reg_file_module/FE_USKC692_CTS_4  0.0004281   0.0001898    0.000618   4.891e-08  HS65_LH_BFX4
datapath_module/alu_module/FE_OCPC816_write_data_5  0.0004259   0.0001914   0.0006174   6.194e-08  HS65_LH_BFX9
datapath_module/alu_module/mul_44_34/g38406  0.0001367   0.0004796   0.0006164   5.629e-08  HS65_LH_NOR2AX3
datapath_module/alu_module/mul_44_34/FE_RC_965_0  0.0002222   0.0003936    0.000616   2.127e-07  HS65_LH_IVX44
datapath_module/alu_module/g7543   8.89e-05    0.000525    0.000614   4.213e-08  HS65_LH_AND2X4
datapath_module/alu_module/mul_44_34/FE_RC_1278_0  0.0003307   0.0002826   0.0006133   4.852e-08  HS65_LH_NOR2AX3
datapath_module/alu_module/mul_44_34/FE_RC_1071_0  0.0001948   0.0004183   0.0006132   6.619e-08  HS65_LH_NOR2X13
datapath_module/reg_file_module/FE_USKC723_CTS_9  0.0003548   0.0002582    0.000613   4.374e-08  HS65_LH_BFX2
datapath_module/reg_file_module/FE_USKC715_CTS_2  0.0004307   0.0001815   0.0006122   4.891e-08  HS65_LH_BFX4
datapath_module/reg_file_module/g43310_dup  0.0003842   0.0002276    0.000612    2.03e-07  HS65_LH_AND2X27
datapath_module/alu_module/mul_44_34/g36853  0.0004154   0.0001945   0.0006099   8.526e-08  HS65_LH_NAND2X21
datapath_module/alu_module/mul_44_34/g36346   0.000317   0.0002921   0.0006093    1.41e-07  HS65_LH_NOR2AX13
datapath_module/alu_module/add_34_34/g7549  0.0004098   0.0001977   0.0006076   1.369e-07  HS65_LH_XNOR2X4
datapath_module/alu_module/mul_44_34/FE_RC_959_0  0.0003683   0.0002388   0.0006073   1.342e-07  HS65_LH_NOR2X25
datapath_module/alu_module/mul_44_34/FE_RC_798_0  0.0003959   0.0002112   0.0006073   1.611e-07  HS65_LH_NAND2AX21
datapath_module/alu_module/mul_44_34/FE_RC_621_0  0.0003584   0.0002472   0.0006059   2.601e-07  HS65_LH_AND2X27
datapath_module/alu_module/g7457  0.0003329   0.0002721    0.000605   6.607e-08  HS65_LH_AOI212X4
datapath_module/reg_file_module/g43369  0.0003552   0.0002486    0.000604    2.03e-07  HS65_LH_AND2X27
datapath_module/reg_file_module/g6395  0.0005405   6.264e-05   0.0006034   2.433e-07  HS65_LH_MUX21I1X18
datapath_module/alu_module/mul_44_34/FE_OCPC260_n_1676  0.0001968   0.0004059   0.0006027   6.293e-08  HS65_LH_BFX9
datapath_module/alu_module/mul_44_34/FE_RC_1367_0  6.281e-05   0.0005398   0.0006026   3.971e-08  HS65_LH_IVX9
datapath_module/reg_file_module/g6455  0.0005366   6.561e-05   0.0006024   1.519e-07  HS65_LH_MUX21I1X12
datapath_module/alu_module/mul_44_34/FE_RC_254_0  0.0001592   0.0004388   0.0005981   1.251e-07  HS65_LH_IVX27
datapath_module/alu_module/mul_44_34/g36867  9.797e-05   0.0004998   0.0005978    3.93e-08  HS65_LH_IVX9
datapath_module/alu_module/g7326  0.0002637   0.0003335   0.0005973   8.237e-08  HS65_LH_AO12X9
datapath_module/alu_module/mul_44_34/g37679_dup  0.0003723   0.0002238   0.0005963   1.393e-07  HS65_LH_NOR2AX19
datapath_module/alu_module/mul_44_34/g38413  0.0002392   0.0003567    0.000596   8.086e-08  HS65_LH_NAND2AX7
datapath_module/reg_file_module/FE_OCPC292_n_2468  0.0002125    0.000383   0.0005957   1.146e-07  HS65_LH_BFX18
datapath_module/alu_module/mul_44_34/FE_OCPC872_n_33  0.0004123   0.0001823   0.0005947   6.235e-08  HS65_LH_BFX9
datapath_module/reg_file_module/FE_RC_1015_0  0.0002931   0.0002999   0.0005933   2.477e-07  HS65_LH_OAI21X24
datapath_module/reg_file_module/FE_USKC797_CTS_6  0.0004317   0.0001611   0.0005929   4.891e-08  HS65_LH_BFX4
datapath_module/alu_module/mul_44_34/g36356  0.0002528   0.0003398   0.0005928   2.624e-07  HS65_LH_OAI12X24
datapath_module/reg_file_module/FE_USKC791_CTS_8  0.0003631   0.0002294   0.0005926   4.374e-08  HS65_LH_BFX2
datapath_module/alu_module/mul_44_34/g37472  0.0004047   0.0001869   0.0005918   1.724e-07  HS65_LH_NOR2X38
datapath_module/alu_module/mul_44_34/FE_RC_1305_0  0.0001051   0.0004863   0.0005915   6.826e-08  HS65_LH_IVX13
datapath_module/alu_module/mul_44_34/FE_RC_39_0  6.526e-05   0.0005256   0.0005909   3.971e-08  HS65_LH_IVX9
datapath_module/alu_module/mul_44_34/FE_RC_860_0  0.0003678   0.0002218   0.0005899   3.449e-07  HS65_LH_OAI12X49
datapath_module/reg_file_module/FE_USKC785_CTS_4  0.0003631   0.0002263   0.0005894   4.374e-08  HS65_LH_BFX2
datapath_module/alu_module/g7332  0.0002767   0.0003123   0.0005891    8.13e-08  HS65_LH_AO12X9
datapath_module/alu_module/g7328  0.0004055   0.0001834    0.000589   1.183e-07  HS65_LH_AOI21X12
datapath_module/reg_file_module/g7225  5.972e-05   0.0005287   0.0005886   2.299e-07  HS65_LH_OR2ABX35
IFU_module/instr_mem/FE_RC_410_0  0.0002815   0.0003068   0.0005885   2.572e-07  HS65_LH_NAND2X43
datapath_module/alu_module/g7320  0.0002734   0.0003149   0.0005883   8.228e-08  HS65_LH_AO12X9
datapath_module/alu_module/mul_44_34/FE_RC_666_0  0.0002295   0.0003581   0.0005877   1.554e-07  HS65_LH_IVX31
datapath_module/alu_module/mul_44_34/FE_RC_1275_0  0.0003089    0.000278   0.0005872   2.075e-07  HS65_LH_AO12X27
datapath_module/alu_module/mul_44_34/FE_OCPC386_n_1446  0.0004008   0.0001859   0.0005868   1.149e-07  HS65_LH_BFX18
datapath_module/alu_module/mul_44_34/FE_RC_427_0  0.0001877   0.0003979   0.0005859   2.275e-07  HS65_LH_NAND2X21
datapath_module/alu_module/mul_44_34/FE_RC_788_0  0.0001862   0.0003993   0.0005856   1.421e-07  HS65_LH_NAND2X14
datapath_module/alu_module/mul_44_34/FE_OCPC648_n_687  0.0003025   0.0002819   0.0005846   1.147e-07  HS65_LH_BFX18
datapath_module/alu_module/mul_44_34/g37684  0.0003417   0.0002419   0.0005837   1.322e-07  HS65_LH_NAND2X29
datapath_module/reg_file_module/FE_USKC779_CTS_3  0.0003578   0.0002258   0.0005836   4.374e-08  HS65_LH_BFX2
datapath_module/alu_module/mul_44_34/FE_OCPC849_n_1869  0.0004125   0.0001707   0.0005832   6.235e-08  HS65_LH_BFX9
datapath_module/reg_file_module/FE_USKC730_CTS_4  0.0003568   0.0002256   0.0005825   4.374e-08  HS65_LH_BFX2
datapath_module/alu_module/mul_44_34/g36611  0.0001496   0.0004326   0.0005822   7.515e-08  HS65_LH_NAND2X7
datapath_module/alu_module/mul_44_34/FE_OCPC477_n_2079  0.0004393   0.0001425   0.0005818   6.207e-08  HS65_LH_BFX9
datapath_module/reg_file_module/FE_RC_155_0  0.0003537   0.0002277   0.0005816    2.45e-07  HS65_LH_OR2X35
datapath_module/alu_module/mul_44_34/FE_RC_572_0  0.0001904    0.000391   0.0005815   1.263e-07  HS65_LH_IVX27
datapath_module/alu_module/add_34_34/g7604  0.0004002    0.000181   0.0005812   1.194e-07  HS65_LH_HA1X4
datapath_module/alu_module/mul_44_34/FE_RC_330_0  0.0003725   0.0002083   0.0005811   3.569e-07  HS65_LH_AOI12X35
datapath_module/alu_module/mul_44_34/g36993   0.000137   0.0004437   0.0005807   8.109e-08  HS65_LH_IVX18
datapath_module/alu_module/mul_44_34/g36885  0.0003243   0.0002549   0.0005794   2.587e-07  HS65_LH_OAI12X24
datapath_module/alu_module/FE_OCPC506_n  0.0002443   0.0003341   0.0005785   9.949e-08  HS65_LH_BFX13
datapath_module/alu_module/mul_44_34/FE_PSC1038_FE_OCPN704_read_data1_1  0.0004682     0.00011   0.0005784    2.33e-07  HS65_LH_BFX35
datapath_module/reg_file_module/FE_RC_1002_0  0.0002389   0.0003385   0.0005776   1.728e-07  HS65_LH_AND2X27
datapath_module/reg_file_module/g6959  0.0004954   8.177e-05   0.0005773    1.57e-07  HS65_LH_MUX21I1X12
datapath_module/alu_module/mul_44_34/g36402  0.0003046   0.0002719   0.0005768   2.619e-07  HS65_LH_OAI12X24
datapath_module/alu_module/sub_35_34/g27277  0.0003158   0.0002585   0.0005745   1.674e-07  HS65_LH_NAND2AX21
datapath_module/alu_module/mul_44_34/FE_RC_812_0  0.0001128   0.0004612   0.0005741   3.961e-08  HS65_LH_IVX9
datapath_module/alu_module/g7302  0.0004071   0.0001662   0.0005733   7.473e-08  HS65_LH_OR3X4
datapath_module/alu_module/mul_44_34/FE_PSC1057_read_data2_3  0.0003721   0.0002006    0.000573   2.321e-07  HS65_LH_BFX35
datapath_module/alu_module/g7343  0.0002275   0.0003453   0.0005729   8.096e-08  HS65_LH_AO12X9
datapath_module/alu_module/mul_44_34/FE_RC_1352_0  0.0003894   0.0001831   0.0005726   9.393e-08  HS65_LH_AOI22X11
datapath_module/alu_module/sub_35_34/g27136  0.0001779   0.0003944   0.0005724   5.013e-08  HS65_LH_NOR2X6
IFU_module/FE_RC_1214_0        0.0003068   0.0002652   0.0005723   2.349e-07  HS65_LH_BFX35
datapath_module/alu_module/add_34_34/g7673  0.0002855   0.0002858   0.0005714   1.419e-07  HS65_LH_OR2X18
datapath_module/alu_module/mul_44_34/FE_OCPC645_FE_RN_168_0  0.0002349   0.0003354   0.0005705   1.139e-07  HS65_LH_BFX18
datapath_module/alu_module/mul_44_34/FE_RC_1202_0  0.0003202   0.0002497   0.0005702   2.941e-07  HS65_LH_NAND2X29
datapath_module/reg_file_module/g6956  0.0005026   6.719e-05   0.0005699   1.521e-07  HS65_LH_MUX21I1X12
datapath_module/alu_module/mul_44_34/g37558  0.0002443   0.0003248   0.0005692   1.111e-07  HS65_LH_AOI21X12
datapath_module/alu_module/mul_44_34/FE_RC_804_0  0.0003533    0.000215   0.0005685   1.852e-07  HS65_LH_NAND2X57
datapath_module/alu_module/mul_44_34/FE_RC_953_0  0.0003073   0.0002608   0.0005683   2.384e-07  HS65_LH_BFX35
datapath_module/reg_file_module/FE_USKC720_CTS_8  0.0003567    0.000211   0.0005678   4.374e-08  HS65_LH_BFX2
datapath_module/alu_module/mul_44_34/FE_RC_360_0   0.000355   0.0002123   0.0005675   1.852e-07  HS65_LH_NAND2X57
datapath_module/reg_file_module/FE_USKC798_CTS_6  0.0003594   0.0002061   0.0005656   4.374e-08  HS65_LH_BFX2
datapath_module/alu_module/mul_44_34/FE_RC_466_0  0.0001104   0.0004531   0.0005635   7.935e-08  HS65_LH_IVX18
datapath_module/reg_file_module/g43302_dup1  0.0002867   0.0002766   0.0005634   2.185e-07  HS65_LH_NOR2X38
datapath_module/alu_module/mul_44_34/FE_OCPC754_n_1695  0.0003558   0.0002075   0.0005633   6.241e-08  HS65_LH_BFX9
datapath_module/alu_module/mul_44_34/g37686  0.0002148   0.0003483   0.0005632   9.782e-08  HS65_LH_NOR2AX13
datapath_module/alu_module/mul_44_34/FE_RC_1227_0   0.000248   0.0003144   0.0005626   2.477e-07  HS65_LH_OAI12X18
datapath_module/alu_module/mul_44_34/FE_RC_1233_0  0.0002968    0.000265   0.0005621   2.813e-07  HS65_LHS_XNOR2X18
datapath_module/reg_file_module/FE_RC_365_0  0.0003559   0.0002054   0.0005616   2.476e-07  HS65_LH_AOI31X31
datapath_module/alu_module/sub_35_34/g27296  0.0003737   0.0001871    0.000561   1.705e-07  HS65_LH_NAND2AX21
datapath_module/alu_module/FE_OCPC969_write_data_5  0.0004195   0.0001413   0.0005609   6.194e-08  HS65_LH_BFX9
datapath_module/reg_file_module/g6486  0.0004785   8.167e-05   0.0005603   1.513e-07  HS65_LH_MUX21I1X12
datapath_module/alu_module/mul_44_34/FE_RC_1307_0  0.0003546   0.0002053   0.0005601   1.665e-07  HS65_LH_OAI21X37
datapath_module/alu_module/mul_44_34/FE_RC_686_0  0.0002923   0.0002674   0.0005598   4.911e-08  HS65_LH_AND2X4
datapath_module/reg_file_module/g43012  0.0002741   0.0002846   0.0005592     4.6e-07  HS65_LH_NAND2X43
datapath_module/reg_file_module/g43309  0.0002153   0.0003437   0.0005592   1.395e-07  HS65_LH_NAND2X21
datapath_module/alu_module/sub_35_34/FE_RC_1128_0  0.0003695   0.0001895   0.0005591   6.234e-08  HS65_LH_BFX9
datapath_module/reg_file_module/FE_USKC925_CTS_2  0.0003627   0.0001962   0.0005589   4.374e-08  HS65_LH_BFX2
datapath_module/alu_module/mul_44_34/g38439  0.0002767   0.0002818   0.0005586   9.763e-08  HS65_LHS_XNOR3X2
datapath_module/alu_module/mul_44_34/FE_RC_257_0   7.21e-05   0.0004858   0.0005579   3.923e-08  HS65_LH_IVX9
datapath_module/reg_file_module/FE_OCPC740_n_2338  0.0002572   0.0002994   0.0005567   1.643e-07  HS65_LH_BFX27
datapath_module/alu_module/mul_44_34/FE_OCPC378_n_153  0.0002715   0.0002847   0.0005564   1.139e-07  HS65_LH_BFX18
datapath_module/alu_module/mul_44_34/FE_OCPC869_FE_RN_168_0  0.0003122   0.0002428   0.0005551   1.495e-07  HS65_LH_BFX22
datapath_module/alu_module/g7581  8.663e-05   0.0004675   0.0005542   2.966e-08  HS65_LH_NOR2X6
datapath_module/alu_module/mul_44_34/g38444  0.0003062   0.0002476    0.000554   1.338e-07  HS65_LH_NAND2AX21
datapath_module/alu_module/srl_43_34/g5935  0.0002341   0.0003195   0.0005537    1.07e-07  HS65_LH_NOR2X13
datapath_module/alu_module/sll_42_34/g19850  0.0001941   0.0003588    0.000553   7.968e-08  HS65_LH_OR2ABX9
datapath_module/alu_module/mul_44_34/FE_OCPC352_read_data2_3  0.0001147   0.0004377   0.0005525   1.218e-07  HS65_LH_IVX27
datapath_module/alu_module/FE_OCPC550_write_data_29  0.0002053   0.0003465   0.0005519   6.287e-08  HS65_LH_BFX9
datapath_module/alu_module/g7456  0.0003294   0.0002224   0.0005518   6.491e-08  HS65_LH_AOI212X4
datapath_module/alu_module/mul_44_34/FE_OCPC411_FE_DBTN39_read_data2_1  0.0001138   0.0004377   0.0005516   7.972e-08  HS65_LH_IVX18
datapath_module/reg_file_module/g6846  0.0004954   5.593e-05   0.0005515   1.504e-07  HS65_LH_MUX21I1X12
datapath_module/alu_module/mul_44_34/FE_OCPC624_n_811   0.000333   0.0002183   0.0005515   1.166e-07  HS65_LH_BFX18
datapath_module/alu_module/mul_44_34/FE_RC_618_0  0.0001941   0.0003569   0.0005514   3.595e-07  HS65_LH_NAND2AX29
datapath_module/reg_file_module/FE_RC_865_0  0.0001299   0.0004209    0.000551   1.561e-07  HS65_LH_IVX31
datapath_module/alu_module/mul_44_34/FE_OCPC433_n_2980  0.0002398   0.0003106   0.0005505   9.929e-08  HS65_LH_BFX13
datapath_module/reg_file_module/FE_OCPC298_FE_OFN61_n_2338  0.0003215   0.0002286   0.0005503   2.378e-07  HS65_LH_BFX35
datapath_module/alu_module/mul_44_34/FE_RC_435_0  0.0004268   0.0001231     0.00055   1.499e-07  HS65_LH_PAOI2X17
datapath_module/reg_file_module/FE_USKC936_CTS_6  0.0003627   0.0001871   0.0005499   4.374e-08  HS65_LH_BFX2
datapath_module/reg_file_module/FE_RC_221_0  0.0001054   0.0004434    0.000549   8.086e-08  HS65_LH_IVX18
datapath_module/reg_file_module/FE_RC_942_0  0.0002653   0.0002832   0.0005487   2.121e-07  HS65_LH_NAND2AX29
datapath_module/alu_module/g7582  6.577e-05   0.0004826   0.0005484   2.862e-08  HS65_LH_NAND2X2
datapath_module/alu_module/mul_44_34/FE_OCPC615_n_1374  0.0003457   0.0002026   0.0005484   6.242e-08  HS65_LH_BFX9
datapath_module/alu_module/mul_44_34/g37419  0.0002299   0.0003175   0.0005477   2.822e-07  HS65_LH_NOR2X25
datapath_module/alu_module/FE_RC_1270_0  0.0003466   0.0001995   0.0005464   2.636e-07  HS65_LH_NAND2AX21
datapath_module/alu_module/mul_44_34/FE_OCPC466_n_1437  0.0003007   0.0002453   0.0005461    9.94e-08  HS65_LH_BFX13
datapath_module/alu_module/mul_44_34/FE_PSC1055_n_1713  0.0003861    0.000159   0.0005451   6.175e-08  HS65_LH_BFX9
datapath_module/reg_file_module/g43128  0.0002812   0.0002637   0.0005451   1.724e-07  HS65_LH_NOR2X38
datapath_module/reg_file_module/g7283   5.82e-05   0.0004856   0.0005441   2.298e-07  HS65_LH_OR2ABX35
datapath_module/reg_file_module/FE_USKC914_CTS_3  0.0003631   0.0001809   0.0005441   4.374e-08  HS65_LH_BFX2
datapath_module/alu_module/sll_42_34/g19880  0.0002656   0.0002778   0.0005435   7.749e-08  HS65_LH_AO22X9
datapath_module/reg_file_module/FE_OCPC340_n_2450  0.0001326   0.0004104   0.0005431   1.527e-07  HS65_LH_IVX31
datapath_module/alu_module/mul_44_34/g36882  0.0002308   0.0003117   0.0005428   3.175e-07  HS65_LH_NAND2X29
datapath_module/alu_module/mul_44_34/g36316  0.0003957   0.0001469   0.0005428   2.118e-07  HS65_LH_AOI12X23
datapath_module/alu_module/mul_44_34/FE_RC_1279_0  0.0002978   0.0002442   0.0005421   4.687e-08  HS65_LH_NOR2AX3
datapath_module/reg_file_module/FE_RC_704_0  0.0002504   0.0002904   0.0005411   3.069e-07  HS65_LH_OR2X35
datapath_module/alu_module/mul_44_34/g37019  8.842e-05   0.0004516   0.0005401   7.903e-08  HS65_LH_IVX18
datapath_module/alu_module/g7413    0.00031   0.0002287   0.0005387   5.206e-08  HS65_LH_AOI212X4
datapath_module/alu_module/mul_44_34/FE_RC_502_0  0.0002061   0.0003316    0.000538   3.496e-07  HS65_LH_NAND2AX29
datapath_module/alu_module/mul_44_34/g37317  0.0001808   0.0003565   0.0005376   2.578e-07  HS65_LH_IVX53
datapath_module/alu_module/mul_44_34/FE_RC_48_0  0.0001764   0.0003608   0.0005374   1.677e-07  HS65_LH_IVX35
datapath_module/reg_file_module/g6723  0.0004296   0.0001073    0.000537   1.519e-07  HS65_LH_MUX21I1X12
datapath_module/reg_file_module/FE_USKC716_CTS_2  0.0003539    0.000183   0.0005369   4.374e-08  HS65_LH_BFX2
datapath_module/alu_module/mul_44_34/FE_OCPC850_FE_RN_3  0.0003437   0.0001929   0.0005367   6.211e-08  HS65_LH_BFX9
datapath_module/alu_module/mul_44_34/FE_OCPC861_n_1770  0.0003745   0.0001618   0.0005364   6.273e-08  HS65_LH_BFX9
datapath_module/alu_module/mul_44_34/FE_RC_65_0_dup  0.0001402   0.0003958   0.0005361   8.139e-08  HS65_LH_IVX18
datapath_module/alu_module/mul_44_34/FE_RC_540_0  0.0003196   0.0002161   0.0005359   1.582e-07  HS65_LH_NAND2AX29
datapath_module/alu_module/mul_44_34/FE_RC_89_0  0.0001875   0.0003481   0.0005358   1.217e-07  HS65_LH_IVX27
datapath_module/alu_module/mul_44_34/g37304  0.0002016   0.0003339   0.0005357   1.772e-07  HS65_LH_NAND2AX14
datapath_module/alu_module/g7415  0.0001573   0.0003773   0.0005347   6.959e-08  HS65_LH_NAND2X7
datapath_module/reg_file_module/g43302_dup  0.0003821   0.0001523   0.0005347   2.943e-07  HS65_LH_NOR2X50
datapath_module/alu_module/mul_44_34/FE_RC_674_0  0.0003399   0.0001946   0.0005346    1.31e-07  HS65_LH_NAND2X43
datapath_module/alu_module/g7313  0.0002544   0.0002787   0.0005332   8.166e-08  HS65_LH_AO12X9
datapath_module/alu_module/mul_44_34/FE_OCPC710_FE_RN_22  0.0003864   0.0001457   0.0005322   6.236e-08  HS65_LH_BFX9
datapath_module/reg_file_module/g6483  0.0004543   7.626e-05   0.0005307   1.512e-07  HS65_LH_MUX21I1X12
datapath_module/alu_module/add_34_34/g7541  0.0002415   0.0002883   0.0005299   9.634e-08  HS65_LH_MUX21I1X6
datapath_module/reg_file_module/g43310   0.000384   0.0001452   0.0005294    2.03e-07  HS65_LH_AND2X27
datapath_module/alu_module/g7414  0.0001342   0.0003947    0.000529   7.172e-08  HS65_LH_NAND2X7
datapath_module/alu_module/mul_44_34/g37640  0.0003091   0.0002195   0.0005287   1.352e-07  HS65_LH_NOR2AX19
datapath_module/reg_file_module/g6425  0.0004762   5.132e-05   0.0005277    2.43e-07  HS65_LH_MUX21I1X18
datapath_module/alu_module/sub_35_34/g27260  0.0002739   0.0002528   0.0005269   1.613e-07  HS65_LH_NAND2AX21
datapath_module/reg_file_module/g43360   0.000271   0.0002539   0.0005252   2.389e-07  HS65_LH_NOR2X38
datapath_module/alu_module/sll_42_34/FE_OFC82_n_58  0.0001166   0.0004078   0.0005245   8.131e-08  HS65_LH_IVX18
datapath_module/alu_module/mul_44_34/FE_OCPC370_n_803  0.0003065   0.0002154    0.000522   9.934e-08  HS65_LH_BFX13
datapath_module/alu_module/mul_44_34/FE_RC_1064_0  0.0001131   0.0004085   0.0005216   7.972e-08  HS65_LH_IVX18
datapath_module/alu_module/g7462  0.0002132   0.0003078   0.0005211   1.451e-07  HS65_LH_NAND2X14
datapath_module/reg_file_module/g7677  5.958e-05   0.0004607   0.0005205   2.303e-07  HS65_LH_OR2ABX35
datapath_module/alu_module/mul_44_34/FE_RC_313_0  0.0002142   0.0003058   0.0005201   1.013e-07  HS65_LH_NAND2X29
datapath_module/reg_file_module/FE_USKC935_CTS_6  0.0003628   0.0001559   0.0005188   4.374e-08  HS65_LH_BFX2
datapath_module/alu_module/mul_44_34/FE_RC_497_0  0.0002511   0.0002668   0.0005182   3.299e-07  HS65_LH_OAI12X24
datapath_module/alu_module/mul_44_34/FE_RC_64_0  0.0003415   0.0001765   0.0005182   1.475e-07  HS65_LH_NAND2X57
datapath_module/reg_file_module/FE_RC_23_0  0.0001125   0.0004051   0.0005178   1.226e-07  HS65_LH_IVX27
datapath_module/alu_module/srl_43_34/g5982  0.0003142   0.0002029   0.0005172    1.12e-07  HS65_LH_MUX21X4
datapath_module/alu_module/mul_44_34/FE_RC_1293_0   0.000367     0.00015   0.0005171   1.176e-07  HS65_LH_NOR2X19
datapath_module/alu_module/mul_44_34/g36895   0.000331    0.000186   0.0005171   9.343e-08  HS65_LH_NAND2X29
datapath_module/alu_module/srl_43_34/g5791  0.0003293   0.0001872   0.0005166   1.645e-07  HS65_LH_CBI4I1X11
datapath_module/reg_file_module/FE_RC_864_0  0.0003226   0.0001927   0.0005156   2.464e-07  HS65_LH_OAI21X24
datapath_module/alu_module/mul_44_34/FE_RC_783_0   0.000208   0.0003072   0.0005156   3.496e-07  HS65_LH_NAND2AX29
datapath_module/alu_module/sub_35_34/g27306  0.0002299   0.0002854   0.0005154   1.066e-07  HS65_LH_NOR2AX13
datapath_module/alu_module/mul_44_34/g37679  0.0003721   0.0001429   0.0005152   1.393e-07  HS65_LH_NOR2AX19
datapath_module/alu_module/mul_44_34/FE_OCPC865_n_1714  0.0003924   0.0001222   0.0005147   6.234e-08  HS65_LH_BFX9
datapath_module/alu_module/sub_35_34/FE_RC_706_0  0.0003347   0.0001794   0.0005143   9.775e-08  HS65_LHS_XNOR2X6
datapath_module/alu_module/mul_44_34/FE_RC_43_0  6.479e-05   0.0004487   0.0005136   3.932e-08  HS65_LH_IVX9
datapath_module/alu_module/mul_44_34/g37669  0.0003267   0.0001861   0.0005129   1.372e-07  HS65_LH_NAND2AX21
datapath_module/alu_module/sll_42_34/g20218  0.0001838   0.0003285   0.0005123   6.182e-08  HS65_LH_NOR2AX6
datapath_module/alu_module/mul_44_34/g37689  0.0001565    0.000355   0.0005116   9.106e-08  HS65_LH_OAI21X12
datapath_module/alu_module/sub_35_34/g27301  0.0001762   0.0003334   0.0005097   6.005e-08  HS65_LH_NOR2AX6
datapath_module/alu_module/mul_44_34/g37593  0.0002654   0.0002436   0.0005091   1.071e-07  HS65_LH_NAND2AX14
IFU_module/FE_RC_377_0         7.974e-05   0.0004281    0.000508   1.658e-07  HS65_LH_IVX35
datapath_module/alu_module/mul_44_34/g36725  0.0001385   0.0003686   0.0005072   6.732e-08  HS65_LH_NAND2X7
datapath_module/alu_module/mul_44_34/g37494  0.0003501   0.0001558   0.0005061   2.093e-07  HS65_LH_AND2X35
datapath_module/alu_module/mul_44_34/FE_RC_1281_0  0.0001974   0.0003079   0.0005054   3.956e-08  HS65_LH_IVX9
datapath_module/reg_file_module/FE_RC_630_0   0.000284   0.0002204   0.0005048     3.9e-07  HS65_LH_AND3X35
datapath_module/alu_module/mul_44_34/FE_RC_816_0_dup  0.0003059   0.0001975   0.0005036   1.579e-07  HS65_LH_NOR2AX25
datapath_module/alu_module/sll_42_34/FE_RC_57_0  0.0002659   0.0002374   0.0005033   7.555e-08  HS65_LH_AO22X9
datapath_module/alu_module/sub_35_34/g27117  0.0003477   0.0001551   0.0005029    9.51e-08  HS65_LHS_XOR2X6
IFU_module/instr_mem/g2        0.0001693   0.0003328   0.0005022   1.316e-07  HS65_LH_NAND2AX14
datapath_module/alu_module/sub_35_34/g27150  0.0003448   0.0001572   0.0005022   1.419e-07  HS65_LH_XOR2X4
datapath_module/alu_module/add_34_34/g7540  0.0003176   0.0001839   0.0005017    9.59e-08  HS65_LH_MUX21I1X6
datapath_module/alu_module/mul_44_34/FE_OCPC495_n_1890  0.0002099   0.0002908   0.0005008   6.155e-08  HS65_LH_BFX9
datapath_module/alu_module/mul_44_34/FE_RC_601_0  0.0003068   0.0001933   0.0005005   3.478e-07  HS65_LH_OAI12X24
datapath_module/alu_module/mul_44_34/FE_RC_612_0  0.0001943   0.0003049   0.0004993   1.855e-07  HS65_LH_NAND2AX14
datapath_module/reg_file_module/FE_RC_160_0   0.000132   0.0003671   0.0004992   1.259e-07  HS65_LH_IVX27
datapath_module/reg_file_module/FE_RC_15_0  0.0003034   0.0001953    0.000499   3.322e-07  HS65_LH_NOR2X38
datapath_module/alu_module/mul_44_34/FE_OCPC708_n_2097  0.0002915   0.0002073   0.0004988   6.193e-08  HS65_LH_BFX9
datapath_module/alu_module/mul_44_34/g37517  0.0002271   0.0002715   0.0004987   1.224e-07  HS65_LH_NOR2AX19
datapath_module/alu_module/mul_44_34/FE_OCPC516_read_data2_1  0.0003169   0.0001816   0.0004986   1.145e-07  HS65_LH_BFX18
datapath_module/alu_module/mul_44_34/g39278  0.0003494    0.000149   0.0004985   9.311e-08  HS65_LH_OA12X9
datapath_module/alu_module/mul_44_34/FE_OCPC775_read_data2_0  0.0002902   0.0002081   0.0004984   1.153e-07  HS65_LH_BFX18
datapath_module/reg_file_module/FE_PHC1004_n_1191  0.0001069   0.0003906   0.0004977   1.513e-07  HS65_LH_BFX22
datapath_module/alu_module/mul_44_34/FE_RC_840_0  0.0002447   0.0002526   0.0004974   6.341e-08  HS65_LH_NAND2X21
datapath_module/alu_module/mul_44_34/FE_OCPC426_n_2179  0.0002769   0.0002201   0.0004972   1.148e-07  HS65_LH_BFX18
datapath_module/reg_file_module/g42541  0.0001765   0.0003203    0.000497   2.791e-07  HS65_LH_NOR2X25
datapath_module/alu_module/mul_44_34/FE_RC_767_0  0.0002416   0.0002552    0.000497   1.595e-07  HS65_LH_AND2X18
datapath_module/reg_file_module/g7437  8.317e-05   0.0004137    0.000497   3.821e-08  HS65_LH_NAND2X7
datapath_module/alu_module/mul_44_34/FE_OFC306_n_704  0.0001407   0.0003559   0.0004967   1.215e-07  HS65_LH_IVX27
datapath_module/alu_module/mul_44_34/FE_RC_961_0  0.0002065   0.0002877   0.0004944   1.239e-07  HS65_LH_NOR2AX19
datapath_module/reg_file_module/FE_RC_16_0  0.0002252   0.0002689   0.0004943   1.584e-07  HS65_LH_NOR2X19
datapath_module/alu_module/sll_42_34/g19777   0.000243   0.0002506   0.0004937   9.962e-08  HS65_LH_MUX21X4
datapath_module/alu_module/mul_44_34/FE_RC_765_0  0.0001341    0.000359   0.0004933    1.51e-07  HS65_LH_IVX31
datapath_module/alu_module/mul_44_34/FE_OCPC353_n_938  0.0003264   0.0001666   0.0004931   1.143e-07  HS65_LH_BFX18
datapath_module/alu_module/mul_44_34/FE_RC_1196_0  0.0003274   0.0001652   0.0004931    4.91e-07  HS65_LH_NAND3AX25
datapath_module/alu_module/mul_44_34/FE_OCPC411_n_1842  0.0003417   0.0001512    0.000493   6.236e-08  HS65_LH_BFX9
datapath_module/alu_module/sll_42_34/g19823   0.000127   0.0003656   0.0004927   1.496e-07  HS65_LH_NAND2X14
datapath_module/alu_module/mul_44_34/g37836  0.0001897   0.0003019   0.0004918   1.531e-07  HS65_LH_IVX31
datapath_module/alu_module/mul_44_34/FE_RC_997_0  0.0003429   0.0001482   0.0004912   1.328e-07  HS65_LH_NOR2X25
datapath_module/alu_module/mul_44_34/FE_OCPC576_n_957   0.000297   0.0001936   0.0004907   9.937e-08  HS65_LH_BFX13
datapath_module/alu_module/g7467    0.00033   0.0001606   0.0004907   1.223e-07  HS65_LH_OAI12X18
datapath_module/alu_module/FE_OCPC329_write_data_25  0.0002043   0.0002856     0.00049   6.287e-08  HS65_LH_BFX9
datapath_module/reg_file_module/g7440  0.0001462   0.0003437   0.0004899   6.709e-08  HS65_LH_OR2X9
datapath_module/alu_module/mul_44_34/g37046  0.0003467   0.0001428   0.0004896   1.404e-07  HS65_LH_XOR2X4
datapath_module/reg_file_module/FE_OFC151_n_1174  6.622e-05   0.0004233   0.0004895   3.944e-08  HS65_LH_IVX9
datapath_module/reg_file_module/FE_PSC1044_n_2399  0.0002974   0.0001919   0.0004895    1.67e-07  HS65_LH_BFX27
datapath_module/alu_module/mul_44_34/FE_OCPC525_FE_DBTN38_read_data2_0  0.0002885      0.0002   0.0004886   1.153e-07  HS65_LH_BFX18
datapath_module/alu_module/mul_44_34/FE_OCPC748_n_4  0.0001693    0.000319   0.0004884   6.202e-08  HS65_LH_BFX9
IFU_module/FE_OCPC225_instruction_code_22   0.000164   0.0003241   0.0004883   1.154e-07  HS65_LH_BFX18
IFU_module/instr_mem/g727      9.924e-05   0.0003888   0.0004881    6.72e-08  HS65_LH_MUX21I1X3
datapath_module/alu_module/sub_35_34/g27308  0.0002224   0.0002655    0.000488   1.141e-07  HS65_LH_NAND2AX14
datapath_module/reg_file_module/g6914  0.0004223   6.507e-05   0.0004875   1.508e-07  HS65_LH_MUX21I1X12
datapath_module/alu_module/mul_44_34/FE_RC_1353_0  0.0002576   0.0002291   0.0004868   1.223e-07  HS65_LH_OAI21X12
datapath_module/alu_module/mul_44_34/FE_OCPC970_n_147  0.0003559   0.0001306   0.0004867   2.188e-07  HS65_LH_BFX31
datapath_module/alu_module/mul_44_34/g37595  0.0002432    0.000243   0.0004863    1.02e-07  HS65_LH_CBI4I6X9
datapath_module/reg_file_module/FE_RC_162_0  0.0001124   0.0003728   0.0004854   1.226e-07  HS65_LH_IVX27
datapath_module/alu_module/mul_44_34/g36457  0.0002459    0.000239   0.0004852   3.299e-07  HS65_LH_OAI12X24
datapath_module/alu_module/mul_44_34/g36277  0.0003278    0.000157   0.0004851   3.064e-07  HS65_LH_AOI12X35
datapath_module/alu_module/mul_44_34/FE_RC_1456_0  0.0002576   0.0002272    0.000485   1.644e-07  HS65_LH_NAND2AX14
datapath_module/alu_module/FE_PSC1050_write_data_24  0.0002049   0.0002794   0.0004844   6.286e-08  HS65_LH_BFX9
datapath_module/alu_module/FE_PSC1047_write_data_28   0.000206   0.0002783   0.0004843   6.287e-08  HS65_LH_BFX9
datapath_module/alu_module/sll_42_34/FE_OFC186_n_18  6.525e-05   0.0004158   0.0004811   3.978e-08  HS65_LH_IVX9
datapath_module/alu_module/mul_44_34/g38479  0.0003351   0.0001455   0.0004808   3.022e-07  HS65_LHS_XNOR2X18
datapath_module/alu_module/mul_44_34/FE_RC_1183_0  0.0003263   0.0001543   0.0004808   1.692e-07  HS65_LH_AND2X27
datapath_module/alu_module/mul_44_34/FE_OCPC813_n_804  0.0003078   0.0001727   0.0004806   1.141e-07  HS65_LH_BFX18
datapath_module/alu_module/mul_44_34/g39208  0.0003938   8.608e-05   0.0004805   5.943e-07  HS65_LH_MUX21I1X36
datapath_module/alu_module/mul_44_34/FE_OCPC745_n_3314  0.0001157   0.0003636   0.0004794   6.176e-08  HS65_LH_BFX9
datapath_module/alu_module/mul_44_34/g37566  0.0002553   0.0002238   0.0004792   1.055e-07  HS65_LH_NAND2AX14
datapath_module/alu_module/mul_44_34/g39199   0.000264   0.0002142   0.0004786   3.957e-07  HS65_LH_MUX21I1X24
datapath_module/reg_file_module/g7017  0.0003338   0.0001436   0.0004776   8.884e-08  HS65_LH_MUX21I1X6
datapath_module/alu_module/mul_44_34/FE_OCPC464_FE_DBTN37_n_80   0.000183   0.0002944   0.0004775   9.925e-08  HS65_LH_BFX13
datapath_module/reg_file_module/g7025  0.0003423   0.0001348   0.0004772   8.968e-08  HS65_LH_MUX21I1X6
datapath_module/alu_module/FE_OCPC815_FE_OFN99_read_data2_2  0.0001774   0.0002984   0.0004759   6.196e-08  HS65_LH_BFX9
datapath_module/alu_module/mul_44_34/FE_OCPC912_n_1651  0.0002628   0.0002118   0.0004749   2.391e-07  HS65_LH_BFX35
datapath_module/reg_file_module/g6885  0.0004108   6.304e-05    0.000474   1.508e-07  HS65_LH_MUX21I1X12
datapath_module/reg_file_module/g6916  0.0004151   5.796e-05   0.0004732   1.508e-07  HS65_LH_MUX21I1X12
datapath_module/alu_module/mul_44_34/FE_OCPC764_read_data2_3  0.0001983   0.0002747   0.0004731   1.142e-07  HS65_LH_BFX18
datapath_module/alu_module/mul_44_34/FE_RC_571_0  0.0003013   0.0001716    0.000473   1.256e-07  HS65_LH_NOR2X38
datapath_module/reg_file_module/g6669  0.0003344   0.0001382   0.0004727    8.89e-08  HS65_LH_MUX21I1X6
datapath_module/alu_module/mul_44_34/FE_RC_295_0_dup  0.0002523   0.0002201   0.0004726   1.669e-07  HS65_LH_OR2X27
datapath_module/reg_file_module/FE_USKC934_CTS_6  0.0003627   0.0001094   0.0004721   4.374e-08  HS65_LH_BFX2
datapath_module/alu_module/mul_44_34/FE_OCPC601_n_895  0.0003003   0.0001716   0.0004719   1.143e-07  HS65_LH_BFX18
datapath_module/alu_module/mul_44_34/FE_OCPC863_n_826  0.0003304   0.0001406   0.0004712   1.166e-07  HS65_LH_BFX18
datapath_module/alu_module/srl_43_34/FE_OCPC416_FE_OFN42_read_data2_0  0.0001412   0.0003299   0.0004712    5.46e-08  HS65_LH_BFX7
datapath_module/alu_module/mul_44_34/FE_OCPC472_n_1778  0.0002681   0.0002028   0.0004711   1.141e-07  HS65_LH_BFX18
datapath_module/alu_module/mul_44_34/FE_RC_809_0  0.0002936   0.0001771    0.000471   2.951e-07  HS65_LH_OAI21X24
datapath_module/alu_module/mul_44_34/g37191  0.0002484   0.0002209   0.0004694   1.486e-07  HS65_LH_NOR2AX25
datapath_module/alu_module/mul_44_34/FE_RC_1300_0  0.0002775    0.000191   0.0004686   9.311e-08  HS65_LH_NAND2X29
datapath_module/reg_file_module/FE_OCPC337_n_2470   4.79e-05   0.0004199   0.0004679   3.976e-08  HS65_LH_IVX9
datapath_module/reg_file_module/FE_RC_222_0  0.0001806   0.0002866   0.0004673   1.021e-07  HS65_LH_NOR2X19
datapath_module/alu_module/mul_44_34/FE_RC_842_0   0.000327   0.0001394   0.0004667   3.008e-07  HS65_LHS_XNOR2X18
datapath_module/alu_module/mul_44_34/g37581  0.0002434   0.0002221   0.0004656    1.02e-07  HS65_LH_CBI4I6X9
datapath_module/reg_file_module/g7022  0.0003568   0.0001083   0.0004651   9.197e-08  HS65_LH_MUX21I1X6
datapath_module/alu_module/mul_44_34/g36594  0.0003064   0.0001585   0.0004651   9.042e-08  HS65_LH_NOR2X25
datapath_module/reg_file_module/g6562  0.0004158   4.891e-05   0.0004648   1.508e-07  HS65_LH_MUX21I1X12
IFU_module/instr_mem/FE_RC_1288_0  0.0001251   0.0003395   0.0004647   1.539e-07  HS65_LH_IVX31
datapath_module/reg_file_module/FE_OCPC336_n_2470  0.0001209   0.0003434   0.0004644   1.253e-07  HS65_LH_IVX27
datapath_module/alu_module/sub_35_34/g27109  0.0003393    0.000124   0.0004634   6.371e-08  HS65_LH_AOI13X5
datapath_module/reg_file_module/g7020  0.0003598   0.0001021    0.000462   9.202e-08  HS65_LH_MUX21I1X6
datapath_module/alu_module/sll_42_34/g19773  0.0002332   0.0002285   0.0004618   1.353e-07  HS65_LH_AO32X18
datapath_module/reg_file_module/FE_RC_846_0  0.0002104   0.0002512   0.0004618   1.633e-07  HS65_LH_NOR3AX18
datapath_module/alu_module/mul_44_34/FE_OFC393_FE_OCPN1597_n_46  0.0002514   0.0002092   0.0004607   8.076e-08  HS65_LH_IVX18
datapath_module/alu_module/sub_35_34/g27189  0.0001987   0.0002611   0.0004599   6.293e-08  HS65_LH_OA12X4
datapath_module/alu_module/srl_43_34/FE_OCPC511_n_773  0.0002738   0.0001855   0.0004594   9.938e-08  HS65_LH_BFX13
datapath_module/alu_module/sub_35_34/g27143  0.0002738   0.0001842    0.000458   8.671e-08  HS65_LH_OA12X9
datapath_module/alu_module/mul_44_34/FE_RC_800_0  0.0002709   0.0001868    0.000458   3.468e-07  HS65_LH_OAI12X37
datapath_module/reg_file_module/FE_RC_20_0  0.0001174   0.0003402   0.0004578   1.627e-07  HS65_LH_IVX35
datapath_module/alu_module/mul_44_34/FE_RC_563_0_dup  0.0002998    0.000157    0.000457   1.584e-07  HS65_LH_AND2X27
datapath_module/alu_module/mul_44_34/g36539  6.114e-05   0.0003954   0.0004566       4e-08  HS65_LH_IVX9
datapath_module/reg_file_module/FE_RC_1165_0   0.000106   0.0003501   0.0004563   1.559e-07  HS65_LH_IVX31
datapath_module/reg_file_module/g7008  0.0003326   0.0001227   0.0004553   8.886e-08  HS65_LH_MUX21I1X6
datapath_module/alu_module/mul_44_34/FE_RC_687_0   0.000218    0.000237   0.0004551   4.828e-08  HS65_LH_NOR2AX3
datapath_module/reg_file_module/FE_DBTC33_instruction_code_21  0.0001503   0.0003044   0.0004551   3.371e-07  HS65_LH_IVX71
datapath_module/reg_file_module/FE_OCPC253_instruction_code_24  0.0001431   0.0003118    0.000455   6.243e-08  HS65_LH_BFX9
datapath_module/alu_module/sll_42_34/FE_RC_1269_0  0.0001916   0.0002631   0.0004548   4.746e-08  HS65_LH_OAI22X6
datapath_module/reg_file_module/g7006   0.000331   0.0001234   0.0004545    8.89e-08  HS65_LH_MUX21I1X6
datapath_module/alu_module/mul_44_34/g37192  0.0002759   0.0001781   0.0004541   1.311e-07  HS65_LH_NOR2X38
datapath_module/alu_module/mul_44_34/FE_OCPC585_n_3408  0.0002266   0.0002268   0.0004534   6.219e-08  HS65_LH_BFX9
datapath_module/alu_module/mul_44_34/FE_OCPC415_read_data2_0    0.00017   0.0002829    0.000453   6.221e-08  HS65_LH_BFX9
datapath_module/reg_file_module/g7009  0.0003313   0.0001197   0.0004511   8.889e-08  HS65_LH_MUX21I1X6
datapath_module/alu_module/mul_44_34/g38689  0.0002484   0.0002022   0.0004509   2.814e-07  HS65_LH_NOR2X25
datapath_module/alu_module/mul_44_34/g36573  0.0002313   0.0002176   0.0004489   6.646e-08  HS65_LH_NAND2X21
datapath_module/alu_module/mul_44_34/FE_OCPC846_n_1814  0.0002987   0.0001501   0.0004488    6.24e-08  HS65_LH_BFX9
datapath_module/reg_file_module/g6666  0.0003446    0.000104   0.0004487   8.891e-08  HS65_LH_MUX21I1X6
datapath_module/reg_file_module/g7016  0.0003331   0.0001152   0.0004484   9.266e-08  HS65_LH_MUX21I1X6
datapath_module/alu_module/mul_44_34/g36729  0.0002216   0.0002244   0.0004461   1.313e-07  HS65_LH_NAND2AX29
datapath_module/alu_module/mul_44_34/FE_RC_60_0  0.0001558   0.0002897   0.0004457   1.623e-07  HS65_LH_IVX35
datapath_module/alu_module/mul_44_34/FE_RC_521_0  0.0001037   0.0003419   0.0004456   8.143e-08  HS65_LH_IVX18
datapath_module/alu_module/mul_44_34/g36634  0.0002951   0.0001492   0.0004445   1.757e-07  HS65_LH_NAND2AX14
datapath_module/reg_file_module/g7012  0.0003384   0.0001059   0.0004443   8.889e-08  HS65_LH_MUX21I1X6
datapath_module/alu_module/sll_42_34/FE_OCPC543_read_data2_3  0.0001132   0.0003307   0.0004439   6.176e-08  HS65_LH_BFX9
datapath_module/alu_module/add_34_34/g7667  0.0002348   0.0002088   0.0004436   7.499e-08  HS65_LH_OR2X9
datapath_module/alu_module/FE_OCPC623_read_data2_2  0.0002366   0.0002068   0.0004436   9.942e-08  HS65_LH_BFX13
datapath_module/alu_module/mul_44_34/FE_RC_586_0  0.0001728   0.0002697   0.0004426   6.097e-08  HS65_LH_NAND2X14
datapath_module/alu_module/add_34_34/FE_OCPC885_n_51  0.0002144   0.0002281   0.0004426   6.216e-08  HS65_LH_BFX9
datapath_module/alu_module/mul_44_34/g39019  0.0002722   0.0001698   0.0004421   9.844e-08  HS65_LH_PAOI2X11
datapath_module/alu_module/mul_44_34/FE_RC_954_0  0.0002904   0.0001515    0.000442   1.172e-07  HS65_LH_OR2X18
datapath_module/reg_file_module/FE_RC_1000_0  0.0001403   0.0003007   0.0004412   2.281e-07  HS65_LH_NAND2X21
datapath_module/alu_module/mul_44_34/g36768  0.0001903   0.0002505    0.000441   2.469e-07  HS65_LH_AOI12X17
datapath_module/alu_module/sll_42_34/g19912  0.0001635   0.0002774   0.0004409   8.883e-08  HS65_LH_NOR2AX13
datapath_module/alu_module/mul_44_34/FE_RC_1216_0  0.0001398   0.0003009   0.0004409   1.476e-07  HS65_LH_OAI21X12
datapath_module/reg_file_module/g7003  0.0003295   0.0001101   0.0004397   8.885e-08  HS65_LH_MUX21I1X6
datapath_module/alu_module/mul_44_34/FE_OCPC773_n_679  0.0002368   0.0002028   0.0004397   6.184e-08  HS65_LH_BFX9
datapath_module/reg_file_module/g6538  0.0003052   0.0001343   0.0004396   8.891e-08  HS65_LH_MUX21I1X6
datapath_module/reg_file_module/g7000   0.000324   0.0001153   0.0004395   8.874e-08  HS65_LH_MUX21I1X6
datapath_module/alu_module/mul_44_34/FE_OCPC542_n_154  0.0001686   0.0002706   0.0004393   6.292e-08  HS65_LH_BFX9
datapath_module/reg_file_module/g7019  0.0003467   9.226e-05   0.0004391   9.177e-08  HS65_LH_MUX21I1X6
datapath_module/alu_module/mul_44_34/FE_RC_1106_0  0.0001976   0.0002412   0.0004389   1.165e-07  HS65_LH_BFX18
IFU_module/FE_OCPC210_SPCASCAN_N0  7.039e-05   0.0003684   0.0004388   8.047e-08  HS65_LH_IVX18
datapath_module/alu_module/mul_44_34/FE_PSC1066_n_816  0.0001909   0.0002469   0.0004378   6.273e-08  HS65_LH_BFX9
datapath_module/alu_module/mul_44_34/FE_RC_743_0  0.0003301   0.0001066   0.0004369   3.156e-07  HS65_LH_OAI12X37
datapath_module/reg_file_module/FE_RC_458_0  0.0002413   0.0001955   0.0004369    1.71e-07  HS65_LH_AND2X27
datapath_module/reg_file_module/g7190  4.649e-05   0.0003902   0.0004369   2.043e-07  HS65_LH_OR2X35
datapath_module/alu_module/mul_44_34/FE_OCPC358_read_data2_0    0.00029   0.0001466   0.0004367   1.153e-07  HS65_LH_BFX18
datapath_module/alu_module/mul_44_34/FE_RC_441_0  0.0002871   0.0001493   0.0004365   1.576e-07  HS65_LH_AND2X27
datapath_module/alu_module/mul_44_34/g36317   0.000278   0.0001577   0.0004359   1.846e-07  HS65_LH_AOI12X17
datapath_module/alu_module/mul_44_34/g37673  0.0001888   0.0002469   0.0004358   7.175e-08  HS65_LH_NAND2X14
datapath_module/reg_file_module/g6333  0.0003266   0.0001086   0.0004353   8.874e-08  HS65_LH_MUX21I1X6
datapath_module/alu_module/add_34_34/g7697  0.0002013   0.0002337    0.000435   9.028e-08  HS65_LH_NAND2X21
datapath_module/reg_file_module/g7023  0.0003495   8.526e-05   0.0004348   9.076e-08  HS65_LH_MUX21I1X6
datapath_module/alu_module/mul_44_34/FE_OCPC328_FE_RN_168_0  0.0001524    0.000282   0.0004345   1.562e-07  HS65_LH_IVX31
datapath_module/alu_module/mul_44_34/FE_RC_651_0  0.0001478   0.0002865   0.0004344   1.516e-07  HS65_LH_IVX31
datapath_module/reg_file_module/g6997  0.0003297   0.0001046   0.0004344    8.89e-08  HS65_LH_MUX21I1X6
datapath_module/alu_module/mul_44_34/FE_OCPC374_n_106  0.0002278   0.0002064   0.0004342   6.235e-08  HS65_LH_BFX9
datapath_module/alu_module/mul_44_34/FE_RC_1003_0  0.0002279   0.0002061   0.0004342   1.415e-07  HS65_LH_NOR2X50
datapath_module/reg_file_module/g6996  0.0003309   0.0001031   0.0004341   8.904e-08  HS65_LH_MUX21I1X6
datapath_module/alu_module/FE_OCPC544_read_data2_5   0.000162   0.0002718   0.0004338     6.2e-08  HS65_LH_BFX9
datapath_module/alu_module/mul_44_34/FE_RC_702_0  0.0001674   0.0002657   0.0004332   5.146e-08  HS65_LH_NOR2X6
datapath_module/alu_module/g7584  0.0001246   0.0003083    0.000433   3.949e-08  HS65_LH_IVX9
datapath_module/alu_module/FE_RC_1285_0  0.0001261   0.0003068   0.0004329   6.539e-08  HS65_LH_AO22X9
datapath_module/reg_file_module/g7013  0.0003355   9.705e-05   0.0004327   8.886e-08  HS65_LH_MUX21I1X6
datapath_module/alu_module/mul_44_34/g37505  0.0002667   0.0001652   0.0004321     1.6e-07  HS65_LH_AND2X27
datapath_module/reg_file_module/FE_OCPC632_FE_RN_4  0.0002563   0.0001755   0.0004319   1.676e-07  HS65_LH_BFX27
datapath_module/reg_file_module/g6989  0.0003053   0.0001265   0.0004319   9.153e-08  HS65_LH_MUX21I1X6
datapath_module/alu_module/mul_44_34/FE_RC_1328_0  0.0001949   0.0002365   0.0004316   2.268e-07  HS65_LH_NAND2X21
datapath_module/alu_module/sll_42_34/g19903  0.0001717   0.0002597   0.0004315   1.304e-07  HS65_LH_OR2ABX18
datapath_module/alu_module/mul_44_34/FE_RC_652_0  0.0002054   0.0002259   0.0004314    1.45e-07  HS65_LH_NAND2X14
datapath_module/alu_module/mul_44_34/g37635  0.0002858   0.0001454   0.0004314   1.547e-07  HS65_LH_NOR2AX25
datapath_module/reg_file_module/g7011  0.0003431   8.785e-05   0.0004311   8.886e-08  HS65_LH_MUX21I1X6
datapath_module/alu_module/mul_44_34/g37594  0.0002445   0.0001862   0.0004307    1.02e-07  HS65_LH_CBI4I6X9
datapath_module/reg_file_module/g6661  0.0003294   0.0001004   0.0004299   8.932e-08  HS65_LH_MUX21I1X6
datapath_module/reg_file_module/g43183  0.0002451   0.0001843   0.0004297   2.273e-07  HS65_LH_AND2X35
datapath_module/alu_module/mul_44_34/g36522  0.0001869   0.0002423   0.0004295   3.296e-07  HS65_LH_OAI12X24
datapath_module/reg_file_module/g7004  0.0003318   9.748e-05   0.0004294   8.932e-08  HS65_LH_MUX21I1X6
datapath_module/alu_module/mul_44_34/FE_RC_759_0  0.0001586   0.0002704   0.0004293   2.647e-07  HS65_LH_NAND2AX21
datapath_module/reg_file_module/FE_RC_1057_0  0.0001238   0.0003052   0.0004291   1.253e-07  HS65_LH_IVX27
datapath_module/alu_module/mul_44_34/FE_RC_957_0  9.753e-05   0.0003315   0.0004291     8.1e-08  HS65_LH_IVX18
datapath_module/reg_file_module/g6991  0.0002929   0.0001361   0.0004291   8.907e-08  HS65_LH_MUX21I1X6
datapath_module/reg_file_module/g6998  0.0003275   0.0001011   0.0004287   8.881e-08  HS65_LH_MUX21I1X6
datapath_module/alu_module/mul_44_34/FE_PSC1039_FE_OCPN123_read_data2_0    0.00029   0.0001386   0.0004287   1.153e-07  HS65_LH_BFX18
datapath_module/alu_module/mul_44_34/g36399  0.0002731   0.0001554   0.0004286   8.921e-08  HS65_LH_NAND2X29
datapath_module/alu_module/sll_42_34/FE_OFC399_FE_OCPN112_read_data2_0  9.819e-05   0.0003302   0.0004285   8.053e-08  HS65_LH_IVX18
datapath_module/reg_file_module/g6654  0.0003188   0.0001095   0.0004284   8.862e-08  HS65_LH_MUX21I1X6
datapath_module/alu_module/mul_44_34/FE_RC_1348_0  9.536e-05    0.000333   0.0004284   7.917e-08  HS65_LH_IVX18
datapath_module/alu_module/g7817   0.000272   0.0001558   0.0004279   7.401e-08  HS65_LH_CB4I6X4
datapath_module/reg_file_module/g7024  0.0003459   8.194e-05   0.0004279   9.003e-08  HS65_LH_MUX21I1X6
datapath_module/alu_module/mul_44_34/g39210  0.0002041   0.0002224   0.0004268   2.976e-07  HS65_LH_MUX21I1X18
datapath_module/alu_module/mul_44_34/FE_RC_882_0  0.0002372   0.0001892   0.0004265   1.273e-07  HS65_LH_OAI21X12
datapath_module/reg_file_module/g6331  0.0003197   0.0001066   0.0004264   8.855e-08  HS65_LH_MUX21I1X6
datapath_module/reg_file_module/FE_RC_329_0  0.0001085   0.0003162   0.0004248   1.519e-07  HS65_LH_IVX31
datapath_module/alu_module/FE_OFC118_write_data_21   4.32e-05   0.0003816   0.0004248    2.09e-08  HS65_LH_IVX2
datapath_module/alu_module/g7554  6.359e-05   0.0003611   0.0004247   3.474e-08  HS65_LH_NAND2X7
datapath_module/alu_module/mul_44_34/FE_OCPC316_FE_DBTN41_read_data2_3  9.815e-05   0.0003262   0.0004244   5.413e-08  HS65_LH_BFX7
datapath_module/alu_module/add_34_34/g7725  0.0002692   0.0001548   0.0004241   7.845e-08  HS65_LH_NAND2AX7
datapath_module/alu_module/mul_44_34/g38196  0.0001836     0.00024   0.0004236   7.694e-08  HS65_LH_NAND2X14
datapath_module/alu_module/add_34_34/g7536   0.000301   0.0001224   0.0004235   7.824e-08  HS65_LH_AO12X9
datapath_module/reg_file_module/g7007   0.000333   9.045e-05   0.0004235    8.89e-08  HS65_LH_MUX21I1X6
datapath_module/reg_file_module/FE_RC_849_0  0.0002016   0.0002212    0.000423   1.627e-07  HS65_LH_NAND2AX21
datapath_module/reg_file_module/g6485  0.0003579   6.386e-05   0.0004219   1.509e-07  HS65_LH_MUX21I1X12
datapath_module/reg_file_module/g6535  0.0003121   0.0001094   0.0004216   8.894e-08  HS65_LH_MUX21I1X6
datapath_module/reg_file_module/g7018  0.0003314   9.003e-05   0.0004215   8.877e-08  HS65_LH_MUX21I1X6
datapath_module/alu_module/mul_44_34/g37551_dup  0.0002525   0.0001686   0.0004211   7.839e-08  HS65_LH_AO12X9
datapath_module/alu_module/mul_44_34/g37677  0.0002451   0.0001753   0.0004206   1.005e-07  HS65_LH_NOR2X19
datapath_module/reg_file_module/FE_OCPC392_n_2401  0.0002092    0.000211   0.0004204   1.646e-07  HS65_LH_BFX27
datapath_module/alu_module/mul_44_34/FE_OCPC555_n_578  0.0002045   0.0002159   0.0004204   6.236e-08  HS65_LH_BFX9
datapath_module/reg_file_module/g6657  0.0003244   9.589e-05   0.0004204   8.886e-08  HS65_LH_MUX21I1X6
datapath_module/reg_file_module/g6671   0.000343   7.722e-05   0.0004204   8.887e-08  HS65_LH_MUX21I1X6
datapath_module/reg_file_module/FE_RC_594_0  0.0001059   0.0003141   0.0004201   1.519e-07  HS65_LH_IVX31
datapath_module/alu_module/mul_44_34/FE_OCPC271_n_799  0.0001213   0.0002985   0.0004198   7.935e-08  HS65_LH_IVX18
datapath_module/alu_module/mul_44_34/FE_RC_380_0  0.0002741   0.0001454   0.0004197   2.159e-07  HS65_LH_OR2X35
datapath_module/reg_file_module/g6986  0.0002928   0.0001265   0.0004193   8.895e-08  HS65_LH_MUX21I1X6
datapath_module/reg_file_module/g7014  0.0003348   8.414e-05   0.0004191   8.883e-08  HS65_LH_MUX21I1X6
datapath_module/alu_module/mul_44_34/FE_PSC1063_FE_DBTN38_read_data2_0  0.0002883   0.0001298   0.0004182   1.153e-07  HS65_LH_BFX18
datapath_module/reg_file_module/g43683_dup1  0.0002175   0.0002004   0.0004181   1.907e-07  HS65_LH_NOR2AX25
datapath_module/alu_module/sub_35_34/g27182  0.0001312   0.0002866   0.0004179   4.617e-08  HS65_LH_NOR2X6
datapath_module/alu_module/mul_44_34/FE_OCPC346_read_data2_3  0.0001753   0.0002422   0.0004177   2.121e-07  HS65_LH_IVX44
datapath_module/alu_module/mul_44_34/FE_OCPC328_read_data1_5  0.0001812   0.0002362   0.0004175   6.208e-08  HS65_LH_BFX9
datapath_module/alu_module/mul_44_34/FE_RC_295_0  0.0002531   0.0001641   0.0004174   1.669e-07  HS65_LH_OR2X27
datapath_module/reg_file_module/g6667   0.000339   7.817e-05   0.0004173   8.887e-08  HS65_LH_MUX21I1X6
datapath_module/alu_module/mul_44_34/g37578  0.0002407   0.0001754   0.0004162    1.02e-07  HS65_LH_CBI4I6X9
datapath_module/alu_module/mul_44_34/FE_RC_563_0_dup1  0.0002997   0.0001161   0.0004159   1.584e-07  HS65_LH_AND2X27
datapath_module/alu_module/mul_44_34/FE_OCPC425_n_827  0.0002316   0.0001837   0.0004155   6.179e-08  HS65_LH_BFX9
datapath_module/alu_module/sub_35_34/g27338  0.0001801    0.000235   0.0004151   5.135e-08  HS65_LH_CBI4I6X5
datapath_module/alu_module/sll_42_34/FE_OFC93_read_data2_2   7.19e-05   0.0003431    0.000415   3.974e-08  HS65_LH_IVX9
datapath_module/alu_module/mul_44_34/FE_OFC116_read_data1_1  0.0001414   0.0002733   0.0004149   1.254e-07  HS65_LH_IVX27
datapath_module/reg_file_module/g6332  0.0003245   9.003e-05   0.0004146   8.866e-08  HS65_LH_MUX21I1X6
datapath_module/reg_file_module/FE_OCPC204_n_8   0.000113   0.0003012   0.0004143   1.154e-07  HS65_LH_BFX18
datapath_module/alu_module/mul_44_34/g39257  0.0002234   0.0001906   0.0004143   3.037e-07  HS65_LHS_XNOR2X18
datapath_module/reg_file_module/FE_RC_705_0  0.0001982   0.0002157   0.0004142   2.634e-07  HS65_LH_AND2X27
datapath_module/reg_file_module/g7002  0.0003291   8.485e-05   0.0004141   8.886e-08  HS65_LH_MUX21I1X6
datapath_module/reg_file_module/g6995  0.0003362   7.705e-05   0.0004133   8.925e-08  HS65_LH_MUX21I1X6
datapath_module/alu_module/mul_44_34/g37576   0.000243   0.0001693   0.0004124    1.02e-07  HS65_LH_CBI4I6X9
datapath_module/reg_file_module/g6541  0.0003045   0.0001063   0.0004109   8.892e-08  HS65_LH_MUX21I1X6
datapath_module/alu_module/FE_RC_276_0   0.000128   0.0002826   0.0004107   6.547e-08  HS65_LH_AO22X9
datapath_module/reg_file_module/g7438  0.0001033   0.0003072   0.0004106   6.432e-08  HS65_LH_OR2X9
datapath_module/alu_module/mul_44_34/g38446  0.0001675   0.0002429   0.0004105   8.542e-08  HS65_LH_NAND2AX14
datapath_module/alu_module/mul_44_34/FE_RC_1201_0  0.0002069   0.0002033   0.0004104   1.853e-07  HS65_LH_OAI21X24
datapath_module/reg_file_module/g6689  0.0003114   9.887e-05   0.0004104   8.896e-08  HS65_LH_MUX21I1X6
datapath_module/alu_module/add_34_34/g7599  0.0002792   0.0001306     0.00041   1.469e-07  HS65_LH_OA12X18
datapath_module/alu_module/sub_35_34/FE_RC_71_0  0.0002245   0.0001852   0.0004098   6.862e-08  HS65_LH_NAND2AX7
datapath_module/alu_module/mul_44_34/g37575  0.0002431   0.0001663   0.0004094    1.02e-07  HS65_LH_CBI4I6X9
datapath_module/reg_file_module/g7015  0.0003335   7.567e-05   0.0004093   8.883e-08  HS65_LH_MUX21I1X6
datapath_module/reg_file_module/g6659  0.0003274   8.179e-05   0.0004093   8.885e-08  HS65_LH_MUX21I1X6
datapath_module/alu_module/mul_44_34/FE_RC_816_0_dup1  0.0002285   0.0001802   0.0004088   1.224e-07  HS65_LH_NOR2AX19
datapath_module/alu_module/mul_44_34/FE_RC_998_0  0.0001654   0.0002428   0.0004082   1.251e-07  HS65_LH_IVX27
datapath_module/alu_module/mul_44_34/FE_RC_103_0  9.556e-05   0.0003123   0.0004079   8.177e-08  HS65_LH_IVX18
datapath_module/alu_module/FE_PSC1049_write_data_27  0.0001845   0.0002233   0.0004079   6.287e-08  HS65_LH_BFX9
datapath_module/reg_file_module/g6728  0.0002237    0.000184   0.0004078    9.09e-08  HS65_LH_MUX21I1X6
datapath_module/alu_module/mul_44_34/FE_RC_1361_0  0.0002167   0.0001909   0.0004078   1.658e-07  HS65_LH_OR2X27
datapath_module/reg_file_module/g6745  0.0003029   0.0001048   0.0004077   8.938e-08  HS65_LH_MUX21I1X6
datapath_module/reg_file_module/g43025  0.0002167     0.00019   0.0004072   4.676e-07  HS65_LH_NAND2X43
datapath_module/reg_file_module/g6530  0.0003022   0.0001045   0.0004069   8.898e-08  HS65_LH_MUX21I1X6
datapath_module/alu_module/mul_44_34/FE_OCPC806_FE_RN_168_0  0.0002344   0.0001715    0.000406   1.139e-07  HS65_LH_BFX18
datapath_module/alu_module/sll_42_34/g19802  6.292e-05   0.0003429   0.0004059   7.459e-08  HS65_LH_NAND2X7
datapath_module/alu_module/FE_OCPC817_write_data_27  0.0001889   0.0002168   0.0004058   6.287e-08  HS65_LH_BFX9
datapath_module/reg_file_module/g7053  0.0003006    0.000105   0.0004057   8.997e-08  HS65_LH_MUX21I1X6
datapath_module/alu_module/sub_35_34/g27327  0.0001157   0.0002899   0.0004057   5.878e-08  HS65_LH_NOR2AX3
datapath_module/alu_module/mul_44_34/FE_RC_814_0  0.0002003   0.0002052   0.0004055   5.229e-08  HS65_LH_NOR2X13
datapath_module/alu_module/g7304  0.0002767   0.0001287   0.0004055    9.32e-08  HS65_LH_NAND4ABX3
datapath_module/alu_module/mul_44_34/g36592  0.0002441   0.0001608   0.0004049   8.206e-08  HS65_LH_NAND2X29
datapath_module/reg_file_module/FE_OCPC522_instruction_code_24  0.0002462   0.0001583   0.0004046   1.159e-07  HS65_LH_BFX18
datapath_module/alu_module/mul_44_34/FE_RC_645_0  0.0001772   0.0002273   0.0004046   1.103e-07  HS65_LH_NAND2X29
datapath_module/reg_file_module/g7001  0.0003271   7.719e-05   0.0004044   8.888e-08  HS65_LH_MUX21I1X6
datapath_module/alu_module/add_34_34/g7726  0.0002278   0.0001765   0.0004044   7.937e-08  HS65_LH_NAND2AX7
datapath_module/reg_file_module/FE_RC_875_0  0.0001299   0.0002739   0.0004039   2.133e-07  HS65_LH_IVX44
datapath_module/alu_module/g7454    0.00026   0.0001437   0.0004038   6.523e-08  HS65_LH_AOI212X4
datapath_module/reg_file_module/g6741  0.0002963   0.0001074   0.0004038   8.879e-08  HS65_LH_MUX21I1X6
datapath_module/reg_file_module/g6653  0.0003195   8.408e-05   0.0004036   8.867e-08  HS65_LH_MUX21I1X6
IFU_module/instr_mem/g733      7.975e-05   0.0003236   0.0004034   4.597e-08  HS65_LH_NOR2X6
IFU_module/FE_OFC92_n_9        0.0002463   0.0001569   0.0004033    1.66e-07  HS65_LH_BFX27
datapath_module/alu_module/mul_44_34/FE_RC_1011_0  0.0003178   8.528e-05   0.0004032   1.345e-07  HS65_LH_NOR2X38
datapath_module/alu_module/FE_RC_266_0  0.0001212   0.0002817   0.0004029    6.52e-08  HS65_LH_AO22X9
datapath_module/reg_file_module/g6539  0.0003042   9.854e-05   0.0004029   8.891e-08  HS65_LH_MUX21I1X6
datapath_module/reg_file_module/g7673  4.522e-05   0.0003574   0.0004028   2.042e-07  HS65_LH_OR2X35
datapath_module/alu_module/mul_44_34/FE_RC_784_0   0.000206   0.0001958    0.000402   2.388e-07  HS65_LH_NAND2AX29
datapath_module/alu_module/mul_44_34/g37645  0.0001557    0.000246   0.0004018   8.338e-08  HS65_LH_NAND2AX14
datapath_module/alu_module/mul_44_34/FE_RC_1188_0  5.603e-05   0.0003456   0.0004017   3.905e-08  HS65_LH_IVX9
datapath_module/alu_module/mul_44_34/FE_RC_1048_0  0.0001146    0.000287   0.0004017   3.354e-08  HS65_LH_IVX7
datapath_module/alu_module/mul_44_34/FE_OCPC579_n_118  0.0002035    0.000198   0.0004016    6.27e-08  HS65_LH_BFX9
datapath_module/reg_file_module/g6681  0.0003118   8.937e-05   0.0004013   8.795e-08  HS65_LH_MUX21I1X6
datapath_module/alu_module/FE_RC_975_0  0.0002751   0.0001259    0.000401   7.777e-08  HS65_LH_AOI22X11
datapath_module/alu_module/mul_44_34/FE_RC_619_0  0.0002159   0.0001849   0.0004009   8.119e-08  HS65_LH_NAND2X21
datapath_module/reg_file_module/g6658  0.0003264   7.412e-05   0.0004007   8.886e-08  HS65_LH_MUX21I1X6
datapath_module/reg_file_module/g6077  0.0003515   4.889e-05   0.0004006   1.504e-07  HS65_LH_MUX21I1X12
datapath_module/reg_file_module/FE_RC_917_0  0.0001846   0.0002147   0.0003995   1.625e-07  HS65_LH_NOR2X25
datapath_module/reg_file_module/g6330  0.0003129   8.609e-05   0.0003991   8.834e-08  HS65_LH_MUX21I1X6
datapath_module/alu_module/mul_44_34/FE_RC_514_0  0.0002232   0.0001751   0.0003985   2.353e-07  HS65_LH_AOI12X23
datapath_module/alu_module/sub_35_34/g27288   0.000168   0.0002302   0.0003983   6.069e-08  HS65_LH_NOR2AX6
datapath_module/alu_module/mul_44_34/g36949  0.0002316   0.0001666   0.0003982   9.959e-08  HS65_LHS_XNOR2X6
datapath_module/alu_module/mul_44_34/FE_RC_931_0  0.0001815   0.0002161   0.0003977   1.548e-07  HS65_LH_IVX31
datapath_module/alu_module/mul_44_34/FE_RC_717_0   0.000189   0.0002085   0.0003976   1.262e-07  HS65_LH_IVX27
datapath_module/reg_file_module/g6655  0.0003203   7.722e-05   0.0003976    8.87e-08  HS65_LH_MUX21I1X6
datapath_module/reg_file_module/g6201  0.0003266   7.071e-05   0.0003974   8.884e-08  HS65_LH_MUX21I1X6
datapath_module/alu_module/mul_44_34/g37668  0.0002138   0.0001831   0.0003971   1.202e-07  HS65_LH_NOR2AX19
datapath_module/alu_module/sub_35_34/g27111  0.0001382   0.0002582   0.0003965   4.608e-08  HS65_LH_AOI12X3
datapath_module/alu_module/mul_44_34/FE_RC_995_0  0.0001462   0.0002499   0.0003961   5.421e-08  HS65_LH_NAND2X7
datapath_module/reg_file_module/g6999   0.000324   7.199e-05   0.0003961    8.87e-08  HS65_LH_MUX21I1X6
datapath_module/reg_file_module/FE_OCPC461_FE_DBTN33_instruction_code_21  0.0001719    0.000224   0.0003961    1.66e-07  HS65_LH_BFX27
datapath_module/alu_module/mul_44_34/g37586  0.0002455   0.0001504    0.000396   1.054e-07  HS65_LH_NAND2AX14
datapath_module/alu_module/mul_44_34/FE_OCPC357_n     0.0001   0.0002959    0.000396   4.373e-08  HS65_LH_BFX2
datapath_module/reg_file_module/FE_RC_19_0  0.0001255   0.0002703   0.0003959   8.715e-08  HS65_LH_NOR2X13
datapath_module/reg_file_module/FE_RC_30_0  0.0002003   0.0001948   0.0003953   1.127e-07  HS65_LH_NOR2X25
datapath_module/alu_module/mul_44_34/g36268  0.0002854   0.0001092   0.0003948   2.212e-07  HS65_LH_OA12X27
datapath_module/alu_module/mul_44_34/FE_RC_404_0  0.0002074    0.000187   0.0003946   1.327e-07  HS65_LH_NAND2AX29
datapath_module/reg_file_module/g7044  0.0002934   0.0001003   0.0003939   8.894e-08  HS65_LH_MUX21I1X6
datapath_module/alu_module/mul_44_34/g36720  0.0001649   0.0002287   0.0003936   3.355e-08  HS65_LH_IVX7
datapath_module/alu_module/mul_44_34/FE_RC_419_0  7.434e-05   0.0003191   0.0003934   3.993e-08  HS65_LH_IVX9
datapath_module/alu_module/mul_44_34/g36503  0.0001212   0.0002721   0.0003934   3.356e-08  HS65_LH_IVX7
datapath_module/alu_module/mul_44_34/FE_OCPC564_n_1623  0.0001951   0.0001981   0.0003933   6.154e-08  HS65_LH_BFX9
datapath_module/alu_module/mul_44_34/FE_OCPC643_n_851  0.0002024   0.0001905   0.0003929   1.138e-07  HS65_LH_BFX18
datapath_module/alu_module/mul_44_34/FE_RC_927_0  0.0001414   0.0002513   0.0003929   1.265e-07  HS65_LH_IVX27
datapath_module/reg_file_module/FE_RC_37_0  0.0002114   0.0001809   0.0003928   4.624e-07  HS65_LH_NAND2X43
datapath_module/alu_module/FE_RC_1274_0   0.000171   0.0002211   0.0003922   5.905e-08  HS65_LH_AOI12X6
datapath_module/reg_file_module/g7040   0.000291   0.0001008   0.0003919   8.899e-08  HS65_LH_MUX21I1X6
datapath_module/alu_module/mul_44_34/FE_RC_1219_0  0.0001798    0.000212   0.0003918   8.341e-08  HS65_LH_NAND2X14
datapath_module/reg_file_module/g43279  0.0001832   0.0002083   0.0003916    1.16e-07  HS65_LH_NOR2X25
datapath_module/reg_file_module/g6714  0.0003053   8.603e-05   0.0003914   8.897e-08  HS65_LH_MUX21I1X6
datapath_module/reg_file_module/g6329  0.0003013   8.973e-05   0.0003911   8.792e-08  HS65_LH_MUX21I1X6
datapath_module/reg_file_module/g7042  0.0002996   9.126e-05   0.0003909   8.897e-08  HS65_LH_MUX21I1X6
datapath_module/reg_file_module/FE_RC_753_0  0.0001919   0.0001987   0.0003907   1.843e-07  HS65_LH_NOR2X19
datapath_module/alu_module/mul_44_34/FE_RC_579_0   0.000175   0.0002152   0.0003904    1.22e-07  HS65_LH_IVX27
datapath_module/reg_file_module/FE_RC_751_0  0.0002185   0.0001705   0.0003891   1.486e-07  HS65_LH_NOR2X38
datapath_module/reg_file_module/g6651  0.0003165   7.246e-05    0.000389   8.864e-08  HS65_LH_MUX21I1X6
datapath_module/alu_module/mul_44_34/FE_RC_1290_0  0.0001591   0.0002297    0.000389   1.565e-07  HS65_LH_IVX31
datapath_module/reg_file_module/g6536  0.0003083   8.051e-05   0.0003889   8.896e-08  HS65_LH_MUX21I1X6
datapath_module/reg_file_module/g7049  0.0002915   9.709e-05   0.0003887   8.888e-08  HS65_LH_MUX21I1X6
datapath_module/alu_module/mul_44_34/g38728  0.0003457   4.271e-05   0.0003886   2.093e-07  HS65_LH_AND2X35
datapath_module/reg_file_module/g7037  0.0002899   9.823e-05   0.0003883   8.897e-08  HS65_LH_MUX21I1X6
datapath_module/reg_file_module/g7046  0.0002926   9.374e-05   0.0003864   8.894e-08  HS65_LH_MUX21I1X6
datapath_module/alu_module/mul_44_34/FE_RC_1171_0  0.0002179   0.0001674   0.0003855    1.98e-07  HS65_LH_AOI21X23
datapath_module/alu_module/mul_44_34/FE_OCPC365_n_176  0.0001859   0.0001995   0.0003855   1.166e-07  HS65_LH_BFX18
datapath_module/reg_file_module/g6990  0.0002982   8.717e-05   0.0003855   8.939e-08  HS65_LH_MUX21I1X6
datapath_module/alu_module/sll_42_34/g19737    8.3e-05   0.0003021   0.0003852   5.374e-08  HS65_LH_OAI22X6
datapath_module/reg_file_module/g6208  0.0002997   8.508e-05   0.0003849   8.872e-08  HS65_LH_MUX21I1X6
datapath_module/reg_file_module/g6964  0.0002988   8.594e-05   0.0003848   9.126e-08  HS65_LH_MUX21I1X6
datapath_module/reg_file_module/g6713  0.0003153   6.929e-05   0.0003847     8.9e-08  HS65_LH_MUX21I1X6
datapath_module/alu_module/sll_42_34/g20220  0.0001992   0.0001851   0.0003844   6.912e-08  HS65_LH_AO22X9
datapath_module/alu_module/srl_43_34/g5890  0.0002239   0.0001601   0.0003841   8.479e-08  HS65_LH_AO12X9
datapath_module/alu_module/mul_44_34/g38770   0.000304   7.971e-05   0.0003839   1.306e-07  HS65_LH_NOR2X38
datapath_module/alu_module/sll_42_34/g20241  0.0001165   0.0002673   0.0003839   5.056e-08  HS65_LH_NOR2AX3
datapath_module/reg_file_module/g6209  0.0003011   8.247e-05   0.0003837    8.88e-08  HS65_LH_MUX21I1X6
datapath_module/reg_file_module/g6987  0.0002913   9.224e-05   0.0003836   8.888e-08  HS65_LH_MUX21I1X6
datapath_module/alu_module/mul_44_34/g38483  0.0002231   0.0001599   0.0003834   4.009e-07  HS65_LHS_XNOR2X24
datapath_module/reg_file_module/g6446  0.0003083   7.503e-05   0.0003834    8.87e-08  HS65_LH_MUX21I1X6
datapath_module/alu_module/sll_42_34/FE_OFC39_read_data2_3  6.877e-05   0.0003143   0.0003832   8.153e-08  HS65_LH_IVX18
datapath_module/alu_module/add_34_34/g7641  0.0001509   0.0002311   0.0003821   5.873e-08  HS65_LH_NAND2X7
datapath_module/reg_file_module/g6595  0.0002832   9.853e-05   0.0003818   8.855e-08  HS65_LH_MUX21I1X6
datapath_module/reg_file_module/g43197   0.000238   0.0001435   0.0003817    1.91e-07  HS65_LH_NAND2X43
datapath_module/reg_file_module/g6977  0.0002918   8.987e-05   0.0003817   8.896e-08  HS65_LH_MUX21I1X6
datapath_module/alu_module/mul_44_34/FE_OFC62_n_1604  0.0001542   0.0002266   0.0003809   3.353e-08  HS65_LH_IVX7
datapath_module/alu_module/mul_44_34/g37621  0.0002136   0.0001667   0.0003804   1.202e-07  HS65_LH_NOR2AX19
datapath_module/reg_file_module/g6978   0.000291   8.836e-05   0.0003795   8.899e-08  HS65_LH_MUX21I1X6
datapath_module/reg_file_module/g7052  0.0003054   7.358e-05    0.000379   9.219e-08  HS65_LH_MUX21I1X6
datapath_module/reg_file_module/g7056  0.0002936   8.519e-05   0.0003789   8.925e-08  HS65_LH_MUX21I1X6
datapath_module/alu_module/FE_RC_808_0  0.0001096   0.0002688   0.0003786   8.425e-08  HS65_LH_AO212X9
datapath_module/alu_module/sll_42_34/g19916  0.0001185     0.00026   0.0003785   3.642e-08  HS65_LH_NOR2X6
datapath_module/alu_module/mul_44_34/FE_OCPC743_FE_OFN87_n_716  0.0002117   0.0001666   0.0003784   6.187e-08  HS65_LH_BFX9
datapath_module/alu_module/mul_44_34/FE_RC_1375_0  7.393e-05   0.0003041   0.0003781   7.917e-08  HS65_LH_IVX18
datapath_module/alu_module/srl_43_34/g6231   0.000282   9.604e-05   0.0003781   8.231e-08  HS65_LH_AO22X9
datapath_module/reg_file_module/g6739  0.0002962   8.162e-05   0.0003779   8.876e-08  HS65_LH_MUX21I1X6
datapath_module/reg_file_module/g43957  0.0002037   0.0001739   0.0003778   1.164e-07  HS65_LH_OR2X18
datapath_module/alu_module/mul_44_34/FE_RC_486_0  0.0001379   0.0002397   0.0003777   1.265e-07  HS65_LH_IVX27
datapath_module/reg_file_module/FE_OCPC382_n_4328  0.0001075   0.0002695    0.000377   9.981e-08  HS65_LH_BFX13
datapath_module/reg_file_module/g7031  0.0002701   0.0001068    0.000377   8.825e-08  HS65_LH_MUX21I1X6
datapath_module/reg_file_module/g6272  0.0003144   6.244e-05   0.0003769   9.064e-08  HS65_LH_MUX21I1X6
datapath_module/alu_module/mul_44_34/g37425  0.0001854   0.0001913   0.0003767   4.624e-08  HS65_LH_AOI22X4
datapath_module/reg_file_module/g6236  0.0002773   9.891e-05   0.0003763   8.902e-08  HS65_LH_MUX21I1X6
datapath_module/reg_file_module/g6603  0.0002998   7.612e-05    0.000376   9.003e-08  HS65_LH_MUX21I1X6
datapath_module/reg_file_module/g6985  0.0002707   0.0001052    0.000376   9.075e-08  HS65_LH_MUX21I1X6
datapath_module/alu_module/sub_35_34/g27334    0.00023   0.0001458   0.0003759   1.066e-07  HS65_LH_NOR2AX13
datapath_module/reg_file_module/g6261  0.0002863   8.912e-05   0.0003755   9.033e-08  HS65_LH_MUX21I1X6
datapath_module/reg_file_module/g6743  0.0003006   7.447e-05   0.0003752   8.893e-08  HS65_LH_MUX21I1X6
datapath_module/alu_module/mul_44_34/g38434  0.0002664   0.0001086    0.000375   6.781e-08  HS65_LH_NAND2AX7
datapath_module/alu_module/mul_44_34/FE_OCPC874_FE_OFN97_read_data2_4  0.0001646   0.0002097   0.0003744   6.244e-08  HS65_LH_BFX9
datapath_module/reg_file_module/g6394  0.0003327   4.109e-05    0.000374   1.508e-07  HS65_LH_MUX21I1X12
datapath_module/reg_file_module/g7054  0.0002949   7.877e-05   0.0003738   8.942e-08  HS65_LH_MUX21I1X6
datapath_module/alu_module/FE_OCPC882_read_data2_1  0.0001816    0.000192   0.0003736    6.19e-08  HS65_LH_BFX9
datapath_module/reg_file_module/g6447  0.0003047    6.88e-05   0.0003736   8.883e-08  HS65_LH_MUX21I1X6
datapath_module/reg_file_module/g6994  0.0002911   8.233e-05   0.0003735    8.94e-08  HS65_LH_MUX21I1X6
datapath_module/alu_module/sll_42_34/FE_OCPC972_n_727  0.0001937   0.0001795   0.0003733   6.179e-08  HS65_LH_BFX9
datapath_module/reg_file_module/g6207  0.0002966   7.646e-05   0.0003731    8.86e-08  HS65_LH_MUX21I1X6
datapath_module/reg_file_module/g6983  0.0002934   7.958e-05   0.0003731   8.894e-08  HS65_LH_MUX21I1X6
datapath_module/alu_module/FE_OCPC939_read_data2_0  0.0002249   0.0001479   0.0003729    9.96e-08  HS65_LH_BFX13
datapath_module/reg_file_module/g7026  0.0002913   8.131e-05   0.0003727   8.905e-08  HS65_LH_MUX21I1X6
datapath_module/reg_file_module/g6980  0.0002995   7.282e-05   0.0003724   8.897e-08  HS65_LH_MUX21I1X6
datapath_module/reg_file_module/g6597   0.000295   7.708e-05   0.0003722   8.883e-08  HS65_LH_MUX21I1X6
datapath_module/reg_file_module/g6537   0.000306   6.613e-05   0.0003722   8.894e-08  HS65_LH_MUX21I1X6
datapath_module/reg_file_module/g6232  0.0002879   8.413e-05   0.0003721   8.903e-08  HS65_LH_MUX21I1X6
datapath_module/alu_module/mul_44_34/g37623   0.000142     0.00023    0.000372   5.563e-08  HS65_LH_NAND2X14
datapath_module/reg_file_module/g7043  0.0002962   7.567e-05    0.000372   8.899e-08  HS65_LH_MUX21I1X6
datapath_module/alu_module/mul_44_34/FE_OCPC408_FE_DBTN39_read_data2_1  5.974e-05   0.0003121   0.0003719   3.355e-08  HS65_LH_IVX7
datapath_module/reg_file_module/g7051  0.0002972   7.384e-05   0.0003711   9.239e-08  HS65_LH_MUX21I1X6
datapath_module/alu_module/sub_35_34/g27115  0.0002042   0.0001669   0.0003711   5.143e-08  HS65_LH_NAND2X7
datapath_module/reg_file_module/g6740  0.0002953   7.567e-05   0.0003711   8.871e-08  HS65_LH_MUX21I1X6
datapath_module/alu_module/mul_44_34/FE_RC_1317_0  0.0001902   0.0001807    0.000371   1.335e-07  HS65_LH_NOR2X13
datapath_module/alu_module/mul_44_34/FE_RC_899_0  8.943e-05   0.0002808   0.0003702   3.973e-08  HS65_LH_IVX9
datapath_module/reg_file_module/g6744  0.0003011   6.862e-05   0.0003698   8.892e-08  HS65_LH_MUX21I1X6
datapath_module/reg_file_module/g6970  0.0002833   8.604e-05   0.0003694   8.873e-08  HS65_LH_MUX21I1X6
datapath_module/alu_module/mul_44_34/FE_RC_253_0  6.292e-05   0.0003061   0.0003691   3.932e-08  HS65_LH_IVX9
datapath_module/reg_file_module/g6894  0.0003297   3.887e-05   0.0003687   1.506e-07  HS65_LH_MUX21I1X12
datapath_module/reg_file_module/g7045  0.0002942   7.406e-05   0.0003683   8.896e-08  HS65_LH_MUX21I1X6
datapath_module/reg_file_module/g6717  0.0002999   6.809e-05   0.0003681   8.897e-08  HS65_LH_MUX21I1X6
datapath_module/alu_module/mul_44_34/FE_RC_1344_0  9.529e-05   0.0002727    0.000368   3.979e-08  HS65_LH_IVX9
datapath_module/reg_file_module/g6742  0.0002989   6.899e-05    0.000368   8.893e-08  HS65_LH_MUX21I1X6
datapath_module/alu_module/mul_44_34/g37636  0.0001436   0.0002238   0.0003675   5.745e-08  HS65_LH_NOR2X9
datapath_module/alu_module/mul_44_34/FE_RC_1261_0  7.116e-05   0.0002959   0.0003672   7.917e-08  HS65_LH_IVX18
datapath_module/reg_file_module/g6715  0.0002984   6.857e-05    0.000367     8.9e-08  HS65_LH_MUX21I1X6
datapath_module/alu_module/g7535  0.0001334   0.0002336    0.000367   3.455e-08  HS65_LH_NOR2X6
datapath_module/reg_file_module/g6981  0.0002961   7.074e-05   0.0003669   8.899e-08  HS65_LH_MUX21I1X6
datapath_module/alu_module/mul_44_34/FE_RC_557_0   0.000308   5.833e-05   0.0003664   1.241e-07  HS65_LH_NOR2X38
datapath_module/reg_file_module/FE_RC_874_0   0.000182   0.0001842   0.0003664   1.236e-07  HS65_LH_NOR2X25
datapath_module/alu_module/mul_44_34/FE_RC_817_0  0.0001627   0.0002032   0.0003661   1.229e-07  HS65_LH_IVX27
datapath_module/reg_file_module/FE_RC_637_0  5.934e-05   0.0003063   0.0003658   8.047e-08  HS65_LH_IVX18
datapath_module/alu_module/mul_44_34/FE_OCPC531_FE_DBTN38_read_data2_0  0.0002246   0.0001408   0.0003655   9.957e-08  HS65_LH_BFX13
datapath_module/reg_file_module/g6206  0.0002922   7.296e-05   0.0003653   8.838e-08  HS65_LH_MUX21I1X6
datapath_module/reg_file_module/g7436  0.0001316   0.0002335   0.0003653    6.23e-08  HS65_LH_AND2X9
datapath_module/alu_module/mul_44_34/FE_OCPC407_FE_DBTN39_read_data2_1  5.916e-05   0.0003056   0.0003648   3.355e-08  HS65_LH_IVX7
datapath_module/alu_module/mul_44_34/g37512  0.0001585    0.000206   0.0003645   5.641e-08  HS65_LH_NAND2X14
datapath_module/reg_file_module/g7034  0.0002869   7.748e-05   0.0003645   8.884e-08  HS65_LH_MUX21I1X6
datapath_module/reg_file_module/g6975  0.0002906   7.357e-05   0.0003643     8.9e-08  HS65_LH_MUX21I1X6
datapath_module/reg_file_module/g6968  0.0002785   8.543e-05    0.000364   8.852e-08  HS65_LH_MUX21I1X6
datapath_module/alu_module/sll_42_34/FE_OCPC219_read_data2_3   0.000113   0.0002508   0.0003639   6.176e-08  HS65_LH_BFX9
datapath_module/reg_file_module/g6764  0.0003089   5.472e-05   0.0003638   1.509e-07  HS65_LH_MUX21I1X12
datapath_module/reg_file_module/g6736   0.000291   7.235e-05   0.0003634   8.867e-08  HS65_LH_MUX21I1X6
datapath_module/alu_module/sll_42_34/FE_OCPC976_n_97  0.0002244   0.0001387   0.0003631   6.258e-08  HS65_LH_BFX9
datapath_module/alu_module/mul_44_34/g37782  0.0002132   0.0001497    0.000363   1.662e-07  HS65_LH_OAI12X12
datapath_module/reg_file_module/g6665  0.0002423   0.0001206    0.000363    8.89e-08  HS65_LH_MUX21I1X6
datapath_module/reg_file_module/g6988  0.0002845   7.835e-05   0.0003629   9.043e-08  HS65_LH_MUX21I1X6
datapath_module/reg_file_module/g43127  0.0002282   0.0001344   0.0003628    1.48e-07  HS65_LH_NAND2X43
datapath_module/alu_module/mul_44_34/g37614  0.0001348   0.0002275   0.0003624   6.834e-08  HS65_LH_NAND2X21
datapath_module/alu_module/mul_44_34/FE_OCPC712_read_data2_0  0.0002258   0.0001363   0.0003622   9.957e-08  HS65_LH_BFX13
datapath_module/alu_module/mul_44_34/FE_RC_1237_0  9.039e-05   0.0002716    0.000362   8.171e-08  HS65_LH_IVX18
datapath_module/alu_module/mul_44_34/g37470  0.0001468   0.0002148   0.0003617   5.439e-08  HS65_LH_NAND2X14
datapath_module/reg_file_module/g6276  0.0002865   7.501e-05   0.0003616   8.971e-08  HS65_LH_MUX21I1X6
datapath_module/alu_module/FE_RC_1206_0  9.879e-05   0.0002625   0.0003615   1.578e-07  HS65_LH_NAND2X14
datapath_module/reg_file_module/g7033  0.0002843   7.671e-05   0.0003611   8.877e-08  HS65_LH_MUX21I1X6
datapath_module/reg_file_module/g7055   0.000294   6.677e-05   0.0003609   8.924e-08  HS65_LH_MUX21I1X6
datapath_module/reg_file_module/g6969  0.0002807    7.99e-05   0.0003607   8.858e-08  HS65_LH_MUX21I1X6
datapath_module/alu_module/add_34_34/g7542  0.0002273   0.0001332   0.0003605   9.697e-08  HS65_LH_MUX21I1X6
datapath_module/reg_file_module/g7032   0.000279   8.123e-05   0.0003603   8.863e-08  HS65_LH_MUX21I1X6
datapath_module/alu_module/mul_44_34/FE_OCPC336_n_106  0.0002306   0.0001297   0.0003603   6.235e-08  HS65_LH_BFX9
datapath_module/reg_file_module/g6976  0.0002919   6.765e-05   0.0003597     8.9e-08  HS65_LH_MUX21I1X6
datapath_module/reg_file_module/g6971  0.0002866   7.287e-05   0.0003595   8.891e-08  HS65_LH_MUX21I1X6
datapath_module/reg_file_module/g7048  0.0002929   6.637e-05   0.0003593   8.895e-08  HS65_LH_MUX21I1X6
datapath_module/reg_file_module/g6972  0.0002886   7.051e-05   0.0003592   8.892e-08  HS65_LH_MUX21I1X6
datapath_module/reg_file_module/g6533  0.0003025   5.661e-05   0.0003592   8.897e-08  HS65_LH_MUX21I1X6
datapath_module/reg_file_module/g6737  0.0002949    6.39e-05   0.0003589   8.873e-08  HS65_LH_MUX21I1X6
datapath_module/reg_file_module/g6450  0.0003022   5.619e-05   0.0003586    1.51e-07  HS65_LH_MUX21I1X12
datapath_module/alu_module/mul_44_34/FE_PSC1065_FE_DBTN39_read_data2_1  0.0001822   0.0001761   0.0003583   6.257e-08  HS65_LH_BFX9
datapath_module/alu_module/mul_44_34/FE_RC_801_0  0.0001946   0.0001632   0.0003578   6.421e-08  HS65_LH_NOR2X19
datapath_module/reg_file_module/g6393  0.0002992   5.826e-05   0.0003576   1.508e-07  HS65_LH_MUX21I1X12
datapath_module/alu_module/mul_44_34/FE_RC_258_0  0.0001895   0.0001679   0.0003575   1.145e-07  HS65_LH_OR2X18
datapath_module/alu_module/sll_42_34/g19901  8.102e-05   0.0002761   0.0003572   4.565e-08  HS65_LH_AND2X4
datapath_module/alu_module/sub_35_34/FE_OFC298_n_124  7.065e-05   0.0002864   0.0003571   3.354e-08  HS65_LH_IVX7
datapath_module/alu_module/mul_44_34/FE_RC_81_0  9.447e-05   0.0002624    0.000357   7.917e-08  HS65_LH_IVX18
datapath_module/reg_file_module/g6238  0.0002716    8.51e-05   0.0003568   8.901e-08  HS65_LH_MUX21I1X6
datapath_module/alu_module/mul_44_34/g36865  9.431e-05   0.0002621   0.0003565    1.51e-07  HS65_LH_IVX31
datapath_module/reg_file_module/g6594  0.0002786    7.78e-05   0.0003565   8.819e-08  HS65_LH_MUX21I1X6
datapath_module/alu_module/mul_44_34/FE_RC_771_0  0.0001364     0.00022   0.0003565   1.417e-07  HS65_LH_NAND2AX29
datapath_module/reg_file_module/g6549  0.0002777   7.794e-05   0.0003557   8.844e-08  HS65_LH_MUX21I1X6
datapath_module/alu_module/mul_44_34/FE_RC_913_0  0.0002532    0.000102   0.0003554   2.336e-07  HS65_LH_OR2X35
datapath_module/reg_file_module/g7035  0.0002898    6.53e-05   0.0003552   8.935e-08  HS65_LH_MUX21I1X6
datapath_module/alu_module/sll_42_34/g19814  8.886e-05   0.0002662   0.0003551   3.922e-08  HS65_LH_IVX9
datapath_module/reg_file_module/FE_OCPC536_FE_RN_5  0.0001938   0.0001611   0.0003551   1.146e-07  HS65_LH_BFX18
datapath_module/reg_file_module/g43956  0.0001705   0.0001841   0.0003547   1.413e-07  HS65_LH_NOR2AX25
datapath_module/reg_file_module/FE_RC_474_0  0.0001995   0.0001549   0.0003545   1.531e-07  HS65_LH_NOR2X38
datapath_module/reg_file_module/g7439  5.927e-05   0.0002947    0.000354   3.414e-08  HS65_LH_NAND2X7
datapath_module/alu_module/mul_44_34/FE_RC_503_0  0.0001601   0.0001936   0.0003538   1.457e-07  HS65_LH_NAND2X21
datapath_module/reg_file_module/g6735  0.0002866   6.705e-05   0.0003538   8.854e-08  HS65_LH_MUX21I1X6
datapath_module/alu_module/mul_44_34/FE_RC_1370_0  0.0001154   0.0002377   0.0003532   1.218e-07  HS65_LH_IVX27
datapath_module/reg_file_module/g6973  0.0002893   6.295e-05   0.0003524   8.893e-08  HS65_LH_MUX21I1X6
datapath_module/reg_file_module/g6205  0.0002851   6.703e-05   0.0003522   8.797e-08  HS65_LH_MUX21I1X6
datapath_module/alu_module/srl_43_34/FE_RC_186_0  0.0001483   0.0002036    0.000352   6.382e-08  HS65_LH_NAND2X14
datapath_module/alu_module/sll_42_34/FE_OCPC391_read_data1_5  0.0001818   0.0001699   0.0003517   6.208e-08  HS65_LH_BFX9
datapath_module/reg_file_module/g6924  0.0002948   5.679e-05   0.0003517   1.507e-07  HS65_LH_MUX21I1X12
datapath_module/reg_file_module/FE_PHC1005_n_1211  6.626e-05   0.0002839   0.0003502   4.836e-08  HS65_LH_BFX4
datapath_module/alu_module/srl_43_34/g5809  0.0001685   0.0001814     0.00035   8.406e-08  HS65_LH_AO12X9
datapath_module/reg_file_module/FE_OFC169_n_2338  8.527e-05   0.0002646   0.0003499   1.122e-07  HS65_LH_IVX22
datapath_module/alu_module/mul_44_34/g36291  0.0002206   0.0001289   0.0003498   3.369e-07  HS65_LH_AOI12X35
datapath_module/alu_module/mul_44_34/g37619  0.0002055   0.0001434    0.000349   7.581e-08  HS65_LH_NAND2X21
datapath_module/alu_module/mul_44_34/FE_RC_577_0  6.892e-05     0.00028   0.0003489   3.916e-08  HS65_LH_IVX9
datapath_module/alu_module/FE_PSC1064_read_data1_3  0.0001143   0.0002344   0.0003488   6.176e-08  HS65_LH_BFX9
datapath_module/alu_module/mul_44_34/g37488  0.0001519   0.0001968   0.0003487   5.777e-08  HS65_LH_NAND2X14
datapath_module/alu_module/mul_44_34/g37492  0.0001503    0.000198   0.0003484   5.777e-08  HS65_LH_NAND2X14
datapath_module/reg_file_module/g6982  0.0002941   5.419e-05   0.0003483   8.896e-08  HS65_LH_MUX21I1X6
datapath_module/reg_file_module/g6984  0.0002926   5.525e-05   0.0003479   8.894e-08  HS65_LH_MUX21I1X6
datapath_module/alu_module/mul_44_34/g36328  0.0001779    0.000169    0.000347   1.042e-07  HS65_LH_NOR2AX19
datapath_module/alu_module/mul_44_34/FE_RC_689_0  0.0001239   0.0002228   0.0003468   5.578e-08  HS65_LH_NOR2AX3
datapath_module/alu_module/mul_44_34/g36633  0.0001344   0.0002119   0.0003463   2.747e-08  HS65_LH_NAND2X7
datapath_module/reg_file_module/FE_RC_220_0  0.0001161   0.0002299   0.0003462   1.688e-07  HS65_LH_IVX35
datapath_module/alu_module/mul_44_34/g37493  0.0001576   0.0001884   0.0003461   8.949e-08  HS65_LH_NOR2AX13
datapath_module/reg_file_module/g7038  0.0002916   5.426e-05   0.0003459   8.898e-08  HS65_LH_MUX21I1X6
datapath_module/alu_module/FE_OCPC758_read_data1_5  0.0001801   0.0001654   0.0003456   6.208e-08  HS65_LH_BFX9
datapath_module/reg_file_module/g6517  0.0003089   3.642e-05   0.0003455   1.502e-07  HS65_LH_MUX21I1X12
datapath_module/alu_module/mul_44_34/FE_RC_816_0  0.0001579   0.0001872   0.0003452   8.949e-08  HS65_LH_NOR2AX13
datapath_module/alu_module/sll_42_34/FE_OCPC828_n_97  0.0002244   0.0001201   0.0003445   6.258e-08  HS65_LH_BFX9
datapath_module/reg_file_module/g7050  0.0002795   6.465e-05   0.0003442    9.24e-08  HS65_LH_MUX21I1X6
datapath_module/alu_module/mul_44_34/FE_OCPC348_read_data2_3  7.036e-05   0.0002733   0.0003437   8.153e-08  HS65_LH_IVX18
datapath_module/alu_module/g7519  0.0001363    0.000207   0.0003434   4.758e-08  HS65_LH_OAI12X3
datapath_module/alu_module/mul_44_34/FE_RC_338_0  0.0002478   9.512e-05    0.000343   8.762e-08  HS65_LH_NAND2X29
datapath_module/alu_module/mul_44_34/FE_OCPC670_n_106  0.0002276    0.000115   0.0003426   6.235e-08  HS65_LH_BFX9
datapath_module/alu_module/mul_44_34/g37369  0.0001644   0.0001776   0.0003421   4.883e-08  HS65_LH_AOI22X6
IFU_module/instr_mem/g731      9.653e-05   0.0002452   0.0003418    7.96e-08  HS65_LH_OR2ABX9
datapath_module/alu_module/FE_OCPC590_write_data_23  0.0002158   0.0001259   0.0003418   6.287e-08  HS65_LH_BFX9
datapath_module/reg_file_module/g6234  0.0002752   6.561e-05   0.0003409   8.904e-08  HS65_LH_MUX21I1X6
datapath_module/reg_file_module/g43278  0.0001833   0.0001567   0.0003401    1.16e-07  HS65_LH_NOR2X25
datapath_module/alu_module/g7306  0.0002711   6.889e-05     0.00034   8.891e-08  HS65_LH_OR3X4
datapath_module/reg_file_module/g6967  0.0002725   6.694e-05   0.0003395    8.83e-08  HS65_LH_MUX21I1X6
datapath_module/alu_module/mul_44_34/FE_RC_910_0  0.0001776   0.0001601   0.0003379   9.168e-08  HS65_LH_NAND2X29
datapath_module/reg_file_module/FE_OCPC577_instruction_code_23   0.000216   0.0001216   0.0003377   1.159e-07  HS65_LH_BFX18
datapath_module/reg_file_module/g6781  0.0002972   3.989e-05   0.0003373   1.508e-07  HS65_LH_MUX21I1X12
datapath_module/alu_module/mul_44_34/g37666  0.0002134   0.0001235   0.0003371   1.202e-07  HS65_LH_NOR2AX19
datapath_module/reg_file_module/g6237  0.0002737   6.314e-05    0.000337   8.903e-08  HS65_LH_MUX21I1X6
datapath_module/reg_file_module/g6239  0.0002707    6.57e-05   0.0003365   8.899e-08  HS65_LH_MUX21I1X6
datapath_module/alu_module/mul_44_34/FE_OCPC524_n_1653  0.0001644    0.000172   0.0003364   6.153e-08  HS65_LH_BFX9
datapath_module/reg_file_module/FE_OCPC467_instruction_code_23   0.000216   0.0001198   0.0003359   1.159e-07  HS65_LH_BFX18
datapath_module/alu_module/mul_44_34/FE_RC_699_0  0.0002271   0.0001086   0.0003359   1.465e-07  HS65_LH_AOI12X17
datapath_module/reg_file_module/g6919  0.0002981   3.764e-05   0.0003359   1.508e-07  HS65_LH_MUX21I1X12
datapath_module/reg_file_module/g6593  0.0002697    6.61e-05   0.0003358   8.771e-08  HS65_LH_MUX21I1X6
datapath_module/alu_module/mul_44_34/FE_OCPC312_n_1764  0.0001891   0.0001466   0.0003358   1.135e-07  HS65_LH_BFX18
datapath_module/alu_module/g7589   6.97e-05   0.0002657   0.0003355   3.929e-08  HS65_LH_IVX9
datapath_module/reg_file_module/g43115  0.0001567   0.0001784   0.0003353   1.127e-07  HS65_LH_NAND2X14
datapath_module/alu_module/FE_PSC1058_read_data1_3  0.0001143   0.0002208   0.0003352   6.176e-08  HS65_LH_BFX9
datapath_module/reg_file_module/g6548  0.0002586   7.578e-05   0.0003344    8.79e-08  HS65_LH_MUX21I1X6
datapath_module/alu_module/FE_RC_1077_0  0.0002657   6.787e-05   0.0003337   7.521e-08  HS65_LH_OA12X9
datapath_module/reg_file_module/g6240  0.0002699   6.303e-05    0.000333   8.899e-08  HS65_LH_MUX21I1X6
datapath_module/alu_module/mul_44_34/FE_RC_177_0  7.242e-05   0.0002604   0.0003329    3.98e-08  HS65_LH_IVX9
datapath_module/alu_module/mul_44_34/g37680  0.0001487    0.000184   0.0003328   8.769e-08  HS65_LH_NOR2AX13
datapath_module/alu_module/mul_44_34/FE_OCPC677_n_2107  0.0001297   0.0002029   0.0003327   6.167e-08  HS65_LH_BFX9
datapath_module/reg_file_module/FE_RC_560_0  0.0001997   0.0001327   0.0003326   2.234e-07  HS65_LH_OR2X35
datapath_module/alu_module/mul_44_34/FE_RC_110_0  4.547e-05    0.000287   0.0003326   3.903e-08  HS65_LH_IVX9
datapath_module/alu_module/mul_44_34/FE_RC_391_0  0.0002603    7.19e-05   0.0003324    1.35e-07  HS65_LH_NAND2AX29
datapath_module/alu_module/mul_44_34/FE_OCPC742_n_2166  0.0001637   0.0001679   0.0003316     6.2e-08  HS65_LH_BFX9
datapath_module/alu_module/srl_43_34/g5897  0.0001068   0.0002244   0.0003312   3.416e-08  HS65_LH_NAND2X7
datapath_module/alu_module/mul_44_34/g36483  4.642e-05   0.0002847   0.0003312       4e-08  HS65_LH_IVX9
datapath_module/reg_file_module/g6784  0.0002939   3.707e-05   0.0003311   1.507e-07  HS65_LH_MUX21I1X12
datapath_module/reg_file_module/g43129  0.0001449   0.0001861   0.0003311   8.746e-08  HS65_LH_NAND2X21
datapath_module/alu_module/FE_OCPC517_n  0.0001817   0.0001488   0.0003305   6.208e-08  HS65_LH_BFX9
datapath_module/alu_module/g7441  0.0002135   0.0001163   0.0003298   6.478e-08  HS65_LH_NOR4ABX4
datapath_module/alu_module/mul_44_34/FE_RC_389_0  0.0002124   0.0001174   0.0003298   7.209e-08  HS65_LH_NOR2X13
datapath_module/reg_file_module/g6514  0.0002855   4.414e-05   0.0003298   1.507e-07  HS65_LH_MUX21I1X12
datapath_module/alu_module/mul_44_34/g37479  0.0001727   0.0001568   0.0003296   1.033e-07  HS65_LH_AND2X18
datapath_module/reg_file_module/FE_OCPC812_FE_RN_4  0.0001692   0.0001602   0.0003295   1.166e-07  HS65_LH_BFX18
datapath_module/alu_module/srl_43_34/g5918  0.0001659   0.0001631   0.0003291   9.122e-08  HS65_LH_AO12X9
datapath_module/reg_file_module/g6731  0.0002688   5.991e-05   0.0003288   8.789e-08  HS65_LH_MUX21I1X6
datapath_module/reg_file_module/g6214  0.0002512   7.737e-05   0.0003287   9.141e-08  HS65_LH_MUX21I1X6
datapath_module/alu_module/add_34_34/FE_OFC389_n_52  8.829e-05   0.0002401   0.0003285   8.096e-08  HS65_LH_IVX18
datapath_module/reg_file_module/g7434  9.216e-05   0.0002361   0.0003284   5.924e-08  HS65_LH_AND2X9
datapath_module/alu_module/mul_44_34/FE_OCPC410_FE_DBTN39_read_data2_1  5.866e-05   0.0002696   0.0003283   3.355e-08  HS65_LH_IVX7
datapath_module/alu_module/mul_44_34/FE_RC_475_0  0.0001908   0.0001368   0.0003278   1.926e-07  HS65_LH_OAI12X18
datapath_module/alu_module/mul_44_34/FE_OCPC857_n_116   0.000191   0.0001356   0.0003266   6.273e-08  HS65_LH_BFX9
datapath_module/alu_module/sub_35_34/g27330  0.0001074   0.0002178   0.0003253   6.604e-08  HS65_LH_NAND2AX7
datapath_module/alu_module/mul_44_34/FE_RC_1199_0  0.0002576   6.742e-05   0.0003251   9.925e-08  HS65_LH_NOR2X19
datapath_module/reg_file_module/g7442  0.0001243   0.0002005   0.0003249   8.162e-08  HS65_LH_NOR2X19
datapath_module/reg_file_module/g6087  0.0002175    0.000107   0.0003247    8.87e-08  HS65_LH_MUX21I1X6
datapath_module/alu_module/mul_44_34/g37471  0.0001727   0.0001516   0.0003244   1.033e-07  HS65_LH_AND2X18
datapath_module/reg_file_module/FE_RC_268_0  6.776e-05   0.0002562   0.0003241   8.113e-08  HS65_LH_IVX18
datapath_module/alu_module/srl_43_34/g5948  0.0002027    0.000121   0.0003238   9.256e-08  HS65_LH_NOR2X9
datapath_module/reg_file_module/g7028  0.0002435   8.012e-05   0.0003237   8.729e-08  HS65_LH_MUX21I1X6
datapath_module/alu_module/mul_44_34/g37582  0.0002429    8.06e-05   0.0003236    1.02e-07  HS65_LH_CBI4I6X9
datapath_module/alu_module/mul_44_34/FE_RC_1041_0  0.0002415   8.132e-05    0.000323   1.142e-07  HS65_LH_NOR2X38
datapath_module/alu_module/sub_35_34/FE_OCPC499_n_12  0.0001574   0.0001654   0.0003229   6.268e-08  HS65_LH_BFX9
datapath_module/reg_file_module/FE_PHC994_n_1190  9.192e-05   0.0002308   0.0003228   5.524e-08  HS65_LH_BFX7
datapath_module/alu_module/mul_44_34/FE_RC_176_0  0.0002168   0.0001057   0.0003226   1.731e-07  HS65_LH_OR2X27
datapath_module/alu_module/sub_35_34/g27132  0.0001248   0.0001977   0.0003226   4.445e-08  HS65_LH_OAI12X3
datapath_module/reg_file_module/g6173   0.000274   4.823e-05   0.0003224     1.5e-07  HS65_LH_MUX21I1X12
datapath_module/alu_module/mul_44_34/FE_RC_358_0  0.0001916   0.0001306   0.0003222   8.841e-08  HS65_LH_NAND2X14
datapath_module/reg_file_module/g6966  0.0002614   5.991e-05   0.0003214   8.795e-08  HS65_LH_MUX21I1X6
datapath_module/alu_module/mul_44_34/FE_RC_772_0  0.0001706   0.0001499   0.0003208   3.178e-07  HS65_LH_NAND2X29
datapath_module/alu_module/mul_44_34/FE_OCPC356_n_1204  0.0001017   0.0002189   0.0003207   9.916e-08  HS65_LH_BFX13
datapath_module/reg_file_module/g7030  0.0002587   6.176e-05   0.0003205   8.779e-08  HS65_LH_MUX21I1X6
datapath_module/alu_module/mul_44_34/FE_RC_938_0  9.114e-05   0.0002285   0.0003198   1.273e-07  HS65_LH_IVX27
datapath_module/alu_module/mul_44_34/FE_RC_1187_0  4.581e-05   0.0002734   0.0003193   3.898e-08  HS65_LH_IVX9
datapath_module/reg_file_module/FE_RC_671_0  0.0001901   0.0001286   0.0003189   1.172e-07  HS65_LH_NAND2X29
datapath_module/reg_file_module/FE_OCPC604_write_data_28  0.0002056   0.0001129   0.0003186   6.287e-08  HS65_LH_BFX9
datapath_module/alu_module/mul_44_34/FE_OCPC404_FE_DBTN39_read_data2_1  5.709e-05     0.00026   0.0003172   3.355e-08  HS65_LH_IVX7
datapath_module/alu_module/mul_44_34/FE_RC_230_0  0.0001833   0.0001334   0.0003168   6.257e-08  HS65_LH_BFX9
datapath_module/reg_file_module/g43280  0.0001002   0.0002164   0.0003167   6.273e-08  HS65_LH_NOR2X9
datapath_module/alu_module/mul_44_34/g38402  0.0001953   0.0001214   0.0003167    4.92e-08  HS65_LH_NAND2AX7
datapath_module/alu_module/sub_35_34/g27110  0.0001429   0.0001726   0.0003155   3.212e-08  HS65_LH_AOI12X2
datapath_module/reg_file_module/FE_RC_593_0  0.0001141   0.0002007   0.0003149   1.253e-07  HS65_LH_IVX27
datapath_module/alu_module/mul_44_34/FE_RC_451_0  7.296e-05   0.0002418   0.0003148    3.91e-08  HS65_LH_IVX9
datapath_module/reg_file_module/g6250   0.000243   7.168e-05   0.0003148   8.762e-08  HS65_LH_MUX21I1X6
datapath_module/reg_file_module/g43198  0.0001059   0.0002084   0.0003144   6.304e-08  HS65_LH_NAND2X14
datapath_module/alu_module/FE_OCPC963_write_data_28  0.0002086   0.0001057   0.0003143   6.287e-08  HS65_LH_BFX9
datapath_module/reg_file_module/g6965  0.0002464   6.787e-05   0.0003143   8.742e-08  HS65_LH_MUX21I1X6
datapath_module/reg_file_module/FE_OCPC338_n_2470  0.0001325   0.0001816   0.0003143   1.551e-07  HS65_LH_IVX31
datapath_module/reg_file_module/g7036  0.0002487   6.522e-05    0.000314   9.054e-08  HS65_LH_MUX21I1X6
datapath_module/alu_module/g7380  0.0002411   7.234e-05   0.0003135   1.438e-07  HS65_LH_AO212X18
datapath_module/reg_file_module/g7010   0.000243    7.02e-05   0.0003133   8.889e-08  HS65_LH_MUX21I1X6
datapath_module/reg_file_module/g6219  0.0002488   6.433e-05   0.0003132   8.724e-08  HS65_LH_MUX21I1X6
datapath_module/alu_module/mul_44_34/FE_RC_1104_0  0.0001126   0.0002004    0.000313   7.972e-08  HS65_LH_IVX18
datapath_module/reg_file_module/g43683  0.0001119   0.0002006   0.0003126   1.055e-07  HS65_LH_NOR2AX13
datapath_module/alu_module/mul_44_34/g36771  0.0001232   0.0001888   0.0003123   2.359e-07  HS65_LH_OA12X27
datapath_module/reg_file_module/g7670  4.486e-05   0.0002669    0.000312   2.042e-07  HS65_LH_OR2X35
datapath_module/alu_module/mul_44_34/g37589  0.0001718   0.0001395   0.0003114   6.453e-08  HS65_LH_AND2X9
datapath_module/reg_file_module/g6199  0.0002438   6.731e-05   0.0003112   9.069e-08  HS65_LH_MUX21I1X6
datapath_module/alu_module/mul_44_34/g36271  0.0001829   0.0001281   0.0003112   1.373e-07  HS65_LH_OA12X18
datapath_module/reg_file_module/FE_RC_21_0  0.0001755   0.0001353   0.0003109   1.249e-07  HS65_LH_NOR2AX19
datapath_module/alu_module/mul_44_34/FE_OCPC582_n_147  0.0001193   0.0001913   0.0003107   6.152e-08  HS65_LH_BFX9
datapath_module/alu_module/mul_44_34/FE_PSC1040_n_776  0.0002443   6.569e-05   0.0003101    1.14e-07  HS65_LH_BFX18
datapath_module/alu_module/mul_44_34/g38440  0.0001892   0.0001207     0.00031   1.072e-07  HS65_LH_NOR2AX19
datapath_module/reg_file_module/g6974  0.0002448   6.432e-05   0.0003092   9.049e-08  HS65_LH_MUX21I1X6
datapath_module/alu_module/add_34_34/FE_RC_1272_0  0.0002119   9.698e-05   0.0003089   9.002e-08  HS65_LH_NOR3AX9
datapath_module/alu_module/mul_44_34/FE_RC_522_0  0.0001089   0.0001999   0.0003089   1.243e-07  HS65_LH_NAND2AX14
datapath_module/alu_module/sll_42_34/FE_OFC185_read_data2_0  5.158e-05   0.0002559   0.0003075   3.352e-08  HS65_LH_IVX7
datapath_module/alu_module/mul_44_34/g36371   0.000155   0.0001522   0.0003073   9.676e-08  HS65_LH_NAND2X29
datapath_module/reg_file_module/g6210  0.0002446   6.254e-05   0.0003073   9.102e-08  HS65_LH_MUX21I1X6
datapath_module/alu_module/sub_35_34/g27333  0.0001151   0.0001921   0.0003072   6.449e-08  HS65_LH_NAND2AX7
datapath_module/alu_module/mul_44_34/g36759  7.208e-05   0.0002347   0.0003069   7.897e-08  HS65_LH_IVX18
datapath_module/reg_file_module/g6761  0.0002264   7.992e-05   0.0003064   8.912e-08  HS65_LH_MUX21I1X6
datapath_module/alu_module/g7539  0.0002079   9.806e-05   0.0003061    7.91e-08  HS65_LH_AO12X9
datapath_module/alu_module/mul_44_34/FE_RC_1368_0  0.0001378    0.000168    0.000306   1.628e-07  HS65_LH_IVX35
datapath_module/reg_file_module/g43200  0.0001072   0.0001983   0.0003056   7.024e-08  HS65_LH_NAND2X14
datapath_module/alu_module/sll_42_34/FE_OCPC975_n_724  0.0001832   0.0001218    0.000305   6.181e-08  HS65_LH_BFX9
datapath_module/alu_module/mul_44_34/FE_OCPC347_n_148  0.0001297    0.000175    0.000305   2.802e-07  HS65_LH_BFX44
datapath_module/alu_module/mul_44_34/FE_RC_688_0  0.0001641   0.0001407   0.0003048   3.966e-08  HS65_LH_IVX9
datapath_module/alu_module/mul_44_34/FE_RC_1289_0  0.0002584   4.629e-05   0.0003048   8.484e-08  HS65_LH_NOR2X25
datapath_module/alu_module/mul_44_34/FE_OCPC312_read_data2_0_dup  0.0001683   0.0001364   0.0003047   6.221e-08  HS65_LH_BFX9
datapath_module/reg_file_module/g6302  0.0002238   7.936e-05   0.0003032   8.899e-08  HS65_LH_MUX21I1X6
datapath_module/reg_file_module/FE_RC_749_0  0.0001166   0.0001865   0.0003032   1.111e-07  HS65_LH_NAND2AX21
datapath_module/alu_module/mul_44_34/FE_RC_425_0  0.0001697   0.0001327   0.0003025   1.019e-07  HS65_LH_AND2X18
datapath_module/alu_module/g7522  0.0001461    0.000156   0.0003022   4.895e-08  HS65_LH_OAI12X3
datapath_module/alu_module/mul_44_34/FE_RC_947_0  8.324e-05   0.0002186    0.000302   1.273e-07  HS65_LH_IVX27
datapath_module/alu_module/FE_RC_1379_0  7.705e-05   0.0002246   0.0003017   1.207e-07  HS65_LH_IVX27
IFU_module/g550                0.0001707   0.0001305   0.0003014   1.165e-07  HS65_LH_HA1X4
datapath_module/alu_module/mul_44_34/FE_RC_829_0  0.0001059   0.0001953   0.0003012   4.613e-08  HS65_LH_NAND2X14
datapath_module/alu_module/sll_42_34/FE_OCPC599_read_data1_2  0.0001441   0.0001568    0.000301   6.196e-08  HS65_LH_BFX9
datapath_module/reg_file_module/g6174  0.0002266   7.415e-05   0.0003008   9.078e-08  HS65_LH_MUX21I1X6
datapath_module/alu_module/mul_44_34/FE_RC_827_0  0.0001307   0.0001699   0.0003007   1.381e-07  HS65_LH_NOR2X13
datapath_module/reg_file_module/g6444  0.0002202   8.021e-05   0.0003005   8.823e-08  HS65_LH_MUX21I1X6
datapath_module/alu_module/mul_44_34/FE_RC_86_0  7.197e-05   0.0002283   0.0003004   7.917e-08  HS65_LH_IVX18
datapath_module/alu_module/mul_44_34/FE_OCPC610_n_1556  0.0001216   0.0001785   0.0003002   6.295e-08  HS65_LH_BFX9
datapath_module/reg_file_module/g7678   3.85e-05   0.0002614   0.0003001   2.285e-07  HS65_LH_OR2ABX35
datapath_module/reg_file_module/g6203  0.0002374    6.25e-05      0.0003   8.661e-08  HS65_LH_MUX21I1X6
datapath_module/reg_file_module/g6213  0.0002435   5.616e-05   0.0002998   9.066e-08  HS65_LH_MUX21I1X6
datapath_module/reg_file_module/g6212  0.0002287   7.078e-05   0.0002995   8.647e-08  HS65_LH_MUX21I1X6
datapath_module/reg_file_module/g6670  0.0002419   5.746e-05   0.0002994   8.889e-08  HS65_LH_MUX21I1X6
datapath_module/alu_module/mul_44_34/g37801  6.634e-05    0.000233   0.0002994    5.69e-08  HS65_LH_OAI12X3
datapath_module/reg_file_module/g6883  0.0002157   8.294e-05   0.0002988    8.95e-08  HS65_LH_MUX21I1X6
datapath_module/reg_file_module/g6301   0.000223   7.567e-05   0.0002987   8.894e-08  HS65_LH_MUX21I1X6
datapath_module/reg_file_module/g6958  0.0002427   5.597e-05   0.0002987   9.131e-08  HS65_LH_MUX21I1X6
datapath_module/reg_file_module/g6463  0.0002373    6.13e-05   0.0002987   8.725e-08  HS65_LH_MUX21I1X6
datapath_module/alu_module/add_34_34/g7569  0.0001295   0.0001689   0.0002985    1.24e-07  HS65_LH_AOI12X12
datapath_module/alu_module/mul_44_34/FE_RC_608_0  0.0001561   0.0001422   0.0002984   3.959e-08  HS65_LH_IVX9
datapath_module/alu_module/mul_44_34/g37670  0.0001484   0.0001497   0.0002982   8.769e-08  HS65_LH_NOR2AX13
datapath_module/reg_file_module/FE_RC_159_0  6.769e-05     0.00023   0.0002978   8.113e-08  HS65_LH_IVX18
datapath_module/alu_module/mul_44_34/FE_PSC1062_FE_RN_101_0  0.0001747   0.0001229   0.0002977   6.266e-08  HS65_LH_BFX9
datapath_module/reg_file_module/FE_OFC161_instruction_code_7  5.491e-05   0.0002427   0.0002976    3.94e-08  HS65_LH_IVX9
datapath_module/alu_module/mul_44_34/FE_OCPC634_n_809  0.0001782   0.0001191   0.0002974   6.173e-08  HS65_LH_BFX9
datapath_module/reg_file_module/g6957  0.0002295   6.769e-05   0.0002973   9.047e-08  HS65_LH_MUX21I1X6
datapath_module/reg_file_module/g6563  0.0002168   8.019e-05   0.0002971    8.91e-08  HS65_LH_MUX21I1X6
datapath_module/alu_module/mul_44_34/g36424_dup  0.0001829   0.0001134   0.0002964   1.299e-07  HS65_LH_NOR2AX25
datapath_module/alu_module/FE_OFC74_write_data_22  4.179e-05   0.0002544   0.0002962    2.09e-08  HS65_LH_IVX2
control_module/FE_OFC16_n_14   0.0001066   0.0001893    0.000296   4.375e-08  HS65_LH_BFX2
datapath_module/reg_file_module/g6200  0.0002277   6.781e-05   0.0002956   8.873e-08  HS65_LH_MUX21I1X6
datapath_module/alu_module/mul_44_34/FE_RC_1303_0  5.409e-05   0.0002413   0.0002955   3.998e-08  HS65_LH_IVX9
datapath_module/alu_module/g7579  8.628e-05   0.0002091   0.0002954   4.638e-08  HS65_LH_NOR2AX3
datapath_module/alu_module/mul_44_34/g36459  0.0001402   0.0001547   0.0002952   2.497e-07  HS65_LH_OAI12X24
datapath_module/alu_module/sub_35_34/FE_OCPC884_n_154  0.0002126   8.215e-05   0.0002948   6.209e-08  HS65_LH_BFX9
datapath_module/alu_module/mul_44_34/g36348    9.8e-05   0.0001965   0.0002947   1.583e-07  HS65_LH_NAND2X14
datapath_module/alu_module/mul_44_34/FE_RC_695_0  0.0002084   8.604e-05   0.0002946    1.45e-07  HS65_LH_NAND2X14
control_module/g606            9.922e-05   0.0001952   0.0002945   4.743e-08  HS65_LH_NOR2AX3
datapath_module/reg_file_module/FE_OCPC667_n_2419  0.0001573   0.0001368   0.0002943   2.245e-07  HS65_LH_BFX31
datapath_module/reg_file_module/FE_RC_1056_0  0.0001644   0.0001296   0.0002942   1.465e-07  HS65_LH_NOR2AX19
datapath_module/alu_module/FE_OCPC427_write_data_19  0.0002404   5.352e-05    0.000294   6.281e-08  HS65_LH_BFX9
datapath_module/reg_file_module/g6760  0.0002284    6.51e-05   0.0002936   8.909e-08  HS65_LH_MUX21I1X6
datapath_module/alu_module/mul_44_34/FE_OCPC709_FE_OFN88_n_716  0.0002122   8.127e-05   0.0002935   6.187e-08  HS65_LH_BFX9
datapath_module/alu_module/mul_44_34/g37570  0.0001358   0.0001577   0.0002935   5.015e-08  HS65_LH_CBI4I6X5
datapath_module/reg_file_module/g7444   0.000118   0.0001753   0.0002934   6.636e-08  HS65_LH_NOR2AX6
datapath_module/reg_file_module/FE_OFC170_n_2338  9.674e-05   0.0001961    0.000293   1.262e-07  HS65_LH_IVX27
datapath_module/reg_file_module/FE_RC_1028_0  0.0001319    0.000161    0.000293   1.025e-07  HS65_LH_NOR2X25
datapath_module/reg_file_module/g6177  0.0002242   6.864e-05    0.000293   9.156e-08  HS65_LH_MUX21I1X6
datapath_module/alu_module/mul_44_34/FE_OCPC560_n_143  0.0001916    0.000101   0.0002926   6.288e-08  HS65_LH_BFX9
datapath_module/reg_file_module/FE_OCPC199_n_2459  5.493e-05   0.0002376   0.0002926   3.986e-08  HS65_LH_IVX9
FE_PHC1001_scan_en             3.125e-05   0.0002613   0.0002926   4.891e-08  HS65_LH_BFX4
datapath_module/reg_file_module/g43196  9.695e-05   0.0001955   0.0002926   7.178e-08  HS65_LH_NAND2X14
datapath_module/reg_file_module/FE_RC_1164_0  0.0001263   0.0001661   0.0002925   1.102e-07  HS65_LH_NOR2AX19
datapath_module/alu_module/sub_35_34/g27206  0.0001296   0.0001627   0.0002923     5.6e-08  HS65_LH_NOR2X6
IFU_module/FE_OCPC814_instruction_code_22   9.43e-05   0.0001977   0.0002921   6.223e-08  HS65_LH_BFX9
datapath_module/alu_module/mul_44_34/FE_RC_1200_0  0.0001031   0.0001887   0.0002919     8.1e-08  HS65_LH_IVX18
datapath_module/alu_module/srl_43_34/FE_RC_1463_0  8.593e-05   0.0002058   0.0002918   3.972e-08  HS65_LH_IVX9
datapath_module/reg_file_module/g6993  0.0002246   6.666e-05   0.0002913   8.683e-08  HS65_LH_MUX21I1X6
datapath_module/reg_file_module/g6547  0.0002286   6.247e-05   0.0002911   8.734e-08  HS65_LH_MUX21I1X6
datapath_module/alu_module/mul_44_34/FE_RC_1204_0  5.635e-05   0.0002339   0.0002904   8.208e-08  HS65_LH_IVX18
datapath_module/alu_module/mul_44_34/FE_RC_172_0  0.0001011    0.000189   0.0002901   7.994e-08  HS65_LH_IVX18
datapath_module/reg_file_module/g7669  4.598e-05   0.0002439     0.00029   2.043e-07  HS65_LH_OR2X35
datapath_module/reg_file_module/g6435  0.0002223   6.739e-05   0.0002898    8.86e-08  HS65_LH_MUX21I1X6
datapath_module/alu_module/mul_44_34/FE_RC_425_0_dup   9.79e-05   0.0001918   0.0002898   5.417e-08  HS65_LH_AND2X9
datapath_module/reg_file_module/g6865  0.0002216   6.779e-05   0.0002894   8.913e-08  HS65_LH_MUX21I1X6
datapath_module/alu_module/mul_44_34/FE_RC_565_0  5.618e-05   0.0002331   0.0002893   8.214e-08  HS65_LH_IVX18
datapath_module/alu_module/FE_RC_307_0  0.0002018   8.752e-05   0.0002893   4.747e-08  HS65_LH_AOI22X6
datapath_module/reg_file_module/FE_RC_156_0  8.672e-05   0.0002024   0.0002892   1.523e-07  HS65_LH_IVX31
datapath_module/alu_module/mul_44_34/FE_RC_1010_0  0.0001542   0.0001345   0.0002888   6.807e-08  HS65_LH_NOR2X19
datapath_module/reg_file_module/g6299  0.0002188   6.968e-05   0.0002885   8.871e-08  HS65_LH_MUX21I1X6
datapath_module/reg_file_module/g6116  0.0002353   5.286e-05   0.0002883   8.803e-08  HS65_LH_MUX21I1X6
datapath_module/reg_file_module/FE_OCPC342_n_2450  7.591e-05   0.0002123   0.0002883   8.113e-08  HS65_LH_IVX18
datapath_module/alu_module/FE_OCPC827_n  0.0001816   0.0001061   0.0002878   6.208e-08  HS65_LH_BFX9
datapath_module/alu_module/sub_35_34/g27328  0.0001882    9.92e-05   0.0002875   8.597e-08  HS65_LH_NAND2AX7
datapath_module/alu_module/mul_44_34/FE_RC_763_0  0.0001777   0.0001096   0.0002875   1.324e-07  HS65_LH_NAND2AX29
datapath_module/reg_file_module/g6566  0.0002161   7.111e-05   0.0002873   8.911e-08  HS65_LH_MUX21I1X6
datapath_module/alu_module/sub_35_34/g27325  0.0001846   0.0001024   0.0002871   8.847e-08  HS65_LH_NAND2AX7
datapath_module/alu_module/mul_44_34/FE_RC_1335_0   0.000157     0.00013    0.000287   7.902e-08  HS65_LH_NAND2X21
IFU_module/FE_OCPC521_instruction_code_21  6.552e-05   0.0002214    0.000287   6.223e-08  HS65_LH_BFX9
datapath_module/alu_module/g7532  0.0001448    0.000142   0.0002869   4.556e-08  HS65_LH_OAI21X3
datapath_module/reg_file_module/g6759  0.0002314   5.465e-05   0.0002862   8.912e-08  HS65_LH_MUX21I1X6
datapath_module/reg_file_module/g6300  0.0002214   6.464e-05   0.0002862   8.886e-08  HS65_LH_MUX21I1X6
datapath_module/reg_file_module/g6867  0.0002178   6.787e-05   0.0002858   8.913e-08  HS65_LH_MUX21I1X6
datapath_module/reg_file_module/g6298   0.000214   7.167e-05   0.0002858   8.841e-08  HS65_LH_MUX21I1X6
datapath_module/reg_file_module/g6198  0.0002273   5.825e-05   0.0002857   8.898e-08  HS65_LH_MUX21I1X6
datapath_module/alu_module/mul_44_34/FE_RC_778_0  0.0001987   8.657e-05   0.0002853   6.619e-08  HS65_LH_NOR2X13
datapath_module/alu_module/mul_44_34/g37481  0.0001202    0.000165   0.0002853   4.536e-08  HS65_LH_NAND2X14
datapath_module/reg_file_module/g6697  0.0002188   6.618e-05   0.0002851   8.926e-08  HS65_LH_MUX21I1X6
datapath_module/alu_module/mul_44_34/FE_RC_444_0  0.0001257   0.0001588   0.0002847   1.757e-07  HS65_LH_NAND2AX21
datapath_module/alu_module/mul_44_34/g38484  0.0001986   8.592e-05   0.0002846   9.286e-08  HS65_LH_PAOI2X11
datapath_module/alu_module/mul_44_34/FE_OCPC887_n_800  0.0002254   5.912e-05   0.0002846    6.18e-08  HS65_LH_BFX9
datapath_module/reg_file_module/g6456   0.000212   7.219e-05   0.0002843   8.857e-08  HS65_LH_MUX21I1X6
datapath_module/reg_file_module/g6727   0.000229    5.51e-05   0.0002842   9.309e-08  HS65_LH_MUX21I1X6
datapath_module/alu_module/mul_44_34/FE_RC_990_0  7.056e-05   0.0002135   0.0002841   8.153e-08  HS65_LH_IVX18
datapath_module/reg_file_module/g6433  0.0002203   6.372e-05   0.0002841   8.845e-08  HS65_LH_MUX21I1X6
datapath_module/alu_module/g7507  0.0001399   0.0001442   0.0002841   4.781e-08  HS65_LH_OAI12X3
datapath_module/alu_module/g7521   0.000146    0.000138   0.0002841   4.894e-08  HS65_LH_OAI12X3
datapath_module/reg_file_module/g6769  0.0002188   6.506e-05    0.000284   8.908e-08  HS65_LH_MUX21I1X6
datapath_module/alu_module/g7524  0.0001438     0.00014   0.0002839   4.817e-08  HS65_LH_OAI12X3
datapath_module/reg_file_module/g6915  0.0002199   6.375e-05   0.0002838    8.91e-08  HS65_LH_MUX21I1X6
datapath_module/alu_module/FE_OCPC964_write_data_27  0.0001866   9.705e-05   0.0002837   6.287e-08  HS65_LH_BFX9
datapath_module/reg_file_module/g6677  0.0002265   5.704e-05   0.0002836   8.739e-08  HS65_LH_MUX21I1X6
datapath_module/reg_file_module/g6605  0.0002012   8.235e-05   0.0002836    8.93e-08  HS65_LH_MUX21I1X6
datapath_module/alu_module/mul_44_34/FE_RC_1411_0   7.19e-05   0.0002115   0.0002835   3.923e-08  HS65_LH_IVX9
datapath_module/reg_file_module/FE_OFC294_n_1086  3.513e-05   0.0002481   0.0002833   3.896e-08  HS65_LH_IVX9
datapath_module/reg_file_module/g6664  0.0002134   6.961e-05   0.0002831   8.904e-08  HS65_LH_MUX21I1X6
datapath_module/reg_file_module/g6708  0.0002158   6.718e-05   0.0002831   8.894e-08  HS65_LH_MUX21I1X6
datapath_module/reg_file_module/g6813  0.0002273   5.551e-05    0.000283   1.501e-07  HS65_LH_MUX21I1X12
datapath_module/reg_file_module/g6777  0.0002317   5.087e-05   0.0002827   8.925e-08  HS65_LH_MUX21I1X6
datapath_module/reg_file_module/g6866  0.0002193   6.301e-05   0.0002824    8.91e-08  HS65_LH_MUX21I1X6
datapath_module/reg_file_module/g6746  0.0002228   5.912e-05    0.000282   8.986e-08  HS65_LH_MUX21I1X6
datapath_module/alu_module/mul_44_34/FE_OCPC768_n_1382  0.0001564   0.0001254   0.0002818   6.289e-08  HS65_LH_BFX9
datapath_module/alu_module/mul_44_34/g36794  0.0001574   0.0001242   0.0002817   8.427e-08  HS65_LH_PAOI2X8
datapath_module/alu_module/FE_OCPC873_write_data_24  0.0002037   7.772e-05   0.0002815   6.286e-08  HS65_LH_BFX9
datapath_module/reg_file_module/g6564  0.0002155   6.571e-05   0.0002813   8.913e-08  HS65_LH_MUX21I1X6
datapath_module/reg_file_module/g7432  5.719e-05    0.000224   0.0002812   5.302e-08  HS65_LH_NAND2X14
datapath_module/reg_file_module/g6388  0.0002223    5.88e-05   0.0002812   8.913e-08  HS65_LH_MUX21I1X6
datapath_module/reg_file_module/g6954  0.0002192   6.175e-05    0.000281   9.074e-08  HS65_LH_MUX21I1X6
datapath_module/reg_file_module/g6404  0.0002217   5.902e-05   0.0002808   8.925e-08  HS65_LH_MUX21I1X6
datapath_module/alu_module/FE_OCPC829_read_data1_5  0.0001816   9.868e-05   0.0002804   6.208e-08  HS65_LH_BFX9
datapath_module/alu_module/mul_44_34/g38443  0.0001698   0.0001097   0.0002796    5.93e-08  HS65_LH_NOR2AX6
datapath_module/reg_file_module/FE_RC_1006_0  0.0001016   0.0001774   0.0002792   1.539e-07  HS65_LH_IVX31
datapath_module/alu_module/add_34_34/FE_OCPC509_n  0.0001816   9.738e-05   0.0002791   6.208e-08  HS65_LH_BFX9
datapath_module/reg_file_module/g6176  0.0002261   5.272e-05   0.0002789   9.141e-08  HS65_LH_MUX21I1X6
datapath_module/reg_file_module/g6390  0.0002185   6.021e-05   0.0002788   8.913e-08  HS65_LH_MUX21I1X6
datapath_module/reg_file_module/g6170  0.0002274   5.118e-05   0.0002787   9.124e-08  HS65_LH_MUX21I1X6
datapath_module/alu_module/mul_44_34/FE_OCPC423_n_595  0.0001157   0.0001629   0.0002787   6.176e-08  HS65_LH_BFX9
datapath_module/alu_module/mul_44_34/FE_RC_1396_0  7.189e-05   0.0002065   0.0002785   3.923e-08  HS65_LH_IVX9
datapath_module/alu_module/sub_35_34/g27221  0.0001389   0.0001395   0.0002784    5.57e-08  HS65_LH_NOR2X6
datapath_module/reg_file_module/g6947  0.0002055   7.263e-05   0.0002782   8.831e-08  HS65_LH_MUX21I1X6
datapath_module/reg_file_module/g6718  0.0002218   5.627e-05   0.0002782   8.918e-08  HS65_LH_MUX21I1X6
datapath_module/alu_module/mul_44_34/FE_RC_815_0  8.915e-05    0.000189   0.0002782   3.988e-08  HS65_LH_IVX9
datapath_module/reg_file_module/g6763  0.0002272   5.069e-05    0.000278    8.91e-08  HS65_LH_MUX21I1X6
datapath_module/alu_module/mul_44_34/g38595  9.545e-05   0.0001823   0.0002778   1.006e-07  HS65_LH_MUX21I1X6
datapath_module/alu_module/mul_44_34/FE_RC_1245_0  0.0001059   0.0001715   0.0002776   1.565e-07  HS65_LH_IVX31
datapath_module/reg_file_module/g6702  0.0002076   6.976e-05   0.0002774   8.845e-08  HS65_LH_MUX21I1X6
datapath_module/reg_file_module/g6360  0.0002274   4.842e-05   0.0002759   8.765e-08  HS65_LH_MUX21I1X6
datapath_module/reg_file_module/g6197  0.0002222   5.368e-05   0.0002759   8.818e-08  HS65_LH_MUX21I1X6
datapath_module/reg_file_module/g6106   0.000232    4.34e-05   0.0002755   9.082e-08  HS65_LH_MUX21I1X6
datapath_module/alu_module/mul_44_34/g37666_dup  0.0002133   6.145e-05   0.0002749   1.202e-07  HS65_LH_NOR2AX19
datapath_module/reg_file_module/g6709  0.0002158   5.897e-05   0.0002748   8.894e-08  HS65_LH_MUX21I1X6
datapath_module/reg_file_module/FE_RC_223_0   7.97e-05   0.0001949   0.0002748   1.564e-07  HS65_LH_IVX31
datapath_module/reg_file_module/g6288  0.0002145   6.021e-05   0.0002748   8.866e-08  HS65_LH_MUX21I1X6
datapath_module/alu_module/mul_44_34/FE_OCPC530_n_181  9.343e-05   0.0001812   0.0002747   6.149e-08  HS65_LH_BFX9
datapath_module/reg_file_module/g6598  0.0002216   5.291e-05   0.0002746   8.916e-08  HS65_LH_MUX21I1X6
datapath_module/reg_file_module/g6389    0.00022   5.419e-05   0.0002742    8.91e-08  HS65_LH_MUX21I1X6
datapath_module/reg_file_module/g6918   0.000219   5.509e-05   0.0002742   8.911e-08  HS65_LH_MUX21I1X6
datapath_module/reg_file_module/g6442  0.0002149   5.917e-05   0.0002742    8.82e-08  HS65_LH_MUX21I1X6
datapath_module/reg_file_module/g6513  0.0002077   6.622e-05    0.000274   8.902e-08  HS65_LH_MUX21I1X6
datapath_module/reg_file_module/g6328  0.0002207   5.317e-05    0.000274   8.732e-08  HS65_LH_MUX21I1X6
datapath_module/alu_module/mul_44_34/g36839  0.0001389    0.000135   0.0002739   3.938e-08  HS65_LH_IVX9
datapath_module/alu_module/mul_44_34/FE_RC_1083_0  0.0001567   0.0001167   0.0002735   6.281e-08  HS65_LH_BFX9
datapath_module/reg_file_module/g6534  0.0002161   5.725e-05   0.0002734   8.897e-08  HS65_LH_MUX21I1X6
datapath_module/reg_file_module/g6703  0.0002126   6.041e-05   0.0002731    8.87e-08  HS65_LH_MUX21I1X6
datapath_module/alu_module/g7466  0.0001122   0.0001607   0.0002729   2.829e-08  HS65_LH_NAND2X7
datapath_module/reg_file_module/g6196  0.0002157   5.705e-05   0.0002728   8.768e-08  HS65_LH_MUX21I1X6
datapath_module/alu_module/mul_44_34/FE_RC_381_0  0.0001596    0.000113   0.0002727   1.494e-07  HS65_LH_OA12X18
datapath_module/alu_module/FE_OCPC627_write_data_20  0.0002112   6.131e-05   0.0002725   6.286e-08  HS65_LH_BFX9
datapath_module/alu_module/mul_44_34/FE_RC_1229_0  0.0001272   0.0001451   0.0002724   1.076e-07  HS65_LH_OR2X18
datapath_module/reg_file_module/g6932  0.0002206   5.146e-05   0.0002721   8.936e-08  HS65_LH_MUX21I1X6
datapath_module/alu_module/mul_44_34/FE_RC_777_0_dup  0.0001593   0.0001127   0.0002721    1.04e-07  HS65_LH_NAND2AX21
datapath_module/reg_file_module/FE_RC_1029_0  5.978e-05   0.0002121   0.0002719   8.157e-08  HS65_LH_IVX18
datapath_module/alu_module/mul_44_34/g38489  0.0001085   0.0001632   0.0002719    1.02e-07  HS65_LHS_XNOR2X6
datapath_module/reg_file_module/g7027  0.0002203   5.148e-05   0.0002718   8.653e-08  HS65_LH_MUX21I1X6
datapath_module/reg_file_module/FE_RC_591_0  4.336e-05   0.0002283   0.0002717   3.976e-08  HS65_LH_IVX9
datapath_module/alu_module/FE_RC_275_0  0.0001156    0.000156   0.0002717   6.502e-08  HS65_LH_AO22X9
datapath_module/reg_file_module/g6707   0.000214   5.754e-05   0.0002716   8.894e-08  HS65_LH_MUX21I1X6
datapath_module/reg_file_module/g6705  0.0002116    5.95e-05   0.0002712   8.861e-08  HS65_LH_MUX21I1X6
datapath_module/reg_file_module/g6293  0.0002037   6.731e-05   0.0002711   8.805e-08  HS65_LH_MUX21I1X6
datapath_module/reg_file_module/g6656  0.0002058   6.516e-05    0.000271   8.866e-08  HS65_LH_MUX21I1X6
datapath_module/reg_file_module/g6153  0.0002179   5.232e-05   0.0002703   9.117e-08  HS65_LH_MUX21I1X6
datapath_module/alu_module/FE_OCPC765_read_data1_2  0.0001429   0.0001272   0.0002702   6.196e-08  HS65_LH_BFX9
datapath_module/alu_module/g7525  0.0001393   0.0001307   0.0002701   4.804e-08  HS65_LH_OAI12X3
datapath_module/alu_module/mul_44_34/FE_RC_791_0  0.0001734   9.637e-05   0.0002698   4.616e-08  HS65_LH_NAND2X14
datapath_module/reg_file_module/g6676  0.0002137   5.592e-05   0.0002697   8.906e-08  HS65_LH_MUX21I1X6
datapath_module/reg_file_module/g6327  0.0002253   4.418e-05   0.0002696   8.637e-08  HS65_LH_MUX21I1X6
datapath_module/alu_module/mul_44_34/g36411   7.34e-05   0.0001956   0.0002692   2.144e-07  HS65_LH_IVX44
datapath_module/reg_file_module/g6307  0.0002213   4.761e-05    0.000269   9.132e-08  HS65_LH_MUX21I1X6
datapath_module/reg_file_module/g6979  0.0002059    6.29e-05   0.0002689   8.899e-08  HS65_LH_MUX21I1X6
datapath_module/reg_file_module/g6482   0.000219   4.962e-05   0.0002688   8.782e-08  HS65_LH_MUX21I1X6
datapath_module/reg_file_module/g6085  0.0002123   5.631e-05   0.0002687   8.842e-08  HS65_LH_MUX21I1X6
datapath_module/reg_file_module/g6710  0.0002167   5.146e-05   0.0002683    8.94e-08  HS65_LH_MUX21I1X6
datapath_module/reg_file_module/g6652  0.0001996   6.849e-05   0.0002681   8.829e-08  HS65_LH_MUX21I1X6
datapath_module/reg_file_module/g6792  0.0002209   4.685e-05   0.0002678   8.931e-08  HS65_LH_MUX21I1X6
datapath_module/reg_file_module/g6119  0.0001917   7.599e-05   0.0002678   8.622e-08  HS65_LH_MUX21I1X6
datapath_module/reg_file_module/g6712  0.0002155    5.19e-05   0.0002675     8.9e-08  HS65_LH_MUX21I1X6
datapath_module/alu_module/mul_44_34/FE_RC_797_0  7.175e-05   0.0001957   0.0002675   7.917e-08  HS65_LH_IVX18
datapath_module/reg_file_module/g6287  0.0002065   6.065e-05   0.0002673   8.821e-08  HS65_LH_MUX21I1X6
datapath_module/alu_module/srl_43_34/g5795  0.0001579   0.0001089   0.0002669   7.871e-08  HS65_LH_CBI4I1X5
datapath_module/reg_file_module/g6243  0.0002048   6.169e-05   0.0002665    8.65e-08  HS65_LH_MUX21I1X6
datapath_module/alu_module/drc_bufs7617  4.051e-05   0.0002257   0.0002663   3.896e-08  HS65_LH_IVX9
datapath_module/reg_file_module/FE_RC_592_0  0.0001525   0.0001135    0.000266   9.952e-08  HS65_LH_NOR2X25
datapath_module/reg_file_module/g6337  0.0002127    5.31e-05   0.0002659   8.803e-08  HS65_LH_MUX21I1X6
datapath_module/alu_module/mul_44_34/FE_RC_1258_0  0.0001676   9.787e-05   0.0002655    4.55e-08  HS65_LH_NAND2X14
datapath_module/alu_module/sub_35_34/g27329  0.0001176   0.0001478   0.0002655   5.914e-08  HS65_LH_NOR2AX3
datapath_module/reg_file_module/g6884  0.0002162   4.899e-05   0.0002653   8.931e-08  HS65_LH_MUX21I1X6
datapath_module/reg_file_module/g6870  0.0002184   4.593e-05   0.0002644   8.911e-08  HS65_LH_MUX21I1X6
datapath_module/reg_file_module/g6204  0.0002025   6.148e-05    0.000264    8.74e-08  HS65_LH_MUX21I1X6
datapath_module/reg_file_module/g6704  0.0002116   5.217e-05   0.0002639   8.869e-08  HS65_LH_MUX21I1X6
datapath_module/reg_file_module/g6608   0.000205   5.847e-05   0.0002635   8.763e-08  HS65_LH_MUX21I1X6
datapath_module/reg_file_module/g6701  0.0002028   6.052e-05   0.0002634   8.818e-08  HS65_LH_MUX21I1X6
datapath_module/reg_file_module/g6662   0.000213   5.033e-05   0.0002634   8.896e-08  HS65_LH_MUX21I1X6
datapath_module/reg_file_module/FE_RC_1222_0  0.0001351    0.000128   0.0002633   2.172e-07  HS65_LH_OR2X35
datapath_module/alu_module/mul_44_34/FE_RC_492_0  0.0001198   0.0001433   0.0002633   1.856e-07  HS65_LH_NAND2AX14
datapath_module/reg_file_module/g6722  0.0002085   5.468e-05   0.0002633   9.055e-08  HS65_LH_MUX21I1X6
datapath_module/reg_file_module/g6725  0.0002172   4.586e-05   0.0002631   9.028e-08  HS65_LH_MUX21I1X6
datapath_module/reg_file_module/g6668  0.0002136   4.935e-05    0.000263   8.906e-08  HS65_LH_MUX21I1X6
datapath_module/alu_module/mul_44_34/FE_RC_884_0  0.0001347   0.0001275   0.0002625   2.439e-07  HS65_LH_OAI12X24
datapath_module/reg_file_module/g6166  0.0002048   5.752e-05   0.0002624   8.873e-08  HS65_LH_MUX21I1X6
datapath_module/reg_file_module/g6306  0.0002111   5.107e-05   0.0002623   9.063e-08  HS65_LH_MUX21I1X6
datapath_module/alu_module/mul_44_34/FE_RC_1247_0   6.27e-05   0.0001994   0.0002621   3.932e-08  HS65_LH_IVX9
datapath_module/reg_file_module/g6600   0.000194   6.777e-05   0.0002619   8.901e-08  HS65_LH_MUX21I1X6
datapath_module/reg_file_module/g6601  0.0002042   5.761e-05   0.0002619   8.898e-08  HS65_LH_MUX21I1X6
datapath_module/reg_file_module/g6430  0.0002051   5.643e-05   0.0002617   8.777e-08  HS65_LH_MUX21I1X6
datapath_module/alu_module/mul_44_34/FE_OCPC854_n_3393  0.0001583   0.0001032   0.0002615   6.281e-08  HS65_LH_BFX9
datapath_module/alu_module/mul_44_34/FE_RC_1062_0  0.0001068   0.0001546   0.0002615   8.109e-08  HS65_LH_IVX18
IFU_module/FE_OFC28_n_3        4.108e-05   0.0002201   0.0002612   6.223e-08  HS65_LH_BFX9
datapath_module/reg_file_module/g6678  0.0002137   4.734e-05   0.0002611   8.907e-08  HS65_LH_MUX21I1X6
datapath_module/alu_module/FE_RC_199_0  0.0001137   0.0001472    0.000261   6.327e-08  HS65_LH_AO22X9
datapath_module/reg_file_module/FE_RC_752_0  5.975e-05   0.0002008   0.0002606   8.157e-08  HS65_LH_IVX18
datapath_module/alu_module/mul_44_34/FE_OCPC649_FE_OFN66_read_data2_5  0.0001619   9.804e-05     0.00026   6.247e-08  HS65_LH_BFX9
datapath_module/reg_file_module/g6078  0.0002009   5.893e-05   0.0002599   8.785e-08  HS65_LH_MUX21I1X6
datapath_module/reg_file_module/g43216  0.0001398   0.0001199   0.0002599   8.671e-08  HS65_LH_NOR2X19
datapath_module/reg_file_module/g6432   0.000214   4.576e-05   0.0002598    8.82e-08  HS65_LH_MUX21I1X6
datapath_module/alu_module/sll_42_34/FE_PSC1043_read_data1_2  0.0001429   0.0001166   0.0002596   6.196e-08  HS65_LH_BFX9
datapath_module/alu_module/mul_44_34/FE_RC_480_0   0.000134   0.0001253   0.0002595   2.267e-07  HS65_LH_NAND2AX29
datapath_module/reg_file_module/g6572  0.0002077   5.143e-05   0.0002592   8.909e-08  HS65_LH_MUX21I1X6
datapath_module/reg_file_module/g6706  0.0002124   4.664e-05   0.0002591   8.879e-08  HS65_LH_MUX21I1X6
datapath_module/reg_file_module/g6511  0.0002057   5.328e-05    0.000259   8.876e-08  HS65_LH_MUX21I1X6
datapath_module/reg_file_module/g6437  0.0001881   7.087e-05    0.000259   8.639e-08  HS65_LH_MUX21I1X6
datapath_module/reg_file_module/FE_OCPC868_n_8   0.000194   6.427e-05   0.0002585   2.217e-07  HS65_LH_BFX31
datapath_module/alu_module/mul_44_34/FE_RC_1356_0  7.163e-05   0.0001865   0.0002582   3.912e-08  HS65_LH_IVX9
datapath_module/alu_module/mul_44_34/FE_RC_779_0  0.0001143   0.0001437    0.000258   8.123e-08  HS65_LH_IVX18
datapath_module/reg_file_module/g6245  0.0002034   5.459e-05    0.000258   9.137e-08  HS65_LH_MUX21I1X6
datapath_module/alu_module/mul_44_34/g37622  0.0001803   7.767e-05    0.000258   6.549e-08  HS65_LH_NOR2X13
datapath_module/reg_file_module/g7041  0.0002059    5.18e-05   0.0002577   8.899e-08  HS65_LH_MUX21I1X6
datapath_module/reg_file_module/g6680  0.0002138   4.373e-05   0.0002576   8.908e-08  HS65_LH_MUX21I1X6
datapath_module/reg_file_module/FE_RC_491_0  0.0001284    0.000129   0.0002575   6.467e-08  HS65_LH_NOR2X13
datapath_module/reg_file_module/g6225  0.0001885   6.885e-05   0.0002574   8.823e-08  HS65_LH_MUX21I1X6
datapath_module/alu_module/mul_44_34/FE_RC_52_0  9.586e-05   0.0001615   0.0002574   3.238e-08  HS65_LH_NOR2X6
datapath_module/reg_file_module/g6115  0.0002119   4.537e-05   0.0002574   8.738e-08  HS65_LH_MUX21I1X6
datapath_module/alu_module/sll_42_34/g19856  0.0001198   0.0001375   0.0002573   3.646e-08  HS65_LH_NAND2X7
datapath_module/reg_file_module/g6596  0.0002035    5.36e-05   0.0002572   8.874e-08  HS65_LH_MUX21I1X6
datapath_module/reg_file_module/g6246  0.0002069   5.016e-05   0.0002571   9.157e-08  HS65_LH_MUX21I1X6
datapath_module/reg_file_module/FE_PHC999_n_1067  4.057e-05   0.0002158   0.0002565   2.248e-07  HS65_LH_BFX31
datapath_module/alu_module/mul_44_34/g36294   0.000163   9.337e-05   0.0002565   1.135e-07  HS65_LH_NOR2X50
datapath_module/alu_module/sll_42_34/FE_OCPC825_n_727  0.0001947   6.147e-05   0.0002562   6.179e-08  HS65_LH_BFX9
datapath_module/reg_file_module/g6512   0.000207   4.859e-05   0.0002557   8.889e-08  HS65_LH_MUX21I1X6
datapath_module/reg_file_module/g6192   0.000192   6.336e-05   0.0002555   8.631e-08  HS65_LH_MUX21I1X6
datapath_module/reg_file_module/g6675  0.0001984   5.688e-05   0.0002554   8.668e-08  HS65_LH_MUX21I1X6
datapath_module/reg_file_module/g6291  0.0001903     6.5e-05   0.0002554   8.789e-08  HS65_LH_MUX21I1X6
datapath_module/alu_module/g7371  0.0001352     0.00012   0.0002553   9.149e-08  HS65_LH_AO212X4
datapath_module/alu_module/mul_44_34/g36288  0.0001569   9.832e-05   0.0002553   4.257e-08  HS65_LH_NAND2X14
datapath_module/reg_file_module/g6168  0.0002085    4.66e-05   0.0002552   8.888e-08  HS65_LH_MUX21I1X6
IFU_module/FE_OCPC476_n_9      9.511e-05     0.00016   0.0002552   6.223e-08  HS65_LH_BFX9
datapath_module/reg_file_module/g6244   0.000193   6.207e-05   0.0002552   9.067e-08  HS65_LH_MUX21I1X6
datapath_module/alu_module/mul_44_34/FE_RC_1301_0   4.53e-05   0.0002097    0.000255   3.903e-08  HS65_LH_IVX9
datapath_module/alu_module/srl_43_34/FE_OCPC289_read_data2_1  6.775e-05   0.0001872    0.000255   3.923e-08  HS65_LH_IVX9
datapath_module/reg_file_module/g6286   0.000194   6.089e-05    0.000255   8.762e-08  HS65_LH_MUX21I1X6
datapath_module/alu_module/g7586  0.0001216    0.000133   0.0002546   3.962e-08  HS65_LH_IVX9
datapath_module/reg_file_module/g6716  0.0002052    4.91e-05   0.0002544     8.9e-08  HS65_LH_MUX21I1X6
datapath_module/reg_file_module/g6079  0.0002107   4.365e-05   0.0002544   8.839e-08  HS65_LH_MUX21I1X6
datapath_module/alu_module/sll_42_34/FE_OCPC398_read_data2_2  0.0001782   7.586e-05   0.0002541   6.196e-08  HS65_LH_BFX9
datapath_module/alu_module/mul_44_34/g36680  0.0001602   9.349e-05    0.000254   3.295e-07  HS65_LH_OAI12X24
datapath_module/alu_module/mul_44_34/FE_RC_760_0  0.0001073   0.0001466   0.0002539   1.243e-07  HS65_LH_NAND2AX14
datapath_module/alu_module/add_34_34/g7666  8.386e-05   0.0001696   0.0002535   3.937e-08  HS65_LH_IVX9
datapath_module/reg_file_module/g6607  0.0001998   5.356e-05   0.0002535   8.969e-08  HS65_LH_MUX21I1X6
datapath_module/alu_module/FE_OFC68_write_data_23  4.112e-05   0.0002122   0.0002534    2.09e-08  HS65_LH_IVX2
datapath_module/reg_file_module/FE_OCPC302_n_2406  0.0001385   0.0001146   0.0002532   6.182e-08  HS65_LH_BFX9
datapath_module/reg_file_module/g6489  0.0001992   5.348e-05   0.0002528   9.198e-08  HS65_LH_MUX21I1X6
datapath_module/alu_module/sub_35_34/g27112  0.0001243    0.000128   0.0002524   3.147e-08  HS65_LH_AOI21X2
datapath_module/reg_file_module/FE_OCPC422_FE_OFN41_n_9  0.0001635   8.852e-05   0.0002522   1.154e-07  HS65_LH_BFX18
datapath_module/reg_file_module/g6943  0.0001968   5.445e-05   0.0002513   9.029e-08  HS65_LH_MUX21I1X6
datapath_module/alu_module/mul_44_34/FE_RC_837_0_dup  0.0001584   9.249e-05   0.0002513   3.684e-07  HS65_LH_AOI21X46
datapath_module/alu_module/mul_44_34/g36458  0.0001291   0.0001215   0.0002508   2.463e-07  HS65_LH_OAI12X18
datapath_module/alu_module/mul_44_34/FE_RC_271_0  4.424e-05   0.0002058     0.00025   3.912e-08  HS65_LH_IVX9
datapath_module/reg_file_module/g7447  7.152e-05   0.0001781   0.0002497   9.171e-08  HS65_LH_NOR2AX13
datapath_module/reg_file_module/g6544  0.0001976   5.195e-05   0.0002496    8.88e-08  HS65_LH_MUX21I1X6
datapath_module/reg_file_module/g6231  0.0001951   5.414e-05   0.0002494   8.901e-08  HS65_LH_MUX21I1X6
datapath_module/reg_file_module/g6195  0.0002017   4.707e-05   0.0002489   8.693e-08  HS65_LH_MUX21I1X6
datapath_module/reg_file_module/g6247  0.0001998   4.883e-05   0.0002487   8.945e-08  HS65_LH_MUX21I1X6
datapath_module/alu_module/mul_44_34/FE_RC_862_0  0.0002136   3.486e-05   0.0002486   8.679e-08  HS65_LH_NOR2X25
control_module/g604            0.0001326   0.0001158   0.0002484   5.274e-08  HS65_LH_NOR3AX2
datapath_module/reg_file_module/FE_OCPC481_instruction_code_23  0.0001253   0.0001228   0.0002481   6.243e-08  HS65_LH_BFX9
datapath_module/reg_file_module/g6724  0.0001752    7.26e-05   0.0002479   8.902e-08  HS65_LH_MUX21I1X6
datapath_module/reg_file_module/g6719  0.0002042   4.359e-05   0.0002479   8.898e-08  HS65_LH_MUX21I1X6
datapath_module/reg_file_module/g6164  0.0001982   4.946e-05   0.0002477    8.85e-08  HS65_LH_MUX21I1X6
datapath_module/reg_file_module/g6441  0.0002003   4.732e-05   0.0002477   8.687e-08  HS65_LH_MUX21I1X6
datapath_module/reg_file_module/g6427  0.0002032   4.433e-05   0.0002477   9.119e-08  HS65_LH_MUX21I1X6
datapath_module/alu_module/FE_OCPC626_read_data1_3  0.0001142   0.0001334   0.0002476   6.176e-08  HS65_LH_BFX9
datapath_module/reg_file_module/g6358  0.0002016    4.57e-05   0.0002474   8.674e-08  HS65_LH_MUX21I1X6
datapath_module/alu_module/mul_44_34/g38408  0.0001679   7.921e-05   0.0002473   1.312e-07  HS65_LH_PAO2X18
datapath_module/alu_module/sub_35_34/g27201  0.0001118   0.0001352   0.0002471   6.093e-08  HS65_LH_NAND2X7
datapath_module/reg_file_module/FE_RC_385_0  0.0001082   0.0001386    0.000247   1.559e-07  HS65_LH_IVX31
datapath_module/reg_file_module/g6084  0.0002037   4.307e-05   0.0002469   8.798e-08  HS65_LH_MUX21I1X6
datapath_module/reg_file_module/g6478  0.0001889   5.781e-05   0.0002468   9.005e-08  HS65_LH_MUX21I1X6
datapath_module/reg_file_module/g6223  0.0001841   6.264e-05   0.0002468   8.771e-08  HS65_LH_MUX21I1X6
datapath_module/reg_file_module/g6303  0.0001983   4.839e-05   0.0002468   9.108e-08  HS65_LH_MUX21I1X6
datapath_module/alu_module/mul_44_34/FE_RC_616_0  0.0001083   0.0001383   0.0002467   7.738e-08  HS65_LH_NAND2AX14
datapath_module/reg_file_module/g6229   0.000196   5.056e-05   0.0002466   8.938e-08  HS65_LH_MUX21I1X6
IFU_module/instr_mem/FE_RC_411_0  6.444e-05   0.0001818   0.0002464    1.24e-07  HS65_LH_IVX27
datapath_module/reg_file_module/g6488   0.000187   5.883e-05   0.0002459   9.178e-08  HS65_LH_MUX21I1X6
datapath_module/reg_file_module/g6227  0.0001939   5.141e-05   0.0002454   8.878e-08  HS65_LH_MUX21I1X6
datapath_module/reg_file_module/FE_RC_341_0  5.956e-05   0.0001858   0.0002454   8.157e-08  HS65_LH_IVX18
IFU_module/g2                  0.0001552   9.007e-05   0.0002454    9.73e-08  HS65_LHS_XNOR2X6
datapath_module/alu_module/mul_44_34/FE_RC_479_0  0.0001274   0.0001174   0.0002449   1.757e-07  HS65_LH_NAND2AX21
datapath_module/alu_module/mul_44_34/FE_RC_1338_0  0.0001239   0.0001206   0.0002446   1.126e-07  HS65_LH_NAND2AX29
datapath_module/alu_module/mul_44_34/FE_RC_1296_0  0.0001584   8.559e-05   0.0002441   6.807e-08  HS65_LH_NOR2X19
datapath_module/reg_file_module/g6730  0.0001883   5.559e-05    0.000244   8.718e-08  HS65_LH_MUX21I1X6
datapath_module/alu_module/sub_35_34/g27243  0.0001377   0.0001059   0.0002437   8.553e-08  HS65_LH_NOR2X13
datapath_module/reg_file_module/FE_RC_219_0    0.00012   0.0001231   0.0002432   1.551e-07  HS65_LH_IVX31
datapath_module/alu_module/add_34_34/g7691  8.901e-05   0.0001541   0.0002432   3.202e-08  HS65_LH_NAND2X7
datapath_module/alu_module/mul_44_34/g37503  0.0001584   8.442e-05   0.0002429   6.043e-08  HS65_LH_AND2X9
datapath_module/alu_module/sub_35_34/g27235  7.413e-05   0.0001687   0.0002429   3.939e-08  HS65_LH_IVX9
datapath_module/alu_module/mul_44_34/FE_OCPC534_FE_DBTN37_n_80  0.0001359   0.0001066   0.0002425   6.167e-08  HS65_LH_BFX9
datapath_module/alu_module/mul_44_34/FE_RC_46_0  6.923e-05   0.0001732   0.0002425   7.942e-08  HS65_LH_IVX18
datapath_module/alu_module/mul_44_34/FE_RC_227_0   4.49e-05   0.0001972   0.0002422   3.912e-08  HS65_LH_IVX9
datapath_module/reg_file_module/g7451  9.278e-05   0.0001493   0.0002422    4.57e-08  HS65_LH_NAND2X7
datapath_module/reg_file_module/g6385  0.0001959   4.609e-05   0.0002421   8.671e-08  HS65_LH_MUX21I1X6
datapath_module/alu_module/mul_44_34/g37672  0.0001434   9.814e-05   0.0002416   5.563e-08  HS65_LH_NAND2X14
datapath_module/reg_file_module/g6228  0.0001944   4.697e-05   0.0002415   8.887e-08  HS65_LH_MUX21I1X6
datapath_module/reg_file_module/g6226  0.0001921   4.931e-05   0.0002415   8.863e-08  HS65_LH_MUX21I1X6
datapath_module/alu_module/mul_44_34/FE_RC_1017_0  0.0001101   0.0001313   0.0002414   7.307e-08  HS65_LH_NAND2AX14
datapath_module/alu_module/mul_44_34/FE_RC_617_0  8.082e-05   0.0001603   0.0002412   6.826e-08  HS65_LH_IVX13
datapath_module/reg_file_module/g6100  0.0001651   7.598e-05   0.0002411    8.68e-08  HS65_LH_MUX21I1X6
datapath_module/reg_file_module/g6649  0.0001889   5.201e-05    0.000241   8.778e-08  HS65_LH_MUX21I1X6
datapath_module/reg_file_module/g6592  0.0001923    4.86e-05    0.000241    8.69e-08  HS65_LH_MUX21I1X6
datapath_module/alu_module/mul_44_34/g37791  6.618e-05   0.0001747    0.000241    5.69e-08  HS65_LH_OAI12X3
datapath_module/alu_module/mul_44_34/g37367  7.206e-05   0.0001688   0.0002409   7.321e-08  HS65_LH_NAND2X7
datapath_module/reg_file_module/FE_RC_741_0  0.0001204   0.0001202   0.0002407   1.551e-07  HS65_LH_IVX31
datapath_module/alu_module/sub_35_34/g27295  7.228e-05   0.0001681   0.0002404    3.92e-08  HS65_LH_IVX9
datapath_module/alu_module/mul_44_34/FE_RC_175_0  4.501e-05   0.0001949     0.00024   3.912e-08  HS65_LH_IVX9
datapath_module/reg_file_module/g6235  0.0001874   5.213e-05   0.0002396   8.904e-08  HS65_LH_MUX21I1X6
datapath_module/reg_file_module/g6372  0.0002022   3.729e-05   0.0002396   8.913e-08  HS65_LH_MUX21I1X6
datapath_module/alu_module/mul_44_34/FE_RC_393_0  0.0001667   7.268e-05   0.0002395   4.716e-08  HS65_LH_NAND2X14
datapath_module/alu_module/mul_44_34/FE_RC_1250_0  8.722e-05   0.0001519   0.0002393   1.273e-07  HS65_LH_IVX27
datapath_module/reg_file_module/FE_OCPC956_n_2392  0.0001437    9.55e-05   0.0002392   6.204e-08  HS65_LH_BFX9
datapath_module/reg_file_module/g6296  0.0001861   5.257e-05   0.0002387   8.727e-08  HS65_LH_MUX21I1X6
datapath_module/alu_module/mul_44_34/g39253  0.0001419     9.6e-05   0.0002381   1.947e-07  HS65_LHS_XOR2X12
datapath_module/reg_file_module/g6521  0.0001978   4.002e-05    0.000238   1.496e-07  HS65_LH_MUX21I1X12
datapath_module/alu_module/sub_35_34/g27232   0.000127   0.0001107   0.0002378   6.233e-08  HS65_LH_NAND2X7
datapath_module/reg_file_module/FE_RC_647_0  0.0001383   9.919e-05   0.0002377   2.157e-07  HS65_LH_OR2X35
datapath_module/reg_file_module/g6711  0.0001898   4.728e-05   0.0002372   9.021e-08  HS65_LH_MUX21I1X6
datapath_module/alu_module/mul_44_34/g36372   0.000134   0.0001025   0.0002371   5.835e-07  HS65_LH_NOR2X50
datapath_module/alu_module/mul_44_34/g37616  0.0001273   0.0001096   0.0002369   4.824e-08  HS65_LH_NAND2X14
datapath_module/reg_file_module/g6426  0.0001932   4.284e-05   0.0002362   9.037e-08  HS65_LH_MUX21I1X6
datapath_module/reg_file_module/g6163  0.0001869   4.889e-05   0.0002359   8.808e-08  HS65_LH_MUX21I1X6
datapath_module/reg_file_module/g43683_dup  0.0001112   0.0001245   0.0002357   1.055e-07  HS65_LH_NOR2AX13
datapath_module/alu_module/mul_44_34/g38441   0.000173    6.26e-05   0.0002357   1.033e-07  HS65_LH_AND2X18
datapath_module/alu_module/mul_44_34/FE_OCPC448_n_2169  0.0001614   7.418e-05   0.0002356     6.2e-08  HS65_LH_BFX9
datapath_module/alu_module/mul_44_34/FE_RC_1283_0   0.000104   0.0001312   0.0002352   4.004e-08  HS65_LH_IVX9
datapath_module/reg_file_module/FE_PHC988_n_1174  0.0001049   0.0001303   0.0002352   4.373e-08  HS65_LH_BFX2
datapath_module/reg_file_module/g6721  0.0001941   4.083e-05   0.0002351   8.902e-08  HS65_LH_MUX21I1X6
datapath_module/alu_module/mul_44_34/g37795  6.639e-05   0.0001685    0.000235    5.69e-08  HS65_LH_OAI12X3
datapath_module/alu_module/mul_44_34/FE_OCPC351_read_data2_3  2.064e-05   0.0002141   0.0002347   2.182e-08  HS65_LH_IVX2
datapath_module/alu_module/sll_42_34/g19908    0.00012   0.0001146   0.0002347   5.438e-08  HS65_LH_NOR2X6
datapath_module/alu_module/mul_44_34/g38593  0.0001046   0.0001299   0.0002346   1.003e-07  HS65_LHS_XNOR2X6
datapath_module/reg_file_module/g6222  0.0001773   5.702e-05   0.0002344   8.712e-08  HS65_LH_MUX21I1X6
datapath_module/alu_module/FE_RC_265_0   0.000135   9.913e-05   0.0002342   6.588e-08  HS65_LH_AO22X9
datapath_module/reg_file_module/g6362  0.0001795   5.454e-05   0.0002341   8.822e-08  HS65_LH_MUX21I1X6
datapath_module/alu_module/mul_44_34/FE_RC_440_0  0.0001046   0.0001294    0.000234   3.658e-08  HS65_LH_NAND2X11
datapath_module/reg_file_module/g6309  0.0001919   4.196e-05    0.000234   9.183e-08  HS65_LH_MUX21I1X6
datapath_module/reg_file_module/g6220  0.0001836   5.023e-05   0.0002339   8.803e-08  HS65_LH_MUX21I1X6
datapath_module/alu_module/add_34_34/FE_OCPC883_n_3  0.0001792   5.449e-05   0.0002338   6.211e-08  HS65_LH_BFX9
datapath_module/reg_file_module/g6230  0.0001627   7.093e-05   0.0002338   9.112e-08  HS65_LH_MUX21I1X6
datapath_module/reg_file_module/g7443  0.0001062   0.0001272   0.0002335   5.876e-08  HS65_LH_NAND2AX7
datapath_module/alu_module/sll_42_34/FE_OFC124_n_54  6.971e-05    0.000163   0.0002328   3.918e-08  HS65_LH_IVX9
datapath_module/reg_file_module/FE_PHC992_n_1092  3.622e-05   0.0001963   0.0002328   2.248e-07  HS65_LH_BFX31
datapath_module/reg_file_module/g6150  0.0001885     4.4e-05   0.0002326   8.788e-08  HS65_LH_MUX21I1X6
datapath_module/alu_module/mul_44_34/g38587  9.678e-05   0.0001356   0.0002325   1.006e-07  HS65_LH_MUX21I1X6
datapath_module/reg_file_module/FE_PHC996_n_1188  6.404e-05   0.0001681   0.0002322   5.533e-08  HS65_LH_BFX7
datapath_module/reg_file_module/g6218  0.0001758   5.625e-05   0.0002321   8.616e-08  HS65_LH_MUX21I1X6
datapath_module/alu_module/mul_44_34/g37612  0.0001277   0.0001042   0.0002319   4.582e-08  HS65_LH_NAND2X14
datapath_module/alu_module/mul_44_34/g39326  0.0001723    5.94e-05   0.0002318   1.033e-07  HS65_LH_AND2X18
datapath_module/reg_file_module/g6194   0.000175   5.635e-05   0.0002315   8.567e-08  HS65_LH_MUX21I1X6
datapath_module/alu_module/FE_RC_245_0  0.0001393   9.185e-05   0.0002312   6.605e-08  HS65_LH_AO22X9
datapath_module/alu_module/add_34_34/g7644  8.302e-05   0.0001479    0.000231   5.361e-08  HS65_LH_NAND2X7
datapath_module/alu_module/mul_44_34/FE_RC_1067_0   4.42e-05   0.0001866   0.0002309   3.912e-08  HS65_LH_IVX9
datapath_module/alu_module/g7370  0.0001373   9.306e-05   0.0002305   9.155e-08  HS65_LH_AO212X4
datapath_module/reg_file_module/g6082  0.0001701   6.028e-05   0.0002305    8.65e-08  HS65_LH_MUX21I1X6
datapath_module/alu_module/mul_44_34/g36578  8.694e-05   0.0001435   0.0002305   4.618e-08  HS65_LH_OAI12X3
datapath_module/reg_file_module/g6590  0.0001723   5.787e-05   0.0002303   8.637e-08  HS65_LH_MUX21I1X6
datapath_module/alu_module/mul_44_34/FE_RC_1366_0  0.0001716   5.854e-05   0.0002302   8.423e-08  HS65_LH_NOR2X13
datapath_module/alu_module/srl_43_34/FE_RC_182_0  0.0001733   5.667e-05   0.0002301   5.832e-08  HS65_LH_NAND2X14
datapath_module/alu_module/sub_35_34/g27332  0.0001182   0.0001116   0.0002299   6.472e-08  HS65_LH_NAND2AX7
datapath_module/alu_module/mul_44_34/FE_RC_978_0  0.0001365   9.331e-05   0.0002299   1.035e-07  HS65_LH_NAND2AX21
datapath_module/alu_module/mul_44_34/FE_OCPC279_n_2104  9.865e-05   0.0001311   0.0002299   9.919e-08  HS65_LH_BFX13
datapath_module/reg_file_module/g6960  0.0001868   4.294e-05   0.0002298   8.835e-08  HS65_LH_MUX21I1X6
datapath_module/alu_module/sll_42_34/g19841  5.782e-05   0.0001715   0.0002294   3.901e-08  HS65_LH_IVX9
datapath_module/alu_module/FE_OCPC527_read_data2_4  0.0001631   6.622e-05   0.0002293   6.203e-08  HS65_LH_BFX9
datapath_module/alu_module/mul_44_34/FE_RC_832_0  6.905e-05   0.0001599    0.000229   6.825e-08  HS65_LH_IVX13
datapath_module/alu_module/mul_44_34/g37251  0.0001039   0.0001247   0.0002287   1.219e-07  HS65_LH_NOR2X9
datapath_module/reg_file_module/g6241  0.0001833   4.494e-05   0.0002283   9.113e-08  HS65_LH_MUX21I1X6
datapath_module/alu_module/mul_44_34/FE_RC_508_0  0.0001204   0.0001078   0.0002283   7.935e-08  HS65_LH_IVX18
datapath_module/alu_module/sll_42_34/g19842  9.427e-05   0.0001339   0.0002282    3.33e-08  HS65_LH_NAND2X7
datapath_module/reg_file_module/g6326  0.0001719   5.612e-05   0.0002281   8.507e-08  HS65_LH_MUX21I1X6
datapath_module/alu_module/mul_44_34/FE_RC_513_0  5.126e-05   0.0001767    0.000228   4.004e-08  HS65_LH_IVX9
datapath_module/reg_file_module/FE_RC_33_0  6.266e-05   0.0001651    0.000228   1.701e-07  HS65_LH_IVX35
datapath_module/alu_module/mul_44_34/FE_RC_129_0  8.843e-05   0.0001393   0.0002279    1.51e-07  HS65_LH_IVX31
datapath_module/alu_module/mul_44_34/g39273  9.677e-05    0.000131   0.0002278   1.006e-07  HS65_LH_MUX21I1X6
datapath_module/alu_module/mul_44_34/FE_OCPC421_n_2454   0.000116   0.0001116   0.0002277   6.176e-08  HS65_LH_BFX9
datapath_module/reg_file_module/g6580   0.000188   3.943e-05   0.0002275   8.749e-08  HS65_LH_MUX21I1X6
datapath_module/alu_module/mul_44_34/g38584  9.533e-05   0.0001319   0.0002274   1.006e-07  HS65_LH_MUX21I1X6
datapath_module/alu_module/srl_43_34/g5942   0.000121   0.0001063   0.0002273   5.438e-08  HS65_LH_NOR2X6
datapath_module/alu_module/mul_44_34/g38422  0.0001339   9.321e-05   0.0002272   5.833e-08  HS65_LH_NOR2AX3
datapath_module/alu_module/mul_44_34/FE_RC_392_0  0.0001649   6.189e-05   0.0002268   4.716e-08  HS65_LH_NAND2X14
datapath_module/reg_file_module/FE_RC_32_0   7.31e-05   0.0001533   0.0002266   1.269e-07  HS65_LH_IVX27
datapath_module/reg_file_module/g6285  0.0001745   5.151e-05   0.0002261    8.69e-08  HS65_LH_MUX21I1X6
datapath_module/reg_file_module/g6440  0.0001758    4.99e-05   0.0002258    8.58e-08  HS65_LH_MUX21I1X6
datapath_module/alu_module/mul_44_34/g36496  8.458e-05    0.000141   0.0002257   1.273e-07  HS65_LH_IVX27
datapath_module/reg_file_module/g6369  0.0001824   4.276e-05   0.0002252    8.88e-08  HS65_LH_MUX21I1X6
datapath_module/alu_module/mul_44_34/FE_RC_777_0  0.0001592   6.587e-05   0.0002252    1.04e-07  HS65_LH_NAND2AX21
datapath_module/alu_module/sll_42_34/FE_OCPC349_read_data1_2  0.0001436   8.075e-05   0.0002244   6.196e-08  HS65_LH_BFX9
datapath_module/reg_file_module/FE_OCPC318_n_8  0.0001122   0.0001121   0.0002244   1.154e-07  HS65_LH_BFX18
datapath_module/reg_file_module/g6083    0.00019   3.426e-05   0.0002243   8.736e-08  HS65_LH_MUX21I1X6
datapath_module/alu_module/mul_44_34/g36276  0.0001768   4.694e-05    0.000224   1.844e-07  HS65_LH_AOI12X17
datapath_module/alu_module/mul_44_34/FE_RC_174_0  7.045e-05   0.0001532   0.0002237   7.942e-08  HS65_LH_IVX18
datapath_module/reg_file_module/g6368  0.0001722   5.095e-05   0.0002232   8.861e-08  HS65_LH_MUX21I1X6
datapath_module/alu_module/mul_44_34/FE_OCPC940_n_1555  0.0001514   7.171e-05   0.0002231   6.293e-08  HS65_LH_BFX9
datapath_module/reg_file_module/g6349  0.0001775   4.531e-05   0.0002229    8.75e-08  HS65_LH_MUX21I1X6
datapath_module/alu_module/FE_OCPC488_FE_OFN97_read_data2_4  0.0001644   5.823e-05   0.0002227   6.244e-08  HS65_LH_BFX9
datapath_module/reg_file_module/FE_OFC174_n_1182  2.057e-05    0.000202   0.0002226   4.009e-08  HS65_LH_IVX9
datapath_module/alu_module/mul_44_34/g37633  0.0001177   0.0001048   0.0002226   5.494e-08  HS65_LH_NOR2AX6
datapath_module/alu_module/mul_44_34/FE_RC_1075_0  0.0001558   6.652e-05   0.0002223   5.808e-08  HS65_LH_NOR2X9
IFU_module/instr_mem/g746      5.892e-05   0.0001633   0.0002223   4.992e-08  HS65_LH_AND2X4
datapath_module/reg_file_module/g6462  0.0001688   5.259e-05   0.0002215   8.618e-08  HS65_LH_MUX21I1X6
datapath_module/alu_module/add_34_34/g7547  7.974e-05   0.0001417   0.0002215   4.637e-08  HS65_LH_OAI12X3
datapath_module/alu_module/mul_44_34/g38445  0.0001443   7.708e-05   0.0002214   5.633e-08  HS65_LH_NOR2AX6
datapath_module/alu_module/mul_44_34/FE_RC_1107_0  9.597e-05   0.0001254   0.0002214   3.238e-08  HS65_LH_NOR2X6
datapath_module/alu_module/mul_44_34/g37669_dup  0.0001227   9.842e-05   0.0002212   5.535e-08  HS65_LH_NAND2AX7
IFU_module/instr_mem/FE_PHC1003_SPCASCAN_N0   8.43e-05   0.0001364   0.0002207   4.891e-08  HS65_LH_BFX4
datapath_module/reg_file_module/FE_OCPC343_n_2450  4.815e-05   0.0001717   0.0002199   3.976e-08  HS65_LH_IVX9
datapath_module/alu_module/mul_44_34/g36952  0.0001542   6.543e-05   0.0002197   5.978e-08  HS65_LH_NAND2X21
datapath_module/reg_file_module/FE_RC_14_0  0.0001516   6.789e-05   0.0002196   1.705e-07  HS65_LH_NAND2X29
datapath_module/reg_file_module/g6602  0.0001775   4.149e-05   0.0002191   8.917e-08  HS65_LH_MUX21I1X6
datapath_module/alu_module/mul_44_34/g39259  0.0001289   8.963e-05   0.0002187   1.889e-07  HS65_LH_PAO2X27
datapath_module/alu_module/mul_44_34/FE_RC_1395_0  4.533e-05   0.0001732   0.0002186   3.912e-08  HS65_LH_IVX9
datapath_module/alu_module/add_34_34/g7559  5.665e-05   0.0001614   0.0002181   7.901e-08  HS65_LH_IVX18
datapath_module/alu_module/FE_RC_244_0  0.0001282   8.942e-05   0.0002177   6.553e-08  HS65_LH_AO22X9
datapath_module/reg_file_module/g6148  0.0001713   4.601e-05   0.0002174   8.715e-08  HS65_LH_MUX21I1X6
datapath_module/alu_module/mul_44_34/FE_OCPC642_n_58  0.0001444   7.258e-05    0.000217   6.255e-08  HS65_LH_BFX9
datapath_module/reg_file_module/g6364  0.0001749     4.2e-05    0.000217   8.745e-08  HS65_LH_MUX21I1X6
control_module/g602            0.0001136   0.0001028   0.0002164   5.041e-08  HS65_LH_AOI112X1
datapath_module/reg_file_module/g6424  0.0001799   3.592e-05   0.0002159   9.069e-08  HS65_LH_MUX21I1X6
datapath_module/alu_module/srl_43_34/FE_OCPC958_n_9  0.0001424   7.331e-05   0.0002158   6.182e-08  HS65_LH_BFX9
datapath_module/reg_file_module/g6720  0.0001732   4.218e-05   0.0002154   8.909e-08  HS65_LH_MUX21I1X6
datapath_module/alu_module/g7583   0.000101   0.0001143   0.0002154   3.951e-08  HS65_LH_IVX9
datapath_module/reg_file_module/g6249  0.0001684   4.672e-05   0.0002152   8.669e-08  HS65_LH_MUX21I1X6
datapath_module/reg_file_module/g6292  0.0001758   3.914e-05    0.000215   9.105e-08  HS65_LH_MUX21I1X6
datapath_module/alu_module/FE_RC_310_0  0.0001104   0.0001046    0.000215   3.962e-08  HS65_LH_IVX9
datapath_module/reg_file_module/g6114  0.0001754   3.891e-05   0.0002144   8.641e-08  HS65_LH_MUX21I1X6
datapath_module/alu_module/mul_44_34/FE_RC_417_0   0.000116   9.774e-05   0.0002138    8.16e-08  HS65_LH_IVX18
datapath_module/reg_file_module/g6295  0.0001631   5.028e-05   0.0002135   8.627e-08  HS65_LH_MUX21I1X6
datapath_module/alu_module/g7537  0.0001336    7.98e-05   0.0002135   3.537e-08  HS65_LH_NOR2X6
datapath_module/alu_module/g7832  0.0001163    9.71e-05   0.0002134   8.234e-08  HS65_LH_AO212X9
datapath_module/alu_module/add_34_34/g7595  0.0001043    0.000109   0.0002134   4.462e-08  HS65_LH_OAI12X3
datapath_module/alu_module/FE_RC_236_0  0.0001059   0.0001074   0.0002134   6.331e-08  HS65_LH_AO22X9
datapath_module/reg_file_module/g6484  0.0001716    4.16e-05   0.0002133   9.259e-08  HS65_LH_MUX21I1X6
datapath_module/alu_module/g7461   0.000149   6.422e-05   0.0002133   6.107e-08  HS65_LH_CB4I1X9
datapath_module/alu_module/sll_42_34/g19750  0.0001143   9.885e-05   0.0002132   4.527e-08  HS65_LH_OAI22X6
datapath_module/reg_file_module/g7214  5.744e-05   0.0001554   0.0002131   2.298e-07  HS65_LH_OR2ABX35
datapath_module/reg_file_module/FE_RC_1001_0   9.39e-05    0.000119    0.000213   5.984e-08  HS65_LH_NAND2X14
datapath_module/reg_file_module/FE_DBTC33_instruction_code_21_dup   0.000114   9.824e-05   0.0002125   2.516e-07  HS65_LH_IVX53
datapath_module/reg_file_module/g6282   0.000165   4.733e-05   0.0002124   8.687e-08  HS65_LH_MUX21I1X6
datapath_module/alu_module/add_34_34/g7576  0.0001052   0.0001065   0.0002118   6.058e-08  HS65_LH_NOR3AX2
datapath_module/alu_module/mul_44_34/g38404  0.0001018   0.0001096   0.0002115   9.977e-08  HS65_LH_NOR2AX19
datapath_module/alu_module/mul_44_34/g37618  0.0001466   6.476e-05   0.0002114   7.543e-08  HS65_LH_NAND2AX14
datapath_module/alu_module/mul_44_34/FE_PSC1068_FE_OCPN443_read_data2_3  0.0001148     9.6e-05   0.0002109   6.176e-08  HS65_LH_BFX9
datapath_module/reg_file_module/g6356  0.0001641   4.612e-05   0.0002104   8.556e-08  HS65_LH_MUX21I1X6
datapath_module/alu_module/sll_42_34/FE_RC_1140_0  0.0001021   0.0001079     0.00021   5.851e-08  HS65_LH_OR2X9
datapath_module/alu_module/mul_44_34/FE_RC_1063_0  6.428e-05   0.0001457     0.00021   3.932e-08  HS65_LH_IVX9
datapath_module/alu_module/mul_44_34/FE_RC_1360_0  7.152e-05   0.0001383   0.0002099   3.912e-08  HS65_LH_IVX9
datapath_module/alu_module/sll_42_34/g19792  9.214e-05   0.0001175   0.0002097    5.58e-08  HS65_LH_AOI22X6
datapath_module/alu_module/mul_44_34/FE_OCPC254_n_1764  0.0001096   9.971e-05   0.0002094   6.149e-08  HS65_LH_BFX9
datapath_module/alu_module/FE_RC_1271_0  0.0001168    9.24e-05   0.0002093   4.777e-08  HS65_LH_NAND2X14
datapath_module/alu_module/mul_44_34/FE_RC_894_0  0.0001445   6.469e-05   0.0002093   8.169e-08  HS65_LH_NAND2AX14
datapath_module/reg_file_module/g6599  0.0001731   3.601e-05   0.0002092   8.909e-08  HS65_LH_MUX21I1X6
datapath_module/reg_file_module/g6144  0.0001676   4.105e-05   0.0002088   8.728e-08  HS65_LH_MUX21I1X6
datapath_module/alu_module/FE_RC_1152_0  8.495e-05   0.0001229   0.0002079   6.259e-08  HS65_LH_AO22X9
datapath_module/alu_module/mul_44_34/FE_RC_1355_0  0.0001203   8.737e-05   0.0002077   6.895e-08  HS65_LH_NAND2AX14
datapath_module/alu_module/sll_42_34/g19789  8.694e-05   0.0001206   0.0002076   7.435e-08  HS65_LH_NAND2X7
datapath_module/alu_module/mul_44_34/g37615   0.000171   3.629e-05   0.0002074   9.378e-08  HS65_LH_NOR2X25
datapath_module/alu_module/sub_35_34/g27241   8.15e-05   0.0001256   0.0002071   6.085e-08  HS65_LH_NOR2X6
datapath_module/reg_file_module/g43257  0.0001001   0.0001062   0.0002064   7.669e-08  HS65_LH_NAND3AX13
datapath_module/alu_module/FE_RC_210_0  0.0001334   7.294e-05   0.0002064   6.575e-08  HS65_LH_AO22X9
datapath_module/alu_module/mul_44_34/FE_OCPC618_n_142   0.000118   8.818e-05   0.0002063   6.293e-08  HS65_LH_BFX9
datapath_module/reg_file_module/g6577   0.000152   5.406e-05   0.0002061   8.865e-08  HS65_LH_MUX21I1X6
datapath_module/alu_module/FE_OCPC500_read_data1_1   0.000142   6.385e-05    0.000206   6.192e-08  HS65_LH_BFX9
datapath_module/alu_module/mul_44_34/FE_RC_1241_0  8.951e-05   0.0001159   0.0002054   4.521e-08  HS65_LH_NAND2X14
datapath_module/reg_file_module/FE_RC_25_0  3.278e-05   0.0001723   0.0002051   8.203e-08  HS65_LH_IVX18
datapath_module/alu_module/srl_43_34/g5886  0.0001238   8.125e-05   0.0002051   4.483e-08  HS65_LH_NAND2X14
datapath_module/reg_file_module/FE_PHC990_n_1091  1.609e-05   0.0001885   0.0002047       1e-07  HS65_LH_BFX13
datapath_module/reg_file_module/g6162  0.0001682   3.623e-05   0.0002046   8.737e-08  HS65_LH_MUX21I1X6
datapath_module/alu_module/mul_44_34/FE_OCPC675_n_3401  0.0001589   4.539e-05   0.0002044   6.166e-08  HS65_LH_BFX9
datapath_module/alu_module/mul_44_34/FE_OCPC400_n_1813  0.0001154   8.886e-05   0.0002043   6.154e-08  HS65_LH_BFX9
control_module/g609             6.45e-05   0.0001397   0.0002042   4.529e-08  HS65_LH_AND2X4
datapath_module/alu_module/FE_OFC147_write_data_3  5.672e-05   0.0001474   0.0002042   2.108e-08  HS65_LH_IVX2
datapath_module/alu_module/sll_42_34/FE_OCPC332_read_data1_2  0.0001428   6.098e-05   0.0002039   6.196e-08  HS65_LH_BFX9
datapath_module/alu_module/mul_44_34/g36353  5.302e-05   0.0001506   0.0002037   2.799e-08  HS65_LH_IVX4
datapath_module/reg_file_module/g6738  0.0001646   3.892e-05   0.0002036   8.817e-08  HS65_LH_MUX21I1X6
datapath_module/alu_module/mul_44_34/FE_RC_1248_0  0.0001112   9.221e-05   0.0002035   8.138e-08  HS65_LH_NAND2AX14
datapath_module/alu_module/mul_44_34/g36687_dup  0.0001208   8.246e-05   0.0002034   2.123e-07  HS65_LH_PAO2X27
datapath_module/reg_file_module/g6290  0.0001685    3.44e-05   0.0002029   8.645e-08  HS65_LH_MUX21I1X6
datapath_module/alu_module/srl_43_34/FE_OCPC978_n_9  0.0001424   6.027e-05   0.0002028   6.182e-08  HS65_LH_BFX9
datapath_module/reg_file_module/g6755  0.0001526   4.998e-05   0.0002026   8.907e-08  HS65_LH_MUX21I1X6
datapath_module/reg_file_module/g6772   0.000156   4.639e-05   0.0002025   9.132e-08  HS65_LH_MUX21I1X6
datapath_module/reg_file_module/g6751  0.0001516   5.063e-05   0.0002023   8.893e-08  HS65_LH_MUX21I1X6
datapath_module/alu_module/g7377  0.0001092   9.282e-05   0.0002021   8.213e-08  HS65_LH_AO212X9
control_module/g601            9.758e-05   0.0001044    0.000202   5.621e-08  HS65_LH_AOI112X1
datapath_module/alu_module/mul_44_34/g37585   0.000136   6.569e-05   0.0002017   5.015e-08  HS65_LH_CBI4I6X5
datapath_module/alu_module/mul_44_34/FE_RC_1460_0  7.191e-05   0.0001296   0.0002016   8.208e-08  HS65_LH_IVX18
datapath_module/alu_module/sll_42_34/g20219  8.363e-05   0.0001178   0.0002015   3.759e-08  HS65_LH_AOI222X2
datapath_module/reg_file_module/g6172  0.0001625   3.891e-05   0.0002015   8.644e-08  HS65_LH_MUX21I1X6
control_module/g608            4.531e-05    0.000156   0.0002013   2.815e-08  HS65_LH_NOR2X2
datapath_module/alu_module/mul_44_34/g37796  0.0001106    9.04e-05   0.0002011   8.195e-08  HS65_LH_OAI12X6
datapath_module/reg_file_module/g6191  0.0001597   4.122e-05    0.000201   8.504e-08  HS65_LH_MUX21I1X6
datapath_module/reg_file_module/g6695  0.0001434   5.727e-05   0.0002008   8.916e-08  HS65_LH_MUX21I1X6
datapath_module/reg_file_module/g6348  0.0001637   3.689e-05   0.0002007   8.655e-08  HS65_LH_MUX21I1X6
datapath_module/reg_file_module/g6893  0.0001549    4.55e-05   0.0002005   8.912e-08  HS65_LH_MUX21I1X6
datapath_module/alu_module/g7471  0.0001529   4.744e-05   0.0002004   6.547e-08  HS65_LH_OA12X9
datapath_module/alu_module/FE_OFC136_write_data_1   6.71e-05   0.0001332   0.0002003   2.113e-08  HS65_LH_IVX2
datapath_module/alu_module/mul_44_34/FE_OCPC831_n_1764   0.000111   8.907e-05   0.0002002   6.149e-08  HS65_LH_BFX9
datapath_module/alu_module/sub_35_34/FE_OFC307_n_63  7.686e-05   0.0001231   0.0002001   7.945e-08  HS65_LH_IVX18
datapath_module/reg_file_module/FE_OCPC459_n_8_dup  0.0001121   8.774e-05      0.0002   1.154e-07  HS65_LH_BFX18
datapath_module/reg_file_module/g6099  0.0001395   6.019e-05   0.0001998   8.568e-08  HS65_LH_MUX21I1X6
datapath_module/alu_module/mul_44_34/FE_RC_1061_0  6.481e-05   0.0001349   0.0001998   3.971e-08  HS65_LH_IVX9
datapath_module/reg_file_module/g6627  0.0001579   4.107e-05   0.0001991     8.9e-08  HS65_LH_MUX21I1X6
datapath_module/reg_file_module/g6402  0.0001478    5.09e-05   0.0001988   9.147e-08  HS65_LH_MUX21I1X6
datapath_module/reg_file_module/g6754  0.0001526   4.593e-05   0.0001986   8.908e-08  HS65_LH_MUX21I1X6
datapath_module/alu_module/srl_43_34/FE_OFC167_n_62  5.846e-05     0.00014   0.0001985   3.907e-08  HS65_LH_IVX9
datapath_module/reg_file_module/g6351   0.000161   3.717e-05   0.0001982   8.618e-08  HS65_LH_MUX21I1X6
datapath_module/reg_file_module/g6366  0.0001514   4.661e-05   0.0001981   8.824e-08  HS65_LH_MUX21I1X6
datapath_module/alu_module/sll_42_34/FE_RC_707_0  0.0001282   6.981e-05    0.000198   4.315e-08  HS65_LH_OAI22X6
datapath_module/alu_module/mul_44_34/g37487  0.0001229   7.506e-05    0.000198   4.974e-08  HS65_LH_NAND2X11
datapath_module/reg_file_module/g6631  0.0001598     3.8e-05   0.0001979   9.061e-08  HS65_LH_MUX21I1X6
datapath_module/reg_file_module/g6858  0.0001448   5.289e-05   0.0001978     8.9e-08  HS65_LH_MUX21I1X6
datapath_module/alu_module/mul_44_34/FE_OCPC304_n_178  0.0001186   7.851e-05   0.0001972    6.15e-08  HS65_LH_BFX9
datapath_module/alu_module/mul_44_34/FE_RC_934_0  0.0001218   7.512e-05    0.000197   8.617e-08  HS65_LH_NAND3X38
datapath_module/reg_file_module/g6696  0.0001436   5.224e-05    0.000196   8.915e-08  HS65_LH_MUX21I1X6
datapath_module/alu_module/mul_44_34/FE_RC_578_0  0.0001128   8.306e-05   0.0001959   6.129e-08  HS65_LH_NAND2X21
control_module/g603            0.0001082   8.753e-05   0.0001958   4.975e-08  HS65_LH_AOI112X1
datapath_module/reg_file_module/g6224  0.0001621   3.344e-05   0.0001956   8.621e-08  HS65_LH_MUX21I1X6
datapath_module/reg_file_module/g6880  0.0001415   5.397e-05   0.0001956   9.052e-08  HS65_LH_MUX21I1X6
datapath_module/alu_module/mul_44_34/FE_RC_1253_0  8.894e-05   0.0001061    0.000195   4.521e-08  HS65_LH_NAND2X14
datapath_module/reg_file_module/g6371  0.0001453   4.948e-05   0.0001949     8.9e-08  HS65_LH_MUX21I1X6
datapath_module/reg_file_module/g6775  0.0001527   4.188e-05   0.0001947   8.915e-08  HS65_LH_MUX21I1X6
datapath_module/reg_file_module/g6790  0.0001448   4.949e-05   0.0001944   8.935e-08  HS65_LH_MUX21I1X6
datapath_module/reg_file_module/FE_RC_519_0  0.0001146   7.889e-05   0.0001936   1.046e-07  HS65_LH_AND2X18
datapath_module/reg_file_module/g6353   0.000149   4.431e-05   0.0001934   8.632e-08  HS65_LH_MUX21I1X6
IFU_module/FE_OCPC818_n_42     0.0001161   7.718e-05   0.0001934   6.223e-08  HS65_LH_BFX9
datapath_module/reg_file_module/FE_OCPC739_FE_OFN41_n_9   9.49e-05   9.838e-05   0.0001933   6.223e-08  HS65_LH_BFX9
IFU_module/instr_mem/FE_OCPC961_n_9  7.873e-05   0.0001145   0.0001933   6.184e-08  HS65_LH_BFX9
datapath_module/alu_module/g7465  0.0001025   9.066e-05   0.0001933   7.167e-08  HS65_LH_NAND2X7
datapath_module/alu_module/mul_44_34/FE_RC_806_0  7.783e-05   0.0001152   0.0001932   1.394e-07  HS65_LH_OA12X18
datapath_module/alu_module/mul_44_34/FE_RC_837_0  0.0001133   7.947e-05   0.0001932   3.692e-07  HS65_LH_AOI12X46
datapath_module/reg_file_module/g6630  0.0001576   3.546e-05   0.0001931   8.924e-08  HS65_LH_MUX21I1X6
datapath_module/reg_file_module/g6773  0.0001578     3.5e-05   0.0001929   9.151e-08  HS65_LH_MUX21I1X6
datapath_module/alu_module/mul_44_34/FE_OCPC439_n_150  0.0001151   7.763e-05   0.0001928   6.293e-08  HS65_LH_BFX9
datapath_module/reg_file_module/g6384  0.0001466   4.581e-05   0.0001925   8.952e-08  HS65_LH_MUX21I1X6
datapath_module/alu_module/mul_44_34/g36771_dup  0.0001229   6.928e-05   0.0001924   2.359e-07  HS65_LH_OA12X27
datapath_module/alu_module/mul_44_34/g37665   0.000147   4.536e-05   0.0001924   8.769e-08  HS65_LH_NOR2AX13
datapath_module/reg_file_module/g6370  0.0001512   4.076e-05   0.0001921   8.912e-08  HS65_LH_MUX21I1X6
datapath_module/reg_file_module/g6415  0.0001561   3.586e-05   0.0001921   9.043e-08  HS65_LH_MUX21I1X6
datapath_module/alu_module/sll_42_34/g19835  0.0001015   9.049e-05    0.000192   3.756e-08  HS65_LH_CBI4I1X5
datapath_module/alu_module/sll_42_34/g19753  0.0001125   7.929e-05   0.0001919   5.439e-08  HS65_LH_OAI22X6
datapath_module/reg_file_module/g6147  0.0001452   4.644e-05   0.0001918   8.613e-08  HS65_LH_MUX21I1X6
datapath_module/alu_module/mul_44_34/FE_OCPC337_n_188  6.936e-05   0.0001218   0.0001913       1e-07  HS65_LH_BFX13
datapath_module/reg_file_module/g6377   0.000146     4.5e-05   0.0001911   8.909e-08  HS65_LH_MUX21I1X6
datapath_module/reg_file_module/g6498  0.0001458   4.495e-05   0.0001908   8.942e-08  HS65_LH_MUX21I1X6
datapath_module/alu_module/mul_44_34/FE_RC_697_0  0.0001355   5.514e-05   0.0001907   6.834e-08  HS65_LH_NAND2X21
datapath_module/alu_module/sub_35_34/FE_RC_224_0  6.076e-05   0.0001299   0.0001907   3.971e-08  HS65_LH_IVX9
datapath_module/alu_module/sll_42_34/g20223  0.0001206   6.997e-05   0.0001906   5.771e-08  HS65_LH_AOI22X6
datapath_module/reg_file_module/g6567  0.0001548    3.57e-05   0.0001906   8.915e-08  HS65_LH_MUX21I1X6
datapath_module/reg_file_module/g6791  0.0001454   4.491e-05   0.0001904   8.926e-08  HS65_LH_MUX21I1X6
datapath_module/reg_file_module/g6907  0.0001453   4.439e-05   0.0001898     8.9e-08  HS65_LH_MUX21I1X6
datapath_module/reg_file_module/g6776   0.000153   3.612e-05   0.0001892   8.914e-08  HS65_LH_MUX21I1X6
datapath_module/reg_file_module/g6750   0.000152   3.659e-05   0.0001886     8.9e-08  HS65_LH_MUX21I1X6
datapath_module/reg_file_module/g6692  0.0001473   4.124e-05   0.0001886    9.15e-08  HS65_LH_MUX21I1X6
datapath_module/alu_module/mul_44_34/g38425  8.926e-05   9.911e-05   0.0001884   5.797e-08  HS65_LH_OR2X9
datapath_module/reg_file_module/g6771  0.0001509    3.74e-05   0.0001884   9.063e-08  HS65_LH_MUX21I1X6
datapath_module/reg_file_module/g6497  0.0001459   4.213e-05   0.0001881   8.914e-08  HS65_LH_MUX21I1X6
datapath_module/reg_file_module/g6753  0.0001523   3.554e-05    0.000188    8.91e-08  HS65_LH_MUX21I1X6
datapath_module/alu_module/mul_44_34/FE_RC_820_0   9.23e-05   9.549e-05   0.0001879   9.313e-08  HS65_LH_NAND2X14
datapath_module/alu_module/g7658  0.0001004   8.728e-05   0.0001878   8.073e-08  HS65_LH_AO12X9
datapath_module/alu_module/mul_44_34/FE_OCPC591_n_1258  0.0001188   6.896e-05   0.0001878   6.166e-08  HS65_LH_BFX9
datapath_module/reg_file_module/g6930  0.0001445   4.304e-05   0.0001877   8.951e-08  HS65_LH_MUX21I1X6
datapath_module/alu_module/mul_44_34/FE_RC_654_0  4.496e-05   0.0001426   0.0001876   3.349e-08  HS65_LH_IVX7
datapath_module/reg_file_module/g6748  0.0001514   3.595e-05   0.0001874   8.906e-08  HS65_LH_MUX21I1X6
datapath_module/reg_file_module/g6643  0.0001255    6.18e-05   0.0001874   8.659e-08  HS65_LH_MUX21I1X6
datapath_module/reg_file_module/g6756  0.0001533   3.393e-05   0.0001873   8.951e-08  HS65_LH_MUX21I1X6
IFU_module/fopt570             2.143e-05   0.0001657   0.0001872   2.143e-08  HS65_LH_IVX2
datapath_module/alu_module/mul_44_34/FE_OFC392_FE_OCPN542_n_154  5.237e-05   0.0001346    0.000187   3.357e-08  HS65_LH_IVX7
datapath_module/alu_module/sll_42_34/FE_RC_1127_0  8.554e-05   0.0001014    0.000187   5.711e-08  HS65_LH_OR2X9
datapath_module/reg_file_module/g6908  0.0001458   4.093e-05   0.0001868   8.911e-08  HS65_LH_MUX21I1X6
datapath_module/reg_file_module/g6931  0.0001455   4.073e-05   0.0001863   8.935e-08  HS65_LH_MUX21I1X6
datapath_module/reg_file_module/g6392  0.0001437   4.243e-05   0.0001862   8.911e-08  HS65_LH_MUX21I1X6
datapath_module/reg_file_module/g6774  0.0001541   3.188e-05   0.0001861   8.944e-08  HS65_LH_MUX21I1X6
datapath_module/reg_file_module/g6758  0.0001527   3.327e-05    0.000186   8.912e-08  HS65_LH_MUX21I1X6
datapath_module/reg_file_module/g6155  0.0001535   3.239e-05   0.0001859   8.628e-08  HS65_LH_MUX21I1X6
datapath_module/reg_file_module/g6856   0.000145   4.087e-05   0.0001859   8.903e-08  HS65_LH_MUX21I1X6
datapath_module/reg_file_module/g6854  0.0001442   4.158e-05   0.0001859   8.915e-08  HS65_LH_MUX21I1X6
datapath_module/reg_file_module/g6898   0.000141    4.48e-05   0.0001859   9.044e-08  HS65_LH_MUX21I1X6
datapath_module/reg_file_module/g6767  0.0001446   4.115e-05   0.0001858   8.907e-08  HS65_LH_MUX21I1X6
datapath_module/reg_file_module/g6747  0.0001511   3.458e-05   0.0001857    8.91e-08  HS65_LH_MUX21I1X6
datapath_module/reg_file_module/g6911  0.0001466   3.899e-05   0.0001857   8.952e-08  HS65_LH_MUX21I1X6
datapath_module/reg_file_module/g6559  0.0001441   4.123e-05   0.0001854   8.952e-08  HS65_LH_MUX21I1X6
datapath_module/reg_file_module/g6929  0.0001441   4.116e-05   0.0001853   9.001e-08  HS65_LH_MUX21I1X6
datapath_module/reg_file_module/g6762  0.0001497   3.531e-05   0.0001851   8.912e-08  HS65_LH_MUX21I1X6
datapath_module/alu_module/mul_44_34/FE_OCPC870_FE_RN_168_0  0.0001359    4.91e-05   0.0001851   6.167e-08  HS65_LH_BFX9
datapath_module/reg_file_module/g6508  0.0001346   4.973e-05   0.0001845   8.851e-08  HS65_LH_MUX21I1X6
datapath_module/alu_module/mul_44_34/FE_RC_1102_0  6.399e-05   0.0001203   0.0001843   3.932e-08  HS65_LH_IVX9
datapath_module/reg_file_module/g6913   0.000146   3.778e-05   0.0001839   8.913e-08  HS65_LH_MUX21I1X6
datapath_module/reg_file_module/g6789  0.0001451   3.831e-05   0.0001835   8.977e-08  HS65_LH_MUX21I1X6
datapath_module/reg_file_module/g43243   0.000121   6.205e-05   0.0001832   1.345e-07  HS65_LH_AND4X13
datapath_module/reg_file_module/g7446  2.081e-05   0.0001623   0.0001832   4.008e-08  HS65_LH_IVX9
datapath_module/reg_file_module/g6361  0.0001455    3.76e-05   0.0001831   8.904e-08  HS65_LH_MUX21I1X6
datapath_module/reg_file_module/g6297  0.0001447   3.832e-05   0.0001831   8.798e-08  HS65_LH_MUX21I1X6
datapath_module/alu_module/g7374  0.0001296   5.298e-05   0.0001827   9.131e-08  HS65_LH_AO212X4
datapath_module/reg_file_module/g6636  0.0001424   4.014e-05   0.0001826   8.912e-08  HS65_LH_MUX21I1X6
datapath_module/reg_file_module/g6749  0.0001519   3.057e-05   0.0001826   8.903e-08  HS65_LH_MUX21I1X6
datapath_module/alu_module/mul_44_34/FE_OCPC767_n_1286  0.0001188   6.333e-05   0.0001822   6.166e-08  HS65_LH_BFX9
datapath_module/reg_file_module/g6380  0.0001459   3.598e-05    0.000182   8.908e-08  HS65_LH_MUX21I1X6
datapath_module/reg_file_module/g6345  0.0001474   3.437e-05   0.0001819   8.579e-08  HS65_LH_MUX21I1X6
datapath_module/reg_file_module/g6857  0.0001445   3.714e-05   0.0001818   8.909e-08  HS65_LH_MUX21I1X6
datapath_module/reg_file_module/g6561  0.0001435   3.802e-05   0.0001817   8.913e-08  HS65_LH_MUX21I1X6
datapath_module/alu_module/g7376  0.0001356   4.593e-05   0.0001816   8.435e-08  HS65_LH_AO212X9
datapath_module/reg_file_module/g6861  0.0001454   3.606e-05   0.0001816   8.908e-08  HS65_LH_MUX21I1X6
datapath_module/reg_file_module/g6903   0.000145   3.635e-05   0.0001814   8.911e-08  HS65_LH_MUX21I1X6
datapath_module/reg_file_module/g6080  0.0001481    3.32e-05   0.0001814   8.869e-08  HS65_LH_MUX21I1X6
datapath_module/alu_module/sll_42_34/FE_OFC109_read_data2_1  5.874e-05   0.0001226   0.0001813    3.35e-08  HS65_LH_IVX7
datapath_module/reg_file_module/g6814  0.0001485   3.266e-05   0.0001813   8.781e-08  HS65_LH_MUX21I1X6
datapath_module/reg_file_module/g6481  0.0001456   3.552e-05   0.0001812   8.592e-08  HS65_LH_MUX21I1X6
datapath_module/reg_file_module/g6891  0.0001383   4.263e-05   0.0001811   8.887e-08  HS65_LH_MUX21I1X6
datapath_module/reg_file_module/g6142  0.0001388   4.212e-05    0.000181   8.634e-08  HS65_LH_MUX21I1X6
datapath_module/reg_file_module/g6149  0.0001354   4.548e-05   0.0001809   8.617e-08  HS65_LH_MUX21I1X6
datapath_module/reg_file_module/g6490  0.0001487   3.205e-05   0.0001809   8.911e-08  HS65_LH_MUX21I1X6
datapath_module/reg_file_module/g6766  0.0001368   4.394e-05   0.0001809   8.908e-08  HS65_LH_MUX21I1X6
datapath_module/reg_file_module/g6694  0.0001443   3.648e-05   0.0001808   8.944e-08  HS65_LH_MUX21I1X6
datapath_module/reg_file_module/g6359   0.000145   3.527e-05   0.0001804   8.907e-08  HS65_LH_MUX21I1X6
datapath_module/reg_file_module/g6383   0.000137   4.331e-05   0.0001804   8.522e-08  HS65_LH_MUX21I1X6
datapath_module/reg_file_module/g6374  0.0001458   3.444e-05   0.0001803   8.911e-08  HS65_LH_MUX21I1X6
datapath_module/reg_file_module/g6641   0.000143   3.723e-05   0.0001803   8.902e-08  HS65_LH_MUX21I1X6
datapath_module/reg_file_module/g6909  0.0001459   3.422e-05   0.0001803    8.91e-08  HS65_LH_MUX21I1X6
datapath_module/reg_file_module/g6864  0.0001455   3.465e-05   0.0001802   8.913e-08  HS65_LH_MUX21I1X6
datapath_module/reg_file_module/g6917  0.0001438    3.62e-05   0.0001801   8.913e-08  HS65_LH_MUX21I1X6
datapath_module/alu_module/mul_44_34/FE_RC_1125_0  9.598e-05   8.404e-05   0.0001801   5.478e-08  HS65_LH_NOR2X13
datapath_module/reg_file_module/g6910  0.0001459   3.394e-05   0.0001799   8.908e-08  HS65_LH_MUX21I1X6
datapath_module/alu_module/add_34_34/g7608  0.0001002   7.943e-05   0.0001797   3.566e-08  HS65_LH_NOR2X6
datapath_module/alu_module/mul_44_34/FE_OCPC490_n_135  9.342e-05   8.612e-05   0.0001796       1e-07  HS65_LH_BFX13
datapath_module/reg_file_module/g6752  0.0001517   2.766e-05   0.0001795   8.899e-08  HS65_LH_MUX21I1X6
datapath_module/reg_file_module/g6312   0.000134   4.531e-05   0.0001794     8.6e-08  HS65_LH_MUX21I1X6
datapath_module/reg_file_module/g6886  0.0001433   3.599e-05   0.0001794   8.919e-08  HS65_LH_MUX21I1X6
datapath_module/alu_module/sub_35_34/g27138  0.0001033   7.593e-05   0.0001793   5.375e-08  HS65_LH_NAND2AX7
datapath_module/reg_file_module/g6855  0.0001449   3.424e-05   0.0001793   8.905e-08  HS65_LH_MUX21I1X6
datapath_module/alu_module/mul_44_34/FE_PSC1059_n_3390  0.0001177   6.126e-05    0.000179   6.166e-08  HS65_LH_BFX9
datapath_module/alu_module/mul_44_34/g38409  5.958e-05   0.0001194    0.000179   3.876e-08  HS65_LH_AND2X4
datapath_module/reg_file_module/g6905  0.0001454    3.33e-05   0.0001788   8.903e-08  HS65_LH_MUX21I1X6
datapath_module/alu_module/g7536  0.0001307   4.787e-05   0.0001786   3.628e-08  HS65_LH_NOR2X6
datapath_module/reg_file_module/g6768  0.0001458   3.267e-05   0.0001786   9.107e-08  HS65_LH_MUX21I1X6
datapath_module/reg_file_module/g6089  0.0001427   3.579e-05   0.0001786   9.047e-08  HS65_LH_MUX21I1X6
datapath_module/reg_file_module/g6902  0.0001446   3.384e-05   0.0001785   8.918e-08  HS65_LH_MUX21I1X6
datapath_module/reg_file_module/g6555  0.0001427   3.558e-05   0.0001784   8.893e-08  HS65_LH_MUX21I1X6
datapath_module/reg_file_module/g6365  0.0001455    3.28e-05   0.0001784   8.902e-08  HS65_LH_MUX21I1X6
datapath_module/alu_module/mul_44_34/FE_RC_538_0  9.485e-05   8.318e-05   0.0001782   1.778e-07  HS65_LH_OAI12X18
datapath_module/alu_module/mul_44_34/FE_RC_226_0  6.188e-05   0.0001162   0.0001781   3.971e-08  HS65_LH_IVX9
datapath_module/reg_file_module/g6862  0.0001461   3.194e-05   0.0001781   8.952e-08  HS65_LH_MUX21I1X6
datapath_module/reg_file_module/g6367  0.0001452   3.275e-05    0.000178   8.894e-08  HS65_LH_MUX21I1X6
datapath_module/reg_file_module/g6637  0.0001426   3.526e-05    0.000178   8.908e-08  HS65_LH_MUX21I1X6
datapath_module/reg_file_module/g6387   0.000146   3.179e-05   0.0001779   8.913e-08  HS65_LH_MUX21I1X6
datapath_module/reg_file_module/g6396  0.0001377   3.996e-05   0.0001777   8.908e-08  HS65_LH_MUX21I1X6
datapath_module/reg_file_module/g6906  0.0001451   3.215e-05   0.0001774   8.895e-08  HS65_LH_MUX21I1X6
datapath_module/reg_file_module/g6904  0.0001454    3.18e-05   0.0001773   8.906e-08  HS65_LH_MUX21I1X6
datapath_module/reg_file_module/g6403  0.0001454   3.171e-05   0.0001772   8.914e-08  HS65_LH_MUX21I1X6
datapath_module/alu_module/sll_42_34/FE_RC_1126_0  6.327e-05   0.0001138   0.0001771   2.633e-08  HS65_LH_NAND2X7
datapath_module/reg_file_module/g6782  0.0001383   3.846e-05   0.0001768   8.908e-08  HS65_LH_MUX21I1X6
datapath_module/reg_file_module/g6688  0.0001456   3.101e-05   0.0001767   9.131e-08  HS65_LH_MUX21I1X6
datapath_module/reg_file_module/g6357  0.0001447    3.18e-05   0.0001766   8.911e-08  HS65_LH_MUX21I1X6
datapath_module/reg_file_module/g6421  0.0001452   3.128e-05   0.0001766   8.882e-08  HS65_LH_MUX21I1X6
datapath_module/reg_file_module/FE_RC_599_0  8.062e-05   9.576e-05   0.0001764   6.091e-08  HS65_LH_OR2X9
datapath_module/reg_file_module/g7448  7.375e-05   0.0001026   0.0001764   3.492e-08  HS65_LH_NOR2X6
datapath_module/alu_module/mul_44_34/FE_RC_901_0  5.295e-05   0.0001234   0.0001764   3.998e-08  HS65_LH_IVX9
datapath_module/reg_file_module/g6556  0.0001432   3.284e-05   0.0001762   8.908e-08  HS65_LH_MUX21I1X6
datapath_module/reg_file_module/g6557  0.0001434   3.264e-05   0.0001762   8.908e-08  HS65_LH_MUX21I1X6
datapath_module/reg_file_module/g6853  0.0001446   3.135e-05   0.0001761   8.895e-08  HS65_LH_MUX21I1X6
datapath_module/reg_file_module/g6639  0.0001427   3.319e-05    0.000176   8.895e-08  HS65_LH_MUX21I1X6
datapath_module/reg_file_module/g6882  0.0001433   3.257e-05    0.000176   8.977e-08  HS65_LH_MUX21I1X6
datapath_module/reg_file_module/g6859  0.0001453   3.039e-05   0.0001757   8.911e-08  HS65_LH_MUX21I1X6
datapath_module/reg_file_module/g6553  0.0001425   3.313e-05   0.0001757    8.88e-08  HS65_LH_MUX21I1X6
datapath_module/alu_module/sub_35_34/FE_RC_1073_0  6.706e-05   0.0001085   0.0001756   3.076e-08  HS65_LH_NOR2X6
datapath_module/alu_module/mul_44_34/g37634  9.742e-05    7.81e-05   0.0001755   3.263e-08  HS65_LH_NAND2X7
datapath_module/reg_file_module/g6284  0.0001452   3.019e-05   0.0001755   8.581e-08  HS65_LH_MUX21I1X6
datapath_module/reg_file_module/g6868  0.0001434   3.187e-05   0.0001753   8.913e-08  HS65_LH_MUX21I1X6
datapath_module/reg_file_module/g6638   0.000143   3.219e-05   0.0001753   8.904e-08  HS65_LH_MUX21I1X6
datapath_module/reg_file_module/g6860  0.0001454   2.949e-05    0.000175    8.91e-08  HS65_LH_MUX21I1X6
datapath_module/reg_file_module/g6928   0.000144   3.095e-05    0.000175   9.213e-08  HS65_LH_MUX21I1X6
datapath_module/reg_file_module/g6838  0.0001371   3.779e-05    0.000175   8.972e-08  HS65_LH_MUX21I1X6
datapath_module/reg_file_module/g6565  0.0001416   3.324e-05    0.000175   8.913e-08  HS65_LH_MUX21I1X6
datapath_module/alu_module/mul_44_34/g37516  0.0001187    5.61e-05   0.0001748   4.536e-08  HS65_LH_NAND2X14
datapath_module/reg_file_module/g6401  0.0001436   3.095e-05   0.0001747   9.125e-08  HS65_LH_MUX21I1X6
datapath_module/reg_file_module/g6879  0.0001362   3.836e-05   0.0001746    9.08e-08  HS65_LH_MUX21I1X6
datapath_module/reg_file_module/g6347  0.0001386   3.589e-05   0.0001746   8.544e-08  HS65_LH_MUX21I1X6
IFU_module/instr_mem/g747      2.986e-05   0.0001447   0.0001746   2.375e-08  HS65_LH_NOR2X2
datapath_module/reg_file_module/g6070  0.0001438   3.052e-05   0.0001744   8.796e-08  HS65_LH_MUX21I1X6
datapath_module/alu_module/mul_44_34/FE_RC_868_0  0.0001281   4.578e-05   0.0001741   2.699e-07  HS65_LH_NAND2AX21
datapath_module/reg_file_module/g6787  0.0001431   3.082e-05    0.000174   9.131e-08  HS65_LH_MUX21I1X6
datapath_module/reg_file_module/g6640  0.0001428    3.11e-05    0.000174   8.901e-08  HS65_LH_MUX21I1X6
datapath_module/reg_file_module/FE_OCPC697_n_2411   0.000138   3.587e-05    0.000174   1.144e-07  HS65_LH_BFX18
datapath_module/reg_file_module/g6660  0.0001406   3.311e-05   0.0001738   8.887e-08  HS65_LH_MUX21I1X6
datapath_module/reg_file_module/g6558  0.0001434   3.025e-05   0.0001738   8.908e-08  HS65_LH_MUX21I1X6
datapath_module/reg_file_module/g6134  0.0001325   4.105e-05   0.0001736   8.724e-08  HS65_LH_MUX21I1X6
datapath_module/reg_file_module/FE_PHC982_n_630   4.59e-05   0.0001273   0.0001733   4.372e-08  HS65_LH_BFX2
datapath_module/reg_file_module/g6073  0.0001411   3.205e-05   0.0001732   8.724e-08  HS65_LH_MUX21I1X6
datapath_module/reg_file_module/g6423  0.0001322    4.06e-05   0.0001729   8.905e-08  HS65_LH_MUX21I1X6
datapath_module/alu_module/mul_44_34/g36350  8.305e-05   8.976e-05   0.0001729   6.799e-08  HS65_LH_NOR2AX3
datapath_module/reg_file_module/g6780  0.0001313    4.14e-05   0.0001728   8.909e-08  HS65_LH_MUX21I1X6
datapath_module/reg_file_module/FE_RC_944_0  3.906e-05   0.0001333   0.0001724   8.047e-08  HS65_LH_IVX18
datapath_module/reg_file_module/g6554  0.0001425   2.984e-05   0.0001724   8.882e-08  HS65_LH_MUX21I1X6
datapath_module/alu_module/g7349  6.271e-05   0.0001093   0.0001721   4.403e-08  HS65_LH_OAI21X3
datapath_module/reg_file_module/g6552  0.0001419   2.973e-05   0.0001717   8.865e-08  HS65_LH_MUX21I1X6
datapath_module/reg_file_module/g6551  0.0001405   3.105e-05   0.0001716   8.841e-08  HS65_LH_MUX21I1X6
datapath_module/reg_file_module/g6686  0.0001412   3.022e-05   0.0001715   9.062e-08  HS65_LH_MUX21I1X6
datapath_module/reg_file_module/g6091  0.0001227   4.865e-05   0.0001714   8.988e-08  HS65_LH_MUX21I1X6
datapath_module/alu_module/g7469  9.336e-05   7.792e-05   0.0001713   2.645e-08  HS65_LH_NAND2X7
datapath_module/alu_module/mul_44_34/FE_RC_602_0  0.0001109   6.023e-05   0.0001712   9.698e-08  HS65_LH_NAND2AX7
datapath_module/reg_file_module/g6922  0.0001387   3.238e-05   0.0001712   8.908e-08  HS65_LH_MUX21I1X6
datapath_module/reg_file_module/g6888  0.0001349   3.612e-05   0.0001711   8.747e-08  HS65_LH_MUX21I1X6
datapath_module/alu_module/mul_44_34/FE_RC_179_0  7.359e-05   9.739e-05   0.0001711   1.209e-07  HS65_LH_IVX27
datapath_module/reg_file_module/g6507  0.0001295   4.128e-05   0.0001709   8.734e-08  HS65_LH_MUX21I1X6
control_module/g599            0.0001307   3.984e-05   0.0001706   5.494e-08  HS65_LH_NOR3AX2
datapath_module/alu_module/srl_43_34/FE_RC_61_0  6.427e-05   0.0001061   0.0001704    2.53e-08  HS65_LH_NOR2X6
datapath_module/reg_file_module/g6674  0.0001364   3.388e-05   0.0001703   9.107e-08  HS65_LH_MUX21I1X6
datapath_module/reg_file_module/g6135  0.0001376   3.254e-05   0.0001702   8.794e-08  HS65_LH_MUX21I1X6
datapath_module/reg_file_module/g6757  0.0001346    3.54e-05   0.0001701   9.105e-08  HS65_LH_MUX21I1X6
datapath_module/alu_module/mul_44_34/g37554  9.018e-05   7.902e-05   0.0001692   3.286e-08  HS65_LH_AOI12X2
datapath_module/reg_file_module/g6131   0.000135   3.402e-05   0.0001691   8.782e-08  HS65_LH_MUX21I1X6
datapath_module/reg_file_module/g6503  0.0001327   3.587e-05   0.0001686   8.811e-08  HS65_LH_MUX21I1X6
datapath_module/alu_module/mul_44_34/FE_RC_1320_0  8.927e-05   7.929e-05   0.0001686   4.521e-08  HS65_LH_NAND2X14
datapath_module/alu_module/mul_44_34/FE_RC_1066_0  4.524e-05   0.0001233   0.0001686   3.912e-08  HS65_LH_IVX9
datapath_module/reg_file_module/g6786   0.000134    3.45e-05   0.0001686   9.062e-08  HS65_LH_MUX21I1X6
datapath_module/alu_module/sll_42_34/g19803  6.259e-05   0.0001058   0.0001685   4.381e-08  HS65_LH_OAI12X3
datapath_module/alu_module/mul_44_34/FE_RC_1230_0  6.977e-05   9.863e-05   0.0001684    3.98e-08  HS65_LH_IVX9
datapath_module/reg_file_module/g6069  0.0001358   3.244e-05   0.0001684    8.72e-08  HS65_LH_MUX21I1X6
datapath_module/reg_file_module/g6550  0.0001381   3.004e-05   0.0001683   8.799e-08  HS65_LH_MUX21I1X6
datapath_module/alu_module/mul_44_34/FE_OCPC451_n_117  0.0001181    4.97e-05   0.0001679   6.281e-08  HS65_LH_BFX9
datapath_module/reg_file_module/g6160  0.0001396   2.813e-05   0.0001678   8.634e-08  HS65_LH_MUX21I1X6
datapath_module/reg_file_module/g6647  0.0001288   3.884e-05   0.0001677   8.695e-08  HS65_LH_MUX21I1X6
datapath_module/reg_file_module/g6379  0.0001253   4.225e-05   0.0001676    8.75e-08  HS65_LH_MUX21I1X6
datapath_module/alu_module/mul_44_34/FE_OCPC971_n_126   0.000105   6.238e-05   0.0001675   6.292e-08  HS65_LH_BFX9
datapath_module/reg_file_module/g6516  0.0001375   2.974e-05   0.0001674   8.662e-08  HS65_LH_MUX21I1X6
datapath_module/reg_file_module/g6072  0.0001299   3.713e-05   0.0001672   8.629e-08  HS65_LH_MUX21I1X6
datapath_module/reg_file_module/g6570  0.0001366    3.05e-05   0.0001671   8.908e-08  HS65_LH_MUX21I1X6
datapath_module/reg_file_module/g6502  0.0001276   3.926e-05   0.0001669   8.761e-08  HS65_LH_MUX21I1X6
datapath_module/reg_file_module/g6504  0.0001355   3.134e-05   0.0001669   8.852e-08  HS65_LH_MUX21I1X6
datapath_module/reg_file_module/g7672  2.068e-05   0.0001459   0.0001667   5.298e-08  HS65_LH_OR2X9
datapath_module/reg_file_module/g6765  0.0001212   4.528e-05   0.0001666   8.912e-08  HS65_LH_MUX21I1X6
datapath_module/alu_module/sub_35_34/FE_RC_189_0  7.688e-05   8.955e-05   0.0001665   3.964e-08  HS65_LH_IVX9
datapath_module/alu_module/mul_44_34/FE_RC_228_0  4.406e-05   0.0001221   0.0001662   3.912e-08  HS65_LH_IVX9
datapath_module/reg_file_module/g6381  0.0001322    3.37e-05   0.0001659   8.517e-08  HS65_LH_MUX21I1X6
datapath_module/alu_module/mul_44_34/FE_OCPC372_n_170   9.58e-05   6.987e-05   0.0001657   4.376e-08  HS65_LH_BFX2
datapath_module/reg_file_module/FE_RC_1384_0  0.0001297   3.582e-05   0.0001656   8.668e-08  HS65_LH_NAND2AX14
datapath_module/reg_file_module/g6890  0.0001313   3.403e-05   0.0001654   8.867e-08  HS65_LH_MUX21I1X6
datapath_module/reg_file_module/g6400  0.0001344   3.088e-05   0.0001654   9.046e-08  HS65_LH_MUX21I1X6
datapath_module/alu_module/FE_OCPC699_read_data1_4  0.0001149   5.037e-05   0.0001654   6.197e-08  HS65_LH_BFX9
datapath_module/reg_file_module/FE_OCPC750_n_8  0.0001118   5.327e-05   0.0001652   1.154e-07  HS65_LH_BFX18
IFU_module/instr_mem/g743      4.158e-05   0.0001234    0.000165   3.438e-08  HS65_LH_NAND2X5
datapath_module/alu_module/sll_42_34/FE_RC_93_0  4.395e-05   0.0001208   0.0001648   4.006e-08  HS65_LH_IVX9
datapath_module/reg_file_module/g6927  0.0001361    2.86e-05   0.0001648   9.235e-08  HS65_LH_MUX21I1X6
control_module/g600            9.521e-05   6.949e-05   0.0001648   5.594e-08  HS65_LH_AOI112X1
datapath_module/alu_module/mul_44_34/g36854  9.619e-05   6.852e-05   0.0001647   3.354e-08  HS65_LH_IVX7
datapath_module/reg_file_module/g6779  0.0001173   4.736e-05   0.0001647   8.912e-08  HS65_LH_MUX21I1X6
datapath_module/alu_module/sll_42_34/FE_RC_1080_0  5.902e-05   0.0001056   0.0001647   6.184e-08  HS65_LH_NAND2AX7
datapath_module/alu_module/sll_42_34/g19767  7.752e-05   8.673e-05   0.0001643   3.702e-08  HS65_LH_AOI222X2
datapath_module/alu_module/FE_RC_1089_0  8.739e-05   7.669e-05   0.0001641   6.267e-08  HS65_LH_AO22X9
datapath_module/alu_module/sll_42_34/FE_RC_232_0    8.7e-05   7.687e-05   0.0001639   3.905e-08  HS65_LH_OAI22X6
datapath_module/alu_module/mul_44_34/FE_RC_1058_0  4.367e-05   0.0001201   0.0001638   3.991e-08  HS65_LH_IVX9
datapath_module/reg_file_module/g6510  0.0001364   2.726e-05   0.0001637   8.849e-08  HS65_LH_MUX21I1X6
datapath_module/alu_module/mul_44_34/FE_OCPC635_n_165  8.686e-05   7.623e-05   0.0001632   6.295e-08  HS65_LH_BFX9
datapath_module/alu_module/mul_44_34/FE_RC_952_0  3.693e-05   0.0001257   0.0001627   3.901e-08  HS65_LH_IVX9
datapath_module/alu_module/mul_44_34/FE_RC_1047_0  8.923e-05   7.336e-05   0.0001627   9.045e-08  HS65_LH_NAND2AX14
datapath_module/alu_module/mul_44_34/FE_RC_1060_0  7.029e-05   9.209e-05   0.0001625   7.942e-08  HS65_LH_IVX18
datapath_module/reg_file_module/g6845  0.0001281   3.386e-05   0.0001621   9.061e-08  HS65_LH_MUX21I1X6
datapath_module/alu_module/srl_43_34/FE_RC_1051_0  9.774e-05   6.395e-05   0.0001618   9.566e-08  HS65_LH_OAI12X12
datapath_module/reg_file_module/g6152  0.0001281   3.338e-05   0.0001616   8.728e-08  HS65_LH_MUX21I1X6
datapath_module/alu_module/FE_OFC144_write_data_2  6.074e-05   0.0001003    0.000161   2.113e-08  HS65_LH_IVX2
datapath_module/alu_module/srl_43_34/FE_RC_1461_0  9.668e-05   6.428e-05    0.000161   7.632e-08  HS65_LH_NOR2AX13
datapath_module/reg_file_module/g6169  0.0001288   3.214e-05    0.000161   9.039e-08  HS65_LH_MUX21I1X6
datapath_module/reg_file_module/g6921  0.0001317   2.916e-05   0.0001609   8.909e-08  HS65_LH_MUX21I1X6
datapath_module/reg_file_module/g6569  0.0001298   3.074e-05   0.0001606   8.909e-08  HS65_LH_MUX21I1X6
datapath_module/reg_file_module/g6076  0.0001278   3.214e-05     0.00016   8.607e-08  HS65_LH_MUX21I1X6
datapath_module/alu_module/sll_42_34/g19749  0.0001172   4.263e-05   0.0001599   8.486e-08  HS65_LH_MUX21I1X6
datapath_module/alu_module/g7470  9.639e-05   6.326e-05   0.0001597   2.735e-08  HS65_LH_NAND2X7
datapath_module/reg_file_module/g6889  0.0001172    4.23e-05   0.0001596   8.828e-08  HS65_LH_MUX21I1X6
datapath_module/alu_module/FE_RC_1208_0  7.595e-05   8.351e-05   0.0001595   4.796e-08  HS65_LH_NAND2AX7
datapath_module/alu_module/mul_44_34/g37897  9.526e-05   6.374e-05   0.0001591   8.001e-08  HS65_LH_AOI12X6
datapath_module/alu_module/mul_44_34/FE_RC_979_0  9.475e-05   6.407e-05   0.0001589   6.825e-08  HS65_LH_IVX13
datapath_module/alu_module/mul_44_34/FE_OCPC805_n_1867  6.976e-05   8.896e-05   0.0001588   6.298e-08  HS65_LH_BFX9
datapath_module/reg_file_module/g6397  0.0001201   3.854e-05   0.0001587   9.077e-08  HS65_LH_MUX21I1X6
datapath_module/alu_module/add_34_34/g7546  5.176e-05   0.0001067   0.0001586   7.475e-08  HS65_LH_NAND2X7
datapath_module/alu_module/mul_44_34/g36305  5.063e-05   0.0001075   0.0001583   7.793e-08  HS65_LH_NAND2X7
datapath_module/reg_file_module/g6130  0.0001281   2.992e-05   0.0001581   8.715e-08  HS65_LH_MUX21I1X6
datapath_module/reg_file_module/g6422   0.000126   3.192e-05    0.000158   8.901e-08  HS65_LH_MUX21I1X6
datapath_module/reg_file_module/g6113  0.0001259   3.192e-05   0.0001579   8.503e-08  HS65_LH_MUX21I1X6
datapath_module/alu_module/mul_44_34/g37628   8.19e-05   7.581e-05   0.0001578   5.009e-08  HS65_LH_NOR2AX6
datapath_module/alu_module/FE_RC_1209_0  3.337e-05   0.0001239   0.0001573   4.009e-08  HS65_LH_IVX9
datapath_module/alu_module/sll_42_34/g19929  8.725e-05   6.967e-05    0.000157   5.233e-08  HS65_LH_NAND2AX7
datapath_module/reg_file_module/g6579  0.0001269       3e-05    0.000157   8.642e-08  HS65_LH_MUX21I1X6
datapath_module/alu_module/mul_44_34/FE_RC_1162_0   0.000102   5.489e-05    0.000157   5.063e-08  HS65_LH_PAOI2X6
datapath_module/reg_file_module/g7679  8.847e-05   6.811e-05   0.0001566   4.912e-08  HS65_LH_NAND2AX7
datapath_module/reg_file_module/g6086  0.0001295   2.604e-05   0.0001556   9.079e-08  HS65_LH_MUX21I1X6
datapath_module/alu_module/sll_42_34/g19797  9.696e-05     5.8e-05    0.000155   4.767e-08  HS65_LH_NAND2AX7
datapath_module/alu_module/mul_44_34/FE_RC_494_0    6.9e-05   8.575e-05   0.0001548   1.928e-08  HS65_LH_NAND2X7
datapath_module/reg_file_module/g6645  0.0001149   3.973e-05   0.0001548    8.64e-08  HS65_LH_MUX21I1X6
datapath_module/reg_file_module/g6506  0.0001206   3.405e-05   0.0001547   8.645e-08  HS65_LH_MUX21I1X6
datapath_module/alu_module/mul_44_34/FE_RC_700_0  0.0001015   5.315e-05   0.0001547   3.339e-08  HS65_LH_NAND2X14
datapath_module/reg_file_module/g6429   0.000131   2.352e-05   0.0001546   9.104e-08  HS65_LH_MUX21I1X6
datapath_module/alu_module/sll_42_34/g19744  0.0001077   4.671e-05   0.0001544   4.412e-08  HS65_LH_OAI22X6
datapath_module/alu_module/mul_44_34/FE_OCPC980_n_1764   0.000111   4.337e-05   0.0001544   6.149e-08  HS65_LH_BFX9
datapath_module/reg_file_module/g6788  0.0001204   3.387e-05   0.0001544   9.152e-08  HS65_LH_MUX21I1X6
datapath_module/alu_module/FE_RC_115_0  0.0001048   4.928e-05   0.0001541   3.263e-08  HS65_LH_AOI22X6
datapath_module/reg_file_module/FE_RC_490_0  7.141e-05   8.249e-05    0.000154   9.986e-08  HS65_LH_NAND2AX21
datapath_module/alu_module/g7656  8.876e-05   6.506e-05   0.0001539   8.077e-08  HS65_LH_AO12X9
datapath_module/alu_module/mul_44_34/g37753  6.594e-05   8.785e-05   0.0001538    5.69e-08  HS65_LH_OAI12X3
datapath_module/reg_file_module/g6520  0.0001157   3.747e-05   0.0001532   9.072e-08  HS65_LH_MUX21I1X6
datapath_module/alu_module/mul_44_34/FE_RC_270_0  4.521e-05    0.000108   0.0001532   3.912e-08  HS65_LH_IVX9
datapath_module/reg_file_module/g6133  0.0001221   3.074e-05   0.0001529   8.629e-08  HS65_LH_MUX21I1X6
datapath_module/reg_file_module/g6842  0.0001252   2.759e-05   0.0001529   8.805e-08  HS65_LH_MUX21I1X6
datapath_module/alu_module/g7459  7.215e-05   8.066e-05   0.0001529   7.394e-08  HS65_LH_NAND2X7
datapath_module/alu_module/mul_44_34/FE_OCPC613_n_703  9.431e-05   5.802e-05   0.0001524   6.158e-08  HS65_LH_BFX9
datapath_module/alu_module/srl_43_34/g5923  0.0001022   4.994e-05   0.0001522   5.344e-08  HS65_LH_AOI22X6
datapath_module/alu_module/mul_44_34/g36501  9.448e-05   5.696e-05   0.0001518   3.464e-07  HS65_LH_OAI12X37
datapath_module/alu_module/mul_44_34/FE_RC_1018_0  0.0001024   4.921e-05   0.0001517   1.021e-07  HS65_LH_NAND2X14
datapath_module/reg_file_module/g6428  0.0001245   2.704e-05   0.0001516   9.308e-08  HS65_LH_MUX21I1X6
datapath_module/reg_file_module/g6646  0.0001256   2.568e-05   0.0001514   9.104e-08  HS65_LH_MUX21I1X6
datapath_module/alu_module/sll_42_34/g19790  5.831e-05   9.288e-05   0.0001512    4.31e-08  HS65_LH_OAI12X3
datapath_module/reg_file_module/g6129  0.0001137   3.672e-05   0.0001506   8.603e-08  HS65_LH_MUX21I1X6
IFU_module/instr_mem/FE_PHC984_FE_OCPN476_n_9  9.395e-05   5.589e-05   0.0001499   6.223e-08  HS65_LH_BFX9
datapath_module/alu_module/mul_44_34/g36314  8.851e-05   6.125e-05   0.0001499   1.266e-07  HS65_LH_NOR2AX25
datapath_module/reg_file_module/g6920  0.0001175   3.211e-05   0.0001497   8.912e-08  HS65_LH_MUX21I1X6
datapath_module/alu_module/mul_44_34/g38586  9.515e-05   5.443e-05   0.0001497   1.006e-07  HS65_LH_MUX21I1X6
datapath_module/alu_module/mul_44_34/FE_RC_481_0  6.642e-05   8.295e-05   0.0001494   6.729e-08  HS65_LH_NOR2X6
datapath_module/reg_file_module/g6783  0.0001199   2.896e-05    0.000149   9.105e-08  HS65_LH_MUX21I1X6
datapath_module/reg_file_module/g6068  0.0001208   2.791e-05   0.0001487   8.624e-08  HS65_LH_MUX21I1X6
datapath_module/alu_module/mul_44_34/FE_RC_1455_0  9.829e-05   4.983e-05   0.0001482   3.729e-08  HS65_LH_NAND2X14
datapath_module/alu_module/mul_44_34/FE_RC_661_0  5.832e-05   8.903e-05   0.0001475    1.28e-07  HS65_LH_OAI12X12
IFU_module/instr_mem/g735      4.122e-05    0.000106   0.0001472   3.218e-08  HS65_LH_NOR2X6
datapath_module/alu_module/mul_44_34/FE_RC_891_0    5.9e-05   8.793e-05    0.000147   3.903e-08  HS65_LH_IVX9
datapath_module/alu_module/sll_42_34/g19879  7.254e-05   7.433e-05   0.0001469   3.989e-08  HS65_LH_IVX9
datapath_module/reg_file_module/g6926  0.0001197     2.7e-05   0.0001468    9.24e-08  HS65_LH_MUX21I1X6
datapath_module/alu_module/mul_44_34/FE_RC_1313_0  5.861e-05   8.801e-05   0.0001467   7.901e-08  HS65_LH_IVX18
datapath_module/alu_module/sll_42_34/g19732  0.0001021   4.427e-05   0.0001464   7.476e-08  HS65_LH_AO22X9
datapath_module/alu_module/drc_bufs7647  4.255e-05   0.0001036   0.0001462   4.005e-08  HS65_LH_IVX9
datapath_module/reg_file_module/FE_RC_28_0  3.628e-05   0.0001096    0.000146   1.206e-07  HS65_LH_IVX27
datapath_module/alu_module/mul_44_34/FE_RC_1103_0  4.483e-05   0.0001011    0.000146   3.912e-08  HS65_LH_IVX9
datapath_module/alu_module/mul_44_34/FE_RC_994_0   4.43e-05   0.0001014   0.0001458    4.01e-08  HS65_LH_IVX9
datapath_module/alu_module/mul_44_34/FE_RC_813_0  8.076e-05   6.483e-05   0.0001457   1.597e-07  HS65_LH_NAND2AX29
datapath_module/alu_module/mul_44_34/FE_RC_446_0  6.662e-05    7.89e-05   0.0001456   6.729e-08  HS65_LH_NOR2X6
datapath_module/reg_file_module/g6892    0.00012   2.535e-05   0.0001455   9.103e-08  HS65_LH_MUX21I1X6
datapath_module/alu_module/sll_42_34/g19798  7.649e-05   6.873e-05   0.0001452   2.658e-08  HS65_LH_NOR2X6
datapath_module/reg_file_module/FE_OCPC802_FE_OFN41_n_9  9.482e-05   5.026e-05   0.0001451   6.223e-08  HS65_LH_BFX9
datapath_module/reg_file_module/g6529  0.0001133   3.177e-05   0.0001451   8.608e-08  HS65_LH_MUX21I1X6
datapath_module/alu_module/add_34_34/FE_OCPC290_read_data2_1  5.475e-05   9.029e-05   0.0001451    3.35e-08  HS65_LH_IVX7
IFU_module/instr_mem/g738      6.997e-05   7.483e-05   0.0001448   4.203e-08  HS65_LH_OAI21X3
datapath_module/alu_module/sll_42_34/g19847   9.88e-05    4.57e-05   0.0001445   4.837e-08  HS65_LH_AOI22X6
datapath_module/reg_file_module/g6568  0.0001162   2.764e-05   0.0001439   8.912e-08  HS65_LH_MUX21I1X6
datapath_module/alu_module/FE_RC_309_0  6.915e-05   7.472e-05   0.0001439   3.889e-08  HS65_LH_NOR2AX3
datapath_module/alu_module/srl_43_34/g5801  9.046e-05   5.328e-05   0.0001438   3.702e-08  HS65_LH_CBI4I1X5
datapath_module/alu_module/mul_44_34/g36699  7.093e-05   7.271e-05   0.0001437   3.914e-08  HS65_LH_AND2X4
datapath_module/alu_module/sll_42_34/FE_RC_1085_0  6.333e-05   8.025e-05   0.0001436   2.289e-08  HS65_LH_NAND2X7
datapath_module/alu_module/mul_44_34/FE_OCPC763_n_126   0.000105   3.822e-05   0.0001433   6.292e-08  HS65_LH_BFX9
control_module/g610            3.842e-05   0.0001046    0.000143   3.984e-08  HS65_LH_IVX9
datapath_module/alu_module/sub_35_34/g27248  5.185e-05   9.098e-05   0.0001429   3.356e-08  HS65_LH_IVX7
datapath_module/alu_module/g7818  7.207e-05   7.016e-05   0.0001423   2.937e-08  HS65_LH_CBI4I1X5
IFU_module/instr_mem/FE_PHC987_n_12  7.956e-05   6.206e-05   0.0001417   6.184e-08  HS65_LH_BFX9
datapath_module/alu_module/mul_44_34/g37894  8.158e-05   5.983e-05   0.0001415   6.342e-08  HS65_LH_MUXI21X2
datapath_module/alu_module/mul_44_34/FE_RC_653_0    8.8e-05   5.341e-05   0.0001415   4.521e-08  HS65_LH_NAND2X14
IFU_module/FE_OCPC396_FE_OFN41_n_9  9.482e-05   4.634e-05   0.0001412   6.223e-08  HS65_LH_BFX9
datapath_module/reg_file_module/g6925  0.0001175    2.34e-05    0.000141   8.905e-08  HS65_LH_MUX21I1X6
datapath_module/alu_module/mul_44_34/FE_OCPC606_n_732  9.479e-05   4.613e-05    0.000141   6.158e-08  HS65_LH_BFX9
datapath_module/reg_file_module/g6496  0.0001134    2.74e-05   0.0001409   8.896e-08  HS65_LH_MUX21I1X6
datapath_module/alu_module/g7544  3.333e-05   0.0001071   0.0001404   4.009e-08  HS65_LH_IVX9
datapath_module/alu_module/FE_OFC99_write_data_18  3.846e-05   0.0001003   0.0001388    2.09e-08  HS65_LH_IVX2
datapath_module/alu_module/sll_42_34/FE_RC_260_0   4.82e-05    9.05e-05   0.0001387   4.048e-08  HS65_LH_OAI12X3
datapath_module/alu_module/mul_44_34/g36796  5.564e-05   8.292e-05   0.0001386   7.684e-08  HS65_LH_NAND2X7
datapath_module/alu_module/sll_42_34/g19845  5.504e-05   8.356e-05   0.0001386   3.996e-08  HS65_LH_IVX9
datapath_module/reg_file_module/g6137  0.0001111   2.713e-05   0.0001383   9.001e-08  HS65_LH_MUX21I1X6
datapath_module/reg_file_module/g6501   0.000117   2.127e-05   0.0001383   8.674e-08  HS65_LH_MUX21I1X6
datapath_module/reg_file_module/g6841  0.0001125   2.573e-05   0.0001383   8.744e-08  HS65_LH_MUX21I1X6
datapath_module/alu_module/mul_44_34/FE_RC_1321_0   0.000124   1.416e-05   0.0001383   8.612e-08  HS65_LH_NOR2X25
datapath_module/alu_module/mul_44_34/g36290    4.6e-05   9.205e-05   0.0001382   1.508e-07  HS65_LH_IVX31
datapath_module/alu_module/mul_44_34/g37497  6.361e-05   7.445e-05   0.0001381   2.201e-08  HS65_LH_NAND2X7
datapath_module/alu_module/mul_44_34/FE_RC_1045_0  9.557e-05   4.235e-05   0.0001379   2.617e-08  HS65_LH_NAND2X14
datapath_module/reg_file_module/FE_RC_202_0  9.862e-05   3.926e-05   0.0001379   5.331e-08  HS65_LH_NAND2AX7
datapath_module/alu_module/g7309  3.937e-05   9.852e-05   0.0001379   2.196e-08  HS65_LH_IVX2
datapath_module/alu_module/mul_44_34/g37683  5.574e-05   8.201e-05   0.0001378   4.025e-08  HS65_LH_NOR2AX3
datapath_module/reg_file_module/g6075  0.0001071   3.023e-05   0.0001374   9.047e-08  HS65_LH_MUX21I1X6
datapath_module/alu_module/srl_43_34/g2  8.142e-05   5.489e-05   0.0001364    7.69e-08  HS65_LH_NOR2AX13
datapath_module/reg_file_module/g6843  0.0001157   2.048e-05   0.0001363   9.104e-08  HS65_LH_MUX21I1X6
datapath_module/reg_file_module/g6098  0.0001054   3.055e-05   0.0001361    8.41e-08  HS65_LH_MUX21I1X6
datapath_module/alu_module/mul_44_34/FE_OCPC588_n_173  5.703e-05   7.877e-05   0.0001359   6.148e-08  HS65_LH_BFX9
datapath_module/alu_module/mul_44_34/FE_RC_1052_0  4.492e-05   9.061e-05   0.0001356   7.745e-08  HS65_LH_NAND2X7
datapath_module/alu_module/mul_44_34/FE_RC_1292_0  8.439e-05   5.104e-05   0.0001355   4.934e-08  HS65_LH_OAI21X12
datapath_module/alu_module/mul_44_34/g37613  4.776e-05   8.749e-05   0.0001353   2.186e-08  HS65_LH_NAND2X7
datapath_module/alu_module/sll_42_34/g19736  9.322e-05   4.156e-05   0.0001348   5.387e-08  HS65_LH_OAI22X6
datapath_module/alu_module/mul_44_34/g37631  7.612e-05   5.861e-05   0.0001348   2.705e-08  HS65_LH_NAND2X7
datapath_module/reg_file_module/FE_RC_1223_0  3.138e-05   0.0001033   0.0001347   3.984e-08  HS65_LH_IVX9
datapath_module/alu_module/mul_44_34/FE_RC_1363_0  6.548e-05   6.903e-05   0.0001347   1.584e-07  HS65_LH_NAND2X14
datapath_module/alu_module/mul_44_34/g37534  7.549e-05   5.913e-05   0.0001346    3.91e-08  HS65_LH_IVX9
datapath_module/alu_module/sll_42_34/g19853  6.432e-05   6.993e-05   0.0001343   2.512e-08  HS65_LH_NAND2X7
datapath_module/alu_module/sll_42_34/FE_RC_53_0  3.205e-05   0.0001021   0.0001342   2.275e-08  HS65_LH_NOR2X6
datapath_module/reg_file_module/g6167  0.0001073   2.603e-05   0.0001335   8.522e-08  HS65_LH_MUX21I1X6
datapath_module/reg_file_module/g6159   0.000101   3.207e-05   0.0001332   8.491e-08  HS65_LH_MUX21I1X6
datapath_module/reg_file_module/g7674  8.793e-05   4.463e-05   0.0001326   4.912e-08  HS65_LH_NAND2AX7
datapath_module/reg_file_module/FE_RC_847_0  3.167e-05   0.0001005   0.0001322   6.826e-08  HS65_LH_IVX13
datapath_module/alu_module/mul_44_34/FE_PSC1051_n_1442   8.03e-05   5.146e-05   0.0001318   6.294e-08  HS65_LH_BFX9
datapath_module/reg_file_module/FE_RC_1155_0  9.497e-05   3.673e-05   0.0001318   5.216e-08  HS65_LH_NAND2AX7
datapath_module/alu_module/g7657  9.745e-05   3.366e-05   0.0001312   8.074e-08  HS65_LH_AO12X9
datapath_module/alu_module/mul_44_34/FE_OCPC860_n_177  6.564e-05   6.536e-05   0.0001311   6.298e-08  HS65_LH_BFX9
datapath_module/reg_file_module/g6161  0.0001063   2.469e-05    0.000131   8.506e-08  HS65_LH_MUX21I1X6
datapath_module/reg_file_module/g6560   9.89e-05   3.163e-05   0.0001306   8.969e-08  HS65_LH_MUX21I1X6
datapath_module/alu_module/mul_44_34/g37667  5.594e-05    7.45e-05   0.0001305   4.025e-08  HS65_LH_NOR2AX3
datapath_module/alu_module/add_34_34/FE_OFC115_read_data1_1  4.393e-05   8.644e-05   0.0001304    3.35e-08  HS65_LH_IVX7
datapath_module/alu_module/mul_44_34/FE_OCPC269_n_1723  8.848e-05   4.177e-05   0.0001303   6.149e-08  HS65_LH_BFX9
datapath_module/reg_file_module/FE_RC_1453_0  3.319e-05   9.686e-05   0.0001301   3.896e-08  HS65_LH_IVX9
datapath_module/alu_module/mul_44_34/FE_RC_256_0  4.399e-05   8.599e-05     0.00013   3.912e-08  HS65_LH_IVX9
datapath_module/reg_file_module/FE_RC_851_0   2.49e-05    0.000105     0.00013   3.951e-08  HS65_LH_IVX9
datapath_module/alu_module/sll_42_34/g19731  8.223e-05   4.679e-05   0.0001291   8.452e-08  HS65_LH_MUX21I1X6
datapath_module/alu_module/srl_43_34/g5792  5.702e-05   7.181e-05   0.0001289   7.535e-08  HS65_LH_NAND2X7
datapath_module/reg_file_module/g6111  0.0001049   2.304e-05   0.0001281   8.425e-08  HS65_LH_MUX21I1X6
datapath_module/alu_module/sll_42_34/g19730  9.114e-05   3.674e-05    0.000128   8.423e-08  HS65_LH_MUX21I1X6
datapath_module/reg_file_module/g6881  9.905e-05   2.882e-05    0.000128   9.098e-08  HS65_LH_MUX21I1X6
datapath_module/alu_module/mul_44_34/g37486  6.034e-05   6.728e-05   0.0001277    4.45e-08  HS65_LH_NAND2AX7
datapath_module/alu_module/g7538  7.508e-05    5.22e-05   0.0001273   3.352e-08  HS65_LH_AOI12X2
datapath_module/alu_module/mul_44_34/FE_RC_897_0  4.896e-05   7.821e-05   0.0001272   8.215e-08  HS65_LH_IVX18
datapath_module/alu_module/g7468  6.602e-05   6.114e-05   0.0001272   2.389e-08  HS65_LH_NAND2X7
datapath_module/reg_file_module/FE_DBTC2_n_2401  3.147e-05   9.534e-05   0.0001268   3.984e-08  HS65_LH_IVX9
datapath_module/alu_module/mul_44_34/g36300  3.523e-05    9.14e-05   0.0001267   3.348e-08  HS65_LH_IVX7
datapath_module/reg_file_module/g6863  9.887e-05   2.762e-05   0.0001266   9.101e-08  HS65_LH_MUX21I1X6
datapath_module/reg_file_module/g6386  9.876e-05   2.755e-05   0.0001264   9.045e-08  HS65_LH_MUX21I1X6
datapath_module/alu_module/mul_44_34/FE_RC_903_0  5.283e-05   7.332e-05   0.0001262   3.998e-08  HS65_LH_IVX9
datapath_module/alu_module/srl_43_34/g5794  6.344e-05   6.181e-05   0.0001253    7.49e-08  HS65_LH_NAND2X7
datapath_module/alu_module/sll_42_34/FE_RC_185_0  5.121e-05   7.392e-05   0.0001252   4.353e-08  HS65_LH_NAND2AX7
datapath_module/alu_module/g7333  3.504e-05   8.994e-05    0.000125   2.197e-08  HS65_LH_IVX2
datapath_module/reg_file_module/g6500  9.567e-05   2.919e-05   0.0001249   8.554e-08  HS65_LH_MUX21I1X6
datapath_module/reg_file_module/g7675  6.096e-05   6.378e-05   0.0001248   4.621e-08  HS65_LH_NAND2AX7
datapath_module/alu_module/sll_42_34/FE_RC_262_0  5.528e-05   6.936e-05   0.0001247     4.1e-08  HS65_LH_NAND2AX7
datapath_module/alu_module/FE_OCPC246_write_data_6  4.585e-05   7.877e-05   0.0001246   2.094e-08  HS65_LH_IVX2
datapath_module/alu_module/FE_OFC121_write_data_27  3.448e-05   8.981e-05   0.0001243    2.09e-08  HS65_LH_IVX2
datapath_module/reg_file_module/g7317  3.804e-05   8.549e-05   0.0001238   2.284e-07  HS65_LH_OR2ABX35
datapath_module/alu_module/sll_42_34/g19752  8.497e-05   3.832e-05   0.0001233   5.428e-08  HS65_LH_OAI22X6
IFU_module/g554                1.552e-05   0.0001077   0.0001233   3.951e-08  HS65_LH_IVX9
datapath_module/alu_module/sll_42_34/g19754  9.456e-05   2.859e-05   0.0001232   8.457e-08  HS65_LH_MUX21I1X6
datapath_module/alu_module/mul_44_34/g36336_dup  9.667e-05   2.634e-05   0.0001231   1.098e-07  HS65_LH_NOR2X50
datapath_module/alu_module/mul_44_34/FE_OCPC300_n_1503  7.413e-05   4.868e-05   0.0001229   6.298e-08  HS65_LH_BFX9
datapath_module/alu_module/sll_42_34/g19748  9.277e-05   3.005e-05   0.0001229   4.495e-08  HS65_LH_OAI22X6
datapath_module/alu_module/sll_42_34/FE_RC_234_0  8.926e-05   3.345e-05   0.0001227   4.015e-08  HS65_LH_NOR2X13
datapath_module/alu_module/FE_OFC132_write_data_19   4.62e-05   7.652e-05   0.0001227   2.095e-08  HS65_LH_IVX2
datapath_module/alu_module/mul_44_34/FE_RC_437_0  3.739e-05   8.514e-05   0.0001226   3.901e-08  HS65_LH_IVX9
datapath_module/alu_module/mul_44_34/FE_OCPC867_n_151  8.409e-05   3.839e-05   0.0001225   6.295e-08  HS65_LH_BFX9
datapath_module/alu_module/mul_44_34/FE_RC_895_0  3.602e-05   8.636e-05   0.0001224   4.011e-08  HS65_LH_IVX9
datapath_module/alu_module/mul_44_34/FE_RC_530_0  5.514e-05   6.711e-05   0.0001223   3.998e-08  HS65_LH_IVX9
datapath_module/alu_module/mul_44_34/g36787  4.114e-05   8.074e-05   0.0001219   4.009e-08  HS65_LH_IVX9
datapath_module/alu_module/mul_44_34/g36336  9.667e-05   2.485e-05   0.0001216   1.098e-07  HS65_LH_NOR2X50
datapath_module/reg_file_module/g6509   9.42e-05   2.688e-05   0.0001212   9.035e-08  HS65_LH_MUX21I1X6
datapath_module/alu_module/mul_44_34/g36455  6.142e-05   5.957e-05   0.0001211   1.175e-07  HS65_LH_PAOI2X17
datapath_module/alu_module/srl_43_34/g5793  6.343e-05   5.717e-05   0.0001207    7.51e-08  HS65_LH_NAND2X7
datapath_module/alu_module/add_34_34/g7744  8.367e-05   3.688e-05   0.0001207   1.021e-07  HS65_LH_OR3X18
datapath_module/alu_module/srl_43_34/FE_OFC172_read_data1_3  3.549e-05   8.509e-05   0.0001206   3.349e-08  HS65_LH_IVX7
datapath_module/reg_file_module/g6066  9.653e-05   2.387e-05   0.0001205   8.485e-08  HS65_LH_MUX21I1X6
datapath_module/reg_file_module/g6141  9.817e-05   2.213e-05   0.0001204   8.493e-08  HS65_LH_MUX21I1X6
datapath_module/reg_file_module/g6912  9.874e-05    2.14e-05   0.0001202   9.046e-08  HS65_LH_MUX21I1X6
datapath_module/alu_module/mul_44_34/g36546  8.184e-05   3.802e-05   0.0001201   2.373e-07  HS65_LH_PAOI2X33
datapath_module/reg_file_module/g6187   9.05e-05    2.94e-05     0.00012   8.458e-08  HS65_LH_MUX21I1X6
datapath_module/alu_module/srl_43_34/FE_OCPC959_n_71  7.786e-05   4.202e-05   0.0001199   6.294e-08  HS65_LH_BFX9
datapath_module/reg_file_module/g7384  3.363e-05   8.626e-05   0.0001199   3.897e-08  HS65_LH_IVX9
datapath_module/alu_module/mul_44_34/FE_RC_493_0  7.214e-05   4.769e-05   0.0001199   4.609e-08  HS65_LH_NAND2X14
IFU_module/instr_mem/g742      4.817e-05   7.143e-05   0.0001196   3.908e-08  HS65_LH_NOR2X6
datapath_module/reg_file_module/g6184  9.492e-05   2.451e-05   0.0001195   8.904e-08  HS65_LH_MUX21I1X6
datapath_module/reg_file_module/g43282  6.108e-05   5.823e-05   0.0001194   6.346e-08  HS65_LH_OAI22X6
datapath_module/alu_module/g7296  5.513e-05   6.369e-05   0.0001189   4.387e-08  HS65_LH_NAND4ABX3
datapath_module/alu_module/sll_42_34/g19761  5.994e-05   5.845e-05   0.0001184   4.329e-08  HS65_LH_OAI22X6
datapath_module/reg_file_module/g6146  9.374e-05   2.454e-05   0.0001184   8.462e-08  HS65_LH_MUX21I1X6
datapath_module/reg_file_module/g43263  6.925e-05   4.903e-05   0.0001184    8.13e-08  HS65_LH_NOR2AX13
datapath_module/alu_module/FE_OFC134_write_data_16  3.737e-05   8.093e-05   0.0001183    2.09e-08  HS65_LH_IVX2
datapath_module/alu_module/FE_RC_1078_0  4.396e-05   7.406e-05    0.000118   2.115e-08  HS65_LH_IVX2
datapath_module/alu_module/add_34_34/g7718  3.699e-05    8.04e-05   0.0001174   2.067e-08  HS65_LH_NAND2X7
datapath_module/alu_module/mul_44_34/g37567  8.219e-05   3.488e-05   0.0001171   3.681e-08  HS65_LH_CBI4I6X2
datapath_module/alu_module/sll_42_34/g19728  0.0001032   1.361e-05   0.0001169   1.169e-07  HS65_LH_MUX21X9
datapath_module/reg_file_module/g43247  6.059e-05   5.627e-05   0.0001169   4.302e-08  HS65_LH_NOR2X9
datapath_module/alu_module/mul_44_34/FE_RC_887_0  3.062e-05   8.595e-05   0.0001166   4.014e-08  HS65_LH_IVX9
datapath_module/reg_file_module/g6832  9.436e-05   2.169e-05   0.0001161     9.1e-08  HS65_LH_MUX21I1X6
datapath_module/alu_module/mul_44_34/FE_OCPC285_n_167  7.926e-05   3.679e-05   0.0001161   6.297e-08  HS65_LH_BFX9
IFU_module/instr_mem/FE_OCPC283_n_14  8.046e-05   3.522e-05   0.0001157   6.263e-08  HS65_LH_BFX9
datapath_module/alu_module/mul_44_34/FE_RC_558_0   4.05e-05   7.506e-05   0.0001157    1.57e-07  HS65_LH_IVX31
datapath_module/reg_file_module/g6848  9.439e-05   2.089e-05   0.0001154   9.151e-08  HS65_LH_MUX21I1X6
datapath_module/alu_module/sll_42_34/FE_RC_1074_0  4.584e-05   6.948e-05   0.0001154   4.051e-08  HS65_LH_AND2X4
datapath_module/reg_file_module/g6128  9.045e-05   2.469e-05   0.0001152   8.453e-08  HS65_LH_MUX21I1X6
datapath_module/alu_module/mul_44_34/FE_OCPC573_n_166   5.85e-05   5.637e-05   0.0001149   6.298e-08  HS65_LH_BFX9
datapath_module/alu_module/mul_44_34/FE_RC_996_0  4.423e-05   7.044e-05   0.0001147    4.01e-08  HS65_LH_IVX9
datapath_module/alu_module/mul_44_34/FE_OCPC878_n_135  6.946e-05   4.505e-05   0.0001146   6.298e-08  HS65_LH_BFX9
datapath_module/alu_module/mul_44_34/FE_OCPC562_n_852  7.606e-05   3.824e-05   0.0001144   6.153e-08  HS65_LH_BFX9
datapath_module/alu_module/mul_44_34/g37786  5.857e-05   5.566e-05   0.0001143   3.355e-08  HS65_LH_IVX7
datapath_module/alu_module/mul_44_34/FE_RC_500_0  8.058e-05   3.346e-05   0.0001141    7.32e-08  HS65_LH_NOR2AX13
datapath_module/alu_module/FE_OFC128_write_data_29  3.733e-05   7.602e-05   0.0001134    2.09e-08  HS65_LH_IVX2
datapath_module/alu_module/mul_44_34/g37477  6.006e-05   5.278e-05   0.0001129    3.93e-08  HS65_LH_AND2X4
datapath_module/reg_file_module/g7671  6.074e-05   5.166e-05   0.0001124   4.621e-08  HS65_LH_NAND2AX7
datapath_module/alu_module/mul_44_34/FE_RC_828_0  4.497e-05   6.738e-05   0.0001124   7.889e-08  HS65_LH_IVX18
datapath_module/alu_module/FE_OCPC243_write_data_15  3.395e-05   7.828e-05   0.0001123   2.089e-08  HS65_LH_IVX2
datapath_module/alu_module/FE_OCPC221_write_data_26  3.364e-05   7.807e-05   0.0001117    2.09e-08  HS65_LH_IVX2
datapath_module/reg_file_module/g6840  9.058e-05     2.1e-05   0.0001117   8.666e-08  HS65_LH_MUX21I1X6
datapath_module/alu_module/mul_44_34/FE_OCPC638_n_168   5.85e-05   5.272e-05   0.0001113   6.148e-08  HS65_LH_BFX9
datapath_module/reg_file_module/g42744  6.283e-05    4.82e-05   0.0001111   4.146e-08  HS65_LH_NAND2X11
datapath_module/reg_file_module/g7271  3.705e-05   7.375e-05    0.000111   2.284e-07  HS65_LH_OR2ABX35
datapath_module/alu_module/sll_42_34/g19751  7.336e-05   3.758e-05    0.000111   5.346e-08  HS65_LH_OAI22X6
datapath_module/alu_module/mul_44_34/FE_RC_1124_0  4.465e-05    6.61e-05   0.0001108   3.912e-08  HS65_LH_IVX9
datapath_module/alu_module/srl_43_34/g5805  5.778e-05   5.283e-05   0.0001106   2.892e-08  HS65_LH_NAND2X7
datapath_module/alu_module/mul_44_34/g36687  7.986e-05   3.018e-05   0.0001102   1.328e-07  HS65_LH_PAO2X18
IFU_module/instr_mem/FE_OCPC974_n_14      8e-05    2.98e-05   0.0001099   6.263e-08  HS65_LH_BFX9
datapath_module/alu_module/mul_44_34/FE_OFC173_read_data1_3  3.546e-05   7.426e-05   0.0001098   3.349e-08  HS65_LH_IVX7
datapath_module/alu_module/g7336  3.457e-05   7.514e-05   0.0001097   2.196e-08  HS65_LH_IVX2
IFU_module/instr_mem/g736      5.271e-05   5.687e-05   0.0001096   4.454e-08  HS65_LH_AND2X4
datapath_module/alu_module/mul_44_34/FE_OCPC842_n_1693  7.863e-05   3.026e-05    0.000109   6.149e-08  HS65_LH_BFX9
datapath_module/alu_module/mul_44_34/FE_OCPC603_n_865  7.608e-05   3.279e-05   0.0001089   6.153e-08  HS65_LH_BFX9
datapath_module/alu_module/sub_35_34/FE_OFC293_FE_OCPN256_read_data2_4  4.904e-05   5.961e-05   0.0001087   3.351e-08  HS65_LH_IVX7
datapath_module/alu_module/srl_43_34/g5806  5.541e-05   5.322e-05   0.0001087   2.774e-08  HS65_LH_NAND2X7
datapath_module/reg_file_module/FE_RC_13_0  4.088e-05   6.756e-05   0.0001085   8.047e-08  HS65_LH_IVX18
datapath_module/alu_module/mul_44_34/FE_PSC1067_n_865  7.566e-05   3.271e-05   0.0001084   6.153e-08  HS65_LH_BFX9
datapath_module/alu_module/FE_OFC123_write_data_25  3.774e-05   7.048e-05   0.0001082    2.09e-08  HS65_LH_IVX2
datapath_module/alu_module/mul_44_34/FE_RC_1213_0  3.734e-05   7.071e-05   0.0001081   4.006e-08  HS65_LH_IVX9
datapath_module/alu_module/FE_OFC70_write_data_17  3.783e-05   7.005e-05   0.0001079    2.09e-08  HS65_LH_IVX2
datapath_module/alu_module/mul_44_34/g37571  5.169e-05   5.611e-05   0.0001078   2.397e-08  HS65_LH_NOR2X3
datapath_module/alu_module/mul_44_34/FE_RC_863_0  2.659e-05   8.098e-05   0.0001077   1.276e-07  HS65_LH_IVX27
datapath_module/alu_module/mul_44_34/FE_OCPC966_n_1723  8.732e-05   1.987e-05   0.0001073   6.149e-08  HS65_LH_BFX9
datapath_module/alu_module/FE_OFC126_write_data_31  3.371e-05   7.338e-05   0.0001071   2.089e-08  HS65_LH_IVX2
datapath_module/reg_file_module/FE_RC_246_0  7.134e-05   3.541e-05   0.0001068    5.11e-08  HS65_LH_NAND2AX7
datapath_module/alu_module/mul_44_34/FE_RC_1105_0  4.394e-05   6.256e-05   0.0001065   3.912e-08  HS65_LH_IVX9
datapath_module/alu_module/mul_44_34/FE_OCPC843_n_1451  7.321e-05   3.312e-05   0.0001064   6.296e-08  HS65_LH_BFX9
datapath_module/alu_module/srl_43_34/g5799  7.295e-05   3.338e-05   0.0001064   3.664e-08  HS65_LH_CBI4I1X5
datapath_module/reg_file_module/FE_PHC998_n_1062  9.101e-06    9.71e-05   0.0001063   6.301e-08  HS65_LH_BFX9
datapath_module/reg_file_module/g7433  6.633e-05   3.937e-05   0.0001057   3.108e-08  HS65_LH_NOR2X6
datapath_module/alu_module/mul_44_34/g36315  6.326e-05   4.224e-05   0.0001056   5.876e-08  HS65_LH_AOI21X6
datapath_module/alu_module/sll_42_34/FE_OFC159_n_139  3.116e-05    7.41e-05   0.0001053   3.348e-08  HS65_LH_IVX7
datapath_module/alu_module/mul_44_34/FE_RC_1043_0  4.311e-05   6.182e-05    0.000105    7.88e-08  HS65_LH_IVX18
datapath_module/alu_module/mul_44_34/g37115  2.545e-05   7.893e-05   0.0001044   2.287e-08  HS65_LH_PAOI2X1
datapath_module/alu_module/mul_44_34/FE_RC_255_0  4.469e-05   5.965e-05   0.0001044   3.912e-08  HS65_LH_IVX9
datapath_module/alu_module/g7428  6.191e-05   4.221e-05   0.0001041   2.798e-08  HS65_LH_AOI22X6
datapath_module/alu_module/sll_42_34/g19747  3.053e-05   7.337e-05   0.0001039   4.353e-08  HS65_LH_OAI21X3
datapath_module/reg_file_module/FE_PHC1007_n_630  7.797e-05   2.566e-05   0.0001037   6.259e-08  HS65_LH_BFX9
datapath_module/reg_file_module/FE_OCPC629_FE_DBTN33_instruction_code_21  6.568e-05   3.758e-05   0.0001033   6.223e-08  HS65_LH_BFX9
datapath_module/alu_module/mul_44_34/g36442   3.09e-05    7.17e-05   0.0001026   4.011e-08  HS65_LH_IVX9
datapath_module/alu_module/sub_35_34/FE_OFC304_n_0  3.596e-05   6.663e-05   0.0001026   3.349e-08  HS65_LH_IVX7
datapath_module/reg_file_module/g6138  8.182e-05   2.026e-05   0.0001022   8.442e-08  HS65_LH_MUX21I1X6
control_module/g607            2.966e-05   7.241e-05   0.0001021   1.849e-08  HS65_LH_NOR3X1
datapath_module/alu_module/sll_42_34/FE_RC_183_0  5.524e-05   4.667e-05    0.000102   3.467e-08  HS65_LH_AOI22X6
datapath_module/alu_module/mul_44_34/FE_OCPC965_n_1693  7.797e-05   2.378e-05   0.0001018   6.149e-08  HS65_LH_BFX9
datapath_module/reg_file_module/FE_RC_943_0  5.666e-05   4.504e-05   0.0001018   8.047e-08  HS65_LH_IVX18
FE_PHC1071_scan_en              5.75e-05   4.408e-05   0.0001017   9.958e-08  HS65_LH_BFX13
datapath_module/reg_file_module/FE_RC_1144_0  7.127e-05   2.952e-05   0.0001008    5.11e-08  HS65_LH_NAND2AX7
datapath_module/alu_module/mul_44_34/FE_RC_1053_0  6.952e-05    3.03e-05   9.989e-05    7.72e-08  HS65_LH_NAND2AX14
datapath_module/alu_module/FE_OFC130_write_data_28  3.939e-05   6.003e-05   9.944e-05    2.09e-08  HS65_LH_IVX2
datapath_module/reg_file_module/FE_PHC1011_n_630  7.708e-05   2.206e-05    9.92e-05   6.259e-08  HS65_LH_BFX9
datapath_module/alu_module/srl_43_34/FE_RC_1397_0  5.906e-05   4.004e-05   9.911e-05    1.74e-08  HS65_LH_NAND3X5
datapath_module/alu_module/mul_44_34/FE_RC_405_0  4.559e-05   5.318e-05   9.882e-05   3.991e-08  HS65_LH_IVX9
datapath_module/alu_module/mul_44_34/FE_RC_1427_0  4.471e-05    5.34e-05   9.815e-05   3.973e-08  HS65_LH_IVX9
datapath_module/alu_module/mul_44_34/FE_OCPC866_n_1880  5.987e-05   3.814e-05   9.807e-05   6.298e-08  HS65_LH_BFX9
datapath_module/alu_module/sll_42_34/g19745  7.344e-05   2.456e-05   9.804e-05   4.362e-08  HS65_LH_OAI22X6
datapath_module/alu_module/FE_OFC72_write_data_24  3.864e-05   5.904e-05    9.77e-05    2.09e-08  HS65_LH_IVX2
datapath_module/alu_module/mul_44_34/FE_RC_1082_0  6.848e-05   2.892e-05    9.75e-05   9.606e-08  HS65_LH_NOR2X38
datapath_module/alu_module/mul_44_34/g37682  5.597e-05   4.146e-05   9.746e-05   4.025e-08  HS65_LH_NOR2AX3
datapath_module/alu_module/mul_44_34/g36292  3.157e-05   6.566e-05   9.727e-05   4.013e-08  HS65_LH_IVX9
datapath_module/reg_file_module/g6528  7.687e-05   2.001e-05   9.696e-05   8.431e-08  HS65_LH_MUX21I1X6
datapath_module/reg_file_module/FE_RC_1129_0  6.412e-05   3.183e-05     9.6e-05   5.185e-08  HS65_LH_NAND2AX7
datapath_module/alu_module/sll_42_34/g2  6.292e-05   3.284e-05   9.581e-05   4.373e-08  HS65_LH_NAND2AX7
datapath_module/alu_module/mul_44_34/FE_OCPC631_n_43  3.643e-05   5.879e-05   9.528e-05   6.147e-08  HS65_LH_BFX9
datapath_module/alu_module/FE_OFC101_write_data_30  3.769e-05   5.721e-05   9.492e-05    2.09e-08  HS65_LH_IVX2
datapath_module/reg_file_module/FE_RC_250_0  2.592e-05   6.863e-05   9.458e-05   3.951e-08  HS65_LH_IVX9
datapath_module/reg_file_module/g7076   3.35e-05   6.087e-05   9.441e-05   3.897e-08  HS65_LH_IVX9
datapath_module/alu_module/srl_43_34/FE_RC_709_0  5.288e-05    4.13e-05   9.419e-05   1.706e-08  HS65_LH_NAND3X5
datapath_module/alu_module/FE_OFC153_write_data_13  3.543e-05   5.845e-05    9.39e-05   2.089e-08  HS65_LH_IVX2
datapath_module/reg_file_module/FE_RC_626_0  4.093e-05   5.267e-05   9.365e-05   4.597e-08  HS65_LH_NAND2AX7
datapath_module/alu_module/mul_44_34/FE_RC_1286_0  6.346e-05   3.004e-05   9.352e-05   2.324e-08  HS65_LH_NAND2X14
datapath_module/alu_module/mul_44_34/FE_PSC1054_n_1900  6.558e-05   2.702e-05   9.266e-05   6.149e-08  HS65_LH_BFX9
datapath_module/alu_module/sll_42_34/FE_RC_1076_0  4.387e-05   4.845e-05   9.239e-05   6.097e-08  HS65_LH_OAI12X6
datapath_module/alu_module/sll_42_34/g19857  4.694e-05    4.53e-05   9.226e-05   2.045e-08  HS65_LH_NAND2X7
IFU_module/instr_mem/FE_PHC985_FE_OCPN117_n_8  5.457e-05   3.736e-05   9.198e-05   5.463e-08  HS65_LH_BFX7
datapath_module/alu_module/g7429   6.45e-05   2.741e-05   9.193e-05   2.824e-08  HS65_LH_AOI22X6
datapath_module/reg_file_module/FE_OFC79_n_1072  3.437e-05   5.746e-05   9.188e-05   3.896e-08  HS65_LH_IVX9
datapath_module/alu_module/sll_42_34/g19774  2.984e-05   6.186e-05   9.174e-05   3.628e-08  HS65_LH_AOI222X2
datapath_module/reg_file_module/FE_PHC997_n_1064  7.544e-06   8.398e-05   9.158e-05   5.381e-08  HS65_LH_BFX7
datapath_module/reg_file_module/FE_RC_1452_0  5.813e-05   3.222e-05   9.045e-05   1.048e-07  HS65_LH_NOR2AX25
datapath_module/alu_module/mul_44_34/FE_RC_1347_0  5.401e-05   3.594e-05       9e-05   3.914e-08  HS65_LH_NAND3X25
datapath_module/alu_module/sll_42_34/g19760  4.615e-05   4.338e-05   8.957e-05   4.307e-08  HS65_LH_OAI22X6
datapath_module/alu_module/mul_44_34/FE_OCPC711_n_1783  6.143e-05   2.718e-05   8.868e-05   6.299e-08  HS65_LH_BFX9
datapath_module/alu_module/mul_44_34/g37498  5.055e-05   3.796e-05   8.853e-05   1.853e-08  HS65_LH_NAND2X5
datapath_module/reg_file_module/FE_OFC308_n_2506  1.746e-05     7.1e-05   8.853e-05   6.825e-08  HS65_LH_IVX13
datapath_module/reg_file_module/g43224  3.892e-05   4.928e-05   8.822e-05   2.408e-08  HS65_LH_NOR2X6
datapath_module/reg_file_module/FE_RC_1323_0  7.825e-05   9.902e-06   8.819e-05   4.577e-08  HS65_LH_NOR2X19
datapath_module/alu_module/mul_44_34/FE_PSC1052_n_159  6.101e-05   2.667e-05   8.775e-05   6.298e-08  HS65_LH_BFX9
datapath_module/alu_module/mul_44_34/FE_RC_420_0  4.198e-05   4.541e-05   8.753e-05   1.483e-07  HS65_LH_NAND2AX21
datapath_module/alu_module/srl_43_34/FE_RC_1377_0  4.605e-05   4.065e-05   8.671e-05   1.617e-08  HS65_LH_NAND3X5
datapath_module/alu_module/mul_44_34/FE_RC_1339_0  3.964e-05   4.659e-05   8.632e-05   9.453e-08  HS65_LH_NOR2AX6
datapath_module/reg_file_module/FE_RC_267_0    6.3e-05   2.304e-05   8.609e-05   5.117e-08  HS65_LH_NAND2AX7
datapath_module/alu_module/mul_44_34/g36847  3.074e-05   5.513e-05    8.59e-05   2.799e-08  HS65_LH_IVX4
datapath_module/reg_file_module/FE_RC_850_0  3.612e-05   4.965e-05   8.582e-05   3.951e-08  HS65_LH_IVX9
datapath_module/reg_file_module/g43297  5.034e-05   3.516e-05   8.555e-05   4.772e-08  HS65_LH_NOR2AX3
datapath_module/alu_module/sll_42_34/FE_RC_187_0  3.254e-05   5.286e-05   8.543e-05   2.236e-08  HS65_LH_NAND2X7
datapath_module/alu_module/mul_44_34/g38420  2.541e-05   5.941e-05   8.487e-05   5.378e-08  HS65_LH_OR2X9
datapath_module/reg_file_module/FE_RC_170_0  3.128e-05   5.314e-05   8.451e-05   8.203e-08  HS65_LH_IVX18
datapath_module/reg_file_module/FE_PHC1006_FE_OFN32_n_1085  4.375e-05   4.002e-05   8.381e-05   4.832e-08  HS65_LH_BFX4
datapath_module/alu_module/sll_42_34/g19735  4.395e-05   3.831e-05   8.234e-05   8.398e-08  HS65_LH_MUX21I1X6
datapath_module/alu_module/mul_44_34/g36304  6.173e-05   2.029e-05   8.221e-05   1.871e-07  HS65_LH_AOI12X17
datapath_module/alu_module/mul_44_34/g36286  4.302e-05   3.758e-05   8.063e-05   2.299e-08  HS65_LH_NAND2X7
datapath_module/reg_file_module/g43222  2.514e-05   5.482e-05   7.998e-05   1.782e-08  HS65_LH_NOR3X4
datapath_module/reg_file_module/FE_RC_600_0  4.941e-05   3.042e-05   7.991e-05   8.135e-08  HS65_LH_IVX18
datapath_module/alu_module/sll_42_34/g19808   5.16e-05   2.813e-05   7.976e-05   2.161e-08  HS65_LH_NAND2X7
datapath_module/reg_file_module/FE_PHC1000_n_630  4.588e-05   3.294e-05   7.886e-05   4.372e-08  HS65_LH_BFX2
datapath_module/reg_file_module/FE_RC_154_0  2.491e-05   5.379e-05   7.874e-05   3.951e-08  HS65_LH_IVX9
datapath_module/alu_module/mul_44_34/FE_OCPC281_n_1794  3.528e-05   4.307e-05   7.839e-05   4.014e-08  HS65_LH_IVX9
datapath_module/reg_file_module/FE_RC_38_0  3.259e-05   4.547e-05   7.814e-05   8.203e-08  HS65_LH_IVX18
datapath_module/reg_file_module/g7341  3.028e-05   4.755e-05   7.786e-05   2.506e-08  HS65_LH_NAND2X7
datapath_module/alu_module/mul_44_34/g36338  1.619e-05   6.144e-05   7.766e-05   3.358e-08  HS65_LH_IVX7
IFU_module/FE_OCPC206_n_8      1.977e-05   5.768e-05   7.749e-05   3.353e-08  HS65_LH_IVX7
datapath_module/alu_module/sll_42_34/FE_RC_63_0  4.759e-05   2.962e-05   7.723e-05   2.107e-08  HS65_LH_NOR2X6
datapath_module/alu_module/mul_44_34/g38438  4.315e-05   3.394e-05   7.716e-05   6.137e-08  HS65_LH_NAND2AX14
datapath_module/alu_module/mul_44_34/FE_PSC1056_n_166  5.783e-05   1.861e-05    7.65e-05   6.298e-08  HS65_LH_BFX9
datapath_module/alu_module/mul_44_34/g36857  4.682e-05   2.954e-05    7.64e-05   3.893e-08  HS65_LH_IVX9
datapath_module/alu_module/mul_44_34/FE_OCPC799_n_1886  4.161e-05   3.442e-05   7.609e-05     6.3e-08  HS65_LH_BFX9
datapath_module/alu_module/sll_42_34/FE_OFC310_n_24  3.139e-05   4.383e-05   7.526e-05   3.349e-08  HS65_LH_IVX7
IFU_module/instr_mem/g739      1.517e-05   5.907e-05   7.426e-05    2.11e-08  HS65_LH_IVX2
datapath_module/alu_module/sll_42_34/FE_RC_1376_0  3.236e-05   4.126e-05   7.364e-05   1.881e-08  HS65_LH_NAND2X7
datapath_module/alu_module/srl_43_34/g5899  3.635e-05   3.718e-05   7.355e-05   1.998e-08  HS65_LH_NOR3X4
datapath_module/alu_module/mul_44_34/FE_RC_526_0  4.631e-05   2.717e-05   7.352e-05   4.575e-08  HS65_LH_NOR2X19
datapath_module/alu_module/sll_42_34/g19733   4.18e-05   3.145e-05   7.332e-05   7.418e-08  HS65_LH_AO22X9
datapath_module/alu_module/srl_43_34/FE_RC_1462_0  3.831e-05   3.268e-05   7.103e-05   3.898e-08  HS65_LH_IVX9
datapath_module/reg_file_module/FE_OFC66_n_5087  3.134e-05   3.935e-05   7.076e-05   8.203e-08  HS65_LH_IVX18
datapath_module/alu_module/sll_42_34/g19801  4.146e-05   2.899e-05   7.047e-05   2.033e-08  HS65_LH_NAND2X7
datapath_module/alu_module/mul_44_34/g36491  2.456e-05   4.542e-05   7.002e-05   3.888e-08  HS65_LH_IVX9
datapath_module/reg_file_module/FE_RC_1112_0  4.823e-05   2.113e-05   6.941e-05   5.121e-08  HS65_LH_NAND2AX7
datapath_module/alu_module/mul_44_34/FE_OCPC644_n_1272  3.882e-05   3.032e-05   6.921e-05   6.147e-08  HS65_LH_BFX9
datapath_module/alu_module/add_34_34/g7584  3.689e-05   3.092e-05   6.787e-05   6.914e-08  HS65_LH_NOR2X6
datapath_module/alu_module/mul_44_34/g37417  3.826e-05   2.958e-05   6.787e-05   3.357e-08  HS65_LH_IVX7
datapath_module/reg_file_module/g7435  4.636e-05   2.138e-05   6.777e-05   2.774e-08  HS65_LH_NOR2X6
datapath_module/alu_module/add_34_34/g7607   3.47e-05   3.277e-05   6.749e-05   2.412e-08  HS65_LH_NOR2X6
datapath_module/alu_module/mul_44_34/FE_OCPC747_n_1850  4.856e-05   1.777e-05    6.64e-05   6.299e-08  HS65_LH_BFX9
datapath_module/alu_module/sll_42_34/g19734  5.172e-05   1.454e-05   6.634e-05   7.422e-08  HS65_LH_AO22X9
datapath_module/alu_module/mul_44_34/FE_RC_603_0  3.008e-05   3.597e-05    6.61e-05    4.01e-08  HS65_LH_IVX9
datapath_module/alu_module/mul_44_34/FE_OCPC844_n_1747   5.11e-05    1.48e-05   6.597e-05   6.148e-08  HS65_LH_BFX9
datapath_module/reg_file_module/g7373  1.708e-05   4.883e-05   6.595e-05   3.891e-08  HS65_LH_IVX9
datapath_module/reg_file_module/FE_RC_128_0  4.776e-05   1.812e-05   6.592e-05   5.122e-08  HS65_LH_NAND2AX7
datapath_module/reg_file_module/g7112  2.589e-05   3.956e-05   6.548e-05   3.893e-08  HS65_LH_IVX9
IFU_module/instr_mem/g734      4.451e-05   2.082e-05   6.537e-05   4.494e-08  HS65_LH_NOR3AX2
datapath_module/alu_module/mul_44_34/FE_RC_525_0  4.178e-05   2.306e-05   6.505e-05   2.041e-07  HS65_LH_OR2X35
datapath_module/alu_module/sll_42_34/g19759  3.925e-05   2.447e-05   6.376e-05   4.244e-08  HS65_LH_OAI22X6
FE_PHC1070_DFT_sdi_1           2.614e-05   3.618e-05   6.236e-05   4.374e-08  HS65_LH_BFX2
datapath_module/reg_file_module/FE_RC_1400_0  3.735e-05   2.403e-05   6.141e-05   2.078e-08  HS65_LH_NOR2X6
datapath_module/reg_file_module/g7088  2.253e-05   3.836e-05   6.093e-05   3.893e-08  HS65_LH_IVX9
datapath_module/alu_module/mul_44_34/g36375  3.545e-05   2.536e-05   6.086e-05   4.013e-08  HS65_LH_IVX9
datapath_module/alu_module/sll_42_34/g19800  4.286e-05   1.762e-05    6.05e-05   2.094e-08  HS65_LH_NAND2X7
datapath_module/reg_file_module/FE_RC_1381_0  3.939e-05   2.037e-05   5.978e-05   2.072e-08  HS65_LH_NOR2X6
datapath_module/alu_module/mul_44_34/fopt38793  3.074e-05   2.849e-05   5.927e-05   4.013e-08  HS65_LH_IVX9
datapath_module/reg_file_module/FE_OFC188_n_1202   2.55e-05   3.364e-05   5.918e-05   3.894e-08  HS65_LH_IVX9
datapath_module/alu_module/add_34_34/g7554  3.898e-05   2.005e-05   5.906e-05   2.493e-08  HS65_LH_NAND2X11
datapath_module/alu_module/sll_42_34/g19854  3.586e-05   2.316e-05   5.905e-05   2.201e-08  HS65_LH_NAND2X7
datapath_module/reg_file_module/FE_RC_213_0  4.867e-05   9.853e-06   5.855e-05    2.65e-08  HS65_LH_NOR2X9
datapath_module/alu_module/mul_44_34/FE_OCPC538_n_1851  3.642e-05   2.203e-05   5.851e-05   6.147e-08  HS65_LH_BFX9
datapath_module/alu_module/mul_44_34/FE_RC_684_0  2.198e-05   3.641e-05   5.843e-05   4.014e-08  HS65_LH_IVX9
datapath_module/reg_file_module/FE_PHC1036_scan_en  4.205e-05   1.577e-05   5.788e-05   6.223e-08  HS65_LH_BFX9
datapath_module/reg_file_module/g7064  2.248e-05   3.484e-05   5.736e-05   3.893e-08  HS65_LH_IVX9
datapath_module/alu_module/sll_42_34/g19755  3.193e-05   2.529e-05   5.723e-05   2.092e-08  HS65_LH_NAND2X7
datapath_module/reg_file_module/FE_OFC48_n_1090  1.845e-05   3.848e-05   5.697e-05   3.357e-08  HS65_LH_IVX7
datapath_module/alu_module/mul_44_34/g36597  3.405e-05   2.274e-05   5.683e-05   3.891e-08  HS65_LH_IVX9
datapath_module/alu_module/mul_44_34/g36424  3.561e-05   2.113e-05   5.678e-05   3.658e-08  HS65_LH_NOR2AX3
datapath_module/alu_module/g7430  3.251e-05   2.402e-05   5.654e-05   1.417e-08  HS65_LH_NAND2X7
datapath_module/reg_file_module/FE_RC_627_0  3.021e-05   2.624e-05   5.649e-05   3.984e-08  HS65_LH_IVX9
datapath_module/alu_module/add_34_34/g7551  3.489e-05    2.08e-05   5.571e-05   1.647e-08  HS65_LH_NAND2X7
datapath_module/reg_file_module/FE_PHC1072_scan_en  4.212e-05   1.324e-05   5.541e-05   6.223e-08  HS65_LH_BFX9
datapath_module/reg_file_module/g7245  2.554e-05   2.978e-05   5.535e-05   3.894e-08  HS65_LH_IVX9
datapath_module/alu_module/sll_42_34/FE_RC_1084_0  3.218e-05   2.279e-05   5.499e-05   1.819e-08  HS65_LH_NOR2X6
datapath_module/alu_module/mul_44_34/g37389  2.173e-05   3.279e-05   5.454e-05   2.095e-08  HS65_LH_IVX2
datapath_module/alu_module/mul_44_34/g36366  4.318e-05   1.092e-05   5.424e-05   1.384e-07  HS65_LH_AND2X27
control_module/g605            2.378e-05   3.037e-05   5.419e-05   3.792e-08  HS65_LH_NOR3AX2
datapath_module/reg_file_module/FE_PHC1027_DFT_sdi_1  4.135e-05   1.266e-05   5.407e-05   6.223e-08  HS65_LH_BFX9
datapath_module/alu_module/sll_42_34/FE_RC_233_0  2.449e-05   2.912e-05   5.362e-05    1.54e-08  HS65_LH_NAND2X7
datapath_module/alu_module/mul_44_34/g36827  3.007e-05   2.337e-05   5.347e-05   2.799e-08  HS65_LH_IVX4
datapath_module/alu_module/mul_44_34/FE_RC_609_0  2.292e-05   3.033e-05    5.33e-05   4.014e-08  HS65_LH_IVX9
datapath_module/alu_module/sll_42_34/FE_OFC402_n_22  2.328e-05   2.984e-05   5.316e-05   3.357e-08  HS65_LH_IVX7
datapath_module/reg_file_module/FE_RC_1399_0  3.514e-05   1.768e-05   5.284e-05   1.968e-08  HS65_LH_NOR2X6
datapath_module/alu_module/mul_44_34/g37299  2.168e-05   3.071e-05    5.24e-05   2.095e-08  HS65_LH_IVX2
datapath_module/alu_module/mul_44_34/FE_RC_677_0_dup   1.44e-05   3.722e-05   5.166e-05   4.015e-08  HS65_LH_IVX9
datapath_module/alu_module/mul_44_34/FE_OCPC967_n_1886  4.081e-05   9.401e-06   5.028e-05     6.3e-08  HS65_LH_BFX9
FE_PHC1035_scan_en             4.204e-05   7.664e-06   4.976e-05   6.223e-08  HS65_LH_BFX9
datapath_module/alu_module/sll_42_34/g19746  3.436e-05   1.497e-05   4.938e-05   4.733e-08  HS65_LH_OAI22X6
datapath_module/alu_module/mul_44_34/FE_OCPC454_n_1377  3.422e-05   1.495e-05   4.923e-05     6.3e-08  HS65_LH_BFX9
datapath_module/alu_module/sll_42_34/g19729  2.656e-05   2.256e-05   4.918e-05   5.416e-08  HS65_LH_MUXI21X2
IFU_module/instr_mem/FE_OFC91_n_9   1.71e-05   3.044e-05   4.756e-05   2.143e-08  HS65_LH_IVX2
datapath_module/alu_module/mul_44_34/g36823  2.731e-05   1.984e-05   4.719e-05   3.358e-08  HS65_LH_IVX7
datapath_module/alu_module/mul_44_34/g36590  1.841e-05   2.859e-05   4.703e-05   3.358e-08  HS65_LH_IVX7
datapath_module/alu_module/mul_44_34/FE_RC_681_0  1.874e-05   2.826e-05   4.702e-05   2.208e-08  HS65_LH_NOR2X6
datapath_module/reg_file_module/FE_OFC64_n_1085  1.834e-05   2.838e-05   4.676e-05   3.357e-08  HS65_LH_IVX7
datapath_module/reg_file_module/FE_RC_1442_0  2.818e-05   1.798e-05   4.618e-05   2.063e-08  HS65_LH_NOR2X6
datapath_module/reg_file_module/FE_RC_1429_0  2.876e-05   1.645e-05   4.523e-05   2.021e-08  HS65_LH_NOR2X6
datapath_module/reg_file_module/FE_OFC21_n_1266  8.824e-06   3.603e-05   4.492e-05   6.301e-08  HS65_LH_BFX9
datapath_module/alu_module/add_34_34/g7717  1.721e-05   2.766e-05   4.491e-05   3.891e-08  HS65_LH_IVX9
datapath_module/alu_module/mul_44_34/FE_RC_677_0  1.439e-05   3.009e-05   4.452e-05   4.015e-08  HS65_LH_IVX9
datapath_module/reg_file_module/FE_RC_1161_0  2.711e-05    1.62e-05   4.332e-05   1.675e-08  HS65_LH_NOR2X6
datapath_module/alu_module/FE_RC_1398_0  1.828e-05   2.447e-05   4.279e-05   3.455e-08  HS65_LH_AND2X4
control_module/g611            2.087e-05   2.157e-05   4.248e-05   3.349e-08  HS65_LH_IVX7
datapath_module/reg_file_module/FE_PHC1015_DFT_sdi_1  2.538e-05   1.664e-05   4.206e-05   4.374e-08  HS65_LH_BFX2
datapath_module/reg_file_module/FE_RC_1031_0  5.119e-06   3.657e-05   4.173e-05   3.887e-08  HS65_LH_IVX9
datapath_module/reg_file_module/FE_PHC1008_scan_en  2.552e-05   1.551e-05   4.108e-05   4.374e-08  HS65_LH_BFX2
datapath_module/reg_file_module/FE_PHC1025_DFT_sdi_1  2.559e-05   1.511e-05   4.075e-05   4.374e-08  HS65_LH_BFX2
datapath_module/reg_file_module/FE_RC_1440_0  2.642e-05   1.428e-05   4.072e-05   1.905e-08  HS65_LH_NOR2X6
datapath_module/reg_file_module/g7429  1.737e-05    2.29e-05    4.03e-05   3.891e-08  HS65_LH_IVX9
datapath_module/reg_file_module/FE_PHC983_DFT_sdi_1  2.542e-05   1.465e-05   4.011e-05   4.374e-08  HS65_LH_BFX2
datapath_module/reg_file_module/FE_RC_1441_0  2.652e-05   1.323e-05   3.977e-05   1.991e-08  HS65_LH_NOR2X6
datapath_module/reg_file_module/FE_PHC1017_DFT_sdi_1  2.552e-05   1.412e-05   3.968e-05   4.374e-08  HS65_LH_BFX2
datapath_module/alu_module/mul_44_34/g38769_dup  2.993e-05   9.367e-06   3.935e-05   5.589e-08  HS65_LH_OR2X9
datapath_module/alu_module/mul_44_34/FE_OCPC415_n_1397  1.518e-05   2.363e-05   3.891e-05   9.912e-08  HS65_LH_BFX13
IFU_module/instr_mem/FE_OFC45_n_9  1.735e-05   2.104e-05   3.841e-05   2.143e-08  HS65_LH_IVX2
datapath_module/reg_file_module/FE_PHC1023_DFT_sdi_1  2.534e-05   1.251e-05    3.79e-05   4.374e-08  HS65_LH_BFX2
datapath_module/reg_file_module/FE_RC_402_0  6.858e-06   3.085e-05   3.775e-05   3.888e-08  HS65_LH_IVX9
datapath_module/alu_module/mul_44_34/g36845   2.09e-05   1.654e-05   3.747e-05   2.799e-08  HS65_LH_IVX4
datapath_module/reg_file_module/FE_PHC1002_DFT_sdi_1  2.551e-05    1.19e-05   3.745e-05   4.374e-08  HS65_LH_BFX2
datapath_module/alu_module/sll_42_34/FE_RC_1110_0  2.782e-05   9.512e-06   3.735e-05   1.651e-08  HS65_LH_NOR2X6
datapath_module/reg_file_module/g7303  1.695e-05   2.029e-05   3.728e-05    3.89e-08  HS65_LH_IVX9
datapath_module/reg_file_module/FE_RC_1326_0  3.347e-06   3.369e-05   3.708e-05   3.887e-08  HS65_LH_IVX9
datapath_module/reg_file_module/FE_RC_1391_0   2.57e-05   1.041e-05   3.612e-05   1.572e-08  HS65_LH_NOR2X6
datapath_module/reg_file_module/g7338  1.721e-05   1.811e-05   3.536e-05    3.89e-08  HS65_LH_IVX9
datapath_module/reg_file_module/FE_RC_1445_0  2.179e-05   1.342e-05   3.523e-05   2.076e-08  HS65_LH_NOR2X6
datapath_module/reg_file_module/FE_RC_147_0   2.26e-05   1.173e-05   3.435e-05   1.564e-08  HS65_LH_NOR2X6
datapath_module/alu_module/mul_44_34/FE_RC_588_0  1.432e-05   1.973e-05   3.409e-05   4.015e-08  HS65_LH_IVX9
datapath_module/reg_file_module/FE_RC_1097_0  2.457e-05   9.112e-06    3.37e-05    1.56e-08  HS65_LH_NOR2X6
datapath_module/alu_module/mul_44_34/FE_RC_1027_0  3.352e-05           0   3.358e-05   6.389e-08  HS65_LH_NAND2X14
FE_PHC1014_scan_en              2.55e-05   7.923e-06   3.347e-05   4.374e-08  HS65_LH_BFX2
FE_PHC1033_scan_en             2.567e-05   7.753e-06   3.346e-05   4.374e-08  HS65_LH_BFX2
datapath_module/reg_file_module/FE_PHC1034_scan_en   2.56e-05   7.753e-06    3.34e-05   4.374e-08  HS65_LH_BFX2
FE_PHC1022_scan_en              2.55e-05   7.769e-06   3.331e-05   4.374e-08  HS65_LH_BFX2
FE_PHC1018_scan_en              2.55e-05   7.769e-06   3.331e-05   4.374e-08  HS65_LH_BFX2
FE_PHC1031_scan_en              2.55e-05   7.765e-06   3.331e-05   4.374e-08  HS65_LH_BFX2
datapath_module/reg_file_module/FE_PHC1009_DFT_sdi_1   2.55e-05   7.753e-06    3.33e-05   4.374e-08  HS65_LH_BFX2
datapath_module/reg_file_module/FE_PHC1032_scan_en   2.55e-05   7.753e-06    3.33e-05   4.374e-08  HS65_LH_BFX2
datapath_module/reg_file_module/FE_PHC1030_scan_en   2.55e-05   7.753e-06    3.33e-05   4.374e-08  HS65_LH_BFX2
datapath_module/reg_file_module/FE_PHC1028_scan_en   2.55e-05   7.753e-06    3.33e-05   4.374e-08  HS65_LH_BFX2
FE_PHC1029_scan_en              2.55e-05   7.753e-06    3.33e-05   4.374e-08  HS65_LH_BFX2
FE_PHC1026_scan_en              2.55e-05   7.753e-06    3.33e-05   4.374e-08  HS65_LH_BFX2
datapath_module/reg_file_module/FE_PHC1024_scan_en   2.55e-05   7.753e-06    3.33e-05   4.374e-08  HS65_LH_BFX2
datapath_module/reg_file_module/FE_PHC1020_scan_en   2.55e-05   7.753e-06    3.33e-05   4.374e-08  HS65_LH_BFX2
datapath_module/reg_file_module/FE_PHC1016_scan_en   2.55e-05   7.753e-06    3.33e-05   4.374e-08  HS65_LH_BFX2
datapath_module/reg_file_module/FE_PHC1012_scan_en   2.55e-05   7.753e-06    3.33e-05   4.374e-08  HS65_LH_BFX2
datapath_module/reg_file_module/FE_PHC1019_DFT_sdi_1   2.55e-05   7.753e-06    3.33e-05   4.374e-08  HS65_LH_BFX2
datapath_module/reg_file_module/FE_PDC1037_FE_PHN997_n_1064  8.544e-06   2.467e-05   3.328e-05   6.301e-08  HS65_LH_BFX9
datapath_module/reg_file_module/FE_PHC1010_DFT_sdi_1   2.55e-05   7.667e-06   3.321e-05   4.374e-08  HS65_LH_BFX2
datapath_module/reg_file_module/FE_PHC1021_DFT_sdi_1  2.539e-05   7.753e-06   3.319e-05   4.374e-08  HS65_LH_BFX2
datapath_module/reg_file_module/FE_PHC1013_DFT_sdi_1  2.529e-05   7.753e-06   3.309e-05   4.374e-08  HS65_LH_BFX2
datapath_module/reg_file_module/FE_RC_1382_0   2.22e-05   1.078e-05     3.3e-05   2.029e-08  HS65_LH_NOR2X6
datapath_module/reg_file_module/FE_RC_1415_0  2.158e-05   1.133e-05   3.293e-05   2.026e-08  HS65_LH_NOR2X6
datapath_module/alu_module/FE_RC_1412_0  1.995e-05   1.277e-05   3.275e-05   3.467e-08  HS65_LH_AND2X4
datapath_module/reg_file_module/FE_RC_146_0  2.365e-05   9.027e-06   3.269e-05   1.572e-08  HS65_LH_NOR2X6
datapath_module/alu_module/mul_44_34/g38415  1.689e-05   1.523e-05   3.228e-05   1.552e-07  HS65_LH_OR2X27
datapath_module/alu_module/mul_44_34/FE_RC_703_0  1.361e-05   1.861e-05   3.226e-05   3.888e-08  HS65_LH_IVX9
datapath_module/alu_module/mul_44_34/FE_OCPC906_n_1909  2.426e-05   7.772e-06    3.21e-05   6.146e-08  HS65_LH_BFX9
datapath_module/reg_file_module/FE_RC_1154_0  2.099e-05   1.067e-05   3.167e-05   1.594e-08  HS65_LH_NOR2X6
datapath_module/reg_file_module/FE_RC_1385_0  2.241e-05   8.684e-06   3.111e-05   2.078e-08  HS65_LH_NOR2X6
datapath_module/reg_file_module/FE_RC_1394_0  2.235e-05   8.189e-06   3.055e-05   1.545e-08  HS65_LH_NOR2X6
datapath_module/alu_module/mul_44_34/FE_RC_735_0  2.017e-05   1.027e-05   3.054e-05   1.018e-07  HS65_LH_NAND2AX29
datapath_module/reg_file_module/FE_RC_1118_0  2.667e-05   3.832e-06   3.053e-05   2.965e-08  HS65_LH_NOR2X13
datapath_module/reg_file_module/FE_RC_1444_0    2.1e-05   9.464e-06   3.048e-05   1.594e-08  HS65_LH_NOR2X6
datapath_module/reg_file_module/FE_RC_1403_0  2.049e-05   9.694e-06    3.02e-05    1.59e-08  HS65_LH_NOR2X6
datapath_module/reg_file_module/g7137  4.397e-06   2.572e-05   3.016e-05   3.887e-08  HS65_LH_IVX9
datapath_module/reg_file_module/FE_RC_1414_0  2.032e-05   9.458e-06    2.98e-05   1.954e-08  HS65_LH_NOR2X6
datapath_module/reg_file_module/FE_RC_1380_0  1.796e-05   1.116e-05   2.914e-05   1.848e-08  HS65_LH_NOR2X6
datapath_module/alu_module/mul_44_34/FE_OCPC255_n_1934  1.939e-05   7.764e-06   2.726e-05       1e-07  HS65_LH_BFX13
datapath_module/reg_file_module/FE_RC_1136_0  1.853e-05   8.603e-06   2.715e-05   1.507e-08  HS65_LH_NOR2X6
datapath_module/reg_file_module/FE_RC_1449_0  1.954e-05     7.3e-06   2.686e-05    1.51e-08  HS65_LH_NOR2X6
datapath_module/reg_file_module/FE_RC_1134_0  1.744e-05   9.311e-06   2.677e-05   1.504e-08  HS65_LH_NOR2X6
datapath_module/reg_file_module/FE_RC_1156_0  1.806e-05   8.644e-06   2.672e-05   1.514e-08  HS65_LH_NOR2X6
datapath_module/reg_file_module/FE_RC_1130_0   1.77e-05   7.823e-06   2.554e-05   1.521e-08  HS65_LH_NOR2X6
datapath_module/alu_module/FE_RC_1207_0  1.849e-05   6.974e-06   2.549e-05   2.611e-08  HS65_LH_NAND2X14
datapath_module/reg_file_module/FE_RC_1419_0  1.782e-05   7.505e-06   2.534e-05    1.51e-08  HS65_LH_NOR2X6
datapath_module/alu_module/sll_42_34/FE_RC_70_0  1.049e-05   1.454e-05   2.506e-05   3.294e-08  HS65_LH_NOR2AX3
datapath_module/reg_file_module/FE_RC_1402_0  1.729e-05   7.491e-06    2.48e-05   1.517e-08  HS65_LH_NOR2X6
datapath_module/alu_module/sll_42_34/FE_RC_1109_0  1.251e-05   1.218e-05    2.47e-05   1.002e-08  HS65_LH_NAND3X5
datapath_module/reg_file_module/FE_RC_1413_0  1.768e-05   6.731e-06   2.443e-05   1.846e-08  HS65_LH_NOR2X6
datapath_module/reg_file_module/FE_RC_212_0  1.614e-05   8.265e-06   2.442e-05   1.471e-08  HS65_LH_NOR2X6
datapath_module/reg_file_module/FE_RC_1132_0  1.647e-05   7.865e-06   2.435e-05   1.503e-08  HS65_LH_NOR2X6
datapath_module/reg_file_module/FE_RC_141_0  1.818e-05   5.901e-06   2.413e-05   4.962e-08  HS65_LH_NAND2AX7
datapath_module/alu_module/mul_44_34/g36327  1.759e-05   6.525e-06   2.413e-05   1.119e-08  HS65_LH_NAND2X7
datapath_module/reg_file_module/FE_RC_1435_0  1.604e-05   8.055e-06   2.411e-05   1.485e-08  HS65_LH_NOR2X6
datapath_module/reg_file_module/FE_RC_209_0  1.826e-05   5.793e-06    2.41e-05   4.919e-08  HS65_LH_NAND2AX7
datapath_module/reg_file_module/g7291  6.638e-06   1.721e-05   2.389e-05   3.888e-08  HS65_LH_IVX9
datapath_module/alu_module/mul_44_34/g36365  6.579e-06   1.645e-05   2.316e-05   1.276e-07  HS65_LH_IVX27
datapath_module/alu_module/FE_RC_1378_0  1.272e-05   1.038e-05   2.313e-05   3.425e-08  HS65_LH_AND2X4
datapath_module/reg_file_module/FE_RC_1422_0  1.576e-05   7.092e-06   2.287e-05   1.467e-08  HS65_LH_NOR2X6
datapath_module/reg_file_module/FE_RC_1426_0  1.742e-05   5.408e-06   2.284e-05   1.492e-08  HS65_LH_NOR2X6
datapath_module/alu_module/mul_44_34/FE_OCPC280_n_1883  1.123e-05   1.113e-05   2.247e-05   1.134e-07  HS65_LH_BFX18
datapath_module/alu_module/mul_44_34/FE_RC_1322_0  6.309e-06   1.585e-05   2.224e-05   8.222e-08  HS65_LH_IVX18
datapath_module/reg_file_module/FE_RC_1123_0  1.477e-05   7.047e-06   2.183e-05   1.566e-08  HS65_LH_NOR2X6
datapath_module/reg_file_module/FE_RC_247_0  1.553e-05   6.254e-06   2.179e-05   1.485e-08  HS65_LH_NOR2X6
datapath_module/reg_file_module/FE_RC_1443_0  1.547e-05   6.263e-06   2.175e-05   1.499e-08  HS65_LH_NOR2X6
datapath_module/reg_file_module/FE_RC_1137_0  1.559e-05    5.57e-06   2.117e-05    1.47e-08  HS65_LH_NOR2X6
datapath_module/reg_file_module/FE_RC_1100_0  1.378e-05   7.361e-06   2.116e-05   1.465e-08  HS65_LH_NOR2X6
datapath_module/reg_file_module/FE_RC_1114_0  1.434e-05   6.427e-06   2.078e-05    1.54e-08  HS65_LH_NOR2X6
datapath_module/reg_file_module/FE_RC_248_0  1.252e-05    7.54e-06   2.008e-05   1.462e-08  HS65_LH_NOR2X6
datapath_module/reg_file_module/FE_RC_277_0  1.322e-05   6.753e-06   2.002e-05   4.903e-08  HS65_LH_NAND2AX7
datapath_module/reg_file_module/FE_RC_1116_0  1.318e-05   6.336e-06   1.953e-05   1.496e-08  HS65_LH_NOR2X6
datapath_module/alu_module/g7431  1.355e-05    5.94e-06   1.951e-05    1.31e-08  HS65_LH_NAND2X7
datapath_module/reg_file_module/FE_RC_136_0  1.382e-05   5.207e-06   1.908e-05   5.009e-08  HS65_LH_NAND2AX7
datapath_module/reg_file_module/FE_RC_1408_0  1.362e-05   5.374e-06   1.901e-05   1.456e-08  HS65_LH_NOR2X6
datapath_module/alu_module/mul_44_34/g36464  1.896e-05           0   1.898e-05   1.679e-08  HS65_LH_NAND2X4
datapath_module/reg_file_module/FE_RC_1421_0  1.267e-05   5.724e-06   1.841e-05   1.453e-08  HS65_LH_NOR2X6
datapath_module/reg_file_module/FE_RC_1420_0  1.237e-05   5.946e-06   1.833e-05   1.451e-08  HS65_LH_NOR2X6
datapath_module/reg_file_module/FE_RC_1148_0  1.279e-05   5.117e-06   1.792e-05   1.453e-08  HS65_LH_NOR2X6
datapath_module/reg_file_module/FE_RC_1407_0  1.321e-05   4.399e-06   1.762e-05   1.464e-08  HS65_LH_NOR2X6
datapath_module/reg_file_module/g7418  6.805e-06   1.075e-05    1.76e-05   3.888e-08  HS65_LH_IVX9
datapath_module/reg_file_module/FE_RC_1098_0  1.248e-05   5.086e-06   1.758e-05   1.456e-08  HS65_LH_NOR2X6
datapath_module/reg_file_module/FE_RC_1450_0  1.285e-05   4.664e-06   1.753e-05   1.456e-08  HS65_LH_NOR2X6
datapath_module/reg_file_module/FE_RC_1299_0  5.055e-06   1.242e-05   1.751e-05   3.887e-08  HS65_LH_IVX9
datapath_module/alu_module/mul_44_34/FE_OCPC331_n_184  5.031e-06   1.239e-05   1.748e-05   6.145e-08  HS65_LH_BFX9
datapath_module/reg_file_module/FE_RC_1092_0  1.213e-05   5.241e-06   1.739e-05   1.467e-08  HS65_LH_NOR2X6
datapath_module/reg_file_module/FE_RC_1404_0  1.264e-05   4.404e-06   1.706e-05   1.468e-08  HS65_LH_NOR2X6
datapath_module/reg_file_module/FE_RC_1095_0  1.232e-05   4.717e-06   1.705e-05    1.46e-08  HS65_LH_NOR2X6
datapath_module/reg_file_module/FE_RC_1423_0  1.283e-05   3.978e-06   1.682e-05   1.459e-08  HS65_LH_NOR2X6
datapath_module/reg_file_module/FE_RC_214_0  1.587e-05   9.152e-07    1.68e-05    1.34e-08  HS65_LH_NOR2X6
datapath_module/reg_file_module/FE_RC_1389_0   1.27e-05   4.078e-06   1.679e-05   1.465e-08  HS65_LH_NOR2X6
datapath_module/reg_file_module/FE_RC_144_0  1.176e-05       5e-06   1.678e-05   1.439e-08  HS65_LH_NOR2X6
datapath_module/reg_file_module/FE_RC_1096_0  1.199e-05   4.758e-06   1.677e-05    1.45e-08  HS65_LH_NOR2X6
datapath_module/reg_file_module/g7100  6.627e-06    1.01e-05   1.677e-05   3.888e-08  HS65_LH_IVX9
datapath_module/reg_file_module/FE_RC_1448_0  1.232e-05   4.421e-06   1.676e-05   1.462e-08  HS65_LH_NOR2X6
datapath_module/reg_file_module/FE_RC_1146_0  1.196e-05   4.764e-06   1.674e-05    1.45e-08  HS65_LH_NOR2X6
datapath_module/reg_file_module/FE_RC_1388_0   1.27e-05   4.013e-06   1.673e-05   1.453e-08  HS65_LH_NOR2X6
datapath_module/reg_file_module/FE_RC_1405_0  1.221e-05   4.244e-06   1.647e-05   1.458e-08  HS65_LH_NOR2X6
datapath_module/reg_file_module/FE_RC_1386_0  1.254e-05   3.701e-06   1.625e-05    1.46e-08  HS65_LH_NOR2X6
datapath_module/reg_file_module/FE_RC_1433_0  1.198e-05   4.248e-06   1.624e-05   1.457e-08  HS65_LH_NOR2X6
datapath_module/reg_file_module/FE_RC_1142_0  1.205e-05   4.083e-06   1.615e-05   1.467e-08  HS65_LH_NOR2X6
datapath_module/reg_file_module/FE_RC_1311_0  3.292e-06   1.282e-05   1.615e-05   3.887e-08  HS65_LH_IVX9
datapath_module/reg_file_module/FE_RC_1392_0   1.21e-05   3.888e-06     1.6e-05   1.436e-08  HS65_LH_NOR2X6
datapath_module/reg_file_module/FE_RC_1383_0  1.175e-05   3.952e-06   1.572e-05   1.465e-08  HS65_LH_NOR2X6
datapath_module/reg_file_module/g7124  4.488e-06    1.11e-05   1.562e-05   3.887e-08  HS65_LH_IVX9
datapath_module/reg_file_module/FE_RC_1390_0  1.181e-05   3.722e-06   1.554e-05   1.432e-08  HS65_LH_NOR2X6
datapath_module/reg_file_module/FE_RC_1410_0  1.174e-05   3.571e-06   1.532e-05   1.436e-08  HS65_LH_NOR2X6
datapath_module/reg_file_module/g7260  1.258e-05   2.702e-06    1.53e-05   1.238e-08  HS65_LH_NAND2X7
datapath_module/reg_file_module/FE_RC_1091_0  1.012e-05   4.036e-06   1.418e-05     1.9e-08  HS65_LH_NOR2X6
datapath_module/reg_file_module/g7163  6.781e-06   7.161e-06   1.398e-05   3.888e-08  HS65_LH_IVX9
datapath_module/alu_module/mul_44_34/FE_PSC1046_n_1861  1.002e-05   3.572e-06   1.365e-05   6.146e-08  HS65_LH_BFX9
datapath_module/reg_file_module/g7325  5.045e-06   8.514e-06    1.36e-05   3.887e-08  HS65_LH_IVX9
datapath_module/reg_file_module/FE_RC_1150_0  1.177e-05   1.262e-06   1.307e-05    2.85e-08  HS65_LH_NOR2X13
datapath_module/reg_file_module/g7222  5.031e-06   7.408e-06   1.248e-05   3.887e-08  HS65_LH_IVX9
datapath_module/reg_file_module/FE_OFC178_n_1256  4.907e-06   7.524e-06   1.247e-05   3.887e-08  HS65_LH_IVX9
datapath_module/reg_file_module/FE_RC_1417_0  1.032e-05   1.669e-06   1.201e-05   2.003e-08  HS65_LH_NOR2X6
datapath_module/reg_file_module/g7187  4.423e-06   7.192e-06   1.165e-05   3.887e-08  HS65_LH_IVX9
datapath_module/reg_file_module/FE_RC_1192_0   3.28e-06   8.328e-06   1.165e-05   3.887e-08  HS65_LH_IVX9
datapath_module/reg_file_module/g7168  4.313e-06   6.603e-06   1.095e-05   3.887e-08  HS65_LH_IVX9
datapath_module/reg_file_module/g7211  5.079e-06   5.826e-06   1.094e-05   3.887e-08  HS65_LH_IVX9
datapath_module/reg_file_module/FE_RC_1401_0  8.407e-06   2.089e-06   1.052e-05   1.959e-08  HS65_LH_NOR2X6
datapath_module/alu_module/mul_44_34/FE_RC_1170_0  2.592e-06   6.867e-06     9.5e-06   4.017e-08  HS65_LH_IVX9
datapath_module/reg_file_module/FE_RC_1090_0  6.607e-06   2.873e-06   9.498e-06    1.78e-08  HS65_LH_NOR2X6
datapath_module/reg_file_module/FE_RC_1101_0  7.542e-06   1.933e-06    9.49e-06   1.511e-08  HS65_LH_NOR2X6
datapath_module/reg_file_module/FE_RC_1430_0  7.388e-06   1.943e-06    9.35e-06   1.954e-08  HS65_LH_NOR2X6
datapath_module/reg_file_module/FE_RC_1093_0  6.871e-06   2.051e-06   8.937e-06   1.485e-08  HS65_LH_NOR2X6
datapath_module/reg_file_module/FE_RC_1160_0  7.191e-06    1.66e-06   8.865e-06   1.412e-08  HS65_LH_NOR2X6
datapath_module/alu_module/mul_44_34/g36430  8.724e-06           0   8.738e-06   1.368e-08  HS65_LH_NAND2X2
datapath_module/alu_module/mul_44_34/g36423  8.689e-06           0   8.699e-06   9.591e-09  HS65_LH_NAND2X2
datapath_module/reg_file_module/FE_RC_1158_0   6.57e-06   1.771e-06   8.355e-06   1.399e-08  HS65_LH_NOR2X6
datapath_module/reg_file_module/FE_RC_1145_0  4.942e-06   3.306e-06   8.262e-06    1.43e-08  HS65_LH_NOR2X6
datapath_module/alu_module/mul_44_34/g36447  8.237e-06           0   8.246e-06   9.591e-09  HS65_LH_NAND2X2
datapath_module/reg_file_module/FE_RC_1393_0   6.88e-06   1.265e-06   8.159e-06   1.405e-08  HS65_LH_NOR2X6
datapath_module/reg_file_module/FE_RC_1115_0  6.186e-06   1.916e-06   8.117e-06   1.415e-08  HS65_LH_NOR2X6
datapath_module/reg_file_module/FE_RC_1153_0  5.922e-06   2.137e-06   8.073e-06   1.414e-08  HS65_LH_NOR2X6
datapath_module/reg_file_module/FE_RC_1119_0  6.137e-06   1.913e-06   8.064e-06   1.403e-08  HS65_LH_NOR2X6
datapath_module/reg_file_module/FE_RC_1451_0  6.061e-06   1.887e-06   7.962e-06   1.384e-08  HS65_LH_NOR2X6
datapath_module/reg_file_module/g7314  3.401e-06    4.34e-06   7.779e-06   3.887e-08  HS65_LH_IVX9
datapath_module/reg_file_module/FE_RC_1157_0  6.007e-06   1.713e-06   7.734e-06   1.397e-08  HS65_LH_NOR2X6
datapath_module/reg_file_module/FE_RC_145_0  6.196e-06   1.464e-06   7.674e-06   1.406e-08  HS65_LH_NOR2X6
datapath_module/reg_file_module/FE_RC_1099_0  6.318e-06   1.159e-06   7.491e-06   1.384e-08  HS65_LH_NOR2X6
datapath_module/reg_file_module/FE_RC_1151_0  6.049e-06     1.4e-06   7.463e-06     1.5e-08  HS65_LH_NOR2X6
datapath_module/reg_file_module/FE_RC_1139_0  6.044e-06   1.353e-06   7.412e-06     1.5e-08  HS65_LH_NOR2X6
datapath_module/alu_module/mul_44_34/g36636  4.275e-06   3.093e-06   7.406e-06   3.784e-08  HS65_LH_NOR2AX6
datapath_module/reg_file_module/g7361  3.268e-06   4.004e-06   7.311e-06   3.887e-08  HS65_LH_IVX9
datapath_module/alu_module/mul_44_34/FE_RC_548_0   7.01e-06   1.968e-07   7.253e-06   4.604e-08  HS65_LH_NOR2X25
datapath_module/reg_file_module/FE_RC_1131_0  5.333e-06   1.879e-06   7.227e-06   1.474e-08  HS65_LH_NOR2X6
datapath_module/reg_file_module/FE_RC_1030_0  4.277e-06   2.881e-06   7.217e-06   5.912e-08  HS65_LH_NOR2AX13
datapath_module/reg_file_module/FE_RC_1310_0  3.927e-06   3.157e-06   7.161e-06   7.676e-08  HS65_LH_NOR2AX19
datapath_module/reg_file_module/FE_RC_1428_0  5.738e-06    1.27e-06   7.025e-06   1.775e-08  HS65_LH_NOR2X6
datapath_module/reg_file_module/FE_RC_249_0  5.913e-06   9.847e-07   6.912e-06   1.397e-08  HS65_LH_NOR2X6
datapath_module/reg_file_module/FE_RC_1437_0  5.677e-06   1.073e-06   6.764e-06   1.392e-08  HS65_LH_NOR2X6
datapath_module/reg_file_module/g7268  3.325e-06   3.353e-06   6.717e-06   3.887e-08  HS65_LH_IVX9
datapath_module/reg_file_module/FE_RC_1149_0  5.378e-06   1.308e-06   6.699e-06   1.376e-08  HS65_LH_NOR2X6
datapath_module/reg_file_module/FE_RC_1122_0  5.679e-06   9.901e-07   6.683e-06     1.4e-08  HS65_LH_NOR2X6
datapath_module/reg_file_module/FE_RC_1120_0  5.136e-06    1.32e-06    6.47e-06   1.388e-08  HS65_LH_NOR2X6
datapath_module/reg_file_module/FE_RC_1143_0  5.338e-06   1.022e-06   6.375e-06   1.474e-08  HS65_LH_NOR2X6
datapath_module/reg_file_module/FE_RC_1409_0   5.56e-06   7.773e-07   6.351e-06   1.394e-08  HS65_LH_NOR2X6
datapath_module/alu_module/mul_44_34/g36702  6.291e-06           0   6.313e-06   2.159e-08  HS65_LH_NAND2X4
datapath_module/reg_file_module/FE_RC_1094_0  4.706e-06   1.538e-06   6.259e-06   1.403e-08  HS65_LH_NOR2X6
datapath_module/reg_file_module/FE_RC_1121_0  5.068e-06   1.151e-06   6.233e-06   1.374e-08  HS65_LH_NOR2X6
datapath_module/reg_file_module/FE_RC_1298_0  4.002e-06   2.167e-06   6.228e-06   5.889e-08  HS65_LH_NOR2AX13
datapath_module/reg_file_module/FE_RC_1447_0  5.049e-06   1.144e-06   6.207e-06   1.389e-08  HS65_LH_NOR2X6
datapath_module/reg_file_module/FE_RC_1436_0  4.951e-06    1.22e-06   6.186e-06     1.4e-08  HS65_LH_NOR2X6
datapath_module/reg_file_module/FE_RC_1439_0   4.88e-06   1.144e-06   6.038e-06   1.374e-08  HS65_LH_NOR2X6
datapath_module/reg_file_module/FE_RC_1438_0  5.043e-06   9.784e-07   6.035e-06   1.386e-08  HS65_LH_NOR2X6
datapath_module/reg_file_module/FE_RC_143_0  4.505e-06   1.504e-06   6.023e-06   1.402e-08  HS65_LH_NOR2X6
datapath_module/reg_file_module/FE_RC_1147_0  4.904e-06   1.019e-06   5.936e-06   1.383e-08  HS65_LH_NOR2X6
datapath_module/reg_file_module/FE_RC_1418_0  4.942e-06   9.632e-07   5.919e-06    1.43e-08  HS65_LH_NOR2X6
datapath_module/reg_file_module/FE_RC_1424_0  4.602e-06   1.199e-06   5.815e-06   1.367e-08  HS65_LH_NOR2X6
datapath_module/reg_file_module/FE_RC_1446_0  4.932e-06   8.226e-07   5.769e-06   1.396e-08  HS65_LH_NOR2X6
datapath_module/reg_file_module/FE_RC_215_0  4.866e-06   8.458e-07   5.726e-06   1.374e-08  HS65_LH_NOR2X6
datapath_module/reg_file_module/FE_RC_1117_0   4.63e-06   1.022e-06   5.666e-06   1.385e-08  HS65_LH_NOR2X6
datapath_module/reg_file_module/FE_RC_1431_0  4.578e-06   1.045e-06   5.637e-06   1.403e-08  HS65_LH_NOR2X6
datapath_module/reg_file_module/FE_RC_1133_0  4.595e-06   9.938e-07   5.603e-06   1.395e-08  HS65_LH_NOR2X6
datapath_module/alu_module/mul_44_34/g36637  5.581e-06           0   5.597e-06   1.663e-08  HS65_LH_NAND2X2
datapath_module/reg_file_module/FE_RC_1432_0  4.659e-06   8.949e-07   5.569e-06   1.469e-08  HS65_LH_NOR2X6
datapath_module/reg_file_module/FE_RC_1425_0  4.822e-06   7.247e-07   5.561e-06   1.396e-08  HS65_LH_NOR2X6
datapath_module/reg_file_module/FE_RC_1138_0  4.605e-06   8.072e-07   5.426e-06   1.367e-08  HS65_LH_NOR2X6
datapath_module/reg_file_module/FE_RC_1113_0  4.498e-06   8.886e-07   5.401e-06   1.402e-08  HS65_LH_NOR2X6
datapath_module/reg_file_module/FE_RC_1325_0  2.647e-06   2.473e-06   5.179e-06   5.889e-08  HS65_LH_NOR2AX13
datapath_module/reg_file_module/FE_RC_1159_0  4.468e-06   6.543e-07   5.136e-06   1.369e-08  HS65_LH_NOR2X6
datapath_module/alu_module/mul_44_34/FE_RC_1055_0   4.98e-06           0   5.014e-06   3.432e-08  HS65_LH_AND2X4
datapath_module/reg_file_module/FE_RC_1406_0  4.343e-06   6.534e-07    5.01e-06   1.381e-08  HS65_LH_NOR2X6
datapath_module/reg_file_module/FE_RC_1434_0  4.293e-06   6.737e-07   4.981e-06   1.391e-08  HS65_LH_NOR2X6
datapath_module/reg_file_module/FE_RC_1135_0  4.265e-06   5.705e-07   4.849e-06   1.381e-08  HS65_LH_NOR2X6
datapath_module/reg_file_module/FE_RC_1416_0  3.931e-06   7.261e-07   4.671e-06   1.398e-08  HS65_LH_NOR2X6
datapath_module/alu_module/mul_44_34/g36571  4.628e-06           0   4.645e-06   1.737e-08  HS65_LH_NAND2X2
datapath_module/reg_file_module/FE_RC_211_0  4.006e-06   5.415e-07   4.561e-06    1.39e-08  HS65_LH_NOR2X6
datapath_module/alu_module/mul_44_34/FE_RC_11_0  4.429e-06           0   4.462e-06   3.356e-08  HS65_LH_AND2X4
datapath_module/reg_file_module/FE_RC_1191_0  2.541e-06   1.054e-06   3.654e-06   5.869e-08  HS65_LH_NOR2AX13
datapath_module/reg_file_module/FE_RC_401_0   2.06e-06   1.441e-06   3.532e-06   3.089e-08  HS65_LH_NOR2AX3
datapath_module/alu_module/mul_44_34/g36426  3.468e-06           0   3.487e-06   1.849e-08  HS65_LH_NAND2X2
datapath_module/alu_module/mul_44_34/g36753  3.422e-06           0   3.439e-06   1.737e-08  HS65_LH_NAND2X2
datapath_module/alu_module/mul_44_34/g36463  3.374e-06           0   3.392e-06   1.849e-08  HS65_LH_NAND2X2
datapath_module/alu_module/mul_44_34/FE_RC_153_0  3.299e-06           0   3.333e-06   3.356e-08  HS65_LH_AND2X4
datapath_module/alu_module/mul_44_34/g36466  3.135e-06           0   3.152e-06   1.717e-08  HS65_LH_OAI21X3
datapath_module/alu_module/mul_44_34/g36527   2.53e-06           0   2.549e-06    1.87e-08  HS65_LH_NAND2X2
datapath_module/alu_module/mul_44_34/g36775  2.447e-06           0   2.466e-06   1.868e-08  HS65_LH_NAND2X2
datapath_module/alu_module/mul_44_34/g36465  2.342e-06           0   2.361e-06   1.861e-08  HS65_LH_NAND2X2
datapath_module/alu_module/mul_44_34/g36510  2.319e-06           0   2.337e-06   1.875e-08  HS65_LH_OAI21X6
datapath_module/alu_module/mul_44_34/g36695  2.122e-06           0    2.14e-06   1.875e-08  HS65_LH_NAND2X2
datapath_module/alu_module/mul_44_34/g36673  1.986e-06           0   2.004e-06   1.819e-08  HS65_LH_NOR2X2
datapath_module/alu_module/mul_44_34/g36700  1.748e-06           0   1.772e-06   2.407e-08  HS65_LH_NOR2X3
datapath_module/alu_module/mul_44_34/FE_RC_1357_0  1.646e-06           0   1.661e-06   1.499e-08  HS65_LH_NAND2X7
datapath_module/alu_module/mul_44_34/g36408  1.339e-06           0   1.353e-06   1.314e-08  HS65_LH_OAI21X2
datapath_module/alu_module/mul_44_34/g36822  1.058e-06           0   1.079e-06   2.118e-08  HS65_LH_NOR2X2
datapath_module/alu_module/mul_44_34/g36781    9.7e-07           0   9.824e-07   1.242e-08  HS65_LH_OAI21X2
datapath_module/alu_module/mul_44_34/g36609  8.325e-07           0   8.536e-07   2.118e-08  HS65_LH_NOR2X2
datapath_module/alu_module/mul_44_34/g36508  8.254e-07           0   8.465e-07   2.118e-08  HS65_LH_NOR2X2
datapath_module/alu_module/mul_44_34/g36701  8.222e-07           0   8.434e-07   2.118e-08  HS65_LH_NOR2X2
datapath_module/alu_module/mul_44_34/g36638  8.211e-07           0   8.423e-07   2.118e-08  HS65_LH_NOR2X2
datapath_module/alu_module/mul_44_34/g36610  8.202e-07           0   8.414e-07   2.118e-08  HS65_LH_NOR2X2
datapath_module/alu_module/mul_44_34/g36780  7.918e-07           0    8.13e-07   2.118e-08  HS65_LH_NOR2X2
datapath_module/alu_module/mul_44_34/FE_RC_733_0  6.182e-08   6.839e-08   2.559e-07   1.257e-07  HS65_LH_NAND2AX21
datapath_module/alu_module/mul_44_34/g36980          0           0   1.391e-07   1.391e-07  HS65_LH_FA1X4
datapath_module/alu_module/mul_44_34/g36812          0           0   1.261e-07   1.261e-07  HS65_LH_FA1X4
datapath_module/alu_module/mul_44_34/g36811          0           0   1.261e-07   1.261e-07  HS65_LH_FA1X4
datapath_module/alu_module/mul_44_34/g36541          0           0   1.261e-07   1.261e-07  HS65_LH_FA1X4
datapath_module/alu_module/mul_44_34/g36813          0           0   1.261e-07   1.261e-07  HS65_LH_FA1X4
datapath_module/alu_module/mul_44_34/g36837          0           0   1.261e-07   1.261e-07  HS65_LH_FA1X4
datapath_module/alu_module/mul_44_34/g36814          0           0   1.261e-07   1.261e-07  HS65_LH_FA1X4
datapath_module/alu_module/mul_44_34/g36815          0           0   1.261e-07   1.261e-07  HS65_LH_FA1X4
datapath_module/alu_module/mul_44_34/g36816          0           0   1.261e-07   1.261e-07  HS65_LH_FA1X4
datapath_module/alu_module/mul_44_34/g36833          0           0   1.261e-07   1.261e-07  HS65_LH_FA1X4
datapath_module/alu_module/mul_44_34/g36831          0           0   1.261e-07   1.261e-07  HS65_LH_FA1X4
datapath_module/alu_module/mul_44_34/g36832          0           0   1.261e-07   1.261e-07  HS65_LH_FA1X4
datapath_module/alu_module/mul_44_34/g36730          0           0   1.261e-07   1.261e-07  HS65_LH_FA1X4
datapath_module/alu_module/mul_44_34/g36646          0           0   1.261e-07   1.261e-07  HS65_LH_FA1X4
datapath_module/alu_module/mul_44_34/g36679          0           0   1.261e-07   1.261e-07  HS65_LH_FA1X4
datapath_module/alu_module/mul_44_34/g36580          0           0   1.261e-07   1.261e-07  HS65_LH_FA1X4
datapath_module/alu_module/mul_44_34/g36706          0           0   1.261e-07   1.261e-07  HS65_LH_FA1X4
datapath_module/alu_module/mul_44_34/g36709          0           0   1.261e-07   1.261e-07  HS65_LH_FA1X4
datapath_module/alu_module/mul_44_34/g36710          0           0   1.261e-07   1.261e-07  HS65_LH_FA1X4
datapath_module/alu_module/mul_44_34/g36711          0           0   1.261e-07   1.261e-07  HS65_LH_FA1X4
datapath_module/alu_module/mul_44_34/g36648          0           0   1.261e-07   1.261e-07  HS65_LH_FA1X4
datapath_module/alu_module/mul_44_34/g36618          0           0   1.261e-07   1.261e-07  HS65_LH_FA1X4
datapath_module/alu_module/mul_44_34/g36579          0           0   1.261e-07   1.261e-07  HS65_LH_FA1X4
datapath_module/alu_module/mul_44_34/g36734          0           0   1.261e-07   1.261e-07  HS65_LH_FA1X4
datapath_module/alu_module/mul_44_34/g36754          0           0   1.261e-07   1.261e-07  HS65_LH_FA1X4
datapath_module/alu_module/mul_44_34/g36760          0           0   1.261e-07   1.261e-07  HS65_LH_FA1X4
datapath_module/alu_module/mul_44_34/g36762          0           0   1.261e-07   1.261e-07  HS65_LH_FA1X4
datapath_module/alu_module/mul_44_34/g36763          0           0   1.261e-07   1.261e-07  HS65_LH_FA1X4
datapath_module/alu_module/mul_44_34/g36789          0           0   1.261e-07   1.261e-07  HS65_LH_FA1X4
datapath_module/alu_module/mul_44_34/g36790          0           0   1.261e-07   1.261e-07  HS65_LH_FA1X4
datapath_module/alu_module/mul_44_34/g36791          0           0   1.261e-07   1.261e-07  HS65_LH_FA1X4
datapath_module/alu_module/mul_44_34/g36988          0           0   1.261e-07   1.261e-07  HS65_LH_FA1X4
datapath_module/alu_module/mul_44_34/g36974          0           0   1.261e-07   1.261e-07  HS65_LH_FA1X4
datapath_module/alu_module/mul_44_34/g36975          0           0   1.261e-07   1.261e-07  HS65_LH_FA1X4
datapath_module/alu_module/mul_44_34/g36976          0           0   1.261e-07   1.261e-07  HS65_LH_FA1X4
datapath_module/alu_module/mul_44_34/g36977          0           0   1.261e-07   1.261e-07  HS65_LH_FA1X4
datapath_module/alu_module/mul_44_34/g36979          0           0   1.261e-07   1.261e-07  HS65_LH_FA1X4
datapath_module/alu_module/mul_44_34/g36983          0           0   1.261e-07   1.261e-07  HS65_LH_FA1X4
datapath_module/alu_module/mul_44_34/g36984          0           0   1.261e-07   1.261e-07  HS65_LH_FA1X4
datapath_module/alu_module/mul_44_34/g36985          0           0   1.261e-07   1.261e-07  HS65_LH_FA1X4
datapath_module/alu_module/mul_44_34/g36986          0           0   1.261e-07   1.261e-07  HS65_LH_FA1X4
datapath_module/alu_module/mul_44_34/g36987          0           0   1.261e-07   1.261e-07  HS65_LH_FA1X4
datapath_module/alu_module/mul_44_34/g36981          0           0   1.261e-07   1.261e-07  HS65_LH_FA1X4
datapath_module/alu_module/mul_44_34/g36989          0           0   1.261e-07   1.261e-07  HS65_LH_FA1X4
datapath_module/alu_module/mul_44_34/g36990          0           0   1.261e-07   1.261e-07  HS65_LH_FA1X4
datapath_module/alu_module/mul_44_34/g37002          0           0   1.261e-07   1.261e-07  HS65_LH_FA1X4
datapath_module/alu_module/mul_44_34/g36581          0           0   1.261e-07   1.261e-07  HS65_LH_FA1X4
datapath_module/alu_module/mul_44_34/g37008          0           0   1.261e-07   1.261e-07  HS65_LH_FA1X4
datapath_module/alu_module/mul_44_34/g37014          0           0   1.261e-07   1.261e-07  HS65_LH_FA1X4
datapath_module/alu_module/mul_44_34/g36530          0           0   1.261e-07   1.261e-07  HS65_LH_FA1X4
datapath_module/alu_module/mul_44_34/g36518          0           0   1.261e-07   1.261e-07  HS65_LH_FA1X4
datapath_module/alu_module/mul_44_34/g36517          0           0   1.261e-07   1.261e-07  HS65_LH_FA1X4
datapath_module/alu_module/mul_44_34/g36470          0           0   1.261e-07   1.261e-07  HS65_LH_FA1X4
datapath_module/alu_module/mul_44_34/g36862          0           0   1.261e-07   1.261e-07  HS65_LH_FA1X4
datapath_module/alu_module/mul_44_34/g36896          0           0   1.261e-07   1.261e-07  HS65_LH_FA1X4
datapath_module/alu_module/mul_44_34/g36898          0           0   1.261e-07   1.261e-07  HS65_LH_FA1X4
datapath_module/alu_module/mul_44_34/g36899          0           0   1.261e-07   1.261e-07  HS65_LH_FA1X4
datapath_module/alu_module/mul_44_34/g36900          0           0   1.261e-07   1.261e-07  HS65_LH_FA1X4
datapath_module/alu_module/mul_44_34/g36901          0           0   1.261e-07   1.261e-07  HS65_LH_FA1X4
datapath_module/alu_module/mul_44_34/g36917          0           0   1.261e-07   1.261e-07  HS65_LH_FA1X4
datapath_module/alu_module/mul_44_34/g36968          0           0   1.261e-07   1.261e-07  HS65_LH_FA1X4
datapath_module/alu_module/mul_44_34/g36971          0           0   1.261e-07   1.261e-07  HS65_LH_FA1X4
datapath_module/alu_module/mul_44_34/g36843          0           0   1.261e-07   1.261e-07  HS65_LH_FA1X4
datapath_module/alu_module/mul_44_34/g36846          0           0   1.261e-07   1.261e-07  HS65_LH_FA1X4
datapath_module/alu_module/mul_44_34/g36973          0           0   1.261e-07   1.261e-07  HS65_LH_FA1X4
datapath_module/alu_module/mul_44_34/g36469          0           0   1.261e-07   1.261e-07  HS65_LH_FA1X4
datapath_module/alu_module/mul_44_34/g36596          0           0   1.261e-07   1.261e-07  HS65_LH_FA1X4
datapath_module/alu_module/mul_44_34/g36972          0           0   1.261e-07   1.261e-07  HS65_LH_FA1X4
datapath_module/alu_module/mul_44_34/g36258          0           0   1.235e-07   1.235e-07  HS65_LHS_XOR3X2
datapath_module/alu_module/mul_44_34/g36280          0           0   1.235e-07   1.235e-07  HS65_LHS_XOR3X2
datapath_module/alu_module/mul_44_34/g37106          0           0   1.037e-07   1.037e-07  HS65_LH_HA1X4
datapath_module/alu_module/mul_44_34/g37105          0           0   1.037e-07   1.037e-07  HS65_LH_HA1X4
datapath_module/alu_module/mul_44_34/g37107          0           0   1.037e-07   1.037e-07  HS65_LH_HA1X4
datapath_module/alu_module/mul_44_34/g37104          0           0   1.037e-07   1.037e-07  HS65_LH_HA1X4
datapath_module/alu_module/mul_44_34/g37095          0           0   1.037e-07   1.037e-07  HS65_LH_HA1X4
datapath_module/alu_module/mul_44_34/g37096          0           0   1.037e-07   1.037e-07  HS65_LH_HA1X4
datapath_module/alu_module/mul_44_34/g37100          0           0   1.037e-07   1.037e-07  HS65_LH_HA1X4
datapath_module/alu_module/mul_44_34/g37102          0           0   1.037e-07   1.037e-07  HS65_LH_HA1X4
datapath_module/alu_module/mul_44_34/FE_RC_7_0          0           0   1.025e-07   1.025e-07  HS65_LHS_XNOR2X6
datapath_module/alu_module/mul_44_34/FE_RC_150_0          0           0   8.508e-08   8.508e-08  HS65_LHS_XOR2X6
datapath_module/alu_module/mul_44_34/FE_RC_151_0          0           0   8.508e-08   8.508e-08  HS65_LHS_XOR2X6
datapath_module/alu_module/mul_44_34/FE_RC_1358_0          0           0   8.237e-08   8.237e-08  HS65_LH_NOR2AX19
datapath_module/alu_module/mul_44_34/g36446          0           0   7.089e-08   7.089e-08  HS65_LHS_XOR2X3
datapath_module/alu_module/mul_44_34/g36487          0           0   7.089e-08   7.089e-08  HS65_LHS_XOR2X3
datapath_module/alu_module/mul_44_34/g36486          0           0   7.089e-08   7.089e-08  HS65_LHS_XOR2X3
datapath_module/alu_module/mul_44_34/g36664          0           0   7.089e-08   7.089e-08  HS65_LHS_XOR2X3
datapath_module/alu_module/mul_44_34/g36738          0           0   7.089e-08   7.089e-08  HS65_LHS_XOR2X3
datapath_module/alu_module/mul_44_34/g36792          0           0   7.089e-08   7.089e-08  HS65_LHS_XOR2X3
datapath_module/alu_module/mul_44_34/g36604          0           0   7.089e-08   7.089e-08  HS65_LHS_XOR2X3
datapath_module/alu_module/mul_44_34/g36544          0           0   7.089e-08   7.089e-08  HS65_LHS_XOR2X3
datapath_module/alu_module/mul_44_34/g36545          0           0   7.089e-08   7.089e-08  HS65_LHS_XOR2X3
datapath_module/alu_module/mul_44_34/FE_RC_1342_0          0           0   6.415e-08   6.415e-08  HS65_LH_NAND2AX21
datapath_module/alu_module/mul_44_34/g36683          0           0   6.095e-08   6.095e-08  HS65_LHS_XNOR2X3
datapath_module/alu_module/mul_44_34/g36737          0           0   6.095e-08   6.095e-08  HS65_LHS_XNOR2X3
datapath_module/alu_module/mul_44_34/g36803          0           0   6.095e-08   6.095e-08  HS65_LHS_XNOR2X3
datapath_module/alu_module/mul_44_34/g36665          0           0   6.095e-08   6.095e-08  HS65_LHS_XNOR2X3
datapath_module/alu_module/mul_44_34/FE_RC_843_0          0           0   5.381e-08   5.381e-08  HS65_LH_PAO2X9
datapath_module/alu_module/mul_44_34/g36505          0           0   4.518e-08   4.518e-08  HS65_LH_NOR2AX3
datapath_module/alu_module/mul_44_34/g36668          0           0   4.402e-08   4.402e-08  HS65_LH_PAO2X4
datapath_module/alu_module/mul_44_34/g36603          0           0   4.248e-08   4.248e-08  HS65_LH_PAO2X4
datapath_module/alu_module/mul_44_34/g36584          0           0   4.248e-08   4.248e-08  HS65_LH_PAO2X4
datapath_module/alu_module/mul_44_34/g36666          0           0   4.248e-08   4.248e-08  HS65_LH_PAO2X4
datapath_module/alu_module/mul_44_34/g36667          0           0   4.248e-08   4.248e-08  HS65_LH_PAO2X4
datapath_module/alu_module/mul_44_34/g36716          0           0   4.248e-08   4.248e-08  HS65_LH_PAO2X4
datapath_module/alu_module/mul_44_34/g36739          0           0   4.248e-08   4.248e-08  HS65_LH_PAO2X4
datapath_module/alu_module/mul_44_34/g36766          0           0   4.248e-08   4.248e-08  HS65_LH_PAO2X4
datapath_module/alu_module/mul_44_34/g36804          0           0   4.248e-08   4.248e-08  HS65_LH_PAO2X4
datapath_module/alu_module/mul_44_34/g36498          0           0   4.248e-08   4.248e-08  HS65_LH_PAO2X4
datapath_module/alu_module/mul_44_34/g36490          0           0   4.017e-08   4.017e-08  HS65_LH_PAO2X4
datapath_module/alu_module/mul_44_34/g36433          0           0   4.017e-08   4.017e-08  HS65_LH_PAO2X4
datapath_module/alu_module/mul_44_34/FE_RC_950_0          0           0   4.017e-08   4.017e-08  HS65_LH_IVX9
datapath_module/alu_module/mul_44_34/FE_RC_890_0          0           0   4.017e-08   4.017e-08  HS65_LH_IVX9
datapath_module/alu_module/mul_44_34/g38674          0           0   4.017e-08   4.017e-08  HS65_LH_IVX9
datapath_module/alu_module/mul_44_34/FE_RC_1054_0          0           0   4.017e-08   4.017e-08  HS65_LH_IVX9
datapath_module/alu_module/mul_44_34/g36595          0           0   4.017e-08   4.017e-08  HS65_LH_IVX9
datapath_module/alu_module/mul_44_34/FE_RC_1340_0          0           0   4.017e-08   4.017e-08  HS65_LH_IVX9
datapath_module/alu_module/mul_44_34/FE_RC_524_0          0           0   4.017e-08   4.017e-08  HS65_LH_IVX9
datapath_module/alu_module/mul_44_34/g36647          0           0   4.017e-08   4.017e-08  HS65_LH_IVX9
datapath_module/alu_module/mul_44_34/FE_RC_499_0          0           0   4.017e-08   4.017e-08  HS65_LH_IVX9
datapath_module/alu_module/mul_44_34/g36708          0           0   4.017e-08   4.017e-08  HS65_LH_IVX9
datapath_module/alu_module/mul_44_34/FE_RC_216_0          0           0   4.017e-08   4.017e-08  HS65_LH_IVX9
datapath_module/alu_module/mul_44_34/FE_RC_10_0          0           0   4.017e-08   4.017e-08  HS65_LH_IVX9
datapath_module/alu_module/mul_44_34/FE_RC_9_0          0           0   4.017e-08   4.017e-08  HS65_LH_IVX9
datapath_module/alu_module/mul_44_34/g36735          0           0   4.017e-08   4.017e-08  HS65_LH_IVX9
datapath_module/alu_module/mul_44_34/FE_RC_5_0          0           0   4.017e-08   4.017e-08  HS65_LH_IVX9
datapath_module/alu_module/mul_44_34/FE_RC_4_0          0           0   4.017e-08   4.017e-08  HS65_LH_IVX9
datapath_module/alu_module/mul_44_34/g36761          0           0   4.017e-08   4.017e-08  HS65_LH_IVX9
datapath_module/alu_module/mul_44_34/g36472          0           0   3.992e-08   3.992e-08  HS65_LH_PAO2X4
datapath_module/alu_module/mul_44_34/g36532          0           0   3.974e-08   3.974e-08  HS65_LH_PAO2X4
datapath_module/alu_module/mul_44_34/g36676          0           0   3.944e-08   3.944e-08  HS65_LH_OA12X4
datapath_module/alu_module/mul_44_34/g36493          0           0   3.942e-08   3.942e-08  HS65_LH_PAO2X4
datapath_module/alu_module/mul_44_34/FE_RC_1457_0          0           0   3.886e-08   3.886e-08  HS65_LH_IVX9
datapath_module/alu_module/mul_44_34/FE_RC_1026_0          0           0   3.886e-08   3.886e-08  HS65_LH_IVX9
datapath_module/alu_module/mul_44_34/FE_RC_3_0          0           0   3.886e-08   3.886e-08  HS65_LH_IVX9
datapath_module/alu_module/mul_44_34/FE_RC_443_0          0           0   3.886e-08   3.886e-08  HS65_LH_IVX9
datapath_module/alu_module/mul_44_34/FE_RC_478_0          0           0   3.886e-08   3.886e-08  HS65_LH_IVX9
datapath_module/alu_module/mul_44_34/FE_RC_523_0          0           0   3.886e-08   3.886e-08  HS65_LH_IVX9
datapath_module/alu_module/mul_44_34/FE_RC_1359_0          0           0   3.886e-08   3.886e-08  HS65_LH_IVX9
datapath_module/alu_module/mul_44_34/g36475          0           0   3.536e-08   3.536e-08  HS65_LH_NOR2AX3
datapath_module/alu_module/mul_44_34/FE_RC_1019_0          0           0   3.347e-08   3.347e-08  HS65_LH_IVX7
datapath_module/alu_module/mul_44_34/FE_RC_1234_0          0           0   3.157e-08   3.157e-08  HS65_LH_AND2X4
datapath_module/alu_module/mul_44_34/FE_RC_6_0          0           0   3.137e-08   3.137e-08  HS65_LH_NOR2AX3
datapath_module/alu_module/mul_44_34/FE_RC_881_0          0           0     2.8e-08     2.8e-08  HS65_LH_IVX4
datapath_module/alu_module/mul_44_34/g36717          0           0   2.272e-08   2.272e-08  HS65_LH_PAOI2X1
datapath_module/alu_module/mul_44_34/g36607          0           0   2.003e-08   2.003e-08  HS65_LH_PAOI2X1

---------------------------------------------------------------------------------------

Total (   4247 of   4247  )        2.059       1.295      3.354   0.0006755
Total Capacitance                4.369e-11 F
Power Density                   *** No Die Area ***
