*----------------------------------------------------------------------------------------
*	Innovus 20.10-p004_1 (64bit) 05/07/2020 20:02 (Linux 2.6.32-431.11.2.el6.x86_64)
*	
*
* 	Date & Time:	2025-Apr-09 01:51:33 (2025-Apr-08 20:21:33 GMT)
*
*----------------------------------------------------------------------------------------
*
*	Design: PROCESSOR
*
*	Liberty Libraries used: 
*	        view1: CORE65LPHVT_wc_0.90V_105C.lib
*
*	Power Domain used: 
*
*       Power View : view1
*
*       User-Defined Activity : N.A.
*
*       Activity File: N.A.
*
*       Hierarchical Global Activity: N.A.
*
*       Global Activity: N.A.
*
*       Sequential Element Activity: N.A.
*
*       Primary Input Activity: 0.200000
*
*       Default icg ratio: N.A.
*
*       Global Comb ClockGate Ratio: N.A.
*
*	Power Units = 1mW
*
*	Time Units = 1e-09 secs 
*
*       Temperature = 105 
*
*       report_power -outfile ./rtl_module.rpt -rail_analysis_format VS
*
-----------------------------------------------------------------------------------------
Cell                            Internal   Switching       Total     Leakage   Cell
                                   Power       Power       Power       Power   Name
--------------------------------------------------------------------------------------
datapath_module/alu_module/FE_OFC541_write_data_25    0.00171     0.01344     0.01515   5.158e-07  HS65_LH_IVX106
datapath_module/reg_file_module/FE_OCPC638_n_1162    0.00718    0.005287     0.01247   1.381e-06  HS65_LH_BFX213
datapath_module/alu_module/mul_44_34/g36978   0.004794    0.007253     0.01205   8.856e-07  HS65_LHS1_FA1X35
datapath_module/alu_module/FE_OFC545_write_data_26   0.001395      0.0103      0.0117   5.152e-07  HS65_LH_IVX106
datapath_module/alu_module/mul_44_34/g36707   0.005325     0.00605     0.01138   8.716e-07  HS65_LHS1_FA1X35
datapath_module/alu_module/FE_OFC595_write_data_19   0.001536    0.009782     0.01132   5.147e-07  HS65_LH_IVX106
datapath_module/alu_module/FE_OFC422_n_246   0.003455    0.007811     0.01127    6.88e-07  HS65_LH_BFX106
datapath_module/alu_module/FE_OFC536_write_data_30   0.001689    0.009312       0.011   6.901e-07  HS65_LH_IVX142
datapath_module/reg_file_module/FE_OCPC788_write_data_4   0.001912    0.008857     0.01077   4.103e-07  HS65_LH_BFX62
datapath_module/alu_module/mul_44_34/g36413   0.005593    0.005017     0.01061   8.848e-07  HS65_LHS1_FA1X35
datapath_module/alu_module/mul_44_34/g36783   0.005716    0.004799     0.01052   8.819e-07  HS65_LHS1_FA1X35
datapath_module/reg_file_module/g7459  0.0008918     0.00959     0.01048   2.982e-07  HS65_LH_IVX62
datapath_module/alu_module/mul_44_34/g36401    0.00558    0.004667     0.01025   8.872e-07  HS65_LHS1_FA1X35
datapath_module/alu_module/mul_44_34/g36808   0.005307    0.004697     0.01001   8.921e-07  HS65_LHS1_FA1X35
datapath_module/reg_file_module/g42569  0.0009769     0.00901    0.009987   2.947e-07  HS65_LH_OR3ABCX35
datapath_module/alu_module/mul_44_34/g36440   0.005582    0.004306    0.009889   8.901e-07  HS65_LHS1_FA1X35
datapath_module/alu_module/mul_44_34/g36494   0.005592    0.004295    0.009888   8.782e-07  HS65_LHS1_FA1X35
datapath_module/alu_module/FE_OFC510_write_data_24   0.001303    0.008565    0.009869   5.148e-07  HS65_LH_IVX106
datapath_module/alu_module/mul_44_34/g36897   0.003968    0.005672    0.009641   8.872e-07  HS65_LHS1_FA1X35
datapath_module/reg_file_module/g7473   0.001649    0.007955    0.009605   5.153e-07  HS65_LH_IVX106
datapath_module/alu_module/FE_OFC20_read_data2_9  0.0006309    0.008926    0.009557   1.652e-07  HS65_LH_BFX27
datapath_module/reg_file_module/g7463    0.00138    0.008149    0.009529   5.151e-07  HS65_LH_IVX106
datapath_module/alu_module/mul_44_34/g36784   0.005421    0.004028     0.00945   8.859e-07  HS65_LHS1_FA1X35
datapath_module/alu_module/mul_44_34/g36515   0.005704    0.003572    0.009277   8.837e-07  HS65_LHS1_FA1X35
datapath_module/alu_module/mul_44_34/g36410   0.005593    0.003558    0.009152   8.893e-07  HS65_LHS1_FA1X35
datapath_module/alu_module/mul_44_34/g36497   0.005578    0.003508    0.009087   8.798e-07  HS65_LHS1_FA1X35
datapath_module/alu_module/FE_OFC512_write_data_18   0.001434    0.007482    0.008917    5.16e-07  HS65_LH_IVX106
datapath_module/alu_module/mul_44_34/g36855   0.005298    0.003562    0.008861   8.917e-07  HS65_LHS1_FA1X35
datapath_module/alu_module/mul_44_34/g36756   0.005424    0.003369    0.008795   8.918e-07  HS65_LHS1_FA1X35
datapath_module/alu_module/FE_OFC19_read_data2_7  0.0006026    0.008053    0.008655   1.654e-07  HS65_LH_BFX27
datapath_module/alu_module/FE_OCPC776_write_data_6   0.002981    0.005589     0.00857    6.86e-07  HS65_LH_BFX106
datapath_module/reg_file_module/FE_OFC475_write_data_12  0.0009717     0.00757    0.008542   2.979e-07  HS65_LH_IVX62
datapath_module/alu_module/FE_RC_543_0    0.00565    0.002694    0.008345   1.367e-06  HS65_LH_BFX213
datapath_module/alu_module/FE_OCPC1490_write_data_0   0.002346    0.005932    0.008279   6.761e-07  HS65_LH_BFX106
datapath_module/alu_module/mul_44_34/g36788   0.005424    0.002709    0.008133   8.866e-07  HS65_LHS1_FA1X35
datapath_module/reg_file_module/g42604  0.0007378    0.007393    0.008131   1.706e-07  HS65_LH_OR3ABCX18
datapath_module/alu_module/mul_44_34/g39020   0.005526    0.002602    0.008129   8.844e-07  HS65_LHS1_FA1X35
datapath_module/reg_file_module/FE_OCPC630_n_1131   0.001192    0.006916    0.008108   1.671e-07  HS65_LH_BFX27
datapath_module/alu_module/mul_44_34/g36869   0.004943    0.003106     0.00805   8.897e-07  HS65_LHS1_FA1X35
datapath_module/reg_file_module/FE_OCPC795_write_data_16   0.001256     0.00672    0.007976   2.369e-07  HS65_LH_BFX35
datapath_module/alu_module/FE_OFC25_read_data1_7  0.0005988    0.007308    0.007907   1.653e-07  HS65_LH_BFX27
datapath_module/reg_file_module/g7480   0.001314    0.006269    0.007583   5.152e-07  HS65_LH_IVX106
datapath_module/alu_module/mul_44_34/g36848    0.00529    0.002189     0.00748   7.086e-07  HS65_LH_MUX21X53
datapath_module/alu_module/mul_44_34/g37004   0.004483    0.002975    0.007459   8.808e-07  HS65_LHS1_FA1X35
datapath_module/reg_file_module/FE_RC_793_0  0.0008533    0.006503    0.007356   2.976e-07  HS65_LH_IVX62
datapath_module/alu_module/mul_44_34/g38691   0.005568    0.001765    0.007334   8.874e-07  HS65_LHS1_FA1X35
datapath_module/alu_module/mul_44_34/g38458   0.003571    0.003666    0.007237   5.615e-07  HS65_LH_XNOR2X35
datapath_module/alu_module/mul_44_34/g36285   0.002819    0.004339    0.007159   4.942e-07  HS65_LH_NOR2X50
datapath_module/alu_module/mul_44_34/g37017    0.00456    0.002561    0.007121   8.911e-07  HS65_LHS1_FA1X35
datapath_module/alu_module/FE_OFC22_read_data2_13  0.0003995    0.006718    0.007118    1.15e-07  HS65_LH_BFX18
datapath_module/alu_module/mul_44_34/g36991   0.004599    0.002428    0.007028   8.758e-07  HS65_LHS1_FA1X35
datapath_module/alu_module/mul_44_34/g36994   0.004398    0.002613    0.007012   8.824e-07  HS65_LHS1_FA1X35
datapath_module/alu_module/mul_44_34/g36996   0.004111    0.002852    0.006964   8.907e-07  HS65_LHS1_FA1X35
datapath_module/alu_module/FE_OFC23_read_data1_9  0.0005156    0.006384      0.0069   1.651e-07  HS65_LH_BFX27
datapath_module/reg_file_module/g42588  0.0006758    0.006211    0.006887   1.756e-07  HS65_LH_OR3ABCX18
datapath_module/alu_module/mul_44_34/FE_OCPC1124_n_78  0.0005627    0.006279    0.006842   1.155e-07  HS65_LH_BFX18
datapath_module/alu_module/mul_44_34/g36582   0.004245     0.00257    0.006816   6.477e-07  HS65_LH_MUX21I1X42
datapath_module/alu_module/mul_44_34/g38693   0.005372    0.001372    0.006745   8.938e-07  HS65_LHS1_FA1X35
datapath_module/alu_module/mul_44_34/FE_OFC30_n_531  0.0004766    0.006245    0.006722   1.158e-07  HS65_LH_BFX18
datapath_module/alu_module/mul_44_34/g36838   0.004448    0.002272     0.00672   8.886e-07  HS65_LHS1_FA1X35
datapath_module/alu_module/mul_44_34/FE_RC_131_0   0.003598    0.003081     0.00668   5.625e-07  HS65_LH_XNOR2X35
datapath_module/reg_file_module/FE_OCPC1407_n_1168    0.00166    0.004976    0.006636   2.879e-07  HS65_LH_BFX44
datapath_module/reg_file_module/FE_OCPC744_n_1123   0.001104    0.005511    0.006615   2.366e-07  HS65_LH_BFX35
datapath_module/alu_module/mul_44_34/g36866   0.004541    0.001985    0.006527   8.893e-07  HS65_LHS1_FA1X35
CTS_ccl_a_buf_00173             0.002386    0.004086    0.006472   2.858e-07  HS65_LH_BFX44
datapath_module/reg_file_module/g42562  0.0006519    0.005801    0.006453   1.718e-07  HS65_LH_OR3ABCX18
datapath_module/alu_module/FE_OFC21_read_data2_11  0.0005097    0.005938    0.006448     1.5e-07  HS65_LH_BFX22
datapath_module/reg_file_module/g7474_dup   0.001392    0.005052    0.006445   5.146e-07  HS65_LH_IVX106
datapath_module/alu_module/FE_OFC28_read_data1_8    0.00046    0.005981    0.006442   1.499e-07  HS65_LH_BFX22
datapath_module/reg_file_module/FE_OCPC644_n_1133  0.0006983    0.005723    0.006421   1.162e-07  HS65_LH_BFX18
datapath_module/alu_module/mul_44_34/g37318    0.00214    0.004242    0.006383   4.057e-07  HS65_LH_OAI12X37
datapath_module/alu_module/g7322   0.002148    0.004184    0.006332   2.764e-07  HS65_LH_AO12X35
datapath_module/alu_module/FE_OFC27_read_data1_13  0.0004158      0.0059    0.006316   1.152e-07  HS65_LH_BFX18
datapath_module/alu_module/mul_44_34/g37011   0.004229    0.002032    0.006262   8.874e-07  HS65_LHS1_FA1X35
datapath_module/reg_file_module/g42559  0.0005272    0.005624    0.006151   1.833e-07  HS65_LH_OR3ABCX18
datapath_module/alu_module/mul_44_34/g36819     0.0026    0.003531    0.006131   2.863e-07  HS65_LH_AO12X35
datapath_module/alu_module/mul_44_34/g36682   0.004357    0.001701    0.006058   6.431e-07  HS65_LH_MUX21I1X42
datapath_module/alu_module/mul_44_34/g36357   0.003584     0.00247    0.006055   5.617e-07  HS65_LH_XNOR2X35
datapath_module/alu_module/mul_44_34/g36916   0.003946    0.002056    0.006003   8.757e-07  HS65_LHS1_FA1X35
datapath_module/alu_module/mul_44_34/FE_RC_708_0   0.003587    0.002396    0.005984   5.514e-07  HS65_LH_OAI21X49
datapath_module/reg_file_module/g7462   0.001406    0.004566    0.005973    5.15e-07  HS65_LH_IVX106
datapath_module/alu_module/mul_44_34/g39264   0.003614    0.002348    0.005963   5.627e-07  HS65_LH_XOR2X35
datapath_module/alu_module/mul_44_34/g36302   0.003039    0.002896    0.005936   3.629e-07  HS65_LH_AOI12X35
datapath_module/reg_file_module/g42561  0.0006555    0.005275    0.005931   1.796e-07  HS65_LH_OR3ABCX18
datapath_module/reg_file_module/FE_OFC532_write_data_7   0.001222    0.004703    0.005926    5.15e-07  HS65_LH_IVX106
datapath_module/alu_module/mul_44_34/g36640   0.002719    0.003183    0.005902   3.885e-07  HS65_LH_OAI12X37
datapath_module/reg_file_module/g42539    0.00118    0.004691    0.005871    5.08e-07  HS65_LH_NAND2X57
datapath_module/alu_module/mul_44_34/g36718   0.004839    0.001011     0.00585    5.94e-07  HS65_LH_MUX21X44
datapath_module/alu_module/mul_44_34/FE_OFC36_n_671  0.0005186    0.005306    0.005824   1.162e-07  HS65_LH_BFX18
datapath_module/alu_module/mul_44_34/g36705   0.003091    0.002708    0.005799   3.902e-07  HS65_LH_OAI12X37
datapath_module/alu_module/FE_OCPC621_write_data_22  0.0008826    0.004894    0.005777   3.415e-07  HS65_LH_IVX71
datapath_module/reg_file_module/g42585  0.0006452    0.005072    0.005718   1.768e-07  HS65_LH_OR3ABCX18
datapath_module/alu_module/FE_OFC26_read_data1_12  0.0004922    0.005195    0.005688   1.151e-07  HS65_LH_BFX18
datapath_module/alu_module/mul_44_34/g36279    0.00358    0.002026    0.005606   5.615e-07  HS65_LH_XNOR2X35
datapath_module/alu_module/FE_OFC32_read_data1_0  0.0004248    0.005171    0.005596   1.498e-07  HS65_LH_BFX22
datapath_module/reg_file_module/FE_OCPC1119_n_1109  0.0006694    0.004916    0.005585   1.163e-07  HS65_LH_BFX18
datapath_module/reg_file_module/g42601  0.0006696    0.004915    0.005585   1.755e-07  HS65_LH_OR3ABCX18
datapath_module/alu_module/mul_44_34/g36306   0.002806    0.002769    0.005576   4.865e-07  HS65_LHS1_FA1X21
datapath_module/reg_file_module/FE_OCPC799_n_1165   0.001515    0.004041    0.005556   2.367e-07  HS65_LH_BFX35
datapath_module/alu_module/FE_OFC24_read_data2_15  0.0003656    0.005184    0.005549    1.15e-07  HS65_LH_BFX18
datapath_module/alu_module/FE_RC_357_0   0.001943    0.003588    0.005531   4.483e-07  HS65_LH_AOI21X46
datapath_module/alu_module/g7312   0.001822    0.003708    0.005531   2.775e-07  HS65_LH_AO12X35
datapath_module/alu_module/mul_44_34/g36399   0.001934    0.003548    0.005482   2.357e-07  HS65_LH_NAND2X43
datapath_module/alu_module/g7335    0.00178    0.003677    0.005457   2.782e-07  HS65_LH_AO12X35
datapath_module/alu_module/mul_44_34/g38386  0.0001211    0.005249     0.00537   6.825e-08  HS65_LH_IVX13
datapath_module/alu_module/mul_44_34/FE_RC_736_0   0.003431    0.001915    0.005347   6.231e-07  HS65_LH_NAND3X50
datapath_module/alu_module/mul_44_34/g36296   0.002757    0.002587    0.005344   4.602e-07  HS65_LH_XNOR2X27
datapath_module/reg_file_module/FE_OCPC631_n_1138  0.0008168    0.004517    0.005334   1.672e-07  HS65_LH_BFX27
datapath_module/alu_module/mul_44_34/g38431   0.003573     0.00174    0.005314    5.62e-07  HS65_LH_XOR2X35
datapath_module/alu_module/FE_OCPC772_read_data1_3   0.001304    0.003977    0.005282   2.854e-07  HS65_LH_BFX44
datapath_module/reg_file_module/g42540   0.001053    0.004228    0.005281   4.925e-07  HS65_LH_NAND2X57
datapath_module/alu_module/mul_44_34/g36684   0.001967     0.00328    0.005248    2.21e-07  HS65_LH_AOI12X23
datapath_module/reg_file_module/g42571  0.0005372      0.0047    0.005238   1.724e-07  HS65_LH_OR3ABCX18
datapath_module/alu_module/g7341   0.002101    0.003118    0.005219   2.769e-07  HS65_LH_AO12X35
datapath_module/alu_module/mul_44_34/FE_OFC39_n_673  0.0001584    0.005043    0.005201   6.825e-08  HS65_LH_IVX13
datapath_module/reg_file_module/g42592  0.0005362    0.004614     0.00515   1.751e-07  HS65_LH_OR3ABCX18
datapath_module/alu_module/mul_44_34/g37070   0.002877    0.002267    0.005144   3.495e-07  HS65_LH_AOI12X35
datapath_module/reg_file_module/g42567  0.0005388    0.004602    0.005141   1.759e-07  HS65_LH_OR3ABCX18
datapath_module/reg_file_module/FE_USKC946_CTS_47  0.0008079    0.004269    0.005077   9.958e-08  HS65_LH_BFX13
datapath_module/alu_module/g7334   0.001707    0.003364    0.005071   2.781e-07  HS65_LH_AO12X35
datapath_module/reg_file_module/g42578  0.0005447     0.00452    0.005065   1.756e-07  HS65_LH_OR3ABCX18
datapath_module/alu_module/mul_44_34/g38378  0.0001517    0.004908     0.00506    8.04e-08  HS65_LH_IVX18
datapath_module/reg_file_module/g7546  0.0003923    0.004667    0.005059   1.253e-07  HS65_LH_IVX27
datapath_module/alu_module/mul_44_34/g37001    0.00325    0.001799     0.00505   8.827e-07  HS65_LHS1_FA1X35
datapath_module/reg_file_module/FE_OCPC990_write_data_10  0.0004721    0.004576    0.005048   1.162e-07  HS65_LH_BFX18
datapath_module/alu_module/mul_44_34/g38474   0.002778    0.002267    0.005045   4.594e-07  HS65_LH_XNOR2X27
datapath_module/alu_module/mul_44_34/FE_RC_569_0   0.001583     0.00345    0.005033   2.203e-07  HS65_LH_NAND2AX21
datapath_module/alu_module/mul_44_34/FE_RC_365_0   0.002759    0.002273    0.005032   4.133e-07  HS65_LH_AOI21X46
datapath_module/reg_file_module/g42550   0.001358    0.003617    0.004975   4.995e-07  HS65_LH_NAND2X57
datapath_module/alu_module/mul_44_34/g36744   0.002366    0.002601    0.004967   3.789e-07  HS65_LH_NOR2X50
datapath_module/alu_module/mul_44_34/g36295    0.00276    0.002205    0.004965   4.603e-07  HS65_LH_XNOR2X27
datapath_module/alu_module/g7311   0.001835    0.003126    0.004961    2.78e-07  HS65_LH_AO12X35
datapath_module/alu_module/mul_44_34/FE_RC_800_0   0.003668    0.001291    0.004959   5.432e-07  HS65_LH_OAI21X49
datapath_module/reg_file_module/FE_OCPC804_write_data_22   0.001228    0.003725    0.004953   2.367e-07  HS65_LH_BFX35
datapath_module/reg_file_module/FE_USKC869_CTS_46  0.0008031    0.004146    0.004949   9.958e-08  HS65_LH_BFX13
datapath_module/alu_module/mul_44_34/g36818   0.003529    0.001419    0.004948   5.633e-07  HS65_LH_XOR2X35
datapath_module/reg_file_module/FE_USKC1179_CTS_17   0.000799    0.004135    0.004934   9.958e-08  HS65_LH_BFX13
datapath_module/reg_file_module/FE_OCPC796_write_data_16   0.001841    0.003087    0.004928    3.39e-07  HS65_LH_BFX53
datapath_module/alu_module/mul_44_34/g36322   0.001709    0.003208    0.004917   2.341e-07  HS65_LH_NAND2AX29
datapath_module/alu_module/mul_44_34/FE_OCPC1348_FE_RN_5   0.002339    0.002575    0.004915   6.752e-07  HS65_LH_BFX106
datapath_module/alu_module/mul_44_34/g38412   0.002778    0.002127    0.004906   4.595e-07  HS65_LH_XNOR2X27
datapath_module/reg_file_module/FE_USKC867_CTS_49   0.000802    0.004089    0.004891   9.958e-08  HS65_LH_BFX13
datapath_module/reg_file_module/FE_USKC953_CTS_33  0.0008071    0.004078    0.004885   9.958e-08  HS65_LH_BFX13
datapath_module/reg_file_module/FE_OCPC1335_n_1121   0.001723    0.003161    0.004884   4.614e-07  HS65_LH_BFX71
datapath_module/reg_file_module/FE_USKC1181_CTS_1  0.0008046    0.004066    0.004871   9.958e-08  HS65_LH_BFX13
datapath_module/reg_file_module/FE_USKC952_CTS_4  0.0008015    0.004067    0.004868   9.958e-08  HS65_LH_BFX13
datapath_module/reg_file_module/FE_USKC1178_CTS_2  0.0008047    0.004063    0.004868   9.958e-08  HS65_LH_BFX13
datapath_module/alu_module/mul_44_34/FE_OCPC788_n_86  0.0003745    0.004493    0.004867   6.234e-08  HS65_LH_BFX9
datapath_module/reg_file_module/FE_OCPC888_n_1101    0.00228    0.002587    0.004867   4.101e-07  HS65_LH_BFX62
datapath_module/alu_module/mul_44_34/FE_RC_374_0   0.003392    0.001464    0.004856   4.048e-07  HS65_LH_BFX62
datapath_module/reg_file_module/FE_USKC866_CTS_7  0.0008026    0.004035    0.004838   9.958e-08  HS65_LH_BFX13
datapath_module/alu_module/mul_44_34/g36444   0.002339    0.002496    0.004835   3.653e-07  HS65_LH_MUX21I1X24
datapath_module/reg_file_module/FE_OCPC955_write_data_5   0.001241    0.003593    0.004835   3.385e-07  HS65_LH_BFX53
datapath_module/alu_module/FE_OCPC1390_write_data_1   0.002439    0.002382    0.004822   6.868e-07  HS65_LH_BFX106
datapath_module/alu_module/mul_44_34/g36436   0.002778    0.002039    0.004818   4.597e-07  HS65_LH_XNOR2X27
datapath_module/reg_file_module/FE_USKC870_CTS_28  0.0008024    0.004007    0.004809   9.958e-08  HS65_LH_BFX13
datapath_module/reg_file_module/FE_USKC914_CTS_29  0.0008076     0.00399    0.004798   9.958e-08  HS65_LH_BFX13
datapath_module/reg_file_module/CTS_ccl_a_buf_00199  0.0005841    0.004212    0.004796   6.223e-08  HS65_LH_BFX9
datapath_module/reg_file_module/FE_USKC873_CTS_22  0.0008027    0.003977     0.00478   9.958e-08  HS65_LH_BFX13
datapath_module/alu_module/mul_44_34/g36891   0.002628     0.00212    0.004748   4.593e-07  HS65_LH_XNOR2X27
datapath_module/reg_file_module/FE_OCPC797_write_data_20   0.001488    0.003257    0.004745   2.888e-07  HS65_LH_BFX44
datapath_module/alu_module/mul_44_34/g36542   0.002772    0.001965    0.004738   4.594e-07  HS65_LH_XNOR2X27
datapath_module/alu_module/g7331   0.002154    0.002583    0.004737    2.77e-07  HS65_LH_AO12X35
datapath_module/alu_module/mul_44_34/g36703   0.001985    0.002751    0.004737   3.238e-07  HS65_LH_NAND2X43
datapath_module/reg_file_module/FE_USKC906_CTS_30  0.0008045    0.003926     0.00473   9.958e-08  HS65_LH_BFX13
datapath_module/reg_file_module/FE_USKC864_CTS_45  0.0008034    0.003924    0.004728   9.958e-08  HS65_LH_BFX13
datapath_module/alu_module/mul_44_34/FE_RC_780_0   0.002114    0.002601    0.004716   3.455e-07  HS65_LH_OAI21X37
datapath_module/reg_file_module/FE_USKC865_CTS_8  0.0008026      0.0039    0.004703   9.958e-08  HS65_LH_BFX13
datapath_module/reg_file_module/CTS_ccl_a_buf_00207  0.0005902    0.004107    0.004697   6.223e-08  HS65_LH_BFX9
datapath_module/reg_file_module/FE_USKC1184_CTS_18   0.000802    0.003887    0.004689   9.958e-08  HS65_LH_BFX13
datapath_module/alu_module/FE_OFC533_read_data1_5   0.002252    0.002436    0.004689   6.819e-07  HS65_LH_BFX106
datapath_module/alu_module/mul_44_34/g37113   0.002476    0.002211    0.004687   5.071e-07  HS65_LH_AOI12X46
datapath_module/reg_file_module/FE_USKC868_CTS_48  0.0008064    0.003868    0.004675   9.958e-08  HS65_LH_BFX13
datapath_module/alu_module/mul_44_34/g36546    0.00331    0.001356    0.004666   3.862e-07  HS65_LH_PAOI2X33
datapath_module/reg_file_module/FE_USKC929_CTS_10  0.0008058    0.003846    0.004652   9.958e-08  HS65_LH_BFX13
datapath_module/alu_module/mul_44_34/g36310   0.001296    0.003351    0.004648   2.293e-07  HS65_LH_NAND2X29
datapath_module/alu_module/mul_44_34/FE_RC_494_0   0.002883    0.001757    0.004641   4.933e-07  HS65_LH_OAI22X44
datapath_module/reg_file_module/CTS_ccl_a_buf_00195  0.0005901    0.004036    0.004626   6.223e-08  HS65_LH_BFX9
datapath_module/reg_file_module/g42573   0.000608    0.004012     0.00462   1.727e-07  HS65_LH_OR3ABCX18
datapath_module/alu_module/mul_44_34/FE_OFC424_read_data1_2    0.00032    0.004298    0.004618   9.963e-08  HS65_LH_BFX13
datapath_module/reg_file_module/FE_USKC852_CTS_42  0.0008028    0.003812    0.004614   9.958e-08  HS65_LH_BFX13
datapath_module/reg_file_module/CTS_ccl_a_buf_00245  0.0005831    0.004028    0.004611   6.223e-08  HS65_LH_BFX9
datapath_module/reg_file_module/FE_USKC1182_CTS_5  0.0005987    0.004009    0.004608   6.223e-08  HS65_LH_BFX9
datapath_module/reg_file_module/FE_OCPC890_write_data_13  0.0005497    0.004057    0.004607   1.161e-07  HS65_LH_BFX18
datapath_module/reg_file_module/g42608   0.000581    0.004021    0.004602   1.728e-07  HS65_LH_OR3ABCX18
datapath_module/alu_module/mul_44_34/g36379   0.002797    0.001791    0.004588   4.599e-07  HS65_LH_XNOR2X27
datapath_module/reg_file_module/FE_USKC916_CTS_44  0.0008066    0.003773     0.00458   9.958e-08  HS65_LH_BFX13
datapath_module/alu_module/mul_44_34/FE_RC_121_0   0.003248    0.001321     0.00457   6.813e-07  HS65_LH_MUX21X53
datapath_module/alu_module/mul_44_34/g36287   0.001824    0.002736     0.00456   2.537e-07  HS65_LH_NOR2X38
datapath_module/reg_file_module/FE_USKC872_CTS_23  0.0008023    0.003748     0.00455   9.958e-08  HS65_LH_BFX13
datapath_module/reg_file_module/CTS_ccl_a_buf_00175  0.0005837    0.003959    0.004543   6.223e-08  HS65_LH_BFX9
datapath_module/alu_module/mul_44_34/g36405   0.001953    0.002584    0.004537   3.371e-07  HS65_LH_NAND2X43
datapath_module/reg_file_module/FE_USKC1153_CTS_6  0.0008066     0.00373    0.004537   9.958e-08  HS65_LH_BFX13
datapath_module/reg_file_module/CTS_ccl_a_buf_00165  0.0005836    0.003935    0.004519   6.223e-08  HS65_LH_BFX9
datapath_module/alu_module/FE_RC_727_0   0.001833    0.002682    0.004516   4.486e-07  HS65_LH_AOI21X46
datapath_module/reg_file_module/FE_OCPC636_write_data_11  0.0008483    0.003663    0.004512    1.67e-07  HS65_LH_BFX27
datapath_module/reg_file_module/g42553  0.0009693    0.003535    0.004505   4.687e-07  HS65_LH_NAND2X57
datapath_module/alu_module/mul_44_34/FE_RC_733_0   0.001872     0.00263    0.004502   2.703e-07  HS65_LH_OAI21X24
datapath_module/alu_module/sub_35_34/g27091  0.0006333     0.00385    0.004484    9.07e-08  HS65_LH_NOR2X13
datapath_module/alu_module/mul_44_34/g38532   0.002236    0.002234    0.004471   6.891e-07  HS65_LH_MUX21X53
datapath_module/alu_module/mul_44_34/g36262   0.003564   0.0009001    0.004465   5.616e-07  HS65_LH_XNOR2X35
datapath_module/alu_module/mul_44_34/g36435   0.002769    0.001677    0.004446   4.598e-07  HS65_LH_XNOR2X27
datapath_module/reg_file_module/g7454_dup  0.0009587    0.003481     0.00444   2.977e-07  HS65_LH_IVX62
datapath_module/alu_module/mul_44_34/g36715   0.003013    0.001422    0.004435   3.495e-07  HS65_LH_MUX21I1X24
datapath_module/alu_module/mul_44_34/g36651   0.002689     0.00174     0.00443   3.553e-07  HS65_LH_MUX21I1X24
datapath_module/alu_module/mul_44_34/g36324   0.001736    0.002688    0.004425   2.264e-07  HS65_LH_NAND2AX29
datapath_module/alu_module/mul_44_34/g37075   0.002728    0.001684    0.004413   4.599e-07  HS65_LH_XNOR2X27
datapath_module/alu_module/sll_42_34/g19812   0.001677    0.002735    0.004412   2.898e-07  HS65_LH_OA12X35
datapath_module/alu_module/mul_44_34/FE_RC_730_0   0.002126    0.002281    0.004408   2.821e-07  HS65_LH_OAI21X24
datapath_module/alu_module/FE_OCPC669_read_data2_4   0.001807    0.002597    0.004405   6.772e-07  HS65_LH_BFX106
datapath_module/alu_module/mul_44_34/g36403   0.002769    0.001628    0.004397   4.598e-07  HS65_LH_XNOR2X27
datapath_module/reg_file_module/FE_USKC840_CTS_21  0.0005982    0.003796    0.004394   6.223e-08  HS65_LH_BFX9
datapath_module/reg_file_module/FE_OCPC958_n_1131   0.000452    0.003933    0.004385   6.256e-08  HS65_LH_BFX9
datapath_module/alu_module/mul_44_34/FE_OCPC1355_n_182   0.003386   0.0009948    0.004381   4.062e-07  HS65_LH_BFX62
datapath_module/alu_module/mul_44_34/g37717   0.000162    0.004218     0.00438   3.976e-08  HS65_LH_IVX9
datapath_module/reg_file_module/FE_USKC922_CTS_51  0.0005981     0.00378    0.004378   6.223e-08  HS65_LH_BFX9
datapath_module/alu_module/mul_44_34/g36533    0.00277    0.001606    0.004376   4.603e-07  HS65_LH_XNOR2X27
datapath_module/reg_file_module/CTS_ccl_a_buf_00185  0.0005824    0.003791    0.004374   6.223e-08  HS65_LH_BFX9
datapath_module/alu_module/mul_44_34/g37068   0.002861    0.001505    0.004366   3.493e-07  HS65_LH_AOI12X35
datapath_module/alu_module/mul_44_34/g38480   0.002773    0.001593    0.004366   4.597e-07  HS65_LH_XNOR2X27
datapath_module/alu_module/g7332   0.001826     0.00254    0.004366   2.788e-07  HS65_LH_AO12X35
datapath_module/alu_module/mul_44_34/g39320    0.00291    0.001454    0.004364   3.596e-07  HS65_LHS_XOR2X23
datapath_module/reg_file_module/CTS_ccl_a_buf_00247  0.0005824    0.003778    0.004361   6.223e-08  HS65_LH_BFX9
datapath_module/reg_file_module/g42580  0.0006423    0.003716    0.004358   1.788e-07  HS65_LH_OR3ABCX18
datapath_module/alu_module/mul_44_34/FE_RC_228_0   0.002058    0.002298    0.004356   3.569e-07  HS65_LH_NAND2X43
datapath_module/reg_file_module/CTS_ccl_a_buf_00231  0.0005825    0.003772    0.004354   6.223e-08  HS65_LH_BFX9
datapath_module/alu_module/FE_OCPC726_FE_OFN429_write_data_1   0.001231    0.003109    0.004341    3.39e-07  HS65_LH_BFX53
datapath_module/reg_file_module/FE_USKC844_CTS_20  0.0005977    0.003741    0.004339   6.223e-08  HS65_LH_BFX9
datapath_module/alu_module/mul_44_34/g36817   0.003411   0.0009267    0.004338   5.631e-07  HS65_LH_XOR2X35
datapath_module/alu_module/mul_44_34/g36793   0.003541   0.0007956    0.004337   5.632e-07  HS65_LH_XOR2X35
datapath_module/alu_module/mul_44_34/g38427   0.002858    0.001476    0.004335   4.573e-07  HS65_LH_XOR2X27
datapath_module/alu_module/FE_PSC1689_FE_OCPN1146_write_data_6   0.001294    0.003032    0.004326   2.879e-07  HS65_LH_BFX44
datapath_module/alu_module/mul_44_34/g36890    0.00323    0.001095    0.004326    3.87e-07  HS65_LH_PAOI2X33
datapath_module/reg_file_module/CTS_ccl_a_buf_00221  0.0005824    0.003731    0.004314   6.223e-08  HS65_LH_BFX9
datapath_module/reg_file_module/CTS_ccl_a_buf_00197  0.0005831    0.003716    0.004299   6.223e-08  HS65_LH_BFX9
datapath_module/alu_module/mul_44_34/g38478    0.00284    0.001455    0.004296   4.572e-07  HS65_LH_XOR2X27
datapath_module/alu_module/mul_44_34/g36372    0.00234    0.001954    0.004294   4.903e-07  HS65_LH_NOR2X50
datapath_module/reg_file_module/g42574  0.0005863    0.003705    0.004292   1.819e-07  HS65_LH_OR3ABCX18
datapath_module/alu_module/mul_44_34/FE_OFC50_n_669  0.0004175    0.003869    0.004286   6.194e-08  HS65_LH_BFX9
datapath_module/reg_file_module/CTS_ccl_a_buf_00237   0.000583    0.003693    0.004276   6.223e-08  HS65_LH_BFX9
datapath_module/alu_module/mul_44_34/g38418   0.002775    0.001493    0.004269   4.597e-07  HS65_LH_XNOR2X27
datapath_module/reg_file_module/FE_USKC871_CTS_25  0.0005976    0.003667    0.004265   6.223e-08  HS65_LH_BFX9
datapath_module/alu_module/FE_RC_779_0   0.001692    0.002571    0.004263   4.446e-07  HS65_LH_AOI21X46
datapath_module/reg_file_module/FE_OCPC785_write_data_3  0.0009976    0.003242     0.00424   2.367e-07  HS65_LH_BFX35
datapath_module/alu_module/g7541  0.0004022    0.003828     0.00423   1.836e-07  HS65_LH_AND2ABX27
datapath_module/alu_module/mul_44_34/g36293   0.002149    0.002078    0.004227   3.609e-07  HS65_LH_OAI21X37
datapath_module/reg_file_module/CTS_ccl_a_buf_00225  0.0005822    0.003633    0.004215   6.223e-08  HS65_LH_BFX9
datapath_module/alu_module/mul_44_34/FE_OCPC639_n_1591   0.001398    0.002811    0.004209   1.643e-07  HS65_LH_BFX27
CTS_ccl_a_buf_00268             0.000607    0.003589    0.004196   6.223e-08  HS65_LH_BFX9
datapath_module/reg_file_module/g42581  0.0004558     0.00374    0.004196   1.742e-07  HS65_LH_OR3ABCX18
datapath_module/alu_module/mul_44_34/g36489   0.002764     0.00143    0.004195   4.603e-07  HS65_LH_XNOR2X27
datapath_module/alu_module/FE_OCPC727_FE_RN_145_0   0.001701    0.002489     0.00419   4.614e-07  HS65_LH_BFX71
datapath_module/alu_module/mul_44_34/g36469   0.001144    0.003046     0.00419   1.413e-07  HS65_LH_FA1X4
datapath_module/alu_module/g7329   0.001949    0.002215    0.004165   2.779e-07  HS65_LH_AO12X35
datapath_module/reg_file_module/FE_USKC842_CTS_35   0.000598    0.003564    0.004162   6.223e-08  HS65_LH_BFX9
datapath_module/alu_module/mul_44_34/g36628   0.002767    0.001389    0.004157     4.6e-07  HS65_LH_XNOR2X27
datapath_module/alu_module/mul_44_34/FE_RC_568_0   0.002582    0.001559    0.004142   4.593e-07  HS65_LH_XNOR2X27
datapath_module/reg_file_module/CTS_ccl_a_buf_00235   0.000582    0.003554    0.004136   6.223e-08  HS65_LH_BFX9
datapath_module/alu_module/mul_44_34/g39317   0.002517    0.001617    0.004135   3.209e-07  HS65_LH_XOR3X27
datapath_module/alu_module/mul_44_34/g36385    0.00171     0.00242     0.00413   2.375e-07  HS65_LH_NAND2AX29
datapath_module/alu_module/mul_44_34/g38511   0.002352    0.001773    0.004126   3.824e-07  HS65_LHS_XNOR2X24
datapath_module/alu_module/mul_44_34/g36381   0.001754    0.002367    0.004121   2.006e-07  HS65_LH_OR2X27
datapath_module/reg_file_module/g42570  0.0005542    0.003559    0.004113    1.78e-07  HS65_LH_OR3ABCX18
datapath_module/reg_file_module/FE_USKC843_CTS_32  0.0005981     0.00351    0.004108   6.223e-08  HS65_LH_BFX9
datapath_module/alu_module/mul_44_34/g36800   0.001717    0.002385    0.004102   2.819e-07  HS65_LH_XOR2X18
datapath_module/alu_module/mul_44_34/g37026   0.002539    0.001559    0.004098   3.467e-07  HS65_LH_AOI12X35
datapath_module/alu_module/mul_44_34/FE_OFC35_n_504  0.0003978    0.003699    0.004097   9.965e-08  HS65_LH_BFX13
datapath_module/alu_module/mul_44_34/g38520   0.002566    0.001529    0.004096   3.766e-07  HS65_LHS_XNOR2X24
datapath_module/reg_file_module/CTS_ccl_a_buf_00239  0.0005818    0.003505    0.004087   6.223e-08  HS65_LH_BFX9
datapath_module/alu_module/mul_44_34/g36524   0.001683      0.0024    0.004083   2.436e-07  HS65_LH_NAND2AX29
datapath_module/reg_file_module/g42610  0.0004218    0.003647    0.004069    1.84e-07  HS65_LH_OR3ABCX18
datapath_module/reg_file_module/FE_OFC455_write_data_9   0.000843     0.00322    0.004063   2.981e-07  HS65_LH_IVX62
datapath_module/alu_module/mul_44_34/FE_RC_185_0   0.002128    0.001933    0.004062   5.057e-07  HS65_LH_OAI21X49
datapath_module/reg_file_module/FE_USKC841_CTS_39  0.0005974    0.003457    0.004054   6.223e-08  HS65_LH_BFX9
datapath_module/alu_module/mul_44_34/g36420_dup   0.001714     0.00234    0.004054   2.354e-07  HS65_LH_NAND2AX29
datapath_module/alu_module/mul_44_34/FE_RC_144_0   0.002407    0.001624    0.004032   4.017e-07  HS65_LH_OAI12X37
datapath_module/alu_module/mul_44_34/FE_RC_118_0   0.001874    0.002158    0.004032   2.299e-07  HS65_LH_AO12X27
datapath_module/alu_module/mul_44_34/g36770_dup   0.001868    0.002163    0.004031    2.37e-07  HS65_LH_AO12X27
datapath_module/alu_module/FE_OFC31_read_data2_25  0.0004301    0.003586    0.004017    1.15e-07  HS65_LH_BFX18
datapath_module/alu_module/mul_44_34/g36356   0.001686    0.002297    0.003983   2.804e-07  HS65_LH_OAI12X24
datapath_module/alu_module/mul_44_34/g39259   0.002049    0.001933    0.003982   2.273e-07  HS65_LH_PAO2X27
datapath_module/alu_module/mul_44_34/g36432   0.001917    0.002064    0.003981   2.353e-07  HS65_LH_AO12X27
datapath_module/alu_module/mul_44_34/FE_RC_336_0   0.001721     0.00225    0.003971   2.502e-07  HS65_LH_MUXI21X15
datapath_module/alu_module/mul_44_34/g36301   0.001825    0.002141    0.003966   2.309e-07  HS65_LH_NOR2X38
datapath_module/alu_module/FE_RC_794_0   0.001545    0.002415    0.003961   5.432e-07  HS65_LH_NAND2X57
datapath_module/alu_module/mul_44_34/g36392    0.00162    0.002338    0.003958   1.835e-07  HS65_LH_NOR2AX25
datapath_module/alu_module/mul_44_34/g36656_dup   0.001312    0.002645    0.003956   1.378e-07  HS65_LH_AO12X18
datapath_module/alu_module/mul_44_34/FE_RC_574_0    0.00183    0.002089     0.00392   2.671e-07  HS65_LH_OAI21X24
datapath_module/reg_file_module/g42577  0.0005147    0.003403    0.003918   1.755e-07  HS65_LH_OR3ABCX18
datapath_module/alu_module/mul_44_34/g36504   0.001944    0.001968    0.003913   3.275e-07  HS65_LH_NAND2X43
datapath_module/reg_file_module/g42576  0.0005262    0.003381    0.003907   1.762e-07  HS65_LH_OR3ABCX18
datapath_module/alu_module/mul_44_34/FE_OCPC959_n_717   0.001277    0.002626    0.003903   2.831e-07  HS65_LH_BFX44
datapath_module/alu_module/mul_44_34/FE_RC_179_0   0.002028    0.001874    0.003902   2.485e-07  HS65_LH_OAI21X37
datapath_module/reg_file_module/FE_OCPC1409_write_data_18   0.001044    0.002855      0.0039   1.671e-07  HS65_LH_BFX27
datapath_module/alu_module/mul_44_34/g36879   0.001879     0.00202    0.003899   2.418e-07  HS65_LH_OA12X27
datapath_module/alu_module/mul_44_34/g36802    0.00215    0.001736    0.003887    3.71e-07  HS65_LH_MUX21I1X24
datapath_module/reg_file_module/FE_USKC848_CTS_9   0.000597    0.003284    0.003881   6.223e-08  HS65_LH_BFX9
datapath_module/alu_module/g7330   0.001823    0.002047     0.00387   2.803e-07  HS65_LH_AO12X35
datapath_module/alu_module/mul_44_34/FE_RC_133_0   0.002099    0.001752    0.003851   2.321e-07  HS65_LH_PAO2X27
datapath_module/alu_module/mul_44_34/g36309   0.001312    0.002534    0.003846   1.771e-07  HS65_LH_NAND2AX21
datapath_module/reg_file_module/FE_OCPC882_n_1099   0.001881    0.001956    0.003837    2.88e-07  HS65_LH_BFX44
datapath_module/reg_file_module/g42551  0.0007376    0.003081    0.003819   5.258e-07  HS65_LH_NAND2X57
datapath_module/alu_module/mul_44_34/FE_RC_154_0   0.001947     0.00187    0.003818   3.021e-07  HS65_LH_OAI211X22
datapath_module/alu_module/g7337   0.001755    0.002061    0.003817   2.789e-07  HS65_LH_AO12X35
datapath_module/alu_module/mul_44_34/g38523    0.00243    0.001384    0.003815   3.786e-07  HS65_LHS_XNOR2X24
datapath_module/alu_module/FE_OCPC789_read_data1_2   0.001491    0.002314    0.003805   4.567e-07  HS65_LH_BFX71
datapath_module/alu_module/mul_44_34/g36397   0.002313    0.001482    0.003796   2.959e-07  HS65_LH_NOR2X50
datapath_module/alu_module/mul_44_34/FE_OFC503_read_data2_1  0.0003654    0.003426    0.003791   2.541e-07  HS65_LH_IVX53
datapath_module/alu_module/FE_OFC577_n_258  0.0001126     0.00367    0.003783   6.825e-08  HS65_LH_IVX13
datapath_module/alu_module/mul_44_34/g36378   0.001825    0.001956    0.003781   2.819e-07  HS65_LH_XNOR2X18
datapath_module/alu_module/mul_44_34/g38672   0.002787   0.0009775    0.003765   4.598e-07  HS65_LH_XNOR2X27
datapath_module/alu_module/mul_44_34/FE_RC_334_0   0.001949    0.001816    0.003765   2.878e-07  HS65_LH_NAND2AX29
datapath_module/alu_module/mul_44_34/g36435_dup   0.002767   0.0009962    0.003764   4.598e-07  HS65_LH_XNOR2X27
datapath_module/alu_module/mul_44_34/g36853   0.001943    0.001818    0.003761   2.638e-07  HS65_LH_NAND2X57
datapath_module/alu_module/FE_OFC52_read_data2_6  0.0002796    0.003477    0.003757   6.216e-08  HS65_LH_BFX9
datapath_module/alu_module/mul_44_34/FE_OCPC1009_n_60  0.0009912    0.002765    0.003756   3.382e-07  HS65_LH_BFX53
datapath_module/alu_module/mul_44_34/g38583_dup   0.002413    0.001334    0.003748   6.922e-07  HS65_LH_MUX21X53
datapath_module/alu_module/mul_44_34/g36274   0.002235     0.00151    0.003745   2.703e-07  HS65_LH_MUX21I1X18
datapath_module/alu_module/mul_44_34/g37528   0.001139    0.002606    0.003745   2.138e-07  HS65_LH_AO12X27
datapath_module/alu_module/mul_44_34/g37866_dup   0.002704     0.00104    0.003745   6.444e-07  HS65_LH_MUX21I1X42
datapath_module/alu_module/mul_44_34/g37383   0.001451    0.002293    0.003744   4.862e-07  HS65_LH_NOR2X50
datapath_module/alu_module/mul_44_34/FE_OCPC989_n_1653   0.001901    0.001835    0.003736   2.327e-07  HS65_LH_BFX35
datapath_module/alu_module/sll_42_34/FE_OFC448_read_data2_2   0.001459    0.002272    0.003732   6.775e-07  HS65_LH_BFX106
datapath_module/alu_module/mul_44_34/g37332   0.002123    0.001597    0.003721   3.995e-07  HS65_LH_OAI12X37
datapath_module/alu_module/mul_44_34/g37562  0.0007964     0.00292    0.003717   1.385e-07  HS65_LH_AO12X18
datapath_module/alu_module/FE_OFC59_read_data2_24  0.0003412     0.00337    0.003711   6.215e-08  HS65_LH_BFX9
datapath_module/alu_module/mul_44_34/g36907   0.001895    0.001813    0.003708   2.813e-07  HS65_LH_XOR2X18
datapath_module/alu_module/mul_44_34/FE_OCPC1024_read_data2_3   0.001774    0.001925      0.0037   6.776e-07  HS65_LH_BFX106
datapath_module/reg_file_module/CTS_ccl_a_buf_00223  0.0005817    0.003115    0.003697   6.223e-08  HS65_LH_BFX9
datapath_module/alu_module/mul_44_34/g36342   0.001825    0.001869    0.003694    2.68e-07  HS65_LH_NAND2AX29
datapath_module/reg_file_module/g42544  0.0008377     0.00285    0.003688   5.314e-07  HS65_LH_NAND2X57
datapath_module/alu_module/mul_44_34/g36722   0.002213     0.00147    0.003683   2.642e-07  HS65_LH_OR2X35
datapath_module/alu_module/mul_44_34/g36260   0.002754   0.0009239    0.003679     4.6e-07  HS65_LH_XNOR2X27
datapath_module/alu_module/mul_44_34/g36905   0.001676    0.002002    0.003678   2.779e-07  HS65_LH_OAI12X24
datapath_module/alu_module/mul_44_34/FE_RC_210_0_dup    0.00211    0.001566    0.003676   3.044e-07  HS65_LH_AOI21X35
datapath_module/alu_module/mul_44_34/g36886   0.001346    0.002324     0.00367   1.882e-07  HS65_LH_OAI12X18
datapath_module/alu_module/mul_44_34/FE_RC_781_0   0.001599    0.002068    0.003667   2.361e-07  HS65_LH_OAI21X24
datapath_module/alu_module/mul_44_34/FE_OFC499_n_58  0.0002291    0.003434    0.003663    9.97e-08  HS65_LH_BFX13
datapath_module/alu_module/mul_44_34/g38437    0.00181    0.001853    0.003662   2.821e-07  HS65_LH_XOR2X18
datapath_module/alu_module/mul_44_34/g37063    0.00178    0.001866    0.003646   2.435e-07  HS65_LH_OAI12X24
datapath_module/reg_file_module/g7658  0.0007993    0.002843    0.003642   2.548e-07  HS65_LH_IVX53
datapath_module/reg_file_module/FE_OCPC879_n_1097  0.0005506    0.003084    0.003635   1.161e-07  HS65_LH_BFX18
datapath_module/alu_module/FE_OFC483_write_data_13  0.0004927    0.003139    0.003632   2.106e-07  HS65_LH_IVX44
datapath_module/alu_module/mul_44_34/FE_RC_99_0   0.002105    0.001524    0.003629   2.419e-07  HS65_LH_PAO2X27
datapath_module/alu_module/mul_44_34/g36648   0.001144    0.002481    0.003625   1.423e-07  HS65_LH_FA1X4
datapath_module/alu_module/mul_44_34/g36451   0.002148    0.001476    0.003625   3.981e-07  HS65_LHS1_FA1X9
datapath_module/alu_module/mul_44_34/g36606   0.001912    0.001702    0.003614   2.303e-07  HS65_LH_AO12X27
datapath_module/alu_module/mul_44_34/FE_OFC46_n_675  0.0003017    0.003277    0.003578   6.256e-08  HS65_LH_BFX9
datapath_module/reg_file_module/FE_USKC932_CTS_27  0.0005038    0.003068    0.003572   5.463e-08  HS65_LH_BFX7
datapath_module/alu_module/mul_44_34/g37205   0.002032    0.001538    0.003571   3.827e-07  HS65_LH_OAI12X37
datapath_module/alu_module/mul_44_34/g38409   0.002118     0.00145    0.003569   2.385e-07  HS65_LH_AND2X35
datapath_module/alu_module/mul_44_34/g38404   0.001619    0.001944    0.003563   1.865e-07  HS65_LH_NOR2AX25
datapath_module/alu_module/g7326   0.001601    0.001962    0.003563   2.783e-07  HS65_LH_AO12X35
datapath_module/alu_module/mul_44_34/g36915   0.001351     0.00221    0.003561   1.656e-07  HS65_LH_BFX27
datapath_module/alu_module/mul_44_34/FE_OCPC731_FE_OCPN1259_FE_RN_20  0.0003171    0.003237    0.003554   1.653e-07  HS65_LH_IVX35
datapath_module/alu_module/add_34_34/FE_RC_509_0   0.002378    0.001173    0.003551   2.834e-07  HS65_LH_NAND2AX29
datapath_module/alu_module/g7318   0.001719    0.001822    0.003542   2.791e-07  HS65_LH_AO12X35
datapath_module/alu_module/FE_RC_444_0   0.002108    0.001429    0.003537   5.231e-07  HS65_LH_AOI112X35
datapath_module/reg_file_module/FE_OCPC800_write_data_13   0.001299    0.002232    0.003532   2.878e-07  HS65_LH_BFX44
datapath_module/alu_module/mul_44_34/g38526   0.002218    0.001303    0.003521   5.622e-07  HS65_LH_XNOR2X35
datapath_module/reg_file_module/FE_USKC938_CTS_16  0.0005025    0.003014    0.003517   5.463e-08  HS65_LH_BFX7
datapath_module/alu_module/mul_44_34/g36691   0.001633    0.001879    0.003513   2.455e-07  HS65_LH_NOR2AX25
datapath_module/alu_module/mul_44_34/FE_RC_319_0   0.001286    0.002224     0.00351   1.469e-07  HS65_LH_NAND2AX21
datapath_module/alu_module/FE_OCPC1408_write_data_3   0.001783    0.001716      0.0035   4.101e-07  HS65_LH_BFX62
datapath_module/alu_module/FE_RC_107_0   0.001493    0.002006    0.003499   3.181e-07  HS65_LH_NAND2AX29
datapath_module/alu_module/mul_44_34/FE_OFC62_n_210  0.0002486    0.003243    0.003492   9.978e-08  HS65_LH_BFX13
datapath_module/alu_module/mul_44_34/FE_RC_112_0   0.002071    0.001419    0.003491    6.93e-07  HS65_LH_MUX21X53
datapath_module/alu_module/mul_44_34/g36517   0.001144    0.002339    0.003483    1.41e-07  HS65_LH_FA1X4
datapath_module/alu_module/mul_44_34/g36269   0.001881    0.001592    0.003473   2.412e-07  HS65_LH_OA12X27
datapath_module/alu_module/mul_44_34/FE_OCPC770_n_46   0.001018    0.002447    0.003465   1.156e-07  HS65_LH_BFX18
datapath_module/alu_module/mul_44_34/fopt38648  0.0001147    0.003349    0.003464   3.941e-08  HS65_LH_IVX9
datapath_module/alu_module/mul_44_34/FE_OCPC1423_n_1623   0.002003     0.00146    0.003463    2.82e-07  HS65_LH_BFX44
datapath_module/alu_module/mul_44_34/FE_OCPC1411_n_816   0.001531    0.001926    0.003457   3.229e-07  HS65_LH_BFX49
datapath_module/alu_module/mul_44_34/g36622   0.001818    0.001636    0.003453   2.816e-07  HS65_LH_XNOR2X18
datapath_module/alu_module/mul_44_34/g36291   0.001866    0.001576    0.003442   2.461e-07  HS65_LH_AOI21X23
datapath_module/reg_file_module/FE_OCPC723_FE_OCPN732_write_data_5   0.001676    0.001765    0.003441   4.608e-07  HS65_LH_BFX71
datapath_module/alu_module/mul_44_34/g36888   0.002021    0.001415    0.003437   2.799e-07  HS65_LH_MUX21I1X18
datapath_module/alu_module/mul_44_34/FE_RC_360_0   0.001289    0.002139    0.003428   2.795e-07  HS65_LH_AO12X35
datapath_module/alu_module/mul_44_34/g37073   0.001934     0.00149    0.003424   2.287e-07  HS65_LH_OA12X27
datapath_module/alu_module/mul_44_34/FE_RC_806_0   0.001358    0.002064    0.003423   2.332e-07  HS65_LH_OA12X27
datapath_module/alu_module/mul_44_34/FE_RC_801_0   0.001787    0.001634    0.003421   2.528e-07  HS65_LH_NAND2AX29
datapath_module/alu_module/FE_OFC548_write_data_10  0.0004895     0.00293     0.00342   2.552e-07  HS65_LH_IVX53
datapath_module/alu_module/drc_bufs7603  9.804e-05    0.003322     0.00342   6.825e-08  HS65_LH_IVX13
datapath_module/alu_module/mul_44_34/FE_RC_351_0   0.001103    0.002315    0.003418   2.165e-07  HS65_LH_AO12X27
datapath_module/alu_module/mul_44_34/g39270   0.001832    0.001583    0.003415    2.28e-07  HS65_LH_OA22X27
datapath_module/alu_module/mul_44_34/g36434   0.002179    0.001225    0.003404   2.716e-07  HS65_LH_MUX21I1X18
datapath_module/alu_module/mul_44_34/g36782   0.001906     0.00149    0.003396   4.007e-07  HS65_LH_OAI21X37
datapath_module/alu_module/mul_44_34/g36474   0.001705    0.001681    0.003386   2.362e-07  HS65_LH_NAND2AX29
datapath_module/alu_module/FE_RC_760_0   0.001976    0.001403    0.003379   4.473e-07  HS65_LH_AOI21X46
datapath_module/alu_module/FE_OCPC740_FE_OFN429_write_data_1  0.0006637    0.002715    0.003379   1.671e-07  HS65_LH_BFX27
datapath_module/alu_module/mul_44_34/FE_RC_350_0   0.002067    0.001301    0.003369   3.827e-07  HS65_LH_AOI12X35
datapath_module/alu_module/mul_44_34/g37028   0.001569    0.001796    0.003365   2.462e-07  HS65_LH_OAI12X24
datapath_module/alu_module/mul_44_34/g39265    0.00224    0.001118    0.003357   2.855e-07  HS65_LHS_XNOR2X18
datapath_module/alu_module/mul_44_34/FE_RC_790_0    0.00175    0.001606    0.003356   2.075e-07  HS65_LH_OR2X27
datapath_module/reg_file_module/FE_OFC427_write_data_8  0.0002407    0.003115    0.003355   8.129e-08  HS65_LH_IVX18
datapath_module/alu_module/mul_44_34/FE_RC_302_0   0.001872    0.001483    0.003355   2.111e-07  HS65_LH_AND2X27
datapath_module/alu_module/mul_44_34/FE_OCPC619_n_148   0.001351    0.002004    0.003355   1.641e-07  HS65_LH_BFX27
datapath_module/alu_module/mul_44_34/g37014   0.001002    0.002348    0.003351   1.394e-07  HS65_LH_FA1X4
datapath_module/alu_module/mul_44_34/g36605   0.001908    0.001439    0.003347   2.304e-07  HS65_LH_AO12X27
datapath_module/alu_module/mul_44_34/g39261   0.002185    0.001149    0.003334   2.884e-07  HS65_LHS_XNOR2X18
datapath_module/alu_module/mul_44_34/g37558  0.0006719    0.002661    0.003333   1.111e-07  HS65_LH_AOI12X12
datapath_module/reg_file_module/g42554  0.0007481    0.002584    0.003333   5.467e-07  HS65_LH_NAND2X57
datapath_module/alu_module/mul_44_34/g36630   0.001838    0.001476    0.003314   2.368e-07  HS65_LH_AOI12X23
datapath_module/alu_module/mul_44_34/FE_RC_768_0   0.001852    0.001461    0.003313   2.143e-07  HS65_LH_AND2X27
datapath_module/alu_module/mul_44_34/g36309_dup    0.00171    0.001596    0.003306   2.317e-07  HS65_LH_NAND2AX29
datapath_module/reg_file_module/FE_OCPC884_n_1100   0.001483     0.00182    0.003303   2.367e-07  HS65_LH_BFX35
datapath_module/alu_module/drc_bufs7634  7.999e-05     0.00322      0.0033    7.92e-08  HS65_LH_IVX18
datapath_module/alu_module/mul_44_34/g36871   0.002302   0.0009963    0.003299   2.811e-07  HS65_LHS_XNOR2X18
datapath_module/alu_module/mul_44_34/g37071    0.00134    0.001955    0.003294   1.834e-07  HS65_LH_OAI12X18
datapath_module/alu_module/mul_44_34/g36851_dup   0.001701     0.00159    0.003291   2.888e-07  HS65_LH_NOR2X38
datapath_module/reg_file_module/FE_USKC935_CTS_37  0.0005068    0.002782    0.003289   5.463e-08  HS65_LH_BFX7
datapath_module/alu_module/mul_44_34/fopt38650  0.0002975    0.002989    0.003287   6.235e-08  HS65_LH_BFX9
datapath_module/alu_module/mul_44_34/drc_bufs38393  0.0001085    0.003167    0.003276   6.825e-08  HS65_LH_IVX13
datapath_module/alu_module/g7343   0.001063    0.002212    0.003275   2.179e-07  HS65_LH_AO12X27
datapath_module/alu_module/mul_44_34/g38497   0.002008    0.001266    0.003274   2.849e-07  HS65_LHS_XNOR2X18
datapath_module/alu_module/mul_44_34/FE_RC_100_0   0.001673    0.001597    0.003269   2.464e-07  HS65_LH_OAI21X24
datapath_module/alu_module/mul_44_34/FE_OFC44_n_490  0.0002527    0.003002    0.003255    6.24e-08  HS65_LH_BFX9
datapath_module/alu_module/mul_44_34/FE_OFC540_read_data1_4  0.0001082    0.003144    0.003252   8.083e-08  HS65_LH_IVX18
datapath_module/alu_module/mul_44_34/FE_RC_358_0   0.001712    0.001534    0.003245   2.473e-07  HS65_LH_MUXI21X15
datapath_module/alu_module/mul_44_34/g36669   0.001916    0.001329    0.003245    2.26e-07  HS65_LH_AOI12X23
datapath_module/alu_module/mul_44_34/g37047   0.002052    0.001174    0.003227   4.571e-07  HS65_LH_XOR2X27
datapath_module/alu_module/mul_44_34/g36950   0.001902    0.001324    0.003226   2.386e-07  HS65_LH_PAOI2X22
datapath_module/alu_module/mul_44_34/g37904   0.001201    0.002023    0.003224   2.355e-07  HS65_LH_BFX35
datapath_module/alu_module/mul_44_34/g37055   0.001972    0.001251    0.003223   3.253e-07  HS65_LH_XOR3X27
datapath_module/alu_module/FE_OFC580_n_267  0.0009986    0.002224    0.003223    3.37e-07  HS65_LH_BFX53
datapath_module/alu_module/mul_44_34/g39319   0.002227   0.0009945    0.003222    2.77e-07  HS65_LHS_XOR2X17
datapath_module/alu_module/mul_44_34/FE_OCPC734_FE_RN_9   0.001141    0.002078    0.003219   3.371e-07  HS65_LH_BFX53
datapath_module/alu_module/mul_44_34/g36611   0.001216    0.002002    0.003218   2.741e-07  HS65_LH_NAND2X29
datapath_module/alu_module/mul_44_34/FE_RC_742_0   0.001909    0.001304    0.003213   3.548e-07  HS65_LH_AOI12X35
datapath_module/alu_module/mul_44_34/FE_OFC559_n_76  0.0002576    0.002936    0.003194   9.972e-08  HS65_LH_BFX13
datapath_module/alu_module/g7342   0.001231     0.00196    0.003191   2.159e-07  HS65_LH_AO12X27
datapath_module/alu_module/mul_44_34/g36672   0.001659    0.001528    0.003187   2.067e-07  HS65_LH_NOR2X38
datapath_module/alu_module/mul_44_34/g36687   0.002103    0.001074    0.003177   2.381e-07  HS65_LH_PAO2X27
datapath_module/alu_module/FE_RC_344_0   0.001659    0.001515    0.003174   3.151e-07  HS65_LH_NAND2AX29
datapath_module/alu_module/mul_44_34/g36643   0.001401    0.001757    0.003158   1.892e-07  HS65_LH_OAI21X18
datapath_module/alu_module/mul_44_34/g38266  9.321e-05    0.003064    0.003158    3.97e-08  HS65_LH_IVX9
datapath_module/alu_module/mul_44_34/FE_OCPC1343_n_1084    0.00136     0.00177     0.00313   2.366e-07  HS65_LH_BFX35
datapath_module/alu_module/mul_44_34/g38583   0.002555   0.0005733    0.003129   6.058e-07  HS65_LH_MUX21X44
datapath_module/alu_module/mul_44_34/g38428   0.001822    0.001299    0.003121   2.818e-07  HS65_LH_XNOR2X18
datapath_module/alu_module/mul_44_34/g38253  8.696e-05    0.003031    0.003118   3.967e-08  HS65_LH_IVX9
datapath_module/alu_module/sll_42_34/FE_PDC1510_n_86   0.000615    0.002494    0.003109    1.16e-07  HS65_LH_BFX18
datapath_module/alu_module/mul_44_34/FE_OCPC613_n_186   0.000793    0.002308    0.003101   9.975e-08  HS65_LH_BFX13
datapath_module/alu_module/mul_44_34/g36815   0.001151     0.00195    0.003101   1.415e-07  HS65_LH_FA1X4
datapath_module/alu_module/mul_44_34/g36812   0.001143    0.001947     0.00309   1.408e-07  HS65_LH_FA1X4
datapath_module/alu_module/mul_44_34/g36679    0.00115    0.001931    0.003081   1.422e-07  HS65_LH_FA1X4
datapath_module/alu_module/mul_44_34/FE_RC_291_0   0.001996    0.001083     0.00308   3.803e-07  HS65_LH_OAI22X33
datapath_module/alu_module/mul_44_34/FE_OCPC773_n_141   0.001004    0.002075    0.003079   1.149e-07  HS65_LH_BFX18
datapath_module/alu_module/FE_OFC573_read_data2_3  0.0004483    0.002619    0.003067   3.337e-07  HS65_LH_IVX71
datapath_module/alu_module/g7548  0.0003645    0.002698    0.003063   1.271e-07  HS65_LH_OR2X18
datapath_module/alu_module/mul_44_34/FE_RC_315_0   0.002064   0.0009914    0.003056   3.054e-07  HS65_LH_AOI21X35
datapath_module/alu_module/mul_44_34/g37172   0.001974    0.001065    0.003039   4.599e-07  HS65_LH_XNOR2X27
datapath_module/alu_module/mul_44_34/FE_RC_720_0   0.001913    0.001123    0.003036   3.241e-07  HS65_LH_MUXI21X20
datapath_module/alu_module/mul_44_34/g36314   0.001228    0.001806    0.003034    1.45e-07  HS65_LH_NOR2AX19
datapath_module/alu_module/mul_44_34/g37536  0.0008399    0.002189    0.003029   1.725e-07  HS65_LH_AOI12X17
datapath_module/alu_module/mul_44_34/g36671   0.001603    0.001418    0.003021   2.971e-07  HS65_LH_NOR2AX25
datapath_module/alu_module/mul_44_34/g37340   0.001429    0.001585    0.003014   2.732e-07  HS65_LH_AND2ABX35
datapath_module/alu_module/mul_44_34/FE_RC_756_0   0.001315    0.001698    0.003014   3.184e-07  HS65_LH_NAND2AX29
datapath_module/alu_module/FE_OFC45_read_data2_29  0.0002633     0.00275    0.003013   6.216e-08  HS65_LH_BFX9
datapath_module/alu_module/mul_44_34/FE_RC_759_0   0.001409    0.001601     0.00301   2.353e-07  HS65_LH_AOI21X23
datapath_module/alu_module/FE_OCPC608_read_data2_0   0.000544    0.002464    0.003009   1.662e-07  HS65_LH_BFX27
datapath_module/alu_module/mul_44_34/g37114   0.001746    0.001258    0.003004   2.396e-07  HS65_LH_PAOI2X22
datapath_module/alu_module/mul_44_34/FE_OCPC646_n_813   0.001042    0.001948    0.002991   2.368e-07  HS65_LH_BFX35
datapath_module/alu_module/mul_44_34/FE_RC_589_0   0.001158    0.001831     0.00299       3e-07  HS65_LH_NOR2AX25
datapath_module/alu_module/mul_44_34/g37293   0.001057    0.001932    0.002989   1.856e-07  HS65_LH_AOI22X17
datapath_module/alu_module/mul_44_34/g36530    0.00114    0.001842    0.002982   1.417e-07  HS65_LH_FA1X4
datapath_module/alu_module/mul_44_34/FE_RC_381_0   0.001498    0.001471    0.002969   2.399e-07  HS65_LH_NAND2AX21
datapath_module/reg_file_module/FE_OCPC798_n   0.001002    0.001961    0.002962   2.367e-07  HS65_LH_BFX35
datapath_module/alu_module/mul_44_34/g36849   0.002099   0.0008584    0.002957   2.334e-07  HS65_LH_PAO2X27
datapath_module/alu_module/mul_44_34/FE_RC_575_0    0.00146    0.001491    0.002952   2.796e-07  HS65_LH_AO12X35
datapath_module/alu_module/mul_44_34/FE_OCPC960_n_713  0.0008799     0.00207     0.00295    2.37e-07  HS65_LH_BFX35
datapath_module/alu_module/mul_44_34/g36729   0.001622    0.001328     0.00295    1.81e-07  HS65_LH_NAND2AX29
datapath_module/alu_module/mul_44_34/g36945   0.001712    0.001236    0.002948     2.8e-07  HS65_LH_MUX21I1X18
datapath_module/alu_module/mul_44_34/g36522   0.001785    0.001156    0.002941   2.498e-07  HS65_LH_OAI12X24
datapath_module/alu_module/FE_OCPC1221_FE_OFN423_read_data1_5   0.002272   0.0006675     0.00294   6.819e-07  HS65_LH_BFX106
datapath_module/alu_module/mul_44_34/g38510   0.001898     0.00104    0.002938   2.856e-07  HS65_LHS_XNOR2X18
datapath_module/alu_module/mul_44_34/g38250  0.0001207    0.002813    0.002934   8.107e-08  HS65_LH_IVX18
datapath_module/alu_module/g7321   0.001363    0.001569    0.002933   2.173e-07  HS65_LH_AO12X27
datapath_module/alu_module/mul_44_34/g36608   0.002059    0.000873    0.002933   2.323e-07  HS65_LH_PAO2X27
datapath_module/alu_module/mul_44_34/FE_OCPC1091_n_1572   0.001014    0.001916    0.002931   1.152e-07  HS65_LH_BFX18
datapath_module/alu_module/FE_OCPC1375_read_data1_1  0.0004388    0.002491     0.00293   1.653e-07  HS65_LH_BFX27
datapath_module/alu_module/mul_44_34/FE_RC_204_0    0.00168    0.001243    0.002924   4.055e-07  HS65_LH_BFX62
datapath_module/alu_module/FE_OCPC616_read_data1_2  0.0007475    0.002176    0.002924   2.343e-07  HS65_LH_BFX35
datapath_module/alu_module/mul_44_34/FE_RC_777_0   0.001158    0.001765    0.002923   3.385e-07  HS65_LH_AOI21X35
datapath_module/alu_module/mul_44_34/g38673    0.00183    0.001091    0.002921   2.873e-07  HS65_LHS_XNOR2X18
datapath_module/alu_module/mul_44_34/FE_OCPC774_n_189   0.001529    0.001389    0.002919   1.669e-07  HS65_LH_BFX27
datapath_module/alu_module/mul_44_34/g36359   0.001789    0.001129    0.002919   2.713e-07  HS65_LH_NOR2X38
datapath_module/alu_module/mul_44_34/FE_OCPC705_n_1549   0.001929   0.0009838    0.002913   2.371e-07  HS65_LH_BFX35
datapath_module/alu_module/mul_44_34/g36955   0.001164    0.001746     0.00291   3.362e-07  HS65_LH_NOR2X38
datapath_module/alu_module/mul_44_34/g37165   0.001711    0.001193    0.002905   4.181e-07  HS65_LH_OAI12X37
datapath_module/alu_module/mul_44_34/g36872   0.001748    0.001154    0.002902    2.82e-07  HS65_LH_XNOR2X18
datapath_module/alu_module/mul_44_34/FE_OCPC773_read_data1_3   0.001298    0.001603    0.002901   2.854e-07  HS65_LH_BFX44
datapath_module/alu_module/mul_44_34/g36268   0.001984   0.0009099    0.002894   2.172e-07  HS65_LH_OA12X27
datapath_module/alu_module/mul_44_34/g38424   0.001842    0.001043    0.002886   2.818e-07  HS65_LH_XNOR2X18
datapath_module/alu_module/mul_44_34/g36345   0.001315    0.001568    0.002884   1.786e-07  HS65_LH_NAND2AX21
datapath_module/reg_file_module/FE_OFC509_write_data_14  0.0006576    0.002224    0.002882   2.982e-07  HS65_LH_IVX62
datapath_module/alu_module/mul_44_34/g36303    0.00185    0.001031    0.002882   2.252e-07  HS65_LH_OAI12X24
datapath_module/reg_file_module/g42565  0.0004623    0.002419    0.002881   1.805e-07  HS65_LH_OR3ABCX18
datapath_module/alu_module/mul_44_34/g36579    0.00115    0.001727    0.002878   1.406e-07  HS65_LH_FA1X4
datapath_module/alu_module/mul_44_34/g38533   0.001898   0.0009782    0.002877   5.383e-07  HS65_LH_MUX21I1X36
datapath_module/alu_module/mul_44_34/g37067    0.00133    0.001546    0.002876   1.821e-07  HS65_LH_OAI12X18
datapath_module/alu_module/mul_44_34/g36294   0.001195    0.001676    0.002871    1.79e-07  HS65_LH_NOR2X25
datapath_module/alu_module/g7364  0.0004666    0.002401    0.002868   8.342e-08  HS65_LH_AO212X4
datapath_module/alu_module/mul_44_34/FE_RC_248_0   0.001813    0.001054    0.002868   2.002e-07  HS65_LH_CBI4I1X21
datapath_module/alu_module/mul_44_34/g38353  0.0001614    0.002706    0.002868   8.079e-08  HS65_LH_IVX18
datapath_module/alu_module/mul_44_34/FE_OCPC1476_FE_RN_5  0.0006389    0.002218    0.002857   1.646e-07  HS65_LH_BFX27
datapath_module/alu_module/mul_44_34/FE_RC_465_0    0.00121    0.001644    0.002855   4.039e-07  HS65_LH_NAND2X43
datapath_module/alu_module/mul_44_34/g36765   0.001887   0.0009655    0.002853   2.347e-07  HS65_LH_OA12X27
datapath_module/alu_module/mul_44_34/g36789   0.001144    0.001696    0.002841   1.411e-07  HS65_LH_FA1X4
datapath_module/alu_module/g7349   0.001294     0.00154    0.002834   3.574e-07  HS65_LH_OAI21X37
datapath_module/alu_module/mul_44_34/g36770   0.001865   0.0009677    0.002833    2.37e-07  HS65_LH_AO12X27
datapath_module/alu_module/mul_44_34/g38509   0.001768    0.001064    0.002832   2.817e-07  HS65_LH_XNOR2X18
datapath_module/alu_module/mul_44_34/g36758   0.001547    0.001284    0.002831    1.66e-07  HS65_LH_BFX27
datapath_module/alu_module/mul_44_34/g36352    0.00123    0.001599    0.002829   1.436e-07  HS65_LH_NOR2AX19
datapath_module/alu_module/mul_44_34/g36768    0.00137     0.00145    0.002821   1.789e-07  HS65_LH_AOI12X17
datapath_module/alu_module/mul_44_34/g36563  0.0009835    0.001837    0.002821   1.491e-07  HS65_LH_NAND2X21
datapath_module/alu_module/FE_OFC60_read_data2_28  0.0002918    0.002522    0.002814   6.217e-08  HS65_LH_BFX9
datapath_module/reg_file_module/g42615   0.000793    0.002017    0.002811   5.415e-07  HS65_LH_NAND2X57
datapath_module/alu_module/g7375  0.0005393    0.002269    0.002809   8.335e-08  HS65_LH_AO212X4
datapath_module/alu_module/mul_44_34/g37552  0.0006965     0.00211    0.002806   1.377e-07  HS65_LH_AO12X18
datapath_module/alu_module/mul_44_34/g38609    0.00223   0.0005753    0.002805   3.951e-07  HS65_LHS1_FA1X9
datapath_module/alu_module/mul_44_34/FE_OCPC965_n_1462   0.001543    0.001257    0.002801   1.658e-07  HS65_LH_BFX27
datapath_module/alu_module/mul_44_34/FE_OCPC1014_n_1623   0.001275    0.001525      0.0028   1.642e-07  HS65_LH_BFX27
datapath_module/alu_module/mul_44_34/FE_OCPC639_n_134   0.001868   0.0009316      0.0028    2.34e-07  HS65_LH_BFX35
datapath_module/alu_module/FE_RC_95_0   0.001839   0.0009421    0.002781   3.437e-07  HS65_LH_AOI12X35
datapath_module/alu_module/mul_44_34/FE_RC_94_0   0.001223    0.001557    0.002781   1.811e-07  HS65_LH_AOI22X17
datapath_module/alu_module/mul_44_34/g36518   0.001148    0.001632    0.002781    1.41e-07  HS65_LH_FA1X4
datapath_module/alu_module/mul_44_34/g37065   0.001777    0.001002    0.002779   2.456e-07  HS65_LH_OAI12X24
datapath_module/alu_module/mul_44_34/g38483   0.002331   0.0004461    0.002777   2.894e-07  HS65_LHS_XNOR2X18
datapath_module/alu_module/mul_44_34/g37862_dup1   0.001465    0.001306    0.002771   4.527e-07  HS65_LH_MUX21X35
datapath_module/alu_module/srl_43_34/g5796    0.00185   0.0009136    0.002764    2.63e-07  HS65_LH_MUX21I1X18
datapath_module/alu_module/mul_44_34/g36481   0.001987   0.0007755    0.002763   2.214e-07  HS65_LH_AO12X27
datapath_module/alu_module/mul_44_34/g36581   0.001141    0.001622    0.002762    1.42e-07  HS65_LH_FA1X4
datapath_module/alu_module/FE_OFC450_read_data2_2  0.0008752    0.001881    0.002757   4.041e-07  HS65_LH_BFX62
datapath_module/reg_file_module/FE_PSC1686_n_1123  0.0003472    0.002404    0.002751   6.253e-08  HS65_LH_BFX9
datapath_module/alu_module/mul_44_34/g39263   0.001841   0.0009095    0.002751   2.819e-07  HS65_LH_XNOR2X18
datapath_module/alu_module/mul_44_34/g39017   0.001418    0.001325    0.002743   2.185e-07  HS65_LH_NAND2AX21
datapath_module/alu_module/mul_44_34/g36711   0.001138    0.001601    0.002739   1.411e-07  HS65_LH_FA1X4
datapath_module/reg_file_module/FE_OCPC1497_n  0.0003119    0.002427    0.002739   6.253e-08  HS65_LH_BFX9
datapath_module/alu_module/mul_44_34/g36459   0.001355    0.001379    0.002735   1.966e-07  HS65_LH_OAI12X18
datapath_module/alu_module/mul_44_34/g38260  0.0001358    0.002598    0.002734   8.088e-08  HS65_LH_IVX18
datapath_module/alu_module/mul_44_34/FE_OCPC803_n_3398    0.00174   0.0009913    0.002732   2.215e-07  HS65_LH_BFX31
datapath_module/alu_module/mul_44_34/g38473   0.001888   0.0008395    0.002728   2.877e-07  HS65_LHS_XNOR2X18
datapath_module/alu_module/FE_OFC40_read_data2_22  0.0002117    0.002513    0.002724   6.201e-08  HS65_LH_BFX9
datapath_module/alu_module/mul_44_34/g37127    0.00168    0.001044    0.002724   2.407e-07  HS65_LH_PAOI2X22
datapath_module/alu_module/mul_44_34/g36363   0.001258    0.001464    0.002722   2.105e-07  HS65_LH_NOR2X25
datapath_module/reg_file_module/FE_OCPC801_write_data_3   0.001015      0.0017    0.002716   2.367e-07  HS65_LH_BFX35
datapath_module/alu_module/srl_43_34/g5935  0.0007746    0.001941    0.002716   2.014e-07  HS65_LH_AND2ABX27
datapath_module/alu_module/mul_44_34/FE_RC_363_0   0.001373     0.00134    0.002714   2.035e-07  HS65_LH_OAI21X18
datapath_module/alu_module/mul_44_34/g37184   0.001243    0.001466     0.00271   2.761e-07  HS65_LH_NAND2AX29
datapath_module/alu_module/mul_44_34/g36882   0.001178    0.001526    0.002704   2.743e-07  HS65_LH_NAND2X29
datapath_module/alu_module/mul_44_34/FE_RC_714_0   0.001796   0.0009054    0.002702   6.063e-07  HS65_LH_MUX21X44
datapath_module/alu_module/mul_44_34/FE_OFC588_read_data2_5  0.0003566    0.002339    0.002696   1.665e-07  HS65_LH_IVX35
datapath_module/alu_module/mul_44_34/g36547  0.0006729    0.002018    0.002691   1.025e-07  HS65_LH_NOR2X13
datapath_module/alu_module/mul_44_34/g36541   0.001152    0.001539    0.002691   1.409e-07  HS65_LH_FA1X4
datapath_module/alu_module/mul_44_34/g36917   0.001115    0.001575     0.00269   1.408e-07  HS65_LH_FA1X4
datapath_module/alu_module/mul_44_34/g36831   0.001141    0.001548     0.00269   1.412e-07  HS65_LH_FA1X4
datapath_module/reg_file_module/FE_OCPC725_FE_OFN429_write_data_1  0.0006683    0.002021    0.002689   1.671e-07  HS65_LH_BFX27
datapath_module/alu_module/mul_44_34/g38770   0.001228    0.001456    0.002683   1.421e-07  HS65_LH_NOR2X25
datapath_module/alu_module/mul_44_34/FE_RC_508_0   0.001894   0.0007885    0.002683   3.494e-07  HS65_LH_AOI22X33
datapath_module/alu_module/mul_44_34/g36629   0.001357    0.001326    0.002683   1.723e-07  HS65_LH_OAI12X18
datapath_module/alu_module/mul_44_34/FE_RC_322_0  0.0008868    0.001783     0.00267   1.945e-07  HS65_LH_OAI21X18
datapath_module/alu_module/mul_44_34/g37995  0.0001059    0.002557    0.002663   3.959e-08  HS65_LH_IVX9
datapath_module/alu_module/mul_44_34/FE_RC_122_0   0.001701   0.0009609    0.002662   1.981e-07  HS65_LH_OAI22X17
datapath_module/alu_module/mul_44_34/g38667   0.001803   0.0008444    0.002648   5.458e-07  HS65_LH_MUX21I1X36
datapath_module/alu_module/mul_44_34/g38484    0.00114    0.001504    0.002644   1.306e-07  HS65_LH_PAOI2X11
datapath_module/alu_module/mul_44_34/g36846   0.001102    0.001536    0.002638   1.402e-07  HS65_LH_FA1X4
datapath_module/alu_module/mul_44_34/FE_RC_157_0   0.001578    0.001059    0.002637   1.879e-07  HS65_LH_NAND2AX21
datapath_module/reg_file_module/g42656  0.0009174    0.001712    0.002629   4.453e-07  HS65_LH_NAND2X57
datapath_module/alu_module/mul_44_34/g37159  0.0007992    0.001829    0.002628   1.379e-07  HS65_LH_XNOR2X4
datapath_module/alu_module/mul_44_34/g36710   0.001142    0.001484    0.002626   1.424e-07  HS65_LH_FA1X4
datapath_module/alu_module/mul_44_34/g37902  9.487e-05    0.002529    0.002623   2.791e-08  HS65_LH_IVX4
datapath_module/alu_module/mul_44_34/FE_RC_728_0   0.001319    0.001303    0.002622   3.819e-07  HS65_LH_OAI21X37
datapath_module/alu_module/mul_44_34/g36652   0.001815   0.0007958    0.002611   2.819e-07  HS65_LH_XNOR2X18
datapath_module/alu_module/mul_44_34/g38577   0.001356    0.001252    0.002608   3.664e-07  HS65_LH_MUX21I1X24
datapath_module/alu_module/mul_44_34/g37043   0.001406    0.001197    0.002604   2.596e-07  HS65_LH_NAND2AX29
datapath_module/alu_module/sub_35_34/g27381   0.001725   0.0008781    0.002603   2.819e-07  HS65_LH_XNOR2X18
datapath_module/alu_module/mul_44_34/g37225   0.001133    0.001459    0.002592   2.984e-07  HS65_LH_NOR2AX25
datapath_module/alu_module/mul_44_34/g37304   0.001155    0.001433    0.002588   3.131e-07  HS65_LH_NAND2AX29
datapath_module/alu_module/mul_44_34/g37061   0.001415    0.001173    0.002588   1.761e-07  HS65_LH_AOI12X17
datapath_module/alu_module/mul_44_34/g36791   0.001139    0.001448    0.002588   1.417e-07  HS65_LH_FA1X4
datapath_module/alu_module/sub_35_34/g27115  0.0009309    0.001656    0.002587   1.484e-07  HS65_LH_NAND2X21
datapath_module/alu_module/mul_44_34/g36492    0.00127    0.001317    0.002587   1.838e-07  HS65_LH_OAI12X18
datapath_module/alu_module/mul_44_34/FE_RC_97_0   0.001739   0.0008464    0.002585   3.082e-07  HS65_LH_NAND2AX29
datapath_module/alu_module/mul_44_34/g36983    0.00112    0.001465    0.002585   1.409e-07  HS65_LH_FA1X4
datapath_module/alu_module/mul_44_34/g36771_dup    0.00197    0.000614    0.002585   2.324e-07  HS65_LH_OA12X27
datapath_module/alu_module/mul_44_34/FE_RC_401_0   0.001592    0.000986    0.002578   4.671e-07  HS65_LH_AOI21X46
datapath_module/reg_file_module/FE_OCPC1048_n_1168   0.001649    0.000926    0.002576   2.879e-07  HS65_LH_BFX44
datapath_module/alu_module/sub_35_34/g27377   0.001716   0.0008592    0.002575   2.819e-07  HS65_LH_XNOR2X18
datapath_module/alu_module/mul_44_34/FE_RC_115_0  0.0006831    0.001888    0.002572   2.318e-07  HS65_LH_AOI21X23
datapath_module/alu_module/FE_OFC58_read_data1_31  0.0001848    0.002384    0.002568   6.199e-08  HS65_LH_BFX9
datapath_module/alu_module/mul_44_34/g36416   0.001821   0.0007446    0.002566   2.819e-07  HS65_LH_XOR2X18
datapath_module/alu_module/mul_44_34/g38349   9.32e-05    0.002469    0.002562   6.825e-08  HS65_LH_IVX13
datapath_module/alu_module/mul_44_34/g36298   0.001287    0.001275    0.002562   2.262e-07  HS65_LH_NAND2X29
datapath_module/alu_module/mul_44_34/g39260   0.001562   0.0009984    0.002561   1.751e-07  HS65_LHS_XOR2X12
datapath_module/alu_module/mul_44_34/FE_RC_253_0  0.0008611    0.001694    0.002556   1.412e-07  HS65_LH_AO22X18
datapath_module/alu_module/sll_42_34/g19920  0.0001227    0.002429    0.002552   7.995e-08  HS65_LH_IVX18
datapath_module/alu_module/mul_44_34/g38375  8.796e-05    0.002463    0.002551   3.962e-08  HS65_LH_IVX9
datapath_module/reg_file_module/FE_OCPC1414_write_data_24   0.001481    0.001068    0.002549   2.878e-07  HS65_LH_BFX44
datapath_module/alu_module/mul_44_34/g36790   0.001136    0.001408    0.002545   1.411e-07  HS65_LH_FA1X4
datapath_module/alu_module/mul_44_34/g36754   0.001144      0.0014    0.002544   1.394e-07  HS65_LH_FA1X4
datapath_module/alu_module/mul_44_34/g38732   0.001252    0.001287    0.002539   1.442e-07  HS65_LH_AO12X18
datapath_module/reg_file_module/FE_OCPC1389_write_data_24   0.001481    0.001055    0.002536   2.878e-07  HS65_LH_BFX44
datapath_module/alu_module/mul_44_34/g37401   0.001075    0.001456    0.002531   3.031e-07  HS65_LH_NOR2AX25
datapath_module/alu_module/mul_44_34/FE_RC_407_0   0.001761   0.0007701    0.002531   2.558e-07  HS65_LH_OAI12X24
datapath_module/alu_module/drc_bufs7601  7.447e-05    0.002456     0.00253   3.979e-08  HS65_LH_IVX9
datapath_module/alu_module/mul_44_34/g36455   0.001114    0.001416     0.00253   1.295e-07  HS65_LH_PAOI2X11
datapath_module/alu_module/mul_44_34/g36650   0.001192    0.001337    0.002529    2.64e-07  HS65_LH_NAND2X29
datapath_module/alu_module/mul_44_34/FE_OCPC689_FE_RN_5    0.00117    0.001354    0.002525   3.334e-07  HS65_LH_BFX53
datapath_module/alu_module/mul_44_34/g37060    0.00133    0.001194    0.002525   1.822e-07  HS65_LH_OAI12X18
datapath_module/alu_module/mul_44_34/g36678   0.001247    0.001277    0.002524   2.086e-07  HS65_LHS1_HA1X8
datapath_module/alu_module/mul_44_34/g39276   0.001717   0.0008064    0.002524   3.596e-07  HS65_LH_MUX21X27
datapath_module/alu_module/mul_44_34/g38521   0.001705   0.0008072    0.002513   2.825e-07  HS65_LHS_XOR2X17
datapath_module/alu_module/srl_43_34/g5983  0.0007928    0.001718    0.002511   2.158e-07  HS65_LH_NOR2AX25
datapath_module/alu_module/mul_44_34/g39257    0.00165   0.0008603    0.002511   1.776e-07  HS65_LHS_XNOR2X12
datapath_module/alu_module/mul_44_34/g36264   0.001811   0.0006989     0.00251   2.817e-07  HS65_LH_XNOR2X18
datapath_module/alu_module/FE_RC_236_0   0.001516    0.000994     0.00251    2.15e-07  HS65_LH_AOI212X18
datapath_module/alu_module/mul_44_34/g37122  0.0004771    0.002033     0.00251   6.238e-08  HS65_LH_PAO2X4
datapath_module/alu_module/mul_44_34/g37050   0.001031    0.001476    0.002508   1.137e-07  HS65_LH_AOI12X12
datapath_module/alu_module/mul_44_34/g36261   0.001813   0.0006887    0.002502   2.817e-07  HS65_LH_XNOR2X18
datapath_module/alu_module/mul_44_34/g37036   0.001866   0.0006346    0.002501   3.362e-07  HS65_LH_PAOI2X33
datapath_module/alu_module/mul_44_34/FE_RC_437_0   0.001178    0.001318    0.002496   3.636e-07  HS65_LHS_XOR2X23
datapath_module/alu_module/mul_44_34/FE_OCPC662_n_106  0.0004673    0.002028    0.002495   2.524e-07  HS65_LH_IVX53
datapath_module/alu_module/mul_44_34/FE_OCPC1016_n_155   0.001022    0.001469    0.002492   1.154e-07  HS65_LH_BFX18
datapath_module/alu_module/mul_44_34/g36751   0.001211    0.001281    0.002491   1.376e-07  HS65_LH_NAND2AX21
datapath_module/alu_module/mul_44_34/g36400   0.001503   0.0009856    0.002489    1.86e-07  HS65_LH_AOI12X17
datapath_module/alu_module/mul_44_34/FE_OCPC607_n_184  0.0006853    0.001801    0.002486   9.929e-08  HS65_LH_BFX13
datapath_module/alu_module/mul_44_34/g36595  0.0002221    0.002261    0.002483   3.979e-08  HS65_LH_IVX9
datapath_module/alu_module/g7369  0.0005384    0.001944    0.002482   8.318e-08  HS65_LH_AO212X4
datapath_module/alu_module/mul_44_34/g36874   0.002009   0.0004721    0.002481   2.745e-07  HS65_LH_MUX21I1X18
datapath_module/alu_module/sll_42_34/g19782   0.001448    0.001031     0.00248   3.032e-07  HS65_LH_OAI22X33
datapath_module/alu_module/mul_44_34/FE_OFC19_n_249  0.0002128    0.002266    0.002479   6.237e-08  HS65_LH_BFX9
datapath_module/alu_module/mul_44_34/FE_RC_150_0  0.0008405    0.001635    0.002475   2.383e-07  HS65_LH_NAND2AX21
datapath_module/alu_module/mul_44_34/FE_RC_771_0  0.0009526    0.001522    0.002474   1.573e-07  HS65_LH_NAND2X21
datapath_module/reg_file_module/g42547  0.0006893    0.001779    0.002469   5.145e-07  HS65_LH_NAND2X57
datapath_module/alu_module/mul_44_34/g36919   0.001401    0.001067    0.002468   2.199e-07  HS65_LH_NAND2AX21
datapath_module/alu_module/mul_44_34/g37024   0.001654   0.0008113    0.002465   1.779e-07  HS65_LHS_XNOR2X12
datapath_module/reg_file_module/reg_memory_reg[29][20]1942   0.002461           0    0.002461   3.661e-07  HS65_LHS_SDFPQX27
datapath_module/reg_file_module/reg_memory_reg[23][23]1561   0.002459           0    0.002459    3.66e-07  HS65_LHS_SDFPQX27
datapath_module/alu_module/mul_44_34/g36537   0.001189     0.00127    0.002459   2.126e-07  HS65_LHS1_HA1X8
datapath_module/alu_module/mul_44_34/FE_RC_458_0   0.001589   0.0008691    0.002459   3.949e-07  HS65_LH_OAI22X33
datapath_module/alu_module/mul_44_34/g36335   0.001307    0.001152    0.002459   2.112e-07  HS65_LH_OAI12X18
datapath_module/reg_file_module/reg_memory_reg[29][23]1945   0.002458           0    0.002459   3.659e-07  HS65_LHS_SDFPQX27
datapath_module/reg_file_module/reg_memory_reg[29][17]1939   0.002456           0    0.002456   3.663e-07  HS65_LHS_SDFPQX27
datapath_module/alu_module/sll_42_34/FE_OFC751_n_79  0.0002649    0.002188    0.002453   4.898e-08  HS65_LH_BFX4
datapath_module/reg_file_module/reg_memory_reg[30][19]2005    0.00245           0    0.002451   3.664e-07  HS65_LHS_SDFPQX27
datapath_module/alu_module/mul_44_34/g36273   0.001287    0.001163    0.002451     1.4e-07  HS65_LH_OA12X18
datapath_module/reg_file_module/reg_memory_reg[21][18]1428    0.00245           0     0.00245   3.665e-07  HS65_LHS_SDFPQX27
datapath_module/alu_module/mul_44_34/g36762   0.001027    0.001422    0.002448   1.388e-07  HS65_LH_FA1X4
datapath_module/alu_module/mul_44_34/FE_OCPC611_n_118  0.0009854    0.001463    0.002448   2.368e-07  HS65_LH_BFX35
datapath_module/alu_module/mul_44_34/FE_RC_139_0  0.0008814    0.001564    0.002445   1.234e-07  HS65_LH_NAND2X21
datapath_module/alu_module/mul_44_34/g36283   0.001192    0.001252    0.002444   1.886e-07  HS65_LH_NOR2X25
datapath_module/reg_file_module/reg_memory_reg[31][5]2055   0.002444           0    0.002444   3.661e-07  HS65_LHS_SDFPQX27
datapath_module/alu_module/mul_44_34/g37369   0.001022    0.001422    0.002444   1.756e-07  HS65_LH_AOI22X17
datapath_module/alu_module/mul_44_34/g37129  0.0005178    0.001922     0.00244   5.991e-08  HS65_LH_PAOI2X6
datapath_module/alu_module/mul_44_34/g37328   0.001048    0.001388    0.002437   4.098e-07  HS65_LH_NAND2X43
datapath_module/alu_module/mul_44_34/g37551  0.0007457    0.001688    0.002434   1.377e-07  HS65_LH_AO12X18
datapath_module/alu_module/mul_44_34/g37163  0.0007307    0.001702    0.002433   1.379e-07  HS65_LH_XNOR2X4
datapath_module/alu_module/add_34_34/FE_RC_294_0   0.001272    0.001152    0.002424   1.903e-07  HS65_LH_OAI22X17
datapath_module/alu_module/mul_44_34/g36470   0.001145    0.001278    0.002423   1.388e-07  HS65_LH_FA1X4
datapath_module/alu_module/mul_44_34/g36646   0.001144    0.001276     0.00242   1.416e-07  HS65_LH_FA1X4
datapath_module/alu_module/mul_44_34/g37301  0.0007229    0.001697     0.00242   2.538e-07  HS65_LH_NOR2X25
datapath_module/reg_file_module/reg_memory_reg[25][21]1687   0.002419           0     0.00242   3.658e-07  HS65_LHS_SDFPQX27
datapath_module/alu_module/FE_OFC34_read_data1_30  0.0001965    0.002223    0.002419   6.208e-08  HS65_LH_BFX9
datapath_module/alu_module/mul_44_34/g36884   0.001157    0.001262    0.002419   1.296e-07  HS65_LH_PAOI2X11
datapath_module/alu_module/mul_44_34/FE_RC_172_0  0.0007499    0.001668    0.002418   2.384e-07  HS65_LH_NAND2AX21
datapath_module/alu_module/mul_44_34/g36243   0.001812   0.0006039    0.002417   2.817e-07  HS65_LH_XNOR2X18
datapath_module/reg_file_module/reg_memory_reg[25][20]1686   0.002416           0    0.002416   3.659e-07  HS65_LHS_SDFPQX27
datapath_module/reg_file_module/reg_memory_reg[25][28]1694   0.002414           0    0.002414   3.656e-07  HS65_LHS_SDFPQX27
datapath_module/reg_file_module/FE_OCPC733_n_1170  0.0004095    0.002004    0.002413   6.258e-08  HS65_LH_BFX9
datapath_module/alu_module/mul_44_34/FE_OFC53_n_445  0.0002632    0.002149    0.002412   6.214e-08  HS65_LH_BFX9
datapath_module/alu_module/sll_42_34/FE_RC_530_0   0.001168    0.001242    0.002411   3.522e-07  HS65_LH_AND3X35
datapath_module/reg_file_module/reg_memory_reg[19][21]1303    0.00241           0     0.00241   3.657e-07  HS65_LHS_SDFPQX27
datapath_module/reg_file_module/reg_memory_reg[25][19]1685    0.00241           0     0.00241    3.66e-07  HS65_LHS_SDFPQX27
datapath_module/alu_module/g7371  0.0004736    0.001934    0.002408   8.172e-08  HS65_LH_AO212X4
datapath_module/reg_file_module/reg_memory_reg[25][24]1690   0.002406           0    0.002407   3.656e-07  HS65_LHS_SDFPQX27
datapath_module/reg_file_module/reg_memory_reg[27][24]1818   0.002406           0    0.002406   3.656e-07  HS65_LHS_SDFPQX27
datapath_module/reg_file_module/reg_memory_reg[19][24]1306   0.002405           0    0.002405   3.656e-07  HS65_LHS_SDFPQX27
datapath_module/alu_module/mul_44_34/FE_RC_306_0   0.001914   0.0004906    0.002405    1.84e-07  HS65_LH_OAI22X17
datapath_module/reg_file_module/reg_memory_reg[26][23]1753   0.002404           0    0.002404   3.656e-07  HS65_LHS_SDFPQX27
datapath_module/alu_module/sub_35_34/FE_RC_785_0   0.001009    0.001395    0.002404   2.708e-07  HS65_LH_AND2X35
datapath_module/alu_module/mul_44_34/g37007  0.0001992    0.002204    0.002404   3.915e-08  HS65_LH_IVX9
datapath_module/alu_module/mul_44_34/g36985  0.0009528    0.001451    0.002403   1.395e-07  HS65_LH_FA1X4
datapath_module/alu_module/mul_44_34/FE_RC_145_0    0.00121    0.001192    0.002403    3.17e-07  HS65_LH_NAND2AX29
datapath_module/reg_file_module/reg_memory_reg[26][31]1761   0.002402           0    0.002403   3.656e-07  HS65_LHS_SDFPQX27
datapath_module/reg_file_module/reg_memory_reg[16][23]1113     0.0024           0      0.0024   3.656e-07  HS65_LHS_SDFPQX27
datapath_module/reg_file_module/reg_memory_reg[24][24]1626   0.002398           0    0.002398   3.656e-07  HS65_LHS_SDFPQX27
datapath_module/reg_file_module/reg_memory_reg[31][4]2054   0.002397           0    0.002397   3.663e-07  HS65_LHS_SDFPQX27
datapath_module/reg_file_module/reg_memory_reg[16][24]1114   0.002395           0    0.002396   3.656e-07  HS65_LHS_SDFPQX27
datapath_module/alu_module/mul_44_34/g39271  0.0009445     0.00145    0.002394   1.442e-07  HS65_LH_AO22X18
datapath_module/reg_file_module/reg_memory_reg[24][13]1615   0.002394           0    0.002394   3.656e-07  HS65_LHS_SDFPQX27
datapath_module/reg_file_module/g42557   0.001211    0.001181    0.002393   4.911e-07  HS65_LH_NOR2X50
datapath_module/alu_module/mul_44_34/g38504   0.001558   0.0008347    0.002393   2.944e-07  HS65_LHS_XNOR2X18
datapath_module/reg_file_module/reg_memory_reg[19][19]1301    0.00239           0    0.002391   3.657e-07  HS65_LHS_SDFPQX27
datapath_module/reg_file_module/reg_memory_reg[27][19]1813   0.002389           0    0.002389   3.657e-07  HS65_LHS_SDFPQX27
datapath_module/alu_module/mul_44_34/g37561  0.0009466     0.00144    0.002387   4.147e-07  HS65_LH_NAND2X43
datapath_module/reg_file_module/reg_memory_reg[29][16]1938   0.002385           0    0.002386   3.665e-07  HS65_LHS_SDFPQX27
datapath_module/alu_module/mul_44_34/g38507   0.001555   0.0008289    0.002384   2.826e-07  HS65_LH_XNOR2X18
datapath_module/alu_module/mul_44_34/FE_RC_261_0  0.0009625    0.001421    0.002383   1.383e-07  HS65_LH_NAND2AX21
datapath_module/reg_file_module/FE_RC_283_0   0.001492   0.0008898    0.002383    3.38e-07  HS65_LH_OAI12X37
datapath_module/reg_file_module/reg_memory_reg[8][20]598   0.002382           0    0.002382   3.657e-07  HS65_LHS_SDFPQX27
datapath_module/alu_module/mul_44_34/g36490  0.0005297     0.00185     0.00238   6.206e-08  HS65_LH_PAO2X4
datapath_module/alu_module/mul_44_34/g37353   0.001075    0.001304    0.002379   3.196e-07  HS65_LH_NAND2AX29
datapath_module/alu_module/mul_44_34/g37152   0.001146    0.001231    0.002377   2.625e-07  HS65_LH_OAI12X24
datapath_module/reg_file_module/reg_memory_reg[26][13]1743   0.002377           0    0.002377   3.659e-07  HS65_LHS_SDFPQX27
datapath_module/reg_file_module/reg_memory_reg[2][19]213   0.002377           0    0.002377   3.661e-07  HS65_LHS_SDFPQX27
datapath_module/reg_file_module/FE_PHC1535_n_1060  0.0002991    0.002075    0.002374   2.905e-07  HS65_LH_BFX44
datapath_module/alu_module/mul_44_34/g36387   0.001298    0.001075    0.002374   1.802e-07  HS65_LH_NAND2AX21
datapath_module/alu_module/mul_44_34/FE_OFC48_n_672  0.0002682    0.002102    0.002371   6.186e-08  HS65_LH_BFX9
datapath_module/reg_file_module/reg_memory_reg[30][4]1990   0.002368           0    0.002368   3.662e-07  HS65_LHS_SDFPQX27
datapath_module/alu_module/mul_44_34/g36488   0.001118    0.001245    0.002364   1.342e-07  HS65_LH_PAOI2X11
datapath_module/alu_module/sll_42_34/FE_OCPC1215_n_6  0.0002365    0.002127    0.002363   6.214e-08  HS65_LH_BFX9
datapath_module/reg_file_module/reg_memory_reg[8][19]597   0.002362           0    0.002363   3.657e-07  HS65_LHS_SDFPQX27
datapath_module/reg_file_module/reg_memory_reg[30][15]2001    0.00236           0    0.002361   3.663e-07  HS65_LHS_SDFPQX27
datapath_module/reg_file_module/reg_memory_reg[19][18]1300   0.002357           0    0.002358   3.658e-07  HS65_LHS_SDFPQX27
datapath_module/alu_module/mul_44_34/FE_RC_276_0  0.0008827    0.001474    0.002357    2.37e-07  HS65_LH_BFX35
datapath_module/reg_file_module/reg_memory_reg[18][24]1242   0.002355           0    0.002356   3.661e-07  HS65_LHS_SDFPQX27
datapath_module/reg_file_module/reg_memory_reg[21][17]1427   0.002355           0    0.002355   3.668e-07  HS65_LHS_SDFPQX27
datapath_module/alu_module/sub_35_34/g27097    0.00154   0.0008147    0.002355   2.819e-07  HS65_LH_XNOR2X18
datapath_module/reg_file_module/reg_memory_reg[29][24]1946   0.002355           0    0.002355   3.662e-07  HS65_LHS_SDFPQX27
datapath_module/alu_module/mul_44_34/g37837   0.001569   0.0007856    0.002355   6.519e-07  HS65_LH_MUX21I1X42
datapath_module/alu_module/mul_44_34/FE_OCPC1323_n_2097   0.001002    0.001352    0.002355    1.15e-07  HS65_LH_BFX18
datapath_module/reg_file_module/reg_memory_reg[18][18]1236   0.002354           0    0.002354   3.658e-07  HS65_LHS_SDFPQX27
datapath_module/reg_file_module/reg_memory_reg[26][18]1748   0.002352           0    0.002352   3.658e-07  HS65_LHS_SDFPQX27
datapath_module/alu_module/sub_35_34/FE_RC_514_0  0.0009378    0.001413    0.002352   3.511e-07  HS65_LH_NOR2X38
datapath_module/reg_file_module/FE_USKC941_CTS_50  0.0004358    0.001915     0.00235   4.891e-08  HS65_LH_BFX4
datapath_module/alu_module/FE_OFC37_read_data2_10  0.0001901    0.002159     0.00235   6.213e-08  HS65_LH_BFX9
datapath_module/reg_file_module/reg_memory_reg[3][10]268   0.002347           0    0.002347   3.657e-07  HS65_LHS_SDFPQX27
datapath_module/reg_file_module/g42614  0.0006417    0.001704    0.002347   5.338e-07  HS65_LH_NAND2X57
datapath_module/alu_module/mul_44_34/g37391  0.0004745    0.001872    0.002346   1.913e-07  HS65_LH_NOR2X19
datapath_module/alu_module/mul_44_34/FE_OCPC1337_n_1934   0.001532   0.0008125    0.002345    1.67e-07  HS65_LH_BFX27
datapath_module/alu_module/mul_44_34/g36453   0.001617   0.0007208    0.002339   2.938e-07  HS65_LH_OAI12X24
datapath_module/alu_module/mul_44_34/g36580   0.001086    0.001252    0.002338   1.371e-07  HS65_LH_FA1X4
datapath_module/alu_module/mul_44_34/g38594   0.001865   0.0004716    0.002337   3.584e-07  HS65_LHS_XOR2X23
datapath_module/alu_module/mul_44_34/g37002   0.001001    0.001335    0.002336   1.395e-07  HS65_LH_FA1X4
datapath_module/reg_file_module/reg_memory_reg[8][13]591   0.002334           0    0.002334   3.662e-07  HS65_LHS_SDFPQX27
datapath_module/alu_module/mul_44_34/g39268  0.0008521    0.001481    0.002333   1.408e-07  HS65_LH_AO22X18
datapath_module/alu_module/FE_OFC43_read_data2_26  0.0001992     0.00213    0.002329   6.215e-08  HS65_LH_BFX9
datapath_module/alu_module/mul_44_34/g38769   0.001516   0.0008125    0.002329   1.878e-07  HS65_LH_OR2X27
datapath_module/alu_module/mul_44_34/g36402   0.001263    0.001064    0.002328   2.102e-07  HS65_LH_OAI12X18
datapath_module/reg_file_module/reg_memory_reg[25][17]1683   0.002326           0    0.002327   3.666e-07  HS65_LHS_SDFPQX27
datapath_module/reg_file_module/reg_memory_reg[3][19]277   0.002325           0    0.002326   3.662e-07  HS65_LHS_SDFPQX27
datapath_module/reg_file_module/reg_memory_reg[27][17]1811   0.002325           0    0.002325   3.659e-07  HS65_LHS_SDFPQX27
datapath_module/reg_file_module/reg_memory_reg[19][17]1299   0.002324           0    0.002325   3.659e-07  HS65_LHS_SDFPQX27
datapath_module/alu_module/mul_44_34/g36534   0.001126    0.001199    0.002324   1.468e-07  HS65_LH_NAND2X29
datapath_module/alu_module/mul_44_34/g36709   0.001141    0.001181    0.002322   1.408e-07  HS65_LH_FA1X4
datapath_module/alu_module/mul_44_34/FE_RC_490_0   0.001252    0.001069    0.002321   2.534e-07  HS65_LH_AND2X35
datapath_module/alu_module/mul_44_34/FE_RC_766_0  0.0009584     0.00136    0.002319   2.218e-07  HS65_LH_OAI21X18
datapath_module/reg_file_module/FE_OCPC1048_n_1168_dup   0.001649   0.0006638    0.002313   2.879e-07  HS65_LH_BFX44
datapath_module/reg_file_module/reg_memory_reg[26][17]1747   0.002311           0    0.002311   3.659e-07  HS65_LHS_SDFPQX27
datapath_module/reg_file_module/reg_memory_reg[0][18]116    0.00231           0     0.00231   3.659e-07  HS65_LHS_SDFPQX27
datapath_module/alu_module/mul_44_34/g37058  0.0005944    0.001714    0.002309   1.174e-07  HS65_LH_XOR3X4
datapath_module/alu_module/mul_44_34/g36596    0.00114    0.001168    0.002308   1.413e-07  HS65_LH_FA1X4
datapath_module/reg_file_module/FE_OCPC793_write_data_16  0.0004156    0.001892    0.002308   1.553e-07  HS65_LH_IVX31
datapath_module/reg_file_module/reg_memory_reg[30][14]2000   0.002304           0    0.002304   3.663e-07  HS65_LHS_SDFPQX27
datapath_module/alu_module/mul_44_34/g36690  0.0005797    0.001722    0.002302   1.247e-07  HS65_LH_IVX27
datapath_module/alu_module/mul_44_34/g37057  0.0007272    0.001573    0.002301   1.197e-07  HS65_LH_XOR3X4
datapath_module/reg_file_module/reg_memory_reg[8][17]595   0.002298           0    0.002298   3.659e-07  HS65_LHS_SDFPQX27
datapath_module/alu_module/mul_44_34/FE_RC_191_0  0.0003531    0.001944    0.002297   1.135e-07  HS65_LH_AOI21X12
datapath_module/alu_module/mul_44_34/g36832   0.001142    0.001156    0.002297   1.418e-07  HS65_LH_FA1X4
datapath_module/reg_file_module/reg_memory_reg[19][4]1286   0.002297           0    0.002297   3.661e-07  HS65_LHS_SDFPQX27
datapath_module/alu_module/mul_44_34/FE_OCPC715_read_data2_3  0.0003273    0.001965    0.002292    1.16e-07  HS65_LH_BFX18
datapath_module/alu_module/mul_44_34/g37073_dup   0.001273    0.001019    0.002292   1.429e-07  HS65_LH_OA12X18
datapath_module/reg_file_module/reg_memory_reg[18][4]1222   0.002291           0    0.002291   3.659e-07  HS65_LHS_SDFPQX27
datapath_module/alu_module/mul_44_34/FE_RC_140_0  0.0005634    0.001727     0.00229   1.864e-07  HS65_LH_NOR2X19
datapath_module/alu_module/sll_42_34/FE_RC_527_0   0.001313   0.0009766     0.00229   2.958e-07  HS65_LH_NAND2AX29
datapath_module/alu_module/FE_OCPC633_read_data2_5  0.0007757    0.001503    0.002279   1.655e-07  HS65_LH_BFX27
datapath_module/alu_module/mul_44_34/g36706   0.001146     0.00113    0.002276   1.411e-07  HS65_LH_FA1X4
datapath_module/alu_module/FE_OCPC779_read_data1_4  0.0009321    0.001339    0.002272   4.051e-07  HS65_LH_BFX62
datapath_module/reg_file_module/reg_memory_reg[31][3]2053   0.002271           0    0.002271   3.664e-07  HS65_LHS_SDFPQX27
datapath_module/reg_file_module/FE_OCPC1123_write_data_22   0.001221    0.001046    0.002268   2.367e-07  HS65_LH_BFX35
datapath_module/alu_module/mul_44_34/g36532  0.0005305    0.001736    0.002266   6.313e-08  HS65_LH_PAO2X4
datapath_module/reg_file_module/reg_memory_reg[29][18]1940   0.002264           0    0.002264   3.253e-07  HS65_LHS_SDFPQX18
datapath_module/reg_file_module/reg_memory_reg[21][19]1429   0.002264           0    0.002264   3.253e-07  HS65_LHS_SDFPQX18
datapath_module/alu_module/mul_44_34/g36373   0.001468   0.0007937    0.002262    1.74e-07  HS65_LH_NOR2X25
datapath_module/reg_file_module/reg_memory_reg[29][19]1941   0.002262           0    0.002262   3.252e-07  HS65_LHS_SDFPQX18
datapath_module/alu_module/mul_44_34/g36734   0.001147    0.001115    0.002262   1.397e-07  HS65_LH_FA1X4
datapath_module/alu_module/FE_OFC42_read_data2_27  0.0002036    0.002056     0.00226   6.218e-08  HS65_LH_BFX9
datapath_module/reg_file_module/reg_memory_reg[19][16]1298   0.002258           0    0.002258   3.661e-07  HS65_LHS_SDFPQX27
datapath_module/reg_file_module/reg_memory_reg[23][29]1567   0.002257           0    0.002257   3.252e-07  HS65_LHS_SDFPQX18
datapath_module/reg_file_module/reg_memory_reg[23][31]1569   0.002256           0    0.002257   3.252e-07  HS65_LHS_SDFPQX18
datapath_module/reg_file_module/g42541  0.0009345    0.001321    0.002256   4.682e-07  HS65_LH_NOR2X50
datapath_module/reg_file_module/reg_memory_reg[30][3]1989   0.002255           0    0.002256   3.664e-07  HS65_LHS_SDFPQX27
datapath_module/alu_module/mul_44_34/g36313   0.001348   0.0009068    0.002255   1.791e-07  HS65_LH_NOR2X25
datapath_module/alu_module/mul_44_34/g36741   0.001365   0.0008894    0.002254   1.721e-07  HS65_LH_OAI12X18
datapath_module/alu_module/mul_44_34/FE_RC_395_0  0.0009919    0.001261    0.002253   2.447e-07  HS65_LH_OAI21X24
datapath_module/reg_file_module/reg_memory_reg[23][24]1562   0.002251           0    0.002251   3.252e-07  HS65_LHS_SDFPQX18
datapath_module/alu_module/sll_42_34/g19830   0.001278   0.0009715     0.00225   3.103e-07  HS65_LH_MUXI21X20
datapath_module/alu_module/mul_44_34/g38439   0.001323   0.0009248    0.002248   2.432e-07  HS65_LH_XNOR3X18
datapath_module/alu_module/mul_44_34/g36972  0.0009225    0.001324    0.002247   1.396e-07  HS65_LH_FA1X4
datapath_module/alu_module/mul_44_34/g36837   0.001143    0.001096    0.002239   1.398e-07  HS65_LH_FA1X4
datapath_module/alu_module/mul_44_34/g36519   0.001822   0.0004156    0.002238   2.823e-07  HS65_LH_XNOR2X18
datapath_module/alu_module/mul_44_34/g36730   0.001141    0.001096    0.002237   1.414e-07  HS65_LH_FA1X4
datapath_module/alu_module/mul_44_34/g36799  0.0005734    0.001662    0.002236   1.225e-07  HS65_LH_IVX27
datapath_module/alu_module/sub_35_34/g27117   0.001437   0.0007977    0.002235   2.816e-07  HS65_LH_XOR2X18
datapath_module/reg_file_module/reg_memory_reg[13][4]902   0.002234           0    0.002234   3.664e-07  HS65_LHS_SDFPQX27
datapath_module/alu_module/mul_44_34/g36900  0.0009865    0.001244    0.002231   1.396e-07  HS65_LH_FA1X4
datapath_module/alu_module/mul_44_34/FE_OCPC762_n_190   0.001009    0.001221     0.00223   1.161e-07  HS65_LH_BFX18
datapath_module/reg_file_module/reg_memory_reg[25][3]1669    0.00223           0     0.00223    3.66e-07  HS65_LHS_SDFPQX27
datapath_module/alu_module/mul_44_34/g36382  0.0009565    0.001271    0.002228   1.351e-07  HS65_LH_NOR2X19
datapath_module/reg_file_module/reg_memory_reg[30][12]1998   0.002227           0    0.002227   3.254e-07  HS65_LHS_SDFPQX18
datapath_module/alu_module/mul_44_34/g39269  0.0009729    0.001254    0.002227   1.417e-07  HS65_LH_AO22X18
datapath_module/alu_module/FE_OFC29_read_data1_10  0.0002078    0.002019    0.002227   1.494e-07  HS65_LH_BFX22
datapath_module/alu_module/srl_43_34/g5795   0.001152     0.00107    0.002223   2.184e-07  HS65_LH_CBI4I1X16
datapath_module/reg_file_module/reg_memory_reg[25][23]1689   0.002222           0    0.002223    3.25e-07  HS65_LHS_SDFPQX18
datapath_module/reg_file_module/reg_memory_reg[25][22]1688   0.002222           0    0.002222    3.25e-07  HS65_LHS_SDFPQX18
datapath_module/reg_file_module/reg_memory_reg[3][18]276   0.002221           0    0.002221   3.666e-07  HS65_LHS_SDFPQX27
datapath_module/alu_module/mul_44_34/FE_RC_252_0    0.00139   0.0008308    0.002221   1.967e-07  HS65_LH_NAND2X29
datapath_module/reg_file_module/reg_memory_reg[19][23]1305   0.002217           0    0.002217    3.25e-07  HS65_LHS_SDFPQX18
datapath_module/reg_file_module/reg_memory_reg[25][29]1695   0.002217           0    0.002217    3.25e-07  HS65_LHS_SDFPQX18
datapath_module/reg_file_module/reg_memory_reg[27][23]1817   0.002216           0    0.002216    3.25e-07  HS65_LHS_SDFPQX18
datapath_module/reg_file_module/reg_memory_reg[25][31]1697   0.002214           0    0.002215    3.25e-07  HS65_LHS_SDFPQX18
datapath_module/reg_file_module/reg_memory_reg[18][3]1221   0.002212           0    0.002212   3.661e-07  HS65_LHS_SDFPQX27
datapath_module/alu_module/mul_44_34/FE_OFC33_read_data1_0  0.0001832    0.002026    0.002209   6.189e-08  HS65_LH_BFX9
datapath_module/reg_file_module/reg_memory_reg[24][28]1630   0.002209           0    0.002209    3.25e-07  HS65_LHS_SDFPQX18
datapath_module/alu_module/mul_44_34/g36618   0.001146    0.001063    0.002209   1.418e-07  HS65_LH_FA1X4
datapath_module/reg_file_module/reg_memory_reg[24][29]1631   0.002208           0    0.002208    3.25e-07  HS65_LHS_SDFPQX18
datapath_module/reg_file_module/reg_memory_reg[17][31]1185   0.002207           0    0.002207   3.664e-07  HS65_LHS_SDFPQX27
datapath_module/reg_file_module/reg_memory_reg[24][31]1633   0.002206           0    0.002206    3.25e-07  HS65_LHS_SDFPQX18
datapath_module/alu_module/mul_44_34/FE_OCPC1325_n_1521   0.001025    0.001181    0.002206   1.146e-07  HS65_LH_BFX18
datapath_module/reg_file_module/reg_memory_reg[26][22]1752   0.002205           0    0.002205    3.25e-07  HS65_LHS_SDFPQX18
datapath_module/alu_module/mul_44_34/g36328  0.0008673    0.001336    0.002204   1.065e-07  HS65_LH_NOR2AX13
datapath_module/reg_file_module/reg_memory_reg[24][22]1624   0.002203           0    0.002203    3.25e-07  HS65_LHS_SDFPQX18
datapath_module/reg_file_module/reg_memory_reg[16][21]1111   0.002203           0    0.002203    3.25e-07  HS65_LHS_SDFPQX18
datapath_module/reg_file_module/reg_memory_reg[2][6]200   0.002202           0    0.002202   3.667e-07  HS65_LHS_SDFPQX27
datapath_module/reg_file_module/reg_memory_reg[16][22]1112   0.002202           0    0.002202    3.25e-07  HS65_LHS_SDFPQX18
datapath_module/reg_file_module/FE_OCPC803_write_data_22  0.0006497    0.001551    0.002201   1.161e-07  HS65_LH_BFX18
datapath_module/alu_module/mul_44_34/g36270   0.001325   0.0008741    0.002199    1.34e-07  HS65_LH_OA12X18
datapath_module/alu_module/mul_44_34/g36760   0.001142    0.001056    0.002199   1.418e-07  HS65_LH_FA1X4
datapath_module/reg_file_module/reg_memory_reg[26][28]1758   0.002198           0    0.002199   3.251e-07  HS65_LHS_SDFPQX18
datapath_module/alu_module/mul_44_34/g37382  0.0009937    0.001203    0.002197   1.495e-07  HS65_LH_OA12X18
datapath_module/reg_file_module/reg_memory_reg[8][23]601   0.002195           0    0.002195    3.25e-07  HS65_LHS_SDFPQX18
datapath_module/reg_file_module/reg_memory_reg[19][3]1285   0.002194           0    0.002195   3.664e-07  HS65_LHS_SDFPQX27
datapath_module/reg_file_module/reg_memory_reg[19][15]1297   0.002194           0    0.002194   3.661e-07  HS65_LHS_SDFPQX27
datapath_module/reg_file_module/reg_memory_reg[16][15]1105   0.002193           0    0.002194   3.661e-07  HS65_LHS_SDFPQX27
datapath_module/reg_file_module/reg_memory_reg[31][27]2077   0.002193           0    0.002193   3.254e-07  HS65_LHS_SDFPQX18
datapath_module/reg_file_module/reg_memory_reg[25][18]1684    0.00219           0     0.00219   3.253e-07  HS65_LHS_SDFPQX18
datapath_module/alu_module/sub_35_34/FE_OCPC1439_n_14   0.001313   0.0008749    0.002188   2.364e-07  HS65_LH_BFX35
datapath_module/reg_file_module/reg_memory_reg[26][19]1749   0.002186           0    0.002187    3.25e-07  HS65_LHS_SDFPQX18
datapath_module/alu_module/mul_44_34/FE_OCPC1419_n_2281   0.001222    0.000963    0.002185   2.849e-07  HS65_LH_BFX44
datapath_module/reg_file_module/reg_memory_reg[19][28]1310   0.002185           0    0.002185   3.253e-07  HS65_LHS_SDFPQX18
datapath_module/reg_file_module/reg_memory_reg[26][15]1745   0.002183           0    0.002183   3.661e-07  HS65_LHS_SDFPQX27
datapath_module/reg_file_module/reg_memory_reg[18][19]1237   0.002183           0    0.002183   3.251e-07  HS65_LHS_SDFPQX18
datapath_module/alu_module/mul_44_34/FE_RC_233_0  0.0003582    0.001825    0.002183   7.975e-08  HS65_LH_IVX18
datapath_module/alu_module/mul_44_34/g36877   0.001051    0.001132    0.002183   1.947e-07  HS65_LH_OAI12X18
datapath_module/reg_file_module/reg_memory_reg[19][13]1295   0.002182           0    0.002182   3.252e-07  HS65_LHS_SDFPQX18
datapath_module/alu_module/mul_44_34/g37449  0.0009521    0.001229    0.002181   3.176e-07  HS65_LH_NAND2AX29
datapath_module/alu_module/mul_44_34/FE_RC_774_0   0.001357   0.0008209    0.002178   1.895e-07  HS65_LH_OAI12X18
datapath_module/reg_file_module/reg_memory_reg[24][20]1622   0.002178           0    0.002178   3.252e-07  HS65_LHS_SDFPQX18
datapath_module/reg_file_module/reg_memory_reg[16][19]1109   0.002177           0    0.002177    3.25e-07  HS65_LHS_SDFPQX18
datapath_module/alu_module/mul_44_34/FE_OFC96_n_1035  0.0002942    0.001879    0.002174   4.375e-08  HS65_LH_BFX2
datapath_module/alu_module/sll_42_34/FE_OCPC708_n_267  0.0002097    0.001961    0.002171   6.232e-08  HS65_LH_BFX9
datapath_module/alu_module/mul_44_34/FE_OFC67_n_392  0.0003215    0.001849     0.00217    6.23e-08  HS65_LH_BFX9
datapath_module/alu_module/mul_44_34/g36811   0.001142    0.001027     0.00217   1.414e-07  HS65_LH_FA1X4
datapath_module/alu_module/mul_44_34/g36699_dup   0.001392   0.0007763    0.002168   1.757e-07  HS65_LH_AND2X27
datapath_module/reg_file_module/reg_memory_reg[24][18]1620   0.002167           0    0.002167   3.668e-07  HS65_LHS_SDFPQX27
datapath_module/reg_file_module/reg_memory_reg[8][15]593   0.002165           0    0.002166   3.662e-07  HS65_LHS_SDFPQX27
datapath_module/alu_module/sll_42_34/g19860   0.000894    0.001271    0.002165   2.509e-07  HS65_LH_AND2X35
datapath_module/alu_module/mul_44_34/g37019  0.0002795    0.001885    0.002164   7.947e-08  HS65_LH_IVX18
datapath_module/alu_module/mul_44_34/g36624   0.001425   0.0007392    0.002164   1.747e-07  HS65_LH_MUX21I1X12
datapath_module/reg_file_module/reg_memory_reg[22][28]1502   0.002163           0    0.002163   3.666e-07  HS65_LHS_SDFPQX27
datapath_module/alu_module/mul_44_34/FE_RC_468_0   0.001318   0.0008437    0.002162   3.457e-07  HS65_LH_AOI21X35
datapath_module/reg_file_module/reg_memory_reg[16][18]1108   0.002161           0    0.002162   3.251e-07  HS65_LHS_SDFPQX18
datapath_module/reg_file_module/reg_memory_reg[0][19]117    0.00216           0    0.002161   3.251e-07  HS65_LHS_SDFPQX18
datapath_module/reg_file_module/reg_memory_reg[16][14]1104   0.002159           0     0.00216   3.662e-07  HS65_LHS_SDFPQX27
datapath_module/alu_module/mul_44_34/g37324  0.0008886    0.001269    0.002158   2.282e-07  HS65_LH_NOR2AX19
datapath_module/reg_file_module/FE_OCPC1052_n_1167   0.001251   0.0009069    0.002158   2.366e-07  HS65_LH_BFX35
datapath_module/alu_module/mul_44_34/g37433  0.0003918    0.001764    0.002156   1.226e-07  HS65_LH_NOR2X13
datapath_module/alu_module/mul_44_34/g36966  0.0006929    0.001463    0.002156   8.281e-08  HS65_LH_AND2X9
datapath_module/alu_module/mul_44_34/FE_OCPC705_n_2281  0.0005127    0.001641    0.002154   1.151e-07  HS65_LH_BFX18
datapath_module/reg_file_module/reg_memory_reg[8][18]596   0.002152           0    0.002152   3.251e-07  HS65_LHS_SDFPQX18
datapath_module/alu_module/mul_44_34/FE_OFC78_n_891  0.0003691    0.001782    0.002151   6.189e-08  HS65_LH_BFX9
datapath_module/alu_module/mul_44_34/FE_RC_192_0  0.0007763    0.001374     0.00215   1.705e-07  HS65_LH_NAND2AX14
datapath_module/alu_module/mul_44_34/g36771   0.001296   0.0008513    0.002147   1.444e-07  HS65_LH_OA12X18
datapath_module/alu_module/mul_44_34/g39262  0.0007952    0.001349    0.002144   9.858e-08  HS65_LHS_XNOR2X6
datapath_module/alu_module/mul_44_34/FE_OFC71_n_373  0.0004156    0.001727    0.002143   6.226e-08  HS65_LH_BFX9
datapath_module/reg_file_module/reg_memory_reg[29][28]1950    0.00214           0     0.00214   3.254e-07  HS65_LHS_SDFPQX18
datapath_module/alu_module/mul_44_34/g36288  0.0006568    0.001482    0.002139   7.811e-08  HS65_LH_NAND2X14
datapath_module/reg_file_module/reg_memory_reg[1][17]147   0.002137           0    0.002138   3.669e-07  HS65_LHS_SDFPQX27
datapath_module/alu_module/mul_44_34/FE_RC_170_0   0.001371   0.0007655    0.002137   2.049e-07  HS65_LH_NAND2AX21
IFU_module/instr_mem/g761       0.001035    0.001098    0.002134   7.357e-07  HS65_LH_MUX21I1X48
datapath_module/reg_file_module/reg_memory_reg[3][15]273   0.002132           0    0.002133   3.662e-07  HS65_LHS_SDFPQX27
datapath_module/alu_module/mul_44_34/FE_OCPC1366_n_578   0.001525   0.0006067    0.002132   4.586e-07  HS65_LH_BFX71
datapath_module/alu_module/mul_44_34/g36559  0.0009072    0.001224    0.002132    1.32e-07  HS65_LH_OAI12X12
datapath_module/alu_module/mul_44_34/FE_RC_219_0  0.0009306    0.001199     0.00213   3.162e-07  HS65_LH_NAND2AX29
datapath_module/reg_file_module/reg_memory_reg[0][24]122   0.002129           0    0.002129   3.663e-07  HS65_LHS_SDFPQX27
datapath_module/reg_file_module/reg_memory_reg[1][28]158   0.002128           0    0.002129   3.665e-07  HS65_LHS_SDFPQX27
datapath_module/reg_file_module/FE_RC_482_0  0.0007722    0.001355    0.002127   4.599e-07  HS65_LH_BFX71
datapath_module/reg_file_module/reg_memory_reg[0][28]126   0.002124           0    0.002125    3.66e-07  HS65_LHS_SDFPQX27
datapath_module/alu_module/srl_43_34/FE_RC_541_0    0.00127   0.0008531    0.002124   2.364e-07  HS65_LH_NAND2AX21
datapath_module/alu_module/mul_44_34/g36662   0.001389   0.0007325    0.002122   1.744e-07  HS65_LH_AOI12X17
datapath_module/reg_file_module/reg_memory_reg[17][17]1171   0.002121           0    0.002122   3.253e-07  HS65_LHS_SDFPQX18
datapath_module/alu_module/mul_44_34/g37531   0.001005    0.001116    0.002121   3.173e-07  HS65_LH_NAND2AX29
datapath_module/alu_module/mul_44_34/g36739  0.0005248    0.001595     0.00212   6.304e-08  HS65_LH_PAO2X4
datapath_module/reg_file_module/reg_memory_reg[24][19]1621   0.002118           0    0.002119   3.254e-07  HS65_LHS_SDFPQX18
datapath_module/reg_file_module/reg_memory_reg[24][4]1606   0.002116           0    0.002116   3.251e-07  HS65_LHS_SDFPQX18
datapath_module/reg_file_module/reg_memory_reg[0][27]125   0.002115           0    0.002116   3.252e-07  HS65_LHS_SDFPQX18
datapath_module/reg_file_module/reg_memory_reg[16][28]1118   0.002114           0    0.002115   3.255e-07  HS65_LHS_SDFPQX18
datapath_module/alu_module/mul_44_34/g37426  0.0005061    0.001608    0.002115   1.874e-07  HS65_LH_NOR2X19
datapath_module/reg_file_module/reg_memory_reg[18][23]1241   0.002113           0    0.002114   3.255e-07  HS65_LHS_SDFPQX18
datapath_module/alu_module/mul_44_34/g37123  0.0004744    0.001638    0.002113   6.249e-08  HS65_LH_PAO2X4
datapath_module/alu_module/mul_44_34/FE_OCPC1385_read_data2_5   0.001424   0.0006872    0.002111   3.355e-07  HS65_LH_BFX53
datapath_module/reg_file_module/reg_memory_reg[25][2]1668   0.002109           0    0.002109   3.662e-07  HS65_LHS_SDFPQX27
datapath_module/alu_module/mul_44_34/g36926  0.0009947    0.001111    0.002106   1.806e-07  HS65_LH_AOI12X17
datapath_module/reg_file_module/reg_memory_reg[2][23]217   0.002106           0    0.002106   3.255e-07  HS65_LHS_SDFPQX18
datapath_module/alu_module/mul_44_34/g37213   0.001259   0.0008463    0.002105   2.424e-07  HS65_LH_AOI22X22
datapath_module/reg_file_module/reg_memory_reg[0][23]121   0.002104           0    0.002105   3.255e-07  HS65_LHS_SDFPQX18
datapath_module/alu_module/mul_44_34/FE_OCPC644_n_137   0.001547   0.0005541    0.002101   1.662e-07  HS65_LH_BFX27
datapath_module/alu_module/mul_44_34/g37663_dup  0.0009504     0.00115    0.002101   2.663e-07  HS65_LH_NAND2X43
datapath_module/alu_module/mul_44_34/g36686   0.001362   0.0007371    0.002099   1.731e-07  HS65_LH_OAI12X18
datapath_module/alu_module/mul_44_34/g36589    0.00123   0.0008671    0.002097   1.777e-07  HS65_LH_NOR2X25
datapath_module/alu_module/mul_44_34/g37062   0.001334   0.0007605    0.002094   1.777e-07  HS65_LH_OAI12X18
datapath_module/alu_module/mul_44_34/g36501  0.0009398    0.001154    0.002094   1.277e-07  HS65_LH_OAI12X12
datapath_module/alu_module/mul_44_34/g36738  0.0004854    0.001608    0.002093   7.247e-08  HS65_LHS_XOR2X3
datapath_module/alu_module/mul_44_34/FE_RC_372_0   0.001192   0.0008999    0.002093   3.145e-07  HS65_LH_MUXI21X20
datapath_module/reg_file_module/reg_memory_reg[18][6]1224   0.002092           0    0.002092    3.67e-07  HS65_LHS_SDFPQX27
datapath_module/reg_file_module/reg_memory_reg[19][31]1313   0.002092           0    0.002092   3.252e-07  HS65_LHS_SDFPQX18
datapath_module/alu_module/mul_44_34/g36278   0.001246   0.0008455    0.002092   2.003e-07  HS65_LH_OAI12X18
datapath_module/reg_file_module/reg_memory_reg[31][24]2074   0.002091           0    0.002091   3.671e-07  HS65_LHS_SDFPQX27
datapath_module/reg_file_module/g43328  0.0009947    0.001095    0.002091   6.768e-07  HS65_LH_BFX106
datapath_module/alu_module/mul_44_34/FE_RC_493_0   0.001295   0.0007928    0.002088   3.651e-07  HS65_LH_AOI12X35
datapath_module/reg_file_module/reg_memory_reg[23][5]1543   0.002086           0    0.002087   3.669e-07  HS65_LHS_SDFPQX27
datapath_module/alu_module/g7656  0.0008331    0.001253    0.002086    2.15e-07  HS65_LH_AO12X27
datapath_module/alu_module/mul_44_34/g36814   0.001138   0.0009463    0.002085   1.418e-07  HS65_LH_FA1X4
datapath_module/reg_file_module/reg_memory_reg[21][23]1433   0.002084           0    0.002084   3.667e-07  HS65_LHS_SDFPQX27
datapath_module/alu_module/mul_44_34/g37361  0.0007816    0.001299    0.002081   2.667e-07  HS65_LH_NAND2X29
datapath_module/reg_file_module/reg_memory_reg[26][16]1746   0.002076           0    0.002076   3.252e-07  HS65_LHS_SDFPQX18
datapath_module/reg_file_module/reg_memory_reg[16][31]1121   0.002075           0    0.002076   3.253e-07  HS65_LHS_SDFPQX18
datapath_module/alu_module/mul_44_34/g37080  0.0008712    0.001204    0.002076   9.126e-08  HS65_LH_AND2ABX9
datapath_module/alu_module/mul_44_34/g36422  0.0009498    0.001122    0.002072   1.361e-07  HS65_LH_NOR2X19
datapath_module/reg_file_module/reg_memory_reg[31][2]2052   0.002072           0    0.002072   3.666e-07  HS65_LHS_SDFPQX27
datapath_module/reg_file_module/reg_memory_reg[18][2]1220   0.002071           0    0.002072   3.663e-07  HS65_LHS_SDFPQX27
datapath_module/alu_module/mul_44_34/g37158  0.0007188    0.001352    0.002071   1.379e-07  HS65_LH_XNOR2X4
datapath_module/reg_file_module/reg_memory_reg[18][16]1234   0.002071           0    0.002071   3.253e-07  HS65_LHS_SDFPQX18
datapath_module/alu_module/srl_43_34/fopt6203   0.000263    0.001805    0.002068   1.147e-07  HS65_LH_BFX18
datapath_module/alu_module/FE_RC_496_0   0.001511   0.0005567    0.002068   2.455e-07  HS65_LH_AOI212X18
datapath_module/reg_file_module/reg_memory_reg[25][5]1671   0.002066           0    0.002066    3.67e-07  HS65_LHS_SDFPQX27
datapath_module/alu_module/mul_44_34/g36457   0.001313   0.0007527    0.002066   1.724e-07  HS65_LH_OAI12X18
datapath_module/reg_file_module/reg_memory_reg[3][13]271   0.002065           0    0.002066   3.252e-07  HS65_LHS_SDFPQX18
datapath_module/reg_file_module/reg_memory_reg[3][14]272   0.002063           0    0.002063   3.663e-07  HS65_LHS_SDFPQX27
datapath_module/reg_file_module/reg_memory_reg[23][3]1541   0.002063           0    0.002063   3.666e-07  HS65_LHS_SDFPQX27
datapath_module/alu_module/sub_35_34/FE_RC_555_0  0.0009241    0.001138    0.002063   1.936e-07  HS65_LH_NAND2X29
datapath_module/reg_file_module/reg_memory_reg[8][16]594   0.002062           0    0.002062   3.252e-07  HS65_LHS_SDFPQX18
datapath_module/alu_module/mul_44_34/g37137   0.001134   0.0009272    0.002061   1.945e-07  HS65_LH_AOI12X17
datapath_module/alu_module/mul_44_34/FE_RC_256_0  0.0004258    0.001635    0.002061   2.912e-07  HS65_LH_IVX62
datapath_module/alu_module/mul_44_34/FE_RC_787_0    0.00066    0.001399    0.002059   1.015e-07  HS65_LH_NAND2X14
datapath_module/reg_file_module/reg_memory_reg[17][15]1169   0.002058           0    0.002059   3.668e-07  HS65_LHS_SDFPQX27
datapath_module/alu_module/mul_44_34/g38432   0.001195    0.000863    0.002059   2.074e-07  HS65_LH_NAND2AX21
datapath_module/alu_module/mul_44_34/g36317   0.001338   0.0007145    0.002053   1.926e-07  HS65_LH_AOI21X17
datapath_module/reg_file_module/reg_memory_reg[13][28]926   0.002052           0    0.002052   3.666e-07  HS65_LHS_SDFPQX27
datapath_module/alu_module/mul_44_34/g36974  0.0008867    0.001164    0.002051   1.393e-07  HS65_LH_FA1X4
datapath_module/alu_module/mul_44_34/FE_OCPC702_n_80  0.0004333    0.001613    0.002046   1.641e-07  HS65_LH_BFX27
datapath_module/alu_module/mul_44_34/g36976    0.00114   0.0009036    0.002044   1.405e-07  HS65_LH_FA1X4
datapath_module/alu_module/FE_RC_808_0   0.001043       0.001    0.002044   2.413e-07  HS65_LH_NAND2AX21
datapath_module/alu_module/mul_44_34/g37313  0.0009609     0.00108    0.002041   3.149e-07  HS65_LH_NAND2AX29
datapath_module/reg_file_module/reg_memory_reg[22][13]1487    0.00204           0     0.00204   3.668e-07  HS65_LHS_SDFPQX27
datapath_module/alu_module/sll_42_34/g19743  0.0005295     0.00151     0.00204   6.644e-08  HS65_LH_AOI212X4
datapath_module/reg_file_module/g42612    0.00142   0.0006192    0.002039   5.013e-07  HS65_LH_OAI12X49
datapath_module/alu_module/mul_44_34/FE_RC_323_0   0.001054   0.0009848    0.002039   2.066e-07  HS65_LH_NAND2AX29
datapath_module/alu_module/mul_44_34/FE_RC_352_0  0.0006328    0.001405    0.002038   1.223e-07  HS65_LH_AOI22X11
datapath_module/alu_module/mul_44_34/g36417  0.0009297    0.001106    0.002036   1.188e-07  HS65_LH_OAI12X12
datapath_module/reg_file_module/reg_memory_reg[17][3]1157   0.002034           0    0.002035   3.656e-07  HS65_LHS_SDFPQX27
datapath_module/alu_module/mul_44_34/FE_OCPC721_FE_OCPN1259_FE_RN_20   0.001055   0.0009765    0.002032   2.863e-07  HS65_LH_BFX44
datapath_module/reg_file_module/reg_memory_reg[22][16]1490   0.002031           0    0.002031   3.668e-07  HS65_LHS_SDFPQX27
datapath_module/alu_module/mul_44_34/FE_RC_783_0   0.001289   0.0007413     0.00203   2.796e-07  HS65_LH_AO12X35
datapath_module/alu_module/mul_44_34/FE_RC_130_0  0.0003535    0.001672    0.002026   7.983e-08  HS65_LH_IVX18
datapath_module/alu_module/mul_44_34/g36564  0.0009566    0.001069    0.002025   1.393e-07  HS65_LH_NOR2X19
datapath_module/alu_module/mul_44_34/g36901    0.00106    0.000964    0.002024   1.395e-07  HS65_LH_FA1X4
IFU_module/instr_mem/FE_RC_177_0   0.000436    0.001587    0.002023   4.258e-07  HS65_LH_NAND2X57
datapath_module/alu_module/mul_44_34/g36350   0.001142   0.0008794    0.002021   1.507e-07  HS65_LH_NOR2AX13
datapath_module/reg_file_module/reg_memory_reg[25][15]1681   0.002019           0    0.002019   3.668e-07  HS65_LHS_SDFPQX27
datapath_module/alu_module/g7373  0.0004284    0.001591    0.002019   8.382e-08  HS65_LH_AO212X4
datapath_module/alu_module/g7358  0.0004356     0.00158    0.002015   8.234e-08  HS65_LH_AO212X4
datapath_module/reg_file_module/reg_memory_reg[16][30]1120   0.002014           0    0.002014   3.253e-07  HS65_LHS_SDFPQX18
datapath_module/reg_file_module/reg_memory_reg[8][24]602   0.002014           0    0.002014   3.251e-07  HS65_LHS_SDFPQX18
datapath_module/reg_file_module/reg_memory_reg[1][7]137   0.002012           0    0.002013   3.254e-07  HS65_LHS_SDFPQX18
datapath_module/alu_module/mul_44_34/g36266   0.001332   0.0006805    0.002013   1.326e-07  HS65_LH_OA12X18
datapath_module/alu_module/g7581  0.0002259    0.001783    0.002009   1.318e-07  HS65_LH_AND2ABX18
datapath_module/reg_file_module/reg_memory_reg[17][24]1178   0.002008           0    0.002009   3.255e-07  HS65_LHS_SDFPQX18
datapath_module/alu_module/mul_44_34/g36816   0.001077   0.0009304    0.002007   1.385e-07  HS65_LH_FA1X4
datapath_module/alu_module/mul_44_34/FE_RC_572_0    0.00086    0.001145    0.002005   1.331e-07  HS65_LH_OAI21X12
datapath_module/alu_module/mul_44_34/g37521   0.001153   0.0008494    0.002002   3.102e-07  HS65_LH_NAND2AX29
datapath_module/reg_file_module/reg_memory_reg[21][28]1438   0.001999           0       0.002   4.088e-07  HS65_LHS_SDFPQX35
datapath_module/reg_file_module/reg_memory_reg[16][4]1094   0.001997           0    0.001997    3.67e-07  HS65_LHS_SDFPQX27
datapath_module/reg_file_module/reg_memory_reg[0][15]113   0.001996           0    0.001996   3.664e-07  HS65_LHS_SDFPQX27
datapath_module/reg_file_module/reg_memory_reg[29][5]1927   0.001995           0    0.001996   3.669e-07  HS65_LHS_SDFPQX27
datapath_module/alu_module/mul_44_34/g38524    0.00138   0.0006107    0.001991   2.856e-07  HS65_LHS_XNOR2X18
datapath_module/alu_module/sub_35_34/g27189   0.001237   0.0007525     0.00199   2.316e-07  HS65_LH_OA12X27
datapath_module/alu_module/mul_44_34/g36981   0.001007   0.0009794    0.001986   1.399e-07  HS65_LH_FA1X4
datapath_module/alu_module/drc_bufs7602  7.312e-05    0.001912    0.001985   3.979e-08  HS65_LH_IVX9
datapath_module/alu_module/mul_44_34/g37392  0.0004907    0.001492    0.001982   2.047e-07  HS65_LH_NAND2X21
datapath_module/alu_module/mul_44_34/g36841   0.001009   0.0009726    0.001982   1.154e-07  HS65_LH_BFX18
datapath_module/alu_module/mul_44_34/g37275  0.0007321    0.001247    0.001979   2.258e-07  HS65_LH_NOR2AX19
datapath_module/alu_module/FE_OCPC782_read_data1_4  0.0007843    0.001194    0.001979   3.352e-07  HS65_LH_BFX53
datapath_module/alu_module/mul_44_34/g38512   0.001511   0.0004669    0.001979   2.862e-07  HS65_LHS_XOR2X17
datapath_module/alu_module/srl_43_34/g5807   0.001229   0.0007482    0.001978   1.736e-07  HS65_LH_AOI12X17
datapath_module/alu_module/g7374    0.00043    0.001547    0.001977    8.24e-08  HS65_LH_AO212X4
datapath_module/reg_file_module/reg_memory_reg[15][31]1057   0.001976           0    0.001977   3.254e-07  HS65_LHS_SDFPQX18
datapath_module/reg_file_module/FE_OCPC1509_n_1165  0.0007981    0.001173    0.001971   1.161e-07  HS65_LH_BFX18
datapath_module/alu_module/sub_35_34/g27116   0.001096    0.000875    0.001971   1.755e-07  HS65_LH_MUX21I1X12
datapath_module/reg_file_module/reg_memory_reg[16][27]1117   0.001967           0    0.001967   3.254e-07  HS65_LHS_SDFPQX18
datapath_module/reg_file_module/reg_memory_reg[16][29]1119   0.001966           0    0.001967   3.254e-07  HS65_LHS_SDFPQX18
datapath_module/alu_module/g7586  0.0005752    0.001387    0.001962   1.242e-07  HS65_LH_IVX27
datapath_module/alu_module/sub_35_34/g27151  0.0003618    0.001599    0.001961   6.796e-08  HS65_LH_OA212X4
datapath_module/alu_module/mul_44_34/FE_RC_101_0   0.001014   0.0009458     0.00196   1.328e-07  HS65_LH_NAND2X21
datapath_module/alu_module/mul_44_34/g39322  0.0008062    0.001154     0.00196   9.516e-08  HS65_LHS_XOR2X6
datapath_module/alu_module/srl_43_34/g6229    0.00107   0.0008898     0.00196   2.305e-07  HS65_LH_AO22X27
datapath_module/alu_module/g7370  0.0003609    0.001595    0.001956   8.479e-08  HS65_LH_AO212X4
datapath_module/alu_module/mul_44_34/g36833   0.001099   0.0008553    0.001954   1.394e-07  HS65_LH_FA1X4
datapath_module/reg_file_module/reg_memory_reg[2][16]210   0.001953           0    0.001954   3.253e-07  HS65_LHS_SDFPQX18
datapath_module/alu_module/sub_35_34/g27131   0.001325   0.0006278    0.001953    2.73e-07  HS65_LH_MUX21I1X18
datapath_module/alu_module/mul_44_34/g36763   0.001138   0.0008144    0.001952   1.413e-07  HS65_LH_FA1X4
datapath_module/reg_file_module/reg_memory_reg[2][5]199   0.001951           0    0.001952    3.67e-07  HS65_LHS_SDFPQX27
datapath_module/alu_module/g7414  0.0005591    0.001391    0.001951   2.876e-07  HS65_LH_NAND2X29
datapath_module/reg_file_module/reg_memory_reg[21][16]1426    0.00195           0    0.001951    3.25e-07  HS65_LHS_SDFPQX18
datapath_module/reg_file_module/reg_memory_reg[21][24]1434   0.001944           0    0.001944   3.667e-07  HS65_LHS_SDFPQX27
datapath_module/alu_module/mul_44_34/g36898    0.00102   0.0009194    0.001939   1.393e-07  HS65_LH_FA1X4
datapath_module/alu_module/FE_OFC41_read_data2_12  0.0001541    0.001785    0.001939   6.186e-08  HS65_LH_BFX9
datapath_module/reg_file_module/reg_memory_reg[2][3]197   0.001938           0    0.001938   3.666e-07  HS65_LHS_SDFPQX27
datapath_module/alu_module/mul_44_34/g36472  0.0005293    0.001408    0.001938   6.276e-08  HS65_LH_PAO2X4
datapath_module/alu_module/mul_44_34/g37064  0.0007518    0.001186    0.001937   1.216e-07  HS65_LH_OAI21X12
datapath_module/reg_file_module/reg_memory_reg[25][1]1667   0.001936           0    0.001937   3.664e-07  HS65_LHS_SDFPQX27
datapath_module/reg_file_module/FE_PHC1561_n_1209  0.0001643    0.001772    0.001937   1.512e-07  HS65_LH_BFX22
datapath_module/reg_file_module/FE_OCPC1111_n_1128   0.001164   0.0007703    0.001934   2.228e-07  HS65_LH_BFX31
datapath_module/reg_file_module/reg_memory_reg[22][23]1497   0.001931           0    0.001931   3.252e-07  HS65_LHS_SDFPQX18
datapath_module/alu_module/mul_44_34/g36843  0.0009039    0.001027    0.001931   1.357e-07  HS65_LH_FA1X4
datapath_module/alu_module/mul_44_34/FE_OCPC699_read_data1_5  0.0006131    0.001315    0.001928   1.661e-07  HS65_LH_BFX27
datapath_module/alu_module/mul_44_34/g36968  0.0009352   0.0009925    0.001928   1.396e-07  HS65_LH_FA1X4
datapath_module/alu_module/mul_44_34/FE_RC_105_0   0.001272   0.0006548    0.001927   3.988e-07  HS65_LH_AOI22X33
datapath_module/alu_module/add_34_34/g7540     0.0013   0.0006255    0.001926   2.781e-07  HS65_LH_MUX21I1X18
datapath_module/alu_module/mul_44_34/g36971  0.0009809   0.0009444    0.001925   1.394e-07  HS65_LH_FA1X4
datapath_module/alu_module/mul_44_34/g38494   0.001137   0.0007861    0.001923   1.831e-07  HS65_LHS_XOR2X12
datapath_module/alu_module/mul_44_34/g36934   0.001215   0.0007045     0.00192     1.6e-07  HS65_LH_NAND2AX21
datapath_module/alu_module/mul_44_34/g37135   0.000415    0.001505     0.00192   5.952e-08  HS65_LH_PAO2X4
datapath_module/reg_file_module/FE_OCPC1007_n_1138  0.0003166    0.001603     0.00192   6.258e-08  HS65_LH_BFX9
datapath_module/reg_file_module/reg_memory_reg[31][31]2081   0.001917           0    0.001917   3.254e-07  HS65_LHS_SDFPQX18
datapath_module/reg_file_module/FE_OCPC682_write_data_1  0.0006578    0.001255    0.001913   1.671e-07  HS65_LH_BFX27
datapath_module/alu_module/mul_44_34/g36661  0.0005893    0.001323    0.001912   9.575e-08  HS65_LH_MUX21I1X6
datapath_module/alu_module/mul_44_34/g36713  0.0006334    0.001276     0.00191   9.996e-08  HS65_LHS_XNOR2X6
datapath_module/alu_module/g7313   0.001088   0.0008213    0.001909   2.157e-07  HS65_LH_AO12X27
datapath_module/alu_module/mul_44_34/g37251  0.0003155    0.001593    0.001909   1.233e-07  HS65_LH_NOR2X13
datapath_module/alu_module/mul_44_34/g37090  0.0007942    0.001114    0.001909   9.154e-08  HS65_LH_AND2ABX9
datapath_module/reg_file_module/reg_memory_reg[31][20]2070   0.001908           0    0.001908   3.663e-07  HS65_LHS_SDFPQX27
datapath_module/alu_module/mul_44_34/FE_RC_251_0    0.00107   0.0008383    0.001908   1.784e-07  HS65_LH_OAI21X18
datapath_module/reg_file_module/reg_memory_reg[29][31]1953   0.001907           0    0.001908   3.254e-07  HS65_LHS_SDFPQX18
datapath_module/alu_module/FE_OFC515_read_data2_0  0.0006651    0.001242    0.001907   2.353e-07  HS65_LH_BFX35
datapath_module/alu_module/FE_OFC47_read_data2_30  0.0001799    0.001725    0.001905   6.214e-08  HS65_LH_BFX9
datapath_module/reg_file_module/reg_memory_reg[17][20]1174     0.0019           0    0.001901   3.668e-07  HS65_LHS_SDFPQX27
datapath_module/reg_file_module/reg_memory_reg[7][24]538     0.0019           0      0.0019   3.254e-07  HS65_LHS_SDFPQX18
datapath_module/reg_file_module/FE_OFC4_scan_en  0.0001369     0.00176    0.001897   2.349e-07  HS65_LH_BFX35
datapath_module/alu_module/mul_44_34/g36366  0.0009472   0.0009486    0.001896   1.627e-07  HS65_LH_AND2X27
datapath_module/alu_module/mul_44_34/g36493  0.0005296    0.001365    0.001895   6.088e-08  HS65_LH_PAO2X4
datapath_module/reg_file_module/reg_memory_reg[1][3]133   0.001893           0    0.001894   3.669e-07  HS65_LHS_SDFPQX27
datapath_module/alu_module/mul_44_34/g36369   0.000854    0.001037    0.001892   1.466e-07  HS65_LH_NOR2AX13
datapath_module/alu_module/mul_44_34/g37529  0.0006021    0.001289    0.001891   1.644e-07  HS65_LH_NAND2AX14
datapath_module/reg_file_module/reg_memory_reg[24][5]1607   0.001821     6.9e-05     0.00189   3.141e-07  HS65_LH_SDFPRQTX9
datapath_module/alu_module/mul_44_34/FE_RC_421_0  0.0007366    0.001151    0.001888   2.406e-07  HS65_LH_OAI21X24
datapath_module/alu_module/mul_44_34/FE_RC_411_0  0.0008519    0.001034    0.001886   1.335e-07  HS65_LH_OAI21X12
datapath_module/alu_module/mul_44_34/g36667   0.000525    0.001359    0.001884   6.324e-08  HS65_LH_PAO2X4
datapath_module/alu_module/mul_44_34/g36895  0.0009731     0.00091    0.001883   1.265e-07  HS65_LH_NAND2X21
datapath_module/alu_module/mul_44_34/g39267   0.001008   0.0008725    0.001881    1.39e-07  HS65_LH_AO22X18
datapath_module/alu_module/mul_44_34/g36980  0.0008174    0.001061    0.001878   1.431e-07  HS65_LH_FA1X4
datapath_module/alu_module/mul_44_34/FE_RC_734_0   0.001114    0.000758    0.001872   1.315e-07  HS65_LH_NAND2X29
datapath_module/reg_file_module/reg_memory_reg[18][1]1219   0.001871           0    0.001872   3.665e-07  HS65_LHS_SDFPQX27
datapath_module/alu_module/mul_44_34/FE_OCPC757_n_43  0.0008754   0.0009956    0.001871   1.141e-07  HS65_LH_BFX18
datapath_module/alu_module/mul_44_34/g36349   0.001164   0.0007053     0.00187   1.539e-07  HS65_LH_NAND2AX14
datapath_module/alu_module/mul_44_34/g36545  0.0005243     0.00134    0.001865   7.322e-08  HS65_LHS_XOR2X3
datapath_module/reg_file_module/reg_memory_reg[24][6]1608   0.001787   7.594e-05    0.001863    3.14e-07  HS65_LH_SDFPRQTX9
datapath_module/alu_module/add_34_34/g7542  0.0009628   0.0008997    0.001863   1.776e-07  HS65_LH_MUX21I1X12
datapath_module/alu_module/mul_44_34/FE_OCPC732_FE_OCPN1259_FE_RN_20  0.0006698    0.001189    0.001859   1.662e-07  HS65_LH_BFX27
datapath_module/alu_module/mul_44_34/g39254    0.00135    0.000506    0.001856   1.829e-07  HS65_LHS_XNOR2X12
datapath_module/alu_module/mul_44_34/g37112  0.0008851   0.0009704    0.001856   1.253e-07  HS65_LH_PAOI2X11
datapath_module/reg_file_module/reg_memory_reg[31][6]2056   0.001855           0    0.001855   3.683e-07  HS65_LHS_SDFPQX27
datapath_module/reg_file_module/reg_memory_reg[30][1]1987   0.001855           0    0.001855   3.668e-07  HS65_LHS_SDFPQX27
datapath_module/alu_module/mul_44_34/FE_OCPC655_n_159  0.0008244     0.00103    0.001854   1.167e-07  HS65_LH_BFX18
datapath_module/reg_file_module/reg_memory_reg[24][17]1619   0.001854           0    0.001854   3.668e-07  HS65_LHS_SDFPQX27
datapath_module/reg_file_module/g43382  0.0009552   0.0008981    0.001854   6.845e-07  HS65_LH_BFX106
datapath_module/alu_module/mul_44_34/g37926   0.000926   0.0009273    0.001854   2.378e-07  HS65_LH_OA12X27
datapath_module/alu_module/g7456   0.001313   0.0005353    0.001849   2.461e-07  HS65_LH_AOI212X18
datapath_module/alu_module/mul_44_34/g36271   0.001315   0.0005334    0.001849   1.351e-07  HS65_LH_OA12X18
datapath_module/reg_file_module/reg_memory_reg[23][21]1559   0.001847           0    0.001848   2.469e-07  HS65_LH_SDFPQX9
datapath_module/reg_file_module/reg_memory_reg[29][21]1943   0.001845           0    0.001845   2.468e-07  HS65_LH_SDFPQX9
datapath_module/reg_file_module/reg_memory_reg[16][6]1096   0.001761   8.378e-05    0.001845   3.151e-07  HS65_LH_SDFPRQTX9
datapath_module/alu_module/mul_44_34/FE_RC_335_0   0.001019   0.0008253    0.001845   1.477e-07  HS65_LH_NAND2AX21
datapath_module/reg_file_module/reg_memory_reg[23][28]1566   0.001844           0    0.001844   2.467e-07  HS65_LH_SDFPQX9
datapath_module/reg_file_module/reg_memory_reg[23][22]1560   0.001844           0    0.001844   2.468e-07  HS65_LH_SDFPQX9
datapath_module/alu_module/mul_44_34/g37546  0.0004137    0.001429    0.001842   1.133e-07  HS65_LH_AOI21X12
datapath_module/alu_module/g7406   0.000385    0.001457    0.001842   1.371e-07  HS65_LH_MX41X7
datapath_module/reg_file_module/reg_memory_reg[23][19]1557   0.001841           0    0.001842   2.473e-07  HS65_LH_SDFPQX9
datapath_module/reg_file_module/reg_memory_reg[21][6]1416   0.001746    9.49e-05    0.001842   3.168e-07  HS65_LH_SDFPRQTX9
datapath_module/alu_module/mul_44_34/g37008  0.0009511   0.0008903    0.001842   1.394e-07  HS65_LH_FA1X4
datapath_module/reg_file_module/reg_memory_reg[23][30]1568   0.001841           0    0.001841   2.467e-07  HS65_LH_SDFPQX9
datapath_module/reg_file_module/reg_memory_reg[23][26]1564   0.001841           0    0.001841   2.467e-07  HS65_LH_SDFPQX9
datapath_module/reg_file_module/reg_memory_reg[21][20]1430   0.001841           0    0.001841    2.47e-07  HS65_LH_SDFPQX9
datapath_module/alu_module/mul_44_34/g37642   0.001092   0.0007477     0.00184   2.479e-07  HS65_LH_OR2X35
datapath_module/alu_module/mul_44_34/g36899  0.0009695   0.0008703     0.00184    1.39e-07  HS65_LH_FA1X4
datapath_module/reg_file_module/reg_memory_reg[31][1]2051   0.001839           0    0.001839   3.668e-07  HS65_LHS_SDFPQX27
datapath_module/alu_module/FE_OFC49_read_data2_31  0.0001914    0.001647    0.001839   6.214e-08  HS65_LH_BFX9
datapath_module/reg_file_module/reg_memory_reg[16][5]1095   0.001748   8.972e-05    0.001838   3.162e-07  HS65_LH_SDFPRQTX9
datapath_module/reg_file_module/reg_memory_reg[22][19]1493   0.001838           0    0.001838    2.47e-07  HS65_LH_SDFPQX9
datapath_module/alu_module/mul_44_34/g38411   0.000485    0.001352    0.001837   8.307e-08  HS65_LH_NAND2AX7
datapath_module/alu_module/FE_OCPC783_read_data1_4  0.0006733    0.001163    0.001836   2.846e-07  HS65_LH_BFX44
datapath_module/reg_file_module/reg_memory_reg[29][22]1944   0.001835           0    0.001836   2.467e-07  HS65_LH_SDFPQX9
datapath_module/reg_file_module/reg_memory_reg[27][5]1799   0.001835           0    0.001835   3.254e-07  HS65_LHS_SDFPQX18
datapath_module/reg_file_module/reg_memory_reg[31][22]2072   0.001833           0    0.001834   2.475e-07  HS65_LH_SDFPQX9
datapath_module/alu_module/mul_44_34/FE_RC_383_0  0.0008767   0.0009559    0.001833   2.384e-07  HS65_LH_OAI21X24
datapath_module/alu_module/mul_44_34/g38251  8.005e-05    0.001752    0.001832   3.964e-08  HS65_LH_IVX9
datapath_module/reg_file_module/reg_memory_reg[17][23]1177   0.001832           0    0.001832   3.667e-07  HS65_LHS_SDFPQX27
datapath_module/alu_module/mul_44_34/g36458  0.0009399   0.0008918    0.001832   1.171e-07  HS65_LH_OAI12X12
datapath_module/alu_module/mul_44_34/g36990  0.0008335    0.000996     0.00183   1.378e-07  HS65_LH_FA1X4
datapath_module/alu_module/g7359  0.0003995    0.001429    0.001828   8.281e-08  HS65_LH_AO212X4
datapath_module/reg_file_module/g43362   0.001055   0.0007721    0.001828    6.86e-07  HS65_LH_BFX106
datapath_module/alu_module/mul_44_34/g36862      0.001    0.000825    0.001826   1.388e-07  HS65_LH_FA1X4
datapath_module/alu_module/mul_44_34/FE_RC_370_0   0.001351   0.0004739    0.001825   1.228e-07  HS65_LH_OAI22X11
datapath_module/alu_module/g7377  0.0005136    0.001311    0.001825   8.175e-08  HS65_LH_AO212X4
datapath_module/alu_module/mul_44_34/g36665  0.0004025    0.001421    0.001824   6.894e-08  HS65_LHS_XNOR2X3
datapath_module/alu_module/mul_44_34/g38256  0.0001068    0.001716    0.001823   3.961e-08  HS65_LH_IVX9
datapath_module/alu_module/mul_44_34/g38355   9.88e-05    0.001723    0.001822   3.954e-08  HS65_LH_IVX9
datapath_module/alu_module/srl_43_34/drc_bufs5980  7.802e-05     0.00174    0.001819   3.932e-08  HS65_LH_IVX9
datapath_module/alu_module/mul_44_34/FE_OCPC710_n_185   0.001006   0.0008101    0.001817   1.145e-07  HS65_LH_BFX18
datapath_module/reg_file_module/reg_memory_reg[29][27]1949   0.001816           0    0.001816   2.476e-07  HS65_LH_SDFPQX9
datapath_module/alu_module/mul_44_34/g36825  0.0003604    0.001455    0.001816   8.045e-08  HS65_LH_IVX18
datapath_module/reg_file_module/reg_memory_reg[27][27]1821   0.001814           0    0.001814   2.463e-07  HS65_LH_SDFPQX9
datapath_module/alu_module/mul_44_34/g36794    0.00109    0.000723    0.001813   1.297e-07  HS65_LH_PAOI2X11
datapath_module/reg_file_module/reg_memory_reg[30][26]2012   0.001813           0    0.001813    2.47e-07  HS65_LH_SDFPQX9
datapath_module/reg_file_module/reg_memory_reg[25][27]1693   0.001813           0    0.001813   2.463e-07  HS65_LH_SDFPQX9
datapath_module/alu_module/mul_44_34/g38400  0.0009734   0.0008388    0.001812   1.452e-07  HS65_LH_NOR2AX13
datapath_module/reg_file_module/reg_memory_reg[20][4]1350   0.001811           0    0.001812   3.668e-07  HS65_LHS_SDFPQX27
datapath_module/alu_module/mul_44_34/g38426  0.0009047    0.000906    0.001811   2.693e-07  HS65_LH_NOR2AX25
datapath_module/reg_file_module/reg_memory_reg[27][28]1822    0.00181           0     0.00181   2.463e-07  HS65_LH_SDFPQX9
datapath_module/alu_module/mul_44_34/g37341  0.0003487    0.001461     0.00181   5.984e-08  HS65_LH_AO22X4
datapath_module/reg_file_module/reg_memory_reg[27][29]1823   0.001809           0    0.001809   2.463e-07  HS65_LH_SDFPQX9
datapath_module/reg_file_module/reg_memory_reg[27][22]1816   0.001809           0    0.001809   2.464e-07  HS65_LH_SDFPQX9
datapath_module/reg_file_module/reg_memory_reg[19][22]1304   0.001808           0    0.001808   2.464e-07  HS65_LH_SDFPQX9
datapath_module/alu_module/add_34_34/g7673   0.001124   0.0006833    0.001808   2.638e-07  HS65_LH_OR2X35
datapath_module/reg_file_module/reg_memory_reg[18][28]1246   0.001807           0    0.001807   2.464e-07  HS65_LH_SDFPQX9
datapath_module/alu_module/mul_44_34/FE_RC_430_0   0.001081   0.0007252    0.001807   4.042e-07  HS65_LH_BFX62
datapath_module/alu_module/sll_42_34/g19846  0.0005569     0.00125    0.001807   1.462e-07  HS65_LH_AO12X18
datapath_module/reg_file_module/reg_memory_reg[27][25]1819   0.001807           0    0.001807   2.463e-07  HS65_LH_SDFPQX9
datapath_module/reg_file_module/reg_memory_reg[25][26]1692   0.001806           0    0.001807   2.463e-07  HS65_LH_SDFPQX9
datapath_module/reg_file_module/reg_memory_reg[27][26]1820   0.001806           0    0.001806   2.463e-07  HS65_LH_SDFPQX9
datapath_module/alu_module/g7353   0.000433    0.001373    0.001806   8.196e-08  HS65_LH_AO212X4
datapath_module/alu_module/sub_35_34/g27258  0.0007848     0.00102    0.001805   1.925e-07  HS65_LH_NOR2AX25
datapath_module/reg_file_module/reg_memory_reg[25][30]1696   0.001804           0    0.001805   2.463e-07  HS65_LH_SDFPQX9
datapath_module/alu_module/mul_44_34/FE_OCPC1224_n_996  0.0004584    0.001343    0.001802   6.192e-08  HS65_LH_BFX9
datapath_module/alu_module/FE_OFC581_n_267  0.0003204     0.00148    0.001801   2.076e-07  HS65_LH_IVX44
datapath_module/reg_file_module/reg_memory_reg[30][22]2008     0.0018           0      0.0018   2.475e-07  HS65_LH_SDFPQX9
datapath_module/alu_module/mul_44_34/g36414   0.001234   0.0005655      0.0018   2.139e-07  HS65_LH_OAI12X18
datapath_module/reg_file_module/reg_memory_reg[26][21]1751   0.001798           0    0.001799   2.464e-07  HS65_LH_SDFPQX9
datapath_module/reg_file_module/reg_memory_reg[27][21]1815   0.001797           0    0.001797   2.464e-07  HS65_LH_SDFPQX9
datapath_module/alu_module/mul_44_34/g37690    0.00119    0.000607    0.001797   2.666e-07  HS65_LH_NOR2X38
datapath_module/reg_file_module/reg_memory_reg[18][26]1244   0.001797           0    0.001797   2.465e-07  HS65_LH_SDFPQX9
datapath_module/reg_file_module/reg_memory_reg[27][20]1814   0.001797           0    0.001797   2.464e-07  HS65_LH_SDFPQX9
datapath_module/alu_module/mul_44_34/g38508   0.001426   0.0003699    0.001796   1.837e-07  HS65_LHS_XOR2X12
datapath_module/reg_file_module/reg_memory_reg[21][31]1441   0.001796           0    0.001796   3.253e-07  HS65_LHS_SDFPQX18
datapath_module/reg_file_module/reg_memory_reg[24][21]1623   0.001795           0    0.001795   2.466e-07  HS65_LH_SDFPQX9
datapath_module/reg_file_module/reg_memory_reg[19][20]1302   0.001795           0    0.001795   2.464e-07  HS65_LH_SDFPQX9
datapath_module/alu_module/mul_44_34/g38408  0.0007903    0.001004    0.001795   8.488e-08  HS65_LH_PAO2X9
datapath_module/reg_file_module/reg_memory_reg[16][20]1110   0.001795           0    0.001795   2.464e-07  HS65_LH_SDFPQX9
datapath_module/reg_file_module/reg_memory_reg[24][26]1628   0.001794           0    0.001795   2.463e-07  HS65_LH_SDFPQX9
datapath_module/reg_file_module/reg_memory_reg[21][21]1431   0.001794           0    0.001794   2.471e-07  HS65_LH_SDFPQX9
datapath_module/alu_module/mul_44_34/FE_OFC587_read_data2_5  0.0004462    0.001347    0.001794   2.092e-07  HS65_LH_IVX44
datapath_module/reg_file_module/reg_memory_reg[25][11]1677   0.001793           0    0.001793   2.465e-07  HS65_LH_SDFPQX9
datapath_module/reg_file_module/reg_memory_reg[30][18]2004   0.001792           0    0.001793   2.475e-07  HS65_LH_SDFPQX9
datapath_module/alu_module/mul_44_34/g36601   0.001366   0.0004251    0.001791   3.085e-07  HS65_LH_BDECNX20
datapath_module/alu_module/mul_44_34/g37257  0.0003795    0.001412    0.001791   1.239e-07  HS65_LH_NOR2X13
datapath_module/alu_module/mul_44_34/g36404  0.0009401   0.0008487    0.001789   1.286e-07  HS65_LH_OAI12X12
datapath_module/alu_module/mul_44_34/g36680    0.00128   0.0005072    0.001788   1.857e-07  HS65_LH_OAI12X18
datapath_module/alu_module/mul_44_34/g36922  0.0006776    0.001109    0.001787   1.325e-07  HS65_LH_OAI21X12
datapath_module/reg_file_module/reg_memory_reg[15][28]1054   0.001785           0    0.001786   2.471e-07  HS65_LH_SDFPQX9
datapath_module/reg_file_module/reg_memory_reg[8][22]600   0.001785           0    0.001785   2.463e-07  HS65_LH_SDFPQX9
datapath_module/reg_file_module/reg_memory_reg[8][21]599   0.001782           0    0.001783   2.463e-07  HS65_LH_SDFPQX9
datapath_module/alu_module/g7325  0.0008708   0.0009114    0.001782   1.376e-07  HS65_LH_AO12X18
datapath_module/reg_file_module/reg_memory_reg[21][30]1440   0.001781           0    0.001781   3.253e-07  HS65_LHS_SDFPQX18
datapath_module/alu_module/mul_44_34/g36989  0.0008752   0.0009026    0.001778   1.374e-07  HS65_LH_FA1X4
datapath_module/reg_file_module/g6926   0.001652   0.0001246    0.001777   3.168e-07  HS65_LH_MUX21I1X24
datapath_module/alu_module/mul_44_34/g36289  0.0008809   0.0008928    0.001774   1.538e-07  HS65_LH_AOI21X17
datapath_module/alu_module/mul_44_34/g38477   0.001284   0.0004881    0.001772   1.834e-07  HS65_LHS_XNOR2X12
datapath_module/reg_file_module/reg_memory_reg[1][6]136   0.001679   9.326e-05    0.001772   3.167e-07  HS65_LH_SDFPRQTX9
datapath_module/reg_file_module/reg_memory_reg[18][8]1226   0.001771           0    0.001771   2.469e-07  HS65_LH_SDFPQX9
datapath_module/alu_module/srl_43_34/FE_OFC585_n_267  0.0001777    0.001593    0.001771   5.454e-08  HS65_LH_BFX7
datapath_module/reg_file_module/reg_memory_reg[2][18]212    0.00177           0     0.00177   2.471e-07  HS65_LH_SDFPQX9
datapath_module/alu_module/mul_44_34/g37709    0.00102   0.0007472    0.001768    3.24e-07  HS65_LH_NOR2X50
datapath_module/alu_module/g7546  0.0001496    0.001618    0.001767   1.062e-07  HS65_LH_AND2X18
datapath_module/alu_module/sll_42_34/FE_RC_497_0   0.001109   0.0006578    0.001767   5.102e-07  HS65_LH_OAI211X33
datapath_module/reg_file_module/reg_memory_reg[31][28]2078    0.00176           0     0.00176   2.475e-07  HS65_LH_SDFPQX9
datapath_module/alu_module/mul_44_34/g38469   0.001334   0.0004258     0.00176   1.832e-07  HS65_LHS_XNOR2X12
datapath_module/reg_file_module/reg_memory_reg[3][6]264   0.001676   8.283e-05    0.001759   3.163e-07  HS65_LH_SDFPRQTX9
datapath_module/reg_file_module/reg_memory_reg[20][24]1370   0.001756           0    0.001757   3.668e-07  HS65_LHS_SDFPQX27
datapath_module/alu_module/mul_44_34/g37405  0.0007163     0.00104    0.001756   2.481e-07  HS65_LH_NOR2X25
datapath_module/alu_module/mul_44_34/FE_OFC63_n_434  0.0002599    0.001496    0.001756   6.211e-08  HS65_LH_BFX9
datapath_module/reg_file_module/reg_memory_reg[23][27]1565   0.001755           0    0.001755   2.326e-07  HS65_LH_SDFPQX4
datapath_module/reg_file_module/reg_memory_reg[21][9]1419   0.001755           0    0.001755   2.328e-07  HS65_LH_SDFPQX4
datapath_module/reg_file_module/reg_memory_reg[30][28]2014   0.001754           0    0.001754    2.47e-07  HS65_LH_SDFPQX9
datapath_module/alu_module/mul_44_34/FE_RC_356_0  0.0007909   0.0009628    0.001754   2.325e-07  HS65_LH_BFX35
datapath_module/alu_module/mul_44_34/FE_RC_408_0    0.00053    0.001224    0.001754    1.56e-07  HS65_LH_IVX31
datapath_module/reg_file_module/reg_memory_reg[23][25]1563   0.001753           0    0.001753   2.325e-07  HS65_LH_SDFPQX4
datapath_module/reg_file_module/reg_memory_reg[23][9]1547   0.001753           0    0.001753   2.328e-07  HS65_LH_SDFPQX4
datapath_module/reg_file_module/reg_memory_reg[22][20]1494   0.001752           0    0.001753   2.327e-07  HS65_LH_SDFPQX4
datapath_module/alu_module/mul_44_34/FE_RC_199_0  0.0007854   0.0009665    0.001752   2.422e-07  HS65_LH_NAND2AX21
datapath_module/alu_module/mul_44_34/FE_RC_364_0   0.001181   0.0005696     0.00175   1.326e-07  HS65_LH_NAND2X29
datapath_module/reg_file_module/reg_memory_reg[23][8]1546    0.00175           0     0.00175   2.329e-07  HS65_LH_SDFPQX4
datapath_module/alu_module/mul_44_34/g36779  0.0007501   0.0009993     0.00175   9.734e-08  HS65_LH_NAND2X21
datapath_module/reg_file_module/reg_memory_reg[23][7]1545   0.001748           0    0.001749   2.331e-07  HS65_LH_SDFPQX4
datapath_module/reg_file_module/reg_memory_reg[30][23]2009   0.001748           0    0.001748    2.33e-07  HS65_LH_SDFPQX4
datapath_module/reg_file_module/reg_memory_reg[23][20]1558   0.001747           0    0.001747    2.33e-07  HS65_LH_SDFPQX4
datapath_module/reg_file_module/reg_memory_reg[7][26]540   0.001747           0    0.001747   2.472e-07  HS65_LH_SDFPQX9
datapath_module/reg_file_module/reg_memory_reg[23][10]1548   0.001747           0    0.001747   2.327e-07  HS65_LH_SDFPQX4
datapath_module/alu_module/FE_OFC590_n_258  0.0002473    0.001498    0.001746   1.643e-07  HS65_LH_IVX35
datapath_module/alu_module/mul_44_34/g36387_dup  0.0008957   0.0008498    0.001746   1.233e-07  HS65_LH_NAND2AX14
datapath_module/reg_file_module/reg_memory_reg[30][13]1999   0.001745           0    0.001745   2.328e-07  HS65_LH_SDFPQX4
datapath_module/reg_file_module/reg_memory_reg[22][31]1505   0.001745           0    0.001745   3.254e-07  HS65_LHS_SDFPQX18
datapath_module/reg_file_module/reg_memory_reg[19][27]1309   0.001745           0    0.001745   2.474e-07  HS65_LH_SDFPQX9
datapath_module/reg_file_module/reg_memory_reg[3][24]282   0.001743           0    0.001744   3.667e-07  HS65_LHS_SDFPQX27
datapath_module/reg_file_module/reg_memory_reg[4][12]334   0.001743           0    0.001743   3.666e-07  HS65_LHS_SDFPQX27
datapath_module/reg_file_module/reg_memory_reg[30][6]1992   0.001743           0    0.001743   2.326e-07  HS65_LH_SDFPQX4
datapath_module/reg_file_module/reg_memory_reg[31][21]2071   0.001742           0    0.001742   2.478e-07  HS65_LH_SDFPQX9
datapath_module/reg_file_module/reg_memory_reg[30][7]1993   0.001742           0    0.001742   2.326e-07  HS65_LH_SDFPQX4
datapath_module/alu_module/sub_35_34/FE_RC_563_0  0.0007286    0.001011     0.00174    1.99e-07  HS65_LH_NAND2X29
datapath_module/reg_file_module/reg_memory_reg[26][26]1756   0.001737           0    0.001738   2.474e-07  HS65_LH_SDFPQX9
datapath_module/reg_file_module/reg_memory_reg[30][27]2013   0.001737           0    0.001738   2.328e-07  HS65_LH_SDFPQX4
datapath_module/reg_file_module/reg_memory_reg[23][11]1549   0.001737           0    0.001737   2.325e-07  HS65_LH_SDFPQX4
datapath_module/alu_module/FE_PSC1695_write_data_2  0.0002663    0.001471    0.001737   6.256e-08  HS65_LH_BFX9
datapath_module/alu_module/FE_OFC57_read_data2_20  0.0001269    0.001607    0.001734   6.165e-08  HS65_LH_BFX9
datapath_module/reg_file_module/reg_memory_reg[20][15]1361   0.001733           0    0.001733   3.668e-07  HS65_LHS_SDFPQX27
datapath_module/reg_file_module/reg_memory_reg[22][18]1492   0.001732           0    0.001732   2.331e-07  HS65_LH_SDFPQX4
datapath_module/alu_module/mul_44_34/g36804  0.0005236    0.001207    0.001731   6.313e-08  HS65_LH_PAO2X4
datapath_module/alu_module/mul_44_34/FE_OFC85_n_928   0.000368     0.00136    0.001728   6.251e-08  HS65_LH_BFX9
datapath_module/reg_file_module/reg_memory_reg[29][15]1937   0.001728           0    0.001728   2.475e-07  HS65_LH_SDFPQX9
datapath_module/reg_file_module/reg_memory_reg[5][31]417   0.001727           0    0.001728   3.668e-07  HS65_LHS_SDFPQX27
datapath_module/reg_file_module/reg_memory_reg[30][5]1991   0.001727           0    0.001728   2.327e-07  HS65_LH_SDFPQX4
datapath_module/alu_module/mul_44_34/g36668  0.0005371    0.001187    0.001724   6.243e-08  HS65_LH_PAO2X4
datapath_module/alu_module/mul_44_34/g37648  0.0004708    0.001253    0.001724   2.113e-07  HS65_LH_IVX44
datapath_module/reg_file_module/reg_memory_reg[21][22]1432   0.001723           0    0.001723   2.473e-07  HS65_LH_SDFPQX9
datapath_module/alu_module/FE_RC_797_0   0.000168    0.001552     0.00172   8.132e-08  HS65_LH_IVX18
datapath_module/reg_file_module/reg_memory_reg[1][27]157   0.001718           0    0.001719   2.476e-07  HS65_LH_SDFPQX9
datapath_module/reg_file_module/reg_memory_reg[21][8]1418   0.001717           0    0.001718   2.329e-07  HS65_LH_SDFPQX4
datapath_module/reg_file_module/reg_memory_reg[27][16]1810   0.001717           0    0.001717   2.468e-07  HS65_LH_SDFPQX9
datapath_module/reg_file_module/reg_memory_reg[25][25]1691   0.001717           0    0.001717   2.323e-07  HS65_LH_SDFPQX4
datapath_module/reg_file_module/reg_memory_reg[15][27]1053   0.001716           0    0.001716   2.473e-07  HS65_LH_SDFPQX9
datapath_module/alu_module/mul_44_34/g37270   0.000488    0.001228    0.001716   6.077e-08  HS65_LH_AO22X4
datapath_module/reg_file_module/reg_memory_reg[27][13]1807   0.001715           0    0.001715   2.323e-07  HS65_LH_SDFPQX4
datapath_module/reg_file_module/reg_memory_reg[24][30]1632   0.001714           0    0.001715   2.323e-07  HS65_LH_SDFPQX4
datapath_module/reg_file_module/reg_memory_reg[25][13]1679   0.001714           0    0.001715   2.323e-07  HS65_LH_SDFPQX4
datapath_module/reg_file_module/reg_memory_reg[18][27]1245   0.001713           0    0.001714   2.323e-07  HS65_LH_SDFPQX4
datapath_module/alu_module/mul_44_34/FE_OCPC1487_n_41   0.001014   0.0006993    0.001713   1.156e-07  HS65_LH_BFX18
datapath_module/reg_file_module/reg_memory_reg[24][27]1629   0.001713           0    0.001713   2.323e-07  HS65_LH_SDFPQX4
datapath_module/reg_file_module/reg_memory_reg[26][29]1759   0.001713           0    0.001713   2.324e-07  HS65_LH_SDFPQX4
datapath_module/reg_file_module/reg_memory_reg[24][23]1625   0.001712           0    0.001712   2.323e-07  HS65_LH_SDFPQX4
datapath_module/reg_file_module/reg_memory_reg[16][25]1115   0.001712           0    0.001712   2.322e-07  HS65_LH_SDFPQX4
datapath_module/reg_file_module/g6186   0.001588   0.0001224    0.001711   3.174e-07  HS65_LH_MUX21I1X24
datapath_module/reg_file_module/reg_memory_reg[26][30]1760   0.001711           0    0.001711   2.323e-07  HS65_LH_SDFPQX4
datapath_module/alu_module/mul_44_34/g36736  0.0003872    0.001323    0.001711   6.871e-08  HS65_LHS_XNOR2X3
datapath_module/reg_file_module/reg_memory_reg[18][5]1223    0.00171           0     0.00171   3.685e-07  HS65_LHS_SDFPQX27
datapath_module/reg_file_module/reg_memory_reg[27][9]1803    0.00171           0     0.00171   2.324e-07  HS65_LH_SDFPQX4
datapath_module/reg_file_module/reg_memory_reg[25][12]1678   0.001709           0    0.001709   2.323e-07  HS65_LH_SDFPQX4
datapath_module/alu_module/mul_44_34/g36592  0.0009612   0.0007479    0.001709   1.142e-07  HS65_LH_NAND2X21
datapath_module/reg_file_module/reg_memory_reg[27][12]1806   0.001709           0    0.001709   2.323e-07  HS65_LH_SDFPQX4
datapath_module/alu_module/mul_44_34/g36928_dup  0.0007265   0.0009824    0.001709   1.978e-07  HS65_LH_NOR2AX19
datapath_module/alu_module/mul_44_34/FE_RC_111_0  0.0003966    0.001312    0.001709   1.136e-07  HS65_LH_AOI21X12
datapath_module/reg_file_module/reg_memory_reg[27][10]1804   0.001707           0    0.001707   2.323e-07  HS65_LH_SDFPQX4
datapath_module/reg_file_module/reg_memory_reg[30][25]2011   0.001706           0    0.001706    2.33e-07  HS65_LH_SDFPQX4
datapath_module/reg_file_module/reg_memory_reg[12][24]858   0.001705           0    0.001705   3.668e-07  HS65_LHS_SDFPQX27
datapath_module/alu_module/mul_44_34/g39321  0.0008901    0.000815    0.001705   1.347e-07  HS65_LH_XOR3X9
datapath_module/alu_module/g7588  0.0001096    0.001594    0.001704   3.956e-08  HS65_LH_IVX9
datapath_module/reg_file_module/reg_memory_reg[27][11]1805   0.001703           0    0.001704   2.323e-07  HS65_LH_SDFPQX4
datapath_module/reg_file_module/reg_memory_reg[18][25]1243   0.001701           0    0.001701   2.325e-07  HS65_LH_SDFPQX4
datapath_module/reg_file_module/FE_PHC1680_scan_en  0.0001003      0.0016    0.001701   1.503e-07  HS65_LH_BFX22
datapath_module/reg_file_module/reg_memory_reg[19][6]1288   0.001632   6.755e-05      0.0017   3.177e-07  HS65_LH_SDFPRQTX9
datapath_module/reg_file_module/reg_memory_reg[13][31]929   0.001699           0      0.0017   3.254e-07  HS65_LHS_SDFPQX18
datapath_module/reg_file_module/reg_memory_reg[24][25]1627   0.001699           0    0.001699   2.323e-07  HS65_LH_SDFPQX4
datapath_module/reg_file_module/reg_memory_reg[12][12]846   0.001699           0    0.001699   3.667e-07  HS65_LHS_SDFPQX27
datapath_module/reg_file_module/reg_memory_reg[23][12]1550   0.001699           0    0.001699   2.327e-07  HS65_LH_SDFPQX4
datapath_module/reg_file_module/reg_memory_reg[2][20]214   0.001698           0    0.001698   2.325e-07  HS65_LH_SDFPQX4
datapath_module/reg_file_module/reg_memory_reg[25][10]1676   0.001698           0    0.001698   2.326e-07  HS65_LH_SDFPQX4
datapath_module/reg_file_module/reg_memory_reg[27][8]1802   0.001698           0    0.001698   2.326e-07  HS65_LH_SDFPQX4
datapath_module/reg_file_module/reg_memory_reg[24][12]1614   0.001697           0    0.001698   2.322e-07  HS65_LH_SDFPQX4
datapath_module/alu_module/FE_OCPC599_read_data2_3  0.0004835    0.001214    0.001697   1.651e-07  HS65_LH_BFX27
datapath_module/reg_file_module/reg_memory_reg[17][18]1172   0.001697           0    0.001697   3.683e-07  HS65_LHS_SDFPQX27
datapath_module/alu_module/mul_44_34/FE_RC_287_0  0.0007841   0.0009123    0.001697   2.467e-07  HS65_LH_NOR2X38
datapath_module/reg_file_module/reg_memory_reg[4][15]337   0.001696           0    0.001696   3.668e-07  HS65_LHS_SDFPQX27
datapath_module/reg_file_module/reg_memory_reg[22][3]1477   0.001695           0    0.001695   3.668e-07  HS65_LHS_SDFPQX27
datapath_module/reg_file_module/reg_memory_reg[18][20]1238   0.001695           0    0.001695   2.323e-07  HS65_LH_SDFPQX4
datapath_module/reg_file_module/reg_memory_reg[0][20]118   0.001695           0    0.001695   2.324e-07  HS65_LH_SDFPQX4
datapath_module/reg_file_module/reg_memory_reg[26][20]1750   0.001695           0    0.001695   2.323e-07  HS65_LH_SDFPQX4
datapath_module/reg_file_module/reg_memory_reg[18][10]1228   0.001694           0    0.001695   2.324e-07  HS65_LH_SDFPQX4
datapath_module/reg_file_module/reg_memory_reg[18][9]1227   0.001694           0    0.001694   2.326e-07  HS65_LH_SDFPQX4
datapath_module/alu_module/g7376  0.0004225    0.001271    0.001694   8.326e-08  HS65_LH_AO212X4
datapath_module/reg_file_module/reg_memory_reg[16][13]1103   0.001694           0    0.001694   2.325e-07  HS65_LH_SDFPQX4
datapath_module/reg_file_module/reg_memory_reg[20][3]1349   0.001693           0    0.001694   3.254e-07  HS65_LHS_SDFPQX18
datapath_module/reg_file_module/FE_USKC944_CTS_43  0.0005029     0.00119    0.001693   5.463e-08  HS65_LH_BFX7
datapath_module/reg_file_module/reg_memory_reg[26][27]1757   0.001692           0    0.001693   2.328e-07  HS65_LH_SDFPQX4
datapath_module/alu_module/mul_44_34/g36748  0.0004648    0.001228    0.001692    6.28e-08  HS65_LH_BFX9
datapath_module/alu_module/mul_44_34/FE_RC_164_0   0.001011   0.0006812    0.001692   1.471e-07  HS65_LH_NAND2X21
datapath_module/alu_module/mul_44_34/g36896  0.0008576   0.0008338    0.001691   1.362e-07  HS65_LH_FA1X4
datapath_module/reg_file_module/reg_memory_reg[27][30]1824   0.001691           0    0.001691   2.466e-07  HS65_LH_SDFPQX9
datapath_module/reg_file_module/reg_memory_reg[17][6]1160   0.001618   7.292e-05    0.001691   3.176e-07  HS65_LH_SDFPRQTX9
datapath_module/reg_file_module/reg_memory_reg[24][11]1613   0.001689           0    0.001689   2.322e-07  HS65_LH_SDFPQX4
datapath_module/reg_file_module/reg_memory_reg[17][11]1165   0.001689           0    0.001689   2.476e-07  HS65_LH_SDFPQX9
datapath_module/alu_module/mul_44_34/FE_OFC116_n_1092  0.0004497    0.001239    0.001689   6.249e-08  HS65_LH_BFX9
datapath_module/reg_file_module/reg_memory_reg[0][26]124   0.001688           0    0.001689   2.469e-07  HS65_LH_SDFPQX9
datapath_module/reg_file_module/reg_memory_reg[20][29]1375   0.001687           0    0.001688   3.253e-07  HS65_LHS_SDFPQX18
datapath_module/reg_file_module/reg_memory_reg[7][25]539   0.001686           0    0.001687   2.473e-07  HS65_LH_SDFPQX9
datapath_module/reg_file_module/reg_memory_reg[19][30]1312   0.001686           0    0.001686    2.47e-07  HS65_LH_SDFPQX9
datapath_module/reg_file_module/reg_memory_reg[23][6]1544   0.001684           0    0.001685   2.334e-07  HS65_LH_SDFPQX4
FE_OFC1_scan_en                0.0001408    0.001543    0.001684   2.349e-07  HS65_LH_BFX35
datapath_module/reg_file_module/reg_memory_reg[25][9]1675   0.001684           0    0.001684   2.329e-07  HS65_LH_SDFPQX4
datapath_module/reg_file_module/reg_memory_reg[27][18]1812   0.001683           0    0.001683   2.325e-07  HS65_LH_SDFPQX4
datapath_module/reg_file_module/reg_memory_reg[27][15]1809   0.001683           0    0.001683   2.468e-07  HS65_LH_SDFPQX9
datapath_module/reg_file_module/reg_memory_reg[16][12]1102    0.00168           0    0.001681   2.328e-07  HS65_LH_SDFPQX4
datapath_module/alu_module/mul_44_34/g36654  0.0006809    0.000999     0.00168   9.032e-08  HS65_LH_NAND2X14
datapath_module/alu_module/mul_44_34/g36411  0.0003522    0.001327     0.00168   8.098e-08  HS65_LH_IVX18
datapath_module/reg_file_module/reg_memory_reg[17][16]1170   0.001679           0    0.001679   2.473e-07  HS65_LH_SDFPQX9
datapath_module/alu_module/mul_44_34/g37306  0.0004589     0.00122    0.001679   6.039e-08  HS65_LH_AO22X4
datapath_module/reg_file_module/reg_memory_reg[30][21]2007   0.001678           0    0.001678   2.479e-07  HS65_LH_SDFPQX9
datapath_module/reg_file_module/reg_memory_reg[31][29]2079   0.001678           0    0.001678   2.475e-07  HS65_LH_SDFPQX9
datapath_module/reg_file_module/reg_memory_reg[29][29]1951   0.001677           0    0.001677   2.475e-07  HS65_LH_SDFPQX9
datapath_module/reg_file_module/reg_memory_reg[20][31]1377   0.001675           0    0.001676   3.253e-07  HS65_LHS_SDFPQX18
datapath_module/reg_file_module/reg_memory_reg[24][10]1612   0.001675           0    0.001675   2.323e-07  HS65_LH_SDFPQX4
datapath_module/reg_file_module/reg_memory_reg[29][26]1948   0.001675           0    0.001675   2.479e-07  HS65_LH_SDFPQX9
datapath_module/reg_file_module/reg_memory_reg[4][11]333   0.001674           0    0.001675   3.671e-07  HS65_LHS_SDFPQX27
datapath_module/reg_file_module/reg_memory_reg[7][6]520   0.001674           0    0.001675   3.668e-07  HS65_LHS_SDFPQX27
datapath_module/reg_file_module/reg_memory_reg[20][7]1353   0.001673           0    0.001674   3.253e-07  HS65_LHS_SDFPQX18
datapath_module/reg_file_module/reg_memory_reg[26][12]1742   0.001673           0    0.001674   2.328e-07  HS65_LH_SDFPQX4
datapath_module/alu_module/sub_35_34/FE_OCPC1216_n_14   0.001322   0.0003508    0.001673   2.364e-07  HS65_LH_BFX35
datapath_module/reg_file_module/reg_memory_reg[23][18]1556   0.001672           0    0.001673   2.334e-07  HS65_LH_SDFPQX4
datapath_module/reg_file_module/reg_memory_reg[2][2]196   0.001672           0    0.001672   3.667e-07  HS65_LHS_SDFPQX27
datapath_module/reg_file_module/reg_memory_reg[24][9]1611   0.001671           0    0.001671   2.323e-07  HS65_LH_SDFPQX4
datapath_module/reg_file_module/reg_memory_reg[27][7]1801   0.001671           0    0.001671   2.328e-07  HS65_LH_SDFPQX4
datapath_module/reg_file_module/reg_memory_reg[17][12]1166   0.001668           0    0.001668   2.329e-07  HS65_LH_SDFPQX4
datapath_module/alu_module/drc_bufs7623  5.045e-05    0.001617    0.001667   6.826e-08  HS65_LH_IVX13
datapath_module/alu_module/mul_44_34/g36626   0.001155   0.0005119    0.001667   2.415e-07  HS65_LH_NAND2AX21
datapath_module/reg_file_module/reg_memory_reg[21][5]1415   0.001591    7.47e-05    0.001666   3.181e-07  HS65_LH_SDFPRQTX9
datapath_module/reg_file_module/reg_memory_reg[8][26]604   0.001665           0    0.001666   3.254e-07  HS65_LHS_SDFPQX18
datapath_module/reg_file_module/reg_memory_reg[13][2]900   0.001664           0    0.001665   3.254e-07  HS65_LHS_SDFPQX18
datapath_module/reg_file_module/reg_memory_reg[20][23]1369   0.001664           0    0.001664   3.253e-07  HS65_LHS_SDFPQX18
datapath_module/reg_file_module/FE_OFC5_scan_en  0.0001362    0.001528    0.001664   2.349e-07  HS65_LH_BFX35
datapath_module/alu_module/mul_44_34/FE_OCPC1320_n_1723  0.0008203   0.0008423    0.001663    1.14e-07  HS65_LH_BFX18
datapath_module/reg_file_module/reg_memory_reg[3][9]267   0.001661           0    0.001661   2.325e-07  HS65_LH_SDFPQX4
datapath_module/reg_file_module/reg_memory_reg[18][15]1233   0.001661           0    0.001661   2.471e-07  HS65_LH_SDFPQX9
datapath_module/alu_module/srl_43_34/g5793  0.0006813   0.0009795    0.001661   2.047e-07  HS65_LH_NAND2X21
datapath_module/alu_module/FE_OFC500_read_data2_1  0.0003233    0.001337     0.00166   2.102e-07  HS65_LH_IVX44
datapath_module/reg_file_module/reg_memory_reg[21][7]1417   0.001659           0    0.001659   2.331e-07  HS65_LH_SDFPQX4
datapath_module/reg_file_module/reg_memory_reg[2][26]220   0.001659           0    0.001659   2.478e-07  HS65_LH_SDFPQX9
datapath_module/reg_file_module/reg_memory_reg[19][29]1311   0.001659           0    0.001659    2.47e-07  HS65_LH_SDFPQX9
datapath_module/reg_file_module/reg_memory_reg[30][24]2010   0.001659           0    0.001659    2.33e-07  HS65_LH_SDFPQX4
datapath_module/reg_file_module/reg_memory_reg[19][11]1293   0.001658           0    0.001659   2.477e-07  HS65_LH_SDFPQX9
datapath_module/reg_file_module/reg_memory_reg[30][16]2002   0.001658           0    0.001658   3.261e-07  HS65_LHS_SDFPQX18
datapath_module/alu_module/mul_44_34/g36479  0.0008433   0.0008148    0.001658   1.023e-07  HS65_LH_NOR2AX13
datapath_module/reg_file_module/reg_memory_reg[13][11]909   0.001658           0    0.001658   3.668e-07  HS65_LHS_SDFPQX27
datapath_module/alu_module/mul_44_34/FE_RC_399_0  0.0007776   0.0008795    0.001657   2.025e-07  HS65_LH_NOR2X38
datapath_module/reg_file_module/reg_memory_reg[18][17]1235   0.001657           0    0.001657   2.326e-07  HS65_LH_SDFPQX4
datapath_module/reg_file_module/reg_memory_reg[16][17]1107   0.001657           0    0.001657   2.326e-07  HS65_LH_SDFPQX4
datapath_module/alu_module/mul_44_34/g37117   0.000344    0.001313    0.001657   6.076e-08  HS65_LH_PAO2X4
datapath_module/reg_file_module/reg_memory_reg[19][12]1294   0.001656           0    0.001656    2.33e-07  HS65_LH_SDFPQX4
datapath_module/reg_file_module/reg_memory_reg[26][24]1754   0.001656           0    0.001656   3.269e-07  HS65_LHS_SDFPQX18
datapath_module/reg_file_module/reg_memory_reg[2][7]201   0.001655           0    0.001656   2.329e-07  HS65_LH_SDFPQX4
datapath_module/reg_file_module/FE_OFC0_scan_en  0.0001407    0.001515    0.001656   2.349e-07  HS65_LH_BFX35
datapath_module/reg_file_module/reg_memory_reg[2][27]221   0.001655           0    0.001655   2.333e-07  HS65_LH_SDFPQX4
datapath_module/reg_file_module/reg_memory_reg[29][6]1928   0.001655           0    0.001655   2.333e-07  HS65_LH_SDFPQX4
datapath_module/reg_file_module/FE_OCPC683_n_2470   0.001049   0.0006043    0.001654    6.86e-07  HS65_LH_BFX106
datapath_module/reg_file_module/reg_memory_reg[28][11]1869   0.001653           0    0.001654   3.668e-07  HS65_LHS_SDFPQX27
datapath_module/reg_file_module/reg_memory_reg[5][20]406   0.001653           0    0.001653   3.667e-07  HS65_LHS_SDFPQX27
datapath_module/reg_file_module/reg_memory_reg[20][26]1372   0.001653           0    0.001653   3.253e-07  HS65_LHS_SDFPQX18
datapath_module/reg_file_module/reg_memory_reg[6][28]478   0.001652           0    0.001653   3.668e-07  HS65_LHS_SDFPQX27
datapath_module/alu_module/mul_44_34/g36570  0.0008896   0.0007626    0.001652   1.024e-07  HS65_LH_NOR2X19
datapath_module/reg_file_module/reg_memory_reg[2][28]222   0.001651           0    0.001651   2.473e-07  HS65_LH_SDFPQX9
datapath_module/alu_module/mul_44_34/g37124  0.0004713    0.001179     0.00165   6.237e-08  HS65_LH_PAO2X4
datapath_module/reg_file_module/reg_memory_reg[18][13]1231   0.001649           0    0.001649   2.332e-07  HS65_LH_SDFPQX4
datapath_module/reg_file_module/reg_memory_reg[7][5]519   0.001649           0    0.001649   3.668e-07  HS65_LHS_SDFPQX27
datapath_module/reg_file_module/reg_memory_reg[22][17]1491   0.001649           0    0.001649   2.334e-07  HS65_LH_SDFPQX4
datapath_module/reg_file_module/reg_memory_reg[22][26]1500   0.001649           0    0.001649   2.475e-07  HS65_LH_SDFPQX9
datapath_module/alu_module/mul_44_34/g37082  0.0009315   0.0007172    0.001649   9.173e-08  HS65_LH_AND2ABX9
datapath_module/alu_module/mul_44_34/g37098  0.0001982     0.00145    0.001648    3.96e-08  HS65_LH_IVX9
datapath_module/alu_module/mul_44_34/g37678   0.000677    0.000971    0.001648   1.521e-07  HS65_LH_NOR2AX19
datapath_module/reg_file_module/reg_memory_reg[26][4]1734   0.001648           0    0.001648   2.325e-07  HS65_LH_SDFPQX4
datapath_module/reg_file_module/reg_memory_reg[14][28]990   0.001646           0    0.001647   3.668e-07  HS65_LHS_SDFPQX27
datapath_module/alu_module/mul_44_34/g37157  0.0005834    0.001062    0.001645   9.396e-08  HS65_LHS_XOR2X6
datapath_module/reg_file_module/reg_memory_reg[24][8]1610   0.001645           0    0.001645   2.323e-07  HS65_LH_SDFPQX4
datapath_module/reg_file_module/reg_memory_reg[16][8]1098   0.001645           0    0.001645   2.324e-07  HS65_LH_SDFPQX4
datapath_module/reg_file_module/reg_memory_reg[16][26]1116   0.001644           0    0.001645   3.269e-07  HS65_LHS_SDFPQX18
datapath_module/reg_file_module/FE_OFC11_scan_en  0.0001361    0.001508    0.001644   2.349e-07  HS65_LH_BFX35
datapath_module/reg_file_module/reg_memory_reg[28][15]1873   0.001642           0    0.001642   3.668e-07  HS65_LHS_SDFPQX27
datapath_module/reg_file_module/reg_memory_reg[0][31]129   0.001641           0    0.001641   3.667e-07  HS65_LHS_SDFPQX27
datapath_module/reg_file_module/reg_memory_reg[2][11]205    0.00164           0    0.001641   2.471e-07  HS65_LH_SDFPQX9
datapath_module/alu_module/mul_44_34/FE_OCPC1053_n_149   0.001012   0.0006285     0.00164   1.151e-07  HS65_LH_BFX18
datapath_module/reg_file_module/reg_memory_reg[22][27]1501   0.001639           0    0.001639   2.333e-07  HS65_LH_SDFPQX4
datapath_module/alu_module/sll_42_34/g19793  0.0004814    0.001157    0.001638   9.917e-08  HS65_LH_MUX21I1X6
datapath_module/alu_module/mul_44_34/FE_RC_747_0  0.0009265   0.0007094    0.001636   2.671e-07  HS65_LH_OAI21X24
datapath_module/reg_file_module/reg_memory_reg[2][17]211   0.001635           0    0.001635   2.333e-07  HS65_LH_SDFPQX4
datapath_module/alu_module/mul_44_34/g37046  0.0007257   0.0009095    0.001635   1.781e-07  HS65_LH_XOR2X9
datapath_module/reg_file_module/reg_memory_reg[12][19]853   0.001635           0    0.001635   3.668e-07  HS65_LHS_SDFPQX27
datapath_module/alu_module/mul_44_34/g36244  0.0007735   0.0008598    0.001633   9.443e-08  HS65_LHS_XOR2X6
datapath_module/reg_file_module/reg_memory_reg[15][4]1030   0.001633           0    0.001633   3.668e-07  HS65_LHS_SDFPQX27
datapath_module/alu_module/mul_44_34/g36354  0.0006555   0.0009773    0.001633   9.546e-08  HS65_LH_NAND2X14
datapath_module/reg_file_module/reg_memory_reg[19][26]1308   0.001632           0    0.001632   2.479e-07  HS65_LH_SDFPQX9
datapath_module/reg_file_module/reg_memory_reg[18][7]1225   0.001631           0    0.001632   2.332e-07  HS65_LH_SDFPQX4
datapath_module/alu_module/mul_44_34/g36988  0.0007757   0.0008553    0.001631   1.381e-07  HS65_LH_FA1X4
datapath_module/reg_file_module/reg_memory_reg[16][11]1101   0.001631           0    0.001631   2.332e-07  HS65_LH_SDFPQX4
datapath_module/reg_file_module/reg_memory_reg[31][30]2080    0.00163           0     0.00163   2.476e-07  HS65_LH_SDFPQX9
datapath_module/reg_file_module/reg_memory_reg[7][4]518   0.001629           0    0.001629   3.668e-07  HS65_LHS_SDFPQX27
datapath_module/reg_file_module/reg_memory_reg[30][29]2015   0.001629           0    0.001629   2.474e-07  HS65_LH_SDFPQX9
datapath_module/reg_file_module/reg_memory_reg[16][0]1090   0.001629           0    0.001629   3.806e-07  HS65_LHS_SDFPHQX18
datapath_module/reg_file_module/reg_memory_reg[2][10]204   0.001628           0    0.001628   2.332e-07  HS65_LH_SDFPQX4
datapath_module/reg_file_module/reg_memory_reg[30][11]1997   0.001627           0    0.001628   2.335e-07  HS65_LH_SDFPQX4
datapath_module/reg_file_module/reg_memory_reg[29][30]1952   0.001626           0    0.001626   2.476e-07  HS65_LH_SDFPQX9
datapath_module/alu_module/mul_44_34/g36603  0.0005248    0.001101    0.001626   6.056e-08  HS65_LH_PAO2X4
datapath_module/reg_file_module/reg_memory_reg[3][8]266   0.001626           0    0.001626   2.326e-07  HS65_LH_SDFPQX4
datapath_module/reg_file_module/reg_memory_reg[23][4]1542   0.001625           0    0.001626   3.677e-07  HS65_LHS_SDFPQX27
datapath_module/reg_file_module/reg_memory_reg[25][8]1674   0.001625           0    0.001626   2.334e-07  HS65_LH_SDFPQX4
datapath_module/reg_file_module/reg_memory_reg[16][16]1106   0.001625           0    0.001625   2.327e-07  HS65_LH_SDFPQX4
datapath_module/reg_file_module/reg_memory_reg[18][22]1240   0.001624           0    0.001625   2.479e-07  HS65_LH_SDFPQX9
datapath_module/alu_module/mul_44_34/g37164  0.0003599    0.001264    0.001624   6.995e-08  HS65_LHS_XOR2X3
datapath_module/alu_module/FE_RC_316_0  0.0009281   0.0006959    0.001624   2.159e-07  HS65_LH_AO12X27
datapath_module/alu_module/mul_44_34/g36975  0.0008341   0.0007896    0.001624   1.376e-07  HS65_LH_FA1X4
datapath_module/reg_file_module/reg_memory_reg[26][11]1741   0.001623           0    0.001624   2.332e-07  HS65_LH_SDFPQX4
datapath_module/alu_module/mul_44_34/FE_OCPC1077_n_2281  0.0005037    0.001118    0.001621   1.151e-07  HS65_LH_BFX18
datapath_module/reg_file_module/reg_memory_reg[7][27]541   0.001621           0    0.001621    2.33e-07  HS65_LH_SDFPQX4
datapath_module/alu_module/FE_OCPC791_read_data1_2     0.0004    0.001221    0.001621   1.151e-07  HS65_LH_BFX18
datapath_module/reg_file_module/reg_memory_reg[5][3]389    0.00162           0    0.001621   3.668e-07  HS65_LHS_SDFPQX27
datapath_module/reg_file_module/reg_memory_reg[8][12]590    0.00162           0    0.001621   2.333e-07  HS65_LH_SDFPQX4
datapath_module/alu_module/mul_44_34/g36984  0.0008484   0.0007714     0.00162   1.381e-07  HS65_LH_FA1X4
datapath_module/reg_file_module/reg_memory_reg[22][25]1499    0.00162           0     0.00162   2.334e-07  HS65_LH_SDFPQX4
datapath_module/reg_file_module/reg_memory_reg[24][7]1609   0.001619           0    0.001619   2.323e-07  HS65_LH_SDFPQX4
datapath_module/alu_module/g7407  0.0003101    0.001308    0.001618   1.027e-07  HS65_LH_MX41X4
datapath_module/alu_module/mul_44_34/g36813   0.000936   0.0006818    0.001618   1.379e-07  HS65_LH_FA1X4
datapath_module/alu_module/mul_44_34/g36923  0.0005681    0.001049    0.001618    6.56e-08  HS65_LH_PAOI2X6
datapath_module/reg_file_module/reg_memory_reg[0][17]115   0.001617           0    0.001617   2.327e-07  HS65_LH_SDFPQX4
datapath_module/reg_file_module/reg_memory_reg[23][13]1551   0.001617           0    0.001617   2.331e-07  HS65_LH_SDFPQX4
datapath_module/alu_module/mul_44_34/g36565   0.000985    0.000632    0.001617   1.424e-07  HS65_LH_NOR2X19
datapath_module/alu_module/mul_44_34/FE_OFC197_n_1184  0.0003114    0.001306    0.001617   4.375e-08  HS65_LH_BFX2
datapath_module/reg_file_module/reg_memory_reg[3][5]263   0.001561   5.576e-05    0.001617    3.18e-07  HS65_LH_SDFPRQTX9
datapath_module/reg_file_module/reg_memory_reg[2][22]216   0.001617           0    0.001617   2.479e-07  HS65_LH_SDFPQX9
datapath_module/reg_file_module/reg_memory_reg[31][26]2076   0.001617           0    0.001617   2.478e-07  HS65_LH_SDFPQX9
datapath_module/alu_module/srl_43_34/FE_RC_492_0  0.0007482   0.0008659    0.001614   1.178e-07  HS65_LH_AOI12X12
datapath_module/reg_file_module/reg_memory_reg[16][7]1097   0.001614           0    0.001614   2.326e-07  HS65_LH_SDFPQX4
datapath_module/reg_file_module/reg_memory_reg[29][0]1922   0.001612           0    0.001613   3.822e-07  HS65_LHS_SDFPHQX18
datapath_module/alu_module/mul_44_34/g37423  0.0003484    0.001263    0.001612   6.178e-08  HS65_LH_OA22X4
datapath_module/alu_module/mul_44_34/g36578  0.0009003   0.0007108    0.001611   1.364e-07  HS65_LH_OAI12X12
datapath_module/reg_file_module/reg_memory_reg[21][13]1423    0.00161           0     0.00161   2.334e-07  HS65_LH_SDFPQX4
datapath_module/reg_file_module/reg_memory_reg[5][22]408    0.00161           0     0.00161   3.252e-07  HS65_LHS_SDFPQX18
datapath_module/reg_file_module/reg_memory_reg[0][22]120   0.001609           0    0.001609   2.479e-07  HS65_LH_SDFPQX9
datapath_module/alu_module/mul_44_34/g37121  0.0004286     0.00118    0.001609   6.221e-08  HS65_LH_PAO2X4
datapath_module/reg_file_module/reg_memory_reg[3][21]279   0.001608           0    0.001609   2.479e-07  HS65_LH_SDFPQX9
datapath_module/reg_file_module/reg_memory_reg[1][26]156   0.001608           0    0.001608   2.478e-07  HS65_LH_SDFPQX9
datapath_module/alu_module/sll_42_34/FE_RC_512_0  0.0005436    0.001064    0.001608   1.316e-07  HS65_LH_OAI21X12
datapath_module/reg_file_module/reg_memory_reg[6][16]466   0.001607           0    0.001608   3.668e-07  HS65_LHS_SDFPQX27
datapath_module/reg_file_module/reg_memory_reg[20][11]1357   0.001607           0    0.001607   3.668e-07  HS65_LHS_SDFPQX27
datapath_module/reg_file_module/reg_memory_reg[28][7]1865   0.001607           0    0.001607   3.254e-07  HS65_LHS_SDFPQX18
datapath_module/alu_module/mul_44_34/FE_RC_110_0  0.0009294   0.0006772    0.001607   1.304e-07  HS65_LH_AOI12X12
datapath_module/alu_module/mul_44_34/g36513  0.0009319   0.0006747    0.001607   1.399e-07  HS65_LH_OAI12X12
datapath_module/alu_module/sll_42_34/g19773  0.0005462     0.00106    0.001607   8.299e-08  HS65_LH_AO32X9
datapath_module/reg_file_module/reg_memory_reg[17][30]1184   0.001605           0    0.001606   2.476e-07  HS65_LH_SDFPQX9
datapath_module/reg_file_module/reg_memory_reg[24][3]1605   0.001605           0    0.001605   2.327e-07  HS65_LH_SDFPQX4
datapath_module/reg_file_module/reg_memory_reg[27][14]1808   0.001605           0    0.001605   2.325e-07  HS65_LH_SDFPQX4
datapath_module/reg_file_module/reg_memory_reg[26][3]1733   0.001604           0    0.001605   2.326e-07  HS65_LH_SDFPQX4
datapath_module/reg_file_module/reg_memory_reg[27][6]1800   0.001604           0    0.001604   2.332e-07  HS65_LH_SDFPQX4
datapath_module/alu_module/mul_44_34/FE_RC_784_0  0.0005143    0.001088    0.001603   2.554e-07  HS65_LH_IVX53
datapath_module/alu_module/mul_44_34/g37249  0.0004614     0.00114    0.001601   1.925e-07  HS65_LH_NOR2X19
datapath_module/reg_file_module/reg_memory_reg[25][16]1682   0.001601           0    0.001601   2.335e-07  HS65_LH_SDFPQX4
datapath_module/reg_file_module/reg_memory_reg[1][5]135   0.001548   5.248e-05    0.001601   3.183e-07  HS65_LH_SDFPRQTX9
datapath_module/alu_module/mul_44_34/FE_RC_379_0  0.0008939   0.0007059      0.0016    2.27e-07  HS65_LH_NOR2X38
datapath_module/alu_module/mul_44_34/g36977  0.0008735   0.0007264      0.0016   1.392e-07  HS65_LH_FA1X4
datapath_module/reg_file_module/fopt43428  0.0006868   0.0009125      0.0016   4.089e-07  HS65_LH_BFX62
datapath_module/reg_file_module/reg_memory_reg[12][11]845   0.001599           0    0.001599   3.669e-07  HS65_LHS_SDFPQX27
datapath_module/reg_file_module/reg_memory_reg[15][18]1044   0.001598           0    0.001598   3.252e-07  HS65_LHS_SDFPQX18
datapath_module/alu_module/FE_OCPC761_read_data1_1   0.000497    0.001101    0.001598   2.209e-07  HS65_LH_BFX31
datapath_module/reg_file_module/reg_memory_reg[24][14]1616   0.001597           0    0.001598   2.325e-07  HS65_LH_SDFPQX4
datapath_module/alu_module/sll_42_34/FE_OFC451_read_data2_2  9.566e-05    0.001501    0.001597   8.103e-08  HS65_LH_IVX18
datapath_module/reg_file_module/reg_memory_reg[3][22]280   0.001596           0    0.001596   2.475e-07  HS65_LH_SDFPQX9
datapath_module/reg_file_module/reg_memory_reg[5][21]407   0.001595           0    0.001595   3.252e-07  HS65_LHS_SDFPQX18
datapath_module/reg_file_module/reg_memory_reg[5][19]405   0.001595           0    0.001595   3.667e-07  HS65_LHS_SDFPQX27
datapath_module/reg_file_module/reg_memory_reg[26][14]1744   0.001594           0    0.001594   2.326e-07  HS65_LH_SDFPQX4
datapath_module/alu_module/mul_44_34/FE_RC_159_0   0.000228    0.001366    0.001594   3.957e-08  HS65_LH_IVX9
datapath_module/reg_file_module/reg_memory_reg[29][8]1930   0.001593           0    0.001593   2.335e-07  HS65_LH_SDFPQX4
datapath_module/reg_file_module/reg_memory_reg[8][28]606   0.001592           0    0.001593   3.667e-07  HS65_LHS_SDFPQX27
datapath_module/reg_file_module/reg_memory_reg[20][5]1351     0.0015   9.178e-05    0.001592   3.171e-07  HS65_LH_SDFPRQTX9
datapath_module/reg_file_module/reg_memory_reg[20][0]1346   0.001592           0    0.001592   2.863e-07  HS65_LH_SDFPHQX4
datapath_module/reg_file_module/reg_memory_reg[19][14]1296   0.001592           0    0.001592   2.327e-07  HS65_LH_SDFPQX4
datapath_module/reg_file_module/reg_memory_reg[21][14]1424   0.001589           0    0.001589   2.335e-07  HS65_LH_SDFPQX4
datapath_module/reg_file_module/reg_memory_reg[17][4]1158   0.001588           0    0.001589   2.323e-07  HS65_LH_SDFPQX4
datapath_module/reg_file_module/reg_memory_reg[23][14]1552   0.001588           0    0.001589   3.255e-07  HS65_LHS_SDFPQX18
datapath_module/reg_file_module/reg_memory_reg[7][31]545   0.001587           0    0.001587   3.254e-07  HS65_LHS_SDFPQX18
datapath_module/reg_file_module/reg_memory_reg[6][15]465   0.001587           0    0.001587   3.668e-07  HS65_LHS_SDFPQX27
datapath_module/alu_module/mul_44_34/FE_OCPC692_n_1374  0.0006562   0.0009301    0.001586   9.961e-08  HS65_LH_BFX13
datapath_module/reg_file_module/g43370   0.000423    0.001162    0.001586   2.595e-07  HS65_LH_AND2X35
datapath_module/alu_module/mul_44_34/FE_OCPC1002_n_1713  0.0005916   0.0009936    0.001585   6.203e-08  HS65_LH_BFX9
datapath_module/reg_file_module/reg_memory_reg[12][28]862   0.001584           0    0.001584   2.474e-07  HS65_LH_SDFPQX9
datapath_module/reg_file_module/reg_memory_reg[1][18]148   0.001583           0    0.001583   3.676e-07  HS65_LHS_SDFPQX27
datapath_module/reg_file_module/reg_memory_reg[15][26]1052   0.001583           0    0.001583   2.476e-07  HS65_LH_SDFPQX9
datapath_module/reg_file_module/reg_memory_reg[26][8]1738   0.001583           0    0.001583   2.321e-07  HS65_LH_SDFPQX4
datapath_module/alu_module/mul_44_34/FE_OCPC1269_n_60  0.0003542    0.001228    0.001583    1.16e-07  HS65_LH_BFX18
datapath_module/reg_file_module/reg_memory_reg[8][14]592   0.001582           0    0.001582   2.328e-07  HS65_LH_SDFPQX4
datapath_module/reg_file_module/reg_memory_reg[22][29]1503   0.001582           0    0.001582   2.475e-07  HS65_LH_SDFPQX9
datapath_module/reg_file_module/reg_memory_reg[4][4]326   0.001581           0    0.001582   3.668e-07  HS65_LHS_SDFPQX27
datapath_module/alu_module/mul_44_34/g36528  0.0008245    0.000757    0.001582   9.912e-08  HS65_LH_NOR2AX13
datapath_module/alu_module/FE_OCPC1130_n_258  0.0008424   0.0007384    0.001581   2.875e-07  HS65_LH_BFX44
datapath_module/alu_module/mul_44_34/g37929   0.000852   0.0007288    0.001581   1.916e-07  HS65_LH_AOI12X17
datapath_module/reg_file_module/reg_memory_reg[12][4]838   0.001581           0    0.001581   3.668e-07  HS65_LHS_SDFPQX27
datapath_module/alu_module/mul_44_34/g36987  0.0008634   0.0007174    0.001581   1.384e-07  HS65_LH_FA1X4
datapath_module/reg_file_module/reg_memory_reg[20][6]1352   0.001505   7.582e-05    0.001581   3.172e-07  HS65_LH_SDFPRQTX9
datapath_module/alu_module/mul_44_34/FE_RC_479_0  0.0005897   0.0009906    0.001581   3.058e-07  HS65_LH_NAND2X29
datapath_module/reg_file_module/reg_memory_reg[5][24]410    0.00158           0    0.001581   3.253e-07  HS65_LHS_SDFPQX18
datapath_module/reg_file_module/reg_memory_reg[3][12]270    0.00158           0     0.00158   2.327e-07  HS65_LH_SDFPQX4
datapath_module/reg_file_module/reg_memory_reg[22][15]1489   0.001578           0    0.001579   3.672e-07  HS65_LHS_SDFPQX27
datapath_module/reg_file_module/g6185   0.001443   0.0001344    0.001578   3.183e-07  HS65_LH_MUX21I1X24
datapath_module/alu_module/mul_44_34/FE_OCPC695_n_2167  0.0009269   0.0006488    0.001576   1.658e-07  HS65_LH_BFX27
datapath_module/alu_module/mul_44_34/FE_OCPC1445_n_2178  0.0003973    0.001178    0.001576   6.224e-08  HS65_LH_BFX9
datapath_module/reg_file_module/FE_OCPC1258_write_data_6   0.000313    0.001263    0.001576   6.253e-08  HS65_LH_BFX9
datapath_module/reg_file_module/reg_memory_reg[19][7]1289   0.001575           0    0.001575   2.332e-07  HS65_LH_SDFPQX4
datapath_module/reg_file_module/reg_memory_reg[3][7]265   0.001575           0    0.001575   2.329e-07  HS65_LH_SDFPQX4
datapath_module/reg_file_module/reg_memory_reg[0][25]123   0.001574           0    0.001575   2.329e-07  HS65_LH_SDFPQX4
datapath_module/reg_file_module/reg_memory_reg[30][17]2003   0.001574           0    0.001574   2.336e-07  HS65_LH_SDFPQX4
datapath_module/reg_file_module/reg_memory_reg[28][4]1862   0.001573           0    0.001573   3.663e-07  HS65_LHS_SDFPQX27
datapath_module/reg_file_module/reg_memory_reg[8][11]589   0.001572           0    0.001572   2.479e-07  HS65_LH_SDFPQX9
datapath_module/reg_file_module/reg_memory_reg[8][9]587   0.001572           0    0.001572   2.334e-07  HS65_LH_SDFPQX4
datapath_module/reg_file_module/reg_memory_reg[18][14]1232   0.001571           0    0.001572    2.33e-07  HS65_LH_SDFPQX4
datapath_module/reg_file_module/reg_memory_reg[26][6]1736   0.001506   6.506e-05    0.001572   3.122e-07  HS65_LH_SDFPRQTX9
datapath_module/alu_module/sub_35_34/g27378    0.00106   0.0005107    0.001571   1.833e-07  HS65_LH_NAND3AX19
datapath_module/reg_file_module/FE_PSC1690_FE_OCPN1146_write_data_6  0.0009318   0.0006387    0.001571   2.229e-07  HS65_LH_BFX31
datapath_module/alu_module/g7413  0.0008507   0.0007195     0.00157   1.944e-07  HS65_LH_AOI212X18
datapath_module/alu_module/mul_44_34/g36386  0.0006444    0.000924    0.001568   1.528e-07  HS65_LH_IVX31
datapath_module/alu_module/mul_44_34/FE_RC_489_0  0.0009628   0.0006053    0.001568   1.977e-07  HS65_LH_AND2X27
datapath_module/alu_module/g7832  0.0005011    0.001067    0.001568   8.253e-08  HS65_LH_AO212X4
datapath_module/alu_module/g7372  0.0004108    0.001157    0.001568   8.329e-08  HS65_LH_AO212X4
datapath_module/alu_module/mul_44_34/g36912  0.0005942   0.0009733    0.001568   6.221e-08  HS65_LH_BFX9
datapath_module/reg_file_module/FE_PHC1567_n_1202  0.0001676      0.0014    0.001567   2.245e-07  HS65_LH_BFX31
datapath_module/alu_module/srl_43_34/FE_OFC558_n_285  0.0001599    0.001406    0.001566   5.488e-08  HS65_LH_BFX7
datapath_module/reg_file_module/reg_memory_reg[16][3]1093   0.001564           0    0.001565   3.682e-07  HS65_LHS_SDFPQX27
datapath_module/reg_file_module/reg_memory_reg[8][27]605   0.001563           0    0.001563   3.254e-07  HS65_LHS_SDFPQX18
datapath_module/reg_file_module/reg_memory_reg[15][16]1042   0.001562           0    0.001562   3.251e-07  HS65_LHS_SDFPQX18
datapath_module/reg_file_module/reg_memory_reg[27][31]1825   0.001562           0    0.001562   2.471e-07  HS65_LH_SDFPQX9
datapath_module/reg_file_module/reg_memory_reg[29][10]1932    0.00156           0     0.00156   2.336e-07  HS65_LH_SDFPQX4
datapath_module/alu_module/mul_44_34/FE_RC_486_0  0.0008335   0.0007259     0.00156    2.38e-07  HS65_LH_AOI21X23
datapath_module/alu_module/mul_44_34/FE_OCPC717_n_2983  0.0009136   0.0006457    0.001559   1.164e-07  HS65_LH_BFX18
datapath_module/reg_file_module/reg_memory_reg[15][5]1031   0.001559           0    0.001559   3.253e-07  HS65_LHS_SDFPQX18
datapath_module/reg_file_module/reg_memory_reg[18][30]1248   0.001559           0    0.001559   2.478e-07  HS65_LH_SDFPQX9
datapath_module/reg_file_module/g42548   0.001022   0.0005359    0.001559   4.417e-07  HS65_LH_AOI12X46
datapath_module/alu_module/mul_44_34/FE_RC_98_0  0.0006261   0.0009324    0.001559   8.442e-08  HS65_LH_NAND2X14
datapath_module/reg_file_module/reg_memory_reg[0][16]114   0.001558           0    0.001559   2.329e-07  HS65_LH_SDFPQX4
datapath_module/alu_module/mul_44_34/FE_OCPC765_n_60  0.0009696   0.0005879    0.001558   3.382e-07  HS65_LH_BFX53
datapath_module/alu_module/mul_44_34/FE_OCPC713_read_data2_3  0.0004429    0.001114    0.001557   3.406e-07  HS65_LH_IVX71
datapath_module/reg_file_module/reg_memory_reg[5][28]414   0.001557           0    0.001557   3.249e-07  HS65_LHS_SDFPQX18
datapath_module/reg_file_module/reg_memory_reg[25][6]1672   0.001556           0    0.001557   3.673e-07  HS65_LHS_SDFPQX27
datapath_module/reg_file_module/reg_memory_reg[26][25]1755   0.001556           0    0.001557   2.336e-07  HS65_LH_SDFPQX4
datapath_module/alu_module/sub_35_34/g27369    0.00121   0.0003457    0.001556   2.817e-07  HS65_LH_XNOR2X18
datapath_module/reg_file_module/reg_memory_reg[23][16]1554   0.001555           0    0.001556   3.674e-07  HS65_LHS_SDFPQX27
datapath_module/alu_module/mul_44_34/FE_RC_169_0   0.001128    0.000427    0.001556   1.473e-07  HS65_LH_OAI21X18
datapath_module/reg_file_module/reg_memory_reg[3][11]269   0.001555           0    0.001556   2.328e-07  HS65_LH_SDFPQX4
datapath_module/alu_module/mul_44_34/g36364  0.0007722   0.0007827    0.001555   1.174e-07  HS65_LH_NAND2X21
datapath_module/reg_file_module/reg_memory_reg[4][24]346   0.001555           0    0.001555   3.668e-07  HS65_LHS_SDFPQX27
datapath_module/alu_module/FE_OFC51_read_data2_8  0.0001163    0.001437    0.001554   6.181e-08  HS65_LH_BFX9
datapath_module/reg_file_module/reg_memory_reg[6][31]481   0.001553           0    0.001553   3.667e-07  HS65_LHS_SDFPQX27
datapath_module/alu_module/mul_44_34/FE_OCPC1370_n_60  0.0008377   0.0007141    0.001552   2.875e-07  HS65_LH_BFX44
datapath_module/reg_file_module/reg_memory_reg[12][7]841   0.001552           0    0.001552   3.253e-07  HS65_LHS_SDFPQX18
datapath_module/reg_file_module/reg_memory_reg[18][12]1230   0.001551           0    0.001552   2.336e-07  HS65_LH_SDFPQX4
datapath_module/alu_module/mul_44_34/FE_RC_746_0  0.0009263    0.000624    0.001551   2.671e-07  HS65_LH_OAI21X24
datapath_module/reg_file_module/FE_OCPC976_n_1133  0.0003902     0.00116     0.00155   6.257e-08  HS65_LH_BFX9
datapath_module/reg_file_module/reg_memory_reg[12][27]861   0.001549           0    0.001549   2.332e-07  HS65_LH_SDFPQX4
datapath_module/reg_file_module/reg_memory_reg[13][27]925   0.001548           0    0.001549   2.333e-07  HS65_LH_SDFPQX4
datapath_module/reg_file_module/reg_memory_reg[15][30]1056   0.001548           0    0.001549   2.473e-07  HS65_LH_SDFPQX9
datapath_module/alu_module/mul_44_34/FE_OFC70_n_474   0.000269    0.001279    0.001548   6.214e-08  HS65_LH_BFX9
datapath_module/reg_file_module/reg_memory_reg[29][14]1936   0.001547           0    0.001548   2.335e-07  HS65_LH_SDFPQX4
datapath_module/alu_module/mul_44_34/g36910   0.001049   0.0004981    0.001547   2.768e-07  HS65_LH_NOR2AX25
datapath_module/reg_file_module/reg_memory_reg[28][17]1875   0.001546           0    0.001547   3.665e-07  HS65_LHS_SDFPQX27
datapath_module/reg_file_module/reg_memory_reg[28][18]1876   0.001543           0    0.001544   3.246e-07  HS65_LHS_SDFPQX18
datapath_module/alu_module/g7379  0.0004153    0.001126    0.001541   8.303e-08  HS65_LH_AO212X4
datapath_module/reg_file_module/FE_OFC15_scan_en  0.0001098    0.001431    0.001541    1.66e-07  HS65_LH_BFX27
datapath_module/alu_module/add_34_34/g7548  0.0009413   0.0005991    0.001541   3.869e-07  HS65_LH_NAND3X25
datapath_module/reg_file_module/reg_memory_reg[13][29]927   0.001539           0    0.001539   2.475e-07  HS65_LH_SDFPQX9
datapath_module/alu_module/mul_44_34/g36941  0.0003297    0.001209    0.001538    7.28e-08  HS65_LHS_XNOR2X3
datapath_module/alu_module/mul_44_34/g37384  0.0005655   0.0009722    0.001538   1.563e-07  HS65_LH_NOR2AX13
datapath_module/alu_module/mul_44_34/g38211_dup  0.0006204   0.0009163    0.001537   2.391e-07  HS65_LH_OR2X35
datapath_module/alu_module/mul_44_34/g36928  0.0009689   0.0005672    0.001536   2.607e-07  HS65_LH_NOR2AX25
datapath_module/alu_module/mul_44_34/FE_RC_342_0   0.001041   0.0004935    0.001535   2.895e-07  HS65_LH_NOR2AX25
datapath_module/reg_file_module/reg_memory_reg[8][25]603   0.001535           0    0.001535    2.47e-07  HS65_LH_SDFPQX9
datapath_module/reg_file_module/reg_memory_reg[24][2]1604   0.001534           0    0.001534   2.329e-07  HS65_LH_SDFPQX4
datapath_module/reg_file_module/reg_memory_reg[5][15]401   0.001533           0    0.001533   3.666e-07  HS65_LHS_SDFPQX27
datapath_module/reg_file_module/reg_memory_reg[28][23]1881   0.001486    4.69e-05    0.001533   3.174e-07  HS65_LH_SDFPRQTX9
datapath_module/reg_file_module/reg_memory_reg[20][16]1362   0.001532           0    0.001532   3.668e-07  HS65_LHS_SDFPQX27
datapath_module/reg_file_module/reg_memory_reg[30][31]2017   0.001531           0    0.001531   2.476e-07  HS65_LH_SDFPQX9
datapath_module/reg_file_module/reg_memory_reg[3][28]286   0.001531           0    0.001531   3.668e-07  HS65_LHS_SDFPQX27
datapath_module/reg_file_module/reg_memory_reg[28][6]1864   0.001451   7.926e-05    0.001531   3.163e-07  HS65_LH_SDFPRQTX9
datapath_module/reg_file_module/reg_memory_reg[26][2]1732    0.00153           0    0.001531   2.328e-07  HS65_LH_SDFPQX4
IFU_module/PC_reg[3]            0.001191   0.0003381     0.00153   3.859e-07  HS65_LHS_SDFPRQNX27
datapath_module/alu_module/srl_43_34/g5814  0.0004324    0.001097    0.001529   6.596e-08  HS65_LH_AO222X4
datapath_module/reg_file_module/reg_memory_reg[24][15]1617   0.001528           0    0.001529   3.264e-07  HS65_LHS_SDFPQX18
datapath_module/reg_file_module/reg_memory_reg[30][2]1988   0.001528           0    0.001528   2.332e-07  HS65_LH_SDFPQX4
datapath_module/reg_file_module/reg_memory_reg[21][27]1437   0.001526           0    0.001526   2.477e-07  HS65_LH_SDFPQX9
datapath_module/alu_module/mul_44_34/FE_RC_782_0  0.0008294   0.0006965    0.001526   1.926e-07  HS65_LH_OR2X27
datapath_module/reg_file_module/reg_memory_reg[31][0]2050   0.001526           0    0.001526   2.878e-07  HS65_LH_SDFPHQX4
datapath_module/alu_module/sll_42_34/FE_OFC582_n_267  7.844e-05    0.001447    0.001525   3.945e-08  HS65_LH_IVX9
datapath_module/alu_module/mul_44_34/FE_OCPC624_n_176  0.0005856   0.0009395    0.001525   6.225e-08  HS65_LH_BFX9
datapath_module/reg_file_module/reg_memory_reg[21][25]1435   0.001522           0    0.001523   2.476e-07  HS65_LH_SDFPQX9
datapath_module/alu_module/mul_44_34/FE_RC_566_0  0.0006951    0.000826    0.001521   3.247e-07  HS65_LH_NAND2AX29
datapath_module/reg_file_module/reg_memory_reg[30][0]1986   0.001521           0    0.001521   2.877e-07  HS65_LH_SDFPHQX4
datapath_module/alu_module/g7395  0.0006074   0.0009125     0.00152   2.423e-07  HS65_LH_OAI21X24
datapath_module/reg_file_module/reg_memory_reg[22][24]1498    0.00152           0     0.00152   2.334e-07  HS65_LH_SDFPQX4
datapath_module/reg_file_module/reg_memory_reg[2][9]203   0.001519           0    0.001519   2.336e-07  HS65_LH_SDFPQX4
datapath_module/alu_module/mul_44_34/g37905   0.001133   0.0003854    0.001519   2.438e-07  HS65_LH_AOI12X23
datapath_module/reg_file_module/reg_memory_reg[16][10]1100   0.001518           0    0.001519   2.336e-07  HS65_LH_SDFPQX4
datapath_module/alu_module/mul_44_34/FE_RC_255_0   0.001031   0.0004875    0.001519   1.247e-07  HS65_LH_AOI12X12
datapath_module/reg_file_module/reg_memory_reg[23][15]1553   0.001517           0    0.001517   2.476e-07  HS65_LH_SDFPQX9
datapath_module/reg_file_module/reg_memory_reg[23][0]1538   0.001517           0    0.001517   2.879e-07  HS65_LH_SDFPHQX4
datapath_module/reg_file_module/reg_memory_reg[7][0]514   0.001515           0    0.001515   3.827e-07  HS65_LHS_SDFPHQX18
datapath_module/reg_file_module/reg_memory_reg[20][9]1355   0.001514           0    0.001515   3.668e-07  HS65_LHS_SDFPQX27
datapath_module/reg_file_module/reg_memory_reg[12][26]860   0.001514           0    0.001515   2.475e-07  HS65_LH_SDFPQX9
datapath_module/reg_file_module/reg_memory_reg[22][14]1488   0.001514           0    0.001514   2.334e-07  HS65_LH_SDFPQX4
datapath_module/alu_module/mul_44_34/g37145  0.0003599    0.001154    0.001514   7.007e-08  HS65_LHS_XOR2X3
datapath_module/reg_file_module/reg_memory_reg[23][17]1555   0.001514           0    0.001514   2.335e-07  HS65_LH_SDFPQX4
datapath_module/reg_file_module/reg_memory_reg[7][23]537   0.001513           0    0.001514   2.333e-07  HS65_LH_SDFPQX4
datapath_module/alu_module/mul_44_34/FE_OFC72_n_370  0.0002932     0.00122    0.001514   6.224e-08  HS65_LH_BFX9
datapath_module/reg_file_module/reg_memory_reg[29][3]1925   0.001513           0    0.001514   3.251e-07  HS65_LHS_SDFPQX18
datapath_module/reg_file_module/reg_memory_reg[17][29]1183   0.001513           0    0.001513   2.478e-07  HS65_LH_SDFPQX9
datapath_module/alu_module/FE_OCPC674_read_data2_4  0.0004953    0.001017    0.001513    1.65e-07  HS65_LH_BFX27
datapath_module/alu_module/sub_35_34/FE_OCPC653_n  0.0009522   0.0005601    0.001513   2.342e-07  HS65_LH_BFX35
datapath_module/reg_file_module/reg_memory_reg[6][14]464   0.001512           0    0.001512   3.668e-07  HS65_LHS_SDFPQX27
datapath_module/reg_file_module/reg_memory_reg[19][5]1287   0.001434   7.808e-05    0.001512     3.2e-07  HS65_LH_SDFPRQTX9
datapath_module/alu_module/mul_44_34/FE_OFC74_n_683  0.0002755    0.001237    0.001512   4.372e-08  HS65_LH_BFX2
datapath_module/alu_module/add_34_34/FE_RC_298_0  0.0006825   0.0008279    0.001511     2.7e-07  HS65_LH_NAND2X29
datapath_module/alu_module/srl_43_34/g5816  0.0004478    0.001063    0.001511   6.655e-08  HS65_LH_AO222X4
datapath_module/reg_file_module/reg_memory_reg[13][3]901    0.00151           0     0.00151   2.332e-07  HS65_LH_SDFPQX4
datapath_module/reg_file_module/reg_memory_reg[3][23]281   0.001509           0    0.001509   2.475e-07  HS65_LH_SDFPQX9
datapath_module/reg_file_module/reg_memory_reg[7][3]517   0.001508           0    0.001508   3.253e-07  HS65_LHS_SDFPQX18
datapath_module/alu_module/mul_44_34/FE_PSC1685_FE_RN_152_0   0.000826    0.000681    0.001507   2.344e-07  HS65_LH_BFX35
datapath_module/reg_file_module/reg_memory_reg[14][4]966   0.001507           0    0.001507   3.664e-07  HS65_LHS_SDFPQX27
datapath_module/reg_file_module/reg_memory_reg[26][10]1740   0.001506           0    0.001506   2.336e-07  HS65_LH_SDFPQX4
datapath_module/reg_file_module/reg_memory_reg[31][16]2066   0.001505           0    0.001506   2.474e-07  HS65_LH_SDFPQX9
datapath_module/reg_file_module/reg_memory_reg[3][16]274   0.001505           0    0.001505   3.262e-07  HS65_LHS_SDFPQX18
datapath_module/alu_module/mul_44_34/g36925  0.0008727   0.0006319    0.001505   1.184e-07  HS65_LH_PAOI2X11
datapath_module/alu_module/mul_44_34/FE_OCPC610_n_716  0.0008805   0.0006233    0.001504    2.37e-07  HS65_LH_BFX35
datapath_module/reg_file_module/FE_OCPC1505_n_1099  0.0004578    0.001046    0.001504   6.254e-08  HS65_LH_BFX9
datapath_module/alu_module/mul_44_34/FE_OFC204_n_1511  0.0003444    0.001158    0.001503   4.372e-08  HS65_LH_BFX2
datapath_module/alu_module/mul_44_34/FE_OCPC1332_n_2167  0.0003564    0.001146    0.001503   6.219e-08  HS65_LH_BFX9
datapath_module/reg_file_module/reg_memory_reg[16][2]1092   0.001502           0    0.001503    2.33e-07  HS65_LH_SDFPQX4
datapath_module/reg_file_module/reg_memory_reg[11][28]798     0.0015           0    0.001501   3.668e-07  HS65_LHS_SDFPQX27
datapath_module/alu_module/mul_44_34/g38259  9.807e-05    0.001402    0.001501   3.972e-08  HS65_LH_IVX9
datapath_module/alu_module/mul_44_34/FE_RC_207_0  0.0008259   0.0006745    0.001501   1.154e-07  HS65_LH_OAI21X12
datapath_module/alu_module/mul_44_34/g37522  0.0007327   0.0007668      0.0015   2.772e-07  HS65_LH_NAND2X29
datapath_module/reg_file_module/reg_memory_reg[12][29]863   0.001499           0      0.0015   2.475e-07  HS65_LH_SDFPQX9
datapath_module/alu_module/mul_44_34/FE_RC_229_0  0.0004294     0.00107      0.0015   1.267e-07  HS65_LH_IVX27
datapath_module/reg_file_module/reg_memory_reg[22][22]1496   0.001499           0    0.001499   2.477e-07  HS65_LH_SDFPQX9
datapath_module/reg_file_module/reg_memory_reg[30][30]2016   0.001499           0    0.001499   2.334e-07  HS65_LH_SDFPQX4
datapath_module/reg_file_module/reg_memory_reg[21][26]1436   0.001499           0    0.001499   2.477e-07  HS65_LH_SDFPQX9
datapath_module/reg_file_module/reg_memory_reg[2][4]198   0.001499           0    0.001499   3.679e-07  HS65_LHS_SDFPQX27
datapath_module/reg_file_module/reg_memory_reg[1][29]159   0.001499           0    0.001499   2.475e-07  HS65_LH_SDFPQX9
datapath_module/reg_file_module/reg_memory_reg[15][29]1055   0.001499           0    0.001499   2.475e-07  HS65_LH_SDFPQX9
datapath_module/alu_module/mul_44_34/FE_OFC76_n_909  0.0003796    0.001119    0.001499   6.255e-08  HS65_LH_BFX9
datapath_module/reg_file_module/reg_memory_reg[23][1]1539   0.001498           0    0.001498   3.668e-07  HS65_LHS_SDFPQX27
datapath_module/reg_file_module/reg_memory_reg[13][26]924   0.001497           0    0.001498   2.476e-07  HS65_LH_SDFPQX9
datapath_module/alu_module/mul_44_34/g38688  0.0005709   0.0009253    0.001496   1.443e-07  HS65_LH_OR2X18
datapath_module/reg_file_module/reg_memory_reg[6][23]473   0.001495           0    0.001495   3.665e-07  HS65_LHS_SDFPQX27
datapath_module/alu_module/mul_44_34/g37646  0.0006345   0.0008591    0.001494   1.659e-07  HS65_LH_NAND2X29
datapath_module/reg_file_module/reg_memory_reg[0][29]127   0.001493           0    0.001494   2.473e-07  HS65_LH_SDFPQX9
datapath_module/reg_file_module/reg_memory_reg[5][6]392   0.001443   4.992e-05    0.001493   3.173e-07  HS65_LH_SDFPRQTX9
datapath_module/reg_file_module/reg_memory_reg[25][7]1673   0.001493           0    0.001493   2.336e-07  HS65_LH_SDFPQX4
datapath_module/reg_file_module/reg_memory_reg[26][7]1737   0.001492           0    0.001493   2.319e-07  HS65_LH_SDFPQX4
datapath_module/alu_module/mul_44_34/g37296  0.0004438    0.001047    0.001491   6.242e-08  HS65_LH_OA22X4
datapath_module/reg_file_module/reg_memory_reg[29][2]1924   0.001488           0    0.001489   2.333e-07  HS65_LH_SDFPQX4
datapath_module/alu_module/sub_35_34/g27173  0.0006041   0.0008842    0.001488   1.661e-07  HS65_LH_NOR2X19
datapath_module/alu_module/mul_44_34/g37866   0.001184   0.0003037    0.001488   2.764e-07  HS65_LH_MUX21I1X18
datapath_module/alu_module/sll_42_34/g19864  0.0006866   0.0007993    0.001486   2.325e-07  HS65_LH_NAND2X43
datapath_module/reg_file_module/reg_memory_reg[27][0]1794   0.001486           0    0.001486   2.854e-07  HS65_LH_SDFPHQX4
datapath_module/reg_file_module/reg_memory_reg[3][17]275   0.001486           0    0.001486   2.336e-07  HS65_LH_SDFPQX4
datapath_module/alu_module/drc_bufs7646  4.599e-05    0.001439    0.001485   6.826e-08  HS65_LH_IVX13
datapath_module/reg_file_module/reg_memory_reg[28][28]1886   0.001484           0    0.001485   2.476e-07  HS65_LH_SDFPQX9
datapath_module/alu_module/mul_44_34/FE_OCPC1192_n_60  0.0006567   0.0008274    0.001484   2.362e-07  HS65_LH_BFX35
datapath_module/alu_module/mul_44_34/FE_OCPC716_n_174  0.0005898   0.0008942    0.001484   6.251e-08  HS65_LH_BFX9
datapath_module/alu_module/mul_44_34/FE_OFC68_n_681  0.0002637     0.00122    0.001484   6.186e-08  HS65_LH_BFX9
datapath_module/alu_module/mul_44_34/g39199  0.0006293   0.0008543    0.001484   1.764e-07  HS65_LH_MUX21I1X12
datapath_module/reg_file_module/reg_memory_reg[29][13]1935   0.001483           0    0.001483   2.333e-07  HS65_LH_SDFPQX4
datapath_module/reg_file_module/reg_memory_reg[25][0]1666   0.001482           0    0.001482   2.853e-07  HS65_LH_SDFPHQX4
datapath_module/reg_file_module/reg_memory_reg[19][2]1284   0.001481           0    0.001482   2.334e-07  HS65_LH_SDFPQX4
datapath_module/reg_file_module/reg_memory_reg[22][0]1474   0.001481           0    0.001481   2.879e-07  HS65_LH_SDFPHQX4
datapath_module/reg_file_module/reg_memory_reg[21][0]1410    0.00148           0     0.00148   2.881e-07  HS65_LH_SDFPHQX4
datapath_module/reg_file_module/reg_memory_reg[14][17]979   0.001479           0     0.00148   3.667e-07  HS65_LHS_SDFPQX27
datapath_module/reg_file_module/reg_memory_reg[24][0]1602   0.001479           0     0.00148   2.855e-07  HS65_LH_SDFPHQX4
datapath_module/alu_module/FE_OCPC1213_FE_OFN423_read_data1_5  0.0006202   0.0008589    0.001479   1.661e-07  HS65_LH_BFX27
datapath_module/reg_file_module/reg_memory_reg[11][24]794   0.001478           0    0.001478   3.668e-07  HS65_LHS_SDFPQX27
datapath_module/reg_file_module/reg_memory_reg[26][0]1730   0.001477           0    0.001478   2.853e-07  HS65_LH_SDFPHQX4
datapath_module/alu_module/sub_35_34/FE_RC_559_0  0.0009428   0.0005345    0.001477   1.006e-07  HS65_LH_AOI12X12
datapath_module/reg_file_module/reg_memory_reg[5][5]391   0.001412   6.491e-05    0.001477   3.172e-07  HS65_LH_SDFPRQTX9
datapath_module/reg_file_module/reg_memory_reg[8][6]584    0.00141   6.543e-05    0.001476   3.185e-07  HS65_LH_SDFPRQTX9
datapath_module/reg_file_module/reg_memory_reg[9][21]663   0.001475           0    0.001476   3.668e-07  HS65_LHS_SDFPQX27
datapath_module/alu_module/mul_44_34/FE_RC_488_0  0.0006885   0.0007868    0.001476   1.796e-07  HS65_LH_NAND2AX29
datapath_module/alu_module/mul_44_34/FE_OCPC1122_n_1696  0.0005884    0.000886    0.001474   6.254e-08  HS65_LH_BFX9
datapath_module/alu_module/mul_44_34/g37833   0.001148   0.0003261    0.001474   3.135e-07  HS65_LH_MUXI21X20
datapath_module/reg_file_module/reg_memory_reg[28][5]1863   0.001404    6.84e-05    0.001473    3.16e-07  HS65_LH_SDFPRQTX9
datapath_module/reg_file_module/FE_USKC1704_CTS_6   0.001017   0.0004556    0.001472   1.154e-07  HS65_LH_BFX18
datapath_module/reg_file_module/reg_memory_reg[13][24]922   0.001471           0    0.001471   3.253e-07  HS65_LHS_SDFPQX18
datapath_module/alu_module/mul_44_34/g37094  0.0007968   0.0006744    0.001471   8.722e-08  HS65_LH_OR2ABX9
datapath_module/reg_file_module/g6261   0.001333   0.0001367     0.00147   3.228e-07  HS65_LH_MUX21I1X24
datapath_module/alu_module/FE_OCPC792_write_data_16  0.0002328    0.001238     0.00147   8.124e-08  HS65_LH_IVX18
datapath_module/reg_file_module/reg_memory_reg[30][10]1996    0.00147           0     0.00147   2.335e-07  HS65_LH_SDFPQX4
datapath_module/reg_file_module/reg_memory_reg[5][18]404   0.001467           0    0.001467   3.661e-07  HS65_LHS_SDFPQX27
datapath_module/reg_file_module/reg_memory_reg[12][23]857   0.001392   7.414e-05    0.001467   3.177e-07  HS65_LH_SDFPRQTX9
datapath_module/reg_file_module/reg_memory_reg[22][21]1495   0.001466           0    0.001467   2.494e-07  HS65_LH_SDFPQX9
datapath_module/alu_module/g7308  0.0008689   0.0005971    0.001466   2.045e-07  HS65_LH_AO12X27
datapath_module/reg_file_module/reg_memory_reg[17][10]1164   0.001465           0    0.001465   2.336e-07  HS65_LH_SDFPQX4
datapath_module/alu_module/srl_43_34/g5792  0.0004014    0.001064    0.001465   1.348e-07  HS65_LH_NAND2X14
datapath_module/alu_module/mul_44_34/FE_OCPC1374_FE_RN_23  0.0002772    0.001188    0.001465   9.953e-08  HS65_LH_BFX13
IFU_module/fopt567             0.0004483    0.001015    0.001464   4.577e-07  HS65_LH_BFX71
datapath_module/reg_file_module/reg_memory_reg[31][23]2073   0.001462           0    0.001463   2.489e-07  HS65_LH_SDFPQX9
datapath_module/alu_module/srl_43_34/g5794  0.0007389   0.0007229    0.001462   2.023e-07  HS65_LH_NAND2X21
datapath_module/reg_file_module/reg_memory_reg[2][13]207   0.001462           0    0.001462   2.336e-07  HS65_LH_SDFPQX4
datapath_module/reg_file_module/reg_memory_reg[2][31]225   0.001461           0    0.001461   3.249e-07  HS65_LHS_SDFPQX18
datapath_module/reg_file_module/reg_memory_reg[17][5]1159   0.001414   4.679e-05    0.001461   3.201e-07  HS65_LH_SDFPRQTX9
datapath_module/reg_file_module/reg_memory_reg[29][25]1947    0.00146           0     0.00146   2.491e-07  HS65_LH_SDFPQX9
datapath_module/alu_module/srl_43_34/g5882   0.000246    0.001214     0.00146   6.583e-08  HS65_LH_MUX21I1X3
datapath_module/reg_file_module/reg_memory_reg[11][4]774   0.001459           0     0.00146   3.668e-07  HS65_LHS_SDFPQX27
datapath_module/reg_file_module/reg_memory_reg[31][13]2063   0.001458           0    0.001458   2.332e-07  HS65_LH_SDFPQX4
datapath_module/reg_file_module/reg_memory_reg[12][6]840   0.001393   6.256e-05    0.001456   3.172e-07  HS65_LH_SDFPRQTX9
datapath_module/reg_file_module/reg_memory_reg[17][8]1162   0.001456           0    0.001456   2.336e-07  HS65_LH_SDFPQX4
datapath_module/alu_module/g7411  0.0007949   0.0006608    0.001456   1.958e-07  HS65_LH_AOI212X18
datapath_module/alu_module/mul_44_34/g37042  0.0008441   0.0006095    0.001454   1.653e-07  HS65_LH_NOR2AX25
datapath_module/alu_module/mul_44_34/FE_RC_368_0  0.0007536   0.0006986    0.001452   2.311e-07  HS65_LH_OR2X27
datapath_module/reg_file_module/reg_memory_reg[2][25]219   0.001452           0    0.001452   2.334e-07  HS65_LH_SDFPQX4
datapath_module/reg_file_module/reg_memory_reg[12][30]864   0.001451           0    0.001451   2.476e-07  HS65_LH_SDFPQX9
datapath_module/alu_module/mul_44_34/g36602  0.0005252   0.0009256    0.001451   6.056e-08  HS65_LH_PAO2X4
datapath_module/alu_module/mul_44_34/FE_RC_380_0  0.0004516   0.0009986     0.00145   5.812e-08  HS65_LH_AOI12X6
datapath_module/reg_file_module/reg_memory_reg[12][25]859    0.00145           0     0.00145   2.334e-07  HS65_LH_SDFPQX4
datapath_module/reg_file_module/reg_memory_reg[29][4]1926   0.001449           0    0.001449   3.689e-07  HS65_LHS_SDFPQX27
datapath_module/alu_module/sll_42_34/FE_OCPC1273_n_89  0.0003236    0.001124    0.001448     6.2e-08  HS65_LH_BFX9
datapath_module/reg_file_module/reg_memory_reg[2][15]209   0.001446           0    0.001447   2.477e-07  HS65_LH_SDFPQX9
datapath_module/reg_file_module/reg_memory_reg[4][31]353   0.001446           0    0.001446   3.246e-07  HS65_LHS_SDFPQX18
datapath_module/reg_file_module/reg_memory_reg[14][6]968   0.001444           0    0.001445   3.668e-07  HS65_LHS_SDFPQX27
datapath_module/reg_file_module/reg_memory_reg[12][5]839   0.001374   6.907e-05    0.001443   3.172e-07  HS65_LH_SDFPRQTX9
datapath_module/reg_file_module/reg_memory_reg[22][30]1504   0.001443           0    0.001443   2.334e-07  HS65_LH_SDFPQX4
datapath_module/reg_file_module/reg_memory_reg[14][24]986   0.001442           0    0.001442   3.249e-07  HS65_LHS_SDFPQX18
datapath_module/alu_module/mul_44_34/g36979  0.0007592   0.0006825    0.001442   1.374e-07  HS65_LH_FA1X4
datapath_module/reg_file_module/reg_memory_reg[1][4]134   0.001441           0    0.001441    3.67e-07  HS65_LHS_SDFPQX27
datapath_module/alu_module/mul_44_34/g37559  0.0007325    0.000707     0.00144   2.721e-07  HS65_LH_NAND2X29
datapath_module/reg_file_module/reg_memory_reg[27][1]1795   0.001439           0    0.001439    2.33e-07  HS65_LH_SDFPQX4
datapath_module/alu_module/mul_44_34/FE_OCPC1110_n_2114  0.0006904    0.000748    0.001439   2.213e-07  HS65_LH_BFX31
datapath_module/alu_module/mul_44_34/FE_OCPC1037_n_97  0.0004106    0.001028    0.001439   1.152e-07  HS65_LH_BFX18
datapath_module/alu_module/mul_44_34/FE_OFC61_n_685  0.0002291    0.001209    0.001438   6.187e-08  HS65_LH_BFX9
datapath_module/reg_file_module/reg_memory_reg[24][1]1603   0.001438           0    0.001438   2.331e-07  HS65_LH_SDFPQX4
datapath_module/reg_file_module/reg_memory_reg[10][19]725   0.001437           0    0.001438   3.668e-07  HS65_LHS_SDFPQX27
datapath_module/reg_file_module/FE_OFC6_scan_en  0.0001095    0.001328    0.001437    1.66e-07  HS65_LH_BFX27
datapath_module/reg_file_module/FE_OFC17_scan_en  0.0001095    0.001328    0.001437    1.66e-07  HS65_LH_BFX27
datapath_module/reg_file_module/reg_memory_reg[20][30]1376   0.001437           0    0.001437   2.477e-07  HS65_LH_SDFPQX9
datapath_module/alu_module/g7422  0.0003444    0.001093    0.001437   1.053e-07  HS65_LH_MX41X4
datapath_module/reg_file_module/reg_memory_reg[11][3]773   0.001437           0    0.001437   3.668e-07  HS65_LHS_SDFPQX27
datapath_module/reg_file_module/reg_memory_reg[3][3]261   0.001436           0    0.001437   2.333e-07  HS65_LH_SDFPQX4
datapath_module/reg_file_module/reg_memory_reg[14][3]965   0.001436           0    0.001436    3.66e-07  HS65_LHS_SDFPQX27
datapath_module/reg_file_module/reg_memory_reg[1][16]146   0.001436           0    0.001436   2.478e-07  HS65_LH_SDFPQX9
datapath_module/reg_file_module/reg_memory_reg[7][30]544   0.001435           0    0.001435   2.334e-07  HS65_LH_SDFPQX4
datapath_module/alu_module/sub_35_34/FE_RC_583_0  0.0006477   0.0007858    0.001434   1.957e-07  HS65_LH_AOI12X17
datapath_module/reg_file_module/reg_memory_reg[26][1]1731   0.001433           0    0.001433    2.33e-07  HS65_LH_SDFPQX4
datapath_module/alu_module/mul_44_34/g36486  0.0004892   0.0009439    0.001433   7.248e-08  HS65_LHS_XOR2X3
datapath_module/alu_module/sll_42_34/g19764  0.0006139   0.0008191    0.001433   8.174e-08  HS65_LH_OA12X9
datapath_module/reg_file_module/reg_memory_reg[21][12]1422   0.001432           0    0.001432   2.329e-07  HS65_LH_SDFPQX4
datapath_module/alu_module/mul_44_34/g37142  0.0003675    0.001064    0.001432   6.778e-08  HS65_LHS_XNOR2X3
datapath_module/reg_file_module/reg_memory_reg[27][4]1798    0.00143           0    0.001431   3.271e-07  HS65_LHS_SDFPQX18
datapath_module/reg_file_module/reg_memory_reg[22][5]1479   0.001428           0    0.001428   3.242e-07  HS65_LHS_SDFPQX18
datapath_module/alu_module/sub_35_34/g27122  0.0002574     0.00117    0.001427   4.358e-08  HS65_LH_OAI21X5
datapath_module/reg_file_module/reg_memory_reg[28][22]1880   0.001427           0    0.001427   2.477e-07  HS65_LH_SDFPQX9
datapath_module/reg_file_module/reg_memory_reg[17][0]1154   0.001427           0    0.001427   2.858e-07  HS65_LH_SDFPHQX4
datapath_module/alu_module/mul_44_34/g36254  0.0007098   0.0007168    0.001427   1.182e-07  HS65_LHS_XOR3X2
datapath_module/alu_module/mul_44_34/g37192  0.0007296   0.0006948    0.001425   2.125e-07  HS65_LH_NOR2X50
datapath_module/reg_file_module/reg_memory_reg[11][27]797   0.001424           0    0.001424   3.253e-07  HS65_LHS_SDFPQX18
datapath_module/alu_module/add_34_34/g7733  0.0002528    0.001171    0.001423   4.756e-08  HS65_LH_CBI4I6X5
datapath_module/alu_module/mul_44_34/g37446   0.000501   0.0009212    0.001422   6.268e-08  HS65_LH_OA22X4
datapath_module/reg_file_module/reg_memory_reg[20][28]1374   0.001422           0    0.001422   2.477e-07  HS65_LH_SDFPQX9
datapath_module/reg_file_module/reg_memory_reg[21][29]1439   0.001421           0    0.001421   2.334e-07  HS65_LH_SDFPQX4
datapath_module/reg_file_module/reg_memory_reg[14][23]985   0.001421           0    0.001421   3.665e-07  HS65_LHS_SDFPQX27
datapath_module/alu_module/FE_RC_538_0  0.0006184   0.0007987    0.001417     2.1e-07  HS65_LH_NAND2X21
datapath_module/reg_file_module/reg_memory_reg[10][24]730   0.001417           0    0.001417   3.668e-07  HS65_LHS_SDFPQX27
datapath_module/reg_file_module/FE_PHC1627_n_1152  0.0001625    0.001253    0.001416   1.512e-07  HS65_LH_BFX22
datapath_module/reg_file_module/reg_memory_reg[7][22]536   0.001416           0    0.001416   2.477e-07  HS65_LH_SDFPQX9
datapath_module/reg_file_module/reg_memory_reg[0][14]112   0.001415           0    0.001415   2.331e-07  HS65_LH_SDFPQX4
datapath_module/alu_module/mul_44_34/g37696  0.0001011    0.001314    0.001415   3.983e-08  HS65_LH_IVX9
datapath_module/reg_file_module/reg_memory_reg[8][2]580   0.001414           0    0.001415   2.332e-07  HS65_LH_SDFPQX4
datapath_module/alu_module/mul_44_34/g37243  0.0004398   0.0009743    0.001414   6.213e-08  HS65_LH_OA22X4
datapath_module/alu_module/mul_44_34/g37370  0.0003541    0.001058    0.001413    6.29e-08  HS65_LH_OA22X4
datapath_module/reg_file_module/reg_memory_reg[18][11]1229   0.001412           0    0.001412   2.497e-07  HS65_LH_SDFPQX9
datapath_module/alu_module/mul_44_34/FE_RC_234_0  0.0005764   0.0008358    0.001412   1.225e-07  HS65_LH_IVX27
datapath_module/alu_module/sll_42_34/g19866  0.0009009   0.0005109    0.001412   3.795e-07  HS65_LH_NAND2X57
datapath_module/reg_file_module/FE_OCPC1090_write_data_19  0.0004231   0.0009883    0.001411   6.251e-08  HS65_LH_BFX9
datapath_module/reg_file_module/reg_memory_reg[26][5]1735   0.001341   6.984e-05    0.001411   3.119e-07  HS65_LH_SDFPRQTX9
datapath_module/reg_file_module/reg_memory_reg[28][29]1887   0.001411           0    0.001411   2.334e-07  HS65_LH_SDFPQX4
datapath_module/reg_file_module/reg_memory_reg[11][31]801   0.001411           0    0.001411   3.254e-07  HS65_LHS_SDFPQX18
datapath_module/alu_module/sll_42_34/g19897  0.0002442    0.001166     0.00141   7.203e-08  HS65_LH_OR2X9
datapath_module/alu_module/mul_44_34/g38534   0.000896   0.0005136     0.00141   2.324e-07  HS65_LH_MUX21X18
datapath_module/reg_file_module/reg_memory_reg[0][13]111   0.001409           0     0.00141   2.332e-07  HS65_LH_SDFPQX4
datapath_module/reg_file_module/reg_memory_reg[18][21]1239   0.001409           0    0.001409   2.497e-07  HS65_LH_SDFPQX9
datapath_module/alu_module/FE_OFC496_n_218   8.31e-05    0.001326    0.001409   3.915e-08  HS65_LH_IVX9
datapath_module/reg_file_module/reg_memory_reg[10][4]710   0.001408           0    0.001409   3.668e-07  HS65_LHS_SDFPQX27
datapath_module/reg_file_module/reg_memory_reg[15][25]1051   0.001408           0    0.001409   2.478e-07  HS65_LH_SDFPQX9
datapath_module/reg_file_module/reg_memory_reg[8][31]609   0.001408           0    0.001408   3.254e-07  HS65_LHS_SDFPQX18
datapath_module/reg_file_module/reg_memory_reg[17][14]1168   0.001408           0    0.001408   2.335e-07  HS65_LH_SDFPQX4
datapath_module/reg_file_module/reg_memory_reg[13][25]923   0.001408           0    0.001408   2.334e-07  HS65_LH_SDFPQX4
datapath_module/reg_file_module/reg_memory_reg[28][21]1879   0.001408           0    0.001408   2.478e-07  HS65_LH_SDFPQX9
datapath_module/alu_module/mul_44_34/g36801  0.0003057    0.001102    0.001408   6.524e-08  HS65_LHS_XNOR2X3
datapath_module/reg_file_module/reg_memory_reg[1][30]160   0.001407           0    0.001407   2.476e-07  HS65_LH_SDFPQX9
datapath_module/reg_file_module/reg_memory_reg[21][10]1420   0.001407           0    0.001407    2.35e-07  HS65_LH_SDFPQX4
datapath_module/alu_module/mul_44_34/g37139  0.0003613    0.001046    0.001407   7.006e-08  HS65_LHS_XOR2X3
datapath_module/reg_file_module/reg_memory_reg[9][30]672   0.001406           0    0.001406   3.253e-07  HS65_LHS_SDFPQX18
datapath_module/reg_file_module/reg_memory_reg[13][30]928   0.001406           0    0.001406   2.334e-07  HS65_LH_SDFPQX4
datapath_module/reg_file_module/reg_memory_reg[28][20]1878   0.001406           0    0.001406   2.477e-07  HS65_LH_SDFPQX9
datapath_module/reg_file_module/reg_memory_reg[14][21]983   0.001406           0    0.001406   3.252e-07  HS65_LHS_SDFPQX18
datapath_module/reg_file_module/reg_memory_reg[13][19]917   0.001405           0    0.001406   2.477e-07  HS65_LH_SDFPQX9
datapath_module/reg_file_module/reg_memory_reg[2][21]215   0.001405           0    0.001405   2.496e-07  HS65_LH_SDFPQX9
datapath_module/reg_file_module/reg_memory_reg[13][23]921   0.001404           0    0.001404   3.253e-07  HS65_LHS_SDFPQX18
datapath_module/reg_file_module/reg_memory_reg[13][21]919   0.001403           0    0.001404   2.477e-07  HS65_LH_SDFPQX9
datapath_module/reg_file_module/reg_memory_reg[0][21]119   0.001403           0    0.001404   2.497e-07  HS65_LH_SDFPQX9
datapath_module/alu_module/mul_44_34/g36482  0.0007374   0.0006659    0.001403    8.56e-08  HS65_LH_AO12X9
datapath_module/reg_file_module/reg_memory_reg[18][0]1218   0.001402           0    0.001403    2.86e-07  HS65_LH_SDFPHQX4
datapath_module/alu_module/mul_44_34/FE_OCPC698_FE_RN_9  0.0006149   0.0007872    0.001402   1.662e-07  HS65_LH_BFX27
datapath_module/reg_file_module/reg_memory_reg[1][25]155   0.001402           0    0.001402   2.475e-07  HS65_LH_SDFPQX9
datapath_module/alu_module/mul_44_34/FE_OCPC738_n  0.0002213     0.00118    0.001402   1.536e-07  HS65_LH_IVX31
datapath_module/reg_file_module/reg_memory_reg[15][22]1048     0.0014           0      0.0014   2.477e-07  HS65_LH_SDFPQX9
datapath_module/reg_file_module/reg_memory_reg[6][5]455     0.0014           0      0.0014   3.667e-07  HS65_LHS_SDFPQX27
datapath_module/reg_file_module/reg_memory_reg[0][30]128   0.001399           0      0.0014   2.475e-07  HS65_LH_SDFPQX9
datapath_module/alu_module/mul_44_34/g37143  0.0003759    0.001024      0.0014   7.026e-08  HS65_LHS_XOR2X3
datapath_module/alu_module/mul_44_34/g36664  0.0004894     0.00091      0.0014   7.243e-08  HS65_LHS_XOR2X3
datapath_module/reg_file_module/reg_memory_reg[9][31]673   0.001399           0    0.001399   3.253e-07  HS65_LHS_SDFPQX18
datapath_module/alu_module/FE_OFC578_n_258   7.69e-05    0.001322    0.001399   3.971e-08  HS65_LH_IVX9
datapath_module/reg_file_module/FE_OCPC1450_write_data_24  0.0009367   0.0004622    0.001399   1.669e-07  HS65_LH_BFX27
datapath_module/reg_file_module/reg_memory_reg[7][1]515   0.001398           0    0.001398   3.252e-07  HS65_LHS_SDFPQX18
datapath_module/reg_file_module/reg_memory_reg[10][7]713   0.001398           0    0.001398   3.254e-07  HS65_LHS_SDFPQX18
datapath_module/reg_file_module/reg_memory_reg[8][8]586   0.001397           0    0.001397   2.336e-07  HS65_LH_SDFPQX4
datapath_module/alu_module/mul_44_34/g37735  0.0006091   0.0007877    0.001397   2.251e-07  HS65_LH_NAND2X29
datapath_module/alu_module/mul_44_34/g36803   0.000396    0.001001    0.001397   6.878e-08  HS65_LHS_XNOR2X3
datapath_module/alu_module/mul_44_34/FE_OCPC1128_n_111   0.000391    0.001004    0.001395   1.163e-07  HS65_LH_BFX18
datapath_module/reg_file_module/reg_memory_reg[17][28]1182   0.001395           0    0.001395   2.476e-07  HS65_LH_SDFPQX9
datapath_module/alu_module/sll_42_34/g19911  0.0003644     0.00103    0.001394   1.517e-07  HS65_LH_NOR2X19
datapath_module/reg_file_module/reg_memory_reg[19][10]1292   0.001393           0    0.001393   2.334e-07  HS65_LH_SDFPQX4
datapath_module/reg_file_module/reg_memory_reg[7][19]533   0.001393           0    0.001393   2.477e-07  HS65_LH_SDFPQX9
datapath_module/alu_module/mul_44_34/g37128    0.00033    0.001063    0.001393     4.3e-08  HS65_LH_PAOI2X3
datapath_module/alu_module/add_34_34/g7737  0.0002606    0.001132    0.001393   6.121e-08  HS65_LH_CBI4I1X5
datapath_module/alu_module/mul_44_34/g36889  0.0005199   0.0008724    0.001392   6.289e-08  HS65_LH_PAO2X4
datapath_module/alu_module/mul_44_34/FE_OCPC1060_n_1739  0.0005874   0.0008045    0.001392   6.182e-08  HS65_LH_BFX9
datapath_module/alu_module/mul_44_34/g37106  0.0005263   0.0008647    0.001391   1.127e-07  HS65_LH_HA1X4
datapath_module/alu_module/mul_44_34/FE_OCPC700_n_80  0.0003559    0.001034    0.001391   2.875e-07  HS65_LH_IVX62
datapath_module/reg_file_module/reg_memory_reg[20][22]1368    0.00139           0     0.00139   2.477e-07  HS65_LH_SDFPQX9
datapath_module/reg_file_module/reg_memory_reg[1][10]140   0.001389           0    0.001389   2.334e-07  HS65_LH_SDFPQX4
datapath_module/reg_file_module/reg_memory_reg[30][8]1994   0.001389           0    0.001389   2.351e-07  HS65_LH_SDFPQX4
datapath_module/reg_file_module/reg_memory_reg[15][19]1045   0.001388           0    0.001389   2.477e-07  HS65_LH_SDFPQX9
datapath_module/alu_module/mul_44_34/FE_OFC64_n_682  0.0002354    0.001152    0.001388   6.186e-08  HS65_LH_BFX9
datapath_module/reg_file_module/reg_memory_reg[2][1]195   0.001387           0    0.001388   3.668e-07  HS65_LHS_SDFPQX27
datapath_module/reg_file_module/reg_memory_reg[7][17]531   0.001388           0    0.001388   2.477e-07  HS65_LH_SDFPQX9
datapath_module/reg_file_module/reg_memory_reg[13][22]920   0.001387           0    0.001388   2.477e-07  HS65_LH_SDFPQX9
datapath_module/reg_file_module/reg_memory_reg[30][20]2006   0.001387           0    0.001388   2.348e-07  HS65_LH_SDFPQX4
datapath_module/reg_file_module/reg_memory_reg[15][20]1046   0.001387           0    0.001387   2.477e-07  HS65_LH_SDFPQX9
datapath_module/alu_module/srl_43_34/g5844  0.0006112    0.000775    0.001386   6.481e-08  HS65_LH_AOI222X4
datapath_module/reg_file_module/reg_memory_reg[7][28]542   0.001386           0    0.001386   2.476e-07  HS65_LH_SDFPQX9
datapath_module/alu_module/mul_44_34/FE_OCPC987_n_160   0.001008   0.0003775    0.001385   1.143e-07  HS65_LH_BFX18
datapath_module/reg_file_module/reg_memory_reg[15][21]1047   0.001385           0    0.001385   2.477e-07  HS65_LH_SDFPQX9
datapath_module/reg_file_module/reg_memory_reg[16][1]1091   0.001383           0    0.001383   2.332e-07  HS65_LH_SDFPQX4
datapath_module/alu_module/mul_44_34/g36346  0.0004595   0.0009226    0.001382   7.873e-08  HS65_LH_NOR2AX6
datapath_module/alu_module/FE_RC_778_0  0.0009917     0.00039    0.001382   4.579e-07  HS65_LH_AND4X19
datapath_module/reg_file_module/reg_memory_reg[9][29]671   0.001381           0    0.001381   3.253e-07  HS65_LHS_SDFPQX18
datapath_module/reg_file_module/reg_memory_reg[31][10]2060   0.001381           0    0.001381   2.331e-07  HS65_LH_SDFPQX4
datapath_module/alu_module/mul_44_34/FE_OFC518_read_data2_0_dup  0.0001275    0.001254    0.001381   8.029e-08  HS65_LH_IVX18
datapath_module/reg_file_module/reg_memory_reg[7][15]529   0.001381           0    0.001381   2.477e-07  HS65_LH_SDFPQX9
datapath_module/alu_module/mul_44_34/FE_OCPC1080_n_39  0.0005093   0.0008708     0.00138   6.173e-08  HS65_LH_BFX9
datapath_module/alu_module/mul_44_34/g37733  0.0008822   0.0004971     0.00138   2.571e-07  HS65_LH_AOI12X35
datapath_module/reg_file_module/reg_memory_reg[13][7]905   0.001378           0    0.001379   2.334e-07  HS65_LH_SDFPQX4
datapath_module/reg_file_module/reg_memory_reg[20][27]1373   0.001378           0    0.001379   2.334e-07  HS65_LH_SDFPQX4
datapath_module/reg_file_module/reg_memory_reg[7][16]530   0.001378           0    0.001378   2.477e-07  HS65_LH_SDFPQX9
datapath_module/alu_module/add_34_34/g7584  0.0007568   0.0006207    0.001378    3.78e-07  HS65_LH_NOR2X38
datapath_module/reg_file_module/reg_memory_reg[12][3]837   0.001315   6.196e-05    0.001377   3.171e-07  HS65_LH_SDFPRQTX9
datapath_module/alu_module/mul_44_34/FE_OFC73_n_686  0.0002074    0.001169    0.001376   4.372e-08  HS65_LH_BFX2
datapath_module/reg_file_module/reg_memory_reg[28][27]1885   0.001376           0    0.001376   2.335e-07  HS65_LH_SDFPQX4
datapath_module/reg_file_module/reg_memory_reg[13][13]911   0.001375           0    0.001376   2.334e-07  HS65_LH_SDFPQX4
datapath_module/reg_file_module/reg_memory_reg[15][17]1043   0.001375           0    0.001376   2.477e-07  HS65_LH_SDFPQX9
datapath_module/reg_file_module/reg_memory_reg[9][28]670   0.001375           0    0.001375   3.252e-07  HS65_LHS_SDFPQX18
datapath_module/reg_file_module/reg_memory_reg[13][0]898   0.001374           0    0.001374   2.875e-07  HS65_LH_SDFPHQX4
datapath_module/alu_module/mul_44_34/FE_RC_124_0  0.0005858   0.0007877    0.001374   1.231e-07  HS65_LH_IVX27
datapath_module/reg_file_module/reg_memory_reg[3][20]278   0.001373           0    0.001373   2.493e-07  HS65_LH_SDFPQX9
datapath_module/reg_file_module/reg_memory_reg[20][2]1348   0.001372           0    0.001372   2.334e-07  HS65_LH_SDFPQX4
datapath_module/alu_module/mul_44_34/g37381  0.0003472    0.001025    0.001372    6.17e-08  HS65_LH_OA22X4
datapath_module/reg_file_module/reg_memory_reg[21][3]1413   0.001371           0    0.001372   2.334e-07  HS65_LH_SDFPQX4
datapath_module/reg_file_module/FE_OFC16_scan_en  0.0001093    0.001262    0.001371    1.66e-07  HS65_LH_BFX27
datapath_module/reg_file_module/FE_OCPC1452_n_2470   0.001065   0.0003059    0.001371    6.86e-07  HS65_LH_BFX106
datapath_module/alu_module/mul_44_34/FE_RC_337_0  0.0008148   0.0005554     0.00137   1.406e-07  HS65_LH_AOI12X12
datapath_module/alu_module/mul_44_34/g37096  0.0006064   0.0007632     0.00137   1.127e-07  HS65_LH_HA1X4
datapath_module/reg_file_module/reg_memory_reg[1][12]142   0.001369           0     0.00137   2.332e-07  HS65_LH_SDFPQX4
datapath_module/alu_module/mul_44_34/FE_RC_165_0  0.0005835   0.0007852    0.001369   1.174e-07  HS65_LH_NAND2X14
datapath_module/alu_module/mul_44_34/FE_RC_571_0  0.0002088     0.00116    0.001368   3.944e-08  HS65_LH_IVX9
datapath_module/alu_module/srl_43_34/g5811  0.0005999   0.0007682    0.001368   8.784e-08  HS65_LH_AO212X4
datapath_module/reg_file_module/reg_memory_reg[13][14]912   0.001368           0    0.001368   2.334e-07  HS65_LH_SDFPQX4
datapath_module/alu_module/mul_44_34/FE_RC_521_0  0.0006763   0.0006916    0.001368   1.941e-07  HS65_LH_NOR2AX25
datapath_module/reg_file_module/reg_memory_reg[10][6]712   0.001267   0.0001009    0.001368   3.171e-07  HS65_LH_SDFPRQTX9
datapath_module/alu_module/mul_44_34/g37487  0.0005286   0.0008388    0.001368   1.432e-07  HS65_LH_NAND2X29
datapath_module/reg_file_module/reg_memory_reg[2][0]194   0.001367           0    0.001367   3.813e-07  HS65_LHS_SDFPHQX18
datapath_module/reg_file_module/reg_memory_reg[12][31]865   0.001367           0    0.001367   2.334e-07  HS65_LH_SDFPQX4
datapath_module/alu_module/mul_44_34/g37351   0.000446   0.0009211    0.001367   6.247e-08  HS65_LH_OA22X4
datapath_module/reg_file_module/reg_memory_reg[1][31]161   0.001367           0    0.001367   2.476e-07  HS65_LH_SDFPQX9
datapath_module/reg_file_module/reg_memory_reg[20][1]1347   0.001367           0    0.001367   2.333e-07  HS65_LH_SDFPQX4
datapath_module/reg_file_module/reg_memory_reg[27][3]1797   0.001367           0    0.001367   2.318e-07  HS65_LH_SDFPQX4
datapath_module/alu_module/mul_44_34/g37100  0.0006237   0.0007423    0.001366   1.135e-07  HS65_LH_HA1X4
datapath_module/reg_file_module/reg_memory_reg[5][30]416   0.001366           0    0.001366   2.477e-07  HS65_LH_SDFPQX9
datapath_module/reg_file_module/reg_memory_reg[15][11]1037   0.001366           0    0.001366   2.477e-07  HS65_LH_SDFPQX9
datapath_module/reg_file_module/reg_memory_reg[13][16]914   0.001365           0    0.001366   2.334e-07  HS65_LH_SDFPQX4
datapath_module/reg_file_module/reg_memory_reg[2][8]202   0.001365           0    0.001365   2.493e-07  HS65_LH_SDFPQX9
datapath_module/alu_module/FE_OCPC675_read_data2_4  0.0004978   0.0008668    0.001365    1.65e-07  HS65_LH_BFX27
datapath_module/reg_file_module/reg_memory_reg[5][29]415   0.001363           0    0.001364   2.477e-07  HS65_LH_SDFPQX9
datapath_module/reg_file_module/reg_memory_reg[9][19]661   0.001363           0    0.001363   3.251e-07  HS65_LHS_SDFPQX18
datapath_module/reg_file_module/reg_memory_reg[3][25]283   0.001363           0    0.001363   2.476e-07  HS65_LH_SDFPQX9
datapath_module/reg_file_module/reg_memory_reg[20][25]1371   0.001362           0    0.001363   2.334e-07  HS65_LH_SDFPQX4
datapath_module/reg_file_module/reg_memory_reg[30][9]1995   0.001362           0    0.001362   3.237e-07  HS65_LHS_SDFPQX18
datapath_module/alu_module/g7362  0.0004805   0.0008813    0.001362   8.034e-08  HS65_LH_AO212X9
datapath_module/alu_module/srl_43_34/g5857  0.0005245   0.0008371    0.001362   1.113e-07  HS65_LH_MUX21X4
datapath_module/reg_file_module/reg_memory_reg[13][15]913   0.001361           0    0.001361   2.334e-07  HS65_LH_SDFPQX4
datapath_module/reg_file_module/reg_memory_reg[13][18]916    0.00136           0    0.001361   2.334e-07  HS65_LH_SDFPQX4
datapath_module/reg_file_module/reg_memory_reg[19][25]1307    0.00136           0     0.00136   2.354e-07  HS65_LH_SDFPQX4
datapath_module/alu_module/add_34_34/g7521  0.0001525    0.001208     0.00136   3.979e-08  HS65_LH_IVX9
datapath_module/reg_file_module/reg_memory_reg[13][8]906    0.00136           0     0.00136   2.334e-07  HS65_LH_SDFPQX4
datapath_module/reg_file_module/reg_memory_reg[13][20]918   0.001359           0    0.001359   2.334e-07  HS65_LH_SDFPQX4
datapath_module/alu_module/sub_35_34/g27199  0.0005048   0.0008542    0.001359   1.002e-07  HS65_LH_AND2ABX9
datapath_module/alu_module/mul_44_34/FE_RC_741_0  0.0007258   0.0006327    0.001359   2.339e-07  HS65_LH_MUX21X18
datapath_module/reg_file_module/reg_memory_reg[18][29]1247   0.001357           0    0.001357   2.354e-07  HS65_LH_SDFPQX4
datapath_module/alu_module/mul_44_34/FE_RC_769_0  0.0008157   0.0005414    0.001357   1.316e-07  HS65_LH_NAND2AX14
datapath_module/reg_file_module/reg_memory_reg[23][2]1540   0.001357           0    0.001357   2.334e-07  HS65_LH_SDFPQX4
datapath_module/reg_file_module/reg_memory_reg[28][24]1882   0.001357           0    0.001357   3.246e-07  HS65_LHS_SDFPQX18
datapath_module/reg_file_module/reg_memory_reg[25][14]1680   0.001357           0    0.001357   2.353e-07  HS65_LH_SDFPQX4
datapath_module/reg_file_module/reg_memory_reg[20][8]1354   0.001357           0    0.001357   2.334e-07  HS65_LH_SDFPQX4
datapath_module/reg_file_module/reg_memory_reg[28][3]1861   0.001356           0    0.001357   3.259e-07  HS65_LHS_SDFPQX18
datapath_module/reg_file_module/reg_memory_reg[13][10]908   0.001356           0    0.001356   2.335e-07  HS65_LH_SDFPQX4
datapath_module/reg_file_module/reg_memory_reg[13][6]904   0.001355           0    0.001356   2.334e-07  HS65_LH_SDFPQX4
datapath_module/alu_module/srl_43_34/FE_RC_586_0  0.0005314   0.0008236    0.001355   1.764e-07  HS65_LH_OAI211X11
datapath_module/reg_file_module/reg_memory_reg[28][0]1858   0.001354           0    0.001355   2.868e-07  HS65_LH_SDFPHQX4
datapath_module/reg_file_module/reg_memory_reg[6][27]477   0.001354           0    0.001355   2.477e-07  HS65_LH_SDFPQX9
datapath_module/alu_module/sll_42_34/g19898  0.0001443     0.00121    0.001354   8.093e-08  HS65_LH_IVX18
datapath_module/reg_file_module/reg_memory_reg[14][20]982   0.001354           0    0.001354   3.669e-07  HS65_LHS_SDFPQX27
datapath_module/reg_file_module/reg_memory_reg[21][15]1425   0.001354           0    0.001354   2.483e-07  HS65_LH_SDFPQX9
datapath_module/reg_file_module/reg_memory_reg[13][12]910   0.001353           0    0.001353   2.333e-07  HS65_LH_SDFPQX4
datapath_module/reg_file_module/reg_memory_reg[9][26]668   0.001353           0    0.001353   3.666e-07  HS65_LHS_SDFPQX27
datapath_module/alu_module/srl_43_34/g6231  0.0009729   0.0003797    0.001353   2.329e-07  HS65_LH_AO22X27
datapath_module/alu_module/mul_44_34/g36305  0.0006837   0.0006686    0.001352   1.241e-07  HS65_LH_NAND2X14
datapath_module/reg_file_module/reg_memory_reg[29][11]1933   0.001351           0    0.001351   2.482e-07  HS65_LH_SDFPQX9
datapath_module/alu_module/mul_44_34/g36792  0.0004856   0.0008651    0.001351   7.243e-08  HS65_LHS_XOR2X3
datapath_module/alu_module/mul_44_34/g36676  0.0004955   0.0008543     0.00135   5.669e-08  HS65_LH_OA12X4
datapath_module/reg_file_module/reg_memory_reg[14][27]989    0.00135           0     0.00135   2.477e-07  HS65_LH_SDFPQX9
datapath_module/reg_file_module/reg_memory_reg[13][17]915   0.001349           0    0.001349   2.334e-07  HS65_LH_SDFPQX4
datapath_module/reg_file_module/reg_memory_reg[12][20]854   0.001349           0    0.001349   2.477e-07  HS65_LH_SDFPQX9
datapath_module/reg_file_module/reg_memory_reg[13][9]907   0.001348           0    0.001349   2.335e-07  HS65_LH_SDFPQX4
datapath_module/reg_file_module/reg_memory_reg[15][24]1050   0.001347           0    0.001347   3.251e-07  HS65_LHS_SDFPQX18
datapath_module/alu_module/mul_44_34/g38268  9.712e-05     0.00125    0.001347   3.965e-08  HS65_LH_IVX9
datapath_module/alu_module/mul_44_34/g37141  0.0003594   0.0009875    0.001347   6.996e-08  HS65_LHS_XOR2X3
datapath_module/reg_file_module/reg_memory_reg[14][0]962   0.001347           0    0.001347   2.875e-07  HS65_LH_SDFPHQX4
datapath_module/reg_file_module/reg_memory_reg[20][21]1367   0.001346           0    0.001346   2.477e-07  HS65_LH_SDFPQX9
datapath_module/reg_file_module/reg_memory_reg[28][9]1867   0.001346           0    0.001346   2.334e-07  HS65_LH_SDFPQX4
datapath_module/reg_file_module/reg_memory_reg[4][28]350   0.001345           0    0.001346   2.477e-07  HS65_LH_SDFPQX9
datapath_module/reg_file_module/reg_memory_reg[29][7]1929   0.001345           0    0.001345   2.345e-07  HS65_LH_SDFPQX4
datapath_module/reg_file_module/FE_OCPC1088_write_data_10  0.0002725    0.001073    0.001345   6.258e-08  HS65_LH_BFX9
datapath_module/reg_file_module/reg_memory_reg[9][27]669   0.001344           0    0.001345    3.25e-07  HS65_LHS_SDFPQX18
datapath_module/alu_module/mul_44_34/g37305  0.0005032   0.0008407    0.001344   6.284e-08  HS65_LH_OA22X4
datapath_module/reg_file_module/g7019   0.001201   0.0001423    0.001344    2.54e-07  HS65_LH_MUX21I1X18
datapath_module/reg_file_module/reg_memory_reg[15][15]1041   0.001343           0    0.001344   2.477e-07  HS65_LH_SDFPQX9
datapath_module/reg_file_module/reg_memory_reg[28][8]1866   0.001343           0    0.001343   2.334e-07  HS65_LH_SDFPQX4
datapath_module/alu_module/sub_35_34/g27373  0.0009424   0.0003997    0.001342   1.641e-07  HS65_LH_CB4I1X18
datapath_module/reg_file_module/reg_memory_reg[11][1]771   0.001342           0    0.001342   3.668e-07  HS65_LHS_SDFPQX27
datapath_module/reg_file_module/reg_memory_reg[15][0]1026   0.001341           0    0.001341   2.878e-07  HS65_LH_SDFPHQX4
datapath_module/alu_module/add_34_34/FE_RC_557_0  0.0004715   0.0008684     0.00134   1.259e-07  HS65_LH_NOR2X19
datapath_module/alu_module/add_34_34/FE_OFC566_n_52  0.0003436    0.000996     0.00134   1.529e-07  HS65_LH_IVX31
datapath_module/reg_file_module/reg_memory_reg[28][10]1868   0.001337           0    0.001338   2.334e-07  HS65_LH_SDFPQX4
datapath_module/alu_module/mul_44_34/g36425  0.0003343       0.001    0.001335   4.544e-08  HS65_LH_NOR2X6
datapath_module/reg_file_module/reg_memory_reg[5][27]413   0.001334           0    0.001334   2.476e-07  HS65_LH_SDFPQX9
datapath_module/reg_file_module/reg_memory_reg[29][1]1923   0.001333           0    0.001333   2.334e-07  HS65_LH_SDFPQX4
datapath_module/reg_file_module/reg_memory_reg[22][4]1478   0.001331           0    0.001332   3.247e-07  HS65_LHS_SDFPQX18
datapath_module/reg_file_module/reg_memory_reg[5][23]409   0.001331           0    0.001332   2.335e-07  HS65_LH_SDFPQX4
datapath_module/alu_module/mul_44_34/FE_OCPC1433_n_2255  0.0007686   0.0005627    0.001331   1.664e-07  HS65_LH_BFX27
datapath_module/reg_file_module/reg_memory_reg[11][2]772   0.001331           0    0.001331   3.253e-07  HS65_LHS_SDFPQX18
datapath_module/reg_file_module/reg_memory_reg[15][9]1035   0.001331           0    0.001331   2.335e-07  HS65_LH_SDFPQX4
datapath_module/alu_module/sll_42_34/g19742  0.0005408   0.0007902    0.001331    6.83e-08  HS65_LH_OAI212X5
datapath_module/reg_file_module/reg_memory_reg[7][20]534   0.001331           0    0.001331   2.335e-07  HS65_LH_SDFPQX4
datapath_module/reg_file_module/reg_memory_reg[6][0]450    0.00133           0    0.001331   2.878e-07  HS65_LH_SDFPHQX4
datapath_module/alu_module/mul_44_34/g36448  0.0006211   0.0007089     0.00133   9.485e-08  HS65_LH_NOR2X13
datapath_module/reg_file_module/reg_memory_reg[4][14]336    0.00133           0     0.00133   2.334e-07  HS65_LH_SDFPQX4
datapath_module/reg_file_module/reg_memory_reg[7][18]532   0.001328           0    0.001329   2.334e-07  HS65_LH_SDFPQX4
datapath_module/reg_file_module/reg_memory_reg[7][9]523   0.001328           0    0.001328   2.335e-07  HS65_LH_SDFPQX4
datapath_module/reg_file_module/reg_memory_reg[6][26]476   0.001328           0    0.001328   2.477e-07  HS65_LH_SDFPQX9
datapath_module/reg_file_module/reg_memory_reg[4][13]335   0.001327           0    0.001328   2.334e-07  HS65_LH_SDFPQX4
datapath_module/reg_file_module/g43115  0.0004911    0.000836    0.001327   1.916e-07  HS65_LH_NAND2X29
datapath_module/alu_module/mul_44_34/g37154  0.0002964     0.00103    0.001327   6.989e-08  HS65_LHS_XOR2X3
datapath_module/alu_module/sll_42_34/g19896  0.0002627    0.001063    0.001326    1.01e-07  HS65_LH_NOR2X13
datapath_module/alu_module/mul_44_34/g36954  0.0006911    0.000634    0.001325   1.455e-07  HS65_LH_NOR2AX13
datapath_module/alu_module/mul_44_34/FE_RC_96_0  0.0005042   0.0008207    0.001325   1.348e-07  HS65_LH_OAI12X12
datapath_module/reg_file_module/reg_memory_reg[15][10]1036   0.001324           0    0.001325   2.334e-07  HS65_LH_SDFPQX4
datapath_module/reg_file_module/reg_memory_reg[15][6]1032   0.001324           0    0.001325   2.334e-07  HS65_LH_SDFPQX4
datapath_module/reg_file_module/g6272   0.001204   0.0001206    0.001325   2.539e-07  HS65_LH_MUX21I1X18
datapath_module/alu_module/mul_44_34/FE_OCPC714_read_data2_3   0.000442   0.0008823    0.001325   3.406e-07  HS65_LH_IVX71
datapath_module/alu_module/mul_44_34/g36666  0.0005336   0.0007904    0.001324   6.278e-08  HS65_LH_PAO2X4
datapath_module/reg_file_module/reg_memory_reg[7][12]526   0.001323           0    0.001324   2.334e-07  HS65_LH_SDFPQX4
datapath_module/reg_file_module/reg_memory_reg[31][15]2065   0.001323           0    0.001324   3.652e-07  HS65_LHS_SDFPQX27
datapath_module/alu_module/mul_44_34/g37272  0.0003106    0.001013    0.001323   5.964e-08  HS65_LH_AO22X4
datapath_module/reg_file_module/reg_memory_reg[12][14]848   0.001323           0    0.001323   2.334e-07  HS65_LH_SDFPQX4
datapath_module/reg_file_module/reg_memory_reg[7][13]527   0.001322           0    0.001323   2.334e-07  HS65_LH_SDFPQX4
datapath_module/reg_file_module/reg_memory_reg[7][10]524   0.001322           0    0.001323   2.334e-07  HS65_LH_SDFPQX4
datapath_module/alu_module/mul_44_34/g37466  0.0002181    0.001104    0.001323   5.072e-08  HS65_LH_AND2X4
datapath_module/reg_file_module/reg_memory_reg[4][16]338   0.001322           0    0.001322   2.334e-07  HS65_LH_SDFPQX4
datapath_module/reg_file_module/reg_memory_reg[17][13]1167   0.001322           0    0.001322   2.349e-07  HS65_LH_SDFPQX4
datapath_module/reg_file_module/FE_OCPC755_FE_RN_2  0.0008282   0.0004931    0.001322   6.737e-07  HS65_LH_BFX106
datapath_module/reg_file_module/reg_memory_reg[15][7]1033   0.001322           0    0.001322   2.334e-07  HS65_LH_SDFPQX4
datapath_module/reg_file_module/g42670  0.0002091    0.001113    0.001322   8.116e-08  HS65_LH_AO112X4
datapath_module/alu_module/mul_44_34/g37264  0.0003201    0.001001    0.001322   6.003e-08  HS65_LH_AO22X4
datapath_module/reg_file_module/reg_memory_reg[15][8]1034   0.001321           0    0.001322   2.334e-07  HS65_LH_SDFPQX4
datapath_module/alu_module/mul_44_34/g36250  0.0007059   0.0006154    0.001321   1.173e-07  HS65_LHS_XOR3X2
datapath_module/reg_file_module/reg_memory_reg[28][19]1877   0.001321           0    0.001321   2.334e-07  HS65_LH_SDFPQX4
datapath_module/reg_file_module/reg_memory_reg[5][7]393   0.001321           0    0.001321   2.334e-07  HS65_LH_SDFPQX4
datapath_module/alu_module/mul_44_34/FE_OCPC1242_read_data2_5  0.0007735   0.0005467     0.00132   1.655e-07  HS65_LH_BFX27
datapath_module/reg_file_module/reg_memory_reg[1][23]153   0.001319           0    0.001319   2.474e-07  HS65_LH_SDFPQX9
datapath_module/reg_file_module/reg_memory_reg[9][18]660   0.001319           0    0.001319   3.248e-07  HS65_LHS_SDFPQX18
datapath_module/reg_file_module/reg_memory_reg[4][26]348   0.001318           0    0.001318   2.477e-07  HS65_LH_SDFPQX9
datapath_module/reg_file_module/reg_memory_reg[28][31]1889   0.001318           0    0.001318   2.477e-07  HS65_LH_SDFPQX9
datapath_module/reg_file_module/reg_memory_reg[14][26]988   0.001317           0    0.001317   2.478e-07  HS65_LH_SDFPQX9
datapath_module/reg_file_module/reg_memory_reg[3][26]284   0.001317           0    0.001317   2.476e-07  HS65_LH_SDFPQX9
datapath_module/reg_file_module/reg_memory_reg[7][8]522   0.001317           0    0.001317   2.335e-07  HS65_LH_SDFPQX4
datapath_module/alu_module/mul_44_34/FE_RC_289_0  0.0007093   0.0006076    0.001317   2.351e-07  HS65_LH_NOR2X25
datapath_module/alu_module/mul_44_34/g36973  0.0007479   0.0005687    0.001317    1.38e-07  HS65_LH_FA1X4
datapath_module/alu_module/g7543  0.0001904    0.001126    0.001316   1.087e-07  HS65_LH_AND2X18
datapath_module/reg_file_module/reg_memory_reg[16][9]1099   0.001316           0    0.001316   2.353e-07  HS65_LH_SDFPQX4
datapath_module/reg_file_module/reg_memory_reg[12][13]847   0.001316           0    0.001316   2.334e-07  HS65_LH_SDFPQX4
datapath_module/reg_file_module/reg_memory_reg[4][6]328   0.001257    5.81e-05    0.001315   3.184e-07  HS65_LH_SDFPRQTX9
datapath_module/reg_file_module/FE_PHC1528_n_1061  0.0001117    0.001203    0.001315   2.246e-07  HS65_LH_BFX31
datapath_module/reg_file_module/reg_memory_reg[7][7]521   0.001314           0    0.001314   2.334e-07  HS65_LH_SDFPQX4
datapath_module/reg_file_module/reg_memory_reg[13][5]903   0.001313           0    0.001313   2.347e-07  HS65_LH_SDFPQX4
datapath_module/reg_file_module/FE_OCPC1381_n_2397  0.0009658   0.0003469    0.001313   6.845e-07  HS65_LH_BFX106
datapath_module/alu_module/mul_44_34/FE_OCPC881_n_1764  0.0005852   0.0007278    0.001313   6.193e-08  HS65_LH_BFX9
datapath_module/alu_module/sll_42_34/g20220  0.0007772   0.0005355    0.001313   2.021e-07  HS65_LH_AO22X27
datapath_module/alu_module/mul_44_34/FE_RC_116_0  0.0005354   0.0007771    0.001313   1.139e-07  HS65_LH_AOI12X12
datapath_module/alu_module/sub_35_34/g27359  0.0006203   0.0006917    0.001312   9.807e-08  HS65_LHS_XNOR2X6
datapath_module/alu_module/sll_42_34/g19766  0.0005324   0.0007792    0.001312     8.2e-08  HS65_LH_OA12X9
datapath_module/alu_module/sub_35_34/g27110  0.0007669   0.0005447    0.001312   1.062e-07  HS65_LH_AOI12X12
datapath_module/reg_file_module/reg_memory_reg[14][25]987   0.001311           0    0.001312   2.477e-07  HS65_LH_SDFPQX9
datapath_module/reg_file_module/reg_memory_reg[14][31]993    0.00131           0     0.00131   2.334e-07  HS65_LH_SDFPQX4
datapath_module/reg_file_module/reg_memory_reg[7][11]525    0.00131           0     0.00131   2.334e-07  HS65_LH_SDFPQX4
datapath_module/reg_file_module/reg_memory_reg[7][14]528   0.001309           0     0.00131   2.334e-07  HS65_LH_SDFPQX4
datapath_module/alu_module/sll_42_34/g20219  0.0005448   0.0007638    0.001309   6.585e-08  HS65_LH_AOI222X4
datapath_module/reg_file_module/reg_memory_reg[29][9]1931   0.001308           0    0.001309   2.338e-07  HS65_LH_SDFPQX4
datapath_module/alu_module/sll_42_34/g19831  0.0003029    0.001006    0.001308   5.784e-08  HS65_LH_OAI22X6
datapath_module/reg_file_module/reg_memory_reg[9][17]659   0.001308           0    0.001308   3.664e-07  HS65_LHS_SDFPQX27
datapath_module/reg_file_module/reg_memory_reg[17][2]1156   0.001308           0    0.001308    2.32e-07  HS65_LH_SDFPQX4
datapath_module/reg_file_module/reg_memory_reg[20][12]1358   0.001307           0    0.001307   3.254e-07  HS65_LHS_SDFPQX18
datapath_module/reg_file_module/reg_memory_reg[4][7]329   0.001307           0    0.001307   3.249e-07  HS65_LHS_SDFPQX18
datapath_module/reg_file_module/reg_memory_reg[11][20]790   0.001307           0    0.001307   3.249e-07  HS65_LHS_SDFPQX18
datapath_module/alu_module/mul_44_34/g36743  0.0005844   0.0007223    0.001307    1.25e-07  HS65_LH_IVX27
datapath_module/reg_file_module/reg_memory_reg[19][1]1283   0.001306           0    0.001307   2.335e-07  HS65_LH_SDFPQX4
datapath_module/alu_module/add_34_34/FE_OCPC1266_FE_RN_83_0  0.0009154   0.0003899    0.001306   2.205e-07  HS65_LH_BFX31
datapath_module/reg_file_module/reg_memory_reg[28][30]1888   0.001304           0    0.001304   2.477e-07  HS65_LH_SDFPQX9
datapath_module/alu_module/mul_44_34/g36604  0.0004696   0.0008341    0.001304   7.207e-08  HS65_LHS_XOR2X3
datapath_module/alu_module/mul_44_34/FE_RC_129_0   0.001084   0.0002197    0.001304   1.437e-07  HS65_LH_NAND3AX19
datapath_module/alu_module/mul_44_34/g36880  0.0004599   0.0008422    0.001302   1.081e-07  HS65_LH_NOR2X9
datapath_module/reg_file_module/reg_memory_reg[7][29]543   0.001302           0    0.001302   2.334e-07  HS65_LH_SDFPQX4
datapath_module/alu_module/FE_OCPC601_read_data2_1  0.0006671   0.0006347    0.001302   2.335e-07  HS65_LH_BFX35
datapath_module/reg_file_module/g42611  0.0005797   0.0007211    0.001301   3.484e-07  HS65_LH_NOR2X38
datapath_module/alu_module/mul_44_34/FE_OFC183_n_1185  0.0003078   0.0009932    0.001301   4.375e-08  HS65_LH_BFX2
datapath_module/reg_file_module/reg_memory_reg[2][24]218   0.001301           0    0.001301   2.347e-07  HS65_LH_SDFPQX4
datapath_module/reg_file_module/reg_memory_reg[20][18]1364   0.001301           0    0.001301   2.335e-07  HS65_LH_SDFPQX4
datapath_module/alu_module/mul_44_34/g36766   0.000536   0.0007633    0.001299   6.248e-08  HS65_LH_PAO2X4
datapath_module/alu_module/mul_44_34/g36642  0.0005652    0.000734    0.001299   7.484e-08  HS65_LH_NAND2X11
datapath_module/reg_file_module/reg_memory_reg[10][3]709   0.001299           0    0.001299   3.254e-07  HS65_LHS_SDFPQX18
datapath_module/reg_file_module/reg_memory_reg[4][27]349   0.001298           0    0.001298   2.335e-07  HS65_LH_SDFPQX4
datapath_module/reg_file_module/reg_memory_reg[22][12]1486   0.001297           0    0.001298    2.33e-07  HS65_LH_SDFPQX4
datapath_module/alu_module/mul_44_34/g36716  0.0005334   0.0007631    0.001297   6.251e-08  HS65_LH_PAO2X4
datapath_module/reg_file_module/reg_memory_reg[5][0]386   0.001296           0    0.001296   2.887e-07  HS65_LH_SDFPHQX4
datapath_module/reg_file_module/reg_memory_reg[25][4]1670   0.001296           0    0.001296   2.351e-07  HS65_LH_SDFPQX4
datapath_module/reg_file_module/reg_memory_reg[10][5]711   0.001254   4.105e-05    0.001296   3.171e-07  HS65_LH_SDFPRQTX9
datapath_module/alu_module/mul_44_34/g36918  0.0003732   0.0009214    0.001295   7.101e-08  HS65_LHS_XOR2X3
datapath_module/reg_file_module/reg_memory_reg[3][27]285   0.001294           0    0.001294   2.477e-07  HS65_LH_SDFPQX9
datapath_module/reg_file_module/reg_memory_reg[6][3]453   0.001294           0    0.001294   3.651e-07  HS65_LHS_SDFPQX27
datapath_module/reg_file_module/reg_memory_reg[6][20]470   0.001294           0    0.001294   2.477e-07  HS65_LH_SDFPQX9
datapath_module/alu_module/srl_43_34/g5810  0.0004195   0.0008746    0.001294   6.566e-08  HS65_LH_AOI212X4
datapath_module/alu_module/mul_44_34/FE_OCPC694_n_195  0.0004107    0.000883    0.001294   1.153e-07  HS65_LH_BFX18
datapath_module/reg_file_module/reg_memory_reg[26][9]1739   0.001293           0    0.001293   2.355e-07  HS65_LH_SDFPQX4
datapath_module/reg_file_module/reg_memory_reg[20][14]1360   0.001293           0    0.001293   2.333e-07  HS65_LH_SDFPQX4
datapath_module/reg_file_module/reg_memory_reg[14][19]981   0.001293           0    0.001293   3.663e-07  HS65_LHS_SDFPQX27
datapath_module/reg_file_module/g42620  0.0006563   0.0006344    0.001291   4.996e-07  HS65_LH_NOR2X50
datapath_module/alu_module/mul_44_34/FE_RC_186_0  0.0004659   0.0008243     0.00129   1.194e-07  HS65_LH_NAND2X21
datapath_module/reg_file_module/reg_memory_reg[5][4]390    0.00129           0     0.00129   2.335e-07  HS65_LH_SDFPQX4
datapath_module/alu_module/mul_44_34/FE_RC_435_0  0.0003473   0.0009423     0.00129   2.875e-07  HS65_LH_IVX62
datapath_module/alu_module/mul_44_34/FE_OFC215_n_915  0.0002173    0.001071    0.001289   4.372e-08  HS65_LH_BFX2
datapath_module/reg_file_module/reg_memory_reg[14][30]992   0.001288           0    0.001288   2.334e-07  HS65_LH_SDFPQX4
datapath_module/alu_module/mul_44_34/FE_OFC126_n_1098  0.0002938   0.0009934    0.001287   4.373e-08  HS65_LH_BFX2
datapath_module/alu_module/mul_44_34/FE_OCPC1417_n_181  0.0005842   0.0007021    0.001286   6.198e-08  HS65_LH_BFX9
datapath_module/alu_module/mul_44_34/FE_OFC131_n_949  0.0002201    0.001066    0.001286   4.372e-08  HS65_LH_BFX2
datapath_module/reg_file_module/reg_memory_reg[0][2]100   0.001285           0    0.001286   3.254e-07  HS65_LHS_SDFPQX18
datapath_module/reg_file_module/reg_memory_reg[14][29]991   0.001285           0    0.001285   2.335e-07  HS65_LH_SDFPQX4
datapath_module/reg_file_module/reg_memory_reg[31][25]2075   0.001285           0    0.001285   2.334e-07  HS65_LH_SDFPQX4
datapath_module/reg_file_module/reg_memory_reg[22][2]1476   0.001285           0    0.001285   2.334e-07  HS65_LH_SDFPQX4
datapath_module/alu_module/mul_44_34/g39018  0.0006256   0.0006591    0.001285   7.954e-08  HS65_LH_NAND2X14
datapath_module/alu_module/mul_44_34/FE_RC_414_0  0.0003525   0.0009301    0.001283   1.528e-07  HS65_LH_IVX31
datapath_module/alu_module/mul_44_34/g37279  0.0003941   0.0008881    0.001282   6.052e-08  HS65_LH_AO22X4
datapath_module/alu_module/mul_44_34/FE_RC_238_0   0.000223    0.001058    0.001281   8.059e-08  HS65_LH_IVX18
datapath_module/reg_file_module/reg_memory_reg[1][14]144    0.00128           0     0.00128   2.332e-07  HS65_LH_SDFPQX4
datapath_module/reg_file_module/reg_memory_reg[3][2]260    0.00128           0     0.00128   2.335e-07  HS65_LH_SDFPQX4
datapath_module/reg_file_module/reg_memory_reg[14][16]978    0.00128           0     0.00128   3.234e-07  HS65_LHS_SDFPQX18
datapath_module/alu_module/mul_44_34/FE_OCPC684_n_1909  0.0005154   0.0007644     0.00128   6.175e-08  HS65_LH_BFX9
datapath_module/alu_module/mul_44_34/FE_RC_422_0  0.0008208   0.0004579    0.001279   2.735e-07  HS65_LH_NAND2X43
datapath_module/reg_file_module/g6961   0.001154   0.0001226    0.001277   3.227e-07  HS65_LH_MUX21I1X24
datapath_module/reg_file_module/reg_memory_reg[9][5]647   0.001275           0    0.001275   3.666e-07  HS65_LHS_SDFPQX27
datapath_module/reg_file_module/reg_memory_reg[1][8]138   0.001275           0    0.001275   2.349e-07  HS65_LH_SDFPQX4
datapath_module/alu_module/mul_44_34/g37171  0.0003653   0.0009097    0.001275    7.01e-08  HS65_LHS_XOR2X3
datapath_module/reg_file_module/reg_memory_reg[6][25]475   0.001273           0    0.001274   2.334e-07  HS65_LH_SDFPQX4
datapath_module/alu_module/mul_44_34/FE_RC_167_0  0.0005563   0.0007171    0.001273   7.218e-08  HS65_LH_NAND2AX7
datapath_module/reg_file_module/reg_memory_reg[22][1]1475   0.001273           0    0.001273   2.334e-07  HS65_LH_SDFPQX4
datapath_module/alu_module/mul_44_34/FE_OCPC1046_n_1764   0.000785   0.0004879    0.001273    9.94e-08  HS65_LH_BFX13
datapath_module/reg_file_module/g6947   0.001184   8.884e-05    0.001273   3.237e-07  HS65_LH_MUX21I1X24
datapath_module/reg_file_module/g42706   0.000724   0.0005478    0.001272   5.526e-07  HS65_LH_NOR3X35
datapath_module/reg_file_module/reg_memory_reg[31][17]2067   0.001272           0    0.001272   2.473e-07  HS65_LH_SDFPQX9
datapath_module/alu_module/g7380  0.0003768    0.000895    0.001272   8.284e-08  HS65_LH_AO212X4
datapath_module/reg_file_module/reg_memory_reg[15][3]1029   0.001271           0    0.001271   2.334e-07  HS65_LH_SDFPQX4
datapath_module/reg_file_module/reg_memory_reg[20][17]1363   0.001271           0    0.001271   2.335e-07  HS65_LH_SDFPQX4
datapath_module/reg_file_module/reg_memory_reg[12][18]852   0.001271           0    0.001271   2.334e-07  HS65_LH_SDFPQX4
datapath_module/alu_module/sll_42_34/FE_PDC1511_n_87   0.000382   0.0008865    0.001269    6.21e-08  HS65_LH_BFX9
datapath_module/alu_module/mul_44_34/g36258  0.0006639   0.0006042    0.001268   1.152e-07  HS65_LHS_XOR3X2
datapath_module/alu_module/mul_44_34/FE_OCPC1225_read_data2_0  0.0002786   0.0009882    0.001267   9.963e-08  HS65_LH_BFX13
datapath_module/alu_module/mul_44_34/g37432  0.0003942   0.0008725    0.001267   6.249e-08  HS65_LH_OA22X4
datapath_module/reg_file_module/reg_memory_reg[0][1]99   0.001266           0    0.001266   3.668e-07  HS65_LHS_SDFPQX27
datapath_module/alu_module/mul_44_34/g38174  0.0001309    0.001135    0.001266   3.876e-08  HS65_LH_NAND2X7
datapath_module/reg_file_module/reg_memory_reg[19][8]1290   0.001265           0    0.001266   2.347e-07  HS65_LH_SDFPQX4
datapath_module/reg_file_module/reg_memory_reg[5][26]412   0.001265           0    0.001265   2.476e-07  HS65_LH_SDFPQX9
datapath_module/alu_module/mul_44_34/g39203  0.0004656   0.0007989    0.001265   1.805e-07  HS65_LH_MUX21I1X12
datapath_module/reg_file_module/reg_memory_reg[21][1]1411   0.001264           0    0.001265   2.334e-07  HS65_LH_SDFPQX4
datapath_module/alu_module/mul_44_34/g37156  0.0003663   0.0008979    0.001264   7.005e-08  HS65_LHS_XOR2X3
datapath_module/reg_file_module/reg_memory_reg[3][31]289   0.001264           0    0.001264   2.477e-07  HS65_LH_SDFPQX9
datapath_module/alu_module/mul_44_34/g37380   0.000394   0.0008697    0.001264    6.25e-08  HS65_LH_OA22X4
datapath_module/reg_file_module/reg_memory_reg[17][25]1179   0.001263           0    0.001264   2.343e-07  HS65_LH_SDFPQX4
datapath_module/reg_file_module/reg_memory_reg[8][1]579   0.001263           0    0.001263   2.334e-07  HS65_LH_SDFPQX4
datapath_module/alu_module/sub_35_34/g27334  0.0005458    0.000717    0.001263    1.19e-07  HS65_LH_NOR2AX13
datapath_module/reg_file_module/reg_memory_reg[5][16]402   0.001262           0    0.001263   2.334e-07  HS65_LH_SDFPQX4
datapath_module/alu_module/mul_44_34/FE_RC_375_0  0.0009056    0.000356    0.001262   1.146e-07  HS65_LH_AOI21X12
datapath_module/reg_file_module/reg_memory_reg[4][25]347   0.001261           0    0.001262   2.335e-07  HS65_LH_SDFPQX4
datapath_module/reg_file_module/reg_memory_reg[14][12]974    0.00126           0     0.00126   2.335e-07  HS65_LH_SDFPQX4
datapath_module/reg_file_module/reg_memory_reg[8][10]588   0.001259           0    0.001259   2.345e-07  HS65_LH_SDFPQX4
datapath_module/alu_module/mul_44_34/g37010  0.0001481     0.00111    0.001259   3.905e-08  HS65_LH_IVX9
datapath_module/reg_file_module/FE_OCPC977_write_data_5  0.0002628   0.0009956    0.001258   6.251e-08  HS65_LH_BFX9
datapath_module/alu_module/mul_44_34/FE_RC_202_0  0.0001942    0.001064    0.001258   3.928e-08  HS65_LH_IVX9
datapath_module/reg_file_module/reg_memory_reg[6][19]469   0.001257           0    0.001257   2.476e-07  HS65_LH_SDFPQX9
datapath_module/reg_file_module/reg_memory_reg[31][11]2061   0.001257           0    0.001257   2.475e-07  HS65_LH_SDFPQX9
datapath_module/reg_file_module/reg_memory_reg[20][20]1366   0.001255           0    0.001256   2.334e-07  HS65_LH_SDFPQX4
datapath_module/alu_module/mul_44_34/g37294  0.0002514    0.001004    0.001256   4.254e-08  HS65_LH_OAI22X3
datapath_module/reg_file_module/reg_memory_reg[7][21]535   0.001255           0    0.001256   2.477e-07  HS65_LH_SDFPQX9
datapath_module/reg_file_module/reg_memory_reg[11][25]795   0.001254           0    0.001255   2.477e-07  HS65_LH_SDFPQX9
datapath_module/alu_module/mul_44_34/FE_OCPC1308_read_data2_5  0.0005121   0.0007417    0.001254   1.151e-07  HS65_LH_BFX18
datapath_module/alu_module/mul_44_34/FE_OFC66_n_414  0.0001987    0.001055    0.001253   6.214e-08  HS65_LH_BFX9
datapath_module/reg_file_module/reg_memory_reg[28][14]1872   0.001253           0    0.001253   2.334e-07  HS65_LH_SDFPQX4
datapath_module/reg_file_module/reg_memory_reg[14][8]970   0.001253           0    0.001253   2.334e-07  HS65_LH_SDFPQX4
datapath_module/alu_module/mul_44_34/FE_RC_729_0  0.0005352   0.0007172    0.001253   2.529e-07  HS65_LH_IVX53
datapath_module/alu_module/FE_OCPC1015_FE_OFN426_read_data1_4  0.0006703   0.0005793     0.00125   2.846e-07  HS65_LH_BFX44
datapath_module/reg_file_module/reg_memory_reg[6][17]467   0.001249           0    0.001249   3.244e-07  HS65_LHS_SDFPQX18
datapath_module/reg_file_module/reg_memory_reg[11][11]781   0.001248           0    0.001248   2.477e-07  HS65_LH_SDFPQX9
datapath_module/alu_module/g7392  0.0004729   0.0007741    0.001247   2.862e-07  HS65_LH_NAND2X29
datapath_module/reg_file_module/reg_memory_reg[3][30]288   0.001246           0    0.001247   2.477e-07  HS65_LH_SDFPQX9
datapath_module/alu_module/mul_44_34/g36737  0.0003952   0.0008513    0.001247   6.879e-08  HS65_LHS_XNOR2X3
datapath_module/alu_module/srl_43_34/g5943  7.173e-05    0.001175    0.001246   3.916e-08  HS65_LH_IVX9
datapath_module/alu_module/mul_44_34/FE_RC_385_0  0.0007281   0.0005176    0.001246   2.329e-07  HS65_LH_NAND2AX29
datapath_module/alu_module/add_34_34/g7569  0.0005568   0.0006881    0.001245   1.881e-07  HS65_LH_AOI12X17
datapath_module/alu_module/mul_44_34/g36276  0.0009302   0.0003144    0.001245   1.309e-07  HS65_LH_AOI12X12
datapath_module/reg_file_module/reg_memory_reg[15][14]1040   0.001245           0    0.001245   2.333e-07  HS65_LH_SDFPQX4
datapath_module/reg_file_module/reg_memory_reg[11][23]793   0.001244           0    0.001245   2.477e-07  HS65_LH_SDFPQX9
datapath_module/reg_file_module/reg_memory_reg[2][12]206   0.001244           0    0.001245   2.346e-07  HS65_LH_SDFPQX4
datapath_module/reg_file_module/reg_memory_reg[2][29]223   0.001244           0    0.001244   2.344e-07  HS65_LH_SDFPQX4
datapath_module/reg_file_module/reg_memory_reg[14][18]980   0.001244           0    0.001244   2.333e-07  HS65_LH_SDFPQX4
datapath_module/reg_file_module/reg_memory_reg[28][26]1884   0.001243           0    0.001243   2.479e-07  HS65_LH_SDFPQX9
datapath_module/alu_module/mul_44_34/g37168  0.0007524   0.0004901    0.001243   9.703e-08  HS65_LHS_XNOR2X6
datapath_module/reg_file_module/reg_memory_reg[28][25]1883   0.001242           0    0.001242   2.329e-07  HS65_LH_SDFPQX4
datapath_module/reg_file_module/reg_memory_reg[11][17]787   0.001242           0    0.001242   2.477e-07  HS65_LH_SDFPQX9
datapath_module/reg_file_module/reg_memory_reg[15][2]1028   0.001242           0    0.001242   2.334e-07  HS65_LH_SDFPQX4
datapath_module/alu_module/mul_44_34/g37463  0.0002051    0.001037    0.001242   5.246e-08  HS65_LH_AND2X4
datapath_module/alu_module/mul_44_34/FE_OCPC771_n_2116  0.0004382   0.0008033    0.001242   1.152e-07  HS65_LH_BFX18
datapath_module/alu_module/add_34_34/g7595  0.0006956   0.0005455    0.001241   1.896e-07  HS65_LH_OAI21X18
datapath_module/alu_module/mul_44_34/g36556  0.0005241   0.0007171    0.001241   6.191e-08  HS65_LH_PAO2X4
datapath_module/reg_file_module/reg_memory_reg[11][30]800   0.001241           0    0.001241   2.477e-07  HS65_LH_SDFPQX9
datapath_module/alu_module/mul_44_34/g36503  0.0001924    0.001049    0.001241   3.353e-08  HS65_LH_IVX7
datapath_module/alu_module/mul_44_34/FE_OCPC795_n_177  0.0005351   0.0007055    0.001241   6.269e-08  HS65_LH_BFX9
datapath_module/reg_file_module/reg_memory_reg[17][19]1173    0.00124           0    0.001241   3.234e-07  HS65_LHS_SDFPQX18
datapath_module/alu_module/mul_44_34/FE_OCPC722_FE_OCPN1259_FE_RN_20  0.0006674   0.0005719    0.001239   1.662e-07  HS65_LH_BFX27
datapath_module/reg_file_module/reg_memory_reg[20][13]1359   0.001239           0    0.001239   2.333e-07  HS65_LH_SDFPQX4
datapath_module/reg_file_module/reg_memory_reg[11][29]799   0.001239           0    0.001239   2.477e-07  HS65_LH_SDFPQX9
datapath_module/alu_module/mul_44_34/g36487  0.0004899   0.0007485    0.001238   7.253e-08  HS65_LHS_XOR2X3
datapath_module/reg_file_module/reg_memory_reg[0][12]110   0.001238           0    0.001238   2.334e-07  HS65_LH_SDFPQX4
datapath_module/reg_file_module/reg_memory_reg[11][26]796   0.001238           0    0.001238   2.477e-07  HS65_LH_SDFPQX9
datapath_module/alu_module/sub_35_34/g27353  0.0006693   0.0005681    0.001237   9.776e-08  HS65_LHS_XNOR2X6
datapath_module/alu_module/sub_35_34/FE_RC_564_0  0.0006322   0.0006048    0.001237   1.865e-07  HS65_LH_NAND2X29
datapath_module/reg_file_module/reg_memory_reg[31][14]2064   0.001236           0    0.001237   2.331e-07  HS65_LH_SDFPQX4
datapath_module/alu_module/mul_44_34/FE_OFC123_n_1108  0.0002973    0.000939    0.001236   4.373e-08  HS65_LH_BFX2
datapath_module/reg_file_module/FE_OCPC1498_n_1100  0.0007847   0.0004515    0.001236   1.161e-07  HS65_LH_BFX18
datapath_module/alu_module/mul_44_34/g37438   0.000394   0.0008422    0.001236    6.27e-08  HS65_LH_OA22X4
datapath_module/alu_module/mul_44_34/g37039  0.0001308    0.001105    0.001236    2.65e-08  HS65_LH_NOR2X2
datapath_module/reg_file_module/reg_memory_reg[11][22]792   0.001235           0    0.001235   2.478e-07  HS65_LH_SDFPQX9
datapath_module/reg_file_module/reg_memory_reg[7][2]516   0.001235           0    0.001235   2.335e-07  HS65_LH_SDFPQX4
datapath_module/alu_module/add_34_34/g7486  0.0004759   0.0007586    0.001235   7.005e-08  HS65_LHS_XNOR2X3
datapath_module/reg_file_module/g42575  0.0001785    0.001056    0.001234   8.489e-08  HS65_LH_NAND3X6
datapath_module/reg_file_module/reg_memory_reg[20][10]1356   0.001234           0    0.001234   2.334e-07  HS65_LH_SDFPQX4
datapath_module/alu_module/mul_44_34/g36424   0.000462   0.0007718    0.001234    5.73e-08  HS65_LH_NOR2AX6
datapath_module/alu_module/mul_44_34/g38196  0.0006907   0.0005427    0.001234   2.495e-07  HS65_LH_NAND2X43
datapath_module/reg_file_module/reg_memory_reg[6][7]457   0.001233           0    0.001234   2.334e-07  HS65_LH_SDFPQX4
datapath_module/reg_file_module/reg_memory_reg[6][24]474   0.001232           0    0.001232   2.335e-07  HS65_LH_SDFPQX4
datapath_module/reg_file_module/reg_memory_reg[5][2]388   0.001231           0    0.001231   2.335e-07  HS65_LH_SDFPQX4
datapath_module/reg_file_module/reg_memory_reg[28][2]1860   0.001229           0     0.00123   2.334e-07  HS65_LH_SDFPQX4
datapath_module/reg_file_module/reg_memory_reg[12][17]851   0.001229           0     0.00123   2.334e-07  HS65_LH_SDFPQX4
datapath_module/reg_file_module/reg_memory_reg[2][30]224   0.001229           0    0.001229   2.333e-07  HS65_LH_SDFPQX4
datapath_module/alu_module/mul_44_34/FE_OCPC736_FE_RN_9  0.0001453    0.001082    0.001228   8.029e-08  HS65_LH_IVX18
datapath_module/alu_module/mul_44_34/g38443  0.0007895   0.0004369    0.001227   2.009e-07  HS65_LH_NOR2AX25
datapath_module/alu_module/mul_44_34/FE_OCPC1346_n_1890  0.0005903   0.0006361    0.001226   6.194e-08  HS65_LH_BFX9
datapath_module/alu_module/mul_44_34/FE_OCPC1020_n_2255  0.0002941   0.0009309    0.001225   6.235e-08  HS65_LH_BFX9
datapath_module/alu_module/add_34_34/g7487  0.0004096   0.0008149    0.001225   6.902e-08  HS65_LHS_XNOR2X3
datapath_module/alu_module/mul_44_34/g36391  0.0004945   0.0007298    0.001224   6.172e-08  HS65_LH_BFX9
datapath_module/alu_module/sub_35_34/FE_RC_565_0  0.0005318   0.0006923    0.001224   1.303e-07  HS65_LH_AND2X18
datapath_module/alu_module/mul_44_34/FE_RC_804_0  0.0006615   0.0005624    0.001224   1.212e-07  HS65_LH_NOR2X13
datapath_module/reg_file_module/reg_memory_reg[13][1]899   0.001223           0    0.001223   2.334e-07  HS65_LH_SDFPQX4
datapath_module/alu_module/mul_44_34/g39253  0.0008083   0.0004149    0.001223   9.447e-08  HS65_LHS_XOR2X6
datapath_module/reg_file_module/reg_memory_reg[8][30]608   0.001223           0    0.001223   2.334e-07  HS65_LH_SDFPQX4
datapath_module/reg_file_module/g42613  0.0006658   0.0005565    0.001223   5.102e-07  HS65_LH_NOR2X50
datapath_module/reg_file_module/FE_RC_484_0  0.0007083   0.0005137    0.001222   2.946e-07  HS65_LH_OR2X35
datapath_module/alu_module/sll_42_34/g19789  0.0005833   0.0006381    0.001222   4.524e-07  HS65_LH_NAND2X43
datapath_module/alu_module/mul_44_34/FE_OCPC786_n_1304  0.0007754   0.0004462    0.001222   9.964e-08  HS65_LH_BFX13
datapath_module/reg_file_module/reg_memory_reg[4][23]345   0.001221           0    0.001221   2.333e-07  HS65_LH_SDFPQX4
datapath_module/alu_module/FE_OFC55_read_data2_16  0.0001082    0.001113    0.001221   6.173e-08  HS65_LH_BFX9
datapath_module/alu_module/srl_43_34/g5856  0.0004891   0.0007317    0.001221   1.115e-07  HS65_LH_MUX21X4
datapath_module/alu_module/mul_44_34/g37358  0.0003559   0.0008637     0.00122   6.091e-08  HS65_LH_AO22X4
datapath_module/reg_file_module/reg_memory_reg[4][22]344   0.001219           0     0.00122   2.475e-07  HS65_LH_SDFPQX9
datapath_module/alu_module/mul_44_34/FE_OCPC716_read_data2_3   0.000189     0.00103     0.00122   6.248e-08  HS65_LH_BFX9
datapath_module/reg_file_module/reg_memory_reg[12][10]844   0.001218           0    0.001219   2.332e-07  HS65_LH_SDFPQX4
datapath_module/reg_file_module/reg_memory_reg[8][29]607   0.001218           0    0.001218   2.334e-07  HS65_LH_SDFPQX4
datapath_module/alu_module/sub_35_34/g27361  0.0007011   0.0005161    0.001217   9.863e-08  HS65_LHS_XNOR2X6
datapath_module/reg_file_module/reg_memory_reg[14][1]963   0.001217           0    0.001217   2.334e-07  HS65_LH_SDFPQX4
datapath_module/alu_module/mul_44_34/g36446  0.0004974   0.0007195    0.001217   7.236e-08  HS65_LHS_XOR2X3
datapath_module/alu_module/mul_44_34/g37868  0.0004988   0.0007178    0.001217   1.245e-07  HS65_LH_AOI12X12
datapath_module/reg_file_module/reg_memory_reg[4][30]352   0.001216           0    0.001217   2.476e-07  HS65_LH_SDFPQX9
datapath_module/alu_module/mul_44_34/FE_OCPC707_read_data2_0  0.0002766   0.0009395    0.001216   9.963e-08  HS65_LH_BFX13
datapath_module/alu_module/mul_44_34/FE_OCPC983_read_data2_5  0.0005076   0.0007085    0.001216   1.151e-07  HS65_LH_BFX18
datapath_module/reg_file_module/g43328_dup  0.0006677   0.0005479    0.001216   4.543e-07  HS65_LH_BFX71
datapath_module/alu_module/mul_44_34/g36348  0.0003573   0.0008574    0.001215   6.632e-08  HS65_LH_NAND2X7
datapath_module/reg_file_module/reg_memory_reg[17][21]1175   0.001214           0    0.001214   2.478e-07  HS65_LH_SDFPQX9
datapath_module/reg_file_module/reg_memory_reg[11][15]785   0.001213           0    0.001214   2.477e-07  HS65_LH_SDFPQX9
datapath_module/reg_file_module/reg_memory_reg[14][11]973   0.001213           0    0.001213   2.334e-07  HS65_LH_SDFPQX4
datapath_module/reg_file_module/reg_memory_reg[1][2]132   0.001213           0    0.001213   2.332e-07  HS65_LH_SDFPQX4
datapath_module/alu_module/mul_44_34/g36246   0.000798   0.0004147    0.001213   9.763e-08  HS65_LHS_XNOR2X6
datapath_module/reg_file_module/reg_memory_reg[14][7]969   0.001212           0    0.001213   2.334e-07  HS65_LH_SDFPQX4
datapath_module/alu_module/add_34_34/g7480  0.0004884   0.0007224    0.001211   7.015e-08  HS65_LHS_XNOR2X3
datapath_module/reg_file_module/reg_memory_reg[15][1]1027    0.00121           0     0.00121   2.334e-07  HS65_LH_SDFPQX4
datapath_module/reg_file_module/reg_memory_reg[15][13]1039   0.001209           0     0.00121    2.33e-07  HS65_LH_SDFPQX4
datapath_module/reg_file_module/reg_memory_reg[20][19]1365   0.001209           0    0.001209   2.334e-07  HS65_LH_SDFPQX4
datapath_module/reg_file_module/reg_memory_reg[4][3]325   0.001209           0    0.001209   2.334e-07  HS65_LH_SDFPQX4
datapath_module/alu_module/sub_35_34/g27306  0.0006028   0.0006048    0.001208   1.872e-07  HS65_LH_NOR2AX25
datapath_module/reg_file_module/reg_memory_reg[4][5]327   0.001168   3.822e-05    0.001207   3.193e-07  HS65_LH_SDFPRQTX9
datapath_module/alu_module/mul_44_34/FE_OCPC1193_read_data1_5   0.000698   0.0005087    0.001207   2.218e-07  HS65_LH_BFX31
datapath_module/reg_file_module/reg_memory_reg[21][2]1412   0.001207           0    0.001207   2.334e-07  HS65_LH_SDFPQX4
datapath_module/reg_file_module/reg_memory_reg[28][13]1871   0.001206           0    0.001207   2.335e-07  HS65_LH_SDFPQX4
datapath_module/reg_file_module/FE_PHC1597_n_1155  0.0002017    0.001005    0.001207   2.909e-07  HS65_LH_BFX44
datapath_module/alu_module/sll_42_34/g19774  0.0006365   0.0005699    0.001206   6.487e-08  HS65_LH_AOI222X4
datapath_module/reg_file_module/reg_memory_reg[6][4]454   0.001206           0    0.001206    3.27e-07  HS65_LHS_SDFPQX18
datapath_module/alu_module/mul_44_34/g37424  0.0003209   0.0008851    0.001206   5.951e-08  HS65_LH_AO22X4
datapath_module/alu_module/srl_43_34/g5982  0.0006718   0.0005335    0.001205    1.43e-07  HS65_LH_MUX21X9
datapath_module/reg_file_module/reg_memory_reg[11][9]779   0.001205           0    0.001205   2.334e-07  HS65_LH_SDFPQX4
datapath_module/reg_file_module/reg_memory_reg[11][10]780   0.001204           0    0.001205   2.334e-07  HS65_LH_SDFPQX4
datapath_module/alu_module/mul_44_34/g37074   0.000613   0.0005908    0.001204   1.177e-07  HS65_LHS_XOR3X2
datapath_module/reg_file_module/reg_memory_reg[10][18]724   0.001203           0    0.001203   2.477e-07  HS65_LH_SDFPQX9
datapath_module/alu_module/mul_44_34/g38420  0.0004452   0.0007574    0.001203   6.249e-08  HS65_LH_OR2X9
datapath_module/reg_file_module/reg_memory_reg[11][8]778   0.001202           0    0.001203   2.334e-07  HS65_LH_SDFPQX4
datapath_module/reg_file_module/reg_memory_reg[3][29]287   0.001202           0    0.001202   2.334e-07  HS65_LH_SDFPQX4
datapath_module/reg_file_module/reg_memory_reg[11][7]777   0.001202           0    0.001202   2.334e-07  HS65_LH_SDFPQX4
datapath_module/reg_file_module/g42723  0.0006947   0.0005065    0.001202   5.669e-07  HS65_LH_NOR3X35
datapath_module/alu_module/mul_44_34/g36282  0.0004759   0.0007257    0.001202   7.853e-08  HS65_LH_NOR2AX6
datapath_module/alu_module/mul_44_34/FE_RC_775_0  0.0002319   0.0009696    0.001202   3.968e-08  HS65_LH_IVX9
datapath_module/reg_file_module/reg_memory_reg[6][6]456   0.001201           0    0.001201   2.334e-07  HS65_LH_SDFPQX4
datapath_module/alu_module/g7817  0.0008524   0.0003478      0.0012   2.102e-07  HS65_LH_CB4I6X27
datapath_module/reg_file_module/g42606  0.0003791   0.0008211      0.0012   1.271e-07  HS65_LH_NAND4ABX6
datapath_module/reg_file_module/reg_memory_reg[24][16]1618     0.0012           0      0.0012   3.234e-07  HS65_LHS_SDFPQX18
datapath_module/alu_module/sub_35_34/g27371  0.0007044   0.0004952      0.0012   9.872e-08  HS65_LHS_XNOR2X6
datapath_module/reg_file_module/reg_memory_reg[11][6]776   0.001199           0      0.0012   2.334e-07  HS65_LH_SDFPQX4
datapath_module/reg_file_module/reg_memory_reg[9][3]645   0.001199           0    0.001199   3.681e-07  HS65_LHS_SDFPQX27
datapath_module/reg_file_module/reg_memory_reg[10][31]737   0.001199           0    0.001199   2.335e-07  HS65_LH_SDFPQX4
datapath_module/reg_file_module/reg_memory_reg[11][21]791   0.001198           0    0.001198   2.478e-07  HS65_LH_SDFPQX9
datapath_module/alu_module/mul_44_34/g37102  0.0005501   0.0006478    0.001198    1.12e-07  HS65_LH_HA1X4
datapath_module/alu_module/mul_44_34/FE_RC_391_0   0.000861   0.0003367    0.001198   1.072e-07  HS65_LH_AOI21X12
datapath_module/alu_module/sll_42_34/g19829  0.0002715   0.0009255    0.001197   6.629e-08  HS65_LH_MUX21I1X3
datapath_module/reg_file_module/g42607  0.0003097   0.0008864    0.001196   9.196e-08  HS65_LH_NAND4ABX3
datapath_module/reg_file_module/reg_memory_reg[15][23]1049   0.001196           0    0.001196    2.48e-07  HS65_LH_SDFPQX9
datapath_module/reg_file_module/reg_memory_reg[9][2]644   0.001195           0    0.001196   3.242e-07  HS65_LHS_SDFPQX18
datapath_module/reg_file_module/reg_memory_reg[8][0]578   0.001195           0    0.001195   2.868e-07  HS65_LH_SDFPHQX4
datapath_module/reg_file_module/reg_memory_reg[11][5]775   0.001194           0    0.001194   2.334e-07  HS65_LH_SDFPQX4
datapath_module/reg_file_module/reg_memory_reg[27][2]1796   0.001194           0    0.001194    2.46e-07  HS65_LH_SDFPQX9
datapath_module/alu_module/mul_44_34/FE_RC_208_0  0.0006887   0.0005049    0.001194    9.69e-08  HS65_LH_NAND2X14
datapath_module/reg_file_module/reg_memory_reg[17][7]1161   0.001193           0    0.001193    2.34e-07  HS65_LH_SDFPQX4
datapath_module/alu_module/mul_44_34/FE_RC_400_0  0.0004054   0.0007867    0.001192   1.539e-07  HS65_LH_IVX31
datapath_module/reg_file_module/reg_memory_reg[17][9]1163   0.001192           0    0.001192   2.337e-07  HS65_LH_SDFPQX4
datapath_module/alu_module/mul_44_34/FE_OFC534_read_data1_5  0.0004087   0.0007827    0.001192   2.513e-07  HS65_LH_IVX53
datapath_module/alu_module/mul_44_34/g36870  0.0003828   0.0008085    0.001191   6.858e-08  HS65_LHS_XNOR2X3
datapath_module/reg_file_module/reg_memory_reg[12][16]850   0.001191           0    0.001191    2.33e-07  HS65_LH_SDFPQX4
datapath_module/alu_module/mul_44_34/g37660  0.0002638   0.0009267    0.001191   1.224e-07  HS65_LH_IVX27
datapath_module/reg_file_module/g43215  0.0001181    0.001072     0.00119   1.138e-07  HS65_LH_BFX18
datapath_module/reg_file_module/reg_memory_reg[21][11]1421   0.001189           0    0.001189   2.327e-07  HS65_LH_SDFPQX4
datapath_module/reg_file_module/reg_memory_reg[3][4]262   0.001189           0    0.001189   2.344e-07  HS65_LH_SDFPQX4
datapath_module/reg_file_module/reg_memory_reg[6][22]472   0.001189           0    0.001189   2.472e-07  HS65_LH_SDFPQX9
datapath_module/alu_module/mul_44_34/g36247  0.0007079   0.0004807    0.001189   9.638e-08  HS65_LH_MUX21I1X6
datapath_module/reg_file_module/g43157  0.0007254   0.0004626    0.001188   4.155e-07  HS65_LH_AOI12X35
datapath_module/alu_module/sll_42_34/g19767  0.0005267   0.0006614    0.001188   6.307e-08  HS65_LH_AOI222X4
datapath_module/reg_file_module/FE_OCPC654_write_data_5  0.0003453   0.0008425    0.001188   9.974e-08  HS65_LH_BFX13
datapath_module/reg_file_module/reg_memory_reg[2][14]208   0.001188           0    0.001188   2.338e-07  HS65_LH_SDFPQX4
datapath_module/alu_module/mul_44_34/g37095  0.0005549   0.0006327    0.001188   1.124e-07  HS65_LH_HA1X4
datapath_module/alu_module/mul_44_34/g36600  0.0005317   0.0006548    0.001187   7.227e-08  HS65_LHS_XOR2X3
datapath_module/alu_module/mul_44_34/g36280  0.0006833   0.0005021    0.001186   1.153e-07  HS65_LHS_XOR3X2
datapath_module/reg_file_module/reg_memory_reg[1][0]130   0.001185           0    0.001185    2.87e-07  HS65_LH_SDFPHQX4
datapath_module/reg_file_module/reg_memory_reg[5][1]387   0.001185           0    0.001185   2.334e-07  HS65_LH_SDFPQX4
datapath_module/alu_module/mul_44_34/FE_OCPC1400_n_2255   0.000508    0.000677    0.001185   1.157e-07  HS65_LH_BFX18
datapath_module/reg_file_module/reg_memory_reg[11][16]786   0.001185           0    0.001185   2.334e-07  HS65_LH_SDFPQX4
datapath_module/reg_file_module/reg_memory_reg[18][31]1249   0.001184           0    0.001185   2.334e-07  HS65_LH_SDFPQX4
datapath_module/reg_file_module/reg_memory_reg[9][20]662   0.001184           0    0.001184   2.335e-07  HS65_LH_SDFPQX4
datapath_module/alu_module/sub_35_34/g27277  0.0005161   0.0006669    0.001183   2.188e-07  HS65_LH_NAND2AX29
datapath_module/reg_file_module/FE_USKC863_CTS_1  0.0007896   0.0003935    0.001183   9.958e-08  HS65_LH_BFX13
datapath_module/reg_file_module/FE_PHC1629_n_1191  0.0001552    0.001028    0.001183   2.911e-07  HS65_LH_BFX44
datapath_module/alu_module/mul_44_34/g36483   0.000229   0.0009538    0.001183   3.959e-08  HS65_LH_IVX9
datapath_module/alu_module/g7554  8.636e-05    0.001096    0.001183    7.22e-08  HS65_LH_NAND2X14
datapath_module/alu_module/mul_44_34/g39316    0.00059   0.0005922    0.001182   9.647e-08  HS65_LHS_XNOR2X6
datapath_module/reg_file_module/reg_memory_reg[21][4]1414   0.001181           0    0.001182    2.34e-07  HS65_LH_SDFPQX4
datapath_module/alu_module/mul_44_34/FE_RC_340_0  0.0005312   0.0006501    0.001181   9.387e-08  HS65_LH_AOI21X12
datapath_module/alu_module/mul_44_34/g37086  0.0002285   0.0009528    0.001181   3.081e-08  HS65_LH_NAND2X4
datapath_module/reg_file_module/FE_OFC7_scan_en  0.0001088    0.001072    0.001181    1.66e-07  HS65_LH_BFX27
IFU_module/PC_reg[4]            0.001037   0.0001438    0.001181   3.435e-07  HS65_LHS_SDFPRQNX18
datapath_module/reg_file_module/reg_memory_reg[4][18]340   0.001181           0    0.001181   3.247e-07  HS65_LHS_SDFPQX18
datapath_module/reg_file_module/reg_memory_reg[10][8]714    0.00118           0    0.001181   2.334e-07  HS65_LH_SDFPQX4
datapath_module/reg_file_module/reg_memory_reg[4][17]339    0.00118           0     0.00118   2.334e-07  HS65_LH_SDFPQX4
datapath_module/alu_module/mul_44_34/FE_OCPC612_n_158  0.0005882   0.0005917     0.00118   6.212e-08  HS65_LH_BFX9
datapath_module/alu_module/mul_44_34/g37321  0.0003485   0.0008303    0.001179   6.194e-08  HS65_LH_OA22X4
datapath_module/alu_module/mul_44_34/g38425  0.0004265   0.0007512    0.001178   5.209e-08  HS65_LH_OR2X4
datapath_module/alu_module/mul_44_34/g36251  0.0007042   0.0004718    0.001176   1.182e-07  HS65_LHS_XOR3X2
datapath_module/alu_module/FE_OFC569_read_data2_3  0.0003257   0.0008497    0.001176   2.541e-07  HS65_LH_IVX53
datapath_module/reg_file_module/reg_memory_reg[10][30]736   0.001175           0    0.001176   2.335e-07  HS65_LH_SDFPQX4
datapath_module/reg_file_module/FE_USKC839_CTS_30  0.0007914   0.0003831    0.001175   9.958e-08  HS65_LH_BFX13
datapath_module/alu_module/mul_44_34/FE_OCPC1347_n_60  0.0006559   0.0005184    0.001175   2.362e-07  HS65_LH_BFX35
datapath_module/reg_file_module/reg_memory_reg[14][10]972   0.001173           0    0.001174    2.33e-07  HS65_LH_SDFPQX4
datapath_module/reg_file_module/reg_memory_reg[12][9]843   0.001173           0    0.001173   2.329e-07  HS65_LH_SDFPQX4
datapath_module/reg_file_module/reg_memory_reg[10][20]726   0.001173           0    0.001173   2.335e-07  HS65_LH_SDFPQX4
datapath_module/alu_module/sll_42_34/FE_OCPC719_n_285  0.0001882   0.0009844    0.001173   6.248e-08  HS65_LH_BFX9
datapath_module/reg_file_module/reg_memory_reg[6][30]480   0.001172           0    0.001172   2.331e-07  HS65_LH_SDFPQX4
datapath_module/alu_module/mul_44_34/g37588   0.000423   0.0007491    0.001172   9.776e-08  HS65_LH_CBI4I6X9
datapath_module/reg_file_module/reg_memory_reg[28][1]1859   0.001172           0    0.001172   2.334e-07  HS65_LH_SDFPQX4
datapath_module/alu_module/mul_44_34/g36908  0.0006846   0.0004872    0.001172   1.174e-07  HS65_LHS_XOR3X2
datapath_module/alu_module/srl_43_34/g5855  0.0002327   0.0009386    0.001171   6.098e-08  HS65_LH_MUXI21X2
datapath_module/reg_file_module/reg_memory_reg[10][11]717    0.00117           0    0.001171   3.668e-07  HS65_LHS_SDFPQX27
datapath_module/reg_file_module/reg_memory_reg[1][19]149    0.00117           0     0.00117    3.23e-07  HS65_LHS_SDFPQX18
datapath_module/alu_module/mul_44_34/g36371  0.0006325   0.0005361    0.001169   7.101e-08  HS65_LH_NAND2X14
datapath_module/alu_module/srl_43_34/g5854  0.0005613   0.0006071    0.001169   1.122e-07  HS65_LH_MUX21X4
datapath_module/reg_file_module/reg_memory_reg[31][7]2057   0.001168           0    0.001168   2.327e-07  HS65_LH_SDFPQX4
datapath_module/reg_file_module/reg_memory_reg[4][0]322   0.001168           0    0.001168   2.876e-07  HS65_LH_SDFPHQX4
datapath_module/reg_file_module/reg_memory_reg[12][0]834   0.001167           0    0.001167   2.876e-07  HS65_LH_SDFPHQX4
datapath_module/alu_module/mul_44_34/g37016  0.0002205   0.0009465    0.001167   3.943e-08  HS65_LH_IVX9
datapath_module/alu_module/sub_35_34/FE_OCPC1086_n_14  0.0004073    0.000759    0.001166   6.249e-08  HS65_LH_BFX9
datapath_module/alu_module/mul_44_34/g36986  0.0006465   0.0005195    0.001166   1.352e-07  HS65_LH_FA1X4
datapath_module/reg_file_module/reg_memory_reg[10][29]735   0.001165           0    0.001165   2.335e-07  HS65_LH_SDFPQX4
datapath_module/alu_module/sub_35_34/g27366  0.0006751   0.0004897    0.001165   9.853e-08  HS65_LHS_XNOR2X6
datapath_module/alu_module/mul_44_34/g36245  0.0007091    0.000453    0.001162   9.782e-08  HS65_LHS_XNOR2X6
datapath_module/reg_file_module/reg_memory_reg[14][14]976   0.001161           0    0.001161   2.328e-07  HS65_LH_SDFPQX4
datapath_module/reg_file_module/reg_memory_reg[12][2]836   0.001161           0    0.001161   2.334e-07  HS65_LH_SDFPQX4
datapath_module/alu_module/mul_44_34/g37527  0.0001948   0.0009657    0.001161   8.122e-08  HS65_LH_IVX18
datapath_module/reg_file_module/reg_memory_reg[4][2]324    0.00116           0     0.00116   2.334e-07  HS65_LH_SDFPQX4
datapath_module/reg_file_module/reg_memory_reg[0][10]108   0.001159           0    0.001159   2.334e-07  HS65_LH_SDFPQX4
datapath_module/alu_module/mul_44_34/g36683  0.0004083   0.0007505    0.001159   6.903e-08  HS65_LHS_XNOR2X3
datapath_module/alu_module/srl_43_34/g5815  0.0003825   0.0007759    0.001158   6.488e-08  HS65_LH_AO222X4
datapath_module/reg_file_module/reg_memory_reg[6][18]468   0.001157           0    0.001157   2.329e-07  HS65_LH_SDFPQX4
datapath_module/reg_file_module/FE_USKC930_CTS_27  0.0007915   0.0003652    0.001157   9.958e-08  HS65_LH_BFX13
datapath_module/reg_file_module/reg_memory_reg[10][14]720   0.001156           0    0.001156   2.334e-07  HS65_LH_SDFPQX4
datapath_module/reg_file_module/FE_OCPC1044_n_2478  0.0004982   0.0006576    0.001156   4.015e-07  HS65_LH_BFX62
datapath_module/alu_module/mul_44_34/g39274  0.0007775   0.0003762    0.001154   1.748e-07  HS65_LH_MUX21I1X12
datapath_module/reg_file_module/reg_memory_reg[19][0]1282   0.001153           0    0.001153   2.895e-07  HS65_LH_SDFPHQX4
datapath_module/reg_file_module/reg_memory_reg[6][29]479   0.001153           0    0.001153    2.48e-07  HS65_LH_SDFPQX9
datapath_module/reg_file_module/FE_USKC874_CTS_2   0.000786   0.0003662    0.001152   9.958e-08  HS65_LH_BFX13
datapath_module/reg_file_module/reg_memory_reg[1][11]141   0.001152           0    0.001152   2.334e-07  HS65_LH_SDFPQX4
datapath_module/alu_module/mul_44_34/FE_RC_604_0  0.0006056   0.0005456    0.001151   9.778e-08  HS65_LHS_XNOR2X6
datapath_module/reg_file_module/reg_memory_reg[6][13]463   0.001151           0    0.001151   2.329e-07  HS65_LH_SDFPQX4
datapath_module/alu_module/mul_44_34/g36740  0.0005291    0.000621     0.00115   6.127e-08  HS65_LH_PAO2X4
datapath_module/reg_file_module/FE_OCPC1047_n_1167  0.0003852   0.0007644     0.00115   6.253e-08  HS65_LH_BFX9
datapath_module/alu_module/mul_44_34/g38479   0.000657   0.0004925     0.00115   9.831e-08  HS65_LHS_XNOR2X6
datapath_module/reg_file_module/FE_OCPC1093_n_1127  0.0003963   0.0007532     0.00115   6.251e-08  HS65_LH_BFX9
datapath_module/alu_module/FE_OCPC634_read_data2_5  0.0002521   0.0008971    0.001149   5.475e-08  HS65_LH_BFX7
datapath_module/alu_module/mul_44_34/g37103   0.000191   0.0009581    0.001149   3.962e-08  HS65_LH_IVX9
datapath_module/alu_module/mul_44_34/FE_OCPC652_n_28  0.0005883   0.0005599    0.001148   6.243e-08  HS65_LH_BFX9
datapath_module/reg_file_module/reg_memory_reg[4][29]351   0.001148           0    0.001148    2.48e-07  HS65_LH_SDFPQX9
datapath_module/reg_file_module/reg_memory_reg[3][0]258   0.001147           0    0.001148   2.881e-07  HS65_LH_SDFPHQX4
datapath_module/reg_file_module/reg_memory_reg[28][12]1870   0.001147           0    0.001147   2.341e-07  HS65_LH_SDFPQX4
datapath_module/reg_file_module/reg_memory_reg[12][21]855   0.001147           0    0.001147   2.478e-07  HS65_LH_SDFPQX9
datapath_module/reg_file_module/reg_memory_reg[10][28]734   0.001146           0    0.001147   2.335e-07  HS65_LH_SDFPQX4
datapath_module/alu_module/mul_44_34/g39196    0.00031    0.000836    0.001146   9.759e-08  HS65_LH_MUX21I1X6
datapath_module/alu_module/sll_42_34/g19757  0.0005017   0.0006441    0.001146   7.147e-08  HS65_LH_OAI212X5
datapath_module/reg_file_module/reg_memory_reg[14][5]967   0.001144           0    0.001144   2.333e-07  HS65_LH_SDFPQX4
datapath_module/alu_module/mul_44_34/FE_RC_166_0  0.0006545   0.0004894    0.001144   1.047e-07  HS65_LH_NOR2X13
datapath_module/alu_module/mul_44_34/FE_RC_325_0   0.000608   0.0005356    0.001144   1.317e-07  HS65_LH_NAND2X14
datapath_module/alu_module/mul_44_34/FE_RC_473_0  0.0005115   0.0006309    0.001143   2.003e-07  HS65_LH_NAND2X21
datapath_module/reg_file_module/reg_memory_reg[8][3]581   0.001142           0    0.001142   2.321e-07  HS65_LH_SDFPQX4
datapath_module/reg_file_module/g6665   0.001011   0.0001308    0.001142   1.559e-07  HS65_LH_MUX21I1X12
datapath_module/reg_file_module/reg_memory_reg[0][3]101   0.001141           0    0.001142   2.334e-07  HS65_LH_SDFPQX4
datapath_module/alu_module/srl_43_34/g5849   0.000356   0.0007853    0.001141   5.959e-08  HS65_LH_AO32X4
datapath_module/reg_file_module/reg_memory_reg[4][21]343    0.00114           0    0.001141   2.474e-07  HS65_LH_SDFPQX9
datapath_module/reg_file_module/reg_memory_reg[0][4]102    0.00114           0     0.00114   3.248e-07  HS65_LHS_SDFPQX18
datapath_module/reg_file_module/FE_OFC10_scan_en  0.0001087    0.001031     0.00114    1.66e-07  HS65_LH_BFX27
datapath_module/reg_file_module/FE_USKC1708_CTS_18  0.0003559   0.0007841     0.00114   4.374e-08  HS65_LH_BFX2
datapath_module/reg_file_module/reg_memory_reg[14][2]964   0.001139           0     0.00114   2.473e-07  HS65_LH_SDFPQX9
datapath_module/alu_module/mul_44_34/FE_RC_443_0  0.0002922    0.000847    0.001139   1.543e-07  HS65_LH_IVX31
datapath_module/reg_file_module/reg_memory_reg[5][14]400   0.001139           0    0.001139   2.327e-07  HS65_LH_SDFPQX4
datapath_module/reg_file_module/reg_memory_reg[9][16]658   0.001138           0    0.001139   3.234e-07  HS65_LHS_SDFPQX18
datapath_module/alu_module/mul_44_34/g37126  0.0004691   0.0006695    0.001139   5.995e-08  HS65_LH_PAO2X4
datapath_module/reg_file_module/reg_memory_reg[5][25]411   0.001138           0    0.001139   2.336e-07  HS65_LH_SDFPQX4
datapath_module/reg_file_module/FE_OFC3_scan_en  0.0001087     0.00103    0.001139    1.66e-07  HS65_LH_BFX27
datapath_module/reg_file_module/reg_memory_reg[11][14]784   0.001138           0    0.001138   2.332e-07  HS65_LH_SDFPQX4
datapath_module/reg_file_module/reg_memory_reg[15][12]1038   0.001138           0    0.001138   2.337e-07  HS65_LH_SDFPQX4
datapath_module/alu_module/mul_44_34/FE_OCPC1034_FE_RN_4   0.000701   0.0004367    0.001138    2.22e-07  HS65_LH_BFX31
datapath_module/reg_file_module/FE_USKC1157_CTS_27  0.0007954   0.0003415    0.001137   9.958e-08  HS65_LH_BFX13
datapath_module/alu_module/mul_44_34/FE_RC_184_0  0.0006651   0.0004718    0.001137   1.464e-07  HS65_LH_OA12X18
datapath_module/reg_file_module/reg_memory_reg[5][17]403   0.001137           0    0.001137   2.476e-07  HS65_LH_SDFPQX9
datapath_module/alu_module/FE_RC_539_0  0.0007048   0.0004316    0.001137   1.637e-07  HS65_LH_NOR2AX13
datapath_module/alu_module/srl_43_34/g5861  0.0002874   0.0008487    0.001136    6.03e-08  HS65_LH_AO32X4
datapath_module/reg_file_module/reg_memory_reg[22][10]1484   0.001136           0    0.001136   2.336e-07  HS65_LH_SDFPQX4
datapath_module/reg_file_module/reg_memory_reg[12][15]849   0.001136           0    0.001136   2.338e-07  HS65_LH_SDFPQX4
datapath_module/alu_module/sll_42_34/g19907  0.0001404   0.0009951    0.001136   4.894e-08  HS65_LH_AND2X4
datapath_module/reg_file_module/FE_OCPC1350_n_1109  0.0003824   0.0007526    0.001135    6.26e-08  HS65_LH_BFX9
datapath_module/alu_module/sll_42_34/g19850  0.0003841   0.0007505    0.001135   1.404e-07  HS65_LH_NAND2X29
datapath_module/reg_file_module/reg_memory_reg[9][4]646   0.001133           0    0.001134   3.681e-07  HS65_LHS_SDFPQX27
datapath_module/alu_module/add_34_34/FE_OFC130_n_167  0.0002682   0.0008653    0.001134   4.373e-08  HS65_LH_BFX2
datapath_module/alu_module/srl_43_34/g5845   0.000525   0.0006085    0.001134   6.513e-08  HS65_LH_AOI222X4
datapath_module/alu_module/mul_44_34/g38489  0.0007606   0.0003724    0.001133   9.888e-08  HS65_LHS_XNOR2X6
datapath_module/alu_module/mul_44_34/g36514  0.0001903   0.0009427    0.001133   3.353e-08  HS65_LH_IVX7
datapath_module/reg_file_module/reg_memory_reg[9][0]642   0.001131           0    0.001131   2.873e-07  HS65_LH_SDFPHQX4
datapath_module/reg_file_module/reg_memory_reg[0][9]107   0.001131           0    0.001131   2.334e-07  HS65_LH_SDFPQX4
datapath_module/reg_file_module/reg_memory_reg[11][19]789   0.001129           0     0.00113   2.473e-07  HS65_LH_SDFPQX9
datapath_module/alu_module/sub_35_34/g27374   0.000613   0.0005158    0.001129   9.761e-08  HS65_LHS_XNOR2X6
datapath_module/reg_file_module/reg_memory_reg[9][6]648   0.001129           0    0.001129   2.334e-07  HS65_LH_SDFPQX4
datapath_module/alu_module/mul_44_34/g36550  0.0005701   0.0005583    0.001128   8.126e-08  HS65_LH_NAND2AX7
datapath_module/alu_module/mul_44_34/g38674  0.0002173   0.0009108    0.001128   3.981e-08  HS65_LH_IVX9
datapath_module/alu_module/srl_43_34/FE_OCPC1276_n_561  0.0006116   0.0005162    0.001128   2.333e-07  HS65_LH_BFX35
datapath_module/alu_module/mul_44_34/FE_OFC568_n_1872  0.0001859    0.000942    0.001128   3.355e-08  HS65_LH_IVX7
datapath_module/reg_file_module/reg_memory_reg[12][22]856   0.001127           0    0.001127   2.336e-07  HS65_LH_SDFPQX4
datapath_module/alu_module/sub_35_34/g27308  0.0004253   0.0007017    0.001127   1.759e-07  HS65_LH_NAND2AX21
datapath_module/alu_module/g7584  0.0004207   0.0007063    0.001127   1.238e-07  HS65_LH_IVX27
datapath_module/reg_file_module/reg_memory_reg[5][8]394   0.001127           0    0.001127   2.335e-07  HS65_LH_SDFPQX4
datapath_module/reg_file_module/reg_memory_reg[10][27]733   0.001126           0    0.001126   2.332e-07  HS65_LH_SDFPQX4
datapath_module/reg_file_module/reg_memory_reg[4][20]342   0.001125           0    0.001126   3.232e-07  HS65_LHS_SDFPQX18
datapath_module/reg_file_module/reg_memory_reg[3][1]259   0.001125           0    0.001125   2.335e-07  HS65_LH_SDFPQX4
datapath_module/reg_file_module/reg_memory_reg[0][5]103   0.001095   3.003e-05    0.001125   3.183e-07  HS65_LH_SDFPRQTX9
datapath_module/reg_file_module/reg_memory_reg[10][23]729   0.001125           0    0.001125   2.334e-07  HS65_LH_SDFPQX4
datapath_module/reg_file_module/reg_memory_reg[4][19]341   0.001125           0    0.001125   2.332e-07  HS65_LH_SDFPQX4
IFU_module/PC_reg[2]           0.0009999   0.0001239    0.001124   3.435e-07  HS65_LHS_SDFPRQNX18
datapath_module/alu_module/mul_44_34/g36498  0.0005248   0.0005991    0.001124   6.227e-08  HS65_LH_PAO2X4
datapath_module/reg_file_module/reg_memory_reg[28][16]1874   0.001123           0    0.001124   2.335e-07  HS65_LH_SDFPQX4
datapath_module/alu_module/mul_44_34/FE_OFC242_n_955  0.0002567   0.0008669    0.001124   4.374e-08  HS65_LH_BFX2
datapath_module/reg_file_module/reg_memory_reg[29][12]1934   0.001123           0    0.001124   2.322e-07  HS65_LH_SDFPQX4
datapath_module/reg_file_module/reg_memory_reg[4][10]332   0.001123           0    0.001123   2.329e-07  HS65_LH_SDFPQX4
datapath_module/reg_file_module/reg_memory_reg[1][13]143   0.001123           0    0.001123   2.329e-07  HS65_LH_SDFPQX4
datapath_module/reg_file_module/FE_OCPC891_n_1101  0.0006812   0.0004404    0.001122   1.161e-07  HS65_LH_BFX18
datapath_module/reg_file_module/reg_memory_reg[11][0]770   0.001121           0    0.001121   2.875e-07  HS65_LH_SDFPHQX4
datapath_module/alu_module/mul_44_34/g37186  0.0006294   0.0004911    0.001121   8.896e-08  HS65_LH_AND2ABX9
datapath_module/alu_module/mul_44_34/g37593  0.0006807   0.0004394     0.00112   2.139e-07  HS65_LH_NAND2AX29
datapath_module/alu_module/mul_44_34/g36594  0.0006088   0.0005109     0.00112   6.238e-08  HS65_LH_NOR2X13
datapath_module/reg_file_module/reg_memory_reg[10][17]723   0.001119           0    0.001119   2.334e-07  HS65_LH_SDFPQX4
datapath_module/alu_module/mul_44_34/g37282  0.0003417    0.000777    0.001119   6.033e-08  HS65_LH_AO22X4
datapath_module/alu_module/mul_44_34/g37937  0.0001013    0.001017    0.001119   3.937e-08  HS65_LH_IVX9
datapath_module/alu_module/srl_43_34/g5870  0.0002283   0.0008903    0.001119   6.669e-08  HS65_LH_MUX21I1X3
datapath_module/alu_module/sub_35_34/g27187  0.0003623   0.0007558    0.001118   1.236e-07  HS65_LH_IVX27
datapath_module/reg_file_module/reg_memory_reg[10][22]728   0.001117           0    0.001117   2.476e-07  HS65_LH_SDFPQX9
datapath_module/alu_module/sll_42_34/g19741  0.0005584   0.0005577    0.001116   6.971e-08  HS65_LH_OAI212X5
datapath_module/alu_module/mul_44_34/g39200   0.000424    0.000692    0.001116   9.703e-08  HS65_LH_MUX21I1X6
datapath_module/reg_file_module/reg_memory_reg[5][10]396   0.001114           0    0.001114   2.323e-07  HS65_LH_SDFPQX4
datapath_module/reg_file_module/reg_memory_reg[10][9]715   0.001113           0    0.001114    3.67e-07  HS65_LHS_SDFPQX27
datapath_module/alu_module/mul_44_34/g37459  0.0002024   0.0009111    0.001113   5.312e-08  HS65_LH_AND2X4
datapath_module/reg_file_module/reg_memory_reg[1][15]145   0.001112           0    0.001112   2.474e-07  HS65_LH_SDFPQX9
datapath_module/alu_module/mul_44_34/g37644  0.0006168   0.0004955    0.001112   1.566e-07  HS65_LH_NAND2AX21
datapath_module/alu_module/mul_44_34/g37155  0.0003664   0.0007455    0.001112   6.815e-08  HS65_LHS_XNOR2X3
datapath_module/alu_module/sll_42_34/g19803  0.0004758   0.0006359    0.001112   1.871e-07  HS65_LH_OAI12X18
datapath_module/reg_file_module/reg_memory_reg[6][21]471   0.001111           0    0.001112   2.475e-07  HS65_LH_SDFPQX9
datapath_module/alu_module/sub_35_34/g27355  0.0006836   0.0004278    0.001112   9.854e-08  HS65_LHS_XNOR2X6
datapath_module/alu_module/mul_44_34/g37419  0.0003096   0.0008016    0.001111   1.267e-07  HS65_LH_NOR2X13
datapath_module/alu_module/mul_44_34/g36708  0.0002228   0.0008879    0.001111   3.952e-08  HS65_LH_IVX9
datapath_module/reg_file_module/reg_memory_reg[10][13]719    0.00111           0     0.00111   2.335e-07  HS65_LH_SDFPQX4
datapath_module/reg_file_module/reg_memory_reg[12][8]842   0.001109           0    0.001109   2.336e-07  HS65_LH_SDFPQX4
datapath_module/alu_module/mul_44_34/g38211  0.0006192   0.0004888    0.001108   2.391e-07  HS65_LH_OR2X35
datapath_module/alu_module/mul_44_34/g36253  0.0007206   0.0003862    0.001107   1.183e-07  HS65_LHS_XOR3X2
datapath_module/alu_module/mul_44_34/g37023  0.0002778   0.0008278    0.001106   7.145e-08  HS65_LHS_XNOR2X3
datapath_module/alu_module/mul_44_34/FE_OCPC750_n_1680  0.0005914    0.000514    0.001105   6.192e-08  HS65_LH_BFX9
datapath_module/alu_module/srl_43_34/g5906  0.0003889   0.0007157    0.001105   1.124e-07  HS65_LH_MUX21X4
datapath_module/reg_file_module/g6833  0.0009086   0.0001943    0.001103    1.53e-07  HS65_LH_MUX21I1X12
datapath_module/reg_file_module/reg_memory_reg[14][9]971   0.001103           0    0.001103   2.336e-07  HS65_LH_SDFPQX4
datapath_module/alu_module/mul_44_34/g36860  0.0003879    0.000714    0.001102   5.523e-08  HS65_LH_BFX7
datapath_module/reg_file_module/reg_memory_reg[10][26]732   0.001101           0    0.001102   2.475e-07  HS65_LH_SDFPQX9
datapath_module/reg_file_module/FE_OCPC1189_n_1123  0.0003362   0.0007651    0.001101   6.253e-08  HS65_LH_BFX9
datapath_module/reg_file_module/reg_memory_reg[9][24]666   0.001101           0    0.001101    3.23e-07  HS65_LHS_SDFPQX18
datapath_module/alu_module/mul_44_34/g36527  0.0001577   0.0009427      0.0011   2.304e-08  HS65_LH_NAND2X2
datapath_module/alu_module/mul_44_34/g37663_dup1  0.0006279   0.0004708    0.001099   1.765e-07  HS65_LH_NAND2X29
datapath_module/alu_module/mul_44_34/g37754_dup  0.0005858   0.0005111    0.001097   1.452e-07  HS65_LH_AO22X18
datapath_module/reg_file_module/reg_memory_reg[11][13]783   0.001097           0    0.001097    2.33e-07  HS65_LH_SDFPQX4
datapath_module/reg_file_module/reg_memory_reg[12][1]835   0.001096           0    0.001097   2.334e-07  HS65_LH_SDFPQX4
datapath_module/alu_module/mul_44_34/g37240  0.0008108   0.0002854    0.001096   1.222e-07  HS65_LH_AOI22X11
datapath_module/reg_file_module/reg_memory_reg[4][1]323   0.001096           0    0.001096   2.334e-07  HS65_LH_SDFPQX4
datapath_module/alu_module/srl_43_34/g5942  0.0006947   0.0004006    0.001096   2.968e-07  HS65_LH_NOR2X38
datapath_module/alu_module/mul_44_34/FE_OFC233_n_1058  0.0002336   0.0008616    0.001095   4.373e-08  HS65_LH_BFX2
datapath_module/alu_module/mul_44_34/g37107  0.0005653   0.0005295    0.001095   1.127e-07  HS65_LH_HA1X4
datapath_module/alu_module/mul_44_34/FE_OCPC1228_n_195  0.0006193   0.0004753    0.001095   1.659e-07  HS65_LH_BFX27
datapath_module/reg_file_module/FE_PHC1606_n_1070  0.0001137   0.0009795    0.001093   1.513e-07  HS65_LH_BFX22
datapath_module/reg_file_module/reg_memory_reg[8][7]585   0.001093           0    0.001093   2.335e-07  HS65_LH_SDFPQX4
datapath_module/alu_module/sll_42_34/g19732  0.0006554   0.0004377    0.001093   8.037e-08  HS65_LH_AO22X9
datapath_module/alu_module/FE_OFC54_read_data2_18   9.99e-05   0.0009931    0.001093    6.16e-08  HS65_LH_BFX9
datapath_module/reg_file_module/g6785  0.0008463   0.0002461    0.001093   1.542e-07  HS65_LH_MUX21I1X12
datapath_module/alu_module/FE_PSC1687_read_data2_1   0.000605   0.0004872    0.001092   2.207e-07  HS65_LH_BFX31
datapath_module/alu_module/mul_44_34/FE_RC_132_0  0.0004837   0.0006081    0.001092   8.306e-08  HS65_LH_NAND2AX7
datapath_module/alu_module/mul_44_34/g37352  0.0004904   0.0006007    0.001091   6.251e-08  HS65_LH_OA22X4
datapath_module/reg_file_module/reg_memory_reg[14][13]975   0.001091           0    0.001091   2.331e-07  HS65_LH_SDFPQX4
datapath_module/reg_file_module/reg_memory_reg[6][1]451    0.00109           0     0.00109   2.334e-07  HS65_LH_SDFPQX4
datapath_module/reg_file_module/FE_OFC13_scan_en  0.0001085   0.0009812     0.00109    1.66e-07  HS65_LH_BFX27
datapath_module/alu_module/mul_44_34/g36574  0.0005864   0.0005033     0.00109   1.305e-07  HS65_LH_NOR2X13
datapath_module/reg_file_module/g42668   0.000668   0.0004203    0.001089   3.855e-07  HS65_LH_OAI12X37
datapath_module/reg_file_module/reg_memory_reg[1][24]154   0.001088           0    0.001088   2.328e-07  HS65_LH_SDFPQX4
datapath_module/reg_file_module/FE_USKC859_CTS_47  0.0007948   0.0002926    0.001088   9.958e-08  HS65_LH_BFX13
datapath_module/alu_module/mul_44_34/FE_RC_752_0  0.0006417   0.0004453    0.001087    1.87e-07  HS65_LH_AOI12X17
datapath_module/alu_module/sll_42_34/g19795  0.0005465   0.0005399    0.001087   9.798e-08  HS65_LH_MUX21I1X6
datapath_module/alu_module/mul_44_34/g38529  0.0007043   0.0003811    0.001086   1.796e-07  HS65_LH_MUX21I1X12
datapath_module/reg_file_module/reg_memory_reg[10][2]708   0.001085           0    0.001085   2.334e-07  HS65_LH_SDFPQX4
datapath_module/reg_file_module/FE_RC_548_0   0.000638   0.0004457    0.001084   5.622e-07  HS65_LH_AND4X25
datapath_module/reg_file_module/reg_memory_reg[0][8]106   0.001083           0    0.001084   2.332e-07  HS65_LH_SDFPQX4
datapath_module/reg_file_module/g7022  0.0009484   0.0001346    0.001083   1.574e-07  HS65_LH_MUX21I1X12
datapath_module/reg_file_module/g7445  0.0001622   0.0009202    0.001083   1.387e-07  HS65_LH_NOR2AX13
datapath_module/reg_file_module/g42546  0.0007434   0.0003386    0.001082   4.281e-07  HS65_LH_OAI12X37
datapath_module/alu_module/mul_44_34/g38587  0.0004003   0.0006813    0.001082   9.696e-08  HS65_LH_MUX21I1X6
datapath_module/alu_module/srl_43_34/g5839  0.0003823   0.0006991    0.001081    4.58e-08  HS65_LH_AOI222X2
datapath_module/alu_module/srl_43_34/g5798  0.0005332   0.0005469     0.00108   9.546e-08  HS65_LH_CBI4I1X11
datapath_module/reg_file_module/reg_memory_reg[17][1]1155    0.00108           0     0.00108   2.325e-07  HS65_LH_SDFPQX4
datapath_module/alu_module/sll_42_34/g19825  0.0003214   0.0007576    0.001079   6.757e-08  HS65_LH_MUX21I1X3
datapath_module/reg_file_module/reg_memory_reg[0][11]109   0.001079           0    0.001079   2.335e-07  HS65_LH_SDFPQX4
datapath_module/alu_module/mul_44_34/g36700  0.0001842   0.0008942    0.001078   3.365e-08  HS65_LH_NOR2X3
datapath_module/alu_module/mul_44_34/FE_OCPC1413_n_1676  0.0005876   0.0004906    0.001078   6.255e-08  HS65_LH_BFX9
datapath_module/alu_module/mul_44_34/g37034  0.0004192   0.0006589    0.001078   6.011e-08  HS65_LH_PAO2X4
datapath_module/reg_file_module/reg_memory_reg[8][4]582   0.001078           0    0.001078   2.359e-07  HS65_LH_SDFPQX4
datapath_module/reg_file_module/reg_memory_reg[10][16]722   0.001076           0    0.001077   2.329e-07  HS65_LH_SDFPQX4
datapath_module/alu_module/add_34_34/g7555  0.0001653   0.0009112    0.001077    3.93e-08  HS65_LH_IVX9
datapath_module/alu_module/mul_44_34/g39324  0.0006324   0.0004425    0.001075   1.742e-07  HS65_LH_MUX21I1X12
datapath_module/alu_module/mul_44_34/g36421  0.0001506   0.0009237    0.001074   2.785e-08  HS65_LH_IVX4
datapath_module/alu_module/sll_42_34/FE_OFC547_n_97  0.0002748   0.0007991    0.001074    1.23e-07  HS65_LH_IVX27
datapath_module/alu_module/mul_44_34/g38354  8.406e-05   0.0009899    0.001074   3.352e-08  HS65_LH_IVX7
datapath_module/reg_file_module/reg_memory_reg[31][12]2062   0.001073           0    0.001073   2.319e-07  HS65_LH_SDFPQX4
datapath_module/alu_module/mul_44_34/FE_OCPC787_n_146  0.0005914   0.0004796    0.001071   6.224e-08  HS65_LH_BFX9
datapath_module/alu_module/mul_44_34/FE_OFC179_n_1082  0.0002268   0.0008432     0.00107   4.373e-08  HS65_LH_BFX2
datapath_module/alu_module/mul_44_34/g37084  0.0001453   0.0009234    0.001069   2.441e-08  HS65_LH_NAND2X2
datapath_module/alu_module/mul_44_34/g36575  0.0005566   0.0005116    0.001068   1.068e-07  HS65_LH_NAND2X11
datapath_module/alu_module/FE_OCPC710_read_data2_1  0.0005304   0.0005369    0.001067   1.652e-07  HS65_LH_BFX27
datapath_module/alu_module/mul_44_34/FE_OCPC704_n_820  0.0002826   0.0007844    0.001067   6.189e-08  HS65_LH_BFX9
datapath_module/alu_module/mul_44_34/g37125   0.000189   0.0008773    0.001066    3.25e-08  HS65_LH_PAOI2X1
datapath_module/reg_file_module/reg_memory_reg[10][21]727   0.001064           0    0.001064   2.479e-07  HS65_LH_SDFPQX9
datapath_module/reg_file_module/reg_memory_reg[9][25]667   0.001064           0    0.001064   2.329e-07  HS65_LH_SDFPQX4
datapath_module/alu_module/drc_bufs7615  3.214e-05    0.001031    0.001063   4.006e-08  HS65_LH_IVX9
datapath_module/reg_file_module/reg_memory_reg[10][12]718   0.001063           0    0.001063   2.335e-07  HS65_LH_SDFPQX4
datapath_module/alu_module/g7657   0.000362   0.0007008    0.001063   7.881e-08  HS65_LH_AO12X9
datapath_module/reg_file_module/reg_memory_reg[6][12]462   0.001062           0    0.001062   2.322e-07  HS65_LH_SDFPQX4
datapath_module/alu_module/g7363  0.0003899   0.0006723    0.001062   8.361e-08  HS65_LH_AO212X4
datapath_module/alu_module/mul_44_34/g37104  0.0005755   0.0004865    0.001062    1.12e-07  HS65_LH_HA1X4
datapath_module/reg_file_module/g6891   0.000936   0.0001258    0.001062   1.539e-07  HS65_LH_MUX21I1X12
datapath_module/alu_module/FE_OCPC680_read_data2_4  0.0001896   0.0008723    0.001062   6.197e-08  HS65_LH_BFX9
datapath_module/alu_module/mul_44_34/FE_RC_359_0  0.0002213   0.0008406    0.001062   3.962e-08  HS65_LH_IVX9
datapath_module/alu_module/mul_44_34/g36867  0.0002347    0.000827    0.001062   3.945e-08  HS65_LH_IVX9
datapath_module/reg_file_module/g6625  0.0009211   0.0001401    0.001061   1.544e-07  HS65_LH_MUX21I1X12
datapath_module/alu_module/add_34_34/g7539  0.0004827   0.0005783    0.001061   6.263e-08  HS65_LH_AOI312X4
datapath_module/alu_module/mul_44_34/g37118  0.0005228   0.0005381    0.001061    6.08e-08  HS65_LH_PAO2X4
datapath_module/reg_file_module/reg_memory_reg[14][22]984    0.00106           0     0.00106   2.331e-07  HS65_LH_SDFPQX4
datapath_module/alu_module/mul_44_34/g38414  0.0004614   0.0005979    0.001059   6.335e-08  HS65_LH_OR2X4
datapath_module/reg_file_module/reg_memory_reg[31][18]2068   0.001057           0    0.001058   2.316e-07  HS65_LH_SDFPQX4
datapath_module/alu_module/g7533  0.0007846   0.0002729    0.001058   1.891e-07  HS65_LH_AOI22X22
datapath_module/alu_module/mul_44_34/FE_OCPC1469_n_2107  0.0005706   0.0004869    0.001058    6.21e-08  HS65_LH_BFX9
datapath_module/alu_module/mul_44_34/FE_OCPC1448_n_558  0.0003687    0.000688    0.001057   6.234e-08  HS65_LH_BFX9
datapath_module/alu_module/srl_43_34/g5947  0.0001349   0.0009216    0.001057   4.628e-08  HS65_LH_NOR2X6
datapath_module/alu_module/mul_44_34/FE_OCPC690_FE_RN_4  0.0003168   0.0007393    0.001056   9.963e-08  HS65_LH_BFX13
datapath_module/alu_module/mul_44_34/FE_OCPC734_n_70  0.0006202   0.0004357    0.001056   2.214e-07  HS65_LH_BFX31
datapath_module/alu_module/add_34_34/FE_OFC213_n_157   0.000244   0.0008114    0.001055   4.373e-08  HS65_LH_BFX2
datapath_module/reg_file_module/reg_memory_reg[22][6]1480   0.001055           0    0.001055   2.324e-07  HS65_LH_SDFPQX4
datapath_module/alu_module/add_34_34/g7559  0.0002286   0.0008262    0.001055   1.219e-07  HS65_LH_IVX27
datapath_module/reg_file_module/FE_USKC876_CTS_10  0.0007902   0.0002637    0.001054   9.958e-08  HS65_LH_BFX13
datapath_module/reg_file_module/reg_memory_reg[0][0]98   0.001053           0    0.001054   2.873e-07  HS65_LH_SDFPHQX4
datapath_module/reg_file_module/reg_memory_reg[10][0]706   0.001053           0    0.001054   2.874e-07  HS65_LH_SDFPHQX4
datapath_module/alu_module/add_34_34/g7599  0.0005451   0.0005082    0.001053   1.483e-07  HS65_LH_OA12X18
datapath_module/alu_module/mul_44_34/g36638  0.0001626   0.0008903    0.001053   2.521e-08  HS65_LH_NOR2X2
datapath_module/reg_file_module/reg_memory_reg[14][15]977   0.001052           0    0.001052   2.468e-07  HS65_LH_SDFPQX9
datapath_module/alu_module/mul_44_34/FE_OFC205_n_903  0.0002217   0.0008297    0.001051   4.373e-08  HS65_LH_BFX2
datapath_module/alu_module/sub_35_34/FE_RC_556_0  0.0005168   0.0005342    0.001051   1.654e-07  HS65_LH_NOR3X13
datapath_module/reg_file_module/reg_memory_reg[9][10]652   0.001051           0    0.001051   2.328e-07  HS65_LH_SDFPQX4
datapath_module/alu_module/mul_44_34/g36749  0.0006206   0.0004291     0.00105   6.666e-08  HS65_LH_NAND2X14
datapath_module/alu_module/sll_42_34/g19765  0.0004972   0.0005525     0.00105   7.031e-08  HS65_LH_AOI212X4
datapath_module/alu_module/sll_42_34/g19819  0.0002159   0.0008337     0.00105   6.234e-08  HS65_LH_MUXI21X2
datapath_module/reg_file_module/g6340  0.0009296   0.0001196    0.001049   1.572e-07  HS65_LH_MUX21I1X12
datapath_module/reg_file_module/FE_OCPC1094_write_data_18  0.0003965   0.0006527    0.001049   6.257e-08  HS65_LH_BFX9
datapath_module/alu_module/g7658  0.0004106   0.0006385    0.001049   7.846e-08  HS65_LH_AO12X9
datapath_module/alu_module/FE_RC_453_0   0.000725   0.0003236    0.001049   2.207e-07  HS65_LH_AOI21X23
datapath_module/reg_file_module/reg_memory_reg[19][9]1291   0.001049           0    0.001049   2.324e-07  HS65_LH_SDFPQX4
datapath_module/reg_file_module/reg_memory_reg[1][9]139   0.001049           0    0.001049   2.325e-07  HS65_LH_SDFPQX4
datapath_module/alu_module/mul_44_34/g37445  0.0001731   0.0008752    0.001048   4.349e-08  HS65_LH_OAI21X3
datapath_module/reg_file_module/g6836  0.0009256    0.000122    0.001048   1.539e-07  HS65_LH_MUX21I1X12
datapath_module/reg_file_module/reg_memory_reg[9][15]657   0.001047           0    0.001048   3.656e-07  HS65_LHS_SDFPQX27
datapath_module/reg_file_module/g6296  0.0009468   9.986e-05    0.001047   1.542e-07  HS65_LH_MUX21I1X12
datapath_module/reg_file_module/FE_OCPC985_n_1133  0.0003986   0.0006477    0.001046   6.257e-08  HS65_LH_BFX9
datapath_module/alu_module/mul_44_34/FE_RC_382_0  0.0005301   0.0005155    0.001046   6.624e-08  HS65_LH_NAND2X14
datapath_module/reg_file_module/FE_USKC937_CTS_16  0.0007844     0.00026    0.001045   9.958e-08  HS65_LH_BFX13
datapath_module/reg_file_module/g6289  0.0008949   0.0001483    0.001043   1.542e-07  HS65_LH_MUX21I1X12
datapath_module/reg_file_module/reg_memory_reg[11][12]782   0.001043           0    0.001043   2.337e-07  HS65_LH_SDFPQX4
datapath_module/reg_file_module/reg_memory_reg[22][9]1483   0.001042           0    0.001043   2.316e-07  HS65_LH_SDFPQX4
datapath_module/alu_module/sub_35_34/g27055  0.0005472   0.0004945    0.001042   6.453e-08  HS65_LH_AOI212X4
datapath_module/alu_module/g7399  0.0003175   0.0007239    0.001042   1.055e-07  HS65_LH_MX41X4
datapath_module/reg_file_module/reg_memory_reg[17][26]1180   0.001041           0    0.001041   2.322e-07  HS65_LH_SDFPQX4
datapath_module/reg_file_module/reg_memory_reg[5][13]399   0.001041           0    0.001041   2.318e-07  HS65_LH_SDFPQX4
datapath_module/alu_module/g7424  0.0002569   0.0007834     0.00104   1.048e-07  HS65_LH_MX41X4
datapath_module/alu_module/mul_44_34/g37754  0.0005857   0.0004543     0.00104   1.452e-07  HS65_LH_AO22X18
datapath_module/alu_module/mul_44_34/g37566  0.0004691   0.0005708     0.00104   1.604e-07  HS65_LH_NAND2AX21
datapath_module/alu_module/mul_44_34/g36551  0.0004985   0.0005407    0.001039   7.228e-08  HS65_LH_NOR2X13
datapath_module/reg_file_module/g6896  0.0008814   0.0001571    0.001039   1.539e-07  HS65_LH_MUX21I1X12
datapath_module/reg_file_module/FE_USKC936_CTS_16  0.0007905   0.0002465    0.001037   9.958e-08  HS65_LH_BFX13
datapath_module/reg_file_module/FE_RC_450_0  0.0003581   0.0006787    0.001037   2.591e-07  HS65_LH_NOR2X25
datapath_module/reg_file_module/reg_memory_reg[6][10]460   0.001035           0    0.001036   2.327e-07  HS65_LH_SDFPQX4
datapath_module/reg_file_module/reg_memory_reg[22][11]1485   0.001035           0    0.001036   2.329e-07  HS65_LH_SDFPQX4
datapath_module/alu_module/add_34_34/g7549  0.0003802   0.0006552    0.001035   9.766e-08  HS65_LHS_XNOR2X6
datapath_module/alu_module/mul_44_34/g36252  0.0007077   0.0003275    0.001035   1.182e-07  HS65_LHS_XOR3X2
datapath_module/reg_file_module/reg_memory_reg[9][14]656   0.001035           0    0.001035   2.327e-07  HS65_LH_SDFPQX4
datapath_module/alu_module/srl_43_34/g6228  0.0005678   0.0004666    0.001034   9.819e-08  HS65_LH_CBI4I1X11
datapath_module/reg_file_module/reg_memory_reg[10][1]707   0.001033           0    0.001033   2.334e-07  HS65_LH_SDFPQX4
datapath_module/alu_module/add_34_34/g7551  0.0004798   0.0005532    0.001033   1.132e-07  HS65_LH_NAND2X29
datapath_module/alu_module/mul_44_34/g36320  0.0006872    0.000345    0.001032   1.171e-07  HS65_LHS_XOR3X2
datapath_module/reg_file_module/FE_USKC931_CTS_27  0.0007949   0.0002371    0.001032   9.958e-08  HS65_LH_BFX13
datapath_module/reg_file_module/reg_memory_reg[8][5]583   0.001015   1.693e-05    0.001032   3.191e-07  HS65_LH_SDFPRQTX9
datapath_module/reg_file_module/reg_memory_reg[9][22]664   0.001031           0    0.001031   2.335e-07  HS65_LH_SDFPQX4
datapath_module/alu_module/mul_44_34/g37329  0.0003521   0.0006792    0.001031   6.051e-08  HS65_LH_AO22X4
datapath_module/reg_file_module/FE_USKC934_CTS_37  0.0007873   0.0002437    0.001031   9.958e-08  HS65_LH_BFX13
datapath_module/alu_module/sll_42_34/g19776  0.0004576   0.0005732    0.001031   7.114e-08  HS65_LH_AOI212X4
datapath_module/alu_module/g7397  0.0003159   0.0007146    0.001031   1.066e-07  HS65_LH_MX41X4
datapath_module/reg_file_module/g6291  0.0009339   9.633e-05     0.00103   1.543e-07  HS65_LH_MUX21I1X12
datapath_module/reg_file_module/reg_memory_reg[11][18]788    0.00103           0     0.00103   2.334e-07  HS65_LH_SDFPQX4
datapath_module/alu_module/mul_44_34/g37465  0.0001958   0.0008341     0.00103   5.187e-08  HS65_LH_AND2X4
datapath_module/reg_file_module/FE_USKC846_CTS_48  0.0007952   0.0002345     0.00103   9.958e-08  HS65_LH_BFX13
datapath_module/alu_module/mul_44_34/FE_OCPC1125_n_1784  0.0007921   0.0002376     0.00103   9.929e-08  HS65_LH_BFX13
datapath_module/alu_module/mul_44_34/g37709_dup  0.0002765   0.0007518    0.001028   8.044e-08  HS65_LH_NOR2X13
datapath_module/alu_module/mul_44_34/FE_OCPC1132_n_132  0.0005851   0.0004426    0.001028   6.213e-08  HS65_LH_BFX9
datapath_module/alu_module/add_34_34/FE_OFC101_n_162  0.0001869   0.0008409    0.001028   4.372e-08  HS65_LH_BFX2
datapath_module/reg_file_module/reg_memory_reg[31][8]2058   0.001027           0    0.001027   2.316e-07  HS65_LH_SDFPQX4
datapath_module/reg_file_module/reg_memory_reg[5][11]397   0.001027           0    0.001027   2.464e-07  HS65_LH_SDFPQX9
datapath_module/alu_module/mul_44_34/g37148  0.0003521   0.0006746    0.001027   6.983e-08  HS65_LHS_XOR2X3
datapath_module/alu_module/srl_43_34/g5879  0.0002096    0.000817    0.001027   6.173e-08  HS65_LH_MUXI21X2
datapath_module/alu_module/sub_35_34/g27260  0.0005218   0.0005016    0.001024   2.261e-07  HS65_LH_NAND2AX29
datapath_module/alu_module/mul_44_34/g37511  0.0001869   0.0008338    0.001021    3.22e-08  HS65_LH_NAND2X7
datapath_module/alu_module/mul_44_34/g37900  0.0001413   0.0008785     0.00102   3.943e-08  HS65_LH_IVX9
datapath_module/alu_module/mul_44_34/g37198  0.0005633   0.0004563     0.00102   1.655e-07  HS65_LH_NAND2X43
datapath_module/reg_file_module/reg_memory_reg[6][8]458   0.001019           0     0.00102   2.333e-07  HS65_LH_SDFPQX4
datapath_module/alu_module/sub_35_34/g27362  0.0006046   0.0004146    0.001019   9.955e-08  HS65_LHS_XNOR2X6
datapath_module/alu_module/mul_44_34/FE_OCPC660_n_60  0.0002035   0.0008155    0.001019   6.247e-08  HS65_LH_BFX9
datapath_module/alu_module/mul_44_34/g37836  0.0002496   0.0007689    0.001019   1.536e-07  HS65_LH_IVX31
datapath_module/reg_file_module/reg_memory_reg[10][15]721   0.001017           0    0.001018   2.336e-07  HS65_LH_SDFPQX4
datapath_module/alu_module/sub_35_34/g27067  0.0003643    0.000652    0.001016   4.294e-08  HS65_LH_OAI13X5
datapath_module/reg_file_module/g42594   0.000144   0.0008722    0.001016   7.026e-08  HS65_LH_NAND3X5
datapath_module/reg_file_module/reg_memory_reg[10][10]716   0.001015           0    0.001016   2.332e-07  HS65_LH_SDFPQX4
datapath_module/alu_module/mul_44_34/FE_OFC268_n_992  0.0002334   0.0007816    0.001015   4.373e-08  HS65_LH_BFX2
datapath_module/alu_module/mul_44_34/FE_OFC214_n_900  0.0002041   0.0008108    0.001015   4.373e-08  HS65_LH_BFX2
datapath_module/alu_module/sll_42_34/g19805  0.0003732   0.0006409    0.001014   6.661e-08  HS65_LH_AOI212X4
datapath_module/alu_module/sll_42_34/g19794  0.0004865   0.0005272    0.001014   5.893e-08  HS65_LH_AOI22X6
datapath_module/reg_file_module/reg_memory_reg[4][8]330   0.001013           0    0.001014   2.332e-07  HS65_LH_SDFPQX4
datapath_module/reg_file_module/FE_RC_397_0  0.0003782    0.000635    0.001013   2.818e-07  HS65_LH_NAND2X43
datapath_module/reg_file_module/reg_memory_reg[0][7]105   0.001012           0    0.001012   2.327e-07  HS65_LH_SDFPQX4
datapath_module/reg_file_module/FE_RC_128_0  0.0006546   0.0003572    0.001012   3.387e-07  HS65_LH_OAI12X49
datapath_module/alu_module/mul_44_34/g37448  0.0005226   0.0004894    0.001012    6.28e-08  HS65_LH_OA22X4
datapath_module/alu_module/sub_35_34/g27132  0.0007319   0.0002798    0.001012   1.903e-07  HS65_LH_OAI12X18
datapath_module/alu_module/mul_44_34/FE_RC_772_0  0.0002309   0.0007805    0.001011   3.952e-08  HS65_LH_IVX9
datapath_module/reg_file_module/reg_memory_reg[5][9]395   0.001011           0    0.001011   2.319e-07  HS65_LH_SDFPQX4
datapath_module/alu_module/mul_44_34/FE_OCPC1451_n_72   0.000233   0.0007781    0.001011   6.232e-08  HS65_LH_BFX9
datapath_module/alu_module/mul_44_34/g38527  0.0005822   0.0004288    0.001011   9.893e-08  HS65_LHS_XNOR2X6
datapath_module/alu_module/sll_42_34/g19730  0.0006304     0.00038    0.001011   9.143e-08  HS65_LH_MUX21I1X6
datapath_module/alu_module/mul_44_34/FE_RC_544_0  0.0005505   0.0004583    0.001009   2.369e-07  HS65_LH_NAND2AX29
datapath_module/alu_module/mul_44_34/FE_PSC1693_FE_OCPN1001_FE_OFN426_read_data1_4  0.0001638   0.0008448    0.001009   6.207e-08  HS65_LH_BFX9
datapath_module/alu_module/sub_35_34/g27368  0.0006771   0.0003311    0.001008   9.772e-08  HS65_LHS_XNOR2X6
datapath_module/reg_file_module/FE_PHC1603_n_1069  0.0001621   0.0008448    0.001007   2.245e-07  HS65_LH_BFX31
datapath_module/alu_module/mul_44_34/g36573  0.0006077   0.0003986    0.001006   7.065e-08  HS65_LH_NAND2X14
datapath_module/alu_module/mul_44_34/g36909  0.0005186   0.0004877    0.001006   6.459e-08  HS65_LH_PAO2X4
datapath_module/alu_module/add_34_34/g7675  0.0003575   0.0006484    0.001006   1.431e-07  HS65_LH_NOR2X19
datapath_module/reg_file_module/reg_memory_reg[10][25]731   0.001006           0    0.001006   2.331e-07  HS65_LH_SDFPQX4
datapath_module/alu_module/mul_44_34/FE_OFC271_n_970  0.0002565   0.0007484    0.001005   4.375e-08  HS65_LH_BFX2
datapath_module/reg_file_module/g42694  0.0001581   0.0008467    0.001005   9.409e-08  HS65_LH_NAND3X6
datapath_module/reg_file_module/reg_memory_reg[31][19]2069   0.001003           0    0.001004   2.457e-07  HS65_LH_SDFPQX9
datapath_module/alu_module/add_34_34/g7725  0.0007883   0.0002152    0.001004   2.145e-07  HS65_LH_NAND2AX21
datapath_module/reg_file_module/g6559  0.0008905   0.0001127    0.001003   1.544e-07  HS65_LH_MUX21I1X12
datapath_module/reg_file_module/reg_memory_reg[1][1]131   0.001003           0    0.001003   2.338e-07  HS65_LH_SDFPQX4
datapath_module/alu_module/FE_OFC56_read_data2_14  8.773e-05   0.0009155    0.001003   6.168e-08  HS65_LH_BFX9
datapath_module/reg_file_module/reg_memory_reg[0][6]104  0.0009723   3.043e-05    0.001003    3.19e-07  HS65_LH_SDFPRQTX9
datapath_module/reg_file_module/reg_memory_reg[4][9]331   0.001003           0    0.001003   3.651e-07  HS65_LHS_SDFPQX27
datapath_module/alu_module/mul_44_34/g38535  0.0003028   0.0006998    0.001003   9.746e-08  HS65_LH_MUX21I1X6
datapath_module/alu_module/mul_44_34/g36433  0.0005266   0.0004759    0.001003   6.234e-08  HS65_LH_PAO2X4
datapath_module/alu_module/mul_44_34/g37232  0.0001722   0.0008302    0.001002    3.93e-08  HS65_LH_IVX9
datapath_module/alu_module/add_34_34/g7533  0.0004099   0.0005924    0.001002   6.993e-08  HS65_LHS_XNOR2X3
datapath_module/alu_module/mul_44_34/fopt39189  9.956e-05   0.0009023    0.001002   7.926e-08  HS65_LH_IVX18
datapath_module/reg_file_module/reg_memory_reg[6][2]452   0.001001           0    0.001001   2.314e-07  HS65_LH_SDFPQX4
datapath_module/alu_module/mul_44_34/g37105  0.0005189   0.0004821    0.001001   1.122e-07  HS65_LH_HA1X4
datapath_module/alu_module/mul_44_34/FE_OCPC780_read_data1_4    0.00034   0.0006607    0.001001   2.959e-07  HS65_LH_IVX62
control_module/alu_control_reg[0]  0.0003745   0.0006264    0.001001   1.372e-07  HS65_LH_LDLQX9
datapath_module/reg_file_module/FE_OFC18_scan_en  7.225e-05   0.0009272   0.0009996   1.154e-07  HS65_LH_BFX18
datapath_module/alu_module/drc_bufs7616  3.197e-05   0.0009674   0.0009994   4.006e-08  HS65_LH_IVX9
datapath_module/reg_file_module/FE_USKC861_CTS_33  0.0007914   0.0002074   0.0009989   9.958e-08  HS65_LH_BFX13
datapath_module/reg_file_module/g6826  0.0008909   0.0001074   0.0009984   1.542e-07  HS65_LH_MUX21I1X12
datapath_module/reg_file_module/FE_USKC924_CTS_6  0.0007967   0.0002015   0.0009984   9.958e-08  HS65_LH_BFX13
datapath_module/alu_module/sub_35_34/g27113  0.0001993    0.000799   0.0009983   3.932e-08  HS65_LH_IVX9
datapath_module/reg_file_module/reg_memory_reg[9][23]665  0.0009979           0   0.0009983   3.225e-07  HS65_LHS_SDFPQX18
datapath_module/reg_file_module/g6072  0.0008795   0.0001176   0.0009973   1.544e-07  HS65_LH_MUX21I1X12
datapath_module/alu_module/mul_44_34/g37734  0.0006087    0.000387   0.0009959   2.138e-07  HS65_LH_AND2X27
datapath_module/alu_module/sll_42_34/g19749  0.0005622   0.0004336   0.0009959   9.085e-08  HS65_LH_MUX21I1X6
datapath_module/reg_file_module/g43352  0.0004624   0.0005331   0.0009958   3.131e-07  HS65_LH_NAND2X43
datapath_module/alu_module/add_34_34/g7641  0.0002067   0.0007884   0.0009952   5.944e-08  HS65_LH_NAND2X7
datapath_module/alu_module/sll_42_34/g19806  0.0004436   0.0005512   0.0009949    7.06e-08  HS65_LH_AO222X4
datapath_module/alu_module/mul_44_34/g36940  0.0003219   0.0006727   0.0009947   6.894e-08  HS65_LHS_XOR2X3
datapath_module/alu_module/add_34_34/g7481  0.0004259   0.0005686   0.0009945   6.941e-08  HS65_LHS_XNOR2X3
datapath_module/reg_file_module/FE_USKC851_CTS_44  0.0007924   0.0002012   0.0009937   9.958e-08  HS65_LH_BFX13
datapath_module/alu_module/srl_43_34/g5902    0.00015   0.0008435   0.0009935   6.152e-08  HS65_LH_MUXI21X2
datapath_module/alu_module/mul_44_34/FE_RC_326_0  0.0004836   0.0005092   0.0009928   5.084e-08  HS65_LH_OAI12X6
datapath_module/reg_file_module/reg_memory_reg[9][7]649  0.0009916           0   0.0009918   2.331e-07  HS65_LH_SDFPQX4
datapath_module/alu_module/mul_44_34/g36702  0.0002344    0.000757   0.0009915   3.331e-08  HS65_LH_NAND2X4
datapath_module/alu_module/mul_44_34/FE_OCPC1226_n_2255  0.0002963   0.0006948   0.0009911   6.235e-08  HS65_LH_BFX9
datapath_module/reg_file_module/FE_USKC921_CTS_47   0.000798    0.000192   0.0009901   9.958e-08  HS65_LH_BFX13
datapath_module/alu_module/sll_42_34/g19778  0.0003154   0.0006744   0.0009899   1.026e-07  HS65_LH_MUX21I1X6
datapath_module/reg_file_module/g7229  0.0001238   0.0008658   0.0009898   1.684e-07  HS65_LH_BFX27
datapath_module/reg_file_module/g6161  0.0008526   0.0001362   0.0009889   1.547e-07  HS65_LH_MUX21I1X12
datapath_module/alu_module/sub_35_34/g27111  0.0005669   0.0004219   0.0009889    1.27e-07  HS65_LH_AOI12X12
datapath_module/alu_module/srl_43_34/g5804  0.0003738   0.0006143   0.0009881   6.506e-08  HS65_LH_MUX21I1X3
datapath_module/alu_module/mul_44_34/g37038  0.0003948   0.0005924   0.0009873   7.259e-08  HS65_LH_NOR2AX6
datapath_module/reg_file_module/g7353  0.0002265   0.0007599   0.0009866   2.425e-07  HS65_LH_OR2ABX35
datapath_module/reg_file_module/FE_OCPC1051_n_1168  0.0003963   0.0005899   0.0009863   6.252e-08  HS65_LH_BFX9
datapath_module/reg_file_module/g6807  0.0008604    0.000125   0.0009856   1.546e-07  HS65_LH_MUX21I1X12
datapath_module/alu_module/mul_44_34/g37592  0.0004023   0.0005831   0.0009855   1.115e-07  HS65_LH_NAND2AX14
datapath_module/alu_module/g7404  0.0002504   0.0007338   0.0009843   1.042e-07  HS65_LH_MX41X4
datapath_module/alu_module/mul_44_34/g37681  0.0004093   0.0005748   0.0009842   1.004e-07  HS65_LH_NAND2AX14
datapath_module/alu_module/mul_44_34/FE_OCPC1443_FE_RN_20  0.0006655   0.0003181   0.0009837   1.662e-07  HS65_LH_BFX27
datapath_module/alu_module/sll_42_34/g19777  0.0004898   0.0004938   0.0009836    1.08e-07  HS65_LH_MUX21X4
datapath_module/alu_module/mul_44_34/g36584  0.0005339   0.0004486   0.0009826   6.317e-08  HS65_LH_PAO2X4
datapath_module/alu_module/mul_44_34/g36948  0.0002887   0.0006935   0.0009823   5.844e-08  HS65_LH_PAO2X4
datapath_module/reg_file_module/reg_memory_reg[17][22]1176   0.000982           0   0.0009822   2.318e-07  HS65_LH_SDFPQX4
datapath_module/alu_module/srl_43_34/FE_RC_743_0  0.0005198   0.0004616   0.0009817   2.302e-07  HS65_LH_NAND2AX21
datapath_module/reg_file_module/FE_OFC2_scan_en  7.219e-05   0.0009076   0.0009799   1.154e-07  HS65_LH_BFX18
datapath_module/alu_module/mul_44_34/FE_OCPC699_n_1446  0.0005886   0.0003911   0.0009798   6.223e-08  HS65_LH_BFX9
datapath_module/alu_module/mul_44_34/FE_RC_123_0  0.0002218   0.0007575   0.0009793   3.944e-08  HS65_LH_IVX9
datapath_module/alu_module/mul_44_34/g37612  0.0006298   0.0003492   0.0009792    1.62e-07  HS65_LH_NAND2X43
datapath_module/alu_module/srl_43_34/g5853  0.0002199   0.0007592   0.0009792    6.15e-08  HS65_LH_MUXI21X2
datapath_module/alu_module/mul_44_34/g37425  0.0003382   0.0006409   0.0009791   5.132e-08  HS65_LH_AOI22X4
datapath_module/alu_module/mul_44_34/g37032  0.0004099   0.0005692   0.0009791   5.956e-08  HS65_LH_PAO2X4
datapath_module/reg_file_module/reg_memory_reg[9][1]643  0.0009781           0   0.0009784   2.336e-07  HS65_LH_SDFPQX4
datapath_module/alu_module/sub_35_34/FE_OFC79_n_123  0.0001843   0.0007934   0.0009777   4.374e-08  HS65_LH_BFX2
datapath_module/reg_file_module/FE_OCPC1357_instruction_code_24  0.0005722   0.0004048   0.0009773   3.379e-07  HS65_LH_BFX53
datapath_module/alu_module/add_34_34/g7608  0.0003985   0.0005786   0.0009772   9.836e-08  HS65_LH_NOR2X13
datapath_module/reg_file_module/g6811  0.0008703   0.0001059   0.0009763    1.54e-07  HS65_LH_MUX21I1X12
datapath_module/alu_module/mul_44_34/g36255  0.0007159   0.0002602   0.0009762   1.184e-07  HS65_LHS_XOR3X2
datapath_module/alu_module/mul_44_34/FE_RC_423_0  0.0006141   0.0003618    0.000976   1.884e-07  HS65_LH_AND2X27
datapath_module/alu_module/mul_44_34/g36558  0.0003155   0.0006604    0.000976   1.702e-07  HS65_LH_BDECNX9
datapath_module/alu_module/mul_44_34/g37288  0.0003505   0.0006242   0.0009747   5.993e-08  HS65_LH_AO22X4
datapath_module/alu_module/g7418   0.000284   0.0006903   0.0009744   1.049e-07  HS65_LH_MX41X4
datapath_module/alu_module/mul_44_34/g37745  0.0005457   0.0004272    0.000973   1.997e-07  HS65_LH_AOI12X17
datapath_module/alu_module/sub_35_34/g27380   0.000637   0.0003355   0.0009726   8.957e-08  HS65_LH_CB4I1X9
datapath_module/alu_module/srl_43_34/g5819  0.0002685   0.0007034    0.000972   6.105e-08  HS65_LH_MUXI21X2
datapath_module/alu_module/mul_44_34/g36496  0.0002261   0.0007457   0.0009719   3.959e-08  HS65_LH_IVX9
datapath_module/alu_module/mul_44_34/g36439  0.0006434   0.0003283   0.0009719   1.547e-07  HS65_LH_IVX31
datapath_module/reg_file_module/g6390  0.0008714   0.0001002   0.0009718   1.547e-07  HS65_LH_MUX21I1X12
datapath_module/alu_module/sub_35_34/g27147  0.0003937   0.0005761   0.0009699   7.319e-08  HS65_LH_OA212X4
datapath_module/reg_file_module/FE_RC_735_0  0.0005559   0.0004137   0.0009698   2.922e-07  HS65_LH_AOI31X31
datapath_module/alu_module/mul_44_34/g37342  0.0003907    0.000579   0.0009698   6.173e-08  HS65_LH_OA22X4
datapath_module/reg_file_module/FE_OCPC1238_write_data_1  0.0002532   0.0007161   0.0009694   6.257e-08  HS65_LH_BFX9
datapath_module/reg_file_module/reg_memory_reg[22][7]1481   0.000968           0   0.0009682   2.314e-07  HS65_LH_SDFPQX4
datapath_module/alu_module/mul_44_34/g37899  0.0004023   0.0005654   0.0009677   8.409e-08  HS65_LH_OA12X9
datapath_module/reg_file_module/reg_memory_reg[9][9]651  0.0009666           0   0.0009669    2.32e-07  HS65_LH_SDFPQX4
datapath_module/reg_file_module/g43351_dup  0.0004276   0.0005384   0.0009663   2.128e-07  HS65_LH_AND2X27
datapath_module/reg_file_module/drc_bufs43515  2.735e-05   0.0009384   0.0009658   3.899e-08  HS65_LH_IVX9
datapath_module/reg_file_module/g43335  0.0002619   0.0007031   0.0009654   3.312e-07  HS65_LH_IVX71
datapath_module/alu_module/mul_44_34/g36256  0.0007005   0.0002644    0.000965   1.182e-07  HS65_LHS_XOR3X2
datapath_module/alu_module/srl_43_34/g5826  0.0002111   0.0007536   0.0009647    3.87e-08  HS65_LH_OAI22X3
datapath_module/alu_module/mul_44_34/g38254  7.806e-05   0.0008863   0.0009644   3.965e-08  HS65_LH_IVX9
datapath_module/alu_module/mul_44_34/FE_OCPC1268_n_978  0.0003678   0.0005963   0.0009642   6.195e-08  HS65_LH_BFX9
datapath_module/alu_module/sll_42_34/g19775  0.0004875   0.0004755   0.0009631   8.734e-08  HS65_LH_OAI112X5
datapath_module/alu_module/mul_44_34/g37110  0.0002052   0.0007576   0.0009628   3.246e-08  HS65_LH_PAOI2X1
datapath_module/reg_file_module/g6468  0.0008458   0.0001159   0.0009619   2.514e-07  HS65_LH_MUX21I1X18
datapath_module/alu_module/srl_43_34/g5852  0.0002403   0.0007209   0.0009613   6.102e-08  HS65_LH_MUXI21X2
datapath_module/alu_module/drc_bufs7627  3.471e-05   0.0009255   0.0009602   6.826e-08  HS65_LH_IVX13
datapath_module/alu_module/srl_43_34/g5838  0.0003356   0.0006241   0.0009597   4.566e-08  HS65_LH_AOI222X2
datapath_module/alu_module/mul_44_34/FE_RC_203_0  0.0001115   0.0008478   0.0009594   3.981e-08  HS65_LH_IVX9
datapath_module/reg_file_module/g42922   0.000555   0.0004041   0.0009593   1.933e-07  HS65_LH_AOI12X17
datapath_module/alu_module/mul_44_34/g36544  0.0005166    0.000442   0.0009586   7.247e-08  HS65_LHS_XOR2X3
datapath_module/alu_module/sub_35_34/g27078   0.000301   0.0006572   0.0009583   5.478e-08  HS65_LH_NAND2X7
datapath_module/alu_module/add_34_34/g7479  0.0004279   0.0005301    0.000958   6.926e-08  HS65_LHS_XNOR2X3
datapath_module/reg_file_module/FE_USKC853_CTS_6  0.0007918   0.0001658   0.0009576   9.958e-08  HS65_LH_BFX13
datapath_module/alu_module/mul_44_34/g38270  8.076e-05   0.0008768   0.0009576   3.962e-08  HS65_LH_IVX9
datapath_module/alu_module/add_34_34/FE_RC_510_0  0.0006634   0.0002939   0.0009574   1.219e-07  HS65_LH_NAND2X14
datapath_module/alu_module/mul_44_34/FE_OFC83_n_369  0.0001833   0.0007741   0.0009574   4.374e-08  HS65_LH_BFX2
datapath_module/alu_module/sll_42_34/g19731   0.000585    0.000372   0.0009571   9.206e-08  HS65_LH_MUX21I1X6
datapath_module/alu_module/sub_35_34/g27176  0.0002661   0.0006902   0.0009564   5.385e-08  HS65_LH_OR2X4
datapath_module/alu_module/mul_44_34/g38413  0.0004795    0.000476   0.0009556   8.317e-08  HS65_LH_NAND2AX7
datapath_module/reg_file_module/g42676  0.0001284   0.0008268   0.0009553   1.045e-07  HS65_LH_NAND3X6
datapath_module/alu_module/sll_42_34/FE_OFC531_n_727  0.0002268    0.000728   0.0009549   1.254e-07  HS65_LH_IVX27
datapath_module/reg_file_module/reg_memory_reg[31][9]2059  0.0009544           0   0.0009546    2.31e-07  HS65_LH_SDFPQX4
datapath_module/reg_file_module/fopt43623  0.0001692   0.0007851   0.0009546   2.516e-07  HS65_LH_IVX53
datapath_module/reg_file_module/g43309  0.0002557   0.0006977   0.0009536   1.868e-07  HS65_LH_NAND2X29
datapath_module/reg_file_module/g6784  0.0008042    0.000149   0.0009534   1.545e-07  HS65_LH_MUX21I1X12
datapath_module/reg_file_module/FE_OFC9_scan_en  7.211e-05   0.0008796   0.0009518   1.154e-07  HS65_LH_BFX18
datapath_module/reg_file_module/g6400  0.0008306   0.0001205   0.0009512   1.542e-07  HS65_LH_MUX21I1X12
datapath_module/alu_module/mul_44_34/FE_OCPC1486_n_1778  0.0005919   0.0003591   0.0009511   6.221e-08  HS65_LH_BFX9
datapath_module/reg_file_module/g6733  0.0008212   0.0001297    0.000951   1.544e-07  HS65_LH_MUX21I1X12
datapath_module/alu_module/sub_35_34/g27301  0.0006597   0.0002907   0.0009506   1.989e-07  HS65_LH_NOR2AX25
datapath_module/alu_module/mul_44_34/FE_OCPC1472_n_2290  0.0002947   0.0006557   0.0009505   6.224e-08  HS65_LH_BFX9
datapath_module/reg_file_module/FE_USKC862_CTS_29  0.0007927   0.0001571     0.00095   9.958e-08  HS65_LH_BFX13
datapath_module/alu_module/g7412  0.0003171   0.0006327     0.00095   1.052e-07  HS65_LH_MX41X4
datapath_module/reg_file_module/g6858  0.0008148   0.0001349   0.0009498   1.543e-07  HS65_LH_MUX21I1X12
datapath_module/alu_module/mul_44_34/g36257  0.0006723   0.0002758   0.0009481    1.18e-07  HS65_LHS_XOR3X2
datapath_module/alu_module/srl_43_34/FE_OFC584_n_267  6.606e-05   0.0008818   0.0009479   3.353e-08  HS65_LH_IVX7
datapath_module/reg_file_module/FE_USKC875_CTS_17   0.000794   0.0001536   0.0009478   9.958e-08  HS65_LH_BFX13
datapath_module/alu_module/mul_44_34/g38430  0.0004372   0.0005094   0.0009466   8.642e-08  HS65_LH_NAND2AX14
datapath_module/alu_module/sub_35_34/g27145  0.0003733   0.0005729   0.0009463   5.482e-08  HS65_LH_AOI12X6
datapath_module/alu_module/mul_44_34/FE_OCPC749_n_173  0.0005013   0.0004446   0.0009459   6.173e-08  HS65_LH_BFX9
datapath_module/alu_module/mul_44_34/g36725  0.0003862   0.0005595   0.0009457   5.112e-08  HS65_LH_NAND2X7
datapath_module/alu_module/mul_44_34/g36952  0.0005648     0.00038   0.0009449   1.416e-07  HS65_LH_NAND2X43
datapath_module/alu_module/mul_44_34/FE_RC_288_0  0.0002948   0.0006498   0.0009448    1.54e-07  HS65_LH_IVX31
datapath_module/alu_module/mul_44_34/g36810  0.0002327   0.0007119   0.0009446   3.977e-08  HS65_LH_IVX9
datapath_module/reg_file_module/FE_USKC850_CTS_4  0.0007898   0.0001546   0.0009445   9.958e-08  HS65_LH_BFX13
datapath_module/alu_module/sub_35_34/g27364  0.0004548   0.0004895   0.0009444   9.793e-08  HS65_LHS_XNOR2X6
datapath_module/alu_module/mul_44_34/g39019  0.0005439   0.0004004   0.0009443   6.175e-08  HS65_LH_PAOI2X6
datapath_module/alu_module/add_34_34/g7726  0.0005187   0.0004249   0.0009437   1.436e-07  HS65_LH_NAND2AX14
datapath_module/reg_file_module/reg_memory_reg[6][11]461  0.0009433           0   0.0009435   2.317e-07  HS65_LH_SDFPQX4
datapath_module/alu_module/g7416   0.000251    0.000692   0.0009431   1.041e-07  HS65_LH_MX41X4
datapath_module/alu_module/mul_44_34/g37888  0.0003011   0.0006418   0.0009429   5.983e-08  HS65_LH_AOI21X6
datapath_module/alu_module/sub_35_34/g27024  0.0003532   0.0005894   0.0009427   6.422e-08  HS65_LH_OAI31X5
datapath_module/alu_module/mul_44_34/g37109  0.0004274   0.0005142   0.0009417    6.24e-08  HS65_LH_PAO2X4
datapath_module/reg_file_module/reg_memory_reg[9][13]655  0.0009412           0   0.0009414   2.318e-07  HS65_LH_SDFPQX4
datapath_module/alu_module/sll_42_34/g19826   0.000356   0.0005853   0.0009413   6.577e-08  HS65_LH_MUX21I1X3
datapath_module/alu_module/mul_44_34/FE_OFC748_n_1041  0.0002439   0.0006959   0.0009398   4.375e-08  HS65_LH_BFX2
datapath_module/alu_module/mul_44_34/g36887   0.000214   0.0007254   0.0009395   3.456e-08  HS65_LH_PAOI2X1
datapath_module/alu_module/sub_35_34/g27048  0.0005735   0.0003658   0.0009393   7.216e-08  HS65_LH_AO12X9
datapath_module/reg_file_module/g43281  0.0005072   0.0004313   0.0009386    1.32e-07  HS65_LH_OAI22X11
datapath_module/alu_module/mul_44_34/g36911  0.0001329   0.0008057   0.0009386   2.034e-08  HS65_LH_NAND2X2
datapath_module/reg_file_module/FE_PHC1672_n_1159  0.0001679   0.0007703   0.0009384   1.512e-07  HS65_LH_BFX22
datapath_module/alu_module/sub_35_34/g27109  0.0005224   0.0004158   0.0009382   4.787e-08  HS65_LH_AOI13X5
datapath_module/alu_module/add_34_34/g7488  0.0004879   0.0004501   0.0009381   7.014e-08  HS65_LHS_XNOR2X3
datapath_module/alu_module/mul_44_34/FE_RC_226_0  0.0003629   0.0005738   0.0009367   8.248e-08  HS65_LH_NOR2X19
datapath_module/alu_module/mul_44_34/g37597  5.683e-05   0.0008798   0.0009367   3.901e-08  HS65_LH_IVX9
datapath_module/reg_file_module/FE_USKC860_CTS_4   0.000786   0.0001499   0.0009361   9.958e-08  HS65_LH_BFX13
datapath_module/alu_module/mul_44_34/g37031   0.000493   0.0004426   0.0009356   6.037e-08  HS65_LH_PAO2X4
datapath_module/alu_module/mul_44_34/g37246  0.0003498   0.0005856   0.0009355   6.037e-08  HS65_LH_AO22X4
datapath_module/alu_module/g7398  0.0002738   0.0006612   0.0009351   1.053e-07  HS65_LH_MX41X4
datapath_module/reg_file_module/reg_memory_reg[9][11]653  0.0009347           0   0.0009349   2.323e-07  HS65_LH_SDFPQX4
datapath_module/reg_file_module/g6374   0.000843   9.158e-05   0.0009347   1.539e-07  HS65_LH_MUX21I1X12
datapath_module/alu_module/mul_44_34/g37295  0.0001884   0.0007463   0.0009347   3.359e-08  HS65_LH_AOI22X1
datapath_module/alu_module/srl_43_34/g5850  0.0003113   0.0006233   0.0009347   6.049e-08  HS65_LH_AO32X4
datapath_module/alu_module/mul_44_34/g37662   0.000299    0.000635   0.0009342   1.524e-07  HS65_LH_IVX31
datapath_module/alu_module/mul_44_34/FE_OFC572_read_data2_3  0.0003032   0.0006303   0.0009337   2.417e-07  HS65_LH_IVX49
datapath_module/reg_file_module/FE_USKC933_CTS_37  0.0007878   0.0001457   0.0009336   9.958e-08  HS65_LH_BFX13
datapath_module/alu_module/mul_44_34/FE_OCPC1006_FE_RN_4  0.0002356   0.0006975   0.0009332   6.232e-08  HS65_LH_BFX9
datapath_module/alu_module/sll_42_34/FE_OFC561_n_58  0.0002634   0.0006692   0.0009328   1.683e-07  HS65_LH_IVX35
datapath_module/reg_file_module/FE_RC_502_0  0.0005447   0.0003869    0.000932   4.469e-07  HS65_LH_NOR2X50
datapath_module/alu_module/sll_42_34/FE_OCPC1427_n_97  0.0002777   0.0006534   0.0009311   6.245e-08  HS65_LH_BFX9
datapath_module/reg_file_module/g6735  0.0007527   0.0001772   0.0009301   1.564e-07  HS65_LH_MUX21I1X12
datapath_module/alu_module/sub_35_34/g27370  0.0006418   0.0002878   0.0009297   9.786e-08  HS65_LHS_XNOR2X6
datapath_module/alu_module/g7409   0.000218   0.0007108   0.0009289   1.014e-07  HS65_LH_MX41X4
datapath_module/alu_module/mul_44_34/g37374  0.0002174   0.0007112   0.0009285   3.417e-08  HS65_LH_OAI22X1
datapath_module/alu_module/add_34_34/FE_RC_445_0  0.0005685   0.0003599   0.0009285   1.051e-07  HS65_LH_NOR2AX13
datapath_module/alu_module/mul_44_34/g37388  0.0003341   0.0005943   0.0009284   5.994e-08  HS65_LH_AO22X4
datapath_module/alu_module/sub_35_34/g27049  0.0005131   0.0004152   0.0009284   5.847e-08  HS65_LH_AOI212X4
datapath_module/reg_file_module/g43329_dup  0.0004197   0.0005069   0.0009269   2.595e-07  HS65_LH_AND2X35
datapath_module/alu_module/sub_35_34/g27367  0.0005737   0.0003528   0.0009266   9.771e-08  HS65_LHS_XNOR2X6
datapath_module/reg_file_module/reg_memory_reg[5][12]398  0.0009263           0   0.0009266   2.311e-07  HS65_LH_SDFPQX4
datapath_module/reg_file_module/g6203  0.0007906   0.0001356   0.0009264   1.574e-07  HS65_LH_MUX21I1X12
datapath_module/alu_module/sub_35_34/g27064  0.0002823   0.0006435   0.0009258   4.697e-08  HS65_LH_NAND2X7
datapath_module/alu_module/sub_35_34/g27337  0.0005423   0.0003817   0.0009241   9.818e-08  HS65_LHS_XNOR2X6
datapath_module/reg_file_module/g42632  0.0003317   0.0005919   0.0009237   1.285e-07  HS65_LH_AOI212X9
datapath_module/alu_module/mul_44_34/FE_OCPC1392_read_data2_3  0.0005985   0.0003246   0.0009234   2.334e-07  HS65_LH_BFX35
datapath_module/reg_file_module/reg_memory_reg[6][9]459  0.0009224           0   0.0009226   2.319e-07  HS65_LH_SDFPQX4
datapath_module/alu_module/mul_44_34/g36780  0.0001622   0.0007601   0.0009223    2.48e-08  HS65_LH_NOR2X2
datapath_module/alu_module/mul_44_34/g36311  0.0003721   0.0005501   0.0009223   5.771e-08  HS65_LH_NOR2AX3
datapath_module/reg_file_module/g7049  0.0008243   9.782e-05   0.0009223    1.56e-07  HS65_LH_MUX21I1X12
datapath_module/reg_file_module/g42617  0.0004433   0.0004773    0.000921   3.914e-07  HS65_LH_NOR2X38
datapath_module/alu_module/sub_35_34/g27069   0.000555   0.0003657   0.0009207   4.637e-08  HS65_LH_OAI13X5
datapath_module/alu_module/mul_44_34/g37175    0.00043   0.0004897   0.0009197   8.437e-08  HS65_LH_OR2ABX9
datapath_module/alu_module/mul_44_34/g36423  0.0001354   0.0007841   0.0009196    1.84e-08  HS65_LH_NAND2X2
datapath_module/alu_module/mul_44_34/g36776  0.0001675   0.0007518   0.0009194   2.511e-08  HS65_LH_NOR2X3
datapath_module/reg_file_module/FE_PHC1605_n_1063  0.0001086   0.0008104   0.0009192   2.246e-07  HS65_LH_BFX31
datapath_module/alu_module/mul_44_34/FE_OCPC895_n_169  0.0005853   0.0003338   0.0009191   6.248e-08  HS65_LH_BFX9
datapath_module/alu_module/mul_44_34/FE_OFC249_n_1068  0.0002265   0.0006917   0.0009183   4.375e-08  HS65_LH_BFX2
datapath_module/alu_module/mul_44_34/g37153  0.0003755    0.000542   0.0009176   7.011e-08  HS65_LHS_XOR2X3
datapath_module/alu_module/sub_35_34/g27101     0.0005   0.0004175   0.0009175   1.104e-07  HS65_LH_NAND2X21
datapath_module/alu_module/mul_44_34/g37979  7.583e-05   0.0008417   0.0009175   3.354e-08  HS65_LH_IVX7
datapath_module/alu_module/g7423  0.0003496   0.0005675   0.0009172   1.041e-07  HS65_LH_MX41X4
datapath_module/alu_module/mul_44_34/g36735   0.000218    0.000698   0.0009161   3.971e-08  HS65_LH_IVX9
datapath_module/reg_file_module/FE_OCPC1041_n_2401  0.0004767   0.0004373   0.0009145   4.025e-07  HS65_LH_BFX62
datapath_module/alu_module/mul_44_34/g36259  0.0006966   0.0002176   0.0009143   1.183e-07  HS65_LHS_XOR3X2
datapath_module/alu_module/mul_44_34/g37879  0.0005565   0.0003567   0.0009133   1.209e-07  HS65_LH_AOI21X12
datapath_module/alu_module/mul_44_34/g38595  0.0004018   0.0005113   0.0009132   9.704e-08  HS65_LH_MUX21I1X6
datapath_module/alu_module/mul_44_34/FE_RC_776_0  0.0002389   0.0006732   0.0009121   6.825e-08  HS65_LH_IVX13
datapath_module/alu_module/g7400  0.0003066   0.0006051   0.0009118   1.061e-07  HS65_LH_MX41X4
datapath_module/alu_module/sll_42_34/g19827  0.0004567   0.0004531     0.00091   1.121e-07  HS65_LH_MUX21X4
datapath_module/alu_module/mul_44_34/g37271  0.0002124   0.0006971   0.0009095   3.403e-08  HS65_LH_OAI22X1
datapath_module/reg_file_module/reg_memory_reg[22][8]1482  0.0009081           0   0.0009084   2.308e-07  HS65_LH_SDFPQX4
datapath_module/alu_module/mul_44_34/g36476  0.0004766   0.0004316   0.0009083   7.228e-08  HS65_LH_NAND2AX7
datapath_module/alu_module/mul_44_34/g36466  0.0001803   0.0007278   0.0009082   2.256e-08  HS65_LH_OAI21X2
datapath_module/alu_module/srl_43_34/g5843  0.0003282   0.0005789   0.0009071   4.518e-08  HS65_LH_AOI222X2
datapath_module/alu_module/mul_44_34/g39208  0.0003787   0.0005282    0.000907   9.769e-08  HS65_LH_MUX21I1X6
datapath_module/alu_module/mul_44_34/g37447  0.0003425   0.0005642   0.0009068   5.981e-08  HS65_LH_AO22X4
datapath_module/reg_file_module/reg_memory_reg[17][27]1181  0.0009064           0   0.0009066   2.312e-07  HS65_LH_SDFPQX4
datapath_module/alu_module/mul_44_34/FE_OCPC776_n_165  0.0005862   0.0003197   0.0009059   6.229e-08  HS65_LH_BFX9
datapath_module/alu_module/sub_35_34/g27333  0.0003701   0.0005349   0.0009052   1.631e-07  HS65_LH_NAND2AX21
datapath_module/alu_module/mul_44_34/fopt39164  0.0005263   0.0003785   0.0009049   6.176e-08  HS65_LH_BFX9
datapath_module/alu_module/add_34_34/g7483  0.0004027   0.0005021   0.0009048   7.041e-08  HS65_LHS_XNOR2X3
datapath_module/alu_module/mul_44_34/g38582  0.0003656   0.0005386   0.0009044   9.771e-08  HS65_LH_MUX21I1X6
datapath_module/alu_module/mul_44_34/g37149  0.0003711   0.0005331   0.0009042   7.023e-08  HS65_LHS_XOR2X3
datapath_module/alu_module/srl_43_34/g5803  0.0002436   0.0006599   0.0009035   6.132e-08  HS65_LH_MUXI21X2
datapath_module/reg_file_module/FE_OCPC1027_write_data_25   0.000464   0.0004381   0.0009021   6.256e-08  HS65_LH_BFX9
datapath_module/reg_file_module/FE_RC_119_0  0.0006016   0.0002999    0.000902   5.183e-07  HS65_LH_OAI21X49
datapath_module/reg_file_module/g6779  0.0007821   0.0001198    0.000902    1.55e-07  HS65_LH_MUX21I1X12
datapath_module/alu_module/mul_44_34/g37834  0.0002249   0.0006769   0.0009019   6.411e-08  HS65_LH_OAI21X6
datapath_module/alu_module/mul_44_34/g37088  0.0001586    0.000743   0.0009017   2.428e-08  HS65_LH_NAND2X2
datapath_module/alu_module/mul_44_34/g37030  0.0003923   0.0005092   0.0009016   6.872e-08  HS65_LHS_XNOR2X3
datapath_module/alu_module/mul_44_34/FE_RC_317_0  0.0005153   0.0003859   0.0009013   6.228e-08  HS65_LH_AND2X9
datapath_module/reg_file_module/FE_PHC1537_n_1152  0.0002955    0.000605   0.0009008   2.906e-07  HS65_LH_BFX44
datapath_module/alu_module/sll_42_34/g19754  0.0005094    0.000391   0.0009005   9.105e-08  HS65_LH_MUX21I1X6
datapath_module/alu_module/mul_44_34/FE_OFC236_n_932  0.0002427   0.0006561   0.0008989   4.375e-08  HS65_LH_BFX2
datapath_module/reg_file_module/g43277  0.0001174   0.0007805    0.000898   1.138e-07  HS65_LH_BFX18
datapath_module/alu_module/sub_35_34/g27354  0.0006616   0.0002359   0.0008976   9.776e-08  HS65_LHS_XNOR2X6
datapath_module/alu_module/sll_42_34/g19818  0.0003225   0.0005745    0.000897   6.585e-08  HS65_LH_MUX21I1X3
datapath_module/alu_module/sll_42_34/FE_RC_499_0  0.0001073   0.0007895   0.0008969   8.123e-08  HS65_LH_IVX18
datapath_module/alu_module/mul_44_34/g37092  0.0002241   0.0006728   0.0008969   3.074e-08  HS65_LH_NAND2X4
datapath_module/reg_file_module/FE_OFC430_n_1072  0.0002312   0.0006648   0.0008963   2.388e-07  HS65_LH_BFX35
datapath_module/alu_module/mul_44_34/g38199  0.0002573   0.0006383   0.0008958   2.039e-07  HS65_LH_IVX44
datapath_module/reg_file_module/reg_memory_reg[1][20]150  0.0008947           0   0.0008949   2.312e-07  HS65_LH_SDFPQX4
datapath_module/alu_module/mul_44_34/g39198  0.0003589   0.0005358   0.0008948   9.709e-08  HS65_LH_MUX21I1X6
datapath_module/alu_module/mul_44_34/FE_RC_332_0  0.0003161   0.0005783   0.0008946   8.166e-08  HS65_LH_IVX18
datapath_module/alu_module/sll_42_34/g19756   0.000475   0.0004192   0.0008942   5.755e-08  HS65_LH_AOI212X4
datapath_module/alu_module/g7306  0.0005607    0.000333   0.0008937   6.649e-08  HS65_LH_OR3X4
datapath_module/alu_module/mul_44_34/g38402  0.0005578   0.0003358   0.0008937   6.847e-08  HS65_LH_NAND2AX7
datapath_module/alu_module/add_34_34/g7697  0.0002792   0.0006143   0.0008936    1.03e-07  HS65_LH_NAND2X21
datapath_module/reg_file_module/g6080   0.000808   8.512e-05   0.0008933   1.552e-07  HS65_LH_MUX21I1X12
datapath_module/alu_module/mul_44_34/g37170  0.0003693   0.0005239   0.0008933   6.809e-08  HS65_LHS_XNOR2X3
datapath_module/alu_module/mul_44_34/g37947  0.0001603   0.0007322   0.0008926   6.315e-08  HS65_LH_MUXI21X2
datapath_module/alu_module/mul_44_34/g36673   0.000167   0.0007254   0.0008925    2.59e-08  HS65_LH_NOR2X2
datapath_module/alu_module/mul_44_34/FE_OCPC650_n_166  0.0005253   0.0003668   0.0008922   6.271e-08  HS65_LH_BFX9
datapath_module/alu_module/mul_44_34/FE_OCPC1116_n_183  0.0005914   0.0003004   0.0008918   6.197e-08  HS65_LH_BFX9
datapath_module/alu_module/sub_35_34/g27233  0.0002159   0.0006758   0.0008917   5.774e-08  HS65_LH_NAND2X7
datapath_module/alu_module/mul_44_34/g37173  0.0004129   0.0004787   0.0008917   1.088e-07  HS65_LH_PAOI2X11
datapath_module/reg_file_module/FE_RC_738_0  0.0004222   0.0004692   0.0008917   2.152e-07  HS65_LH_OA22X27
datapath_module/alu_module/mul_44_34/FE_OFC329_n_1113  0.0002791   0.0006115   0.0008907   4.375e-08  HS65_LH_BFX2
datapath_module/alu_module/sub_35_34/g27166  9.552e-05   0.0007949   0.0008904   2.944e-08  HS65_LH_NAND2X2
datapath_module/alu_module/mul_44_34/g37668  0.0004999     0.00039   0.0008901    1.48e-07  HS65_LH_NOR2AX19
datapath_module/reg_file_module/FE_USKC1705_CTS_6  0.0004979   0.0003919   0.0008899   5.463e-08  HS65_LH_BFX7
datapath_module/reg_file_module/reg_memory_reg[9][8]650  0.0008891           0   0.0008893   2.316e-07  HS65_LH_SDFPQX4
datapath_module/alu_module/sll_42_34/g19868  0.0001781   0.0007107   0.0008888   6.184e-08  HS65_LH_MUXI21X2
datapath_module/alu_module/sll_42_34/g19728  0.0007132   0.0001754   0.0008887   1.112e-07  HS65_LH_MUX21X4
datapath_module/alu_module/sub_35_34/g27107  0.0004459   0.0004424   0.0008884   9.323e-08  HS65_LH_AOI112X13
datapath_module/alu_module/mul_44_34/g37289  0.0003331   0.0005544   0.0008876   5.971e-08  HS65_LH_AO22X4
datapath_module/reg_file_module/g43302  0.0002629   0.0006242   0.0008873   2.185e-07  HS65_LH_NOR2X38
datapath_module/reg_file_module/g6721  0.0007637   0.0001234   0.0008872   1.564e-07  HS65_LH_MUX21I1X12
datapath_module/alu_module/mul_44_34/g38585  0.0004306    0.000456   0.0008867   9.551e-08  HS65_LH_MUX21I1X6
datapath_module/reg_file_module/g43321  0.0001611   0.0007244   0.0008857   2.106e-07  HS65_LH_IVX44
datapath_module/alu_module/mul_44_34/g36637  0.0001554   0.0007297   0.0008851   2.618e-08  HS65_LH_NAND2X2
datapath_module/reg_file_module/FE_USKC877_CTS_18  0.0005784    0.000306   0.0008845   6.223e-08  HS65_LH_BFX9
datapath_module/alu_module/mul_44_34/g39209   0.000437   0.0004473   0.0008845   9.616e-08  HS65_LH_MUX21I1X6
datapath_module/alu_module/mul_44_34/FE_OFC570_read_data2_3  0.0001885    0.000695   0.0008836   1.251e-07  HS65_LH_IVX27
datapath_module/alu_module/mul_44_34/g38446  0.0003357   0.0005467   0.0008825   9.115e-08  HS65_LH_NAND2AX14
datapath_module/alu_module/mul_44_34/g37230   0.000334   0.0005483   0.0008824   6.018e-08  HS65_LH_AO22X4
datapath_module/reg_file_module/FE_OFC12_scan_en  7.192e-05   0.0008088   0.0008808   1.154e-07  HS65_LH_BFX18
datapath_module/alu_module/mul_44_34/g37399  0.0001904     0.00069   0.0008804   3.363e-08  HS65_LH_OAI22X1
datapath_module/alu_module/sll_42_34/g20223  0.0004888   0.0003913   0.0008803   1.274e-07  HS65_LH_AOI22X11
datapath_module/reg_file_module/g7387  7.983e-05    0.000799   0.0008789   6.114e-08  HS65_LH_OR2X9
datapath_module/alu_module/FE_OFC489_n_238   0.000131   0.0007477   0.0008787   3.921e-08  HS65_LH_IVX9
datapath_module/alu_module/mul_44_34/g37431  0.0004435   0.0004339   0.0008775   6.223e-08  HS65_LH_OA22X4
datapath_module/alu_module/sub_35_34/g27137  0.0005754   0.0003019   0.0008774    7.54e-08  HS65_LH_AO12X9
IFU_module/fopt564             0.0001724   0.0007047   0.0008774   2.516e-07  HS65_LH_IVX53
datapath_module/reg_file_module/g42563  0.0001218   0.0007544   0.0008762   7.878e-08  HS65_LH_NAND3X5
datapath_module/alu_module/mul_44_34/g37083  0.0001555   0.0007204   0.0008759   2.527e-08  HS65_LH_NAND2X2
datapath_module/alu_module/srl_43_34/g5841  0.0003061   0.0005692   0.0008754   4.651e-08  HS65_LH_AOI222X2
datapath_module/alu_module/mul_44_34/g37586  0.0003761   0.0004984   0.0008746   1.147e-07  HS65_LH_NAND2AX14
datapath_module/reg_file_module/FE_PHC1534_n_1160  0.0001443   0.0007297   0.0008742   2.245e-07  HS65_LH_BFX31
datapath_module/alu_module/mul_44_34/g37041  0.0001253   0.0007489   0.0008742   2.404e-08  HS65_LH_NAND2X2
datapath_module/alu_module/mul_44_34/g36781  0.0001852   0.0006879   0.0008731   2.292e-08  HS65_LH_OAI21X2
datapath_module/alu_module/mul_44_34/g36588  0.0001872   0.0006858    0.000873   3.351e-08  HS65_LH_IVX7
datapath_module/reg_file_module/CTS_ccl_a_buf_00217  0.0005755   0.0002973   0.0008729   6.223e-08  HS65_LH_BFX9
datapath_module/reg_file_module/drc_bufs43514  2.714e-05   0.0008453   0.0008725   3.899e-08  HS65_LH_IVX9
datapath_module/alu_module/add_34_34/FE_RC_558_0  0.0003059   0.0005664   0.0008724    7.05e-08  HS65_LH_OR2X9
datapath_module/alu_module/mul_44_34/FE_OCPC1291_read_data1_2  0.0006814   0.0001895   0.0008711   2.213e-07  HS65_LH_BFX31
datapath_module/alu_module/mul_44_34/g36491  0.0002346   0.0006361   0.0008707   3.911e-08  HS65_LH_IVX9
datapath_module/alu_module/g7421  0.0002608   0.0006088   0.0008698   1.041e-07  HS65_LH_MX41X4
datapath_module/alu_module/mul_44_34/FE_OCPC658_FE_RN_5  0.0004193   0.0004503   0.0008697   1.144e-07  HS65_LH_BFX18
datapath_module/alu_module/mul_44_34/g37320  0.0002028   0.0006666   0.0008694   3.392e-08  HS65_LH_OAI22X1
datapath_module/alu_module/mul_44_34/FE_RC_314_0  0.0004239   0.0004449    0.000869   1.689e-07  HS65_LH_NAND2AX29
datapath_module/alu_module/mul_44_34/FE_OCPC711_n_260  0.0002513   0.0006174   0.0008688   9.972e-08  HS65_LH_BFX13
datapath_module/alu_module/mul_44_34/g36647  0.0002165   0.0006516   0.0008681   3.966e-08  HS65_LH_IVX9
datapath_module/alu_module/mul_44_34/g37635   0.000424   0.0004439    0.000868   1.076e-07  HS65_LH_NOR2AX13
datapath_module/alu_module/mul_44_34/g37464  0.0001754    0.000692   0.0008675     5.1e-08  HS65_LH_AND2X4
datapath_module/alu_module/srl_43_34/g5875  0.0002316   0.0006347   0.0008663   6.603e-08  HS65_LH_MUX21I1X3
datapath_module/alu_module/mul_44_34/FE_RC_441_0  0.0002878   0.0005782   0.0008661   8.068e-08  HS65_LH_IVX18
datapath_module/alu_module/mul_44_34/g37241  0.0003655   0.0005004    0.000866   5.989e-08  HS65_LH_AOI22X6
datapath_module/alu_module/mul_44_34/FE_OCPC712_n_60  0.0003483    0.000517   0.0008653    1.16e-07  HS65_LH_BFX18
datapath_module/alu_module/mul_44_34/g38210  0.0004903   0.0003745    0.000865   1.854e-07  HS65_LH_OR2X27
datapath_module/alu_module/sub_35_34/g27296  0.0004803   0.0003844   0.0008649    1.19e-07  HS65_LH_NAND2AX14
datapath_module/reg_file_module/g42623  0.0003909   0.0004734   0.0008647   4.527e-07  HS65_LH_NAND2X43
datapath_module/alu_module/mul_44_34/FE_RC_789_0  0.0002363   0.0006283   0.0008646    3.98e-08  HS65_LH_IVX9
datapath_module/reg_file_module/FE_USKC1168_CTS_16  0.0004354   0.0004289   0.0008644   4.891e-08  HS65_LH_BFX4
datapath_module/reg_file_module/g6397  0.0007515   0.0001126   0.0008643   1.542e-07  HS65_LH_MUX21I1X12
datapath_module/alu_module/mul_44_34/FE_OCPC708_n_1382  0.0005989   0.0002653   0.0008642   1.167e-07  HS65_LH_BFX18
datapath_module/alu_module/sll_42_34/g19851  0.0002032   0.0006609   0.0008642   7.837e-08  HS65_LH_OR2ABX9
datapath_module/alu_module/mul_44_34/FE_OCPC643_n_1813  0.0005858   0.0002781    0.000864   6.216e-08  HS65_LH_BFX9
datapath_module/alu_module/mul_44_34/g36463  0.0001571   0.0007068    0.000864   2.615e-08  HS65_LH_NAND2X2
datapath_module/reg_file_module/g6812  0.0007628   0.0001005   0.0008635   1.544e-07  HS65_LH_MUX21I1X12
datapath_module/reg_file_module/FE_USKC1707_CTS_17  0.0005916   0.0002715   0.0008631   6.223e-08  HS65_LH_BFX9
datapath_module/alu_module/sll_42_34/g19791  0.0004553    0.000407   0.0008623   5.806e-08  HS65_LH_AOI22X6
datapath_module/reg_file_module/CTS_ccl_a_buf_00157  0.0005753   0.0002869   0.0008623   6.223e-08  HS65_LH_BFX9
datapath_module/alu_module/mul_44_34/FE_RC_570_0  0.0004847   0.0003774   0.0008621   1.016e-07  HS65_LH_NAND2AX14
datapath_module/alu_module/mul_44_34/g37553  0.0003777   0.0004843   0.0008621   7.931e-08  HS65_LH_AO12X9
datapath_module/alu_module/mul_44_34/FE_RC_567_0  0.0004939   0.0003676   0.0008617   1.668e-07  HS65_LH_NAND2X29
datapath_module/reg_file_module/g43336  0.0003607   0.0005005   0.0008614   2.621e-07  HS65_LH_NAND2X43
datapath_module/alu_module/mul_44_34/g36695  0.0001641   0.0006971   0.0008612   2.472e-08  HS65_LH_NAND2X2
datapath_module/alu_module/mul_44_34/FE_OCPC653_n_171  0.0005867   0.0002741   0.0008609   6.247e-08  HS65_LH_BFX9
datapath_module/alu_module/mul_44_34/g37732  0.0001653   0.0006951   0.0008605   5.419e-08  HS65_LH_AND2X4
datapath_module/alu_module/mul_44_34/FE_OCPC720_n_76  0.0003242   0.0005362   0.0008605    1.16e-07  HS65_LH_BFX18
datapath_module/alu_module/sll_42_34/g19733   0.000572   0.0002881   0.0008602   8.102e-08  HS65_LH_AO22X9
datapath_module/alu_module/sub_35_34/g27360  0.0006655   0.0001934    0.000859   9.852e-08  HS65_LHS_XNOR2X6
datapath_module/alu_module/mul_44_34/FE_RC_440_0  0.0003896   0.0004671   0.0008568    9.48e-08  HS65_LH_NAND2X21
datapath_module/alu_module/mul_44_34/FE_OCPC1039_n_1011  0.0004521    0.000404   0.0008561   6.193e-08  HS65_LH_BFX9
datapath_module/reg_file_module/FE_OFC14_scan_en  7.185e-05   0.0007839   0.0008559   1.154e-07  HS65_LH_BFX18
datapath_module/alu_module/mul_44_34/g36893  0.0001485   0.0007072   0.0008558   2.267e-08  HS65_LH_NAND2X2
datapath_module/alu_module/add_34_34/g7512  0.0003092   0.0005465   0.0008557   6.865e-08  HS65_LHS_XNOR2X3
datapath_module/reg_file_module/g6493  0.0007904   6.475e-05   0.0008554   2.518e-07  HS65_LH_MUX21I1X18
datapath_module/reg_file_module/FE_RC_387_0  0.0005738   0.0002807    0.000855   4.842e-07  HS65_LH_NOR2X50
datapath_module/alu_module/mul_44_34/g37580  0.0002416    0.000613   0.0008547   4.857e-08  HS65_LH_CBI4I6X5
datapath_module/alu_module/mul_44_34/g36507  0.0004761   0.0003778   0.0008539    8.32e-08  HS65_LH_NAND2AX7
datapath_module/alu_module/sll_42_34/g19828  0.0001941   0.0006591   0.0008533   6.227e-08  HS65_LH_MUXI21X2
datapath_module/reg_file_module/g43351  0.0004274   0.0004256   0.0008532   2.128e-07  HS65_LH_AND2X27
datapath_module/alu_module/mul_44_34/g37359  0.0001434   0.0007089   0.0008524    3.37e-08  HS65_LH_OAI22X1
datapath_module/alu_module/mul_44_34/g36753  0.0001519   0.0007001    0.000852   2.623e-08  HS65_LH_NAND2X2
datapath_module/reg_file_module/g43306  0.0003224   0.0005292   0.0008518    2.45e-07  HS65_LH_OR2X35
datapath_module/reg_file_module/reg_memory_reg[9][12]654  0.0008512           0   0.0008514   2.312e-07  HS65_LH_SDFPQX4
datapath_module/alu_module/add_34_34/g7482  0.0003965   0.0004547   0.0008513   7.023e-08  HS65_LHS_XNOR2X3
datapath_module/alu_module/mul_44_34/g39277  0.0004138   0.0004362   0.0008501   9.667e-08  HS65_LH_MUX21I1X6
datapath_module/alu_module/sll_42_34/g19734  0.0005778   0.0002722     0.00085   8.097e-08  HS65_LH_AO22X9
datapath_module/alu_module/mul_44_34/g37081  0.0001471   0.0007028   0.0008499   2.432e-08  HS65_LH_NAND2X2
datapath_module/alu_module/sub_35_34/g27178  0.0002492   0.0006004   0.0008497   5.578e-08  HS65_LH_NOR2AX3
datapath_module/alu_module/sub_35_34/g27068  0.0005025   0.0003472   0.0008497   4.576e-08  HS65_LH_OAI13X5
datapath_module/alu_module/mul_44_34/FE_RC_464_0  0.0002357   0.0006135   0.0008493   6.232e-08  HS65_LH_BFX9
datapath_module/reg_file_module/g6854  0.0007542   9.491e-05   0.0008493   1.545e-07  HS65_LH_MUX21I1X12
datapath_module/reg_file_module/g6525  0.0006908   0.0001581    0.000849   1.556e-07  HS65_LH_MUX21I1X12
datapath_module/alu_module/mul_44_34/g37455  0.0003515   0.0004974    0.000849   6.052e-08  HS65_LH_AO22X4
datapath_module/alu_module/mul_44_34/g37886  0.0002849   0.0005635   0.0008485   6.964e-08  HS65_LH_AOI21X6
datapath_module/alu_module/sll_42_34/g19797  0.0004708   0.0003774   0.0008484   1.532e-07  HS65_LH_NAND2AX29
datapath_module/reg_file_module/FE_USKC1155_CTS_27  0.0004309   0.0004174   0.0008484   4.891e-08  HS65_LH_BFX4
datapath_module/reg_file_module/g6670  0.0007187   0.0001292    0.000848   1.577e-07  HS65_LH_MUX21I1X12
datapath_module/alu_module/srl_43_34/g5860  0.0002551   0.0005927   0.0008479   5.941e-08  HS65_LH_AO32X4
datapath_module/alu_module/mul_44_34/g37505  0.0005757   0.0002716   0.0008475   1.775e-07  HS65_LH_AND2X27
datapath_module/alu_module/mul_44_34/FE_OCPC683_n_1783  0.0005843    0.000263   0.0008475   6.272e-08  HS65_LH_BFX9
datapath_module/alu_module/sub_35_34/g27352  0.0004109   0.0004362   0.0008472   9.776e-08  HS65_LHS_XNOR2X6
datapath_module/alu_module/mul_44_34/FE_RC_217_0  0.0005474   0.0002996   0.0008471     1.5e-07  HS65_LH_NAND2AX29
datapath_module/alu_module/mul_44_34/g36420  0.0004974   0.0003494   0.0008469    6.95e-08  HS65_LH_NAND2AX7
datapath_module/reg_file_module/FE_OCPC1372_FE_RN_3  0.0005945   0.0002513   0.0008463   4.036e-07  HS65_LH_BFX62
datapath_module/alu_module/mul_44_34/g36723  0.0003414   0.0005046    0.000846   5.977e-08  HS65_LH_NAND2X7
datapath_module/reg_file_module/FE_RC_284_0  0.0001788   0.0006669   0.0008458   5.468e-08  HS65_LH_AOI21X6
datapath_module/reg_file_module/g6070  0.0007427   0.0001029   0.0008457    1.55e-07  HS65_LH_MUX21I1X12
datapath_module/alu_module/mul_44_34/g37333  0.0004614   0.0003843   0.0008457   6.063e-08  HS65_LH_AO22X4
datapath_module/alu_module/sub_35_34/g27149  0.0002854   0.0005597   0.0008452   5.522e-08  HS65_LH_OAI212X3
datapath_module/alu_module/mul_44_34/g37514  0.0002041   0.0006409   0.0008451   4.782e-08  HS65_LH_OR2X4
datapath_module/alu_module/mul_44_34/fopt38742  0.0003924   0.0004522   0.0008447   6.275e-08  HS65_LH_BFX9
datapath_module/alu_module/mul_44_34/FE_OCPC1294_n_578  0.0004077   0.0004357   0.0008436   1.156e-07  HS65_LH_BFX18
datapath_module/alu_module/mul_44_34/g38689  0.0003187   0.0005244   0.0008432   1.248e-07  HS65_LH_NOR2X13
datapath_module/alu_module/mul_44_34/FE_OCPC792_n_1442  0.0005859   0.0002565   0.0008424   6.248e-08  HS65_LH_BFX9
datapath_module/alu_module/sll_42_34/g19792  0.0003429   0.0004995   0.0008424    5.84e-08  HS65_LH_AOI22X6
datapath_module/alu_module/mul_44_34/FE_OCPC789_n_168  0.0004809   0.0003608   0.0008417    6.17e-08  HS65_LH_BFX9
datapath_module/reg_file_module/FE_USKC948_CTS_29  0.0005012   0.0003404   0.0008416   5.463e-08  HS65_LH_BFX7
datapath_module/alu_module/sll_42_34/g19901  0.0001441   0.0006973   0.0008414   4.957e-08  HS65_LH_AND2X4
datapath_module/alu_module/mul_44_34/g36406  0.0003683   0.0004728   0.0008411   5.773e-08  HS65_LH_NOR2AX3
datapath_module/alu_module/mul_44_34/FE_OFC283_n_1097  0.0002036   0.0006372   0.0008408   4.375e-08  HS65_LH_BFX2
datapath_module/alu_module/mul_44_34/g36894  0.0003487   0.0004918   0.0008405   4.048e-08  HS65_LH_NOR2X6
datapath_module/alu_module/mul_44_34/g39202  0.0003203   0.0005193   0.0008396   9.714e-08  HS65_LH_MUX21I1X6
datapath_module/alu_module/sub_35_34/g27372  0.0006509   0.0001886   0.0008395   9.803e-08  HS65_LHS_XNOR2X6
datapath_module/reg_file_module/CTS_ccl_a_buf_00181  0.0005753   0.0002637   0.0008391   6.223e-08  HS65_LH_BFX9
datapath_module/alu_module/sub_35_34/g27090  0.0001782   0.0006604   0.0008387   3.978e-08  HS65_LH_IVX9
datapath_module/alu_module/mul_44_34/g39206  0.0003193   0.0005192   0.0008386   9.747e-08  HS65_LH_MUX21I1X6
datapath_module/alu_module/mul_44_34/FE_OFC304_n_902  0.0002248   0.0006133   0.0008381   4.372e-08  HS65_LH_BFX2
datapath_module/alu_module/sll_42_34/g19809  0.0003448   0.0004925   0.0008373   5.802e-08  HS65_LH_AOI22X6
datapath_module/alu_module/add_34_34/FE_OFC220_n_160  0.0002028   0.0006339   0.0008367   4.375e-08  HS65_LH_BFX2
datapath_module/reg_file_module/CTS_ccl_a_buf_00211  0.0005826    0.000254   0.0008366   6.223e-08  HS65_LH_BFX9
datapath_module/alu_module/g7415  0.0003745   0.0004618   0.0008366   2.152e-07  HS65_LH_NAND2X21
datapath_module/alu_module/sll_42_34/g19874   0.000478   0.0003582   0.0008363   1.137e-07  HS65_LH_MUX21X4
datapath_module/reg_file_module/FE_OCPC1474_write_data_6  0.0003116   0.0005229   0.0008346   6.253e-08  HS65_LH_BFX9
datapath_module/alu_module/srl_43_34/g5824   0.000257   0.0005774   0.0008345   6.137e-08  HS65_LH_MUXI21X2
datapath_module/alu_module/mul_44_34/g36693  0.0003384   0.0004959   0.0008343   5.619e-08  HS65_LH_NAND2X7
datapath_module/alu_module/g7459  0.0001395   0.0006946   0.0008342   7.031e-08  HS65_LH_NAND2X7
datapath_module/alu_module/mul_44_34/g36290  0.0002247   0.0006092    0.000834   3.924e-08  HS65_LH_IVX9
datapath_module/alu_module/sub_35_34/g27336  0.0004507   0.0003828   0.0008336   6.244e-08  HS65_LH_CBI4I1X5
datapath_module/alu_module/mul_44_34/FE_RC_331_0  0.0005487   0.0002841   0.0008329   1.173e-07  HS65_LH_NOR2AX19
datapath_module/reg_file_module/FE_USKC1702_CTS_27  0.0004322   0.0004003   0.0008325   4.891e-08  HS65_LH_BFX4
datapath_module/alu_module/sub_35_34/g27230  0.0002368    0.000595   0.0008319   6.738e-08  HS65_LH_OR2X4
datapath_module/alu_module/g7352  0.0003798   0.0004519   0.0008317   5.696e-08  HS65_LH_AOI212X4
datapath_module/alu_module/mul_44_34/FE_RC_205_0   0.000527   0.0003042   0.0008313   6.061e-08  HS65_LH_AOI12X6
datapath_module/alu_module/add_34_34/g7543  0.0006371    0.000194   0.0008312   8.862e-08  HS65_LH_AO212X4
datapath_module/alu_module/mul_44_34/FE_OCPC739_n  0.0001234   0.0007074   0.0008309   8.029e-08  HS65_LH_IVX18
datapath_module/reg_file_module/g42683  0.0001182   0.0007121   0.0008304   7.992e-08  HS65_LH_NAND3X5
datapath_module/reg_file_module/FE_OFC8_scan_en  7.178e-05   0.0007585   0.0008304   1.154e-07  HS65_LH_BFX18
datapath_module/reg_file_module/CTS_ccl_a_buf_00169  0.0005753   0.0002549   0.0008302   6.223e-08  HS65_LH_BFX9
datapath_module/alu_module/mul_44_34/FE_RC_788_0  0.0002353   0.0005942   0.0008295   3.952e-08  HS65_LH_IVX9
datapath_module/alu_module/sll_42_34/FE_RC_528_0  0.0006292   0.0001995   0.0008287   1.273e-07  HS65_LH_AND2X18
datapath_module/alu_module/mul_44_34/g36607  0.0002127   0.0006158   0.0008286   3.502e-08  HS65_LH_PAOI2X1
datapath_module/alu_module/srl_43_34/g5873  0.0001909   0.0006368   0.0008277   6.207e-08  HS65_LH_MUXI21X2
datapath_module/alu_module/sll_42_34/g19739  0.0003546   0.0004713    0.000826   8.109e-08  HS65_LH_OAI211X5
datapath_module/alu_module/sll_42_34/g19824  0.0002072   0.0006184   0.0008257   6.228e-08  HS65_LH_MUXI21X2
datapath_module/reg_file_module/FE_OCPC1489_n_1121  0.0002627   0.0005621   0.0008248   6.256e-08  HS65_LH_BFX9
datapath_module/reg_file_module/FE_OCPC1200_n_1121  0.0002647   0.0005598   0.0008246   6.256e-08  HS65_LH_BFX9
datapath_module/alu_module/mul_44_34/g37111  0.0001723   0.0006519   0.0008242   3.182e-08  HS65_LH_PAOI2X1
datapath_module/alu_module/mul_44_34/g37035  0.0001604   0.0006635   0.0008239   3.394e-08  HS65_LH_PAOI2X1
datapath_module/alu_module/g7405  0.0002672   0.0005566   0.0008238   1.046e-07  HS65_LH_MX41X4
datapath_module/alu_module/mul_44_34/FE_OCPC1418_read_data1_3  0.0003181   0.0005056   0.0008238   6.218e-08  HS65_LH_BFX9
datapath_module/alu_module/sub_35_34/g27190  0.0001125   0.0007113   0.0008238   3.968e-08  HS65_LH_IVX9
datapath_module/reg_file_module/FE_OCPC1475_n_1167  0.0003894   0.0004342   0.0008236   6.253e-08  HS65_LH_BFX9
datapath_module/alu_module/mul_44_34/g36689  0.0002308   0.0005926   0.0008235   3.939e-08  HS65_LH_IVX9
datapath_module/alu_module/mul_44_34/g37224  0.0002166   0.0006068   0.0008235    4.12e-08  HS65_LH_AOI22X3
datapath_module/alu_module/mul_44_34/g36660  0.0005471   0.0002757   0.0008229   7.219e-08  HS65_LHS_XOR2X3
datapath_module/alu_module/srl_43_34/g5840  0.0003746   0.0004482   0.0008229   4.618e-08  HS65_LH_AOI222X2
datapath_module/alu_module/mul_44_34/FE_RC_141_0  0.0003398   0.0004826   0.0008225   9.883e-08  HS65_LH_NOR2AX13
datapath_module/alu_module/mul_44_34/FE_OCPC1220_read_data2_5  0.0002921   0.0005292   0.0008214   6.211e-08  HS65_LH_BFX9
datapath_module/reg_file_module/g43308  0.0002892   0.0005316    0.000821    1.65e-07  HS65_LH_BFX27
datapath_module/alu_module/mul_44_34/g37045  0.0004177   0.0004029   0.0008209   2.498e-07  HS65_LH_OAI12X24
datapath_module/reg_file_module/reg_memory_reg[1][21]151  0.0008198           0   0.0008201   2.307e-07  HS65_LH_SDFPQX4
datapath_module/alu_module/sll_42_34/g19842  0.0004335    0.000386   0.0008196   1.088e-07  HS65_LH_NAND2X21
datapath_module/alu_module/mul_44_34/g37420    0.00035   0.0004687   0.0008188   6.065e-08  HS65_LH_AO22X4
datapath_module/alu_module/add_34_34/g7728  0.0005286   0.0002893    0.000818   7.608e-08  HS65_LH_CBI4I1X5
datapath_module/alu_module/mul_44_34/g36464  0.0001284   0.0006894   0.0008178    1.71e-08  HS65_LH_NAND2X2
datapath_module/alu_module/mul_44_34/g36752  0.0003798   0.0004377   0.0008175   5.796e-08  HS65_LH_NAND2X7
datapath_module/alu_module/mul_44_34/FE_RC_731_0  0.0004758   0.0003415   0.0008174   1.144e-07  HS65_LH_NAND2X29
datapath_module/alu_module/sll_42_34/g19876  0.0004324   0.0003846   0.0008172    1.12e-07  HS65_LH_MUX21X4
datapath_module/alu_module/sub_35_34/FE_OCPC980_n_10  0.0003177   0.0004987   0.0008164   6.245e-08  HS65_LH_BFX9
datapath_module/reg_file_module/g42855  0.0004184   0.0003975   0.0008162   2.667e-07  HS65_LH_OAI21X24
datapath_module/reg_file_module/g43334  0.0002686   0.0005472   0.0008161    3.43e-07  HS65_LH_IVX71
datapath_module/reg_file_module/drc_bufs43475  2.714e-05   0.0007887   0.0008159   3.899e-08  HS65_LH_IVX9
datapath_module/alu_module/mul_44_34/g37407  0.0003616   0.0004537   0.0008153   5.974e-08  HS65_LH_AO22X4
datapath_module/alu_module/sub_35_34/g27329  0.0002541   0.0005611   0.0008153   7.862e-08  HS65_LH_NOR2AX6
datapath_module/alu_module/mul_44_34/g36759  0.0002238   0.0005907   0.0008145   3.923e-08  HS65_LH_IVX9
datapath_module/alu_module/srl_43_34/g5867  0.0001969   0.0006171    0.000814   6.225e-08  HS65_LH_MUXI21X2
datapath_module/alu_module/mul_44_34/g37804  0.0002131   0.0006003   0.0008135   6.048e-08  HS65_LH_OAI12X6
datapath_module/alu_module/mul_44_34/g38586  0.0003537   0.0004585   0.0008122   9.781e-08  HS65_LH_MUX21I1X6
datapath_module/alu_module/mul_44_34/g36663  0.0005479   0.0002639   0.0008119   7.219e-08  HS65_LHS_XOR2X3
datapath_module/alu_module/sll_42_34/FE_OFC746_n_106  0.0002171   0.0005939    0.000811   4.373e-08  HS65_LH_BFX2
datapath_module/alu_module/mul_44_34/FE_OCPC689_n_166  0.0005251   0.0002855   0.0008107   6.271e-08  HS65_LH_BFX9
datapath_module/alu_module/mul_44_34/g36644  0.0002196   0.0005907   0.0008103   3.966e-08  HS65_LH_IVX9
datapath_module/alu_module/mul_44_34/g37276  0.0002045   0.0006058   0.0008103   3.397e-08  HS65_LH_AOI22X1
datapath_module/reg_file_module/CTS_ccl_a_buf_00155  0.0005825   0.0002276   0.0008102   6.223e-08  HS65_LH_BFX9
datapath_module/alu_module/mul_44_34/FE_OCPC1425_n_140  0.0005817   0.0002282     0.00081   6.224e-08  HS65_LH_BFX9
datapath_module/reg_file_module/FE_USKC940_CTS_50  0.0004991   0.0003108   0.0008099   5.463e-08  HS65_LH_BFX7
datapath_module/alu_module/sub_35_34/FE_OCPC1277_read_data2_4  0.0003269    0.000483   0.0008099   1.147e-07  HS65_LH_BFX18
datapath_module/alu_module/sll_42_34/g20241  0.0002195   0.0005892   0.0008088   6.881e-08  HS65_LH_NOR2AX6
datapath_module/reg_file_module/FE_USKC951_CTS_4  0.0004305    0.000378   0.0008086   4.891e-08  HS65_LH_BFX4
datapath_module/alu_module/mul_44_34/g36318  0.0005237   0.0002846   0.0008086       2e-07  HS65_LH_AND2X35
datapath_module/alu_module/sll_42_34/FE_OFC562_n_58  0.0002631   0.0005443   0.0008075   1.683e-07  HS65_LH_IVX35
datapath_module/reg_file_module/CTS_ccl_a_buf_00159  0.0005743    0.000233   0.0008074   6.223e-08  HS65_LH_BFX9
datapath_module/reg_file_module/CTS_ccl_a_buf_00215  0.0005753   0.0002308   0.0008061   6.223e-08  HS65_LH_BFX9
datapath_module/alu_module/FE_OCPC686_read_data1_1  0.0002224    0.000583   0.0008054   9.946e-08  HS65_LH_BFX13
datapath_module/alu_module/mul_44_34/FE_OCPC1495_n_1452  0.0005883   0.0002167   0.0008051   6.216e-08  HS65_LH_BFX9
datapath_module/alu_module/mul_44_34/g38249  9.247e-05   0.0007114   0.0008039   3.964e-08  HS65_LH_IVX9
datapath_module/alu_module/mul_44_34/FE_OCPC665_n_1770  0.0005892   0.0002145   0.0008038   6.234e-08  HS65_LH_BFX9
datapath_module/alu_module/mul_44_34/FE_OCPC677_read_data2_4  0.0002932   0.0005103   0.0008037   2.104e-07  HS65_LH_IVX44
datapath_module/alu_module/sub_35_34/FE_RC_554_0  0.0002594   0.0005437   0.0008031   4.645e-08  HS65_LH_NAND2X7
datapath_module/alu_module/mul_44_34/g37450   0.000347   0.0004554   0.0008025   6.051e-08  HS65_LH_AO22X4
datapath_module/reg_file_module/drc_bufs43587  2.706e-05   0.0007746   0.0008017   3.899e-08  HS65_LH_IVX9
datapath_module/alu_module/sub_35_34/g27084  0.0005122   0.0002889   0.0008012   7.069e-08  HS65_LH_OA12X9
datapath_module/alu_module/srl_43_34/g5890    0.00035   0.0004506   0.0008008   8.362e-08  HS65_LH_AO12X9
datapath_module/alu_module/mul_44_34/FE_OCPC1379_n_1555  0.0006235   0.0001765   0.0008001   9.991e-08  HS65_LH_BFX13
datapath_module/alu_module/sub_35_34/g27092  0.0004706   0.0003291   0.0007998    7.37e-08  HS65_LH_OA12X9
datapath_module/alu_module/FE_RC_795_0  0.0003134   0.0004863   0.0007998   1.201e-07  HS65_LH_NAND2AX21
datapath_module/alu_module/sub_35_34/g27356  0.0005003   0.0002989   0.0007993   9.905e-08  HS65_LHS_XNOR2X6
datapath_module/alu_module/mul_44_34/g38593  0.0004096   0.0003894   0.0007992   9.845e-08  HS65_LHS_XNOR2X6
datapath_module/alu_module/mul_44_34/g37437  0.0001542   0.0006439   0.0007981   3.343e-08  HS65_LH_AOI22X1
datapath_module/alu_module/mul_44_34/g37855  0.0001395    0.000658   0.0007977   8.029e-08  HS65_LH_IVX18
datapath_module/alu_module/mul_44_34/g37273  0.0001621   0.0006355   0.0007976   3.359e-08  HS65_LH_OAI22X1
datapath_module/alu_module/mul_44_34/g36353   0.000227   0.0005703   0.0007973   3.927e-08  HS65_LH_IVX9
datapath_module/reg_file_module/CTS_ccl_a_buf_00161  0.0005745   0.0002225   0.0007971   6.223e-08  HS65_LH_BFX9
datapath_module/reg_file_module/g6212  0.0006648   0.0001321    0.000797   1.569e-07  HS65_LH_MUX21I1X12
datapath_module/alu_module/mul_44_34/fopt39090  0.0003619    0.000435    0.000797   6.282e-08  HS65_LH_BFX9
datapath_module/reg_file_module/g43180  0.0003849   0.0004117   0.0007968   1.586e-07  HS65_LH_NOR2AX19
datapath_module/reg_file_module/FE_PHC1616_n_1155  8.267e-05   0.0007129   0.0007957   1.171e-07  HS65_LH_BFX18
datapath_module/alu_module/mul_44_34/g37160   0.000523   0.0002725   0.0007957   7.215e-08  HS65_LHS_XOR2X3
datapath_module/reg_file_module/FE_USKC837_CTS_27  0.0005046   0.0002909   0.0007955   5.463e-08  HS65_LH_BFX7
datapath_module/alu_module/drc_bufs7614  3.143e-05   0.0007634   0.0007949   4.006e-08  HS65_LH_IVX9
datapath_module/reg_file_module/FE_OCPC991_n_1133  0.0003885   0.0004062   0.0007947   6.257e-08  HS65_LH_BFX9
datapath_module/alu_module/srl_43_34/g5833   0.000353   0.0004414   0.0007945   5.633e-08  HS65_LH_AO22X4
datapath_module/alu_module/mul_44_34/g37919  0.0001624    0.000632   0.0007944   6.279e-08  HS65_LH_MUXI21X2
datapath_module/reg_file_module/g43287  0.0001332   0.0006609   0.0007943   2.122e-07  HS65_LH_IVX44
datapath_module/alu_module/srl_43_34/g5905  0.0004394   0.0003544   0.0007939   1.128e-07  HS65_LH_MUX21X4
datapath_module/alu_module/mul_44_34/g37337  0.0001402   0.0006534   0.0007937   3.971e-08  HS65_LH_IVX9
datapath_module/alu_module/mul_44_34/g39205  0.0004124   0.0003783   0.0007908   9.742e-08  HS65_LH_MUX21I1X6
datapath_module/alu_module/mul_44_34/g36933  0.0003653   0.0004254   0.0007908    4.83e-08  HS65_LH_NOR2AX3
datapath_module/reg_file_module/FE_OCPC1087_n_1121  0.0004555   0.0003351   0.0007907   1.162e-07  HS65_LH_BFX18
datapath_module/reg_file_module/CTS_ccl_a_buf_00191  0.0005743   0.0002159   0.0007903   6.223e-08  HS65_LH_BFX9
datapath_module/alu_module/mul_44_34/g38352  7.885e-05   0.0007112   0.0007901   3.956e-08  HS65_LH_IVX9
datapath_module/alu_module/add_34_34/g7484  0.0002785   0.0005113   0.0007898   6.923e-08  HS65_LHS_XNOR2X3
datapath_module/reg_file_module/CTS_ccl_a_buf_00189  0.0005754   0.0002143   0.0007897   6.223e-08  HS65_LH_BFX9
datapath_module/alu_module/mul_44_34/FE_PSC1696_read_data2_3  0.0005494     0.00024   0.0007897   2.207e-07  HS65_LH_BFX31
datapath_module/reg_file_module/g43318  0.0003762   0.0004133   0.0007897   2.337e-07  HS65_LH_NOR2X38
datapath_module/reg_file_module/drc_bufs43476  2.708e-05   0.0007623   0.0007894   3.899e-08  HS65_LH_IVX9
datapath_module/reg_file_module/CTS_ccl_a_buf_00243  0.0005743   0.0002121   0.0007865   6.223e-08  HS65_LH_BFX9
datapath_module/reg_file_module/CTS_ccl_a_buf_00187  0.0005745   0.0002115    0.000786   6.223e-08  HS65_LH_BFX9
datapath_module/reg_file_module/FE_USKC1162_CTS_4  0.0004302   0.0003552   0.0007855   4.891e-08  HS65_LH_BFX4
datapath_module/reg_file_module/g42803  0.0004353   0.0003492    0.000785   5.189e-07  HS65_LH_NOR2X50
datapath_module/alu_module/g7401  0.0002564   0.0005285    0.000785   1.012e-07  HS65_LH_MX41X4
datapath_module/alu_module/mul_44_34/FE_OCPC1373_n_3287  0.0004917   0.0002918   0.0007837   2.195e-07  HS65_LH_BFX31
datapath_module/reg_file_module/CTS_ccl_a_buf_00177  0.0005752   0.0002084   0.0007837   6.223e-08  HS65_LH_BFX9
datapath_module/alu_module/mul_44_34/g37130  0.0001644    0.000619   0.0007834   3.164e-08  HS65_LH_PAOI2X1
datapath_module/alu_module/sub_35_34/g27375  0.0004641   0.0003186   0.0007827   6.993e-08  HS65_LHS_XNOR2X3
datapath_module/reg_file_module/FE_OCPC1477_n_1100  0.0004551   0.0003275   0.0007827   6.254e-08  HS65_LH_BFX9
datapath_module/alu_module/mul_44_34/FE_RC_770_0  0.0002305   0.0005521   0.0007826   3.952e-08  HS65_LH_IVX9
datapath_module/alu_module/mul_44_34/g37274  0.0001844    0.000598   0.0007824   3.395e-08  HS65_LH_OAI22X1
datapath_module/alu_module/mul_44_34/g36645  0.0002183   0.0005639   0.0007822   3.966e-08  HS65_LH_IVX9
datapath_module/reg_file_module/FE_USKC908_CTS_27  0.0004344   0.0003469   0.0007814   4.891e-08  HS65_LH_BFX4
datapath_module/alu_module/mul_44_34/g37402  0.0003816   0.0003992   0.0007809   6.048e-08  HS65_LH_AO22X4
datapath_module/alu_module/mul_44_34/g37180  8.168e-05   0.0006988   0.0007806   2.028e-08  HS65_LH_NAND2X2
datapath_module/reg_file_module/FE_USKC1706_CTS_17  0.0004368   0.0003435   0.0007803   4.891e-08  HS65_LH_BFX4
datapath_module/reg_file_module/CTS_ccl_a_buf_00183  0.0005752   0.0002039   0.0007792   6.223e-08  HS65_LH_BFX9
datapath_module/alu_module/mul_44_34/g37363  0.0003544   0.0004245   0.0007789   6.078e-08  HS65_LH_AO22X4
datapath_module/alu_module/sub_35_34/g27076  0.0001819   0.0005951   0.0007771   3.974e-08  HS65_LH_IVX9
datapath_module/alu_module/mul_44_34/g37147  0.0003377   0.0004376   0.0007754   7.014e-08  HS65_LHS_XOR2X3
datapath_module/alu_module/mul_44_34/g39273  0.0003755   0.0003996   0.0007752   9.743e-08  HS65_LH_MUX21I1X6
datapath_module/alu_module/mul_44_34/g36408  0.0001818   0.0005933   0.0007752   2.351e-08  HS65_LH_OAI21X2
datapath_module/reg_file_module/reg_memory_reg[1][22]152  0.0007749           0   0.0007752   2.304e-07  HS65_LH_SDFPQX4
datapath_module/alu_module/FE_OCPC766_read_data1_1   5.18e-05   0.0007233   0.0007751   3.351e-08  HS65_LH_IVX7
datapath_module/alu_module/mul_44_34/g37207  0.0001686   0.0006062   0.0007749   3.384e-08  HS65_LH_OAI22X1
datapath_module/alu_module/mul_44_34/g38415  0.0004343   0.0003398   0.0007742   6.222e-08  HS65_LH_OR2X9
datapath_module/reg_file_module/FE_RC_560_0  0.0005926   0.0001811    0.000774   2.676e-07  HS65_LH_OAI12X24
datapath_module/alu_module/sub_35_34/g27185  0.0002421   0.0005318    0.000774   6.329e-08  HS65_LH_OA12X4
datapath_module/alu_module/sub_35_34/g27201  0.0003872   0.0003861   0.0007735   1.869e-07  HS65_LH_NAND2X21
datapath_module/reg_file_module/CTS_ccl_a_buf_00167  0.0005753    0.000198   0.0007733   6.223e-08  HS65_LH_BFX9
datapath_module/reg_file_module/CTS_ccl_a_buf_00219  0.0005743   0.0001988   0.0007731   6.223e-08  HS65_LH_BFX9
datapath_module/alu_module/sll_42_34/g19882  0.0004563   0.0003163   0.0007727   1.128e-07  HS65_LH_MUX21X4
datapath_module/alu_module/mul_44_34/FE_OCPC732_n_3484   0.000586   0.0001866   0.0007726   6.228e-08  HS65_LH_BFX9
datapath_module/reg_file_module/g6386  0.0006383    0.000133   0.0007714   1.542e-07  HS65_LH_MUX21I1X12
datapath_module/reg_file_module/FE_USKC1183_CTS_18  0.0003598   0.0004114   0.0007712   4.374e-08  HS65_LH_BFX2
datapath_module/reg_file_module/FE_USKC1251_CTS_16  0.0003607   0.0004101   0.0007709   4.374e-08  HS65_LH_BFX2
datapath_module/alu_module/mul_44_34/g38405  0.0003197   0.0004502   0.0007699   5.796e-08  HS65_LH_NOR2AX3
datapath_module/alu_module/mul_44_34/g37261  0.0003413   0.0004285   0.0007699   6.036e-08  HS65_LH_AO22X4
datapath_module/alu_module/sub_35_34/g27121  0.0001447    0.000625   0.0007698   3.933e-08  HS65_LH_IVX9
datapath_module/reg_file_module/g6492  0.0007053     6.4e-05   0.0007696   3.216e-07  HS65_LH_MUX21I1X24
datapath_module/reg_file_module/g6952  0.0006714    9.76e-05   0.0007692   1.569e-07  HS65_LH_MUX21I1X12
datapath_module/alu_module/mul_44_34/g37500  0.0001617   0.0006072   0.0007689   3.242e-08  HS65_LH_NOR2X6
datapath_module/alu_module/srl_43_34/g5903  0.0004192   0.0003495   0.0007688   1.135e-07  HS65_LH_MUX21X4
datapath_module/alu_module/add_34_34/g7639  0.0002087   0.0005587   0.0007674   5.854e-08  HS65_LH_NAND2X7
datapath_module/alu_module/mul_44_34/g36297  0.0002292   0.0005381   0.0007674   3.948e-08  HS65_LH_IVX9
datapath_module/alu_module/mul_44_34/g38385  8.358e-05   0.0006837   0.0007673    3.96e-08  HS65_LH_IVX9
datapath_module/alu_module/g7427  0.0002608   0.0005063   0.0007672   6.639e-08  HS65_LH_AO222X4
datapath_module/alu_module/mul_44_34/FE_OCPC730_n_1871  0.0005876   0.0001788   0.0007665   6.195e-08  HS65_LH_BFX9
datapath_module/alu_module/g7420  0.0003536   0.0004127   0.0007664   1.025e-07  HS65_LH_MX41X4
datapath_module/reg_file_module/CTS_ccl_a_buf_00163  0.0005744   0.0001913   0.0007658   6.223e-08  HS65_LH_BFX9
datapath_module/alu_module/mul_44_34/g37623  0.0004415   0.0003239   0.0007655   1.184e-07  HS65_LH_NAND2X21
datapath_module/alu_module/sub_35_34/g27077  0.0002861    0.000479   0.0007651   4.335e-08  HS65_LH_NOR2X6
datapath_module/alu_module/mul_44_34/g37508  0.0003875   0.0003769   0.0007646   1.033e-07  HS65_LH_NAND2X21
datapath_module/reg_file_module/CTS_ccl_a_buf_00229  0.0005742   0.0001902   0.0007645   6.223e-08  HS65_LH_BFX9
datapath_module/alu_module/sll_42_34/FE_OFC555_n_24  5.831e-05   0.0007061   0.0007645   3.356e-08  HS65_LH_IVX7
datapath_module/reg_file_module/g6683  0.0006643   9.972e-05   0.0007642   1.574e-07  HS65_LH_MUX21I1X12
datapath_module/reg_file_module/FE_RC_405_0  0.0004294   0.0003333    0.000763   2.836e-07  HS65_LH_BFX44
datapath_module/alu_module/sll_42_34/g19735  0.0005555   0.0002065   0.0007621   9.221e-08  HS65_LH_MUX21I1X6
datapath_module/alu_module/srl_43_34/g5799  0.0003917   0.0003691   0.0007608   8.454e-08  HS65_LH_CBI4I1X11
datapath_module/reg_file_module/CTS_ccl_a_buf_00201  0.0005751   0.0001853   0.0007605   6.223e-08  HS65_LH_BFX9
datapath_module/alu_module/mul_44_34/g38588   0.000426   0.0003341   0.0007602   9.649e-08  HS65_LH_MUX21I1X6
datapath_module/alu_module/sll_42_34/g19738  0.0003331   0.0004269   0.0007601   8.132e-08  HS65_LH_OAI211X5
datapath_module/alu_module/srl_43_34/g5910  0.0004575    0.000302   0.0007596   1.136e-07  HS65_LH_MUX21X4
datapath_module/alu_module/mul_44_34/g37191  0.0002821    0.000477   0.0007593   8.755e-08  HS65_LH_NOR2AX13
datapath_module/alu_module/mul_44_34/g37259  0.0001874   0.0005704   0.0007578   3.335e-08  HS65_LH_AOI22X1
datapath_module/reg_file_module/g7006  0.0005295   0.0002272   0.0007568   9.313e-08  HS65_LH_MUX21I1X6
datapath_module/alu_module/sll_42_34/g19760  0.0003596   0.0003971   0.0007567    5.49e-08  HS65_LH_OAI22X6
datapath_module/alu_module/srl_43_34/g5887  0.0001704   0.0005859   0.0007564   4.732e-08  HS65_LH_AND2X4
datapath_module/alu_module/mul_44_34/g37693  0.0002166   0.0005397   0.0007563   3.906e-08  HS65_LH_OAI212X3
datapath_module/alu_module/srl_43_34/g5892  0.0001325   0.0006236   0.0007561   4.663e-08  HS65_LH_AND2X4
datapath_module/alu_module/mul_44_34/g36553  0.0002274   0.0005287   0.0007561   3.986e-08  HS65_LH_IVX9
datapath_module/alu_module/mul_44_34/g37286  0.0001485   0.0006074    0.000756   3.308e-08  HS65_LH_OAI22X1
datapath_module/alu_module/mul_44_34/g36822  0.0001635   0.0005918   0.0007554   2.489e-08  HS65_LH_NOR2X2
datapath_module/alu_module/sll_42_34/g19780  0.0003957   0.0003595   0.0007553   6.633e-08  HS65_LH_AO222X4
datapath_module/alu_module/mul_44_34/FE_OCPC735_FE_RN_9  0.0002326   0.0005224   0.0007551   1.236e-07  HS65_LH_IVX27
datapath_module/alu_module/srl_43_34/fopt6201  5.676e-05   0.0006983   0.0007551   3.972e-08  HS65_LH_IVX9
datapath_module/alu_module/mul_44_34/g37400  0.0001985   0.0005561   0.0007547   7.971e-08  HS65_LH_IVX18
datapath_module/alu_module/mul_44_34/FE_OFC750_n_1014  0.0002696   0.0004848   0.0007544   4.374e-08  HS65_LH_BFX2
datapath_module/reg_file_module/g43267  8.164e-05   0.0006726   0.0007544   1.136e-07  HS65_LH_BFX18
datapath_module/alu_module/mul_44_34/g36367  0.0003731    0.000381   0.0007542   5.768e-08  HS65_LH_NOR2AX3
datapath_module/reg_file_module/g7018  0.0005324   0.0002216   0.0007541   9.399e-08  HS65_LH_MUX21I1X6
datapath_module/reg_file_module/CTS_ccl_a_buf_00193  0.0005753   0.0001785   0.0007538   6.223e-08  HS65_LH_BFX9
datapath_module/alu_module/sub_35_34/g27050  0.0004311   0.0003218   0.0007529   5.443e-08  HS65_LH_AOI212X4
datapath_module/alu_module/mul_44_34/g37874  0.0002983   0.0004541   0.0007525   5.896e-08  HS65_LH_AOI21X6
datapath_module/alu_module/mul_44_34/g37323  0.0002989   0.0004522   0.0007512    5.95e-08  HS65_LH_AO22X4
datapath_module/alu_module/mul_44_34/FE_OCPC663_n_106  0.0002789   0.0004716   0.0007507   1.536e-07  HS65_LH_IVX31
datapath_module/alu_module/mul_44_34/g36539  0.0002209    0.000529   0.0007499   3.959e-08  HS65_LH_IVX9
datapath_module/reg_file_module/g43367  0.0001565   0.0005931   0.0007498   2.106e-07  HS65_LH_IVX44
datapath_module/alu_module/g7307  0.0004994   0.0002502   0.0007497   6.542e-08  HS65_LH_OR3X4
datapath_module/alu_module/add_34_34/g7490   0.000472   0.0002775   0.0007496   7.013e-08  HS65_LHS_XNOR2X3
datapath_module/reg_file_module/g42806  0.0003979   0.0003509   0.0007494   5.196e-07  HS65_LH_NOR2X50
datapath_module/alu_module/mul_44_34/FE_OCPC1127_n_3410  0.0003629   0.0003858   0.0007488   6.222e-08  HS65_LH_BFX9
datapath_module/alu_module/mul_44_34/FE_RC_773_0  0.0001726   0.0005748   0.0007475   3.984e-08  HS65_LH_IVX9
datapath_module/alu_module/srl_43_34/FE_OFC592_n_561  0.0001166   0.0006305   0.0007471   4.375e-08  HS65_LH_BFX2
datapath_module/alu_module/g7347  0.0004621   0.0002845   0.0007467   8.577e-08  HS65_LH_AO212X4
datapath_module/alu_module/add_34_34/g7534   0.000407   0.0003395   0.0007465   7.001e-08  HS65_LHS_XNOR2X3
datapath_module/reg_file_module/CTS_ccl_a_buf_00203  0.0005753   0.0001712   0.0007465   6.223e-08  HS65_LH_BFX9
datapath_module/reg_file_module/g6523  0.0006738   7.225e-05   0.0007462   1.545e-07  HS65_LH_MUX21I1X12
datapath_module/alu_module/mul_44_34/FE_RC_103_0  0.0003465   0.0003988   0.0007454   5.563e-08  HS65_LH_NOR2AX6
datapath_module/alu_module/sub_35_34/g27192  0.0002353   0.0005099   0.0007453   6.355e-08  HS65_LH_OA12X4
datapath_module/reg_file_module/FE_OCPC1492_n_1131   0.000445      0.0003    0.000745   6.256e-08  HS65_LH_BFX9
datapath_module/alu_module/mul_44_34/g38531  0.0004272   0.0003168    0.000744   9.737e-08  HS65_LH_MUX21I1X6
datapath_module/alu_module/mul_44_34/FE_RC_412_0  0.0004478   0.0002961    0.000744   7.276e-08  HS65_LH_NAND2X14
datapath_module/reg_file_module/FE_USKC1150_CTS_6  0.0004365   0.0003069   0.0007435   4.891e-08  HS65_LH_BFX4
IFU_module/instr_mem/fopt786   0.0004558    0.000287   0.0007432   4.068e-07  HS65_LH_BFX62
datapath_module/alu_module/sll_42_34/g19751  0.0004337   0.0003095   0.0007432   6.027e-08  HS65_LH_OAI22X6
datapath_module/reg_file_module/CTS_ccl_a_buf_00179  0.0005751   0.0001677   0.0007428   6.223e-08  HS65_LH_BFX9
datapath_module/alu_module/mul_44_34/FE_OCPC720_n_1900  0.0005331   0.0002096   0.0007427   6.177e-08  HS65_LH_BFX9
datapath_module/reg_file_module/CTS_ccl_a_buf_00205  0.0005742   0.0001684   0.0007426   6.223e-08  HS65_LH_BFX9
datapath_module/alu_module/mul_44_34/g37208  0.0001517   0.0005907   0.0007424   3.376e-08  HS65_LH_AOI22X1
datapath_module/reg_file_module/FE_USKC1156_CTS_27  0.0004332    0.000309   0.0007423   4.891e-08  HS65_LH_BFX4
datapath_module/reg_file_module/FE_USKC1146_CTS_37  0.0004313   0.0003108   0.0007422   4.891e-08  HS65_LH_BFX4
datapath_module/alu_module/mul_44_34/g38584  0.0004044   0.0003371   0.0007416   9.685e-08  HS65_LH_MUX21I1X6
datapath_module/alu_module/mul_44_34/FE_RC_721_0  0.0001721   0.0005694   0.0007415   8.124e-08  HS65_LH_IVX18
datapath_module/alu_module/mul_44_34/FE_OFC524_n_1926  0.0002243   0.0005171   0.0007415   3.966e-08  HS65_LH_IVX9
datapath_module/reg_file_module/CTS_ccl_a_buf_00153  0.0005824   0.0001589   0.0007414   6.223e-08  HS65_LH_BFX9
datapath_module/alu_module/mul_44_34/g37144  0.0004645   0.0002764    0.000741   7.209e-08  HS65_LHS_XOR2X3
datapath_module/reg_file_module/g6184  0.0006432   9.749e-05   0.0007408    1.56e-07  HS65_LH_MUX21I1X12
datapath_module/alu_module/mul_44_34/g37217  0.0003183   0.0004222   0.0007406   6.007e-08  HS65_LH_AO22X4
datapath_module/alu_module/sll_42_34/g19740  0.0005825   0.0001578   0.0007404   8.097e-08  HS65_LH_OAI112X5
datapath_module/reg_file_module/FE_USKC945_CTS_47  0.0005014   0.0002384   0.0007399   5.463e-08  HS65_LH_BFX7
datapath_module/alu_module/mul_44_34/g37256   0.000162   0.0005777   0.0007398   3.391e-08  HS65_LH_AOI22X1
datapath_module/alu_module/mul_44_34/FE_OCPC1236_n_2255  0.0002959   0.0004434   0.0007393   6.235e-08  HS65_LH_BFX9
datapath_module/alu_module/FE_RC_345_0  0.0004123   0.0003255    0.000738    1.54e-07  HS65_LH_NAND2AX29
datapath_module/alu_module/add_34_34/g7734  0.0003744   0.0003628   0.0007372   5.812e-08  HS65_LH_CBI4I6X5
datapath_module/alu_module/mul_44_34/g37108  0.0002008   0.0005357   0.0007366   3.428e-08  HS65_LH_PAOI2X1
datapath_module/reg_file_module/CTS_ccl_a_buf_00227  0.0005751   0.0001612   0.0007364   6.223e-08  HS65_LH_BFX9
datapath_module/reg_file_module/FE_USKC903_CTS_37  0.0004319   0.0003044   0.0007363   4.891e-08  HS65_LH_BFX4
datapath_module/alu_module/mul_44_34/g37680  0.0002363      0.0005   0.0007363    5.97e-08  HS65_LH_NOR2AX6
datapath_module/alu_module/mul_44_34/g37151  0.0004546   0.0002815   0.0007361   7.211e-08  HS65_LHS_XOR2X3
datapath_module/alu_module/mul_44_34/FE_RC_573_0  0.0004306   0.0003053    0.000736    7.16e-08  HS65_LH_NAND2X14
datapath_module/alu_module/mul_44_34/g37250  0.0003466   0.0003892   0.0007359   6.193e-08  HS65_LH_OA22X4
datapath_module/alu_module/mul_44_34/FE_OCPC755_n_800  0.0002815   0.0004542   0.0007357   6.188e-08  HS65_LH_BFX9
datapath_module/alu_module/mul_44_34/FE_RC_243_0  0.0002546   0.0004806   0.0007353   1.223e-07  HS65_LH_IVX27
datapath_module/alu_module/sll_42_34/g19737  0.0003961   0.0003379   0.0007341   5.994e-08  HS65_LH_OAI22X6
datapath_module/reg_file_module/FE_USKC847_CTS_16  0.0005038   0.0002302   0.0007341   5.463e-08  HS65_LH_BFX7
datapath_module/reg_file_module/drc_bufs43462  2.654e-05   0.0007074    0.000734   3.899e-08  HS65_LH_IVX9
datapath_module/reg_file_module/fopt43629   0.000243   0.0004902   0.0007337   5.086e-07  HS65_LH_IVX106
control_module/alu_control_reg[2]   0.000388   0.0003454   0.0007336    1.37e-07  HS65_LH_LDLQX9
datapath_module/alu_module/mul_44_34/g37260  0.0001602   0.0005731   0.0007334   3.299e-08  HS65_LH_OAI22X1
datapath_module/reg_file_module/CTS_ccl_a_buf_00233  0.0005751   0.0001581   0.0007333   6.223e-08  HS65_LH_BFX9
datapath_module/alu_module/mul_44_34/g37334  0.0001494   0.0005835   0.0007329   3.265e-08  HS65_LH_OAI22X1
datapath_module/alu_module/mul_44_34/g36590  0.0001698   0.0005627   0.0007326   3.356e-08  HS65_LH_IVX7
datapath_module/alu_module/srl_43_34/g5818  0.0002702   0.0004617   0.0007319   6.108e-08  HS65_LH_MUXI21X2
datapath_module/alu_module/mul_44_34/FE_RC_462_0  0.0002902   0.0004407    0.000731   7.931e-08  HS65_LH_NOR2X13
datapath_module/alu_module/g7396  0.0002729   0.0004572   0.0007302   1.025e-07  HS65_LH_MX41X4
datapath_module/alu_module/sub_35_34/g27312  0.0001461   0.0005824   0.0007286   5.383e-08  HS65_LH_NAND2AX4
datapath_module/alu_module/sub_35_34/g27243  0.0003381   0.0003898    0.000728   1.342e-07  HS65_LH_NOR2X19
datapath_module/alu_module/mul_44_34/FE_OCPC1436_n_3273  0.0001649   0.0005629   0.0007279    6.17e-08  HS65_LH_BFX9
datapath_module/reg_file_module/g7667  0.0001432   0.0005843   0.0007275   1.135e-07  HS65_LH_OR2X18
datapath_module/alu_module/mul_44_34/g37611  0.0001123    0.000615   0.0007274   3.099e-08  HS65_LH_NOR2X6
datapath_module/alu_module/mul_44_34/g37134  0.0002029   0.0005241   0.0007271   3.436e-08  HS65_LH_PAOI2X1
datapath_module/alu_module/mul_44_34/g39246  0.0003424   0.0003843   0.0007268   9.036e-08  HS65_LH_NOR2AX13
datapath_module/alu_module/mul_44_34/FE_OFC254_n_1078  0.0002232   0.0005035   0.0007268   4.375e-08  HS65_LH_BFX2
datapath_module/alu_module/add_34_34/g7727  0.0003121   0.0004142   0.0007263   5.802e-08  HS65_LH_CBI4I1X5
datapath_module/alu_module/mul_44_34/g37485  0.0003492   0.0003763   0.0007256   9.363e-08  HS65_LH_NOR2X19
datapath_module/alu_module/mul_44_34/g38447  0.0003124   0.0004128   0.0007254    8.92e-08  HS65_LH_NAND2AX14
datapath_module/alu_module/sub_35_34/g27196  0.0001991   0.0005261   0.0007253   6.371e-08  HS65_LH_AND2X4
datapath_module/alu_module/sll_42_34/FE_OCPC688_n_724  0.0001674   0.0005578   0.0007253    6.18e-08  HS65_LH_BFX9
datapath_module/alu_module/mul_44_34/FE_RC_156_0  0.0001667   0.0005584   0.0007251   1.932e-08  HS65_LH_NAND2X4
datapath_module/reg_file_module/g42584  0.0001258   0.0005992   0.0007251    6.82e-08  HS65_LH_NAND3X5
datapath_module/alu_module/FE_RC_552_0  0.0003853   0.0003392   0.0007247   1.188e-07  HS65_LH_OAI21X12
datapath_module/alu_module/sll_42_34/g19820   0.000291   0.0004336   0.0007247   6.541e-08  HS65_LH_MUX21I1X3
datapath_module/alu_module/mul_44_34/FE_OCPC1085_n_595  0.0003366    0.000388   0.0007246    6.22e-08  HS65_LH_BFX9
datapath_module/alu_module/mul_44_34/FE_RC_798_0  0.0003494   0.0003748   0.0007243   1.318e-07  HS65_LH_NAND2AX21
datapath_module/alu_module/mul_44_34/FE_OCPC691_FE_RN_14  0.0003622   0.0003614   0.0007237   9.979e-08  HS65_LH_BFX13
datapath_module/alu_module/mul_44_34/g37456  0.0001846   0.0005389   0.0007236   5.316e-08  HS65_LH_AND2X4
datapath_module/reg_file_module/CTS_ccl_a_buf_00241   0.000575   0.0001484   0.0007235   6.223e-08  HS65_LH_BFX9
datapath_module/alu_module/srl_43_34/g5806  0.0003265   0.0003968   0.0007234   6.837e-08  HS65_LH_NAND2X14
datapath_module/alu_module/sll_42_34/FE_OCPC1280_n_71  0.0004147   0.0003084   0.0007232   1.167e-07  HS65_LH_BFX18
datapath_module/reg_file_module/CTS_ccl_a_buf_00270  0.0005105   0.0002127   0.0007232   5.463e-08  HS65_LH_BFX7
datapath_module/alu_module/mul_44_34/g36962  0.0001256   0.0005974   0.0007231   4.177e-08  HS65_LH_NAND2AX4
datapath_module/reg_file_module/CTS_ccl_a_buf_00209  0.0005743   0.0001487    0.000723   6.223e-08  HS65_LH_BFX9
datapath_module/alu_module/srl_43_34/g5884  0.0003487   0.0003743    0.000723   6.583e-08  HS65_LH_MUX21I1X3
datapath_module/alu_module/mul_44_34/g2  0.0002128     0.00051   0.0007229    3.65e-08  HS65_LH_PAOI2X1
datapath_module/reg_file_module/FE_OCPC1478_n_1099  0.0004548   0.0002677   0.0007225   6.254e-08  HS65_LH_BFX9
datapath_module/alu_module/mul_44_34/g37365  0.0002218   0.0005002    0.000722   3.405e-08  HS65_LH_OAI22X1
datapath_module/reg_file_module/FE_USKC858_CTS_43  0.0005027    0.000219   0.0007218   5.463e-08  HS65_LH_BFX7
datapath_module/reg_file_module/FE_USKC1698_CTS_1  0.0004295   0.0002918   0.0007214   4.891e-08  HS65_LH_BFX4
datapath_module/alu_module/mul_44_34/g37897  0.0002841    0.000437   0.0007212    6.39e-08  HS65_LH_AOI12X6
datapath_module/alu_module/mul_44_34/FE_OCPC657_n_167  0.0004854   0.0002355    0.000721   6.276e-08  HS65_LH_BFX9
datapath_module/alu_module/mul_44_34/g38419  0.0004317    0.000289   0.0007208   6.056e-08  HS65_LH_AND2X4
datapath_module/reg_file_module/g42711  0.0003322   0.0003874     0.00072    3.84e-07  HS65_LH_NOR2X38
datapath_module/alu_module/mul_44_34/g37292  0.0003455   0.0003743   0.0007199   6.193e-08  HS65_LH_OA22X4
datapath_module/alu_module/mul_44_34/g38563  0.0003838   0.0003356   0.0007195   9.764e-08  HS65_LH_MUX21I1X6
datapath_module/reg_file_module/g43310_dup  0.0003491   0.0003702   0.0007195    2.03e-07  HS65_LH_AND2X27
datapath_module/reg_file_module/FE_USKC1703_CTS_27  0.0004994   0.0002199   0.0007194   5.463e-08  HS65_LH_BFX7
datapath_module/alu_module/mul_44_34/g36712  0.0002156   0.0005036   0.0007193   3.968e-08  HS65_LH_IVX9
datapath_module/alu_module/sll_42_34/g19752   0.000412    0.000307    0.000719   6.018e-08  HS65_LH_OAI22X6
datapath_module/reg_file_module/g6724  0.0006301   8.882e-05    0.000719   1.566e-07  HS65_LH_MUX21I1X12
datapath_module/reg_file_module/g42894  0.0003773   0.0003412    0.000719   5.307e-07  HS65_LH_NOR2X50
datapath_module/reg_file_module/FE_USKC838_CTS_37  0.0005042   0.0002146   0.0007188   5.463e-08  HS65_LH_BFX7
datapath_module/alu_module/mul_44_34/FE_RC_474_0  0.0004125   0.0003049   0.0007176   1.253e-07  HS65_LH_NAND2X21
datapath_module/alu_module/srl_43_34/g5828  0.0003058   0.0004117   0.0007176   5.602e-08  HS65_LH_AO22X4
datapath_module/alu_module/mul_44_34/g37297  0.0003214    0.000396   0.0007174   6.009e-08  HS65_LH_AO22X4
datapath_module/alu_module/mul_44_34/g37252  0.0001858   0.0005305   0.0007163   3.307e-08  HS65_LH_AOI22X1
datapath_module/alu_module/mul_44_34/g37710   0.000246     0.00047    0.000716    3.82e-08  HS65_LH_AOI212X2
datapath_module/alu_module/sll_42_34/g19903  8.845e-05   0.0006272   0.0007156   2.957e-08  HS65_LH_NAND2X7
datapath_module/alu_module/mul_44_34/g37327   0.000187   0.0005285   0.0007155     3.4e-08  HS65_LH_OAI22X1
datapath_module/alu_module/add_34_34/g7511  0.0004396   0.0002754   0.0007151   7.014e-08  HS65_LHS_XNOR2X3
datapath_module/alu_module/mul_44_34/FE_RC_195_0  0.0003601   0.0003542   0.0007145   9.569e-08  HS65_LH_NAND2AX14
datapath_module/alu_module/mul_44_34/g37574  0.0003892   0.0003245   0.0007138   9.766e-08  HS65_LH_CBI4I6X9
datapath_module/reg_file_module/FE_OCPC1302_n_2454  0.0001386    0.000575   0.0007136   6.206e-08  HS65_LH_BFX9
datapath_module/alu_module/mul_44_34/FE_OFC231_n_962  0.0002229   0.0004903   0.0007133   4.375e-08  HS65_LH_BFX2
datapath_module/alu_module/mul_44_34/FE_OCPC1259_FE_RN_20  0.0003424   0.0003705    0.000713   9.963e-08  HS65_LH_BFX13
datapath_module/reg_file_module/FE_PHC1524_n_1151  6.515e-05   0.0006473   0.0007126       1e-07  HS65_LH_BFX13
datapath_module/reg_file_module/FE_USKC1177_CTS_2  0.0003596   0.0003529   0.0007125   4.374e-08  HS65_LH_BFX2
datapath_module/reg_file_module/FE_USKC927_CTS_16   0.000498   0.0002144   0.0007125   5.463e-08  HS65_LH_BFX7
datapath_module/reg_file_module/FE_OCPC1503_FE_RN_145_0  0.0002588   0.0004535   0.0007124   6.256e-08  HS65_LH_BFX9
datapath_module/alu_module/mul_44_34/g37316  0.0001713    0.000541   0.0007124   3.342e-08  HS65_LH_OAI22X1
datapath_module/alu_module/mul_44_34/g37542  0.0001317   0.0005803    0.000712   3.923e-08  HS65_LH_IVX9
datapath_module/alu_module/sll_42_34/g19887  0.0004448   0.0002669   0.0007118   1.119e-07  HS65_LH_MUX21X4
datapath_module/reg_file_module/FE_USKC854_CTS_27  0.0005032   0.0002083   0.0007116   5.463e-08  HS65_LH_BFX7
datapath_module/reg_file_module/g43329   0.000323   0.0003883   0.0007115    2.03e-07  HS65_LH_AND2X27
datapath_module/reg_file_module/FE_USKC856_CTS_37   0.000505   0.0002064   0.0007115   5.463e-08  HS65_LH_BFX7
datapath_module/alu_module/srl_43_34/g5869  0.0003298   0.0003812   0.0007111   6.586e-08  HS65_LH_MUX21I1X3
datapath_module/alu_module/srl_43_34/g5805     0.0002   0.0005107   0.0007107   3.698e-08  HS65_LH_NAND2X7
datapath_module/reg_file_module/g6537  0.0005245   0.0001856   0.0007102   9.356e-08  HS65_LH_MUX21I1X6
datapath_module/alu_module/mul_44_34/g37473  0.0003528    0.000357   0.0007099   1.126e-07  HS65_LH_AND2X18
datapath_module/alu_module/sll_42_34/g19821  0.0001888   0.0005208   0.0007097   6.212e-08  HS65_LH_MUXI21X2
datapath_module/reg_file_module/CTS_ccl_a_buf_00213  0.0005751   0.0001344   0.0007095   6.223e-08  HS65_LH_BFX9
datapath_module/alu_module/sub_35_34/g27184   0.000274   0.0004351   0.0007092   6.444e-08  HS65_LH_OA12X4
datapath_module/reg_file_module/g6461  0.0006201   8.777e-05    0.000708   1.571e-07  HS65_LH_MUX21I1X12
datapath_module/alu_module/srl_43_34/g5897  0.0003635    0.000343   0.0007067   1.374e-07  HS65_LH_NAND2X29
datapath_module/reg_file_module/g42657   0.000426   0.0002788   0.0007051   3.043e-07  HS65_LH_OA12X35
datapath_module/alu_module/srl_43_34/g5926  0.0004197   0.0002852    0.000705   1.134e-07  HS65_LH_MUX21X4
datapath_module/alu_module/mul_44_34/g36775  0.0001626    0.000542   0.0007046   2.454e-08  HS65_LH_NAND2X2
datapath_module/reg_file_module/g7248  0.0002302   0.0004732   0.0007037   2.429e-07  HS65_LH_OR2ABX35
datapath_module/alu_module/mul_44_34/g36426  0.0001561   0.0005474   0.0007036   2.467e-08  HS65_LH_NAND2X2
datapath_module/alu_module/mul_44_34/g37544  0.0002155   0.0004876   0.0007032    5.63e-08  HS65_LH_AOI21X6
datapath_module/alu_module/mul_44_34/g37568  0.0003212   0.0003817    0.000703   9.773e-08  HS65_LH_CBI4I6X9
datapath_module/reg_file_module/FE_USKC918_CTS_50  0.0003601   0.0003424   0.0007026   4.374e-08  HS65_LH_BFX2
datapath_module/reg_file_module/CTS_ccl_a_buf_00171  0.0005741   0.0001284   0.0007026   6.223e-08  HS65_LH_BFX9
datapath_module/alu_module/srl_43_34/g5820  0.0002226   0.0004798   0.0007025   6.121e-08  HS65_LH_MUXI21X2
datapath_module/alu_module/mul_44_34/g38252  3.414e-05   0.0006681   0.0007023   4.002e-08  HS65_LH_IVX9
datapath_module/alu_module/mul_44_34/g36442  0.0002231   0.0004786   0.0007018   3.959e-08  HS65_LH_IVX9
datapath_module/alu_module/add_34_34/g7644   0.000224   0.0004775   0.0007016   5.931e-08  HS65_LH_NAND2X7
datapath_module/reg_file_module/FE_USKC1149_CTS_37  0.0004345   0.0002669   0.0007015   4.891e-08  HS65_LH_BFX4
datapath_module/reg_file_module/g6326    0.00053   0.0001713   0.0007014   9.392e-08  HS65_LH_MUX21I1X6
datapath_module/alu_module/mul_44_34/FE_OFC221_n_1110  0.0002408   0.0004592      0.0007   4.375e-08  HS65_LH_BFX2
datapath_module/alu_module/add_34_34/g7607  0.0002926    0.000407   0.0006998   1.406e-07  HS65_LH_NOR2X25
datapath_module/alu_module/sub_35_34/g27108  0.0004804   0.0002193   0.0006997   6.777e-08  HS65_LH_OA212X4
datapath_module/reg_file_module/FE_OCPC1293_n_2480  0.0004136   0.0002833   0.0006972   3.401e-07  HS65_LH_BFX53
datapath_module/reg_file_module/drc_bufs43595  1.951e-05   0.0006771   0.0006967   3.894e-08  HS65_LH_IVX9
datapath_module/alu_module/mul_44_34/g37415   0.000217   0.0004784   0.0006954   3.451e-08  HS65_LH_AOI12X2
datapath_module/alu_module/sub_35_34/g27104  0.0004031   0.0002914   0.0006946   6.181e-08  HS65_LH_OA12X4
datapath_module/alu_module/mul_44_34/g38351  7.821e-05   0.0006162   0.0006944   3.352e-08  HS65_LH_IVX7
datapath_module/reg_file_module/g7023  0.0005272    0.000167   0.0006943   9.348e-08  HS65_LH_MUX21I1X6
datapath_module/alu_module/mul_44_34/g36430  0.0001325   0.0005614   0.0006939   1.795e-08  HS65_LH_NAND2X2
datapath_module/reg_file_module/g6745   0.000522   0.0001709    0.000693   9.346e-08  HS65_LH_MUX21I1X6
datapath_module/alu_module/mul_44_34/g37338  0.0001501   0.0005428   0.0006929    3.43e-08  HS65_LH_OAI22X1
datapath_module/reg_file_module/FE_USKC915_CTS_44  0.0004345   0.0002579   0.0006925   4.891e-08  HS65_LH_BFX4
datapath_module/alu_module/sub_35_34/g27335  0.0003869   0.0003051    0.000692    5.33e-08  HS65_LH_CBI4I1X5
datapath_module/reg_file_module/FE_RC_737_0  0.0004645   0.0002264   0.0006912    3.36e-07  HS65_LH_AOI31X41
datapath_module/reg_file_module/FE_USKC939_CTS_50  0.0005001   0.0001907   0.0006908   5.463e-08  HS65_LH_BFX7
datapath_module/reg_file_module/g42556  0.0001626   0.0005281   0.0006907   8.633e-08  HS65_LH_AO212X4
datapath_module/alu_module/sub_35_34/g27136  0.0002118   0.0004788   0.0006906   3.797e-08  HS65_LH_NOR2X6
datapath_module/reg_file_module/FE_USKC1161_CTS_4  0.0003595   0.0003306   0.0006901   4.374e-08  HS65_LH_BFX2
datapath_module/reg_file_module/FE_RC_483_0  0.0001808   0.0005089   0.0006899   2.067e-07  HS65_LH_IVX44
datapath_module/alu_module/sll_42_34/g19916  0.0002444    0.000445   0.0006895    7.83e-08  HS65_LH_NOR2X13
datapath_module/alu_module/mul_44_34/g37783   0.000233   0.0004558   0.0006889   6.115e-08  HS65_LH_OAI12X6
datapath_module/reg_file_module/g6346  0.0005915    9.63e-05    0.000688   1.556e-07  HS65_LH_MUX21I1X12
datapath_module/alu_module/mul_44_34/g37462  0.0002046    0.000483   0.0006877    5.15e-08  HS65_LH_AND2X4
datapath_module/alu_module/add_34_34/g7684_dup  0.0002477   0.0004397   0.0006876   9.798e-08  HS65_LH_NOR2X13
datapath_module/alu_module/mul_44_34/g37416  0.0003136   0.0003735   0.0006872   5.966e-08  HS65_LH_AO22X4
datapath_module/alu_module/mul_44_34/FE_RC_476_0  0.0004379   0.0002491   0.0006872   1.289e-07  HS65_LH_NAND2X29
datapath_module/alu_module/srl_43_34/g5842  0.0002849   0.0004022   0.0006871   4.498e-08  HS65_LH_AOI222X2
datapath_module/reg_file_module/g6325  0.0005317   0.0001553    0.000687   9.378e-08  HS65_LH_MUX21I1X6
datapath_module/alu_module/mul_44_34/g38010  0.0001739    0.000513    0.000687   6.265e-08  HS65_LH_MUXI21X2
datapath_module/reg_file_module/g42735  0.0004263   0.0002601   0.0006866   2.279e-07  HS65_LH_AOI12X35
datapath_module/reg_file_module/g6621  0.0004914   0.0001952   0.0006866   9.372e-08  HS65_LH_MUX21I1X6
datapath_module/reg_file_module/FE_OFC65_n_2499  6.755e-05    0.000619   0.0006866    6.16e-08  HS65_LH_BFX9
datapath_module/reg_file_module/g7015  0.0005325   0.0001539   0.0006865     9.4e-08  HS65_LH_MUX21I1X6
datapath_module/reg_file_module/g7008  0.0005315   0.0001549   0.0006864   9.386e-08  HS65_LH_MUX21I1X6
datapath_module/alu_module/mul_44_34/FE_OCPC1143_FE_RN_10  0.0004259   0.0002602   0.0006861   6.164e-08  HS65_LH_BFX9
datapath_module/alu_module/srl_43_34/g5880  0.0002003   0.0004855   0.0006859   6.231e-08  HS65_LH_MUXI21X2
datapath_module/reg_file_module/g7009  0.0005322   0.0001533   0.0006856   9.404e-08  HS65_LH_MUX21I1X6
datapath_module/alu_module/mul_44_34/g37428  0.0001501   0.0005351   0.0006853   3.434e-08  HS65_LH_OAI22X1
datapath_module/reg_file_module/g43261  4.767e-05   0.0006375   0.0006852   6.154e-08  HS65_LH_BFX9
datapath_module/reg_file_module/g6739   0.000519   0.0001657   0.0006848   9.365e-08  HS65_LH_MUX21I1X6
datapath_module/alu_module/mul_44_34/g37204  0.0001372   0.0005468   0.0006841   3.663e-08  HS65_LH_AOI21X2
datapath_module/reg_file_module/g6264  0.0005249   0.0001582   0.0006833   9.317e-08  HS65_LH_MUX21I1X6
datapath_module/alu_module/mul_44_34/FE_RC_470_0  0.0005129   0.0001702   0.0006832   1.412e-07  HS65_LH_NOR2AX13
datapath_module/alu_module/g7388  0.0004196   0.0002634   0.0006831   7.305e-08  HS65_LH_AO12X9
datapath_module/alu_module/FE_RC_753_0  0.0003753   0.0003075   0.0006829   1.525e-07  HS65_LH_AOI211X9
datapath_module/alu_module/mul_44_34/g37440  0.0003447   0.0003375   0.0006823   6.143e-08  HS65_LH_OA22X4
datapath_module/reg_file_module/FE_PHC1643_n_1146  0.0001643   0.0005175   0.0006821   3.251e-07  HS65_LH_BFX49
datapath_module/alu_module/sll_42_34/g19753  0.0004059    0.000276    0.000682   5.994e-08  HS65_LH_OAI22X6
datapath_module/alu_module/mul_44_34/g36447  0.0001312   0.0005508   0.0006819   1.791e-08  HS65_LH_NAND2X2
datapath_module/alu_module/mul_44_34/g39201  0.0003714   0.0003102   0.0006818   9.793e-08  HS65_LH_MUX21I1X6
datapath_module/reg_file_module/g6277  0.0005237   0.0001575   0.0006813   9.387e-08  HS65_LH_MUX21I1X6
datapath_module/alu_module/add_34_34/g7669  0.0002082    0.000473   0.0006812   5.528e-08  HS65_LH_OR2X4
datapath_module/reg_file_module/g7011   0.000537   0.0001437   0.0006808   9.393e-08  HS65_LH_MUX21I1X6
datapath_module/alu_module/sll_42_34/g19881  0.0004816   0.0001985   0.0006802   1.136e-07  HS65_LH_MUX21X4
datapath_module/alu_module/sub_35_34/g27357  0.0005329   0.0001471   0.0006802   9.895e-08  HS65_LHS_XNOR2X6
datapath_module/alu_module/srl_43_34/g5881  0.0002105   0.0004693   0.0006798   6.233e-08  HS65_LH_MUXI21X2
datapath_module/alu_module/mul_44_34/g36300  0.0002174   0.0004624   0.0006798   3.987e-08  HS65_LH_IVX9
datapath_module/alu_module/mul_44_34/g37492  0.0002414   0.0004383   0.0006798   5.889e-08  HS65_LH_NAND2X11
datapath_module/alu_module/FE_OCPC1467_write_data_23   0.000392   0.0002876   0.0006796   6.196e-08  HS65_LH_BFX9
datapath_module/reg_file_module/g42621  0.0003465   0.0003327   0.0006796   4.346e-07  HS65_LH_NOR3X26
datapath_module/alu_module/mul_44_34/g37150  0.0003755   0.0003038   0.0006794   6.824e-08  HS65_LHS_XNOR2X3
datapath_module/alu_module/mul_44_34/g39216  0.0003677   0.0003114   0.0006792   9.718e-08  HS65_LH_MUX21I1X6
datapath_module/alu_module/srl_43_34/g5874  0.0001993   0.0004799   0.0006792   6.209e-08  HS65_LH_MUXI21X2
datapath_module/reg_file_module/FE_USKC909_CTS_27  0.0005035   0.0001756   0.0006791   5.463e-08  HS65_LH_BFX7
datapath_module/alu_module/mul_44_34/FE_RC_158_0  0.0003487     0.00033   0.0006788   5.426e-08  HS65_LH_NAND2X7
datapath_module/reg_file_module/g6905  0.0004808   0.0001972   0.0006781   9.349e-08  HS65_LH_MUX21I1X6
datapath_module/alu_module/sub_35_34/g27202   7.62e-05   0.0006014   0.0006776   3.626e-08  HS65_LH_NOR2X2
datapath_module/reg_file_module/g6321  0.0005296   0.0001479   0.0006775   9.356e-08  HS65_LH_MUX21I1X6
datapath_module/alu_module/add_34_34/FE_OCPC673_read_data2_4  0.0002542   0.0004232   0.0006775   9.942e-08  HS65_LH_BFX13
datapath_module/alu_module/mul_44_34/g37393  0.0001541   0.0005226   0.0006768   3.303e-08  HS65_LH_OAI22X1
datapath_module/alu_module/add_34_34/g7620  9.213e-05   0.0005844   0.0006766   2.978e-08  HS65_LH_NOR2X2
datapath_module/alu_module/mul_44_34/FE_OCPC1459_n_2255  0.0002944   0.0003817   0.0006762   6.235e-08  HS65_LH_BFX9
datapath_module/alu_module/srl_43_34/g5847  0.0002572    0.000419   0.0006762   5.349e-08  HS65_LH_AO22X4
datapath_module/reg_file_module/g6533  0.0005211   0.0001549   0.0006761   9.354e-08  HS65_LH_MUX21I1X6
datapath_module/alu_module/mul_44_34/g37339  0.0001468   0.0005291    0.000676   3.329e-08  HS65_LH_OAI22X1
datapath_module/reg_file_module/FE_OCPC1502_n_1100   0.000456   0.0002198   0.0006758   6.254e-08  HS65_LH_BFX9
datapath_module/reg_file_module/g7012  0.0005325   0.0001433   0.0006758     9.4e-08  HS65_LH_MUX21I1X6
datapath_module/alu_module/mul_44_34/g37486  0.0002915    0.000384   0.0006756   9.337e-08  HS65_LH_NAND2AX14
datapath_module/alu_module/mul_44_34/g37439  0.0001487   0.0005268   0.0006756   3.297e-08  HS65_LH_OAI22X1
datapath_module/reg_file_module/g6866  0.0004875   0.0001876   0.0006752   9.357e-08  HS65_LH_MUX21I1X6
datapath_module/alu_module/sub_35_34/FE_RC_515_0  0.0003064   0.0003683   0.0006748   1.061e-07  HS65_LH_NOR2AX13
datapath_module/alu_module/add_34_34/g7547  0.0004317   0.0002424   0.0006743   1.342e-07  HS65_LH_OAI12X12
datapath_module/alu_module/mul_44_34/g38143  0.0003262   0.0003479   0.0006742   8.655e-08  HS65_LH_OR2ABX9
datapath_module/alu_module/mul_44_34/g36865  0.0001636   0.0005102   0.0006738   3.907e-08  HS65_LH_IVX9
datapath_module/alu_module/mul_44_34/g37277  0.0001981   0.0004755   0.0006736   3.388e-08  HS65_LH_OAI22X1
datapath_module/reg_file_module/FE_OCPC1083_n_1112  0.0003259    0.000347   0.0006729   6.256e-08  HS65_LH_BFX9
datapath_module/reg_file_module/FE_USKC926_CTS_16  0.0004336   0.0002392   0.0006729   4.891e-08  HS65_LH_BFX4
datapath_module/alu_module/add_34_34/FE_RC_295_0  0.0003181   0.0003542   0.0006725   1.358e-07  HS65_LH_NAND2X14
control_module/alu_control_reg[1]  0.0003518   0.0003205   0.0006724   1.372e-07  HS65_LH_LDLQX9
datapath_module/reg_file_module/FE_PHC1668_n_1069  0.0003466   0.0003251   0.0006722   4.657e-07  HS65_LH_BFX71
datapath_module/reg_file_module/g6744     0.0005   0.0001721   0.0006721   9.271e-08  HS65_LH_MUX21I1X6
datapath_module/reg_file_module/FE_USKC1250_CTS_16  0.0003606   0.0003113   0.0006719   4.374e-08  HS65_LH_BFX2
datapath_module/reg_file_module/g6995  0.0005291   0.0001421   0.0006713   9.389e-08  HS65_LH_MUX21I1X6
datapath_module/alu_module/mul_44_34/g36787  0.0003726   0.0002986   0.0006713   8.114e-08  HS65_LH_IVX18
datapath_module/alu_module/srl_43_34/g5883  0.0001602   0.0005108   0.0006711   6.191e-08  HS65_LH_MUXI21X2
datapath_module/reg_file_module/g6996  0.0005266   0.0001444   0.0006711   9.419e-08  HS65_LH_MUX21I1X6
datapath_module/alu_module/add_34_34/g7615  0.0001093   0.0005617    0.000671   2.875e-08  HS65_LH_NOR2X2
datapath_module/alu_module/sll_42_34/g19801  0.0002943   0.0003762   0.0006705   7.735e-08  HS65_LH_NAND2X21
datapath_module/alu_module/mul_44_34/FE_OCPC1057_FE_RN_4  0.0004047    0.000265   0.0006698   1.156e-07  HS65_LH_BFX18
datapath_module/reg_file_module/g6997  0.0005012   0.0001684   0.0006696    9.34e-08  HS65_LH_MUX21I1X6
datapath_module/alu_module/mul_44_34/g37394  0.0001579   0.0005114   0.0006692   3.323e-08  HS65_LH_OAI22X1
datapath_module/alu_module/mul_44_34/g36465   0.000158   0.0005104   0.0006685   2.519e-08  HS65_LH_NAND2X2
datapath_module/alu_module/mul_44_34/g37287  0.0003946   0.0002733    0.000668   6.038e-08  HS65_LH_AO22X4
datapath_module/reg_file_module/FE_OFC390_n_3058  9.374e-05   0.0005741   0.0006679   4.372e-08  HS65_LH_BFX2
datapath_module/alu_module/srl_43_34/g5834  0.0003293   0.0003385   0.0006678   5.164e-08  HS65_LH_OAI222X2
datapath_module/alu_module/sll_42_34/FE_OCPC1285_n_94  0.0002308   0.0004367   0.0006675   6.254e-08  HS65_LH_BFX9
datapath_module/alu_module/mul_44_34/g36892  0.0002203   0.0004472   0.0006675   2.518e-08  HS65_LH_NAND2X4
datapath_module/reg_file_module/FE_USKC1159_CTS_4  0.0004363    0.000231   0.0006673   4.891e-08  HS65_LH_BFX4
datapath_module/alu_module/FE_PSC1691_write_data_3  0.0003045   0.0003621   0.0006667   6.254e-08  HS65_LH_BFX9
datapath_module/reg_file_module/CTS_ccl_a_buf_00272  0.0005103   0.0001562   0.0006666   5.463e-08  HS65_LH_BFX7
datapath_module/reg_file_module/g43183  0.0003487   0.0003165   0.0006654   1.902e-07  HS65_LH_AND2X27
datapath_module/alu_module/mul_44_34/g36717  0.0001877   0.0004776   0.0006653   3.237e-08  HS65_LH_PAOI2X1
datapath_module/reg_file_module/g43637  0.0002657   0.0003992   0.0006651   2.058e-07  HS65_LH_NOR2AX25
datapath_module/alu_module/sll_42_34/g19750  0.0003147   0.0003502    0.000665   5.277e-08  HS65_LH_OAI22X6
datapath_module/reg_file_module/g6200   0.000521   0.0001437   0.0006648   9.319e-08  HS65_LH_MUX21I1X6
datapath_module/reg_file_module/g6546   0.000519   0.0001456   0.0006647   9.375e-08  HS65_LH_MUX21I1X6
datapath_module/reg_file_module/g7024  0.0005315    0.000133   0.0006646   9.343e-08  HS65_LH_MUX21I1X6
datapath_module/reg_file_module/g6324  0.0005298   0.0001345   0.0006644   9.341e-08  HS65_LH_MUX21I1X6
datapath_module/alu_module/mul_44_34/g37077  0.0001425   0.0005219   0.0006644   2.744e-08  HS65_LH_NOR2X2
datapath_module/reg_file_module/FE_OCPC1494_n_1100  0.0004549   0.0002092   0.0006642   6.254e-08  HS65_LH_BFX9
datapath_module/alu_module/mul_44_34/g38152  0.0003168   0.0003468   0.0006637   8.549e-08  HS65_LH_OR2ABX9
datapath_module/reg_file_module/FE_USKC857_CTS_50  0.0004337   0.0002298   0.0006636   4.891e-08  HS65_LH_BFX4
datapath_module/alu_module/srl_43_34/g5797  0.0002542   0.0004086   0.0006629   4.627e-08  HS65_LH_CBI4I1X5
datapath_module/reg_file_module/g6115  0.0005316    0.000131   0.0006628   1.565e-07  HS65_LH_MUX21I1X12
datapath_module/reg_file_module/g6960  0.0005863   7.631e-05   0.0006628   1.567e-07  HS65_LH_MUX21I1X12
datapath_module/reg_file_module/g6620  0.0004948   0.0001679   0.0006628   9.372e-08  HS65_LH_MUX21I1X6
datapath_module/alu_module/mul_44_34/g38403  0.0003664   0.0002955   0.0006619   5.774e-08  HS65_LH_NOR2AX3
datapath_module/reg_file_module/g6545  0.0005154   0.0001464   0.0006619   9.375e-08  HS65_LH_MUX21I1X6
datapath_module/alu_module/sub_35_34/g27088  0.0002824   0.0003793   0.0006617   5.566e-08  HS65_LH_NAND2X7
datapath_module/alu_module/g7402  0.0002307   0.0004304   0.0006613   1.028e-07  HS65_LH_MX41X4
datapath_module/alu_module/mul_44_34/g36475  0.0003011   0.0003601   0.0006612   4.337e-08  HS65_LH_NOR2AX3
datapath_module/alu_module/mul_44_34/g37303  0.0001511     0.00051   0.0006612   3.298e-08  HS65_LH_OAI22X1
datapath_module/alu_module/mul_44_34/FE_OFC247_n_976   0.000234    0.000427   0.0006611   4.375e-08  HS65_LH_BFX2
datapath_module/alu_module/sll_42_34/FE_RC_553_0   0.000353   0.0003078   0.0006609   8.801e-08  HS65_LH_OAI22X11
datapath_module/alu_module/add_34_34/g7568  0.0004924   0.0001684   0.0006608   6.475e-08  HS65_LH_AO112X4
datapath_module/reg_file_module/FE_OCPC1309_n_2466  0.0001086   0.0005522   0.0006608   6.182e-08  HS65_LH_BFX9
datapath_module/reg_file_module/g6870  0.0004881   0.0001723   0.0006605   9.353e-08  HS65_LH_MUX21I1X6
datapath_module/reg_file_module/FE_USKC913_CTS_29  0.0004338   0.0002266   0.0006604   4.891e-08  HS65_LH_BFX4
datapath_module/alu_module/sll_42_34/g19729  0.0002848   0.0003755   0.0006604   6.136e-08  HS65_LH_MUXI21X2
datapath_module/alu_module/mul_44_34/g37311  0.0001498   0.0005104   0.0006602   3.324e-08  HS65_LH_OAI22X1
datapath_module/reg_file_module/g7007  0.0005328   0.0001272   0.0006601   9.366e-08  HS65_LH_MUX21I1X6
datapath_module/reg_file_module/g43193  0.0002829    0.000377     0.00066   1.363e-07  HS65_LH_NAND2X21
datapath_module/alu_module/srl_43_34/g5878  0.0002542   0.0004057     0.00066   6.613e-08  HS65_LH_MUX21I1X3
datapath_module/alu_module/mul_44_34/g36505  0.0003748    0.000285   0.0006599   5.059e-08  HS65_LH_NOR2AX3
datapath_module/reg_file_module/g7017  0.0005308   0.0001284   0.0006593   9.405e-08  HS65_LH_MUX21I1X6
datapath_module/reg_file_module/g6747  0.0004824   0.0001765    0.000659   9.323e-08  HS65_LH_MUX21I1X6
datapath_module/reg_file_module/g7013  0.0005361    0.000122   0.0006583   9.396e-08  HS65_LH_MUX21I1X6
datapath_module/reg_file_module/g7025  0.0005304   0.0001277   0.0006582   9.367e-08  HS65_LH_MUX21I1X6
datapath_module/alu_module/mul_44_34/g37982  0.0001918   0.0004662   0.0006581   6.252e-08  HS65_LH_MUXI21X2
datapath_module/alu_module/mul_44_34/g37310  0.0001718    0.000486   0.0006578   3.411e-08  HS65_LH_AOI22X1
datapath_module/reg_file_module/g7014  0.0005333   0.0001241   0.0006576   9.402e-08  HS65_LH_MUX21I1X6
datapath_module/alu_module/srl_43_34/g5829  0.0002901   0.0003668    0.000657   5.561e-08  HS65_LH_AO22X4
datapath_module/alu_module/sub_35_34/g27150  0.0004107   0.0002461   0.0006569   1.421e-07  HS65_LH_XOR2X4
datapath_module/alu_module/sll_42_34/g19736  0.0003971   0.0002596   0.0006568       6e-08  HS65_LH_OAI22X6
datapath_module/alu_module/sll_42_34/g19906  6.823e-05   0.0005871   0.0006554   3.989e-08  HS65_LH_IVX9
datapath_module/alu_module/mul_44_34/g38101  0.0001674   0.0004878   0.0006553   6.241e-08  HS65_LH_MUXI21X2
datapath_module/reg_file_module/g6693  0.0005295   0.0001255   0.0006551   9.364e-08  HS65_LH_MUX21I1X6
datapath_module/alu_module/add_34_34/FE_OCPC1233_n_129  0.0003279   0.0003268   0.0006548   6.191e-08  HS65_LH_BFX9
datapath_module/reg_file_module/g43302_dup  0.0003496   0.0003046   0.0006545   2.943e-07  HS65_LH_NOR2X50
datapath_module/alu_module/srl_43_34/g5895  0.0001374    0.000517   0.0006544   3.848e-08  HS65_LH_NOR2X6
datapath_module/alu_module/mul_44_34/g37922  0.0001563   0.0004978   0.0006541   6.272e-08  HS65_LH_MUXI21X2
datapath_module/alu_module/mul_44_34/g37344  0.0001941   0.0004586   0.0006527   3.424e-08  HS65_LH_AOI22X1
datapath_module/reg_file_module/g6547  0.0005204   0.0001321   0.0006526   9.381e-08  HS65_LH_MUX21I1X6
datapath_module/alu_module/sub_35_34/g27155    0.00018   0.0004724   0.0006524   5.031e-08  HS65_LH_OR2X4
datapath_module/alu_module/mul_44_34/g36510  0.0001815   0.0004708   0.0006523   2.233e-08  HS65_LH_OAI21X2
datapath_module/reg_file_module/CTS_ccl_a_buf_00274  0.0005103   0.0001414   0.0006518   5.463e-08  HS65_LH_BFX7
datapath_module/alu_module/mul_44_34/g37362  0.0001485    0.000503   0.0006516   3.348e-08  HS65_LH_OAI22X1
datapath_module/reg_file_module/g6276  0.0005137   0.0001377   0.0006515   9.352e-08  HS65_LH_MUX21I1X6
datapath_module/alu_module/sub_35_34/FE_RC_516_0   0.000214   0.0004373   0.0006514   7.655e-08  HS65_LH_NAND2X14
datapath_module/alu_module/mul_44_34/g37461  0.0001533   0.0004968   0.0006501   4.499e-08  HS65_LH_NAND2X7
datapath_module/reg_file_module/FE_USKC1172_CTS_43  0.0004349    0.000215   0.0006499   4.891e-08  HS65_LH_BFX4
datapath_module/reg_file_module/g7004  0.0005294   0.0001204   0.0006499   9.347e-08  HS65_LH_MUX21I1X6
datapath_module/alu_module/sub_35_34/FE_RC_584_0  9.721e-05   0.0005526   0.0006498   3.965e-08  HS65_LH_IVX9
datapath_module/alu_module/mul_44_34/g37119  0.0001969   0.0004528   0.0006498   3.436e-08  HS65_LH_PAOI2X1
datapath_module/alu_module/mul_44_34/g36365  0.0001695   0.0004798   0.0006494   8.202e-08  HS65_LH_IVX18
datapath_module/reg_file_module/g6310  0.0004692     0.00018   0.0006493   9.328e-08  HS65_LH_MUX21I1X6
datapath_module/reg_file_module/g6319  0.0005098   0.0001393   0.0006492    9.31e-08  HS65_LH_MUX21I1X6
datapath_module/alu_module/sll_42_34/g19802  0.0001758   0.0004729   0.0006487   6.506e-08  HS65_LH_NAND2X7
datapath_module/reg_file_module/FE_USKC1254_CTS_50  0.0004323   0.0002159   0.0006482   4.891e-08  HS65_LH_BFX4
datapath_module/reg_file_module/FE_USKC849_CTS_43   0.000432   0.0002159    0.000648   4.891e-08  HS65_LH_BFX4
datapath_module/alu_module/mul_44_34/g38104  0.0005181   0.0001293   0.0006476   1.958e-07  HS65_LH_NOR2AX19
datapath_module/alu_module/srl_43_34/g5945   0.000118   0.0005295   0.0006476   3.742e-08  HS65_LH_NOR2X6
datapath_module/alu_module/srl_43_34/g5915  0.0003805   0.0002668   0.0006474   1.125e-07  HS65_LH_MUX21X4
datapath_module/reg_file_module/g6596  0.0005565    9.07e-05   0.0006473    1.57e-07  HS65_LH_MUX21I1X12
datapath_module/reg_file_module/FE_USKC1247_CTS_37  0.0003578   0.0002888   0.0006466   4.374e-08  HS65_LH_BFX2
datapath_module/alu_module/srl_43_34/g5848  0.0002732   0.0003731   0.0006464   5.471e-08  HS65_LH_AO22X4
datapath_module/alu_module/srl_43_34/g5822  0.0002595   0.0003868   0.0006463   6.114e-08  HS65_LH_MUXI21X2
datapath_module/alu_module/srl_43_34/FE_RC_744_0  0.0004122   0.0002339   0.0006463   1.701e-07  HS65_LH_NAND2AX21
datapath_module/alu_module/mul_44_34/FE_OCPC1363_n_679  0.0002431   0.0004026   0.0006457   6.184e-08  HS65_LH_BFX9
datapath_module/alu_module/sub_35_34/g27083  0.0001576    0.000487   0.0006446   3.332e-08  HS65_LH_NOR2X6
datapath_module/reg_file_module/FE_USKC942_CTS_43  0.0004985   0.0001457   0.0006443   5.463e-08  HS65_LH_BFX7
datapath_module/reg_file_module/g6916  0.0004893   0.0001545   0.0006439    9.37e-08  HS65_LH_MUX21I1X6
datapath_module/reg_file_module/g6322  0.0005309   0.0001127   0.0006437   9.391e-08  HS65_LH_MUX21I1X6
datapath_module/alu_module/add_34_34/g7691  0.0001694   0.0004741   0.0006435   3.847e-08  HS65_LH_NAND2X7
datapath_module/alu_module/sub_35_34/g27124  0.0003587   0.0002836   0.0006424   6.151e-08  HS65_LH_OA12X4
datapath_module/reg_file_module/g6925  0.0004886   0.0001534   0.0006422   9.359e-08  HS65_LH_MUX21I1X6
datapath_module/alu_module/mul_44_34/g37412  0.0001398    0.000502   0.0006418   3.397e-08  HS65_LH_AOI21X2
datapath_module/alu_module/add_34_34/g7557  0.0003484   0.0002928   0.0006413    5.64e-08  HS65_LH_OAI212X3
datapath_module/reg_file_module/g6384  0.0004821   0.0001584   0.0006406   9.359e-08  HS65_LH_MUX21I1X6
datapath_module/alu_module/mul_44_34/g37216  0.0001943   0.0004461   0.0006405   3.395e-08  HS65_LH_AOI22X1
datapath_module/alu_module/mul_44_34/g37930  0.0001586   0.0004818   0.0006405   6.235e-08  HS65_LH_MUXI21X2
datapath_module/reg_file_module/g6750  0.0004932    0.000147   0.0006403   9.366e-08  HS65_LH_MUX21I1X6
datapath_module/reg_file_module/g6536  0.0005095   0.0001307   0.0006402   9.342e-08  HS65_LH_MUX21I1X6
datapath_module/reg_file_module/FE_USKC904_CTS_37  0.0004979   0.0001422   0.0006402   5.463e-08  HS65_LH_BFX7
datapath_module/reg_file_module/FE_USKC1152_CTS_6  0.0003565   0.0002834     0.00064   4.374e-08  HS65_LH_BFX2
datapath_module/reg_file_module/g6198  0.0005223   0.0001174   0.0006398   9.359e-08  HS65_LH_MUX21I1X6
datapath_module/alu_module/sll_42_34/g19890  0.0001805   0.0004591   0.0006396    6.16e-08  HS65_LH_MUXI21X2
datapath_module/alu_module/add_34_34/g7491  0.0003993   0.0002402   0.0006396   7.062e-08  HS65_LHS_XNOR2X3
datapath_module/alu_module/mul_44_34/FE_PSC1692_n_60   0.000202    0.000437   0.0006391   6.247e-08  HS65_LH_BFX9
datapath_module/alu_module/sll_42_34/g19856   0.000392   0.0002469    0.000639   1.225e-07  HS65_LH_NAND2X21
datapath_module/reg_file_module/drc_bufs43562  1.907e-05   0.0006198   0.0006389   3.894e-08  HS65_LH_IVX9
datapath_module/reg_file_module/g6331  0.0005159   0.0001229   0.0006388   9.294e-08  HS65_LH_MUX21I1X6
datapath_module/alu_module/mul_44_34/g37179  0.0001562   0.0004821   0.0006383   4.242e-08  HS65_LH_NAND2AX4
datapath_module/reg_file_module/g6659   0.000527   0.0001111   0.0006382    9.31e-08  HS65_LH_MUX21I1X6
datapath_module/reg_file_module/g6320  0.0005287   0.0001093   0.0006381   9.355e-08  HS65_LH_MUX21I1X6
datapath_module/alu_module/g7462  0.0002495   0.0003885   0.0006381   1.425e-07  HS65_LH_NAND2X14
datapath_module/alu_module/srl_43_34/FE_OFC269_n_117  0.0002609   0.0003769   0.0006378   4.372e-08  HS65_LH_BFX2
datapath_module/alu_module/srl_43_34/g5911  0.0003947   0.0002423   0.0006372   1.125e-07  HS65_LH_MUX21X4
datapath_module/reg_file_module/g6989  0.0005422   9.486e-05   0.0006372   1.572e-07  HS65_LH_MUX21I1X12
datapath_module/reg_file_module/g6345  0.0005553   8.166e-05   0.0006371   1.557e-07  HS65_LH_MUX21I1X12
datapath_module/alu_module/mul_44_34/g37607  0.0001096   0.0005275   0.0006371   3.351e-08  HS65_LH_NAND2X7
datapath_module/reg_file_module/g6737  0.0005162   0.0001204   0.0006366   9.324e-08  HS65_LH_MUX21I1X6
datapath_module/reg_file_module/g42749  0.0003468   0.0002892   0.0006362   1.909e-07  HS65_LH_NOR2X38
datapath_module/reg_file_module/FE_USKC950_CTS_4  0.0004364   0.0001997   0.0006361   4.891e-08  HS65_LH_BFX4
datapath_module/alu_module/sll_42_34/g19883   0.000384   0.0002516   0.0006357   1.133e-07  HS65_LH_MUX21X4
datapath_module/reg_file_module/g6661  0.0005298    0.000105   0.0006349   9.369e-08  HS65_LH_MUX21I1X6
datapath_module/alu_module/mul_44_34/g37468  0.0002281   0.0004065   0.0006347   5.586e-08  HS65_LH_AND2X4
datapath_module/reg_file_module/g6760   0.000495   0.0001394   0.0006346   9.355e-08  HS65_LH_MUX21I1X6
datapath_module/alu_module/sll_42_34/g19771  0.0003134   0.0003208   0.0006343   4.421e-08  HS65_LH_AOI222X2
datapath_module/reg_file_module/g6698   0.000488   0.0001456   0.0006337   9.362e-08  HS65_LH_MUX21I1X6
datapath_module/reg_file_module/g7345  0.0001375    0.000496   0.0006337   1.684e-07  HS65_LH_BFX27
datapath_module/reg_file_module/g6327  0.0005301    0.000103   0.0006332   9.406e-08  HS65_LH_MUX21I1X6
datapath_module/alu_module/mul_44_34/g36336  0.0004356   0.0001975   0.0006332   7.231e-08  HS65_LH_NOR2X19
datapath_module/reg_file_module/fopt43422  7.417e-05   0.0005586   0.0006328   8.003e-08  HS65_LH_IVX18
datapath_module/alu_module/mul_44_34/g37436  0.0001557   0.0004768   0.0006326   3.383e-08  HS65_LH_AOI22X1
datapath_module/reg_file_module/g7010  0.0005295   0.0001029   0.0006324    9.42e-08  HS65_LH_MUX21I1X6
datapath_module/alu_module/srl_43_34/g5928  0.0001819   0.0004503   0.0006323   6.193e-08  HS65_LH_MUXI21X2
datapath_module/alu_module/g7403  0.0002861   0.0003461   0.0006323   1.039e-07  HS65_LH_MX41X4
datapath_module/reg_file_module/g6357  0.0004836   0.0001484    0.000632   9.337e-08  HS65_LH_MUX21I1X6
datapath_module/reg_file_module/g6887  0.0004882   0.0001432   0.0006315   9.352e-08  HS65_LH_MUX21I1X6
datapath_module/reg_file_module/g6759  0.0004948    0.000136   0.0006309   9.337e-08  HS65_LH_MUX21I1X6
datapath_module/reg_file_module/g6543  0.0004685   0.0001621   0.0006306   9.327e-08  HS65_LH_MUX21I1X6
datapath_module/alu_module/mul_44_34/FE_RC_333_0  0.0003734   0.0002571   0.0006306   5.429e-08  HS65_LH_NAND2X14
datapath_module/reg_file_module/g6275  0.0004784    0.000152   0.0006306   9.343e-08  HS65_LH_MUX21I1X6
datapath_module/reg_file_module/g6287  0.0004311   0.0001993   0.0006305    9.31e-08  HS65_LH_MUX21I1X6
datapath_module/reg_file_module/g6890  0.0004897   0.0001401   0.0006299   9.365e-08  HS65_LH_MUX21I1X6
datapath_module/reg_file_module/g6934    0.00055   7.901e-05   0.0006291   1.566e-07  HS65_LH_MUX21I1X12
datapath_module/reg_file_module/g6269  0.0005069   0.0001218   0.0006287   9.272e-08  HS65_LH_MUX21I1X6
datapath_module/reg_file_module/g6749  0.0004919   0.0001367   0.0006287   9.352e-08  HS65_LH_MUX21I1X6
datapath_module/reg_file_module/g6532  0.0005023   0.0001258   0.0006282   9.295e-08  HS65_LH_MUX21I1X6
datapath_module/alu_module/mul_44_34/g37280  0.0003196   0.0003085   0.0006281   5.973e-08  HS65_LH_AO22X4
datapath_module/reg_file_module/g6377  0.0004611   0.0001668   0.0006281    9.33e-08  HS65_LH_MUX21I1X6
datapath_module/reg_file_module/g6691  0.0005196   0.0001077   0.0006275   9.336e-08  HS65_LH_MUX21I1X6
datapath_module/alu_module/sll_42_34/g19872  0.0003768   0.0002498   0.0006267   1.124e-07  HS65_LH_MUX21X4
datapath_module/reg_file_module/g6619  0.0004931   0.0001333   0.0006266   9.359e-08  HS65_LH_MUX21I1X6
datapath_module/alu_module/mul_44_34/g37467  0.0002295   0.0003968   0.0006264   5.076e-08  HS65_LH_AND2X4
datapath_module/alu_module/mul_44_34/FE_OCPC1070_n_2980  0.0003452    0.000281   0.0006263   6.188e-08  HS65_LH_BFX9
datapath_module/reg_file_module/g43304   0.000182   0.0004435   0.0006258   2.881e-07  HS65_LH_IVX62
datapath_module/reg_file_module/g6874  0.0004862   0.0001394   0.0006257   9.367e-08  HS65_LH_MUX21I1X6
datapath_module/alu_module/FE_RC_796_0  4.518e-05   0.0005804   0.0006256   3.999e-08  HS65_LH_IVX9
datapath_module/reg_file_module/FE_USKC1248_CTS_37  0.0003581   0.0002672   0.0006253   4.374e-08  HS65_LH_BFX2
datapath_module/alu_module/sll_42_34/g19841  0.0001479    0.000477   0.0006249   7.931e-08  HS65_LH_IVX18
datapath_module/reg_file_module/g6285  0.0004938    0.000131   0.0006249   9.369e-08  HS65_LH_MUX21I1X6
datapath_module/reg_file_module/g6298  0.0004941   0.0001301   0.0006243   9.355e-08  HS65_LH_MUX21I1X6
datapath_module/reg_file_module/g6766  0.0004952   0.0001288   0.0006241   9.367e-08  HS65_LH_MUX21I1X6
datapath_module/reg_file_module/g6734  0.0004825   0.0001415   0.0006241   9.339e-08  HS65_LH_MUX21I1X6
datapath_module/alu_module/mul_44_34/g36327  0.0002682   0.0003554   0.0006236     2.9e-08  HS65_LH_NAND2X7
datapath_module/alu_module/srl_43_34/g5927  0.0003381   0.0002852   0.0006235    1.09e-07  HS65_LH_MUX21X4
datapath_module/reg_file_module/g7003  0.0004959   0.0001273   0.0006233   9.263e-08  HS65_LH_MUX21I1X6
datapath_module/alu_module/mul_44_34/g36571  0.0001456   0.0004773   0.0006229   2.059e-08  HS65_LH_NAND2X2
datapath_module/reg_file_module/FE_OCPC1468_write_data_18  0.0003956   0.0002263    0.000622   6.257e-08  HS65_LH_BFX9
datapath_module/alu_module/mul_44_34/g37839  0.0002916   0.0003302   0.0006219   8.713e-08  HS65_LH_OA12X9
datapath_module/reg_file_module/FE_USKC1176_CTS_17  0.0004336   0.0001882   0.0006219   4.891e-08  HS65_LH_BFX4
datapath_module/reg_file_module/g6762  0.0004916   0.0001298   0.0006215   9.371e-08  HS65_LH_MUX21I1X6
datapath_module/alu_module/srl_43_34/g5877  0.0001822   0.0004392   0.0006214   6.227e-08  HS65_LH_MUXI21X2
datapath_module/reg_file_module/g6394  0.0004896   0.0001315   0.0006212   9.356e-08  HS65_LH_MUX21I1X6
datapath_module/reg_file_module/g6197  0.0005143   0.0001067   0.0006211   9.302e-08  HS65_LH_MUX21I1X6
datapath_module/alu_module/mul_44_34/g38768  0.0002749   0.0003459    0.000621   9.813e-08  HS65_LH_MUX21I1X6
datapath_module/reg_file_module/g6980  0.0004496   0.0001707   0.0006204   9.276e-08  HS65_LH_MUX21I1X6
datapath_module/alu_module/g7378  0.0003802     0.00024   0.0006202   8.299e-08  HS65_LH_AO212X4
datapath_module/reg_file_module/g6284  0.0004934   0.0001263   0.0006198   9.357e-08  HS65_LH_MUX21I1X6
datapath_module/alu_module/sub_35_34/g27065  0.0003657    0.000254   0.0006196   4.358e-08  HS65_LH_OAI13X5
datapath_module/reg_file_module/drc_bufs43571  1.897e-05   0.0006003   0.0006194   3.894e-08  HS65_LH_IVX9
datapath_module/reg_file_module/g6690   0.000484   0.0001352   0.0006193   9.339e-08  HS65_LH_MUX21I1X6
datapath_module/reg_file_module/g6535  0.0005008   0.0001183   0.0006192   9.311e-08  HS65_LH_MUX21I1X6
datapath_module/alu_module/mul_44_34/g37085   0.000138   0.0004812   0.0006191   2.399e-08  HS65_LH_NAND2X2
datapath_module/alu_module/mul_44_34/g38024  9.626e-05   0.0005227    0.000619   3.959e-08  HS65_LH_IVX9
datapath_module/alu_module/sll_42_34/FE_OCPC1033_n_5  0.0002301   0.0003885   0.0006186   6.212e-08  HS65_LH_BFX9
datapath_module/reg_file_module/FE_USKC1249_CTS_37  0.0003605   0.0002579   0.0006184   4.374e-08  HS65_LH_BFX2
datapath_module/alu_module/add_34_34/g7519  0.0004178   0.0002006   0.0006184   7.036e-08  HS65_LHS_XNOR2X3
datapath_module/reg_file_module/g6782  0.0005529   6.522e-05   0.0006183   1.546e-07  HS65_LH_MUX21I1X12
datapath_module/alu_module/mul_44_34/g39210  0.0002746   0.0003436   0.0006182   9.811e-08  HS65_LH_MUX21I1X6
datapath_module/reg_file_module/g6756  0.0004925   0.0001254    0.000618   9.338e-08  HS65_LH_MUX21I1X6
datapath_module/alu_module/sub_35_34/g27302  0.0001585   0.0004593   0.0006178   4.767e-08  HS65_LH_NOR2AX3
datapath_module/alu_module/mul_44_34/FE_OCPC1073_read_data2_3  0.0001846   0.0004329   0.0006176   6.199e-08  HS65_LH_BFX9
datapath_module/alu_module/sll_42_34/g19867  0.0003664   0.0002501   0.0006167   1.129e-07  HS65_LH_MUX21X4
datapath_module/alu_module/srl_43_34/FE_RC_592_0  0.0003161   0.0003001   0.0006164   1.766e-07  HS65_LH_OR2X27
datapath_module/alu_module/g7382   0.000447   0.0001691   0.0006163   1.196e-07  HS65_LH_AOI212X9
datapath_module/alu_module/mul_44_34/FE_RC_218_0  0.0003146   0.0003013   0.0006159   8.155e-08  HS65_LH_NAND2AX14
datapath_module/reg_file_module/g6835  0.0004821   0.0001329   0.0006151   9.356e-08  HS65_LH_MUX21I1X6
datapath_module/alu_module/mul_44_34/g37133  0.0004403   0.0001746    0.000615   5.983e-08  HS65_LH_PAO2X4
datapath_module/reg_file_module/FE_USKC907_CTS_27  0.0004326   0.0001821   0.0006148   4.891e-08  HS65_LH_BFX4
datapath_module/alu_module/mul_44_34/g37255  0.0001482   0.0004665   0.0006148   3.279e-08  HS65_LH_OAI22X1
datapath_module/reg_file_module/FE_USKC855_CTS_16  0.0005041   0.0001104   0.0006146   5.463e-08  HS65_LH_BFX7
datapath_module/alu_module/mul_44_34/g37345  0.0001441   0.0004703   0.0006145   3.372e-08  HS65_LH_OAI22X1
datapath_module/reg_file_module/g6295  0.0004932   0.0001211   0.0006144   9.359e-08  HS65_LH_MUX21I1X6
datapath_module/alu_module/sll_42_34/g19762  0.0003824   0.0002316    0.000614   6.069e-08  HS65_LH_AOI312X4
datapath_module/alu_module/mul_44_34/g38084  0.0002326   0.0003812   0.0006139   6.248e-08  HS65_LH_MUXI21X2
datapath_module/reg_file_module/FE_OCPC1099_write_data_24  0.0003636     0.00025   0.0006137   6.252e-08  HS65_LH_BFX9
datapath_module/reg_file_module/g6312  0.0004903   0.0001233   0.0006137   9.341e-08  HS65_LH_MUX21I1X6
datapath_module/reg_file_module/g42600  0.0002512    0.000362   0.0006133   9.138e-08  HS65_LH_NAND4ABX3
datapath_module/reg_file_module/FE_USKC912_CTS_43  0.0005024   0.0001105   0.0006129   5.463e-08  HS65_LH_BFX7
datapath_module/reg_file_module/g6658  0.0004999   0.0001129   0.0006129   9.272e-08  HS65_LH_MUX21I1X6
datapath_module/alu_module/add_34_34/g7738  0.0003801   0.0002325   0.0006127    7.83e-08  HS65_LH_CBI4I1X5
datapath_module/alu_module/mul_44_34/g37231  0.0001659   0.0004467   0.0006126   3.301e-08  HS65_LH_OAI22X1
datapath_module/alu_module/mul_44_34/g37221  0.0001478   0.0004645   0.0006123     3.3e-08  HS65_LH_OAI22X1
datapath_module/alu_module/srl_43_34/g5907  0.0001776   0.0004346   0.0006122   6.158e-08  HS65_LH_MUXI21X2
datapath_module/reg_file_module/g6761  0.0004957   0.0001157   0.0006115   9.369e-08  HS65_LH_MUX21I1X6
datapath_module/reg_file_module/g6311  0.0004825   0.0001288   0.0006114   9.321e-08  HS65_LH_MUX21I1X6
datapath_module/alu_module/mul_44_34/g37254  0.0001322    0.000479   0.0006112   3.338e-08  HS65_LH_OAI22X1
datapath_module/reg_file_module/g6393  0.0004869    0.000124    0.000611   9.352e-08  HS65_LH_MUX21I1X6
datapath_module/alu_module/mul_44_34/g37670  0.0003542   0.0002566   0.0006109   1.053e-07  HS65_LH_NOR2AX13
datapath_module/reg_file_module/g6391  0.0004731   0.0001375   0.0006107   9.331e-08  HS65_LH_MUX21I1X6
datapath_module/reg_file_module/g6888  0.0004886   0.0001217   0.0006103   9.361e-08  HS65_LH_MUX21I1X6
datapath_module/alu_module/sll_42_34/g19761  0.0003678   0.0002424   0.0006103   5.472e-08  HS65_LH_OAI22X6
datapath_module/reg_file_module/g6894  0.0004883   0.0001213   0.0006097   9.361e-08  HS65_LH_MUX21I1X6
datapath_module/reg_file_module/g6299  0.0004941   0.0001155   0.0006097   9.364e-08  HS65_LH_MUX21I1X6
datapath_module/reg_file_module/g6748  0.0004866    0.000123   0.0006097   9.355e-08  HS65_LH_MUX21I1X6
datapath_module/reg_file_module/g6834  0.0004802   0.0001291   0.0006094   9.342e-08  HS65_LH_MUX21I1X6
datapath_module/reg_file_module/FE_RC_716_0  0.0004452   0.0001639   0.0006093   2.467e-07  HS65_LH_OAI12X24
datapath_module/alu_module/sll_42_34/g20218  0.0002802   0.0003285   0.0006088   1.095e-07  HS65_LH_NOR2AX13
datapath_module/alu_module/mul_44_34/FE_RC_188_0  0.0003239   0.0002844   0.0006083   9.748e-08  HS65_LH_AOI21X9
datapath_module/reg_file_module/g6387  0.0004827   0.0001254   0.0006082   9.316e-08  HS65_LH_MUX21I1X6
datapath_module/reg_file_module/g6910  0.0004731   0.0001344   0.0006076   9.332e-08  HS65_LH_MUX21I1X6
datapath_module/reg_file_module/g6765  0.0004956   0.0001112    0.000607   9.362e-08  HS65_LH_MUX21I1X6
datapath_module/reg_file_module/g6868  0.0004865   0.0001201   0.0006067   9.369e-08  HS65_LH_MUX21I1X6
datapath_module/alu_module/mul_44_34/g37211  0.0001826   0.0004236   0.0006062   3.338e-08  HS65_LH_OAI22X1
datapath_module/reg_file_module/g6618   0.000492   0.0001138   0.0006058   9.346e-08  HS65_LH_MUX21I1X6
datapath_module/reg_file_module/g6283  0.0004893   0.0001163   0.0006058   9.365e-08  HS65_LH_MUX21I1X6
datapath_module/reg_file_module/g6263  0.0004832   0.0001215   0.0006048   9.219e-08  HS65_LH_MUX21I1X6
datapath_module/reg_file_module/FE_RC_507_0  8.538e-05   0.0005192   0.0006047   1.262e-07  HS65_LH_IVX27
datapath_module/reg_file_module/g6702   0.000543   6.152e-05   0.0006046   1.564e-07  HS65_LH_MUX21I1X12
datapath_module/reg_file_module/g6865  0.0004859   0.0001186   0.0006046   9.344e-08  HS65_LH_MUX21I1X6
datapath_module/reg_file_module/FE_USKC923_CTS_6  0.0003581   0.0002464   0.0006045   4.374e-08  HS65_LH_BFX2
datapath_module/alu_module/mul_44_34/g37918  0.0001405   0.0004638   0.0006043   6.297e-08  HS65_LH_MUXI21X2
datapath_module/reg_file_module/g6920  0.0004767   0.0001272   0.0006041   9.321e-08  HS65_LH_MUX21I1X6
datapath_module/reg_file_module/g6882  0.0004732   0.0001303   0.0006036   9.283e-08  HS65_LH_MUX21I1X6
datapath_module/alu_module/mul_44_34/g37573  0.0003912   0.0002122   0.0006036   9.741e-08  HS65_LH_CBI4I6X9
datapath_module/reg_file_module/g6301  0.0004954   0.0001079   0.0006035   9.367e-08  HS65_LH_MUX21I1X6
datapath_module/alu_module/FE_RC_534_0  0.0001155   0.0004879   0.0006035   3.987e-08  HS65_LH_IVX9
datapath_module/reg_file_module/FE_OCPC1402_n_2400  0.0003614   0.0002418   0.0006034   2.366e-07  HS65_LH_BFX35
datapath_module/reg_file_module/g6741  0.0004966   0.0001066   0.0006033   9.325e-08  HS65_LH_MUX21I1X6
datapath_module/reg_file_module/g6777  0.0004746   0.0001286   0.0006033   9.298e-08  HS65_LH_MUX21I1X6
datapath_module/alu_module/mul_44_34/g38184  0.0003142   0.0002889   0.0006033   8.469e-08  HS65_LH_OR2ABX9
datapath_module/reg_file_module/FE_USKC902_CTS_37  0.0004334   0.0001696   0.0006031   4.891e-08  HS65_LH_BFX4
datapath_module/reg_file_module/g6380  0.0004729     0.00013    0.000603    9.33e-08  HS65_LH_MUX21I1X6
datapath_module/alu_module/mul_44_34/g37640  0.0002544   0.0003485    0.000603   6.022e-08  HS65_LH_NOR2AX6
datapath_module/alu_module/sub_35_34/g27232  0.0002603   0.0003423   0.0006027    1.28e-07  HS65_LH_NAND2X14
datapath_module/alu_module/sll_42_34/FE_RC_500_0  0.0001973   0.0004052   0.0006027   7.186e-08  HS65_LH_NAND2X14
datapath_module/reg_file_module/g6300  0.0004958   0.0001066   0.0006025   9.363e-08  HS65_LH_MUX21I1X6
datapath_module/alu_module/sub_35_34/g27089  0.0002745   0.0003273   0.0006019   5.343e-08  HS65_LH_NAND2X7
datapath_module/alu_module/add_34_34/g7731  0.0003259   0.0002759   0.0006019   6.132e-08  HS65_LH_CBI4I1X5
datapath_module/alu_module/mul_44_34/g36275  0.0004227   0.0001791   0.0006018   5.434e-08  HS65_LH_NAND2X14
datapath_module/alu_module/add_34_34/g7656  0.0001788   0.0004228   0.0006016   4.837e-08  HS65_LH_NOR2X6
datapath_module/alu_module/mul_44_34/g37396  0.0001627   0.0004387   0.0006015   3.313e-08  HS65_LH_OAI22X1
datapath_module/alu_module/add_34_34/g7678  0.0001703    0.000431   0.0006013   4.325e-08  HS65_LH_NOR2X6
datapath_module/reg_file_module/g6318   0.000477    0.000124   0.0006011   9.286e-08  HS65_LH_MUX21I1X6
datapath_module/alu_module/mul_44_34/g37451   0.000149    0.000452   0.0006011   3.311e-08  HS65_LH_OAI22X1
datapath_module/alu_module/add_34_34/g7739  0.0003091   0.0002918    0.000601   5.685e-08  HS65_LH_CBI4I6X5
datapath_module/reg_file_module/FE_OCPC1415_n_2408  0.0003377   0.0002625   0.0006004   2.331e-07  HS65_LH_BFX35
datapath_module/reg_file_module/g6294   0.000492   0.0001083   0.0006004   9.346e-08  HS65_LH_MUX21I1X6
datapath_module/reg_file_module/g43225  1.891e-05   0.0005814   0.0006003   3.894e-08  HS65_LH_IVX9
datapath_module/alu_module/mul_44_34/FE_OCPC692_n_3273  0.0002838   0.0003164   0.0006003    1.14e-07  HS65_LH_BFX18
datapath_module/reg_file_module/g6293  0.0004887   0.0001113   0.0006001   9.319e-08  HS65_LH_MUX21I1X6
datapath_module/reg_file_module/g43313  0.0003423   0.0002571   0.0005997   2.507e-07  HS65_LH_AND2X35
datapath_module/reg_file_module/FE_USKC1175_CTS_43  0.0004333   0.0001663   0.0005997   4.891e-08  HS65_LH_BFX4
datapath_module/reg_file_module/g6915   0.000488   0.0001115   0.0005996   9.357e-08  HS65_LH_MUX21I1X6
datapath_module/alu_module/add_34_34/g7661   0.000171   0.0004285   0.0005996    4.84e-08  HS65_LH_NOR2X6
datapath_module/reg_file_module/g6767  0.0004945   0.0001049   0.0005995   9.365e-08  HS65_LH_MUX21I1X6
datapath_module/alu_module/add_34_34/FE_RC_511_0  0.0001716   0.0004278   0.0005994   3.973e-08  HS65_LH_IVX9
datapath_module/reg_file_module/g6544  0.0005007   9.857e-05   0.0005994    9.34e-08  HS65_LH_MUX21I1X6
datapath_module/reg_file_module/g6885  0.0004887   0.0001106   0.0005993   9.366e-08  HS65_LH_MUX21I1X6
datapath_module/reg_file_module/g6886  0.0004866   0.0001126   0.0005993   9.368e-08  HS65_LH_MUX21I1X6
datapath_module/reg_file_module/g6914  0.0004864   0.0001126   0.0005991   9.344e-08  HS65_LH_MUX21I1X6
datapath_module/alu_module/mul_44_34/g37209  0.0001384   0.0004601   0.0005986   3.313e-08  HS65_LH_AOI22X1
datapath_module/reg_file_module/FE_PHC1640_n_1152  7.259e-05   0.0005259   0.0005985   6.289e-08  HS65_LH_BFX9
datapath_module/alu_module/srl_43_34/g5940  8.195e-05   0.0005164   0.0005984   3.925e-08  HS65_LH_IVX9
datapath_module/alu_module/mul_44_34/FE_RC_805_0  0.0001086   0.0004897   0.0005984   2.107e-08  HS65_LH_IVX2
datapath_module/alu_module/add_34_34/g7717   7.43e-05   0.0005239   0.0005983   3.907e-08  HS65_LH_IVX9
datapath_module/reg_file_module/g6856  0.0004811   0.0001169   0.0005982   9.348e-08  HS65_LH_MUX21I1X6
datapath_module/reg_file_module/g6239  0.0005289   6.901e-05   0.0005981   1.566e-07  HS65_LH_MUX21I1X12
datapath_module/reg_file_module/g6755  0.0004826   0.0001152   0.0005979   9.288e-08  HS65_LH_MUX21I1X6
datapath_module/reg_file_module/g6864  0.0004823    0.000115   0.0005974   9.317e-08  HS65_LH_MUX21I1X6
datapath_module/alu_module/mul_44_34/g37583  0.0003987   0.0001983   0.0005971   9.994e-08  HS65_LH_CBI4I6X9
datapath_module/reg_file_module/g6889  0.0004897   0.0001071   0.0005969    9.36e-08  HS65_LH_MUX21I1X6
datapath_module/alu_module/sll_42_34/g19759  0.0003937   0.0002027   0.0005964   5.506e-08  HS65_LH_OAI22X6
datapath_module/reg_file_module/FE_OCPC1342_n_1127  0.0003953   0.0002009   0.0005963   6.251e-08  HS65_LH_BFX9
datapath_module/alu_module/mul_44_34/g37569  0.0003838   0.0002122   0.0005961   9.682e-08  HS65_LH_CBI4I6X9
datapath_module/reg_file_module/g7044  0.0004963   9.957e-05    0.000596   9.341e-08  HS65_LH_MUX21I1X6
datapath_module/reg_file_module/g6510  0.0004795   0.0001162   0.0005959   9.296e-08  HS65_LH_MUX21I1X6
datapath_module/reg_file_module/g6883  0.0004825    0.000113   0.0005956   9.328e-08  HS65_LH_MUX21I1X6
datapath_module/reg_file_module/g6763  0.0004942   0.0001012   0.0005955   9.354e-08  HS65_LH_MUX21I1X6
datapath_module/alu_module/add_34_34/g7677  0.0002202   0.0003751   0.0005953   5.845e-08  HS65_LH_OR2X4
datapath_module/alu_module/mul_44_34/g39207  0.0002813   0.0003137   0.0005951   9.849e-08  HS65_LH_MUX21I1X6
datapath_module/reg_file_module/g6617  0.0004888    0.000106   0.0005949   9.318e-08  HS65_LH_MUX21I1X6
datapath_module/reg_file_module/CTS_ccl_a_buf_00278  0.0004415    0.000153   0.0005945   4.891e-08  HS65_LH_BFX4
datapath_module/alu_module/sll_42_34/FE_OFC593_n_24  5.727e-05   0.0005371   0.0005945    3.35e-08  HS65_LH_IVX7
datapath_module/alu_module/FE_OCPC1396_FE_OFN437_read_data1_3  0.0003143     0.00028   0.0005944   6.218e-08  HS65_LH_BFX9
datapath_module/reg_file_module/g6404  0.0004824   0.0001119   0.0005944   9.328e-08  HS65_LH_MUX21I1X6
datapath_module/reg_file_module/g6615  0.0004791   0.0001149    0.000594   9.333e-08  HS65_LH_MUX21I1X6
datapath_module/reg_file_module/g6282  0.0004887   0.0001045   0.0005933   9.345e-08  HS65_LH_MUX21I1X6
datapath_module/reg_file_module/g6861  0.0004731   0.0001201   0.0005933   9.331e-08  HS65_LH_MUX21I1X6
datapath_module/reg_file_module/FE_RC_293_0  0.0002908   0.0003023   0.0005932   1.943e-07  HS65_LH_NOR2X38
datapath_module/reg_file_module/g6924  0.0004883   0.0001048   0.0005932    9.36e-08  HS65_LH_MUX21I1X6
datapath_module/alu_module/mul_44_34/g38350  7.515e-05   0.0005179   0.0005931   3.956e-08  HS65_LH_IVX9
datapath_module/reg_file_module/g6101  0.0005004    9.23e-05   0.0005928   1.566e-07  HS65_LH_MUX21I1X12
datapath_module/reg_file_module/g6302  0.0004948   9.773e-05   0.0005927   9.365e-08  HS65_LH_MUX21I1X6
datapath_module/reg_file_module/g6205  0.0004561   0.0001364   0.0005926    9.23e-08  HS65_LH_MUX21I1X6
datapath_module/reg_file_module/g6332   0.000482   0.0001103   0.0005924   9.293e-08  HS65_LH_MUX21I1X6
datapath_module/alu_module/mul_44_34/g37120   0.000184   0.0004083   0.0005923   3.423e-08  HS65_LH_PAOI2X1
datapath_module/reg_file_module/g6770  0.0004935   9.838e-05    0.000592   9.363e-08  HS65_LH_MUX21I1X6
datapath_module/alu_module/sll_42_34/g19745  0.0003201   0.0002716   0.0005918   5.222e-08  HS65_LH_OAI22X6
datapath_module/alu_module/mul_44_34/g38160  0.0003478   0.0002435   0.0005914   8.668e-08  HS65_LH_OR2ABX9
datapath_module/reg_file_module/g6867  0.0004888   0.0001024   0.0005913    9.37e-08  HS65_LH_MUX21I1X6
datapath_module/alu_module/mul_44_34/g37999  0.0001718   0.0004194   0.0005913    6.26e-08  HS65_LH_MUXI21X2
datapath_module/alu_module/mul_44_34/g37237  0.0001472   0.0004432   0.0005904   3.326e-08  HS65_LH_OAI22X1
datapath_module/reg_file_module/FE_USKC947_CTS_1  0.0003585   0.0002317   0.0005902   4.374e-08  HS65_LH_BFX2
datapath_module/alu_module/add_34_34/FE_OCPC1197_n_175  0.0002942   0.0002959   0.0005902   6.186e-08  HS65_LH_BFX9
datapath_module/reg_file_module/g6758  0.0004922   9.781e-05   0.0005901   9.302e-08  HS65_LH_MUX21I1X6
datapath_module/reg_file_module/g6871  0.0004738   0.0001162     0.00059   9.347e-08  HS65_LH_MUX21I1X6
datapath_module/reg_file_module/g6911  0.0004821   0.0001078   0.0005899    9.36e-08  HS65_LH_MUX21I1X6
datapath_module/reg_file_module/g6270  0.0004792   0.0001105   0.0005899   9.283e-08  HS65_LH_MUX21I1X6
datapath_module/reg_file_module/FE_USKC845_CTS_50  0.0004323   0.0001574   0.0005898   4.891e-08  HS65_LH_BFX4
datapath_module/reg_file_module/FE_USKC1255_CTS_43   0.000358   0.0002315   0.0005896   4.374e-08  HS65_LH_BFX2
datapath_module/reg_file_module/g6127  0.0003384   0.0002506   0.0005891   9.079e-08  HS65_LH_MUX21I1X6
datapath_module/reg_file_module/g6066  0.0004702   0.0001187    0.000589   9.304e-08  HS65_LH_MUX21I1X6
datapath_module/reg_file_module/g6432  0.0005295   5.938e-05    0.000589   1.566e-07  HS65_LH_MUX21I1X12
datapath_module/reg_file_module/g6764   0.000494    9.47e-05   0.0005888   9.363e-08  HS65_LH_MUX21I1X6
datapath_module/reg_file_module/g6862  0.0004819   0.0001068   0.0005888    9.36e-08  HS65_LH_MUX21I1X6
datapath_module/reg_file_module/g7239  9.298e-05   0.0004957   0.0005888   1.171e-07  HS65_LH_BFX18
datapath_module/reg_file_module/g6880  0.0004592   0.0001292   0.0005885   9.306e-08  HS65_LH_MUX21I1X6
datapath_module/alu_module/mul_44_34/g37309  0.0001619   0.0004263   0.0005883   3.312e-08  HS65_LH_OAI22X1
datapath_module/alu_module/FE_OCPC1401_write_data_12  0.0004473   0.0001409   0.0005883   6.191e-08  HS65_LH_BFX9
datapath_module/reg_file_module/g6508  0.0004788   0.0001091    0.000588   9.331e-08  HS65_LH_MUX21I1X6
datapath_module/alu_module/mul_44_34/g36965  0.0003125   0.0002754    0.000588   5.458e-08  HS65_LH_NOR2AX3
datapath_module/alu_module/sub_35_34/g27120  0.0001346   0.0004531   0.0005877   2.594e-08  HS65_LH_OAI21X2
datapath_module/reg_file_module/g6802  0.0004718   0.0001158   0.0005877   9.355e-08  HS65_LH_MUX21I1X6
datapath_module/alu_module/mul_44_34/FE_OCPC1295_read_data2_3  0.0003176   0.0002699   0.0005876   1.148e-07  HS65_LH_BFX18
datapath_module/alu_module/FE_RC_522_0  0.0003768   0.0002105   0.0005874   8.564e-08  HS65_LH_OAI21X12
datapath_module/alu_module/mul_44_34/FE_OFC261_n_1025  0.0002315   0.0003558   0.0005874   4.375e-08  HS65_LH_BFX2
datapath_module/reg_file_module/g6553  0.0004411   0.0001459   0.0005871   9.327e-08  HS65_LH_MUX21I1X6
datapath_module/alu_module/mul_44_34/g37235  0.0001686   0.0004185   0.0005871   3.316e-08  HS65_LH_OAI22X1
datapath_module/alu_module/mul_44_34/g37910  0.0002628   0.0003239   0.0005867   6.169e-08  HS65_LH_AOI12X6
datapath_module/alu_module/mul_44_34/FE_RC_369_0  0.0002573   0.0003293   0.0005867   1.283e-07  HS65_LH_NOR2X13
datapath_module/alu_module/mul_44_34/g37939  0.0001972   0.0003894   0.0005866   6.282e-08  HS65_LH_MUXI21X2
datapath_module/alu_module/sub_35_34/g27148  0.0001306   0.0004559   0.0005865   3.963e-08  HS65_LH_IVX9
datapath_module/reg_file_module/g6392  0.0004831   0.0001028   0.0005861   9.332e-08  HS65_LH_MUX21I1X6
datapath_module/reg_file_module/g6921   0.000485   0.0001008   0.0005858   9.346e-08  HS65_LH_MUX21I1X6
datapath_module/alu_module/add_34_34/g7597  0.0001066   0.0004785   0.0005851   3.455e-08  HS65_LH_OAI21X2
datapath_module/reg_file_module/g6401  0.0004581   0.0001265   0.0005847    9.33e-08  HS65_LH_MUX21I1X6
datapath_module/reg_file_module/g6922  0.0004879   9.662e-05   0.0005846   9.354e-08  HS65_LH_MUX21I1X6
datapath_module/reg_file_module/g6769  0.0004933   9.118e-05   0.0005846   9.367e-08  HS65_LH_MUX21I1X6
datapath_module/reg_file_module/g6927  0.0004608   0.0001232   0.0005841   9.334e-08  HS65_LH_MUX21I1X6
datapath_module/reg_file_module/g6771  0.0004436   0.0001402   0.0005839   9.331e-08  HS65_LH_MUX21I1X6
datapath_module/reg_file_module/g6851  0.0004758    0.000108   0.0005838   9.358e-08  HS65_LH_MUX21I1X6
datapath_module/reg_file_module/g42555  0.0002905   0.0002932   0.0005838   9.576e-08  HS65_LH_AO212X4
datapath_module/alu_module/sub_35_34/g27179  0.0001382   0.0004455   0.0005837   4.808e-08  HS65_LH_NOR2AX3
datapath_module/reg_file_module/g6297  0.0004911   9.222e-05   0.0005835   9.372e-08  HS65_LH_MUX21I1X6
datapath_module/reg_file_module/g6654  0.0004325   0.0001507   0.0005833   9.189e-08  HS65_LH_MUX21I1X6
datapath_module/alu_module/mul_44_34/g37666  0.0003139    0.000269    0.000583   1.013e-07  HS65_LH_NOR2AX13
datapath_module/alu_module/mul_44_34/g38401  0.0003616   0.0002211   0.0005828   5.779e-08  HS65_LH_NOR2AX3
datapath_module/alu_module/sub_35_34/g27063  0.0002773   0.0003053   0.0005826    4.17e-08  HS65_LH_NAND2X7
datapath_module/reg_file_module/g6395  0.0004897   9.234e-05   0.0005822   9.363e-08  HS65_LH_MUX21I1X6
datapath_module/alu_module/sub_35_34/g27106  0.0001573   0.0004248   0.0005821   2.999e-08  HS65_LH_OAI21X2
datapath_module/reg_file_module/FE_OCPC1466_n_1168  0.0003992   0.0001827    0.000582   6.252e-08  HS65_LH_BFX9
datapath_module/reg_file_module/g6720  0.0004211   0.0001605   0.0005817   9.257e-08  HS65_LH_MUX21I1X6
datapath_module/reg_file_module/g43355  7.096e-05   0.0005105   0.0005816   5.504e-08  HS65_LH_BFX7
datapath_module/reg_file_module/g6736  0.0004644   0.0001168   0.0005813   9.283e-08  HS65_LH_MUX21I1X6
datapath_module/reg_file_module/g43081  0.0002031   0.0003776   0.0005808   5.779e-08  HS65_LH_AO12X4
datapath_module/reg_file_module/g6872  0.0004783   0.0001023   0.0005807   9.365e-08  HS65_LH_MUX21I1X6
datapath_module/reg_file_module/FE_USKC1697_CTS_1  0.0004292   0.0001513   0.0005806   4.891e-08  HS65_LH_BFX4
datapath_module/reg_file_module/g6507  0.0004661   0.0001141   0.0005803   9.277e-08  HS65_LH_MUX21I1X6
datapath_module/reg_file_module/g6904  0.0004687   0.0001107   0.0005795   9.316e-08  HS65_LH_MUX21I1X6
datapath_module/alu_module/mul_44_34/g38144  0.0003089   0.0002703   0.0005793    8.51e-08  HS65_LH_OR2ABX9
datapath_module/reg_file_module/FE_USKC1160_CTS_4  0.0003598   0.0002194   0.0005792   4.374e-08  HS65_LH_BFX2
datapath_module/reg_file_module/g6801  0.0004589   0.0001202   0.0005792   9.323e-08  HS65_LH_MUX21I1X6
datapath_module/reg_file_module/FE_USKC1253_CTS_50  0.0003587     0.00022   0.0005787   4.374e-08  HS65_LH_BFX2
datapath_module/alu_module/srl_43_34/FE_OFC749_n_116  0.0002664   0.0003123   0.0005787   4.372e-08  HS65_LH_BFX2
datapath_module/reg_file_module/g6860  0.0004621   0.0001162   0.0005784   9.334e-08  HS65_LH_MUX21I1X6
datapath_module/alu_module/srl_43_34/g5912  0.0001477   0.0004304   0.0005782   6.129e-08  HS65_LH_MUXI21X2
datapath_module/reg_file_module/g7410  0.0002307   0.0003469   0.0005779   2.429e-07  HS65_LH_OR2ABX35
datapath_module/reg_file_module/g6498  0.0003989   0.0001788   0.0005778     9.2e-08  HS65_LH_MUX21I1X6
datapath_module/reg_file_module/g6579   0.000446   0.0001314   0.0005775   9.312e-08  HS65_LH_MUX21I1X6
datapath_module/alu_module/add_34_34/g7596  0.0001837   0.0003935   0.0005773   6.517e-08  HS65_LH_OA12X4
datapath_module/reg_file_module/g6290  0.0004791   9.803e-05   0.0005773   9.334e-08  HS65_LH_MUX21I1X6
datapath_module/alu_module/mul_44_34/g36609   0.000156   0.0004211   0.0005771    2.28e-08  HS65_LH_NOR2X2
datapath_module/reg_file_module/g6732  0.0004488   0.0001279   0.0005768   9.305e-08  HS65_LH_MUX21I1X6
datapath_module/alu_module/sub_35_34/g27171  0.0002109   0.0003658   0.0005767   5.159e-08  HS65_LH_NOR2X6
datapath_module/reg_file_module/g6330  0.0004508   0.0001257   0.0005766   9.209e-08  HS65_LH_MUX21I1X6
datapath_module/reg_file_module/g6538   0.000473   0.0001034   0.0005764   9.318e-08  HS65_LH_MUX21I1X6
datapath_module/reg_file_module/g6365  0.0004556   0.0001206   0.0005763   9.289e-08  HS65_LH_MUX21I1X6
datapath_module/alu_module/mul_44_34/g38434  0.0003796   0.0001962   0.0005759   7.409e-08  HS65_LH_NAND2AX7
datapath_module/reg_file_module/g6631  0.0004611   0.0001146   0.0005759   9.317e-08  HS65_LH_MUX21I1X6
datapath_module/reg_file_module/g6550  0.0004709   0.0001049   0.0005759    9.34e-08  HS65_LH_MUX21I1X6
datapath_module/alu_module/mul_44_34/FE_RC_187_0  0.0002896    0.000286   0.0005758   1.653e-07  HS65_LH_IVX35
datapath_module/alu_module/sll_42_34/g19847  0.0003038   0.0002717   0.0005756   5.821e-08  HS65_LH_AOI22X6
datapath_module/reg_file_module/g6884  0.0004864   8.903e-05   0.0005755    9.35e-08  HS65_LH_MUX21I1X6
datapath_module/alu_module/srl_43_34/FE_OFC293_n_114  0.0002045   0.0003709   0.0005754   4.372e-08  HS65_LH_BFX2
datapath_module/reg_file_module/g6497  0.0004719   0.0001033   0.0005753   9.295e-08  HS65_LH_MUX21I1X6
datapath_module/reg_file_module/g6207  0.0004687   0.0001065   0.0005753   9.271e-08  HS65_LH_MUX21I1X6
datapath_module/reg_file_module/g6981  0.0004779   9.729e-05   0.0005752    9.32e-08  HS65_LH_MUX21I1X6
datapath_module/alu_module/mul_44_34/g37787   0.000307   0.0002679    0.000575   8.478e-08  HS65_LH_OA12X9
datapath_module/reg_file_module/drc_bufs43522  1.911e-05   0.0005559    0.000575   3.894e-08  HS65_LH_IVX9
datapath_module/reg_file_module/g6580  0.0004636   0.0001113    0.000575   9.335e-08  HS65_LH_MUX21I1X6
datapath_module/alu_module/add_34_34/FE_RC_460_0    0.00033   0.0002444   0.0005745   7.323e-08  HS65_LH_NAND2X21
datapath_module/alu_module/mul_44_34/fopt38793  0.0001678   0.0004066   0.0005744   4.001e-08  HS65_LH_IVX9
datapath_module/reg_file_module/fopt43630  0.0002241     0.00035   0.0005744   2.349e-07  HS65_LH_BFX35
datapath_module/alu_module/mul_44_34/g37443  0.0001474   0.0004269   0.0005744   3.263e-08  HS65_LH_OAI22X1
datapath_module/alu_module/srl_43_34/g5923  0.0003162    0.000258   0.0005743   5.867e-08  HS65_LH_AOI22X6
datapath_module/alu_module/sub_35_34/g27060  0.0002646   0.0003096   0.0005743   4.389e-08  HS65_LH_NAND2X7
datapath_module/reg_file_module/g6873  0.0004835   9.069e-05   0.0005742   9.356e-08  HS65_LH_MUX21I1X6
datapath_module/reg_file_module/g6558  0.0004355   0.0001386   0.0005742   9.247e-08  HS65_LH_MUX21I1X6
datapath_module/alu_module/FE_OCPC746_read_data2_2  0.0002585   0.0003155   0.0005742   1.147e-07  HS65_LH_BFX18
datapath_module/reg_file_module/g6065  0.0004372   0.0001364   0.0005737   9.263e-08  HS65_LH_MUX21I1X6
datapath_module/reg_file_module/g6857  0.0004451   0.0001282   0.0005734   9.284e-08  HS65_LH_MUX21I1X6
datapath_module/reg_file_module/FE_USKC925_CTS_16  0.0004332   0.0001397    0.000573   4.891e-08  HS65_LH_BFX4
datapath_module/alu_module/FE_OCPC790_read_data1_2    0.00023   0.0003428   0.0005729   6.215e-08  HS65_LH_BFX9
datapath_module/reg_file_module/g6196  0.0004763   9.647e-05   0.0005729   9.263e-08  HS65_LH_MUX21I1X6
datapath_module/reg_file_module/g6371  0.0004189   0.0001538   0.0005728   9.287e-08  HS65_LH_MUX21I1X6
datapath_module/reg_file_module/FE_RC_740_0  0.0002965   0.0002758   0.0005725   2.225e-07  HS65_LH_BFX31
datapath_module/reg_file_module/g6778  0.0004552   0.0001168   0.0005721   9.331e-08  HS65_LH_MUX21I1X6
datapath_module/reg_file_module/g6789    0.00042   0.0001519    0.000572   9.317e-08  HS65_LH_MUX21I1X6
datapath_module/reg_file_module/FE_OCPC1290_n_2448  0.0003057    0.000266   0.0005719   2.205e-07  HS65_LH_BFX31
datapath_module/alu_module/add_34_34/g7518  0.0003155   0.0002562   0.0005717   6.912e-08  HS65_LHS_XNOR2X3
datapath_module/reg_file_module/g6913  0.0004826   8.902e-05   0.0005717   9.317e-08  HS65_LH_MUX21I1X6
datapath_module/alu_module/mul_44_34/FE_RC_307_0  0.0001844   0.0003872   0.0005717   7.893e-08  HS65_LH_IVX18
datapath_module/reg_file_module/FE_USKC928_CTS_10  0.0003599   0.0002115   0.0005715   4.374e-08  HS65_LH_BFX2
datapath_module/reg_file_module/g6613   0.000465   0.0001065   0.0005715   9.294e-08  HS65_LH_MUX21I1X6
datapath_module/alu_module/mul_44_34/g37368  0.0001797   0.0003916   0.0005714   3.436e-08  HS65_LH_AOI22X1
datapath_module/reg_file_module/g6215  0.0004735   9.757e-05   0.0005712   1.584e-07  HS65_LH_MUX21I1X12
datapath_module/reg_file_module/g6090  0.0004388   0.0001321   0.0005711    9.35e-08  HS65_LH_MUX21I1X6
datapath_module/reg_file_module/g6829  0.0004358   0.0001348   0.0005708   9.299e-08  HS65_LH_MUX21I1X6
datapath_module/reg_file_module/FE_USKC917_CTS_50  0.0003597   0.0002107   0.0005704   4.374e-08  HS65_LH_BFX2
datapath_module/alu_module/sub_35_34/g27129  0.0003074   0.0002628   0.0005703   4.769e-08  HS65_LH_OAI212X3
datapath_module/alu_module/mul_44_34/FE_OCPC1274_n_211  0.0002038   0.0003663   0.0005701     6.2e-08  HS65_LH_BFX9
datapath_module/alu_module/mul_44_34/g37920  0.0001863   0.0003835   0.0005699   6.283e-08  HS65_LH_MUXI21X2
datapath_module/alu_module/mul_44_34/FE_RC_168_0  0.0002328   0.0003366   0.0005695    3.98e-08  HS65_LH_IVX9
datapath_module/alu_module/sll_42_34/g19744  0.0003036   0.0002657   0.0005694   5.109e-08  HS65_LH_OAI22X6
datapath_module/reg_file_module/g7045  0.0004652   0.0001037    0.000569   9.301e-08  HS65_LH_MUX21I1X6
datapath_module/alu_module/mul_44_34/g37618  0.0003252   0.0002436   0.0005689   1.449e-07  HS65_LH_NAND2AX29
datapath_module/reg_file_module/FE_RC_269_0  0.0002732   0.0002951   0.0005685    2.17e-07  HS65_LH_NAND2AX29
datapath_module/alu_module/srl_43_34/g5801  0.0002594   0.0003088   0.0005682   4.363e-08  HS65_LH_CBI4I1X5
datapath_module/reg_file_module/g42619  0.0003161   0.0002507    0.000567   2.822e-07  HS65_LH_OAI12X24
datapath_module/reg_file_module/g6899  0.0004449   0.0001219   0.0005669   9.361e-08  HS65_LH_MUX21I1X6
datapath_module/reg_file_module/FE_RC_126_0  0.0002757   0.0002908   0.0005667   2.477e-07  HS65_LH_NAND2X29
datapath_module/reg_file_module/g6831  0.0004666   9.971e-05   0.0005664   9.329e-08  HS65_LH_MUX21I1X6
datapath_module/reg_file_module/g6893  0.0004883   7.765e-05    0.000566   9.365e-08  HS65_LH_MUX21I1X6
datapath_module/alu_module/mul_44_34/g37578  0.0003478   0.0002179   0.0005659   1.046e-07  HS65_LH_CBI4I6X9
datapath_module/reg_file_module/g6726  0.0004591   0.0001065   0.0005657   9.306e-08  HS65_LH_MUX21I1X6
datapath_module/alu_module/sub_35_34/g27103  0.0002383   0.0003272   0.0005655   4.685e-08  HS65_LH_NAND2X7
datapath_module/reg_file_module/FE_USKC910_CTS_43  0.0003589   0.0002064   0.0005654   4.374e-08  HS65_LH_BFX2
datapath_module/reg_file_module/g6804   0.000474   9.105e-05   0.0005652   9.313e-08  HS65_LH_MUX21I1X6
datapath_module/reg_file_module/g6485  0.0004134   0.0001515   0.0005649   9.264e-08  HS65_LH_MUX21I1X6
datapath_module/alu_module/mul_44_34/g39204  0.0003053   0.0002595   0.0005649   9.762e-08  HS65_LH_MUX21I1X6
datapath_module/reg_file_module/g6540  0.0004147   0.0001501   0.0005649   9.287e-08  HS65_LH_MUX21I1X6
datapath_module/reg_file_module/drc_bufs43523  1.908e-05   0.0005458   0.0005649   3.894e-08  HS65_LH_IVX9
datapath_module/alu_module/srl_43_34/g5823  0.0002535   0.0003112   0.0005648   6.129e-08  HS65_LH_MUXI21X2
datapath_module/reg_file_module/g6088  0.0004332   0.0001312   0.0005645   9.287e-08  HS65_LH_MUX21I1X6
datapath_module/alu_module/sll_42_34/g19786  0.0003226   0.0002418   0.0005644   5.943e-08  HS65_LH_OA22X4
datapath_module/reg_file_module/g6506  0.0004442   0.0001197   0.0005639   9.246e-08  HS65_LH_MUX21I1X6
datapath_module/alu_module/mul_44_34/g37948  0.0002434   0.0003205   0.0005639   6.314e-08  HS65_LH_MUXI21X2
datapath_module/reg_file_module/FE_USKC1244_CTS_1  0.0003562   0.0002074   0.0005636   4.374e-08  HS65_LH_BFX2
datapath_module/reg_file_module/g6288  0.0004492   0.0001143   0.0005635   9.309e-08  HS65_LH_MUX21I1X6
datapath_module/alu_module/mul_44_34/FE_OCPC662_n_110  0.0002396   0.0003238   0.0005635   6.184e-08  HS65_LH_BFX9
datapath_module/alu_module/mul_44_34/g37619  0.0003645   0.0001988   0.0005635   1.092e-07  HS65_LH_NAND2X29
datapath_module/alu_module/sll_42_34/g19746  0.0003934     0.00017   0.0005634   5.741e-08  HS65_LH_OAI22X6
datapath_module/alu_module/srl_43_34/g5876   0.000173   0.0003902   0.0005632   6.217e-08  HS65_LH_MUXI21X2
datapath_module/reg_file_module/g43357  0.0001972   0.0003656   0.0005631   3.427e-07  HS65_LH_IVX71
datapath_module/reg_file_module/g6855  0.0004701   9.254e-05   0.0005627   9.314e-08  HS65_LH_MUX21I1X6
datapath_module/reg_file_module/g6667  0.0004575   0.0001051   0.0005627   9.272e-08  HS65_LH_MUX21I1X6
datapath_module/alu_module/mul_44_34/g37115  0.0001731   0.0003895   0.0005627    3.24e-08  HS65_LH_PAOI2X1
datapath_module/alu_module/FE_RC_764_0  0.0001899   0.0003726   0.0005626   8.141e-08  HS65_LH_IVX18
datapath_module/alu_module/g7386  0.0002941   0.0002683   0.0005625   7.876e-08  HS65_LH_CB4I6X4
datapath_module/alu_module/sub_35_34/FE_OCPC676_read_data2_4  0.0002539   0.0003083   0.0005623   9.942e-08  HS65_LH_BFX13
datapath_module/reg_file_module/FE_USKC1252_CTS_16  0.0003594   0.0002024   0.0005618   4.374e-08  HS65_LH_BFX2
datapath_module/alu_module/mul_44_34/g37212  0.0001697   0.0003916   0.0005613   3.315e-08  HS65_LH_AOI22X1
datapath_module/reg_file_module/g6892  0.0004032   0.0001578   0.0005612   9.299e-08  HS65_LH_MUX21I1X6
datapath_module/alu_module/mul_44_34/FE_OCPC615_n_124  0.0004391   0.0001216   0.0005608   9.977e-08  HS65_LH_BFX13
datapath_module/alu_module/mul_44_34/FE_RC_438_0  0.0001607   0.0003999   0.0005607   6.327e-08  HS65_LH_OR2X9
datapath_module/reg_file_module/g6900  0.0004572   0.0001032   0.0005604    9.34e-08  HS65_LH_MUX21I1X6
datapath_module/reg_file_module/g6840  0.0005048   5.528e-05   0.0005603    1.55e-07  HS65_LH_MUX21I1X12
datapath_module/reg_file_module/g6465  0.0005034   5.642e-05     0.00056   1.561e-07  HS65_LH_MUX21I1X12
datapath_module/reg_file_module/g6743  0.0004423   0.0001173   0.0005596   9.202e-08  HS65_LH_MUX21I1X6
datapath_module/alu_module/srl_43_34/g5900  0.0001586   0.0004005   0.0005592   6.059e-08  HS65_LH_MUXI21X2
datapath_module/alu_module/mul_44_34/g37921  0.0001608   0.0003982   0.0005591   6.278e-08  HS65_LH_MUXI21X2
datapath_module/alu_module/g7419  0.0002424   0.0003165    0.000559   1.026e-07  HS65_LH_MX41X4
datapath_module/reg_file_module/g6791  0.0004549   0.0001039   0.0005589   9.328e-08  HS65_LH_MUX21I1X6
datapath_module/alu_module/add_34_34/g7558  0.0004562   0.0001026   0.0005589    8.91e-08  HS65_LH_AO212X4
datapath_module/reg_file_module/g6919  0.0004558   0.0001028   0.0005587   9.282e-08  HS65_LH_MUX21I1X6
datapath_module/reg_file_module/g6699  0.0004676   9.091e-05   0.0005586   9.335e-08  HS65_LH_MUX21I1X6
datapath_module/reg_file_module/g6859  0.0004439   0.0001145   0.0005585   9.304e-08  HS65_LH_MUX21I1X6
datapath_module/alu_module/add_34_34/g7556  0.0003046   0.0002537   0.0005584    4.34e-08  HS65_LH_AOI212X2
datapath_module/reg_file_module/g6754  0.0004656   9.235e-05    0.000558   9.264e-08  HS65_LH_MUX21I1X6
datapath_module/reg_file_module/g6901   0.000469   8.847e-05   0.0005576   9.349e-08  HS65_LH_MUX21I1X6
datapath_module/alu_module/mul_44_34/g37228  0.0001475     0.00041   0.0005576   3.218e-08  HS65_LH_OAI22X1
datapath_module/alu_module/mul_44_34/g37372  0.0001496   0.0004076   0.0005573   3.331e-08  HS65_LH_OAI22X1
datapath_module/reg_file_module/g6653  0.0004533   0.0001038   0.0005573   9.172e-08  HS65_LH_MUX21I1X6
datapath_module/alu_module/srl_43_34/g5941  5.742e-05   0.0004998   0.0005572   2.503e-08  HS65_LH_NAND2X2
datapath_module/reg_file_module/g6909  0.0004617   9.531e-05   0.0005571   9.334e-08  HS65_LH_MUX21I1X6
datapath_module/reg_file_module/drc_bufs43546   1.92e-05   0.0005378   0.0005571   3.894e-08  HS65_LH_IVX9
datapath_module/reg_file_module/g7450  8.564e-05   0.0004712   0.0005569   5.569e-08  HS65_LH_NAND2X7
datapath_module/reg_file_module/drc_bufs43547   1.92e-05   0.0005377   0.0005569   3.894e-08  HS65_LH_IVX9
datapath_module/reg_file_module/g6309   0.000439   0.0001176   0.0005567   9.289e-08  HS65_LH_MUX21I1X6
datapath_module/alu_module/sub_35_34/g27288  0.0002545   0.0003021   0.0005567   1.045e-07  HS65_LH_NOR2AX13
datapath_module/alu_module/add_34_34/g7732   0.000286   0.0002704   0.0005565   4.883e-08  HS65_LH_CBI4I6X5
datapath_module/reg_file_module/g6998  0.0004477   0.0001086   0.0005564   9.295e-08  HS65_LH_MUX21I1X6
datapath_module/reg_file_module/g6531   0.000453   0.0001033   0.0005564   9.186e-08  HS65_LH_MUX21I1X6
datapath_module/reg_file_module/FE_USKC1145_CTS_37   0.000434   0.0001223   0.0005563   4.891e-08  HS65_LH_BFX4
datapath_module/reg_file_module/g6689  0.0004383   0.0001179   0.0005563   9.285e-08  HS65_LH_MUX21I1X6
datapath_module/alu_module/g7417  0.0002569    0.000299    0.000556   1.028e-07  HS65_LH_MX41X4
datapath_module/alu_module/srl_43_34/g5898  0.0001205   0.0004354   0.0005559   3.566e-08  HS65_LH_NOR2X6
datapath_module/alu_module/mul_44_34/g37430  9.994e-05   0.0004559   0.0005559   3.338e-08  HS65_LH_OAI21X2
datapath_module/reg_file_module/g6527  0.0004578   9.803e-05   0.0005559   9.313e-08  HS65_LH_MUX21I1X6
datapath_module/alu_module/sub_35_34/g27142   0.000202   0.0003538   0.0005558   4.454e-08  HS65_LH_OAI12X3
datapath_module/reg_file_module/FE_USKC1246_CTS_27  0.0003561   0.0001995   0.0005556   4.374e-08  HS65_LH_BFX2
datapath_module/alu_module/mul_44_34/g38133  0.0001762   0.0003792   0.0005554    4.46e-08  HS65_LH_NAND2X7
datapath_module/alu_module/mul_44_34/FE_OFC338_n_973  0.0002172   0.0003379   0.0005551   4.375e-08  HS65_LH_BFX2
datapath_module/reg_file_module/g7070  0.0001244   0.0004302   0.0005547    1.17e-07  HS65_LH_BFX18
datapath_module/alu_module/mul_44_34/g38172  0.0001643   0.0003902   0.0005545   4.193e-08  HS65_LH_NAND2X7
datapath_module/alu_module/FE_RC_108_0   0.000315   0.0002392   0.0005543   1.205e-07  HS65_LH_NAND2AX21
datapath_module/reg_file_module/drc_bufs43461   2.61e-05    0.000528   0.0005541   3.899e-08  HS65_LH_IVX9
datapath_module/reg_file_module/g6918  0.0004099    0.000144    0.000554   9.185e-08  HS65_LH_MUX21I1X6
datapath_module/reg_file_module/FE_USKC1256_CTS_43  0.0004331   0.0001209    0.000554   4.891e-08  HS65_LH_BFX4
datapath_module/reg_file_module/g6790  0.0004389    0.000115   0.0005539   9.341e-08  HS65_LH_MUX21I1X6
datapath_module/alu_module/srl_43_34/g5831  0.0003501   0.0002035   0.0005537   5.577e-08  HS65_LH_AO22X4
datapath_module/reg_file_module/FE_OCPC726_n_2400  0.0003613   0.0001921   0.0005537   2.366e-07  HS65_LH_BFX35
datapath_module/reg_file_module/g6711  0.0004766   7.667e-05   0.0005534   1.561e-07  HS65_LH_MUX21I1X12
datapath_module/alu_module/mul_44_34/g37330  0.0001479   0.0004054   0.0005533   3.321e-08  HS65_LH_OAI22X1
datapath_module/alu_module/mul_44_34/g37458  0.0002167   0.0003363   0.0005531   5.302e-08  HS65_LH_AND2X4
datapath_module/alu_module/mul_44_34/g37298  0.0001657   0.0003871   0.0005529   3.333e-08  HS65_LH_OAI22X1
datapath_module/reg_file_module/g6517  0.0004529    9.97e-05   0.0005527   9.254e-08  HS65_LH_MUX21I1X6
datapath_module/alu_module/mul_44_34/g37376  0.0001546    0.000398   0.0005526   3.432e-08  HS65_LH_AOI22X1
datapath_module/reg_file_module/g6208  0.0004316   0.0001205   0.0005522   9.261e-08  HS65_LH_MUX21I1X6
datapath_module/reg_file_module/g6897  0.0004512   0.0001007   0.0005519    9.36e-08  HS65_LH_MUX21I1X6
datapath_module/reg_file_module/g6342  0.0004563   9.535e-05   0.0005517   9.174e-08  HS65_LH_MUX21I1X6
datapath_module/alu_module/sub_35_34/g27267  0.0001379   0.0004134   0.0005514   4.705e-08  HS65_LH_NOR2AX3
datapath_module/reg_file_module/FE_OCPC816_n_4326  0.0002682   0.0002829   0.0005513   2.372e-07  HS65_LH_BFX35
datapath_module/reg_file_module/g6513  0.0004506   0.0001004   0.0005511    9.29e-08  HS65_LH_MUX21I1X6
datapath_module/reg_file_module/fopt43418   0.000208   0.0003428   0.0005509   1.149e-07  HS65_LH_BFX18
datapath_module/alu_module/add_34_34/g7617  9.971e-05   0.0004505   0.0005503   3.076e-08  HS65_LH_NOR2X2
datapath_module/reg_file_module/g6982  0.0004472   0.0001026     0.00055   9.285e-08  HS65_LH_MUX21I1X6
datapath_module/alu_module/mul_44_34/g37284  0.0001499   0.0003999   0.0005499   3.337e-08  HS65_LH_OAI22X1
datapath_module/alu_module/sub_35_34/FE_OCPC1089_n_202  0.0003773   0.0001726   0.0005499   6.253e-08  HS65_LH_BFX9
datapath_module/alu_module/add_34_34/g7605  0.0002213   0.0003283   0.0005496    5.39e-08  HS65_LH_NOR2AX3
datapath_module/alu_module/srl_43_34/g5929  0.0001804   0.0003691   0.0005496   6.163e-08  HS65_LH_MUXI21X2
datapath_module/reg_file_module/FE_USKC1166_CTS_16  0.0004319   0.0001176   0.0005496   4.891e-08  HS65_LH_BFX4
datapath_module/reg_file_module/g43282  0.0002384   0.0003109   0.0005494   6.271e-08  HS65_LH_OAI22X6
datapath_module/reg_file_module/g42985  0.0002583   0.0002903   0.0005491   4.538e-07  HS65_LH_NAND2X43
IFU_module/instr_mem/g950      0.0002423   0.0003065    0.000549   1.468e-07  HS65_LH_AO112X18
datapath_module/alu_module/add_34_34/g7743  0.0003462   0.0002021   0.0005484   9.369e-08  HS65_LHS_XOR2X6
datapath_module/reg_file_module/g6903  0.0004422    0.000106   0.0005484   9.287e-08  HS65_LH_MUX21I1X6
datapath_module/reg_file_module/FE_USKC905_CTS_30  0.0003596   0.0001886   0.0005483   4.374e-08  HS65_LH_BFX2
datapath_module/reg_file_module/FE_PHC1580_n_1065  4.716e-05   0.0005009   0.0005481   5.389e-08  HS65_LH_BFX7
datapath_module/alu_module/mul_44_34/g37582  0.0004256   0.0001222    0.000548   9.754e-08  HS65_LH_CBI4I6X9
datapath_module/alu_module/mul_44_34/FE_RC_171_0  0.0003213   0.0002265   0.0005479   8.816e-08  HS65_LH_NAND2AX7
datapath_module/reg_file_module/g6313  0.0004332   0.0001145   0.0005477   9.173e-08  HS65_LH_MUX21I1X6
datapath_module/alu_module/mul_44_34/FE_OFC508_read_data2_1  0.0001207   0.0004269   0.0005477   7.995e-08  HS65_LH_IVX18
datapath_module/alu_module/mul_44_34/g37641  0.0002557   0.0002919   0.0005476   5.927e-08  HS65_LH_NAND2AX7
datapath_module/reg_file_module/g6526  0.0004265    0.000121   0.0005476   9.265e-08  HS65_LH_MUX21I1X6
datapath_module/reg_file_module/g6624  0.0004613   8.612e-05   0.0005475   9.282e-08  HS65_LH_MUX21I1X6
datapath_module/alu_module/g7410  0.0003529   0.0001943   0.0005473   1.031e-07  HS65_LH_MX41X4
datapath_module/reg_file_module/g6403  0.0004504   9.679e-05   0.0005472   9.283e-08  HS65_LH_MUX21I1X6
datapath_module/alu_module/mul_44_34/g37962  0.0001927   0.0003545   0.0005472   6.251e-08  HS65_LH_MUXI21X2
datapath_module/reg_file_module/g6908  0.0004428    0.000104   0.0005469   9.304e-08  HS65_LH_MUX21I1X6
datapath_module/reg_file_module/FE_PHC1632_n_1326  4.678e-05      0.0005   0.0005469   5.389e-08  HS65_LH_BFX7
datapath_module/alu_module/sub_35_34/g27186  0.0001248   0.0004219   0.0005467   3.596e-08  HS65_LH_AOI21X2
datapath_module/alu_module/mul_44_34/g37991  0.0002342   0.0003124   0.0005467    6.26e-08  HS65_LH_MUXI21X2
datapath_module/alu_module/mul_44_34/g38197  5.486e-05   0.0004908   0.0005456    2.45e-08  HS65_LH_NOR2X2
datapath_module/reg_file_module/g6780  0.0004553    9.02e-05   0.0005456   9.287e-08  HS65_LH_MUX21I1X6
datapath_module/reg_file_module/g6361  0.0004085   0.0001359   0.0005445   9.188e-08  HS65_LH_MUX21I1X6
datapath_module/reg_file_module/FE_RC_748_0  0.0003296   0.0002144   0.0005441   2.006e-07  HS65_LH_OAI12X37
datapath_module/reg_file_module/g6898  0.0004354   0.0001086   0.0005441   9.358e-08  HS65_LH_MUX21I1X6
datapath_module/reg_file_module/g6669  0.0004142   0.0001297    0.000544   9.254e-08  HS65_LH_MUX21I1X6
datapath_module/alu_module/mul_44_34/g38539   0.000271   0.0002729    0.000544   9.735e-08  HS65_LH_MUX21I1X6
datapath_module/alu_module/mul_44_34/g36610  0.0001568    0.000387   0.0005438   2.285e-08  HS65_LH_NOR2X2
datapath_module/alu_module/srl_43_34/g5908  0.0001513   0.0003919   0.0005432   6.088e-08  HS65_LH_MUXI21X2
datapath_module/reg_file_module/FE_USKC1148_CTS_37  0.0004334   0.0001098   0.0005432   4.891e-08  HS65_LH_BFX4
datapath_module/reg_file_module/FE_USKC1165_CTS_16  0.0004332   0.0001097    0.000543   4.891e-08  HS65_LH_BFX4
datapath_module/reg_file_module/FE_RC_40_0  0.0001971   0.0003456   0.0005429   2.547e-07  HS65_LH_IVX53
datapath_module/alu_module/sub_35_34/g27363  0.0004089   0.0001335   0.0005425   9.888e-08  HS65_LHS_XNOR2X6
datapath_module/alu_module/add_34_34/g7679  0.0001634   0.0003789   0.0005423   4.162e-08  HS65_LH_NOR2X6
datapath_module/reg_file_module/FE_USKC919_CTS_50  0.0004323   0.0001098   0.0005421   4.891e-08  HS65_LH_BFX4
datapath_module/alu_module/srl_43_34/g5866  0.0001793   0.0003624   0.0005417   6.209e-08  HS65_LH_MUXI21X2
datapath_module/reg_file_module/g6389  0.0004071   0.0001341   0.0005413   9.195e-08  HS65_LH_MUX21I1X6
datapath_module/reg_file_module/g6499  0.0004439   9.726e-05   0.0005413   9.252e-08  HS65_LH_MUX21I1X6
datapath_module/reg_file_module/g6800  0.0004406   0.0001003    0.000541    9.32e-08  HS65_LH_MUX21I1X6
datapath_module/alu_module/mul_44_34/g37263  0.0003319    0.000209    0.000541    6.04e-08  HS65_LH_AO22X4
datapath_module/alu_module/sub_35_34/g27325   0.000282   0.0002589   0.0005409   7.199e-08  HS65_LH_NAND2AX7
datapath_module/alu_module/mul_44_34/g37215  0.0001657   0.0003751   0.0005408   3.331e-08  HS65_LH_OAI22X1
datapath_module/alu_module/mul_44_34/g37404  0.0001613   0.0003792   0.0005405   3.332e-08  HS65_LH_OAI22X1
datapath_module/reg_file_module/g6268  0.0004281   0.0001121   0.0005403   9.165e-08  HS65_LH_MUX21I1X6
datapath_module/reg_file_module/g43360  0.0002769   0.0002632   0.0005403   2.389e-07  HS65_LH_NOR2X38
datapath_module/reg_file_module/g6316  0.0004054   0.0001346     0.00054   9.145e-08  HS65_LH_MUX21I1X6
datapath_module/reg_file_module/FE_OCPC999_write_data_5  0.0002586   0.0002813     0.00054   6.251e-08  HS65_LH_BFX9
datapath_module/alu_module/add_34_34/g7736  0.0002528    0.000287   0.0005399   6.514e-08  HS65_LH_CBI4I1X5
datapath_module/alu_module/add_34_34/g7652  0.0001732   0.0003666   0.0005398   5.082e-08  HS65_LH_NOR2X6
datapath_module/alu_module/mul_44_34/g37659  0.0001666    0.000373   0.0005397   7.967e-08  HS65_LH_IVX18
datapath_module/reg_file_module/g6578  0.0004211   0.0001181   0.0005393   9.313e-08  HS65_LH_MUX21I1X6
datapath_module/reg_file_module/g6381  0.0004756   6.335e-05   0.0005392   2.512e-07  HS65_LH_MUX21I1X18
datapath_module/reg_file_module/FE_USKC949_CTS_33  0.0003594   0.0001797   0.0005391   4.374e-08  HS65_LH_BFX2
datapath_module/alu_module/mul_44_34/FE_RC_480_0  0.0001823   0.0003563   0.0005388   1.567e-07  HS65_LH_IVX31
datapath_module/reg_file_module/g6817  0.0004147   0.0001237   0.0005385   9.232e-08  HS65_LH_MUX21I1X6
datapath_module/reg_file_module/drc_bufs43468  1.896e-05   0.0005195   0.0005385   3.894e-08  HS65_LH_IVX9
datapath_module/reg_file_module/g6895  0.0004397   9.852e-05   0.0005383   9.328e-08  HS65_LH_MUX21I1X6
datapath_module/reg_file_module/g6629  0.0004506   8.725e-05    0.000538   9.318e-08  HS65_LH_MUX21I1X6
datapath_module/reg_file_module/FE_OCPC1271_n_1121  0.0002642   0.0002734   0.0005377   6.256e-08  HS65_LH_BFX9
datapath_module/reg_file_module/FE_USKC911_CTS_43  0.0003589   0.0001784   0.0005374   4.374e-08  HS65_LH_BFX2
datapath_module/alu_module/FE_RC_533_0  0.0001073     0.00043   0.0005373   3.997e-08  HS65_LH_IVX9
datapath_module/alu_module/mul_44_34/g36286  0.0003099    0.000227   0.0005369   3.876e-08  HS65_LH_NAND2X7
datapath_module/reg_file_module/g6907  0.0004236   0.0001129   0.0005366   9.303e-08  HS65_LH_MUX21I1X6
datapath_module/alu_module/mul_44_34/FE_RC_151_0  0.0001949   0.0003416   0.0005365   5.483e-08  HS65_LH_NAND2AX7
datapath_module/alu_module/mul_44_34/g37686  0.0002553   0.0002809   0.0005362    6.05e-08  HS65_LH_NOR2AX6
datapath_module/alu_module/mul_44_34/g37283  0.0001441    0.000392   0.0005362   3.365e-08  HS65_LH_OAI22X1
datapath_module/alu_module/mul_44_34/g37386  0.0001485   0.0003876   0.0005361   3.338e-08  HS65_LH_OAI22X1
datapath_module/alu_module/mul_44_34/g38406   0.000319   0.0002168   0.0005359   5.797e-08  HS65_LH_NOR2AX3
datapath_module/alu_module/mul_44_34/FE_RC_384_0  0.0002291   0.0003062   0.0005354   1.673e-07  HS65_LH_IVX35
datapath_module/reg_file_module/FE_USKC1147_CTS_37  0.0003595   0.0001758   0.0005353   4.374e-08  HS65_LH_BFX2
datapath_module/reg_file_module/g6728  0.0004759   5.923e-05   0.0005353   1.574e-07  HS65_LH_MUX21I1X12
datapath_module/alu_module/sub_35_34/g27226  0.0002074   0.0003277   0.0005352   5.858e-08  HS65_LH_NOR2AX3
datapath_module/reg_file_module/g6657  0.0004285   0.0001063   0.0005349   9.141e-08  HS65_LH_MUX21I1X6
datapath_module/reg_file_module/g6555  0.0004078   0.0001263   0.0005341   9.289e-08  HS65_LH_MUX21I1X6
datapath_module/alu_module/sll_42_34/FE_PSC1701_FE_OCPN1221_FE_OFN423_read_data1_5   0.000239   0.0002947   0.0005338   6.226e-08  HS65_LH_BFX9
datapath_module/reg_file_module/FE_PHC1581_n_1209  7.254e-05    0.000461   0.0005336   6.289e-08  HS65_LH_BFX9
datapath_module/reg_file_module/g6825  0.0004398   9.331e-05   0.0005332   9.257e-08  HS65_LH_MUX21I1X6
datapath_module/alu_module/mul_44_34/g37218   0.000165    0.000368    0.000533   3.325e-08  HS65_LH_OAI22X1
datapath_module/alu_module/add_34_34/g7587   7.93e-05   0.0004534   0.0005327   1.878e-08  HS65_LH_NAND2X2
datapath_module/reg_file_module/g43273   4.85e-05   0.0004841   0.0005326   6.154e-08  HS65_LH_BFX9
datapath_module/alu_module/add_34_34/FE_RC_576_0  0.0002848   0.0002475   0.0005323   6.282e-08  HS65_LH_OAI22X6
datapath_module/alu_module/mul_44_34/FE_PSC1699_n_60  0.0002018   0.0003304   0.0005323   6.247e-08  HS65_LH_BFX9
datapath_module/alu_module/sub_35_34/g27225  0.0001738   0.0003583   0.0005321   6.872e-08  HS65_LH_NAND2AX4
datapath_module/reg_file_module/FE_USKC1151_CTS_6  0.0003599    0.000172   0.0005319   4.374e-08  HS65_LH_BFX2
datapath_module/reg_file_module/g6614  0.0004179   0.0001134   0.0005314   9.277e-08  HS65_LH_MUX21I1X6
datapath_module/alu_module/mul_44_34/FE_OCPC1299_read_data2_2  0.0002584   0.0002728   0.0005313   1.147e-07  HS65_LH_BFX18
datapath_module/reg_file_module/FE_OCPC1424_n_2470  0.0003262   0.0002046    0.000531   2.229e-07  HS65_LH_BFX31
datapath_module/reg_file_module/g6725  0.0004058   0.0001249   0.0005307    9.28e-08  HS65_LH_MUX21I1X6
datapath_module/reg_file_module/g6810  0.0004354   9.407e-05   0.0005296    9.31e-08  HS65_LH_MUX21I1X6
datapath_module/alu_module/sll_42_34/FE_OCPC1470_n_54  0.0003382   0.0001912   0.0005294   1.166e-07  HS65_LH_BFX18
datapath_module/reg_file_module/g6881   0.000353   0.0001763   0.0005293   9.258e-08  HS65_LH_MUX21I1X6
datapath_module/alu_module/mul_44_34/g37220   0.000149   0.0003801   0.0005291   3.323e-08  HS65_LH_OAI22X1
datapath_module/reg_file_module/FE_OCPC717_n_4256  0.0003124   0.0002165   0.0005291   2.349e-07  HS65_LH_BFX35
datapath_module/reg_file_module/FE_USKC1158_CTS_1  0.0003561   0.0001729   0.0005291   4.374e-08  HS65_LH_BFX2
datapath_module/reg_file_module/g6776   0.000446   8.291e-05    0.000529   9.231e-08  HS65_LH_MUX21I1X6
datapath_module/reg_file_module/FE_USKC1174_CTS_43  0.0003571   0.0001719    0.000529   4.374e-08  HS65_LH_BFX2
datapath_module/reg_file_module/g6753  0.0004315    9.74e-05    0.000529    9.18e-08  HS65_LH_MUX21I1X6
datapath_module/alu_module/add_34_34/g7655  0.0001512   0.0003777    0.000529   5.168e-08  HS65_LH_NOR2X6
datapath_module/alu_module/srl_43_34/g5901  0.0001751   0.0003533   0.0005284   6.052e-08  HS65_LH_MUXI21X2
datapath_module/alu_module/srl_43_34/g5946  8.909e-05    0.000439   0.0005281   3.968e-08  HS65_LH_IVX9
datapath_module/alu_module/sll_42_34/FE_OCPC1062_n_54  0.0001965   0.0003315    0.000528   6.271e-08  HS65_LH_BFX9
datapath_module/alu_module/mul_44_34/FE_OCPC1336_n_707  0.0002007   0.0003271   0.0005279   6.172e-08  HS65_LH_BFX9
datapath_module/reg_file_module/g6700  0.0004244   0.0001033   0.0005278   9.243e-08  HS65_LH_MUX21I1X6
datapath_module/alu_module/add_34_34/g7721  0.0002252   0.0003025   0.0005277   8.054e-08  HS65_LH_OR2ABX9
datapath_module/reg_file_module/g7002  0.0004191   0.0001084   0.0005276   9.185e-08  HS65_LH_MUX21I1X6
datapath_module/alu_module/add_34_34/g7538  0.0002642   0.0002632   0.0005274   5.264e-08  HS65_LH_AOI312X2
datapath_module/reg_file_module/g42605  0.0002511   0.0002758    0.000527   9.389e-08  HS65_LH_NAND4ABX3
datapath_module/reg_file_module/FE_USKC1171_CTS_50   0.000357     0.00017    0.000527   4.374e-08  HS65_LH_BFX2
datapath_module/alu_module/mul_44_34/g37617  0.0003263   0.0002004   0.0005268   1.052e-07  HS65_LH_NAND2X29
datapath_module/reg_file_module/FE_PHC1564_n_1070  0.0001483   0.0003781   0.0005266   2.245e-07  HS65_LH_BFX31
datapath_module/alu_module/mul_44_34/g37308  0.0001677   0.0003585   0.0005262   3.393e-08  HS65_LH_OAI22X1
datapath_module/reg_file_module/FE_USKC1163_CTS_1  0.0003561   0.0001697   0.0005258   4.374e-08  HS65_LH_BFX2
datapath_module/reg_file_module/g6923  0.0004025   0.0001228   0.0005254   9.302e-08  HS65_LH_MUX21I1X6
datapath_module/reg_file_module/g6931  0.0004309   9.444e-05   0.0005254   9.355e-08  HS65_LH_MUX21I1X6
datapath_module/reg_file_module/g6879  0.0004191   0.0001062   0.0005253   9.212e-08  HS65_LH_MUX21I1X6
datapath_module/alu_module/mul_44_34/FE_RC_160_0  0.0002032   0.0003221   0.0005253   3.991e-08  HS65_LH_IVX9
datapath_module/reg_file_module/g6317  0.0004159   0.0001088   0.0005247   9.204e-08  HS65_LH_MUX21I1X6
datapath_module/alu_module/mul_44_34/g37206  0.0001261   0.0003984   0.0005245   3.351e-08  HS65_LH_IVX7
datapath_module/alu_module/mul_44_34/g37214  0.0001562   0.0003683   0.0005245   3.327e-08  HS65_LH_OAI22X1
datapath_module/reg_file_module/g7021  0.0004235   0.0001005   0.0005241   9.221e-08  HS65_LH_MUX21I1X6
datapath_module/reg_file_module/g6875  0.0004165   0.0001073   0.0005239   9.291e-08  HS65_LH_MUX21I1X6
datapath_module/reg_file_module/g7000  0.0003866   0.0001371   0.0005238   9.251e-08  HS65_LH_MUX21I1X6
datapath_module/alu_module/sub_35_34/g27222  9.209e-05   0.0004315   0.0005237   5.898e-08  HS65_LH_NOR2AX3
datapath_module/alu_module/add_34_34/g7680  0.0001601   0.0003634   0.0005235   4.506e-08  HS65_LH_NOR2X6
datapath_module/alu_module/mul_44_34/g37326  0.0001483   0.0003751   0.0005235   3.307e-08  HS65_LH_OAI22X1
datapath_module/reg_file_module/g6974  0.0004483   7.494e-05   0.0005234   1.563e-07  HS65_LH_MUX21I1X12
datapath_module/alu_module/add_34_34/g7637  0.0002455   0.0002774   0.0005229   6.495e-08  HS65_LH_NAND2AX4
datapath_module/alu_module/mul_44_34/FE_RC_339_0   0.000395   0.0001276   0.0005228   1.311e-07  HS65_LH_NOR2AX19
datapath_module/alu_module/srl_43_34/fopt  6.927e-05   0.0004534   0.0005227   3.974e-08  HS65_LH_IVX9
datapath_module/reg_file_module/g6334  0.0004055   0.0001171   0.0005227   9.301e-08  HS65_LH_MUX21I1X6
datapath_module/reg_file_module/g6092  0.0003637   0.0001587   0.0005225   9.206e-08  HS65_LH_MUX21I1X6
datapath_module/alu_module/sll_42_34/g19768  0.0002612   0.0002612   0.0005225   4.245e-08  HS65_LH_AOI222X2
datapath_module/alu_module/sub_35_34/g27212   0.000207   0.0003145   0.0005216   6.926e-08  HS65_LH_NAND2AX4
datapath_module/alu_module/sub_35_34/g27066  0.0001631   0.0003584   0.0005216   3.987e-08  HS65_LH_OAI12X3
datapath_module/alu_module/mul_44_34/g37985  0.0001759   0.0003456   0.0005215   6.273e-08  HS65_LH_MUXI21X2
datapath_module/reg_file_module/g6768  0.0004064   0.0001149   0.0005214   9.305e-08  HS65_LH_MUX21I1X6
datapath_module/alu_module/sub_35_34/g27241  0.0002006   0.0003203   0.0005209   5.554e-08  HS65_LH_NOR2X6
datapath_module/alu_module/FE_OCPC602_read_data2_1  0.0002027   0.0003177   0.0005205     6.2e-08  HS65_LH_BFX9
datapath_module/reg_file_module/drc_bufs43539  1.874e-05   0.0005016   0.0005204   3.894e-08  HS65_LH_IVX9
datapath_module/alu_module/sub_35_34/g27170  0.0001003   0.0004201   0.0005204   3.332e-08  HS65_LH_NOR2X2
datapath_module/reg_file_module/g6071  0.0004303   8.964e-05   0.0005201   9.263e-08  HS65_LH_MUX21I1X6
datapath_module/reg_file_module/g42920  0.0002348   0.0002848     0.00052    4.04e-07  HS65_LH_NOR2X38
datapath_module/alu_module/sub_35_34/g27365  0.0003508   0.0001687   0.0005197   9.789e-08  HS65_LHS_XNOR2X6
datapath_module/alu_module/mul_44_34/g37602  0.0001136   0.0004054    0.000519   3.088e-08  HS65_LH_NOR2X6
datapath_module/alu_module/mul_44_34/g37606  0.0001017   0.0004172   0.0005189   3.041e-08  HS65_LH_NOR2X6
datapath_module/reg_file_module/g6630  0.0004321   8.672e-05   0.0005189   9.297e-08  HS65_LH_MUX21I1X6
datapath_module/alu_module/mul_44_34/g37314  0.0001735   0.0003454   0.0005189   3.433e-08  HS65_LH_OAI22X1
datapath_module/alu_module/mul_44_34/g37387  0.0001486   0.0003701   0.0005188   3.304e-08  HS65_LH_OAI22X1
datapath_module/reg_file_module/FE_RC_143_0  0.0002343   0.0002841   0.0005185   1.907e-07  HS65_LH_NOR2AX25
datapath_module/alu_module/mul_44_34/FE_OCPC1307_FE_RN_1   0.000243   0.0002751   0.0005182   6.184e-08  HS65_LH_BFX9
datapath_module/reg_file_module/g6516  0.0004167   0.0001011   0.0005179    9.19e-08  HS65_LH_MUX21I1X6
datapath_module/reg_file_module/g6110  0.0004512   6.647e-05   0.0005178   1.575e-07  HS65_LH_MUX21I1X12
datapath_module/reg_file_module/g6463  0.0004627    5.48e-05   0.0005177   1.565e-07  HS65_LH_MUX21I1X12
datapath_module/alu_module/mul_44_34/g37916  0.0001798   0.0003378   0.0005177   6.284e-08  HS65_LH_MUXI21X2
datapath_module/alu_module/mul_44_34/g37503  0.0002219   0.0002957   0.0005177   6.367e-08  HS65_LH_AND2X9
datapath_module/alu_module/mul_44_34/g37788  0.0001351   0.0003823   0.0005175   4.137e-08  HS65_LH_OAI21X3
datapath_module/reg_file_module/FE_USKC1245_CTS_27  0.0003589   0.0001576   0.0005166   4.374e-08  HS65_LH_BFX2
datapath_module/alu_module/g7465  0.0002118   0.0003047   0.0005166   1.444e-07  HS65_LH_NAND2X14
datapath_module/reg_file_module/g6193  0.0003928   0.0001236   0.0005165   9.181e-08  HS65_LH_MUX21I1X6
datapath_module/reg_file_module/g42603  0.0002539    0.000262    0.000516   9.105e-08  HS65_LH_NAND4ABX3
datapath_module/alu_module/sll_42_34/FE_RC_498_0  9.831e-05   0.0004175   0.0005159   8.145e-08  HS65_LH_IVX18
datapath_module/reg_file_module/g6552  0.0004204   9.534e-05   0.0005158   9.298e-08  HS65_LH_MUX21I1X6
datapath_module/alu_module/sll_42_34/FE_RC_501_0  0.0001652   0.0003505   0.0005158   6.265e-08  HS65_LH_NAND2X14
datapath_module/reg_file_module/g6286  0.0004233   9.241e-05   0.0005158   9.294e-08  HS65_LH_MUX21I1X6
datapath_module/alu_module/mul_44_34/g37943  0.0001545   0.0003611   0.0005157   6.844e-08  HS65_LH_MUXI21X2
datapath_module/reg_file_module/g6529  0.0003948   0.0001207   0.0005156   9.165e-08  HS65_LH_MUX21I1X6
datapath_module/alu_module/sub_35_34/g27168  8.769e-05   0.0004278   0.0005155   2.924e-08  HS65_LH_NAND2X2
datapath_module/reg_file_module/g6841  0.0004639   5.144e-05   0.0005155   1.554e-07  HS65_LH_MUX21I1X12
datapath_module/alu_module/mul_44_34/FE_OFC517_read_data2_0  0.0001251   0.0003901   0.0005153   8.029e-08  HS65_LH_IVX18
datapath_module/alu_module/mul_44_34/g38124  7.923e-05   0.0004359   0.0005152    2.44e-08  HS65_LH_NOR2X2
datapath_module/reg_file_module/FE_USKC1164_CTS_1   0.000356    0.000159   0.0005151   4.374e-08  HS65_LH_BFX2
datapath_module/reg_file_module/g6633  0.0004214   9.357e-05   0.0005151   9.282e-08  HS65_LH_MUX21I1X6
datapath_module/reg_file_module/drc_bufs43469  1.891e-05   0.0004961   0.0005151   3.894e-08  HS65_LH_IVX9
datapath_module/alu_module/add_34_34/g7495  0.0001331   0.0003814   0.0005145   2.895e-08  HS65_LH_AOI21X2
datapath_module/reg_file_module/g6906  0.0004142   0.0001001   0.0005144   9.281e-08  HS65_LH_MUX21I1X6
datapath_module/reg_file_module/g43128  0.0002745   0.0002397   0.0005143    1.62e-07  HS65_LH_NOR2X38
datapath_module/alu_module/mul_44_34/FE_RC_328_0  0.0001533   0.0003606   0.0005139   4.003e-08  HS65_LH_IVX9
datapath_module/reg_file_module/g6304  0.0004273   8.626e-05   0.0005136   9.314e-08  HS65_LH_MUX21I1X6
datapath_module/reg_file_module/g6209  0.0003911    0.000122   0.0005132   9.231e-08  HS65_LH_MUX21I1X6
datapath_module/alu_module/mul_44_34/FE_OCPC1432_n_82   0.000165    0.000348   0.0005131    6.17e-08  HS65_LH_BFX9
datapath_module/alu_module/mul_44_34/g37219  0.0001579   0.0003551    0.000513   3.298e-08  HS65_LH_OAI22X1
datapath_module/alu_module/mul_44_34/g37366  0.0001472   0.0003657   0.0005129   3.287e-08  HS65_LH_OAI22X1
datapath_module/alu_module/add_34_34/FE_RC_452_0  0.0002932   0.0002195   0.0005128   6.662e-08  HS65_LH_NAND2X14
datapath_module/alu_module/srl_43_34/FE_RC_587_0  0.0002189   0.0002937   0.0005127   5.019e-08  HS65_LH_OR2X4
datapath_module/reg_file_module/g6522  0.0004417   7.077e-05   0.0005126    1.56e-07  HS65_LH_MUX21I1X12
datapath_module/alu_module/sub_35_34/g27245  0.0003146   0.0001978   0.0005125   9.388e-08  HS65_LHS_XOR2X6
datapath_module/reg_file_module/FE_USKC1180_CTS_1  0.0003597   0.0001527   0.0005125   4.374e-08  HS65_LH_BFX2
datapath_module/alu_module/sub_35_34/g27152  0.0003523   0.0001598   0.0005121   6.928e-08  HS65_LH_OA212X4
datapath_module/reg_file_module/g42991  0.0002549   0.0002565   0.0005118   4.538e-07  HS65_LH_NAND2X43
datapath_module/reg_file_module/g6628  0.0004312   8.041e-05   0.0005117   9.304e-08  HS65_LH_MUX21I1X6
datapath_module/reg_file_module/FE_OCPC986_write_data_6   0.000311   0.0002001   0.0005112   6.253e-08  HS65_LH_BFX9
datapath_module/reg_file_module/g6787  0.0003748   0.0001363   0.0005112   9.166e-08  HS65_LH_MUX21I1X6
datapath_module/reg_file_module/g6809  0.0004119   9.894e-05   0.0005109   9.274e-08  HS65_LH_MUX21I1X6
datapath_module/reg_file_module/drc_bufs43903  2.695e-05   0.0004837   0.0005107   3.899e-08  HS65_LH_IVX9
datapath_module/reg_file_module/g6978  0.0004054   0.0001052   0.0005107   9.288e-08  HS65_LH_MUX21I1X6
datapath_module/alu_module/sub_35_34/g27205  0.0002101   0.0003003   0.0005104   6.767e-08  HS65_LH_NAND2AX4
datapath_module/reg_file_module/g6195  0.0004027   0.0001076   0.0005104   9.133e-08  HS65_LH_MUX21I1X6
datapath_module/alu_module/add_34_34/g7626  0.0002567   0.0002528   0.0005095   5.992e-08  HS65_LH_AND2X4
datapath_module/alu_module/sll_42_34/g19889  0.0001108   0.0003985   0.0005094   5.855e-08  HS65_LH_MUXI21X2
datapath_module/alu_module/mul_44_34/g37265  0.0001483   0.0003609   0.0005093   3.336e-08  HS65_LH_OAI22X1
datapath_module/reg_file_module/g6828  0.0004154   9.371e-05   0.0005092   9.294e-08  HS65_LH_MUX21I1X6
datapath_module/alu_module/mul_44_34/FE_OCPC1422_FE_RN_14  0.0002697   0.0002394   0.0005091   6.259e-08  HS65_LH_BFX9
datapath_module/alu_module/mul_44_34/FE_OCPC766_n_542  0.0002892   0.0002197   0.0005089   6.229e-08  HS65_LH_BFX9
datapath_module/alu_module/mul_44_34/FE_OCPC826_n_108   0.000255   0.0002537   0.0005087   6.231e-08  HS65_LH_BFX9
datapath_module/reg_file_module/FE_USKC943_CTS_43  0.0003592   0.0001488   0.0005081   4.374e-08  HS65_LH_BFX2
datapath_module/alu_module/srl_43_34/g5891  0.0001173   0.0003908   0.0005081   4.557e-08  HS65_LH_AND2X4
datapath_module/alu_module/add_34_34/g7640  0.0002176   0.0002903   0.0005079   6.617e-08  HS65_LH_NAND2AX4
datapath_module/alu_module/sub_35_34/g27309  0.0001872   0.0003202   0.0005074   4.785e-08  HS65_LH_NOR2AX3
datapath_module/alu_module/mul_44_34/g37262  0.0001643    0.000343   0.0005073   3.326e-08  HS65_LH_OAI22X1
datapath_module/reg_file_module/g6367  0.0004032   0.0001035   0.0005068   9.248e-08  HS65_LH_MUX21I1X6
datapath_module/alu_module/add_34_34/g7489  0.0003722   0.0001344   0.0005067   9.615e-08  HS65_LHS_XNOR3X2
datapath_module/reg_file_module/FE_RC_60_0  0.0001769   0.0003295   0.0005065   1.146e-07  HS65_LH_BFX18
datapath_module/alu_module/mul_44_34/g37238  0.0001475   0.0003589   0.0005065   3.276e-08  HS65_LH_OAI22X1
datapath_module/alu_module/mul_44_34/FE_RC_227_0   0.000169   0.0003374   0.0005064   8.133e-08  HS65_LH_IVX18
datapath_module/alu_module/mul_44_34/g37935  0.0001527   0.0003537   0.0005064   6.287e-08  HS65_LH_MUXI21X2
datapath_module/alu_module/mul_44_34/g36993  0.0001857   0.0003203   0.0005061   3.955e-08  HS65_LH_IVX9
datapath_module/reg_file_module/g6254  0.0003947   0.0001112    0.000506   9.134e-08  HS65_LH_MUX21I1X6
datapath_module/alu_module/sll_42_34/g19873  0.0001784   0.0003274   0.0005059   6.033e-08  HS65_LH_MUXI21X2
datapath_module/reg_file_module/FE_USKC1169_CTS_50  0.0003602   0.0001442   0.0005045   4.374e-08  HS65_LH_BFX2
datapath_module/alu_module/add_34_34/g7685  0.0001792   0.0003249   0.0005042   5.768e-08  HS65_LH_OR2X4
datapath_module/reg_file_module/g43683  0.0002075   0.0002959   0.0005036   1.907e-07  HS65_LH_NOR2AX25
datapath_module/alu_module/add_34_34/g7662  0.0001543   0.0003481   0.0005025   4.871e-08  HS65_LH_NOR2X6
datapath_module/reg_file_module/g42728  0.0002474    0.000255   0.0005024   8.642e-08  HS65_LH_AO112X4
datapath_module/reg_file_module/FE_RC_9_0  0.0001389   0.0003632   0.0005022   1.248e-07  HS65_LH_IVX27
datapath_module/reg_file_module/g6623  0.0004124   8.959e-05   0.0005021   9.203e-08  HS65_LH_MUX21I1X6
datapath_module/reg_file_module/g43012  0.0002509   0.0002507    0.000502     4.6e-07  HS65_LH_NAND2X43
datapath_module/reg_file_module/FE_OFC454_n_1086  0.0002292   0.0002725   0.0005019   2.388e-07  HS65_LH_BFX35
datapath_module/alu_module/mul_44_34/g38020  0.0001811   0.0003205   0.0005016   6.263e-08  HS65_LH_MUXI21X2
datapath_module/alu_module/srl_43_34/g5888  0.0001492   0.0003522   0.0005014   4.606e-08  HS65_LH_AND2X4
datapath_module/alu_module/sub_35_34/g27206  0.0002019    0.000299    0.000501   5.503e-08  HS65_LH_NOR2X6
datapath_module/reg_file_module/g6798  0.0004089   9.196e-05    0.000501    9.28e-08  HS65_LH_MUX21I1X6
datapath_module/alu_module/add_34_34/FE_RC_297_0  0.0001196    0.000381   0.0005007   3.976e-08  HS65_LH_IVX9
datapath_module/reg_file_module/g6089  0.0003932   0.0001071   0.0005004    9.36e-08  HS65_LH_MUX21I1X6
datapath_module/reg_file_module/g6869   0.000382   0.0001182   0.0005003   9.176e-08  HS65_LH_MUX21I1X6
datapath_module/alu_module/sub_35_34/g27338  0.0002209   0.0002793   0.0005002   4.377e-08  HS65_LH_CBI4I6X5
datapath_module/alu_module/mul_44_34/g37427   0.000143   0.0003571   0.0005001   3.596e-08  HS65_LH_AOI21X2
datapath_module/alu_module/mul_44_34/g37579  0.0002304   0.0002697   0.0005001   4.787e-08  HS65_LH_CBI4I6X5
datapath_module/reg_file_module/g6930   0.000394    0.000106   0.0005001   9.388e-08  HS65_LH_MUX21I1X6
datapath_module/reg_file_module/FE_OCPC1383_n_4440  0.0002791   0.0002207      0.0005    2.32e-07  HS65_LH_BFX35
datapath_module/reg_file_module/g6752  0.0003788    0.000121   0.0004998    9.12e-08  HS65_LH_MUX21I1X6
datapath_module/alu_module/mul_44_34/g37460  0.0001912   0.0003086   0.0004998   5.184e-08  HS65_LH_AND2X4
datapath_module/alu_module/sub_35_34/g27270  0.0001254   0.0003743   0.0004998   5.779e-08  HS65_LH_NAND2AX4
datapath_module/alu_module/srl_43_34/g5872  0.0001913   0.0003083   0.0004996   6.219e-08  HS65_LH_MUXI21X2
datapath_module/alu_module/add_34_34/g7647  0.0002798   0.0002197   0.0004995   6.409e-08  HS65_LH_NAND2AX4
datapath_module/alu_module/sub_35_34/g27177  0.0002408   0.0002586   0.0004994   5.908e-08  HS65_LH_OR2X4
datapath_module/alu_module/mul_44_34/g37397  0.0001482   0.0003512   0.0004994   3.306e-08  HS65_LH_OAI22X1
datapath_module/alu_module/mul_44_34/FE_RC_327_0  0.0002337   0.0002655   0.0004993   3.917e-08  HS65_LH_IVX9
datapath_module/alu_module/mul_44_34/FE_OCPC1292_read_data1_2  0.0002285   0.0002707   0.0004992   6.215e-08  HS65_LH_BFX9
datapath_module/alu_module/sub_35_34/g27193  0.0001058   0.0003933   0.0004992   3.413e-08  HS65_LH_OAI21X2
datapath_module/reg_file_module/g6837  0.0004143   8.433e-05   0.0004987   9.316e-08  HS65_LH_MUX21I1X6
datapath_module/alu_module/sub_35_34/FE_RC_786_0  6.751e-05   0.0004308   0.0004983    3.98e-08  HS65_LH_IVX9
datapath_module/reg_file_module/g43609  9.574e-05   0.0004017   0.0004975   1.116e-07  HS65_LH_OR2X18
datapath_module/alu_module/add_34_34/g7603  9.086e-05   0.0004066   0.0004975   3.408e-08  HS65_LH_OAI21X2
datapath_module/alu_module/mul_44_34/g37131  0.0001824   0.0003146   0.0004971   3.419e-08  HS65_LH_PAOI2X1
datapath_module/alu_module/sll_42_34/g19891  0.0001808   0.0003158   0.0004967   6.149e-08  HS65_LH_MUXI21X2
datapath_module/reg_file_module/g6577  0.0003842   0.0001124   0.0004966   9.264e-08  HS65_LH_MUX21I1X6
datapath_module/alu_module/add_34_34/g7624  0.0002725   0.0002239   0.0004964   6.529e-08  HS65_LH_NAND2AX4
datapath_module/reg_file_module/g6808  0.0003989   9.719e-05   0.0004962   9.277e-08  HS65_LH_MUX21I1X6
datapath_module/reg_file_module/g6738  0.0003693   0.0001268   0.0004962   9.198e-08  HS65_LH_MUX21I1X6
datapath_module/alu_module/mul_44_34/g37987  0.0001816   0.0003144   0.0004961   6.262e-08  HS65_LH_MUXI21X2
datapath_module/reg_file_module/g7043  0.0004025   9.341e-05    0.000496   9.249e-08  HS65_LH_MUX21I1X6
datapath_module/reg_file_module/g6512  0.0004026   9.328e-05   0.0004959   9.189e-08  HS65_LH_MUX21I1X6
datapath_module/reg_file_module/FE_OCPC1360_instruction_code_24  0.0003108    0.000185   0.0004959   1.666e-07  HS65_LH_BFX27
datapath_module/alu_module/mul_44_34/g38155  0.0002886   0.0002069   0.0004956   8.589e-08  HS65_LH_OR2ABX9
datapath_module/reg_file_module/CTS_ccl_a_buf_00276  0.0003671   0.0001279   0.0004951   4.374e-08  HS65_LH_BFX2
datapath_module/reg_file_module/g6687  0.0003764   0.0001185    0.000495     9.2e-08  HS65_LH_MUX21I1X6
datapath_module/alu_module/sub_35_34/g27182  0.0002079    0.000287    0.000495   4.851e-08  HS65_LH_NOR2X6
datapath_module/alu_module/sub_35_34/g27153  0.0002796   0.0002149   0.0004946     4.7e-08  HS65_LH_AOI212X2
datapath_module/reg_file_module/FE_USKC1170_CTS_50  0.0003546   0.0001394   0.0004941   4.374e-08  HS65_LH_BFX2
datapath_module/alu_module/mul_44_34/g39250  0.0003168   0.0001769   0.0004937   9.784e-08  HS65_LH_MUX21I1X6
datapath_module/alu_module/mul_44_34/g37683  0.0002056    0.000288   0.0004936   6.039e-08  HS65_LH_NOR2AX6
datapath_module/alu_module/add_34_34/g7625  0.0002402   0.0002532   0.0004935   6.626e-08  HS65_LH_NAND2AX4
datapath_module/alu_module/mul_44_34/g36935   0.000216   0.0002774   0.0004934   4.545e-08  HS65_LH_OA12X4
datapath_module/alu_module/mul_44_34/g37356   0.000156   0.0003373   0.0004934   3.323e-08  HS65_LH_OAI22X1
datapath_module/alu_module/mul_44_34/g37933  0.0001988   0.0002944   0.0004933   6.277e-08  HS65_LH_MUXI21X2
datapath_module/reg_file_module/g6192  0.0004014   9.166e-05   0.0004931   9.175e-08  HS65_LH_MUX21I1X6
datapath_module/reg_file_module/g6788  0.0004142   7.836e-05   0.0004927   9.283e-08  HS65_LH_MUX21I1X6
datapath_module/alu_module/sub_35_34/g27234  8.551e-05   0.0004071   0.0004926   3.368e-08  HS65_LH_NOR2X2
datapath_module/reg_file_module/g6087  0.0003934   9.902e-05   0.0004925   9.243e-08  HS65_LH_MUX21I1X6
datapath_module/reg_file_module/FE_PHC1547_n_1677  0.0004299   6.233e-05   0.0004924   2.217e-07  HS65_LH_BFX31
datapath_module/alu_module/mul_44_34/g37375  0.0001471   0.0003452   0.0004923   3.299e-08  HS65_LH_OAI22X1
datapath_module/reg_file_module/g6165  0.0003992   9.287e-05   0.0004922   9.244e-08  HS65_LH_MUX21I1X6
IFU_module/instr_mem/g3        0.0002425   0.0002493    0.000492   2.389e-07  HS65_LH_NOR2X38
datapath_module/reg_file_module/g43129  0.0002894   0.0002023   0.0004919   1.581e-07  HS65_LH_NAND2X43
datapath_module/alu_module/mul_44_34/g37181  0.0001098   0.0003817   0.0004916   3.986e-08  HS65_LH_NOR2AX3
datapath_module/reg_file_module/g6806  0.0004011   9.031e-05   0.0004915   9.193e-08  HS65_LH_MUX21I1X6
datapath_module/reg_file_module/g6562  0.0003983   9.279e-05   0.0004912   9.161e-08  HS65_LH_MUX21I1X6
datapath_module/alu_module/sll_42_34/g19748  0.0002936   0.0001972   0.0004909   5.233e-08  HS65_LH_OAI22X6
datapath_module/alu_module/mul_44_34/g37795   0.000164   0.0003265   0.0004906   4.284e-08  HS65_LH_OAI12X3
datapath_module/alu_module/mul_44_34/g37472  0.0001327   0.0003577   0.0004904   3.052e-08  HS65_LH_NOR2X6
datapath_module/reg_file_module/FE_RC_725_0  0.0002463   0.0002435     0.00049   1.732e-07  HS65_LH_AOI31X20
datapath_module/alu_module/add_34_34/g7525  0.0002924   0.0001975     0.00049   7.037e-08  HS65_LHS_XNOR2X3
datapath_module/alu_module/mul_44_34/g38438  0.0002304   0.0002594   0.0004898   5.195e-08  HS65_LH_NAND2AX7
datapath_module/reg_file_module/FE_PHC1587_n_1145  4.578e-05   0.0004434   0.0004893   5.389e-08  HS65_LH_BFX7
datapath_module/alu_module/mul_44_34/FE_OCPC1463_n_60  0.0002053   0.0002839   0.0004892   6.247e-08  HS65_LH_BFX9
datapath_module/reg_file_module/FE_OCPC1199_n_1112  0.0003255   0.0001632   0.0004888   6.256e-08  HS65_LH_BFX9
datapath_module/alu_module/mul_44_34/FE_OCPC1410_read_data1_3   0.000316   0.0001726   0.0004887   6.229e-08  HS65_LH_BFX9
datapath_module/alu_module/add_34_34/g7651  0.0001635   0.0003247   0.0004882   4.164e-08  HS65_LH_NOR2X6
datapath_module/reg_file_module/g43262  4.852e-05   0.0004396   0.0004882   6.154e-08  HS65_LH_BFX9
datapath_module/alu_module/mul_44_34/g37614  0.0002884   0.0001996   0.0004881   1.236e-07  HS65_LH_NAND2X29
datapath_module/reg_file_module/g43310  0.0002291   0.0002586   0.0004878   1.279e-07  HS65_LH_AND2X18
datapath_module/alu_module/mul_44_34/g37627  0.0001411   0.0003465   0.0004877   3.444e-08  HS65_LH_NOR2X6
datapath_module/alu_module/sub_35_34/g27162  0.0001941   0.0002933   0.0004875   4.317e-08  HS65_LH_NAND2X7
datapath_module/alu_module/add_34_34/g7660  0.0001515   0.0003355   0.0004871   4.485e-08  HS65_LH_NOR2X6
datapath_module/alu_module/mul_44_34/g37343  0.0001786   0.0003084    0.000487    3.93e-08  HS65_LH_IVX9
datapath_module/alu_module/mul_44_34/g38045  0.0001988    0.000288   0.0004868   6.279e-08  HS65_LH_MUXI21X2
datapath_module/alu_module/add_34_34/g7616  7.806e-05   0.0004086   0.0004867   2.698e-08  HS65_LH_NOR2X2
datapath_module/alu_module/srl_43_34/g5871    0.00025   0.0002364   0.0004865   6.539e-08  HS65_LH_MUX21I1X3
datapath_module/reg_file_module/g6827  0.0004046    8.15e-05   0.0004862   9.264e-08  HS65_LH_MUX21I1X6
datapath_module/reg_file_module/g6247  0.0004222    6.34e-05   0.0004857   1.563e-07  HS65_LH_MUX21I1X12
datapath_module/reg_file_module/g6134  0.0004104   7.509e-05   0.0004856   9.224e-08  HS65_LH_MUX21I1X6
datapath_module/alu_module/mul_44_34/FE_OCPC678_read_data2_4  0.0002261   0.0002592   0.0004854   1.674e-07  HS65_LH_IVX35
datapath_module/alu_module/mul_44_34/g38448  0.0001416   0.0003438   0.0004854   5.395e-08  HS65_LH_NAND2AX7
datapath_module/alu_module/add_34_34/g7703  0.0001493   0.0003361   0.0004854   3.628e-08  HS65_LH_NAND2X7
datapath_module/alu_module/sll_42_34/g19811  0.0002592   0.0002259   0.0004852   5.527e-08  HS65_LH_AO22X4
datapath_module/reg_file_module/FE_USKC1154_CTS_27    0.00036   0.0001249   0.0004849   4.374e-08  HS65_LH_BFX2
datapath_module/alu_module/add_34_34/g7606  9.422e-05   0.0003905   0.0004848   2.903e-08  HS65_LH_NOR2X2
datapath_module/alu_module/FE_OCPC1440_read_data2_2  0.0002608   0.0002239   0.0004848   1.147e-07  HS65_LH_BFX18
datapath_module/alu_module/mul_44_34/g38156  0.0001597   0.0003249   0.0004846   4.137e-08  HS65_LH_NAND2X7
datapath_module/reg_file_module/FE_RC_72_0  0.0001875   0.0002968   0.0004845   2.547e-07  HS65_LH_IVX53
datapath_module/alu_module/sub_35_34/g27231  0.0002072   0.0002773   0.0004845   6.726e-08  HS65_LH_NAND2AX4
datapath_module/alu_module/mul_44_34/g38013  0.0001909   0.0002935   0.0004845   6.253e-08  HS65_LH_MUXI21X2
datapath_module/alu_module/g7389  0.0003014   0.0001829   0.0004844   7.331e-08  HS65_LH_AO12X9
datapath_module/alu_module/add_34_34/g7563  0.0002336   0.0002505   0.0004841   5.912e-08  HS65_LH_OAI212X3
datapath_module/alu_module/add_34_34/g7635  0.0002568   0.0002272    0.000484   6.525e-08  HS65_LH_NAND2AX4
datapath_module/reg_file_module/g6775  0.0003842   9.949e-05   0.0004838   9.167e-08  HS65_LH_MUX21I1X6
datapath_module/alu_module/mul_44_34/FE_RC_262_0  0.0002249   0.0002587   0.0004836   3.958e-08  HS65_LH_IVX9
datapath_module/alu_module/mul_44_34/g38083   0.000218   0.0002653   0.0004834   6.237e-08  HS65_LH_MUXI21X2
datapath_module/alu_module/add_34_34/g7718  0.0001348   0.0003481    0.000483   3.378e-08  HS65_LH_NAND2X7
datapath_module/alu_module/add_34_34/FE_RC_296_0  0.0001047    0.000378   0.0004827   3.954e-08  HS65_LH_IVX9
datapath_module/reg_file_module/g6339  0.0004033   7.893e-05   0.0004823   9.262e-08  HS65_LH_MUX21I1X6
datapath_module/reg_file_module/FE_PHC1673_n_1069  0.0003085   0.0001734   0.0004823   4.144e-07  HS65_LH_BFX62
datapath_module/alu_module/mul_44_34/g38014  0.0002119   0.0002703   0.0004823   6.268e-08  HS65_LH_MUXI21X2
datapath_module/reg_file_module/FE_USKC920_CTS_47  0.0003596   0.0001223   0.0004819   4.374e-08  HS65_LH_BFX2
datapath_module/alu_module/add_34_34/g7553   0.000152   0.0003298   0.0004819   3.499e-08  HS65_LH_OAI21X2
datapath_module/alu_module/add_34_34/g7668  0.0001537    0.000328   0.0004818   4.587e-08  HS65_LH_NOR2X6
datapath_module/reg_file_module/g6460  0.0004251   5.653e-05   0.0004818   1.571e-07  HS65_LH_MUX21I1X12
datapath_module/alu_module/add_34_34/g7552  0.0001723   0.0003095   0.0004818   3.289e-08  HS65_LH_AOI21X2
datapath_module/reg_file_module/g6569  0.0004352   4.643e-05   0.0004818   1.556e-07  HS65_LH_MUX21I1X12
datapath_module/reg_file_module/g6157  0.0003966   8.512e-05   0.0004818   9.162e-08  HS65_LH_MUX21I1X6
datapath_module/alu_module/add_34_34/g7613  0.0001913     0.00029   0.0004813   5.431e-08  HS65_LH_NOR2AX3
datapath_module/alu_module/mul_44_34/FE_OCPC711_n_1004  0.0003358    0.000145   0.0004809   6.257e-08  HS65_LH_BFX9
datapath_module/alu_module/mul_44_34/fopt39089  0.0001803   0.0003002   0.0004806   6.826e-08  HS65_LH_IVX13
datapath_module/reg_file_module/FE_OFC69_n_2520  3.306e-05   0.0004469     0.00048   6.151e-08  HS65_LH_BFX9
datapath_module/reg_file_module/g7449  5.718e-05   0.0004223   0.0004795   3.944e-08  HS65_LH_IVX9
datapath_module/alu_module/srl_43_34/g5832    0.00028   0.0001994   0.0004794   5.607e-08  HS65_LH_AO22X4
datapath_module/alu_module/mul_44_34/g36338  0.0001846   0.0002946   0.0004792   3.356e-08  HS65_LH_IVX7
datapath_module/reg_file_module/g6518  0.0004006   7.836e-05    0.000479   9.251e-08  HS65_LH_MUX21I1X6
datapath_module/alu_module/mul_44_34/FE_RC_244_0  0.0003425   0.0001364    0.000479   8.826e-08  HS65_LH_NAND2AX7
datapath_module/alu_module/mul_44_34/g37972  0.0001491   0.0003296   0.0004787   6.294e-08  HS65_LH_MUXI21X2
datapath_module/reg_file_module/FE_OCPC1404_n_2500  4.833e-05   0.0004303   0.0004787   6.154e-08  HS65_LH_BFX9
datapath_module/reg_file_module/g43198  0.0001836   0.0002949   0.0004786   1.085e-07  HS65_LH_NAND2X21
datapath_module/alu_module/mul_44_34/g37584  0.0002347   0.0002435   0.0004783   4.905e-08  HS65_LH_CBI4I6X5
datapath_module/alu_module/FE_OCPC1298_write_data_6  0.0003109   0.0001669   0.0004779   6.253e-08  HS65_LH_BFX9
datapath_module/alu_module/mul_44_34/g38070  0.0002386   0.0002391   0.0004778   6.271e-08  HS65_LH_MUXI21X2
datapath_module/alu_module/sub_35_34/g27273  0.0001035   0.0003741   0.0004777   6.366e-08  HS65_LH_NAND2AX4
datapath_module/reg_file_module/g6676  0.0004194   5.788e-05   0.0004774   1.556e-07  HS65_LH_MUX21I1X12
datapath_module/reg_file_module/g6500  0.0003968   8.038e-05   0.0004773   9.267e-08  HS65_LH_MUX21I1X6
datapath_module/alu_module/mul_44_34/g37494  0.0002062   0.0002709   0.0004772    6.13e-08  HS65_LH_AND2X9
datapath_module/reg_file_module/g7048  0.0003824   9.463e-05   0.0004771   9.281e-08  HS65_LH_MUX21I1X6
datapath_module/reg_file_module/g6773  0.0003968   8.004e-05   0.0004769   9.211e-08  HS65_LH_MUX21I1X6
datapath_module/alu_module/sub_35_34/g27207  0.0001809   0.0002957   0.0004767   5.794e-08  HS65_LH_NOR2AX3
datapath_module/alu_module/sub_35_34/g27235  0.0001816   0.0002947   0.0004764   7.998e-08  HS65_LH_IVX18
datapath_module/alu_module/add_34_34/g7535  8.914e-05   0.0003861   0.0004752   2.072e-08  HS65_LH_NOR3X1
datapath_module/reg_file_module/g6783  0.0003863   8.853e-05   0.0004749   9.283e-08  HS65_LH_MUX21I1X6
datapath_module/reg_file_module/g43280  0.0002137    0.000261   0.0004748    1.45e-07  HS65_LH_NOR2X25
datapath_module/alu_module/mul_44_34/g37801  0.0001552   0.0003196   0.0004748   4.158e-08  HS65_LH_OAI12X3
datapath_module/alu_module/sub_35_34/g27229  0.0001754   0.0002991   0.0004746   5.699e-08  HS65_LH_NOR2AX3
datapath_module/alu_module/mul_44_34/g37794  0.0002016   0.0002722   0.0004739   6.712e-08  HS65_LH_OAI12X6
datapath_module/alu_module/sll_42_34/g19863  7.622e-05   0.0003975   0.0004738   3.912e-08  HS65_LH_IVX9
datapath_module/reg_file_module/FE_RC_503_0  0.0001762   0.0002971   0.0004734   1.344e-07  HS65_LH_NOR2X19
IFU_module/fopt568             7.696e-05   0.0003961   0.0004733   1.539e-07  HS65_LH_IVX31
datapath_module/reg_file_module/g6505  0.0003994   7.371e-05   0.0004732   9.147e-08  HS65_LH_MUX21I1X6
datapath_module/alu_module/add_34_34/g7526  0.0002851   0.0001875   0.0004726   6.919e-08  HS65_LHS_XNOR2X3
datapath_module/alu_module/g7665  0.0003089   0.0001636   0.0004726     7.9e-08  HS65_LH_OR4X4
datapath_module/reg_file_module/g42678  8.955e-05   0.0003825   0.0004721   6.479e-08  HS65_LH_NAND3X3
datapath_module/reg_file_module/FE_OCPC1321_n_1112  0.0003254   0.0001465    0.000472   6.256e-08  HS65_LH_BFX9
datapath_module/alu_module/add_34_34/g7590  0.0001168   0.0003549   0.0004718   3.433e-08  HS65_LH_OAI21X2
datapath_module/reg_file_module/FE_RC_406_0  0.0001867   0.0002846   0.0004715   2.547e-07  HS65_LH_IVX53
datapath_module/alu_module/add_34_34/g7659  0.0001701   0.0003013   0.0004715   4.554e-08  HS65_LH_NOR2X6
datapath_module/reg_file_module/g43226  1.863e-05   0.0004528   0.0004715   3.894e-08  HS65_LH_IVX9
datapath_module/reg_file_module/g6557  0.0003771   9.428e-05   0.0004714   9.176e-08  HS65_LH_MUX21I1X6
datapath_module/alu_module/add_34_34/g7507  0.0001375   0.0003339   0.0004714   3.642e-08  HS65_LH_NOR2X2
datapath_module/reg_file_module/g43369  0.0002142   0.0002569   0.0004713   1.279e-07  HS65_LH_AND2X18
datapath_module/reg_file_module/g6257   0.000386   8.505e-05   0.0004711   9.048e-08  HS65_LH_MUX21I1X6
datapath_module/reg_file_module/g6262  0.0003779   9.284e-05   0.0004708   8.994e-08  HS65_LH_MUX21I1X6
datapath_module/alu_module/srl_43_34/g5909  0.0001917   0.0002784   0.0004701   6.184e-08  HS65_LH_MUXI21X2
datapath_module/alu_module/mul_44_34/g37325   0.000164   0.0003061   0.0004701    3.32e-08  HS65_LH_OAI22X1
datapath_module/reg_file_module/FE_USKC1167_CTS_16  0.0003597   0.0001097   0.0004695   4.374e-08  HS65_LH_BFX2
datapath_module/alu_module/mul_44_34/g39326  0.0001443   0.0003249   0.0004692   4.459e-08  HS65_LH_AND2X4
datapath_module/alu_module/add_34_34/g7648  0.0002319    0.000237   0.0004689   6.705e-08  HS65_LH_NAND2AX4
datapath_module/alu_module/mul_44_34/FE_OCPC1109_n_3278   0.000162   0.0003067   0.0004687    6.17e-08  HS65_LH_BFX9
datapath_module/alu_module/add_34_34/g7730  0.0003177   0.0001506   0.0004684    7.89e-08  HS65_LH_CBI4I1X5
datapath_module/alu_module/mul_44_34/g37229  0.0001478   0.0003203   0.0004682   3.322e-08  HS65_LH_OAI22X1
datapath_module/reg_file_module/g6076  0.0003513   0.0001161   0.0004675    9.03e-08  HS65_LH_MUX21I1X6
datapath_module/reg_file_module/FE_USKC1173_CTS_43  0.0003576   0.0001098   0.0004674   4.374e-08  HS65_LH_BFX2
datapath_module/alu_module/add_34_34/g7588  0.0002441   0.0002232   0.0004673   5.069e-08  HS65_LH_AND2X4
datapath_module/reg_file_module/FE_PHC1562_n_1331  4.467e-05   0.0004221    0.000467   2.248e-07  HS65_LH_BFX31
datapath_module/alu_module/mul_44_34/g38073  0.0001818   0.0002844   0.0004663   6.271e-08  HS65_LH_MUXI21X2
datapath_module/alu_module/mul_44_34/FE_OCPC1318_read_data2_0  0.0002039   0.0002622   0.0004662   6.232e-08  HS65_LH_BFX9
datapath_module/reg_file_module/g6902  0.0003889   7.707e-05   0.0004661   9.178e-08  HS65_LH_MUX21I1X6
datapath_module/alu_module/sub_35_34/g27183  0.0002258   0.0002396   0.0004654   6.375e-08  HS65_LH_OA12X4
datapath_module/alu_module/sub_35_34/g27128  0.0002945   0.0001709   0.0004654   5.369e-08  HS65_LH_OAI212X3
datapath_module/alu_module/srl_43_34/g5813  0.0003093   0.0001561   0.0004654   5.883e-08  HS65_LH_OAI12X6
datapath_module/reg_file_module/g6482  0.0003852   8.005e-05   0.0004654   9.253e-08  HS65_LH_MUX21I1X6
datapath_module/alu_module/mul_44_34/g37925  0.0001737   0.0002912    0.000465   6.277e-08  HS65_LH_MUXI21X2
datapath_module/alu_module/g7336  7.152e-05   0.0003931   0.0004646   2.168e-08  HS65_LH_IVX2
datapath_module/reg_file_module/g6542  0.0003645   9.989e-05   0.0004645   9.201e-08  HS65_LH_MUX21I1X6
datapath_module/alu_module/mul_44_34/g38031  0.0002114   0.0002527   0.0004642   6.277e-08  HS65_LH_MUXI21X2
datapath_module/alu_module/mul_44_34/g37572  0.0003378   0.0001259   0.0004638   9.794e-08  HS65_LH_CBI4I6X9
datapath_module/alu_module/mul_44_34/g38023  0.0001508   0.0003127   0.0004636   6.264e-08  HS65_LH_MUXI21X2
datapath_module/reg_file_module/g6604  0.0003993    6.37e-05   0.0004632   1.568e-07  HS65_LH_MUX21I1X12
datapath_module/reg_file_module/g6796  0.0003353   0.0001278   0.0004632   9.261e-08  HS65_LH_MUX21I1X6
datapath_module/reg_file_module/g6673  0.0003725   9.045e-05   0.0004631   9.178e-08  HS65_LH_MUX21I1X6
datapath_module/reg_file_module/g7105  9.062e-05   0.0003723   0.0004631   1.171e-07  HS65_LH_BFX18
datapath_module/alu_module/sub_35_34/g27254  0.0001391   0.0003237   0.0004629   5.586e-08  HS65_LH_NAND2AX4
datapath_module/alu_module/sll_42_34/g19832  0.0001939   0.0002688   0.0004628   6.234e-08  HS65_LH_MUXI21X2
datapath_module/reg_file_module/g6651  0.0003758   8.677e-05   0.0004627    9.02e-08  HS65_LH_MUX21I1X6
datapath_module/alu_module/mul_44_34/FE_OCPC806_n_120   0.000281   0.0001816   0.0004627   6.258e-08  HS65_LH_BFX9
datapath_module/alu_module/mul_44_34/g37581  0.0001807   0.0002819   0.0004626    4.81e-08  HS65_LH_CBI4I6X5
datapath_module/reg_file_module/g6717  0.0003528   0.0001085   0.0004614   9.204e-08  HS65_LH_MUX21I1X6
datapath_module/alu_module/sll_42_34/FE_OCPC1218_n_729  0.0002716   0.0001894   0.0004611   6.241e-08  HS65_LH_BFX9
datapath_module/alu_module/add_34_34/g7729  0.0002629    0.000198    0.000461   7.476e-08  HS65_LH_CBI4I1X5
datapath_module/alu_module/mul_44_34/FE_RC_290_0  0.0002306     0.00023   0.0004608   2.194e-07  HS65_LH_NAND2X21
datapath_module/alu_module/g7661  0.0003551   0.0001054   0.0004606   7.327e-08  HS65_LH_AO12X9
datapath_module/reg_file_module/g6663  0.0002782    0.000182   0.0004603   9.161e-08  HS65_LH_MUX21I1X6
IFU_module/instr_mem/g760      0.0001865   0.0002736   0.0004602   1.764e-07  HS65_LH_XNOR2X9
datapath_module/alu_module/mul_44_34/g37601  9.932e-05   0.0003609   0.0004602   2.983e-08  HS65_LH_NOR2X6
datapath_module/alu_module/sub_35_34/g27195  0.0001652   0.0002945   0.0004598   5.816e-08  HS65_LH_NOR2AX3
datapath_module/alu_module/sll_42_34/g19871  0.0001776   0.0002819   0.0004596    6.19e-08  HS65_LH_MUXI21X2
datapath_module/alu_module/mul_44_34/FE_OFC501_read_data2_1  0.0002175   0.0002419   0.0004595   1.548e-07  HS65_LH_IVX31
datapath_module/alu_module/mul_44_34/g37977  0.0002169   0.0002423   0.0004593   6.294e-08  HS65_LH_MUXI21X2
datapath_module/alu_module/mul_44_34/g37136  0.0002839   0.0001746   0.0004585    4.99e-08  HS65_LH_OA12X4
datapath_module/reg_file_module/g6431  0.0004036   5.461e-05   0.0004583   1.555e-07  HS65_LH_MUX21I1X12
datapath_module/alu_module/mul_44_34/FE_OCPC641_n_72  0.0002281   0.0002294   0.0004576   6.232e-08  HS65_LH_BFX9
datapath_module/alu_module/sub_35_34/g27125  0.0001559   0.0003015   0.0004574   3.026e-08  HS65_LH_AOI21X2
datapath_module/alu_module/sll_42_34/g19770  0.0002557   0.0002016   0.0004573   4.223e-08  HS65_LH_AOI222X2
datapath_module/reg_file_module/g6171  0.0004104   4.637e-05    0.000457   1.557e-07  HS65_LH_MUX21I1X12
datapath_module/reg_file_module/g6666  0.0003742   8.236e-05   0.0004567   9.306e-08  HS65_LH_MUX21I1X6
datapath_module/alu_module/mul_44_34/g38530  0.0002517   0.0002046   0.0004564   9.849e-08  HS65_LH_MUX21I1X6
datapath_module/alu_module/sub_35_34/g27211  7.391e-05   0.0003823   0.0004563   3.674e-08  HS65_LH_NOR2X2
datapath_module/alu_module/mul_44_34/g37222  0.0001475   0.0003087   0.0004562   3.318e-08  HS65_LH_OAI22X1
datapath_module/alu_module/add_34_34/g7696   0.000166   0.0002901   0.0004561   6.414e-08  HS65_LH_NAND2X14
datapath_module/reg_file_module/g6671  0.0003739   8.207e-05    0.000456    9.19e-08  HS65_LH_MUX21I1X6
datapath_module/alu_module/sub_35_34/g27130  0.0002701   0.0001855   0.0004556   4.057e-08  HS65_LH_AOI212X2
datapath_module/reg_file_module/g6305  0.0003612   9.418e-05   0.0004555   9.256e-08  HS65_LH_MUX21I1X6
datapath_module/alu_module/srl_43_34/g5930   0.000194   0.0002613   0.0004554   6.175e-08  HS65_LH_MUXI21X2
datapath_module/alu_module/mul_44_34/g38047  0.0001817   0.0002733   0.0004551   6.235e-08  HS65_LH_MUXI21X2
datapath_module/alu_module/mul_44_34/FE_RC_221_0   9.22e-05   0.0003627   0.0004549   3.958e-08  HS65_LH_IVX9
datapath_module/alu_module/mul_44_34/g38441  0.0002163   0.0002385   0.0004548   6.224e-08  HS65_LH_AND2X9
datapath_module/reg_file_module/FE_RC_523_0  0.0002521   0.0002024   0.0004547   2.297e-07  HS65_LH_OR2X35
datapath_module/alu_module/mul_44_34/g37589  0.0002158   0.0002388   0.0004547   5.061e-08  HS65_LH_AND2X4
datapath_module/reg_file_module/FE_OCPC684_n_2470  0.0001066   0.0003479   0.0004546   1.226e-07  HS65_LH_IVX27
datapath_module/alu_module/add_34_34/g7643  0.0001983   0.0002561   0.0004545   5.779e-08  HS65_LH_NOR2AX3
datapath_module/reg_file_module/g6797  0.0003674   8.696e-05   0.0004545   9.265e-08  HS65_LH_MUX21I1X6
datapath_module/alu_module/mul_44_34/g38728  0.0001962   0.0002582   0.0004544   6.116e-08  HS65_LH_AND2X9
datapath_module/alu_module/mul_44_34/g37944  0.0001579   0.0002961    0.000454   6.308e-08  HS65_LH_MUXI21X2
datapath_module/reg_file_module/g7344  9.216e-05   0.0003618    0.000454   1.171e-07  HS65_LH_BFX18
datapath_module/reg_file_module/g6627  0.0003788   7.506e-05    0.000454   9.237e-08  HS65_LH_MUX21I1X6
datapath_module/alu_module/mul_44_34/g38001   0.000182    0.000272    0.000454   6.264e-08  HS65_LH_MUXI21X2
datapath_module/reg_file_module/g6067  0.0003715   8.235e-05   0.0004539   9.123e-08  HS65_LH_MUX21I1X6
datapath_module/alu_module/mul_44_34/g38137  0.0001293   0.0003246   0.0004539   3.684e-08  HS65_LH_NAND2X7
datapath_module/alu_module/sub_35_34/g27238  0.0002092   0.0002445   0.0004538   6.271e-08  HS65_LH_OR2X4
datapath_module/alu_module/mul_44_34/g37434  0.0001439   0.0003093   0.0004533   3.925e-08  HS65_LH_IVX9
datapath_module/reg_file_module/FE_RC_562_0  0.0001532   0.0002998   0.0004532   2.476e-07  HS65_LH_IVX53
datapath_module/alu_module/sub_35_34/g27197   0.000166    0.000287   0.0004531   6.749e-08  HS65_LH_NAND2AX4
datapath_module/reg_file_module/g6456  0.0003249    0.000128   0.0004531   9.162e-08  HS65_LH_MUX21I1X6
datapath_module/reg_file_module/drc_bufs43448  1.302e-05   0.0004399   0.0004529   3.891e-08  HS65_LH_IVX9
datapath_module/alu_module/mul_44_34/FE_RC_590_0  0.0002648    0.000188   0.0004529   6.169e-08  HS65_LH_NAND2AX7
datapath_module/reg_file_module/g7026  0.0002951   0.0001576   0.0004528    9.14e-08  HS65_LH_MUX21I1X6
datapath_module/reg_file_module/g6563  0.0003786     7.4e-05   0.0004527   9.217e-08  HS65_LH_MUX21I1X6
datapath_module/alu_module/add_34_34/g7510  0.0002829   0.0001696   0.0004526   6.878e-08  HS65_LHS_XNOR2X3
datapath_module/alu_module/sub_35_34/g27314   0.000136   0.0003162   0.0004522   4.775e-08  HS65_LH_NOR2AX3
datapath_module/reg_file_module/g6502  0.0003633   8.871e-05   0.0004521   9.175e-08  HS65_LH_MUX21I1X6
datapath_module/alu_module/sll_42_34/g19877  0.0001872   0.0002648   0.0004521   6.197e-08  HS65_LH_MUXI21X2
datapath_module/alu_module/mul_44_34/g38129  0.0001579   0.0002939   0.0004519   4.112e-08  HS65_LH_NAND2X7
datapath_module/alu_module/g7408  0.0003061   0.0001454   0.0004517   1.055e-07  HS65_LH_MX41X4
datapath_module/alu_module/mul_44_34/g37302  0.0001558   0.0002959   0.0004517   3.366e-08  HS65_LH_OAI22X1
datapath_module/alu_module/srl_43_34/g5914  0.0001796   0.0002706   0.0004503   6.149e-08  HS65_LH_MUXI21X2
datapath_module/reg_file_module/g6912  0.0003512   9.891e-05   0.0004502   9.265e-08  HS65_LH_MUX21I1X6
datapath_module/alu_module/mul_44_34/FE_OCPC781_read_data1_4  5.087e-05   0.0003991     0.00045   3.352e-08  HS65_LH_IVX7
datapath_module/alu_module/mul_44_34/g38148  0.0001392   0.0003106   0.0004498   4.145e-08  HS65_LH_NAND2X7
datapath_module/alu_module/mul_44_34/g37758  0.0001996   0.0002501   0.0004498   6.493e-08  HS65_LH_OAI12X6
datapath_module/alu_module/mul_44_34/g37968  0.0001478   0.0003017   0.0004496   6.288e-08  HS65_LH_MUXI21X2
datapath_module/reg_file_module/g6398  0.0003725   7.706e-05   0.0004496   9.129e-08  HS65_LH_MUX21I1X6
datapath_module/reg_file_module/drc_bufs43555  1.871e-05   0.0004301   0.0004488   3.894e-08  HS65_LH_IVX9
datapath_module/alu_module/mul_44_34/FE_OCPC769_read_data1_1   3.04e-05   0.0004179   0.0004483   2.126e-08  HS65_LH_IVX2
datapath_module/reg_file_module/drc_bufs  1.889e-05   0.0004291   0.0004481   3.894e-08  HS65_LH_IVX9
datapath_module/reg_file_module/g6210  0.0003903   5.698e-05   0.0004475   1.567e-07  HS65_LH_MUX21I1X12
datapath_module/alu_module/mul_44_34/g38085  0.0002169   0.0002304   0.0004474   6.337e-08  HS65_LH_MUXI21X2
datapath_module/alu_module/add_34_34/g7509  0.0002725   0.0001746   0.0004472   6.422e-08  HS65_LH_MUXI21X2
datapath_module/alu_module/sub_35_34/g27274  0.0001471   0.0002999    0.000447   5.298e-08  HS65_LH_NAND2AX4
datapath_module/alu_module/add_34_34/g7654  0.0001565   0.0002903   0.0004468    4.48e-08  HS65_LH_NOR2X6
datapath_module/alu_module/sub_35_34/g27298  0.0001211   0.0003255   0.0004466   4.679e-08  HS65_LH_NOR2AX3
datapath_module/alu_module/mul_44_34/FE_OCPC1464_n_534  0.0002802   0.0001663   0.0004466   6.236e-08  HS65_LH_BFX9
datapath_module/alu_module/FE_OCPC606_read_data2_2  0.0002013   0.0002452   0.0004466   9.944e-08  HS65_LH_BFX13
datapath_module/alu_module/add_34_34/g7741  0.0001838   0.0002623   0.0004461   3.512e-08  HS65_LH_CBI4I6X2
datapath_module/reg_file_module/g6308  0.0003731   7.273e-05   0.0004459   9.226e-08  HS65_LH_MUX21I1X6
datapath_module/alu_module/add_34_34/g7676  0.0001696   0.0002761   0.0004458   6.218e-08  HS65_LH_OR2X4
datapath_module/alu_module/mul_44_34/g37970  0.0001619   0.0002838   0.0004457   6.295e-08  HS65_LH_MUXI21X2
datapath_module/reg_file_module/FE_PHC1614_n_1152  7.231e-05   0.0003731   0.0004455   6.289e-08  HS65_LH_BFX9
datapath_module/reg_file_module/FE_OCPC1317_write_data_11  0.0003137   0.0001314   0.0004451   6.253e-08  HS65_LH_BFX9
datapath_module/alu_module/mul_44_34/g38037  0.0001516   0.0002932   0.0004449   6.276e-08  HS65_LH_MUXI21X2
datapath_module/alu_module/srl_43_34/g5827  8.835e-05   0.0003562   0.0004446   3.408e-08  HS65_LH_AOI21X2
datapath_module/reg_file_module/g7238  9.369e-05   0.0003504   0.0004442   1.171e-07  HS65_LH_BFX18
datapath_module/reg_file_module/g6576  0.0003403   0.0001037   0.0004441   9.184e-08  HS65_LH_MUX21I1X6
datapath_module/alu_module/mul_44_34/g37694  0.0003272   0.0001166   0.0004439   3.918e-08  HS65_LH_OAI212X3
datapath_module/alu_module/mul_44_34/g38060  0.0001964   0.0002472   0.0004436   6.234e-08  HS65_LH_MUXI21X2
datapath_module/reg_file_module/FE_OCPC775_n_2398   8.63e-05   0.0003571   0.0004435   6.174e-08  HS65_LH_BFX9
datapath_module/reg_file_module/g6515  0.0003565   8.685e-05   0.0004435   9.078e-08  HS65_LH_MUX21I1X6
datapath_module/reg_file_module/g6986  0.0003612    8.21e-05   0.0004434   9.238e-08  HS65_LH_MUX21I1X6
datapath_module/reg_file_module/FE_OFC346_n_3080  8.712e-05    0.000356   0.0004432   4.373e-08  HS65_LH_BFX2
datapath_module/alu_module/mul_44_34/g36957  0.0001868   0.0002563   0.0004431   4.137e-08  HS65_LH_NOR2AX3
datapath_module/alu_module/mul_44_34/g37605  0.0001308   0.0003122   0.0004431   4.495e-08  HS65_LH_AND2X4
datapath_module/reg_file_module/g43325_dup   0.000188   0.0002544   0.0004427   2.547e-07  HS65_LH_IVX53
datapath_module/reg_file_module/g6166  0.0003923   5.018e-05   0.0004426   1.559e-07  HS65_LH_MUX21I1X12
datapath_module/reg_file_module/g43254   1.87e-05   0.0004239   0.0004426   3.894e-08  HS65_LH_IVX9
datapath_module/alu_module/g7304  0.0002785   0.0001637   0.0004423   4.794e-08  HS65_LH_NAND4ABX3
datapath_module/reg_file_module/FE_OCPC628_n_2448  0.0003325   0.0001096   0.0004423   2.331e-07  HS65_LH_BFX35
datapath_module/reg_file_module/FE_RC_321_0  8.067e-05   0.0003614   0.0004422   1.258e-07  HS65_LH_IVX27
datapath_module/alu_module/mul_44_34/FE_OCPC1384_n_75  0.0001869    0.000255    0.000442   6.248e-08  HS65_LH_BFX9
datapath_module/reg_file_module/g6719  0.0003668   7.512e-05    0.000442   9.223e-08  HS65_LH_MUX21I1X6
datapath_module/alu_module/mul_44_34/FE_OCPC670_read_data2_4     0.0002   0.0002416   0.0004418    1.55e-07  HS65_LH_IVX31
datapath_module/reg_file_module/g6429  0.0003949   4.631e-05   0.0004414   2.508e-07  HS65_LH_MUX21I1X18
datapath_module/reg_file_module/g6929  0.0003374   0.0001039   0.0004414   9.411e-08  HS65_LH_MUX21I1X6
datapath_module/alu_module/mul_44_34/FE_RC_807_0  0.0001457   0.0002955   0.0004412   3.961e-08  HS65_LH_IVX9
datapath_module/alu_module/sub_35_34/g27217   0.000233   0.0002078   0.0004409   6.174e-08  HS65_LH_OR2X4
datapath_module/reg_file_module/g6480  0.0003701   7.058e-05   0.0004408   9.225e-08  HS65_LH_MUX21I1X6
datapath_module/alu_module/sll_42_34/g19879  0.0001374   0.0003031   0.0004405   3.965e-08  HS65_LH_IVX9
datapath_module/reg_file_module/g6675  0.0003577   8.248e-05   0.0004403   9.184e-08  HS65_LH_MUX21I1X6
datapath_module/alu_module/mul_44_34/g37594   0.000218   0.0002221   0.0004401    4.88e-08  HS65_LH_CBI4I6X5
datapath_module/alu_module/add_34_34/g7665   0.000146   0.0002934   0.0004394   5.096e-08  HS65_LH_NOR2X6
datapath_module/reg_file_module/g42718  0.0002153    0.000224   0.0004394    7.84e-08  HS65_LH_AO112X4
datapath_module/alu_module/add_34_34/g7610  0.0001812    0.000258   0.0004392   5.339e-08  HS65_LH_NOR2AX3
datapath_module/reg_file_module/g43259_dup1  0.0002932   0.0001456    0.000439   2.222e-07  HS65_LH_AND2X35
datapath_module/alu_module/mul_44_34/FE_RC_183_0  0.0001679   0.0002709   0.0004389   3.817e-08  HS65_LH_NOR2X6
datapath_module/alu_module/add_34_34/g7705  0.0001399   0.0002989   0.0004388   3.729e-08  HS65_LH_NAND2X7
datapath_module/reg_file_module/g6838  0.0003475   9.105e-05   0.0004386   9.239e-08  HS65_LH_MUX21I1X6
datapath_module/reg_file_module/g42693  7.497e-05   0.0003636   0.0004386   6.997e-08  HS65_LH_NAND3X3
datapath_module/alu_module/add_34_34/g7585  0.0002133   0.0002253   0.0004386   4.031e-08  HS65_LH_NOR3X4
datapath_module/alu_module/sll_42_34/g19865  8.468e-05   0.0003536   0.0004383   3.924e-08  HS65_LH_IVX9
datapath_module/alu_module/add_34_34/g7506  9.867e-05   0.0003393    0.000438   3.671e-08  HS65_LH_NAND2X2
datapath_module/alu_module/mul_44_34/g39280  0.0001514   0.0002864   0.0004379   4.361e-08  HS65_LH_OAI21X3
datapath_module/reg_file_module/g6094  0.0003671    7.05e-05   0.0004377   9.122e-08  HS65_LH_MUX21I1X6
datapath_module/alu_module/mul_44_34/g38033  0.0001877   0.0002489   0.0004367   6.279e-08  HS65_LH_MUXI21X2
datapath_module/reg_file_module/g6292  0.0003554   8.043e-05   0.0004359   9.267e-08  HS65_LH_MUX21I1X6
datapath_module/alu_module/srl_43_34/g5948  0.0001319   0.0003038   0.0004358    4.87e-08  HS65_LH_NOR2X6
datapath_module/reg_file_module/FE_RC_739_0  0.0002914   0.0001441   0.0004357   1.795e-07  HS65_LH_NOR2X19
datapath_module/reg_file_module/FE_RC_320_0  0.0002146   0.0002207   0.0004355   1.646e-07  HS65_LH_BFX27
datapath_module/alu_module/mul_44_34/g37037  0.0001137   0.0003216   0.0004353   3.136e-08  HS65_LH_PAOI2X1
datapath_module/alu_module/mul_44_34/FE_RC_104_0  0.0002273   0.0002079   0.0004353   3.948e-08  HS65_LH_IVX9
datapath_module/alu_module/mul_44_34/g37997  0.0001544   0.0002808   0.0004352   6.285e-08  HS65_LH_MUXI21X2
datapath_module/alu_module/mul_44_34/g37951  0.0001663   0.0002689   0.0004352   6.234e-08  HS65_LH_MUXI21X2
datapath_module/alu_module/mul_44_34/g36597  0.0002332    0.000202   0.0004352   3.947e-08  HS65_LH_IVX9
datapath_module/reg_file_module/drc_bufs43447  1.298e-05    0.000422    0.000435   3.891e-08  HS65_LH_IVX9
datapath_module/reg_file_module/g6202  0.0003523   8.197e-05   0.0004343   9.077e-08  HS65_LH_MUX21I1X6
datapath_module/alu_module/sub_35_34/g27269   0.000153   0.0002811   0.0004342   5.339e-08  HS65_LH_NOR2AX3
datapath_module/alu_module/sll_42_34/g19839   7.97e-05   0.0003544   0.0004341    2.57e-08  HS65_LH_NOR2X3
datapath_module/reg_file_module/g6251  0.0003592   7.485e-05   0.0004341   9.071e-08  HS65_LH_MUX21I1X6
datapath_module/alu_module/sll_42_34/g19835  0.0002931   0.0001406   0.0004338    8.46e-08  HS65_LH_CBI4I1X11
datapath_module/reg_file_module/g6574  0.0003536   7.979e-05   0.0004335   9.246e-08  HS65_LH_MUX21I1X6
datapath_module/alu_module/mul_44_34/g38080  0.0001802   0.0002532   0.0004334   6.244e-08  HS65_LH_MUXI21X2
datapath_module/alu_module/mul_44_34/FE_OCPC681_read_data2_4  3.414e-05    0.000399   0.0004331   2.165e-08  HS65_LH_IVX2
datapath_module/alu_module/mul_44_34/g37955  0.0001926   0.0002403   0.0004329   6.318e-08  HS65_LH_MUXI21X2
datapath_module/alu_module/srl_43_34/FE_RC_542_0  0.0002162   0.0002167   0.0004329   6.204e-08  HS65_LH_NAND2X14
datapath_module/alu_module/add_34_34/g7612  8.251e-05   0.0003499   0.0004324   2.787e-08  HS65_LH_NOR2X2
datapath_module/reg_file_module/g6746  0.0003508   8.148e-05   0.0004324   9.215e-08  HS65_LH_MUX21I1X6
datapath_module/alu_module/mul_44_34/g37248  0.0001484    0.000284   0.0004324   3.322e-08  HS65_LH_OAI22X1
datapath_module/reg_file_module/g6328  0.0003602   7.196e-05   0.0004322   9.355e-08  HS65_LH_MUX21I1X6
datapath_module/alu_module/srl_43_34/FE_RC_588_0   0.000123   0.0003091   0.0004321   3.049e-08  HS65_LH_OAI12X3
datapath_module/reg_file_module/g6164  0.0003748   5.719e-05   0.0004321   1.559e-07  HS65_LH_MUX21I1X12
datapath_module/reg_file_module/g43004  0.0001652   0.0002666   0.0004321   3.052e-07  HS65_LH_NAND2X29
datapath_module/alu_module/drc_bufs7604  6.777e-05    0.000364   0.0004318   3.924e-08  HS65_LH_IVX9
datapath_module/alu_module/add_34_34/g7492  0.0002901   0.0001416   0.0004317   7.027e-08  HS65_LHS_XNOR2X3
datapath_module/alu_module/mul_44_34/g37367  0.0001857   0.0002459   0.0004316    6.54e-08  HS65_LH_NAND2X7
datapath_module/reg_file_module/FE_PHC1579_n_1202  4.083e-05   0.0003905   0.0004314   4.833e-08  HS65_LH_BFX4
datapath_module/alu_module/mul_44_34/g37961  0.0001825   0.0002487   0.0004312   6.261e-08  HS65_LH_MUXI21X2
datapath_module/reg_file_module/g6266  0.0003544   7.667e-05   0.0004312   9.182e-08  HS65_LH_MUX21I1X6
datapath_module/alu_module/mul_44_34/g36795  0.0001987   0.0002324   0.0004311   3.048e-08  HS65_LH_PAOI2X1
datapath_module/reg_file_module/g6878  0.0003368   9.414e-05    0.000431   9.109e-08  HS65_LH_MUX21I1X6
datapath_module/alu_module/sub_35_34/FE_OCPC1235_n_7  0.0003002   0.0001306   0.0004309   6.245e-08  HS65_LH_BFX9
datapath_module/alu_module/mul_44_34/g38075  0.0001912   0.0002394   0.0004307   6.334e-08  HS65_LH_MUXI21X2
datapath_module/alu_module/sub_35_34/g27208  0.0002189   0.0002115   0.0004305   6.128e-08  HS65_LH_OR2X4
datapath_module/reg_file_module/g7058  8.358e-05   0.0003466   0.0004303   1.171e-07  HS65_LH_BFX18
datapath_module/alu_module/mul_44_34/FE_OCPC1428_n_961  0.0002802   0.0001499   0.0004302   6.191e-08  HS65_LH_BFX9
datapath_module/alu_module/mul_44_34/FE_OCPC679_read_data2_4  0.0002259   0.0002039     0.00043   1.674e-07  HS65_LH_IVX35
datapath_module/reg_file_module/g6701  0.0003085   0.0001212   0.0004298   9.126e-08  HS65_LH_MUX21I1X6
datapath_module/alu_module/mul_44_34/g38090  0.0001714   0.0002583   0.0004298   6.249e-08  HS65_LH_MUXI21X2
datapath_module/alu_module/mul_44_34/g38166  0.0002246   0.0002047   0.0004294   8.054e-08  HS65_LH_OR2ABX9
datapath_module/alu_module/mul_44_34/g37633  0.0001737   0.0002554   0.0004292     4.6e-08  HS65_LH_NOR2AX3
datapath_module/alu_module/sub_35_34/g27167  9.197e-05    0.000337    0.000429    2.86e-08  HS65_LH_NOR2X2
datapath_module/alu_module/sub_35_34/g27317  0.0001342   0.0002945   0.0004288   5.357e-08  HS65_LH_NAND2AX4
datapath_module/reg_file_module/g42662   0.000113   0.0003152   0.0004283   4.666e-08  HS65_LH_AOI212X2
datapath_module/alu_module/mul_44_34/FE_RC_198_0  0.0001961    0.000232   0.0004281   3.959e-08  HS65_LH_IVX9
datapath_module/alu_module/mul_44_34/g36701  0.0001614   0.0002666    0.000428   2.521e-08  HS65_LH_NOR2X2
datapath_module/reg_file_module/g6079  0.0003349   9.296e-05    0.000428   9.114e-08  HS65_LH_MUX21I1X6
datapath_module/reg_file_module/g43303  5.443e-05   0.0003733   0.0004278   8.157e-08  HS65_LH_IVX18
datapath_module/reg_file_module/FE_PHC1569_n_1059  4.083e-05   0.0003868   0.0004278   1.686e-07  HS65_LH_BFX27
datapath_module/alu_module/drc_bufs7617  3.036e-05   0.0003972   0.0004276   3.896e-08  HS65_LH_IVX9
datapath_module/alu_module/add_34_34/FE_RC_519_0  0.0002333    0.000194   0.0004274   1.093e-07  HS65_LH_OR3X18
datapath_module/alu_module/add_34_34/g7740  0.0002783   0.0001486   0.0004269   6.549e-08  HS65_LH_CBI4I6X5
datapath_module/alu_module/sub_35_34/g27268  0.0001789   0.0002479   0.0004269   4.846e-08  HS65_LH_NOR2AX3
datapath_module/alu_module/sll_42_34/g19908  0.0001321   0.0002948   0.0004269   4.885e-08  HS65_LH_NOR2X6
datapath_module/reg_file_module/g6451  0.0003271   9.962e-05   0.0004268   9.162e-08  HS65_LH_MUX21I1X6
datapath_module/alu_module/g7583  0.0001191   0.0003075   0.0004266   3.954e-08  HS65_LH_IVX9
datapath_module/alu_module/sub_35_34/FE_OFC586_n_35  0.0001123   0.0003142   0.0004265   3.925e-08  HS65_LH_IVX9
datapath_module/alu_module/add_34_34/g7493  0.0002703   0.0001561   0.0004265   6.876e-08  HS65_LHS_XNOR2X3
datapath_module/reg_file_module/FE_OCPC1306_n_2397  0.0003276   9.862e-05   0.0004265    2.36e-07  HS65_LH_BFX35
datapath_module/reg_file_module/g6179  0.0003426   8.369e-05   0.0004263   9.152e-08  HS65_LH_MUX21I1X6
datapath_module/reg_file_module/FE_PHC1544_n_1507  0.0002948    0.000131   0.0004258   6.262e-08  HS65_LH_BFX9
datapath_module/alu_module/sub_35_34/g27292  0.0001613   0.0002643   0.0004257    4.92e-08  HS65_LH_NOR2AX3
datapath_module/alu_module/srl_43_34/g5859  0.0002047   0.0002206   0.0004253   5.242e-08  HS65_LH_AO22X4
datapath_module/alu_module/sub_35_34/g27209  0.0001613   0.0002637    0.000425   6.813e-08  HS65_LH_NAND2AX4
datapath_module/alu_module/FE_OCPC603_read_data2_1  0.0002049   0.0002198   0.0004248     6.2e-08  HS65_LH_BFX9
datapath_module/alu_module/mul_44_34/FE_OCPC1462_n_540  0.0002799   0.0001447   0.0004246   6.231e-08  HS65_LH_BFX9
datapath_module/alu_module/add_34_34/g7632  0.0001754   0.0002488   0.0004242   5.754e-08  HS65_LH_NOR2AX3
datapath_module/alu_module/mul_44_34/g37682  0.0002457   0.0001783   0.0004241   6.001e-08  HS65_LH_NOR2AX6
datapath_module/reg_file_module/g6206  0.0003077   0.0001161    0.000424   9.238e-08  HS65_LH_MUX21I1X6
IFU_module/fopt571             8.726e-05   0.0003362   0.0004236   1.539e-07  HS65_LH_IVX31
datapath_module/alu_module/mul_44_34/FE_OCPC1376_FE_RN_5  0.0002394   0.0001839   0.0004234   6.184e-08  HS65_LH_BFX9
datapath_module/alu_module/mul_44_34/g37957   0.000175   0.0002479    0.000423   6.316e-08  HS65_LH_MUXI21X2
datapath_module/alu_module/mul_44_34/FE_OCPC1282_n_931  0.0003268   9.607e-05   0.0004229    6.25e-08  HS65_LH_BFX9
datapath_module/alu_module/mul_44_34/g37233  0.0002659   0.0001568   0.0004227   4.177e-08  HS65_LH_AOI22X3
datapath_module/reg_file_module/g6323  0.0003257   9.689e-05   0.0004227   9.223e-08  HS65_LH_MUX21I1X6
datapath_module/reg_file_module/g6069  0.0003281   9.442e-05   0.0004226   9.107e-08  HS65_LH_MUX21I1X6
datapath_module/alu_module/mul_44_34/g38016  0.0001425     0.00028   0.0004226   6.349e-08  HS65_LH_MUXI21X2
datapath_module/alu_module/mul_44_34/g37914   0.000154   0.0002682   0.0004223   6.284e-08  HS65_LH_MUXI21X2
datapath_module/reg_file_module/g6730  0.0003137   0.0001084   0.0004222   9.074e-08  HS65_LH_MUX21I1X6
datapath_module/alu_module/mul_44_34/g37595  0.0001852   0.0002365   0.0004218   4.878e-08  HS65_LH_CBI4I6X5
datapath_module/reg_file_module/g6085  0.0003455   7.614e-05   0.0004217   9.169e-08  HS65_LH_MUX21I1X6
datapath_module/alu_module/mul_44_34/g37942  0.0001766   0.0002449   0.0004216   6.272e-08  HS65_LH_MUXI21X2
datapath_module/alu_module/srl_43_34/g5851  0.0002202   0.0002009   0.0004211   5.256e-08  HS65_LH_AO22X4
datapath_module/alu_module/srl_43_34/g5821  0.0002396   0.0001812   0.0004208   6.106e-08  HS65_LH_MUXI21X2
datapath_module/alu_module/mul_44_34/g36508  0.0001542   0.0002665   0.0004207    2.25e-08  HS65_LH_NOR2X2
datapath_module/alu_module/mul_44_34/g37476  0.0001334    0.000287   0.0004204   3.062e-08  HS65_LH_NOR2X6
datapath_module/reg_file_module/g6757   0.000355    6.52e-05   0.0004203   9.267e-08  HS65_LH_MUX21I1X6
datapath_module/reg_file_module/g6850  0.0003373   8.279e-05   0.0004202   9.099e-08  HS65_LH_MUX21I1X6
datapath_module/alu_module/sub_35_34/FE_OCPC1278_n_81  0.0003035   0.0001167   0.0004202   6.202e-08  HS65_LH_BFX9
datapath_module/reg_file_module/g6534  0.0003413   7.883e-05   0.0004202   9.323e-08  HS65_LH_MUX21I1X6
datapath_module/alu_module/add_34_34/g7702  0.0001533   0.0002668   0.0004201   3.796e-08  HS65_LH_NAND2X7
datapath_module/alu_module/mul_44_34/FE_OFC423_read_data1_2  0.0001354   0.0002846   0.0004201   8.067e-08  HS65_LH_IVX18
datapath_module/reg_file_module/FE_RC_525_0  0.0001468   0.0002728   0.0004197   1.225e-07  HS65_LH_NOR2AX19
datapath_module/reg_file_module/FE_OCPC1393_n_2399  0.0003351   8.431e-05   0.0004196   2.366e-07  HS65_LH_BFX35
datapath_module/alu_module/mul_44_34/g37807  0.0001578   0.0002615   0.0004193   4.323e-08  HS65_LH_OAI12X3
datapath_module/alu_module/mul_44_34/g38067  0.0001716   0.0002475   0.0004192   6.342e-08  HS65_LH_MUXI21X2
datapath_module/reg_file_module/g7055  0.0002972   0.0001219   0.0004191   9.115e-08  HS65_LH_MUX21I1X6
datapath_module/alu_module/mul_44_34/FE_OCPC721_n_1272  0.0001287   0.0002902    0.000419   6.157e-08  HS65_LH_BFX9
datapath_module/alu_module/sub_35_34/g27310  9.813e-05   0.0003204   0.0004186   5.996e-08  HS65_LH_NAND2AX4
datapath_module/reg_file_module/FE_OFC747_n_3105   8.71e-05   0.0003314   0.0004185   4.372e-08  HS65_LH_BFX2
datapath_module/alu_module/add_34_34/g7646  0.0001746   0.0002439   0.0004185   5.772e-08  HS65_LH_NOR2AX3
datapath_module/alu_module/sub_35_34/g27251   0.000115   0.0003034   0.0004185   5.408e-08  HS65_LH_NAND2AX4
datapath_module/alu_module/sub_35_34/g27175  7.824e-05     0.00034   0.0004183   3.342e-08  HS65_LH_NAND2X2
datapath_module/reg_file_module/g6714  0.0002997   0.0001185   0.0004183   9.155e-08  HS65_LH_MUX21I1X6
datapath_module/reg_file_module/g43378  0.0001319   0.0002862   0.0004182   3.926e-08  HS65_LH_IVX9
datapath_module/reg_file_module/g6963  0.0003107   0.0001073   0.0004181   9.148e-08  HS65_LH_MUX21I1X6
datapath_module/alu_module/mul_44_34/FE_RC_386_0  0.0002747   0.0001432   0.0004179   5.026e-08  HS65_LH_AOI21X6
datapath_module/alu_module/mul_44_34/g37941  0.0001612   0.0002564   0.0004177   6.345e-08  HS65_LH_MUXI21X2
datapath_module/reg_file_module/g6564  0.0003335   8.395e-05   0.0004176   9.227e-08  HS65_LH_MUX21I1X6
datapath_module/reg_file_module/g6086   0.000311   0.0001063   0.0004174   9.365e-08  HS65_LH_MUX21I1X6
datapath_module/alu_module/mul_44_34/g37453  0.0001462    0.000271   0.0004172   3.268e-08  HS65_LH_OAI22X1
datapath_module/alu_module/sll_42_34/g19861  5.399e-05   0.0003631   0.0004171   3.906e-08  HS65_LH_IVX9
datapath_module/reg_file_module/FE_OCPC770_n_4256  0.0002509   0.0001659   0.0004169    1.66e-07  HS65_LH_BFX27
IFU_module/fopt563             4.881e-05   0.0003681   0.0004169   6.825e-08  HS65_LH_IVX13
datapath_module/reg_file_module/g43957  0.0002485   0.0001675   0.0004162   1.836e-07  HS65_LH_OR2X27
datapath_module/alu_module/mul_44_34/FE_RC_469_0  0.0002016   0.0002144   0.0004161   5.262e-08  HS65_LH_NOR2X6
datapath_module/alu_module/mul_44_34/g38043   0.000163   0.0002527   0.0004157   6.274e-08  HS65_LH_MUXI21X2
datapath_module/alu_module/mul_44_34/g38111  0.0001423   0.0002731   0.0004154   3.773e-08  HS65_LH_NAND2X7
datapath_module/reg_file_module/g6722  0.0003279   8.729e-05   0.0004153   9.223e-08  HS65_LH_MUX21I1X6
datapath_module/reg_file_module/g7042  0.0003243   9.078e-05   0.0004152    9.15e-08  HS65_LH_MUX21I1X6
datapath_module/alu_module/mul_44_34/FE_OCPC1203_n_199  0.0001634   0.0002516   0.0004151   6.239e-08  HS65_LH_BFX9
datapath_module/reg_file_module/g6740  0.0003396    7.54e-05   0.0004151   9.299e-08  HS65_LH_MUX21I1X6
datapath_module/reg_file_module/g6376  0.0003447   7.005e-05   0.0004149    1.56e-07  HS65_LH_MUX21I1X12
datapath_module/alu_module/mul_44_34/g37971  0.0001531   0.0002617   0.0004148   6.283e-08  HS65_LH_MUXI21X2
datapath_module/alu_module/sub_35_34/g27326  0.0002208   0.0001934   0.0004143   6.585e-08  HS65_LH_NAND2AX4
datapath_module/alu_module/mul_44_34/g37554  0.0001402    0.000274   0.0004143   3.337e-08  HS65_LH_AOI12X2
datapath_module/alu_module/mul_44_34/g37956  0.0001746   0.0002395   0.0004142   6.314e-08  HS65_LH_MUXI21X2
datapath_module/alu_module/srl_43_34/g5921  0.0001561   0.0002573   0.0004135   6.156e-08  HS65_LH_MUXI21X2
datapath_module/alu_module/add_34_34/g7636   0.000211   0.0002025   0.0004135    6.69e-08  HS65_LH_NAND2AX4
datapath_module/alu_module/add_34_34/g7531  0.0001435   0.0002698   0.0004134   7.278e-08  HS65_LH_OR2ABX9
datapath_module/reg_file_module/g43283   3.39e-05   0.0003792   0.0004132   3.911e-08  HS65_LH_IVX9
datapath_module/reg_file_module/g6712  0.0003125   0.0001004    0.000413   9.076e-08  HS65_LH_MUX21I1X6
datapath_module/reg_file_module/g7016  0.0003362   7.657e-05   0.0004129   9.242e-08  HS65_LH_MUX21I1X6
datapath_module/alu_module/sub_35_34/g27305  0.0001382   0.0002745   0.0004127   4.686e-08  HS65_LH_NOR2AX3
datapath_module/reg_file_module/g6504  0.0003265   8.575e-05   0.0004123   9.064e-08  HS65_LH_MUX21I1X6
datapath_module/alu_module/mul_44_34/g38029  0.0001608   0.0002513   0.0004122   6.274e-08  HS65_LH_MUXI21X2
datapath_module/reg_file_module/g6306  0.0003435   6.832e-05   0.0004119   9.392e-08  HS65_LH_MUX21I1X6
datapath_module/alu_module/mul_44_34/g38068  0.0001736   0.0002379   0.0004116   6.346e-08  HS65_LH_MUXI21X2
datapath_module/reg_file_module/drc_bufs43578  1.306e-05   0.0003982   0.0004113   3.891e-08  HS65_LH_IVX9
datapath_module/reg_file_module/g6612  0.0003423   6.887e-05   0.0004113   9.079e-08  HS65_LH_MUX21I1X6
datapath_module/alu_module/add_34_34/g7631  0.0002094   0.0002018   0.0004113   6.434e-08  HS65_LH_NAND2AX4
datapath_module/reg_file_module/FE_PHC1636_instruction_code_8  0.0001393   0.0002719   0.0004112   6.225e-08  HS65_LH_BFX9
datapath_module/alu_module/mul_44_34/g38062  0.0001588   0.0002523   0.0004112   6.248e-08  HS65_LH_MUXI21X2
datapath_module/reg_file_module/g6191  0.0003057   0.0001053   0.0004112   9.026e-08  HS65_LH_MUX21I1X6
datapath_module/alu_module/sll_42_34/g19763  0.0002043   0.0002064   0.0004108   4.961e-08  HS65_LH_AOI212X2
datapath_module/reg_file_module/g6133  0.0003275   8.269e-05   0.0004103   9.076e-08  HS65_LH_MUX21I1X6
datapath_module/reg_file_module/g42747  0.0001718   0.0002378   0.0004096   8.105e-08  HS65_LH_NOR2X19
datapath_module/alu_module/srl_43_34/g5862  0.0002555   0.0001537   0.0004092   5.591e-08  HS65_LH_AO22X4
datapath_module/reg_file_module/g6993  0.0002989   0.0001101   0.0004091   9.133e-08  HS65_LH_MUX21I1X6
datapath_module/alu_module/mul_44_34/g37616  0.0001935   0.0002153   0.0004089   5.556e-08  HS65_LH_NAND2X14
datapath_module/alu_module/add_34_34/g7663   0.000146   0.0002627   0.0004087   4.283e-08  HS65_LH_NOR2X6
datapath_module/reg_file_module/g6962  0.0003093   9.911e-05   0.0004085   9.141e-08  HS65_LH_MUX21I1X6
datapath_module/alu_module/mul_44_34/g37981  0.0001486   0.0002596   0.0004083   6.291e-08  HS65_LH_MUXI21X2
datapath_module/alu_module/sub_35_34/g27210  0.0001382   0.0002699   0.0004082   5.819e-08  HS65_LH_NOR2AX3
datapath_module/reg_file_module/g6951  0.0003375    7.06e-05   0.0004082   9.193e-08  HS65_LH_MUX21I1X6
datapath_module/alu_module/sll_42_34/FE_OCPC1279_n_96  0.0002778   0.0001299   0.0004077   6.202e-08  HS65_LH_BFX9
datapath_module/reg_file_module/g6863  0.0003239   8.347e-05   0.0004074   9.233e-08  HS65_LH_MUX21I1X6
datapath_module/alu_module/mul_44_34/g37517  0.0001871   0.0002203   0.0004074   5.488e-08  HS65_LH_NOR2AX6
datapath_module/reg_file_module/FE_OFC477_n_1073  0.0002295   0.0001775   0.0004073   2.387e-07  HS65_LH_BFX35
datapath_module/alu_module/mul_44_34/g37718  0.0002849    0.000122   0.0004069   3.973e-08  HS65_LH_AOI212X2
datapath_module/alu_module/sll_42_34/g19747   0.000171   0.0002357   0.0004068   4.362e-08  HS65_LH_OAI21X3
datapath_module/alu_module/mul_44_34/FE_OCPC672_read_data2_4  0.0001999   0.0002065   0.0004066    1.55e-07  HS65_LH_IVX31
datapath_module/alu_module/sub_35_34/g27161  0.0002203   0.0001861   0.0004065   4.884e-08  HS65_LH_NOR2X6
datapath_module/alu_module/mul_44_34/g36857  0.0002158   0.0001906   0.0004064   3.932e-08  HS65_LH_IVX9
datapath_module/reg_file_module/g6843  0.0003407   6.529e-05    0.000406    9.25e-08  HS65_LH_MUX21I1X6
datapath_module/alu_module/add_34_34/g7629  0.0002186   0.0001868   0.0004055   6.696e-08  HS65_LH_NAND2AX4
datapath_module/reg_file_module/g42727  0.0003057   9.951e-05   0.0004053   8.247e-08  HS65_LH_AO112X4
datapath_module/alu_module/add_34_34/g7735  0.0002027   0.0002024   0.0004052   5.458e-08  HS65_LH_CBI4I6X5
datapath_module/alu_module/mul_44_34/g37307   0.000136   0.0002691   0.0004051   3.343e-08  HS65_LH_OAI22X1
datapath_module/reg_file_module/g7234   0.000124   0.0002809   0.0004051   1.684e-07  HS65_LH_BFX27
datapath_module/reg_file_module/g6977  0.0003263   7.867e-05   0.0004051   9.214e-08  HS65_LH_MUX21I1X6
datapath_module/reg_file_module/g43255  1.532e-05   0.0003894   0.0004048   3.357e-08  HS65_LH_IVX7
datapath_module/alu_module/sub_35_34/g27180  0.0002219   0.0001823   0.0004043   5.823e-08  HS65_LH_OR2X4
datapath_module/reg_file_module/g43196  0.0001437   0.0002605   0.0004042   8.132e-08  HS65_LH_NAND2X14
datapath_module/reg_file_module/g6594  0.0003001   0.0001037    0.000404   9.128e-08  HS65_LH_MUX21I1X6
datapath_module/alu_module/mul_44_34/g37469  0.0001768   0.0002271   0.0004039   5.745e-08  HS65_LH_NAND2X11
datapath_module/reg_file_module/g6084  0.0003193   8.434e-05   0.0004038   9.084e-08  HS65_LH_MUX21I1X6
datapath_module/reg_file_module/g6970     0.0003   0.0001035   0.0004036   9.168e-08  HS65_LH_MUX21I1X6
datapath_module/alu_module/sll_42_34/g19772  0.0001223   0.0002808   0.0004031   3.351e-08  HS65_LH_IVX7
datapath_module/alu_module/sub_35_34/g27224  8.598e-05   0.0003167   0.0004027   3.664e-08  HS65_LH_NOR2X2
datapath_module/alu_module/FE_RC_809_0  0.0002193   0.0001832   0.0004026   8.415e-08  HS65_LH_NAND2AX14
datapath_module/alu_module/mul_44_34/g38081  0.0001751   0.0002272   0.0004024   6.343e-08  HS65_LH_MUXI21X2
datapath_module/reg_file_module/FE_OCPC1426_n_2469   0.000148   0.0002543   0.0004024   9.941e-08  HS65_LH_BFX13
datapath_module/alu_module/sll_42_34/g19813  0.0002497   0.0001525   0.0004023   8.208e-08  HS65_LH_OAI22X11
datapath_module/alu_module/mul_44_34/g37675   8.52e-05   0.0003169   0.0004021   2.207e-08  HS65_LH_NOR2X2
datapath_module/reg_file_module/g6713  0.0003076   9.421e-05   0.0004019    9.13e-08  HS65_LH_MUX21I1X6
datapath_module/alu_module/mul_44_34/g38030  0.0001753   0.0002265   0.0004019   6.274e-08  HS65_LH_MUXI21X2
datapath_module/alu_module/mul_44_34/g37490  0.0001834    0.000218   0.0004015   5.979e-08  HS65_LH_AND2X9
datapath_module/alu_module/srl_43_34/g5846  0.0002317   0.0001697   0.0004015   5.285e-08  HS65_LH_AO22X4
datapath_module/alu_module/mul_44_34/g37621  0.0001592   0.0002421   0.0004014   4.592e-08  HS65_LH_NOR2AX3
datapath_module/alu_module/mul_44_34/g37312  0.0001481   0.0002532   0.0004014   3.313e-08  HS65_LH_OAI22X1
datapath_module/alu_module/mul_44_34/g37952  0.0001635    0.000237   0.0004006    6.27e-08  HS65_LH_MUXI21X2
datapath_module/alu_module/sub_35_34/g27163  0.0001994   0.0002012   0.0004006   4.873e-08  HS65_LH_OR2X4
datapath_module/reg_file_module/g42705  0.0002338   0.0001664   0.0004004   2.561e-07  HS65_LH_OAI12X24
datapath_module/reg_file_module/g42680  6.863e-05   0.0003315   0.0004002   6.828e-08  HS65_LH_NAND3X3
datapath_module/reg_file_module/g6335  0.0002792   0.0001208   0.0004001   9.232e-08  HS65_LH_MUX21I1X6
datapath_module/reg_file_module/g6448  0.0003154   8.455e-05      0.0004   9.193e-08  HS65_LH_MUX21I1X6
datapath_module/alu_module/mul_44_34/g37499  0.0001515   0.0002478   0.0003994   3.234e-08  HS65_LH_NOR2X6
datapath_module/alu_module/mul_44_34/FE_RC_200_0  0.0001771   0.0002222   0.0003994   8.463e-08  HS65_LH_NAND2AX14
datapath_module/alu_module/sub_35_34/g27154  9.528e-05    0.000304   0.0003993   4.178e-08  HS65_LH_NOR2AX3
datapath_module/reg_file_module/g6946  0.0003184   8.081e-05   0.0003993   9.142e-08  HS65_LH_MUX21I1X6
datapath_module/reg_file_module/g6129  0.0003252   7.337e-05   0.0003987   9.043e-08  HS65_LH_MUX21I1X6
datapath_module/alu_module/add_34_34/FE_OCPC1412_FE_RN_1  0.0002216   0.0001767   0.0003983   6.208e-08  HS65_LH_BFX9
datapath_module/reg_file_module/g43221  3.299e-05   0.0003642   0.0003973   6.151e-08  HS65_LH_BFX9
datapath_module/alu_module/mul_44_34/g37669  0.0002566   0.0001404   0.0003971    5.92e-08  HS65_LH_NAND2AX7
datapath_module/reg_file_module/g6491  0.0003496   4.717e-05    0.000397   1.567e-07  HS65_LH_MUX21I1X12
datapath_module/alu_module/sll_42_34/FE_RC_529_0  0.0001683   0.0002284   0.0003969   6.409e-08  HS65_LH_NAND2X14
datapath_module/reg_file_module/g6616  0.0002928    0.000103   0.0003959   9.139e-08  HS65_LH_MUX21I1X6
datapath_module/alu_module/mul_44_34/g36963  0.0001473   0.0002485   0.0003958   3.999e-08  HS65_LH_NAND2AX4
datapath_module/reg_file_module/FE_OCPC1042_n_2411  8.343e-05   0.0003122   0.0003957   6.184e-08  HS65_LH_BFX9
datapath_module/alu_module/mul_44_34/g37502  0.0002406   0.0001549   0.0003956   4.855e-08  HS65_LH_OR2X4
FE_OCPC600_SPCBSCAN_N1         9.695e-05   0.0002985   0.0003955   6.223e-08  HS65_LH_BFX9
datapath_module/reg_file_module/g42918  0.0001847   0.0002101   0.0003952   4.107e-07  HS65_LH_NOR2X38
datapath_module/alu_module/mul_44_34/g38107  0.0001572   0.0002379   0.0003951   4.378e-08  HS65_LH_NAND2X7
datapath_module/alu_module/mul_44_34/g38071  0.0001888   0.0002062   0.0003951   6.337e-08  HS65_LH_MUXI21X2
datapath_module/alu_module/mul_44_34/FE_OCPC1115_n_1051   0.000301   9.393e-05    0.000395   6.254e-08  HS65_LH_BFX9
datapath_module/alu_module/srl_43_34/FE_OFC575_n_0  9.118e-05   0.0003037    0.000395   3.979e-08  HS65_LH_IVX9
datapath_module/alu_module/sub_35_34/g27247  0.0001202   0.0002746   0.0003948   4.984e-08  HS65_LH_NOR2AX3
datapath_module/reg_file_module/g6707   0.000316    7.87e-05   0.0003948   9.148e-08  HS65_LH_MUX21I1X6
datapath_module/reg_file_module/g43217  1.324e-05   0.0003813   0.0003946   3.891e-08  HS65_LH_IVX9
datapath_module/reg_file_module/g6972  0.0003005   9.379e-05   0.0003944   9.162e-08  HS65_LH_MUX21I1X6
datapath_module/alu_module/add_34_34/g7583  0.0001675   0.0002264   0.0003941   5.676e-08  HS65_LH_NAND2AX4
datapath_module/alu_module/FE_OCPC1420_write_data_14  0.0003111   8.272e-05   0.0003939   6.189e-08  HS65_LH_BFX9
datapath_module/alu_module/add_34_34/g7684  0.0001309   0.0002626   0.0003935   4.775e-08  HS65_LH_NOR2X6
datapath_module/reg_file_module/g7075  0.0001079   0.0002854   0.0003935   2.136e-07  HS65_LH_IVX44
datapath_module/alu_module/sub_35_34/g27313  0.0001452    0.000248   0.0003932   4.966e-08  HS65_LH_NOR2AX3
datapath_module/alu_module/sub_35_34/g27220  0.0001684   0.0002246   0.0003931   5.825e-08  HS65_LH_NOR2AX3
datapath_module/alu_module/add_34_34/g7670  0.0001492   0.0002438   0.0003931   6.204e-08  HS65_LH_OR2X4
datapath_module/alu_module/mul_44_34/g37945  0.0001617   0.0002312   0.0003929   6.282e-08  HS65_LH_MUXI21X2
datapath_module/reg_file_module/g42624  0.0002099   0.0001825   0.0003925   9.529e-08  HS65_LH_AO212X4
datapath_module/alu_module/sub_35_34/FE_OFC498_n_63  7.191e-05   0.0003204   0.0003923   3.921e-08  HS65_LH_IVX9
datapath_module/alu_module/FE_OCPC1049_write_data_11  0.0003136   7.844e-05   0.0003921   6.253e-08  HS65_LH_BFX9
datapath_module/alu_module/mul_44_34/g38042  0.0001548   0.0002366   0.0003915   6.281e-08  HS65_LH_MUXI21X2
datapath_module/reg_file_module/g6100  0.0003338   5.746e-05   0.0003914   1.561e-07  HS65_LH_MUX21I1X12
datapath_module/alu_module/mul_44_34/FE_OFC521_read_data2_0  6.354e-05   0.0003278   0.0003914   3.353e-08  HS65_LH_IVX7
datapath_module/alu_module/sub_35_34/g27252  7.677e-05   0.0003146   0.0003914   5.676e-08  HS65_LH_NAND2AX4
datapath_module/reg_file_module/g6487  0.0003101   8.082e-05   0.0003911    9.18e-08  HS65_LH_MUX21I1X6
datapath_module/reg_file_module/g6990  0.0002882   0.0001021   0.0003905   9.164e-08  HS65_LH_MUX21I1X6
datapath_module/alu_module/add_34_34/g7671  0.0001187   0.0002716   0.0003903   5.786e-08  HS65_LH_NOR2X6
datapath_module/alu_module/mul_44_34/g37575  0.0001911   0.0001989   0.0003901   4.847e-08  HS65_LH_CBI4I6X5
datapath_module/alu_module/add_34_34/g7681  0.0001416   0.0002484     0.00039    4.53e-08  HS65_LH_NOR2X6
datapath_module/alu_module/mul_44_34/g38027  0.0001598   0.0002301   0.0003899   6.269e-08  HS65_LH_MUXI21X2
datapath_module/reg_file_module/g6646  0.0003331    5.65e-05   0.0003898   1.549e-07  HS65_LH_MUX21I1X12
datapath_module/alu_module/mul_44_34/g38113  0.0001393   0.0002504   0.0003897   4.232e-08  HS65_LH_NAND2X7
datapath_module/reg_file_module/g6973  0.0003011   8.811e-05   0.0003893   9.134e-08  HS65_LH_MUX21I1X6
datapath_module/reg_file_module/g6271  0.0003098    7.93e-05   0.0003892   9.253e-08  HS65_LH_MUX21I1X6
datapath_module/reg_file_module/g42597  0.0002189   0.0001701   0.0003892   9.913e-08  HS65_LH_NAND4ABX3
IFU_module/instr_mem/FE_RC_361_0  0.0002598   0.0001291   0.0003891   2.389e-07  HS65_LH_NOR2X38
datapath_module/reg_file_module/g6799   0.000323   6.594e-05   0.0003891   9.216e-08  HS65_LH_MUX21I1X6
datapath_module/reg_file_module/g6967  0.0002985   9.048e-05   0.0003891    9.16e-08  HS65_LH_MUX21I1X6
datapath_module/alu_module/add_34_34/g7645   0.000185   0.0002038   0.0003889   5.788e-08  HS65_LH_NOR2AX3
datapath_module/reg_file_module/g6971  0.0002967   9.194e-05   0.0003887   9.138e-08  HS65_LH_MUX21I1X6
datapath_module/alu_module/mul_44_34/FE_OCPC610_read_data1_4_dup  0.0002139   0.0001745   0.0003885   9.949e-08  HS65_LH_BFX13
datapath_module/alu_module/mul_44_34/FE_RC_193_0  0.0002159   0.0001725   0.0003885   4.525e-08  HS65_LH_NAND2X11
datapath_module/reg_file_module/g6944    0.00031   7.841e-05   0.0003885    9.03e-08  HS65_LH_MUX21I1X6
datapath_module/alu_module/srl_43_34/g5919   0.000151   0.0002373   0.0003883   6.195e-08  HS65_LH_MUXI21X2
datapath_module/alu_module/mul_44_34/g38022  0.0001816   0.0002066   0.0003882   6.271e-08  HS65_LH_MUXI21X2
datapath_module/alu_module/mul_44_34/g37719  9.977e-05   0.0002882    0.000388   3.496e-08  HS65_LH_PAOI2X1
datapath_module/reg_file_module/g6709  0.0003151   7.266e-05   0.0003878   9.137e-08  HS65_LH_MUX21I1X6
datapath_module/reg_file_module/g6729  0.0003196   6.767e-05   0.0003874   9.106e-08  HS65_LH_MUX21I1X6
datapath_module/reg_file_module/g42596  0.0001535   0.0002337   0.0003872   6.985e-08  HS65_LH_NAND3X5
datapath_module/reg_file_module/g6704  0.0003167   7.032e-05   0.0003871   9.174e-08  HS65_LH_MUX21I1X6
datapath_module/alu_module/sub_35_34/g27218  0.0001733   0.0002138   0.0003871   6.745e-08  HS65_LH_NAND2AX4
datapath_module/reg_file_module/g6350   0.000288   9.883e-05   0.0003869   9.143e-08  HS65_LH_MUX21I1X6
datapath_module/alu_module/mul_44_34/FE_OCPC1435_FE_RN_60_0  0.0002611   0.0001254   0.0003867   6.187e-08  HS65_LH_BFX9
datapath_module/alu_module/sll_42_34/g19870  0.0001491   0.0002373   0.0003865   6.153e-08  HS65_LH_MUXI21X2
datapath_module/reg_file_module/g6449  0.0003209   6.537e-05   0.0003863   9.152e-08  HS65_LH_MUX21I1X6
datapath_module/reg_file_module/g6488  0.0003273   5.876e-05   0.0003862   1.563e-07  HS65_LH_MUX21I1X12
datapath_module/alu_module/mul_44_34/g37954  0.0001586   0.0002275   0.0003861   6.312e-08  HS65_LH_MUXI21X2
datapath_module/reg_file_module/g43251  1.842e-05   0.0003675    0.000386   3.894e-08  HS65_LH_IVX9
datapath_module/reg_file_module/g6605  0.0002757   0.0001099   0.0003857   9.154e-08  HS65_LH_MUX21I1X6
datapath_module/reg_file_module/FE_OCPC1367_n_2415  0.0002246   0.0001605   0.0003853   1.676e-07  HS65_LH_BFX27
datapath_module/alu_module/mul_44_34/g37610  0.0001125   0.0002727   0.0003853   3.172e-08  HS65_LH_NOR2X6
datapath_module/alu_module/mul_44_34/g38008  0.0001917   0.0001932    0.000385   6.254e-08  HS65_LH_MUXI21X2
datapath_module/reg_file_module/g7333  9.207e-05   0.0002925   0.0003848   1.685e-07  HS65_LH_BFX27
datapath_module/reg_file_module/FE_OCPC1019_write_data_5  0.0002583   0.0001263   0.0003846   6.251e-08  HS65_LH_BFX9
datapath_module/alu_module/mul_44_34/FE_RC_591_0  0.0001395   0.0002449   0.0003845   3.953e-08  HS65_LH_IVX9
datapath_module/alu_module/mul_44_34/g38082  0.0001753   0.0002091   0.0003845   6.339e-08  HS65_LH_MUXI21X2
datapath_module/alu_module/add_34_34/FE_RC_578_0  0.0001369   0.0002475   0.0003844   5.099e-08  HS65_LH_OAI21X6
datapath_module/alu_module/sub_35_34/g27239  0.0001582   0.0002252   0.0003834   6.797e-08  HS65_LH_NAND2AX4
datapath_module/reg_file_module/g7039  0.0003064   7.675e-05   0.0003833   9.152e-08  HS65_LH_MUX21I1X6
datapath_module/alu_module/mul_44_34/FE_OCPC774_read_data1_3  9.712e-05   0.0002859   0.0003831   3.352e-08  HS65_LH_IVX7
datapath_module/reg_file_module/g42586  0.0001417   0.0002409   0.0003827    6.79e-08  HS65_LH_NAND3X5
datapath_module/reg_file_module/g6163  0.0003436    3.85e-05   0.0003823   1.562e-07  HS65_LH_MUX21I1X12
datapath_module/alu_module/sub_35_34/g27289  0.0001305   0.0002514    0.000382   4.755e-08  HS65_LH_NOR2AX3
datapath_module/alu_module/mul_44_34/g38021  0.0001526   0.0002293    0.000382   6.285e-08  HS65_LH_MUXI21X2
datapath_module/alu_module/mul_44_34/g38072  0.0001469   0.0002349   0.0003819    6.36e-08  HS65_LH_MUXI21X2
datapath_module/alu_module/sub_35_34/g27328  0.0002068   0.0001749   0.0003818   8.414e-08  HS65_LH_NAND2AX7
datapath_module/alu_module/mul_44_34/g37978  0.0001712   0.0002103   0.0003816   6.293e-08  HS65_LH_MUXI21X2
datapath_module/reg_file_module/g6243  0.0002811   0.0001004   0.0003815   9.153e-08  HS65_LH_MUX21I1X6
datapath_module/alu_module/mul_44_34/g37960  0.0001637   0.0002177   0.0003815   6.255e-08  HS65_LH_MUXI21X2
datapath_module/alu_module/mul_44_34/FE_OCPC1431_n_126  0.0002495   0.0001319   0.0003814    1.17e-07  HS65_LH_BFX18
datapath_module/alu_module/mul_44_34/g38069  0.0001755   0.0002058   0.0003814   6.334e-08  HS65_LH_MUXI21X2
datapath_module/alu_module/mul_44_34/g37894  0.0002116   0.0001697   0.0003813   6.257e-08  HS65_LH_MUXI21X2
datapath_module/alu_module/mul_44_34/g37210  0.0001454   0.0002359   0.0003813   3.246e-08  HS65_LH_OAI22X1
datapath_module/alu_module/mul_44_34/g38087  0.0001823   0.0001989   0.0003813   6.272e-08  HS65_LH_MUXI21X2
datapath_module/reg_file_module/g6199   0.000274    0.000107   0.0003811   9.145e-08  HS65_LH_MUX21I1X6
datapath_module/reg_file_module/g6609  0.0002931   8.787e-05    0.000381   9.165e-08  HS65_LH_MUX21I1X6
datapath_module/reg_file_module/g43216  0.0002487   0.0001321    0.000381   1.725e-07  HS65_LH_NOR2X38
datapath_module/reg_file_module/g43127  0.0002015    0.000179   0.0003806    1.48e-07  HS65_LH_NAND2X43
datapath_module/alu_module/sub_35_34/g27156  7.863e-05   0.0003019   0.0003806   2.401e-08  HS65_LH_NOR2X2
datapath_module/alu_module/mul_44_34/g37936  0.0001772   0.0002031   0.0003804   6.273e-08  HS65_LH_MUXI21X2
datapath_module/alu_module/mul_44_34/g37973  0.0001459   0.0002343   0.0003803   6.284e-08  HS65_LH_MUXI21X2
datapath_module/alu_module/mul_44_34/FE_OCPC605_read_data1_5  0.0001446   0.0002357   0.0003803   4.373e-08  HS65_LH_BFX2
datapath_module/reg_file_module/g6467  0.0002879   9.199e-05     0.00038   9.161e-08  HS65_LH_MUX21I1X6
datapath_module/alu_module/mul_44_34/g37716  0.0002193   0.0001606     0.00038   4.105e-08  HS65_LH_OAI212X3
datapath_module/alu_module/sll_42_34/g19769  0.0002365   0.0001433   0.0003799     4.3e-08  HS65_LH_AOI222X2
datapath_module/alu_module/FE_RC_754_0  0.0002724    0.000107   0.0003795    1.09e-07  HS65_LH_AND2X18
datapath_module/reg_file_module/g42720  0.0002044   0.0001747   0.0003792   7.894e-08  HS65_LH_AO112X4
datapath_module/reg_file_module/g43224  0.0001955   0.0001835   0.0003792   1.486e-07  HS65_LH_NOR2X38
datapath_module/alu_module/add_34_34/g7485  0.0002582   0.0001208    0.000379   6.843e-08  HS65_LHS_XNOR2X3
datapath_module/reg_file_module/g6988  0.0002699   0.0001089   0.0003789    9.16e-08  HS65_LH_MUX21I1X6
datapath_module/alu_module/mul_44_34/g36636  0.0002007   0.0001781   0.0003788   4.162e-08  HS65_LH_NOR2AX3
datapath_module/reg_file_module/g6565  0.0003428    3.58e-05   0.0003788   1.554e-07  HS65_LH_MUX21I1X12
datapath_module/alu_module/srl_43_34/g5925  0.0001328   0.0002458   0.0003787   6.022e-08  HS65_LH_MUXI21X2
datapath_module/reg_file_module/g42687  9.314e-05   0.0002854   0.0003786   6.912e-08  HS65_LH_NAND3X3
datapath_module/reg_file_module/FE_PDC1513_n_3069  0.0001657   0.0002127   0.0003785   6.258e-08  HS65_LH_BFX9
datapath_module/reg_file_module/g6406  0.0003403   3.739e-05   0.0003779   2.506e-07  HS65_LH_MUX21I1X18
datapath_module/alu_module/mul_44_34/g37576  0.0002051   0.0001727   0.0003779     4.8e-08  HS65_LH_CBI4I6X5
datapath_module/alu_module/sub_35_34/g27228  0.0001818    0.000196   0.0003778     6.8e-08  HS65_LH_NAND2AX4
datapath_module/reg_file_module/g7056  0.0003005    7.72e-05   0.0003778   9.133e-08  HS65_LH_MUX21I1X6
datapath_module/reg_file_module/g6154  0.0003105   6.714e-05   0.0003777   9.019e-08  HS65_LH_MUX21I1X6
datapath_module/reg_file_module/FE_PHC1601_n_1153  2.977e-05   0.0003475   0.0003775   2.248e-07  HS65_LH_BFX31
datapath_module/alu_module/sub_35_34/g27105  0.0001319   0.0002455   0.0003775   3.123e-08  HS65_LH_AOI21X2
datapath_module/alu_module/mul_44_34/g37949  0.0001568   0.0002205   0.0003774   6.314e-08  HS65_LH_MUXI21X2
datapath_module/alu_module/mul_44_34/FE_RC_173_0   0.000145   0.0002322   0.0003773   5.472e-08  HS65_LH_NAND2AX7
datapath_module/reg_file_module/g7037  0.0002988   7.824e-05   0.0003771    9.07e-08  HS65_LH_MUX21I1X6
datapath_module/alu_module/mul_44_34/g38194  6.931e-05   0.0003074   0.0003768    2.26e-08  HS65_LH_NOR2X2
datapath_module/reg_file_module/FE_OCPC1421_write_data_5  0.0002583   0.0001183   0.0003767   6.251e-08  HS65_LH_BFX9
datapath_module/alu_module/sll_42_34/g19869  0.0001533   0.0002231   0.0003765   6.196e-08  HS65_LH_MUXI21X2
datapath_module/reg_file_module/g6938  0.0002886   8.763e-05   0.0003763   9.151e-08  HS65_LH_MUX21I1X6
datapath_module/alu_module/srl_43_34/g5830   0.000157   0.0002192   0.0003762   3.154e-08  HS65_LH_OAI22X1
datapath_module/reg_file_module/g6213  0.0002996   7.643e-05   0.0003761   9.169e-08  HS65_LH_MUX21I1X6
datapath_module/alu_module/sub_35_34/g27297  0.0001121   0.0002634   0.0003756   5.286e-08  HS65_LH_NAND2AX4
datapath_module/alu_module/srl_43_34/g5858  0.0001657   0.0002096   0.0003753   5.062e-08  HS65_LH_AO22X4
datapath_module/reg_file_module/FE_OCPC1361_n_2454  0.0001855   0.0001896   0.0003752   9.948e-08  HS65_LH_BFX13
IFU_module/instr_mem/g729      0.0001483   0.0002266    0.000375   7.974e-08  HS65_LH_OR2X9
datapath_module/alu_module/mul_44_34/g37990  0.0001546   0.0002202   0.0003749   6.259e-08  HS65_LH_MUXI21X2
datapath_module/alu_module/add_34_34/FE_RC_446_0  0.0002485   0.0001263   0.0003749   5.072e-08  HS65_LH_NOR2AX3
datapath_module/alu_module/mul_44_34/FE_OFC519_read_data2_0   6.35e-05   0.0003113   0.0003748   3.353e-08  HS65_LH_IVX7
datapath_module/reg_file_module/g7035  0.0003009   7.383e-05   0.0003748   9.169e-08  HS65_LH_MUX21I1X6
datapath_module/alu_module/mul_44_34/g37798   0.000119   0.0002558   0.0003748   4.523e-08  HS65_LH_OAI12X3
datapath_module/alu_module/mul_44_34/g38110  0.0001555    0.000219   0.0003746   3.979e-08  HS65_LH_NAND2X7
datapath_module/reg_file_module/g7034  0.0002973   7.683e-05   0.0003742    9.12e-08  HS65_LH_MUX21I1X6
datapath_module/alu_module/mul_44_34/g36616  0.0001803   0.0001936    0.000374   3.353e-08  HS65_LH_IVX7
datapath_module/alu_module/mul_44_34/g37799  0.0001235   0.0002503   0.0003738   4.109e-08  HS65_LH_OAI21X3
datapath_module/reg_file_module/g7051  0.0002803   9.317e-05   0.0003736    9.15e-08  HS65_LH_MUX21I1X6
datapath_module/reg_file_module/g6849  0.0002804   9.302e-05   0.0003735   9.132e-08  HS65_LH_MUX21I1X6
datapath_module/alu_module/mul_44_34/g37932   0.000153   0.0002204   0.0003735   6.268e-08  HS65_LH_MUXI21X2
datapath_module/alu_module/mul_44_34/g38052  0.0001754   0.0001979   0.0003734   6.235e-08  HS65_LH_MUXI21X2
datapath_module/reg_file_module/g7054  0.0002951   7.809e-05   0.0003733   9.166e-08  HS65_LH_MUX21I1X6
datapath_module/alu_module/mul_44_34/g38044  0.0001424   0.0002305    0.000373   6.283e-08  HS65_LH_MUXI21X2
datapath_module/reg_file_module/g6991  0.0002909   8.196e-05   0.0003729   9.165e-08  HS65_LH_MUX21I1X6
datapath_module/reg_file_module/g6204  0.0002955   7.729e-05   0.0003729   9.206e-08  HS65_LH_MUX21I1X6
datapath_module/alu_module/add_34_34/FE_OFC502_read_data2_1  6.477e-05    0.000308   0.0003728   3.351e-08  HS65_LH_IVX7
datapath_module/alu_module/mul_44_34/g37188  9.332e-05   0.0002794   0.0003727   3.925e-08  HS65_LH_NOR2AX3
datapath_module/alu_module/mul_44_34/g37020  0.0001931   0.0001794   0.0003726   3.948e-08  HS65_LH_IVX9
datapath_module/alu_module/mul_44_34/g38091  0.0001583   0.0002141   0.0003725   6.248e-08  HS65_LH_MUXI21X2
datapath_module/alu_module/mul_44_34/g37598  9.732e-05    0.000275   0.0003724   2.995e-08  HS65_LH_NAND2X7
datapath_module/alu_module/mul_44_34/g38012  0.0001425   0.0002297   0.0003723   6.263e-08  HS65_LH_MUXI21X2
datapath_module/alu_module/mul_44_34/g38065  0.0001718   0.0002003   0.0003722   6.344e-08  HS65_LH_MUXI21X2
datapath_module/reg_file_module/g6994   0.000303   6.896e-05   0.0003721   9.176e-08  HS65_LH_MUX21I1X6
datapath_module/alu_module/add_34_34/g7664  0.0001338   0.0002381    0.000372   5.259e-08  HS65_LH_NOR2X6
datapath_module/alu_module/mul_44_34/g38088  0.0001751   0.0001965   0.0003717    6.27e-08  HS65_LH_MUXI21X2
datapath_module/alu_module/mul_44_34/FE_RC_432_0  0.0001015   0.0002701   0.0003717   7.894e-08  HS65_LH_IVX18
datapath_module/reg_file_module/g6941  0.0002821   8.942e-05   0.0003716   9.024e-08  HS65_LH_MUX21I1X6
datapath_module/reg_file_module/FE_PHC1647_n_1069  0.0001415   0.0002299   0.0003716   1.684e-07  HS65_LH_BFX27
datapath_module/alu_module/mul_44_34/g37078  0.0001371   0.0002343   0.0003714   2.506e-08  HS65_LH_NAND2X2
datapath_module/alu_module/sub_35_34/g27315  0.0001416   0.0002297   0.0003713   5.288e-08  HS65_LH_NOR2AX3
datapath_module/alu_module/mul_44_34/g37622  0.0002243   0.0001468   0.0003711   6.232e-08  HS65_LH_NOR2X9
datapath_module/alu_module/FE_RC_535_0  0.0002807    9.02e-05    0.000371   7.253e-08  HS65_LH_NAND2X21
datapath_module/reg_file_module/g6965  0.0002935   7.677e-05   0.0003703    9.14e-08  HS65_LH_MUX21I1X6
datapath_module/reg_file_module/FE_RC_723_0  0.0001023   0.0002677   0.0003701   1.226e-07  HS65_LH_IVX27
datapath_module/alu_module/sub_35_34/g27221  0.0002053   0.0001641   0.0003694   5.263e-08  HS65_LH_NOR2X6
IFU_module/instr_mem/FE_PHC1517_n_56  0.0001067   0.0002626   0.0003694   9.958e-08  HS65_LH_BFX13
datapath_module/reg_file_module/g6964  0.0002785   9.073e-05   0.0003694   9.143e-08  HS65_LH_MUX21I1X6
datapath_module/reg_file_module/g42689   8.96e-05   0.0002795   0.0003692   6.149e-08  HS65_LH_NAND3X3
datapath_module/reg_file_module/FE_OCPC1441_n_2411    0.00027   9.893e-05   0.0003692   2.325e-07  HS65_LH_BFX35
datapath_module/alu_module/srl_43_34/g5924   0.000154   0.0002152   0.0003692   6.182e-08  HS65_LH_MUXI21X2
datapath_module/alu_module/mul_44_34/g37645  0.0002514   0.0001177   0.0003691   6.115e-08  HS65_LH_NAND2AX7
datapath_module/reg_file_module/g7376  0.0001531   0.0002157    0.000369   2.415e-07  HS65_LH_OR2ABX35
datapath_module/alu_module/add_34_34/g7720  0.0001143   0.0002545   0.0003689   3.197e-08  HS65_LH_NAND2X7
datapath_module/reg_file_module/g6333  0.0003072   6.143e-05   0.0003687   9.257e-08  HS65_LH_MUX21I1X6
datapath_module/reg_file_module/g42666  0.0001901   0.0001784   0.0003685   9.166e-08  HS65_LH_AO212X4
datapath_module/reg_file_module/g6992  0.0002949   7.341e-05   0.0003684   9.115e-08  HS65_LH_MUX21I1X6
datapath_module/reg_file_module/g6274  0.0002716   9.667e-05   0.0003683   9.203e-08  HS65_LH_MUX21I1X6
datapath_module/alu_module/mul_44_34/g38064   0.000155   0.0002133   0.0003683   6.247e-08  HS65_LH_MUXI21X2
datapath_module/alu_module/FE_OCPC1508_FE_RN_145_0  0.0002581   0.0001102   0.0003683   6.256e-08  HS65_LH_BFX9
datapath_module/reg_file_module/g6608  0.0002942   7.391e-05   0.0003682   9.163e-08  HS65_LH_MUX21I1X6
datapath_module/reg_file_module/g42682  0.0001008   0.0002664   0.0003673   6.415e-08  HS65_LH_NAND3X3
IFU_module/instr_mem/FE_RC_362_0  9.228e-05   0.0002745    0.000367   1.555e-07  HS65_LH_IVX31
datapath_module/reg_file_module/g6601  0.0002876   7.915e-05   0.0003669   9.126e-08  HS65_LH_MUX21I1X6
datapath_module/reg_file_module/g42750   0.000178   0.0001887   0.0003668   1.553e-07  HS65_LH_OA12X18
datapath_module/alu_module/mul_44_34/g37828  9.618e-05   0.0002704   0.0003666   5.217e-08  HS65_LH_OAI12X3
datapath_module/alu_module/mul_44_34/g36839  0.0002309   0.0001357   0.0003666   3.951e-08  HS65_LH_IVX9
datapath_module/reg_file_module/FE_OCPC1380_n_2471  0.0002245   0.0001419   0.0003666   1.676e-07  HS65_LH_BFX27
datapath_module/reg_file_module/g6975  0.0003002    6.59e-05   0.0003662   9.075e-08  HS65_LH_MUX21I1X6
datapath_module/alu_module/mul_44_34/g38265  0.0001011    0.000265   0.0003661   3.352e-08  HS65_LH_IVX7
datapath_module/alu_module/mul_44_34/g38009  0.0001585   0.0002074    0.000366   6.259e-08  HS65_LH_MUXI21X2
datapath_module/reg_file_module/g6348   0.000291   7.485e-05    0.000366   9.168e-08  HS65_LH_MUX21I1X6
datapath_module/reg_file_module/g6933  0.0003048   6.094e-05   0.0003659   9.152e-08  HS65_LH_MUX21I1X6
datapath_module/reg_file_module/g43327  0.0001267   0.0002389   0.0003658   1.676e-07  HS65_LH_IVX35
datapath_module/reg_file_module/g43172  0.0002605   0.0001053   0.0003658   6.352e-08  HS65_LH_AO22X4
datapath_module/alu_module/add_34_34/g7653  0.0001483    0.000217   0.0003654   4.245e-08  HS65_LH_NOR2X6
datapath_module/alu_module/mul_44_34/g38098  0.0001702   0.0001951   0.0003653   6.271e-08  HS65_LH_MUXI21X2
datapath_module/reg_file_module/g6148  0.0003216   4.358e-05   0.0003653   1.565e-07  HS65_LH_MUX21I1X12
datapath_module/alu_module/mul_44_34/FE_OCPC1314_read_data2_3  0.0001869   0.0001782   0.0003651   6.199e-08  HS65_LH_BFX9
datapath_module/alu_module/mul_44_34/g37628  0.0001277   0.0002373   0.0003651   4.641e-08  HS65_LH_NOR2AX3
datapath_module/alu_module/mul_44_34/g38005  0.0001523   0.0002124   0.0003648   6.259e-08  HS65_LH_MUXI21X2
datapath_module/reg_file_module/FE_OCPC1395_instruction_code_21  0.0002236   0.0001409   0.0003648   2.349e-07  HS65_LH_BFX35
datapath_module/alu_module/sub_35_34/g27284  0.0001427   0.0002213   0.0003641   4.771e-08  HS65_LH_NOR2AX3
FE_PHC1664_instruction_code_9  0.0001608    0.000203   0.0003639    1.68e-07  HS65_LH_BFX27
datapath_module/reg_file_module/g6273   0.000282   8.174e-05   0.0003638    9.23e-08  HS65_LH_MUX21I1X6
datapath_module/reg_file_module/g6816  0.0003004   6.294e-05   0.0003635   1.551e-07  HS65_LH_MUX21I1X12
datapath_module/alu_module/mul_44_34/FE_RC_324_0  0.0001389   0.0002245   0.0003634   3.953e-08  HS65_LH_IVX9
datapath_module/reg_file_module/g42673  6.366e-05   0.0002991   0.0003628   7.124e-08  HS65_LH_NAND3X3
datapath_module/reg_file_module/drc_bufs43531  1.289e-05   0.0003498   0.0003627   3.891e-08  HS65_LH_IVX9
datapath_module/alu_module/mul_44_34/g37174  0.0001013   0.0002612   0.0003625   4.027e-08  HS65_LH_NOR2AX3
datapath_module/reg_file_module/g42644  0.0001004    0.000262   0.0003625    5.73e-08  HS65_LH_AOI212X2
datapath_module/reg_file_module/drc_bufs43530  1.289e-05   0.0003494   0.0003624   3.891e-08  HS65_LH_IVX9
datapath_module/reg_file_module/g6440  0.0002752   8.708e-05   0.0003623    9.16e-08  HS65_LH_MUX21I1X6
datapath_module/alu_module/mul_44_34/g38000   0.000158   0.0002042   0.0003623   6.259e-08  HS65_LH_MUXI21X2
datapath_module/alu_module/mul_44_34/g38040  0.0001502   0.0002117    0.000362   6.274e-08  HS65_LH_MUXI21X2
datapath_module/alu_module/mul_44_34/g37984  0.0001562   0.0002058    0.000362   6.292e-08  HS65_LH_MUXI21X2
datapath_module/alu_module/sub_35_34/g27282  0.0001532   0.0002088    0.000362   4.721e-08  HS65_LH_NOR2AX3
datapath_module/alu_module/mul_44_34/g38078  0.0001675   0.0001943   0.0003619   6.248e-08  HS65_LH_MUXI21X2
datapath_module/alu_module/mul_44_34/g37986  0.0001751   0.0001868   0.0003619   6.295e-08  HS65_LH_MUXI21X2
datapath_module/alu_module/sll_42_34/g19888   0.000146   0.0002159   0.0003619   6.142e-08  HS65_LH_MUXI21X2
datapath_module/reg_file_module/FE_OCPC1461_n_4256  0.0002865    7.48e-05   0.0003616   2.217e-07  HS65_LH_BFX31
datapath_module/reg_file_module/g42653  0.0001318   0.0002297   0.0003615   4.254e-08  HS65_LH_AOI212X2
datapath_module/reg_file_module/g42679  0.0001159   0.0002453   0.0003613   8.219e-08  HS65_LH_NAND3X5
datapath_module/reg_file_module/g6966   0.000289   7.204e-05   0.0003611   9.185e-08  HS65_LH_MUX21I1X6
datapath_module/alu_module/mul_44_34/g38004  0.0001628   0.0001978   0.0003606    6.26e-08  HS65_LH_MUXI21X2
datapath_module/alu_module/mul_44_34/g37410  0.0001069   0.0002533   0.0003603   3.923e-08  HS65_LH_IVX9
datapath_module/alu_module/add_34_34/g7567  0.0001151   0.0002451   0.0003602   3.318e-08  HS65_LH_AOI21X2
datapath_module/reg_file_module/FE_OCPC1447_n_4256  0.0002865   7.331e-05   0.0003601   2.217e-07  HS65_LH_BFX31
datapath_module/alu_module/FE_OFC309_n_118  8.163e-05   0.0002784   0.0003601   4.371e-08  HS65_LH_BFX2
datapath_module/alu_module/sub_35_34/g27198  0.0001557   0.0002041   0.0003599    6.76e-08  HS65_LH_NAND2AX4
datapath_module/alu_module/mul_44_34/g37479  0.0002099   0.0001496   0.0003595   6.254e-08  HS65_LH_AND2X9
datapath_module/reg_file_module/FE_RC_6_0   0.000146   0.0002133   0.0003594   1.043e-07  HS65_LH_NOR2X13
datapath_module/reg_file_module/g6979  0.0002999   5.926e-05   0.0003593   9.274e-08  HS65_LH_MUX21I1X6
datapath_module/alu_module/mul_44_34/g38102  0.0002656   9.346e-05   0.0003591   9.763e-08  HS65_LHS_XNOR2X6
datapath_module/alu_module/add_34_34/g7554  0.0001451   0.0002139    0.000359    3.94e-08  HS65_LH_NAND2X11
datapath_module/reg_file_module/FE_OCPC724_n_2453  0.0001383   0.0002205   0.0003588   6.241e-08  HS65_LH_BFX9
datapath_module/reg_file_module/g7053  0.0002956   6.296e-05   0.0003586   9.166e-08  HS65_LH_MUX21I1X6
datapath_module/reg_file_module/g7033  0.0002944   6.396e-05   0.0003584    9.14e-08  HS65_LH_MUX21I1X6
datapath_module/reg_file_module/g6114  0.0002819   7.608e-05   0.0003581    9.14e-08  HS65_LH_MUX21I1X6
datapath_module/reg_file_module/FE_RC_21_0  0.0001892   0.0001683   0.0003579   4.624e-07  HS65_LH_NAND2X43
datapath_module/alu_module/srl_43_34/FE_OCPC1438_n_0  0.0002271   0.0001306   0.0003577    6.19e-08  HS65_LH_BFX9
datapath_module/alu_module/add_34_34/g7505  0.0001995   0.0001581   0.0003577   6.464e-08  HS65_LH_AND2X4
datapath_module/alu_module/FE_OCPC1219_n_258  0.0002038   0.0001537   0.0003576   6.247e-08  HS65_LH_BFX9
datapath_module/alu_module/srl_43_34/g5904  0.0001552   0.0002023   0.0003575   6.149e-08  HS65_LH_MUXI21X2
datapath_module/reg_file_module/g6595  0.0002981   5.929e-05   0.0003574   9.165e-08  HS65_LH_MUX21I1X6
datapath_module/reg_file_module/g6149  0.0002866   7.056e-05   0.0003573   9.073e-08  HS65_LH_MUX21I1X6
datapath_module/reg_file_module/g6968  0.0002949   6.223e-05   0.0003572   9.179e-08  HS65_LH_MUX21I1X6
datapath_module/alu_module/mul_44_34/g38028  0.0001637   0.0001934   0.0003571   6.265e-08  HS65_LH_MUXI21X2
datapath_module/alu_module/sub_35_34/g27214  0.0001772   0.0001797    0.000357   5.799e-08  HS65_LH_NOR2AX3
datapath_module/alu_module/mul_44_34/g37992   0.000156   0.0002009   0.0003569   6.273e-08  HS65_LH_MUXI21X2
datapath_module/alu_module/sub_35_34/g27118  0.0001736   0.0001832   0.0003569   3.576e-08  HS65_LH_OAI212X5
datapath_module/alu_module/mul_44_34/g37596  8.937e-05   0.0002674   0.0003568   3.146e-08  HS65_LH_NOR2X6
datapath_module/reg_file_module/g6475  0.0002763   8.001e-05   0.0003564   9.046e-08  HS65_LH_MUX21I1X6
datapath_module/reg_file_module/g6839  0.0002971   5.909e-05   0.0003563   9.213e-08  HS65_LH_MUX21I1X6
datapath_module/alu_module/sub_35_34/g27253  0.0001297   0.0002264   0.0003562   4.663e-08  HS65_LH_NOR2AX3
datapath_module/reg_file_module/g6478  0.0002759   7.967e-05   0.0003557   9.177e-08  HS65_LH_MUX21I1X6
datapath_module/reg_file_module/g7029  0.0002891   6.634e-05   0.0003555   9.185e-08  HS65_LH_MUX21I1X6
datapath_module/reg_file_module/g6592  0.0002824   7.288e-05   0.0003553   8.991e-08  HS65_LH_MUX21I1X6
datapath_module/alu_module/mul_44_34/FE_OCPC696_n_60  0.0002022    0.000153   0.0003553   6.247e-08  HS65_LH_BFX9
datapath_module/reg_file_module/g7032  0.0002872   6.793e-05   0.0003552   9.097e-08  HS65_LH_MUX21I1X6
datapath_module/alu_module/sub_35_34/g27303  0.0001322   0.0002227    0.000355   5.404e-08  HS65_LH_NAND2AX4
datapath_module/alu_module/add_34_34/g7621  0.0002101   0.0001447   0.0003549   6.019e-08  HS65_LH_AND2X4
datapath_module/alu_module/mul_44_34/g37739  0.0001515   0.0002032   0.0003548   6.289e-08  HS65_LH_MUXI21X2
datapath_module/alu_module/srl_43_34/g5865  0.0001189   0.0002356   0.0003545   3.978e-08  HS65_LH_IVX9
datapath_module/alu_module/mul_44_34/g37994  0.0001759   0.0001778   0.0003538   6.275e-08  HS65_LH_MUXI21X2
datapath_module/alu_module/mul_44_34/g37946  0.0001675    0.000186   0.0003536   6.313e-08  HS65_LH_MUXI21X2
datapath_module/alu_module/mul_44_34/g38034  0.0001811   0.0001724   0.0003536    6.28e-08  HS65_LH_MUXI21X2
datapath_module/alu_module/srl_43_34/g5944  5.174e-05   0.0003017   0.0003535     2.2e-08  HS65_LH_NAND2X2
datapath_module/reg_file_module/g6539   0.000283    7.03e-05   0.0003534   9.267e-08  HS65_LH_MUX21I1X6
datapath_module/alu_module/mul_44_34/g37953  0.0001558   0.0001974   0.0003533   6.304e-08  HS65_LH_MUXI21X2
datapath_module/alu_module/mul_44_34/g37685  7.317e-05     0.00028   0.0003532   2.089e-08  HS65_LH_NAND2X2
datapath_module/reg_file_module/g7031  0.0002818   7.111e-05    0.000353   9.103e-08  HS65_LH_MUX21I1X6
datapath_module/reg_file_module/g6956  0.0002728   8.006e-05    0.000353   9.173e-08  HS65_LH_MUX21I1X6
datapath_module/reg_file_module/g6626  0.0002947   5.811e-05   0.0003529   9.292e-08  HS65_LH_MUX21I1X6
datapath_module/reg_file_module/g6718  0.0002709   8.129e-05   0.0003523   9.218e-08  HS65_LH_MUX21I1X6
datapath_module/reg_file_module/g7050  0.0002728   7.914e-05    0.000352   9.172e-08  HS65_LH_MUX21I1X6
datapath_module/alu_module/mul_44_34/FE_OCPC1352_n_123  0.0002512   0.0001007    0.000352   6.186e-08  HS65_LH_BFX9
datapath_module/reg_file_module/FE_PHC1615_n_1519  0.0002125   0.0001391   0.0003517   6.246e-08  HS65_LH_BFX9
datapath_module/reg_file_module/g6853  0.0002867   6.468e-05   0.0003515   9.278e-08  HS65_LH_MUX21I1X6
datapath_module/reg_file_module/g6600  0.0002842   6.706e-05   0.0003514   9.105e-08  HS65_LH_MUX21I1X6
datapath_module/reg_file_module/g6969  0.0002884   6.287e-05   0.0003513   9.148e-08  HS65_LH_MUX21I1X6
datapath_module/alu_module/mul_44_34/g38086   0.000143   0.0002079   0.0003509   6.238e-08  HS65_LH_MUXI21X2
datapath_module/alu_module/add_34_34/g7614  6.418e-05   0.0002861   0.0003503   2.194e-08  HS65_LH_NOR2X2
datapath_module/alu_module/add_34_34/g7638  0.0001614   0.0001887   0.0003501    5.75e-08  HS65_LH_NOR2AX3
datapath_module/reg_file_module/g42636  0.0001089   0.0002411     0.00035   5.507e-08  HS65_LH_AOI212X2
datapath_module/alu_module/add_34_34/g7562  0.0001008   0.0002487   0.0003495    3.35e-08  HS65_LH_IVX7
datapath_module/reg_file_module/g43268_dup  0.0002003    0.000149   0.0003495   2.143e-07  HS65_LH_AND2X35
datapath_module/alu_module/add_34_34/g7609  0.0001613   0.0001881   0.0003494   5.017e-08  HS65_LH_NOR2AX3
datapath_module/alu_module/mul_44_34/g38063  0.0001756   0.0001734   0.0003491    6.27e-08  HS65_LH_MUXI21X2
datapath_module/alu_module/sll_42_34/g19840  9.032e-05   0.0002585   0.0003488   2.826e-08  HS65_LH_NOR2X6
datapath_module/alu_module/mul_44_34/FE_OCPC767_n_60  0.0002013   0.0001475   0.0003488   6.247e-08  HS65_LH_BFX9
datapath_module/reg_file_module/g6441  0.0002894   5.895e-05   0.0003485   9.134e-08  HS65_LH_MUX21I1X6
datapath_module/alu_module/sll_42_34/g19886  0.0001524   0.0001959   0.0003483   6.181e-08  HS65_LH_MUXI21X2
datapath_module/reg_file_module/FE_PHC1568_n_1308  4.653e-05   0.0003015   0.0003482   2.248e-07  HS65_LH_BFX31
datapath_module/alu_module/sll_42_34/FE_OCPC1141_n_727  0.0002292   0.0001189   0.0003482   6.192e-08  HS65_LH_BFX9
datapath_module/reg_file_module/g43025  0.0001829   0.0001648   0.0003482   4.687e-07  HS65_LH_NAND2X43
datapath_module/alu_module/srl_43_34/FE_RC_593_0  0.0001145   0.0002335   0.0003481   3.961e-08  HS65_LH_IVX9
datapath_module/alu_module/mul_44_34/g37958  0.0001582   0.0001895   0.0003478   6.305e-08  HS65_LH_MUXI21X2
datapath_module/reg_file_module/g6551  0.0002841   6.355e-05   0.0003477   9.307e-08  HS65_LH_MUX21I1X6
datapath_module/alu_module/mul_44_34/g37454  0.0001467   0.0002005   0.0003472   3.252e-08  HS65_LH_OAI22X1
datapath_module/alu_module/mul_44_34/g37940  0.0001529   0.0001942   0.0003471   6.275e-08  HS65_LH_MUXI21X2
datapath_module/reg_file_module/g6520  0.0002733    7.36e-05    0.000347   9.194e-08  HS65_LH_MUX21I1X6
datapath_module/alu_module/mul_44_34/g38125  0.0001415   0.0002054   0.0003469   4.031e-08  HS65_LH_NAND2X7
datapath_module/alu_module/mul_44_34/FE_OFC449_read_data2_2  0.0001604   0.0001863   0.0003468   1.549e-07  HS65_LH_IVX31
datapath_module/alu_module/mul_44_34/g38019  0.0001417   0.0002048   0.0003466   6.851e-08  HS65_LH_MUXI21X2
datapath_module/alu_module/mul_44_34/g37785   0.000147   0.0001993   0.0003463   4.289e-08  HS65_LH_OAI21X3
datapath_module/alu_module/sub_35_34/FE_OCPC974_FE_OFN426_read_data1_4  0.0001634   0.0001828   0.0003462   6.207e-08  HS65_LH_BFX9
datapath_module/alu_module/mul_44_34/g38002  0.0001678   0.0001783   0.0003462    6.26e-08  HS65_LH_MUXI21X2
datapath_module/reg_file_module/g6444  0.0002689    7.68e-05   0.0003457   9.081e-08  HS65_LH_MUX21I1X6
datapath_module/alu_module/mul_44_34/g38053  0.0001727    0.000173   0.0003457   6.233e-08  HS65_LH_MUXI21X2
datapath_module/reg_file_module/FE_OFC479_n_1087  3.222e-05    0.000313   0.0003454   2.394e-07  HS65_LH_BFX35
datapath_module/reg_file_module/g6366  0.0002786   6.673e-05   0.0003454   9.145e-08  HS65_LH_MUX21I1X6
datapath_module/alu_module/add_34_34/g7649  0.0001822   0.0001629   0.0003452   6.661e-08  HS65_LH_NAND2AX4
datapath_module/reg_file_module/g6436  0.0002826   6.245e-05   0.0003451   9.061e-08  HS65_LH_MUX21I1X6
datapath_module/alu_module/g7524  0.0001085   0.0002365    0.000345   4.758e-08  HS65_LH_OAI12X3
datapath_module/alu_module/mul_44_34/g38039  0.0001594   0.0001854   0.0003449   6.278e-08  HS65_LH_MUXI21X2
datapath_module/alu_module/mul_44_34/g38038  0.0001403   0.0002044   0.0003448    6.28e-08  HS65_LH_MUXI21X2
datapath_module/alu_module/mul_44_34/g38097  0.0001545   0.0001902   0.0003448   6.286e-08  HS65_LH_MUXI21X2
datapath_module/alu_module/mul_44_34/g38096  0.0002251   0.0001196   0.0003447   6.242e-08  HS65_LH_MUXI21X2
datapath_module/reg_file_module/FE_OCPC1453_n_2411    0.00027    7.43e-05   0.0003445   2.325e-07  HS65_LH_BFX35
datapath_module/alu_module/mul_44_34/g38006  0.0001537   0.0001906   0.0003444   6.349e-08  HS65_LH_MUXI21X2
datapath_module/alu_module/mul_44_34/g37291  0.0001857   0.0001586   0.0003443    3.39e-08  HS65_LH_OAI22X1
datapath_module/alu_module/g7466  0.0001302   0.0002141   0.0003443   3.098e-08  HS65_LH_NAND2X7
datapath_module/alu_module/mul_44_34/g36854  0.0001893   0.0001547   0.0003441   3.353e-08  HS65_LH_IVX7
datapath_module/reg_file_module/FE_OCPC1137_n_2510  3.282e-05   0.0003111   0.0003439   6.151e-08  HS65_LH_BFX9
datapath_module/alu_module/srl_43_34/g5863   0.000131   0.0002128   0.0003439   4.862e-08  HS65_LH_AO22X4
datapath_module/reg_file_module/g7297  6.067e-05   0.0002829   0.0003436   1.172e-07  HS65_LH_BFX18
datapath_module/alu_module/sub_35_34/g27227  0.0001893   0.0001541   0.0003434   5.831e-08  HS65_LH_NOR2AX3
datapath_module/alu_module/mul_44_34/g38011  0.0001433   0.0001998   0.0003432   6.259e-08  HS65_LH_MUXI21X2
datapath_module/alu_module/mul_44_34/g37226  0.0001902   0.0001527    0.000343    3.41e-08  HS65_LH_AOI22X1
datapath_module/alu_module/sll_42_34/g19790  0.0002156   0.0001274    0.000343   6.097e-08  HS65_LH_OAI21X6
datapath_module/alu_module/mul_44_34/g38050   0.000163     0.00018    0.000343   6.232e-08  HS65_LH_MUXI21X2
datapath_module/reg_file_module/g42724  0.0002349   0.0001077   0.0003427   8.134e-08  HS65_LH_AO112X4
datapath_module/alu_module/mul_44_34/g38095  0.0001565   0.0001857   0.0003423   6.248e-08  HS65_LH_MUXI21X2
datapath_module/reg_file_module/FE_PHC1644_n_1094  6.664e-05    0.000275   0.0003418       1e-07  HS65_LH_BFX13
datapath_module/alu_module/mul_44_34/FE_OCPC701_n_80  5.294e-05   0.0002888   0.0003417   3.349e-08  HS65_LH_IVX7
datapath_module/alu_module/g7540  0.0001892   0.0001521   0.0003414   8.191e-08  HS65_LH_AO12X9
datapath_module/alu_module/mul_44_34/g38076  0.0001675   0.0001737   0.0003413   6.237e-08  HS65_LH_MUXI21X2
datapath_module/reg_file_module/g6723  0.0002269   0.0001142   0.0003411   9.205e-08  HS65_LH_MUX21I1X6
datapath_module/alu_module/sub_35_34/g27285  0.0001362   0.0002047   0.0003409   4.914e-08  HS65_LH_NOR2AX3
datapath_module/reg_file_module/g42564  0.0001215    0.000219   0.0003406   7.725e-08  HS65_LH_NAND3X5
datapath_module/alu_module/mul_44_34/g37608  9.341e-05   0.0002471   0.0003406   3.015e-08  HS65_LH_NAND2X7
datapath_module/reg_file_module/g6175  0.0002674   7.305e-05   0.0003406   9.174e-08  HS65_LH_MUX21I1X6
datapath_module/alu_module/mul_44_34/g38017  0.0001486   0.0001917   0.0003404   6.263e-08  HS65_LH_MUXI21X2
datapath_module/alu_module/mul_44_34/g38074  0.0002107   0.0001295   0.0003403   6.244e-08  HS65_LH_MUXI21X2
datapath_module/reg_file_module/FE_RC_149_0  0.0002337   0.0001063   0.0003402   2.055e-07  HS65_LH_NOR2X50
datapath_module/alu_module/mul_44_34/g37691  0.0002445   9.553e-05   0.0003401   3.989e-08  HS65_LH_OAI212X3
datapath_module/reg_file_module/g43322  3.346e-05   0.0003065     0.00034   3.355e-08  HS65_LH_IVX7
datapath_module/alu_module/mul_44_34/g37655  0.0001044   0.0002355     0.00034   3.922e-08  HS65_LH_IVX9
datapath_module/reg_file_module/g6238  0.0002795   5.999e-05   0.0003396    9.13e-08  HS65_LH_MUX21I1X6
datapath_module/reg_file_module/g43190   0.000117   0.0002221   0.0003392   8.956e-08  HS65_LH_NAND2X14
datapath_module/alu_module/mul_44_34/g37959  0.0001681    0.000171   0.0003392   6.312e-08  HS65_LH_MUXI21X2
datapath_module/alu_module/mul_44_34/g37998  0.0001491   0.0001895   0.0003387   6.852e-08  HS65_LH_MUXI21X2
datapath_module/alu_module/mul_44_34/g37969  0.0001484   0.0001898   0.0003383   6.346e-08  HS65_LH_MUXI21X2
datapath_module/alu_module/srl_43_34/g5835  0.0001183   0.0002196   0.0003379    3.36e-08  HS65_LH_OAI21X2
datapath_module/alu_module/mul_44_34/FE_RC_404_0  0.0001408   0.0001969   0.0003378   3.942e-08  HS65_LH_IVX9
datapath_module/reg_file_module/FE_RC_561_0  0.0001873   0.0001503   0.0003378   1.753e-07  HS65_LH_NAND2X57
datapath_module/reg_file_module/g42602  0.0002255   0.0001122   0.0003378     9.1e-08  HS65_LH_NAND4ABX3
datapath_module/reg_file_module/g6481  0.0002667   7.092e-05   0.0003377   9.232e-08  HS65_LH_MUX21I1X6
datapath_module/alu_module/mul_44_34/g37239  0.0001472   0.0001904   0.0003377   3.298e-08  HS65_LH_OAI22X1
datapath_module/alu_module/mul_44_34/g39308   0.000206   0.0001316   0.0003376   6.662e-08  HS65_LH_OR2X9
datapath_module/reg_file_module/g6599  0.0002773   5.955e-05    0.000337   9.053e-08  HS65_LH_MUX21I1X6
datapath_module/alu_module/mul_44_34/g37927  0.0001558   0.0001806   0.0003364   6.257e-08  HS65_LH_MUXI21X2
datapath_module/reg_file_module/g6606  0.0002805   5.583e-05   0.0003364    9.14e-08  HS65_LH_MUX21I1X6
datapath_module/reg_file_module/g42552  0.0001481   0.0001882   0.0003364    1.02e-07  HS65_LH_NAND4ABX3
datapath_module/reg_file_module/g6566   0.000266   6.993e-05    0.000336   9.159e-08  HS65_LH_MUX21I1X6
datapath_module/alu_module/FE_OCPC787_write_data_4  5.925e-05   0.0002766   0.0003359   2.116e-08  HS65_LH_IVX2
datapath_module/alu_module/add_34_34/g7593  6.139e-05   0.0002742   0.0003356   3.417e-08  HS65_LH_OAI21X2
datapath_module/alu_module/sub_35_34/g27358  0.0001391   0.0001963   0.0003354   2.578e-08  HS65_LH_OAI12X2
datapath_module/alu_module/mul_44_34/g37234  0.0001457   0.0001895   0.0003353   3.268e-08  HS65_LH_OAI22X1
datapath_module/reg_file_module/g6162  0.0002991   3.592e-05   0.0003351   1.561e-07  HS65_LH_MUX21I1X12
datapath_module/alu_module/mul_44_34/g38057  0.0001651   0.0001699    0.000335   6.235e-08  HS65_LH_MUXI21X2
datapath_module/alu_module/mul_44_34/g37444  0.0001326   0.0002023   0.0003349   3.376e-08  HS65_LH_AOI22X1
datapath_module/alu_module/mul_44_34/FE_OFC38_n_673  5.281e-05    0.000282   0.0003349   2.115e-08  HS65_LH_IVX2
datapath_module/reg_file_module/g6138  0.0002855   4.911e-05   0.0003348   1.558e-07  HS65_LH_MUX21I1X12
datapath_module/alu_module/mul_44_34/FE_OCPC715_n_60  0.0002022   0.0001323   0.0003345   6.247e-08  HS65_LH_BFX9
datapath_module/alu_module/mul_44_34/g37993  0.0001561   0.0001782   0.0003343   6.258e-08  HS65_LH_MUXI21X2
datapath_module/reg_file_module/g6102   0.000265   6.914e-05   0.0003342   9.095e-08  HS65_LH_MUX21I1X6
datapath_module/alu_module/mul_44_34/g38058  0.0001381   0.0001957   0.0003339   6.236e-08  HS65_LH_MUXI21X2
datapath_module/alu_module/mul_44_34/g38168  7.376e-05   0.0002597   0.0003335   2.367e-08  HS65_LH_NOR2X2
datapath_module/alu_module/FE_OCPC1479_write_data_10  0.0002707   6.246e-05   0.0003332   6.258e-08  HS65_LH_BFX9
datapath_module/reg_file_module/g6541  0.0002531       8e-05   0.0003332   9.233e-08  HS65_LH_MUX21I1X6
datapath_module/reg_file_module/FE_OCPC1403_n_2489  3.277e-05   0.0003002    0.000333   6.151e-08  HS65_LH_BFX9
datapath_module/reg_file_module/FE_RC_246_0   0.000203   0.0001293   0.0003325   2.122e-07  HS65_LH_AND2X35
datapath_module/alu_module/mul_44_34/g37917  0.0001532   0.0001783   0.0003316   6.274e-08  HS65_LH_MUXI21X2
datapath_module/reg_file_module/g6571  0.0002711    6.02e-05   0.0003314   9.174e-08  HS65_LH_MUX21I1X6
datapath_module/alu_module/mul_44_34/g37585  0.0002077   0.0001236   0.0003313   4.946e-08  HS65_LH_CBI4I6X5
datapath_module/alu_module/mul_44_34/g37796  0.0001252    0.000206   0.0003313   4.355e-08  HS65_LH_OAI12X3
datapath_module/alu_module/mul_44_34/g37800  0.0001148   0.0002164   0.0003313   4.505e-08  HS65_LH_OAI12X3
datapath_module/reg_file_module/g42725  0.0002635   6.756e-05   0.0003312   7.995e-08  HS65_LH_AO112X4
datapath_module/alu_module/add_34_34/g7642  0.0001653   0.0001655   0.0003309   5.777e-08  HS65_LH_NOR2AX3
datapath_module/alu_module/mul_44_34/g37989  0.0001531   0.0001774   0.0003306   6.255e-08  HS65_LH_MUXI21X2
datapath_module/reg_file_module/g42661   0.000112   0.0002184   0.0003305    4.69e-08  HS65_LH_AOI212X2
datapath_module/reg_file_module/g6363   0.000264   6.614e-05   0.0003303   9.111e-08  HS65_LH_MUX21I1X6
datapath_module/alu_module/g7532  0.0001906   0.0001395   0.0003302   6.321e-08  HS65_LH_OAI21X6
datapath_module/alu_module/mul_44_34/g37966  0.0001456   0.0001844   0.0003301   6.846e-08  HS65_LH_MUXI21X2
datapath_module/reg_file_module/g42721  0.0002457   8.422e-05     0.00033    8.39e-08  HS65_LH_AO112X4
datapath_module/alu_module/sub_35_34/g27200   0.000183   0.0001468   0.0003299   6.512e-08  HS65_LH_OR2X4
datapath_module/alu_module/drc_bufs7647   3.28e-05    0.000297   0.0003299   4.005e-08  HS65_LH_IVX9
datapath_module/alu_module/sll_42_34/g19875  0.0001557   0.0001739   0.0003296   6.098e-08  HS65_LH_MUXI21X2
datapath_module/alu_module/add_34_34/g7634  0.0001589   0.0001702   0.0003292   5.967e-08  HS65_LH_AND2X4
datapath_module/alu_module/srl_43_34/FE_OCPC1241_n_9  0.0002332    9.58e-05   0.0003291   6.204e-08  HS65_LH_BFX9
datapath_module/alu_module/mul_44_34/g38178  0.0001279   0.0002011    0.000329   3.884e-08  HS65_LH_NAND2X7
datapath_module/reg_file_module/g6112    0.00027   5.895e-05    0.000329   9.093e-08  HS65_LH_MUX21I1X6
datapath_module/reg_file_module/g6587  0.0002683   6.049e-05   0.0003289   9.066e-08  HS65_LH_MUX21I1X6
datapath_module/reg_file_module/FE_RC_11_0  0.0001344   0.0001941   0.0003287   2.122e-07  HS65_LH_IVX44
datapath_module/alu_module/mul_44_34/g37976  0.0001467   0.0001819   0.0003287   6.293e-08  HS65_LH_MUXI21X2
datapath_module/reg_file_module/g6472  0.0002642   6.418e-05   0.0003285   9.063e-08  HS65_LH_MUX21I1X6
datapath_module/reg_file_module/FE_RC_526_0  0.0001914   0.0001369   0.0003284   1.341e-07  HS65_LH_NAND3AX25
datapath_module/reg_file_module/g6368  0.0002749    5.33e-05   0.0003283   9.159e-08  HS65_LH_MUX21I1X6
IFU_module/instr_mem/FE_PHC1518_n_53  0.0002252   0.0001027   0.0003282   2.349e-07  HS65_LH_BFX35
datapath_module/alu_module/sub_35_34/g27213   0.000112   0.0002161   0.0003282   6.863e-08  HS65_LH_NAND2AX4
datapath_module/reg_file_module/g7030  0.0002595   6.838e-05    0.000328   9.036e-08  HS65_LH_MUX21I1X6
datapath_module/reg_file_module/g42640  9.307e-05    0.000234   0.0003271   5.406e-08  HS65_LH_AOI212X2
datapath_module/alu_module/sub_35_34/g27169  0.0001419   0.0001851   0.0003271   3.946e-08  HS65_LH_IVX9
datapath_module/alu_module/add_34_34/g7657  0.0001226   0.0002043   0.0003269   4.392e-08  HS65_LH_NOR2X6
datapath_module/alu_module/mul_44_34/FE_RC_393_0  0.0001483   0.0001783   0.0003267   8.087e-08  HS65_LH_NAND2AX14
datapath_module/reg_file_module/g7036  0.0002415   8.497e-05   0.0003265   9.144e-08  HS65_LH_MUX21I1X6
datapath_module/reg_file_module/g6131  0.0002718   5.459e-05   0.0003264   9.015e-08  HS65_LH_MUX21I1X6
datapath_module/reg_file_module/g6937  0.0002624   6.322e-05   0.0003257    9.11e-08  HS65_LH_MUX21I1X6
datapath_module/alu_module/FE_RC_309_0   0.000229   9.634e-05   0.0003254   1.089e-07  HS65_LH_AND2X18
datapath_module/reg_file_module/g7076  2.746e-05   0.0002978   0.0003253   3.897e-08  HS65_LH_IVX9
datapath_module/reg_file_module/g7028  0.0002444   8.051e-05    0.000325   9.025e-08  HS65_LH_MUX21I1X6
datapath_module/alu_module/add_34_34/g7529  7.321e-05   0.0002517   0.0003249   3.854e-08  HS65_LH_NOR2X2
datapath_module/alu_module/mul_44_34/g37975  0.0001556   0.0001691   0.0003248   6.292e-08  HS65_LH_MUXI21X2
datapath_module/alu_module/mul_44_34/g37587  0.0001918   0.0001329   0.0003247   4.776e-08  HS65_LH_CBI4I6X5
IFU_module/instr_mem/FE_PHC1554_n_48  0.0002857   3.858e-05   0.0003245   2.217e-07  HS65_LH_BFX31
datapath_module/alu_module/mul_44_34/g38046  0.0001583   0.0001658   0.0003242   6.236e-08  HS65_LH_MUXI21X2
datapath_module/alu_module/add_34_34/g7496  9.871e-05   0.0002251   0.0003239   2.865e-08  HS65_LH_AOI21X2
datapath_module/alu_module/mul_44_34/g37974  0.0001529   0.0001709   0.0003238   6.235e-08  HS65_LH_MUXI21X2
datapath_module/reg_file_module/g43330  0.0001361   0.0001873   0.0003234   8.194e-08  HS65_LH_NAND2X14
datapath_module/alu_module/sub_35_34/g27216  0.0001154   0.0002078   0.0003233   7.296e-08  HS65_LH_NAND2AX4
datapath_module/reg_file_module/g42572    9.5e-05    0.000228   0.0003231    5.63e-08  HS65_LH_NAND3X3
datapath_module/reg_file_module/g6362  0.0002499   7.294e-05    0.000323    9.13e-08  HS65_LH_MUX21I1X6
datapath_module/alu_module/mul_44_34/g38026  0.0001496   0.0001733   0.0003229    6.27e-08  HS65_LH_MUXI21X2
datapath_module/alu_module/add_34_34/g7627  0.0001805   0.0001421   0.0003227   5.968e-08  HS65_LH_NAND2AX4
datapath_module/reg_file_module/g43169  0.0002385   8.393e-05   0.0003224   6.188e-08  HS65_LH_AO22X4
datapath_module/alu_module/mul_44_34/g37915  0.0001503    0.000172   0.0003224   6.267e-08  HS65_LH_MUXI21X2
datapath_module/reg_file_module/g6949  0.0002652   5.697e-05   0.0003223   8.978e-08  HS65_LH_MUX21I1X6
datapath_module/reg_file_module/g6107  0.0002515   7.039e-05    0.000322   8.991e-08  HS65_LH_MUX21I1X6
datapath_module/reg_file_module/g6336  0.0002685   5.335e-05   0.0003219   9.203e-08  HS65_LH_MUX21I1X6
datapath_module/alu_module/mul_44_34/g38100  0.0001754   0.0001464   0.0003218   6.239e-08  HS65_LH_MUXI21X2
datapath_module/reg_file_module/FE_RC_376_0  0.0002142   0.0001074   0.0003217   1.364e-07  HS65_LH_NOR2X38
datapath_module/alu_module/mul_44_34/g37963  0.0001598   0.0001618   0.0003217   6.316e-08  HS65_LH_MUXI21X2
datapath_module/alu_module/sub_35_34/g27272  0.0001239   0.0001977   0.0003217   5.411e-08  HS65_LH_NAND2AX4
datapath_module/reg_file_module/g43145  0.0002448   7.678e-05   0.0003217    6.25e-08  HS65_LH_AO22X4
datapath_module/reg_file_module/g43168   0.000242   7.947e-05   0.0003216   6.215e-08  HS65_LH_AO22X4
datapath_module/reg_file_module/g6236  0.0002634   5.808e-05   0.0003216   9.066e-08  HS65_LH_MUX21I1X6
datapath_module/alu_module/sll_42_34/FE_OCPC1460_read_data2_4  0.0001879   0.0001334   0.0003214   6.197e-08  HS65_LH_BFX9
datapath_module/reg_file_module/g6985  0.0002541   6.709e-05   0.0003213   9.146e-08  HS65_LH_MUX21I1X6
datapath_module/alu_module/mul_44_34/g39248  9.269e-05   0.0002279   0.0003206   4.782e-08  HS65_LH_NOR2AX3
datapath_module/reg_file_module/g6554  0.0002697    5.06e-05   0.0003204    9.26e-08  HS65_LH_MUX21I1X6
datapath_module/alu_module/mul_44_34/g38003  0.0001546   0.0001651   0.0003198   6.263e-08  HS65_LH_MUXI21X2
datapath_module/reg_file_module/g6373  0.0002436   7.532e-05    0.000319   9.049e-08  HS65_LH_MUX21I1X6
datapath_module/reg_file_module/FE_RC_377_0  8.627e-05   0.0002322   0.0003186   1.262e-07  HS65_LH_IVX27
datapath_module/reg_file_module/g6124  0.0002478    7.02e-05   0.0003181   9.126e-08  HS65_LH_MUX21I1X6
datapath_module/reg_file_module/g7332  6.156e-05   0.0002564    0.000318   1.172e-07  HS65_LH_BFX18
datapath_module/reg_file_module/FE_PHC1539_n_1155  0.0001981   0.0001195   0.0003179   2.909e-07  HS65_LH_BFX44
datapath_module/alu_module/mul_44_34/g37950  0.0002168   0.0001009   0.0003178   6.316e-08  HS65_LH_MUXI21X2
datapath_module/alu_module/mul_44_34/g37477   0.000142   0.0001758   0.0003178   4.503e-08  HS65_LH_AND2X4
datapath_module/alu_module/sub_35_34/g27279  0.0001143   0.0002032   0.0003176   4.686e-08  HS65_LH_NOR2AX3
datapath_module/alu_module/mul_44_34/g37615  0.0002445   7.276e-05   0.0003174   1.088e-07  HS65_LH_NOR2X25
datapath_module/alu_module/add_34_34/g7566  0.0001348   0.0001825   0.0003173   3.274e-08  HS65_LH_AOI21X2
datapath_module/reg_file_module/g6586   0.000253   6.411e-05   0.0003172   9.053e-08  HS65_LH_MUX21I1X6
datapath_module/reg_file_module/g6672  0.0002516    6.54e-05   0.0003171    9.19e-08  HS65_LH_MUX21I1X6
datapath_module/alu_module/sub_35_34/g27219  0.0001242   0.0001926   0.0003168    6.93e-08  HS65_LH_NAND2AX4
datapath_module/reg_file_module/g7047  0.0002583   5.834e-05   0.0003168   9.167e-08  HS65_LH_MUX21I1X6
datapath_module/alu_module/mul_44_34/FE_OCPC1108_n_590  0.0002272   8.941e-05   0.0003167   6.204e-08  HS65_LH_BFX9
datapath_module/alu_module/mul_44_34/g38059  0.0001447   0.0001718   0.0003166   6.237e-08  HS65_LH_MUXI21X2
datapath_module/alu_module/add_34_34/g7618  0.0001544    0.000162   0.0003165   5.085e-08  HS65_LH_NOR2AX3
datapath_module/alu_module/FE_OCPC1232_read_data1_1  0.0001667   0.0001496   0.0003164   6.203e-08  HS65_LH_BFX9
datapath_module/reg_file_module/g43166  0.0002398   7.638e-05   0.0003163   6.165e-08  HS65_LH_AO22X4
datapath_module/alu_module/mul_44_34/g38092  0.0001539   0.0001622   0.0003161    6.35e-08  HS65_LH_MUXI21X2
datapath_module/reg_file_module/g6591  0.0002289   8.691e-05   0.0003159   9.108e-08  HS65_LH_MUX21I1X6
datapath_module/reg_file_module/g42634  9.998e-05   0.0002153   0.0003153   6.352e-08  HS65_LH_AOI212X2
datapath_module/alu_module/mul_44_34/g37924  0.0001641    0.000151   0.0003152   6.277e-08  HS65_LH_MUXI21X2
datapath_module/alu_module/srl_43_34/FE_RC_594_0   5.72e-05   0.0002579   0.0003152   3.906e-08  HS65_LH_IVX9
datapath_module/alu_module/mul_44_34/g38049  0.0001377   0.0001771   0.0003149   6.236e-08  HS65_LH_MUXI21X2
datapath_module/alu_module/add_34_34/g7591   5.21e-05   0.0002627   0.0003148    3.39e-08  HS65_LH_OAI21X2
datapath_module/reg_file_module/drc_bufs43506  1.308e-05   0.0003017   0.0003148   3.891e-08  HS65_LH_IVX9
datapath_module/reg_file_module/g6443  0.0002435   7.115e-05   0.0003147   9.215e-08  HS65_LH_MUX21I1X6
datapath_module/alu_module/srl_43_34/g5812  0.0001581   0.0001563   0.0003144   3.203e-08  HS65_LH_OAI22X1
datapath_module/reg_file_module/g42704  0.0002189   9.543e-05   0.0003144   9.845e-08  HS65_LH_AO212X4
datapath_module/alu_module/mul_44_34/FE_RC_242_0  5.778e-05   0.0002564   0.0003142       4e-08  HS65_LH_IVX9
datapath_module/alu_module/mul_44_34/g39249  9.573e-05   0.0002183   0.0003141   5.039e-08  HS65_LH_NAND2AX7
datapath_module/reg_file_module/g6795  0.0002472   6.682e-05   0.0003141   9.185e-08  HS65_LH_MUX21I1X6
datapath_module/reg_file_module/g6430  0.0001835   0.0001304    0.000314   9.136e-08  HS65_LH_MUX21I1X6
datapath_module/alu_module/mul_44_34/g37746  0.0001703    0.000143   0.0003134   6.426e-08  HS65_LH_MUXI21X2
datapath_module/reg_file_module/g42599  0.0002057   0.0001073   0.0003131   9.591e-08  HS65_LH_NAND4ABX3
datapath_module/reg_file_module/g6245  0.0002438   6.888e-05   0.0003128   9.252e-08  HS65_LH_MUX21I1X6
datapath_module/alu_module/mul_44_34/g37634  0.0001797    0.000133   0.0003127   3.868e-08  HS65_LH_NAND2X7
datapath_module/reg_file_module/g6705   0.000258   5.396e-05    0.000312   9.211e-08  HS65_LH_MUX21I1X6
datapath_module/alu_module/mul_44_34/FE_RC_767_0   0.000186   0.0001255   0.0003116   5.236e-08  HS65_LH_NAND2X14
IFU_module/instr_mem/g2        8.192e-05   0.0002295   0.0003115   7.383e-08  HS65_LH_NAND2AX7
datapath_module/alu_module/mul_44_34/g37923  0.0001602   0.0001509   0.0003112   6.269e-08  HS65_LH_MUXI21X2
datapath_module/reg_file_module/FE_RC_726_0  0.0001253   0.0001857   0.0003112   1.676e-07  HS65_LH_IVX35
datapath_module/alu_module/mul_44_34/g37983  0.0001505   0.0001606   0.0003111   6.271e-08  HS65_LH_MUXI21X2
datapath_module/reg_file_module/g43155  0.0001166   0.0001942   0.0003109   5.718e-08  HS65_LH_AO22X4
datapath_module/alu_module/mul_44_34/g37988  0.0001506   0.0001598   0.0003105   6.256e-08  HS65_LH_MUXI21X2
datapath_module/alu_module/sub_35_34/g27237  0.0001609   0.0001495   0.0003105   5.838e-08  HS65_LH_NOR2AX3
datapath_module/reg_file_module/g43374  5.189e-05   0.0002584   0.0003104   7.937e-08  HS65_LH_IVX18
datapath_module/reg_file_module/g7115  0.0002242   8.585e-05   0.0003103   2.425e-07  HS65_LH_OR2ABX35
datapath_module/reg_file_module/g6567  0.0002461   6.289e-05    0.000309   9.165e-08  HS65_LH_MUX21I1X6
datapath_module/reg_file_module/g43152  0.0002114   9.756e-05    0.000309    6.23e-08  HS65_LH_AO22X4
datapath_module/alu_module/sub_35_34/g27140  0.0001095   0.0001994    0.000309   3.539e-08  HS65_LH_OAI21X2
datapath_module/reg_file_module/g6677  0.0002505   5.822e-05   0.0003088   9.176e-08  HS65_LH_MUX21I1X6
datapath_module/alu_module/sll_42_34/g19785  0.0001639   0.0001445   0.0003084   3.157e-08  HS65_LH_AOI22X1
datapath_module/alu_module/sub_35_34/FE_RC_585_0  7.108e-05    0.000237   0.0003081   3.917e-08  HS65_LH_IVX9
datapath_module/alu_module/mul_44_34/g36375  0.0001053   0.0002027    0.000308   2.164e-08  HS65_LH_IVX2
datapath_module/reg_file_module/g6832  0.0002599   4.775e-05   0.0003078    9.19e-08  HS65_LH_MUX21I1X6
datapath_module/alu_module/mul_44_34/g36847  0.0001498   0.0001577   0.0003075   2.793e-08  HS65_LH_IVX4
datapath_module/alu_module/mul_44_34/g37604      9e-05   0.0002173   0.0003073   3.035e-08  HS65_LH_NOR2X6
datapath_module/reg_file_module/g43243  0.0002171   8.987e-05   0.0003072   2.681e-07  HS65_LH_AND4X25
datapath_module/alu_module/mul_44_34/g37132  0.0001822   0.0001245   0.0003067   3.414e-08  HS65_LH_PAOI2X1
datapath_module/alu_module/mul_44_34/g37712  0.0002186    8.77e-05   0.0003063   4.197e-08  HS65_LH_OAI212X3
IFU_module/g550                0.0001764   0.0001295    0.000306   1.165e-07  HS65_LH_HA1X4
datapath_module/alu_module/sub_35_34/g27123  0.0001348   0.0001711    0.000306   3.437e-08  HS65_LH_OAI21X2
datapath_module/reg_file_module/g43181  0.0001106   0.0001948   0.0003055   8.897e-08  HS65_LH_NAND2X21
datapath_module/reg_file_module/FE_RC_258_0  2.692e-05   0.0002783   0.0003053   3.897e-08  HS65_LH_IVX9
datapath_module/alu_module/g7468  0.0001338   0.0001714   0.0003052   3.023e-08  HS65_LH_NAND2X7
datapath_module/alu_module/mul_44_34/FE_OCPC1281_n_60   0.000204   0.0001008   0.0003049   6.247e-08  HS65_LH_BFX9
datapath_module/reg_file_module/g6230   0.000238   6.674e-05   0.0003048   9.142e-08  HS65_LH_MUX21I1X6
datapath_module/reg_file_module/g6682  0.0002534   5.122e-05   0.0003047    9.17e-08  HS65_LH_MUX21I1X6
datapath_module/reg_file_module/g6703  0.0002332   7.113e-05   0.0003044   9.216e-08  HS65_LH_MUX21I1X6
datapath_module/reg_file_module/FE_RC_551_0  0.0001343   0.0001695   0.0003041   2.122e-07  HS65_LH_IVX44
datapath_module/alu_module/add_34_34/g7693  0.0001457   0.0001584   0.0003041   3.762e-08  HS65_LH_NAND2X7
datapath_module/alu_module/sub_35_34/g27262  0.0001266    0.000177   0.0003037   5.089e-08  HS65_LH_NAND2AX4
datapath_module/alu_module/mul_44_34/g37570   0.000211   9.261e-05   0.0003037   4.884e-08  HS65_LH_CBI4I6X5
datapath_module/alu_module/sll_42_34/g19912  6.737e-05    0.000236   0.0003034   4.175e-08  HS65_LH_NOR2AX3
datapath_module/alu_module/sub_35_34/g27283  0.0001131   0.0001901   0.0003033   5.309e-08  HS65_LH_NAND2AX4
datapath_module/reg_file_module/FE_PHC1648_n_1308  0.0001478   0.0001548   0.0003033   6.934e-07  HS65_LH_BFX106
datapath_module/alu_module/mul_44_34/g37727  9.987e-05   0.0002034   0.0003033   3.456e-08  HS65_LH_PAOI2X1
datapath_module/reg_file_module/FE_RC_41_0  9.207e-05    0.000211   0.0003033   1.559e-07  HS65_LH_IVX31
datapath_module/alu_module/mul_44_34/g36845  0.0001541    0.000149   0.0003032   2.793e-08  HS65_LH_IVX4
datapath_module/alu_module/g7461  0.0001865   0.0001165   0.0003031   6.353e-08  HS65_LH_CB4I1X9
datapath_module/alu_module/add_34_34/g2   0.000194   0.0001089   0.0003029   4.921e-08  HS65_LH_NAND2AX7
datapath_module/reg_file_module/g6211    0.00024   6.273e-05   0.0003028   9.211e-08  HS65_LH_MUX21I1X6
datapath_module/reg_file_module/g6450  0.0002189    8.38e-05   0.0003028   9.167e-08  HS65_LH_MUX21I1X6
datapath_module/reg_file_module/g6228  0.0002525   5.007e-05   0.0003026   9.038e-08  HS65_LH_MUX21I1X6
datapath_module/reg_file_module/g6681    0.00025   5.245e-05   0.0003025   9.178e-08  HS65_LH_MUX21I1X6
datapath_module/reg_file_module/FE_OFC452_n_1090  0.0001538   0.0001483   0.0003023   2.391e-07  HS65_LH_BFX35
datapath_module/alu_module/sub_35_34/FE_OCPC1442_n_26   0.000208   9.373e-05   0.0003018   6.174e-08  HS65_LH_BFX9
datapath_module/alu_module/FE_RC_495_0  0.0003016   3.554e-09   0.0003018   1.785e-07  HS65_LH_AOI22X33
datapath_module/alu_module/mul_44_34/g37782  0.0001172   0.0001843   0.0003016   4.317e-08  HS65_LH_OAI12X3
datapath_module/alu_module/mul_44_34/g38048   0.000146   0.0001554   0.0003014   6.231e-08  HS65_LH_MUXI21X2
datapath_module/alu_module/mul_44_34/g38015  0.0001416   0.0001596   0.0003013   6.272e-08  HS65_LH_MUXI21X2
datapath_module/reg_file_module/g6168  0.0002716   2.929e-05    0.000301   1.557e-07  HS65_LH_MUX21I1X12
datapath_module/reg_file_module/g42664    0.00014   0.0001607   0.0003007    5.54e-08  HS65_LH_AOI212X2
datapath_module/alu_module/g7544  2.532e-05   0.0002752   0.0003006   4.009e-08  HS65_LH_IVX9
datapath_module/alu_module/sll_42_34/g19755  0.0001492   0.0001512   0.0003005   2.985e-08  HS65_LH_NAND2X7
datapath_module/alu_module/mul_44_34/g37379  0.0001661   0.0001343   0.0003004    3.43e-08  HS65_LH_OAI22X1
datapath_module/reg_file_module/FE_PHC1602_n_1253  4.385e-05   0.0002561   0.0003002   2.248e-07  HS65_LH_BFX31
datapath_module/alu_module/add_34_34/g7633  0.0001678   0.0001315   0.0002994   5.952e-08  HS65_LH_AND2X4
datapath_module/alu_module/mul_44_34/g38093  0.0001718   0.0001275   0.0002993   6.285e-08  HS65_LH_MUXI21X2
datapath_module/alu_module/mul_44_34/g38139  0.0001103   0.0001889   0.0002992   3.616e-08  HS65_LH_NAND2X7
datapath_module/alu_module/mul_44_34/g38089  0.0001713   0.0001278   0.0002992   6.237e-08  HS65_LH_MUXI21X2
datapath_module/alu_module/add_34_34/g7532  0.0001124   0.0001865   0.0002989   3.595e-08  HS65_LH_OAI21X2
datapath_module/alu_module/sll_42_34/FE_OFC553_n_8   8.18e-05   0.0002167   0.0002986    3.35e-08  HS65_LH_IVX7
datapath_module/alu_module/mul_44_34/g38109  0.0001233   0.0001752   0.0002985    3.86e-08  HS65_LH_NAND2X7
datapath_module/reg_file_module/FE_RC_600_0  4.214e-05   0.0002563   0.0002985   3.986e-08  HS65_LH_IVX9
datapath_module/reg_file_module/FE_PHC1529_n_1202   0.000159   0.0001392   0.0002985   2.245e-07  HS65_LH_BFX31
datapath_module/alu_module/mul_44_34/g37643  0.0001775   0.0001209   0.0002984   3.832e-08  HS65_LH_NAND2X7
datapath_module/reg_file_module/FE_OCPC718_n_4256  5.851e-05   0.0002395   0.0002981   8.047e-08  HS65_LH_IVX18
datapath_module/alu_module/add_34_34/g7508  0.0001094   0.0001885    0.000298   3.613e-08  HS65_LH_OAI21X2
datapath_module/reg_file_module/g6953  0.0002472   5.048e-05   0.0002978   9.202e-08  HS65_LH_MUX21I1X6
datapath_module/reg_file_module/g6455  0.0002222   7.477e-05    0.000297   9.169e-08  HS65_LH_MUX21I1X6
datapath_module/alu_module/mul_44_34/g37223   0.000137   0.0001595   0.0002966   3.925e-08  HS65_LH_IVX9
datapath_module/alu_module/mul_44_34/FE_OCPC1444_n_70  0.0002074   8.914e-05   0.0002966   6.215e-08  HS65_LH_BFX9
datapath_module/reg_file_module/g6244  0.0002273   6.896e-05   0.0002964    9.32e-08  HS65_LH_MUX21I1X6
datapath_module/alu_module/mul_44_34/g38191  0.0001421   0.0001542   0.0002963   3.854e-08  HS65_LH_NAND2X7
datapath_module/reg_file_module/g43257_dup  0.0001849   0.0001112   0.0002963   1.362e-07  HS65_LH_NAND3AX25
datapath_module/reg_file_module/FE_OFC291_n_3006  5.285e-05   0.0002433   0.0002961   4.371e-08  HS65_LH_BFX2
datapath_module/alu_module/mul_44_34/g36761  0.0001703   0.0001257    0.000296   4.001e-08  HS65_LH_IVX9
datapath_module/reg_file_module/FE_PHC1556_n_1160  4.177e-05    0.000254   0.0002958   5.388e-08  HS65_LH_BFX7
datapath_module/alu_module/sub_35_34/g27290  0.0001405    0.000155   0.0002955   4.548e-08  HS65_LH_NOR2AX3
datapath_module/reg_file_module/g6360   0.000242   5.347e-05   0.0002955   9.093e-08  HS65_LH_MUX21I1X6
datapath_module/alu_module/sub_35_34/g27275  0.0001359   0.0001594   0.0002953   5.443e-08  HS65_LH_NAND2AX4
datapath_module/reg_file_module/g6459  0.0002187   7.643e-05   0.0002952   9.193e-08  HS65_LH_MUX21I1X6
datapath_module/reg_file_module/g43170  0.0001806   0.0001143   0.0002949   6.094e-08  HS65_LH_AO22X4
datapath_module/reg_file_module/g6169  0.0002423   5.205e-05   0.0002944    9.03e-08  HS65_LH_MUX21I1X6
datapath_module/alu_module/mul_44_34/g37713  0.0002146   7.939e-05   0.0002941   4.145e-08  HS65_LH_OAI212X3
datapath_module/reg_file_module/FE_PSC1688_n_2453  0.0001381   0.0001557    0.000294   6.241e-08  HS65_LH_BFX9
datapath_module/reg_file_module/FE_PHC1675_n_1256  3.324e-05   0.0002605   0.0002939   2.248e-07  HS65_LH_BFX31
datapath_module/alu_module/mul_44_34/g37756  0.0001148   0.0001791   0.0002939    4.71e-08  HS65_LH_OAI12X3
datapath_module/alu_module/add_34_34/FE_RC_579_0  0.0001593   0.0001345   0.0002938   5.806e-08  HS65_LH_NAND2X7
datapath_module/alu_module/mul_44_34/g38079  0.0001819   0.0001117   0.0002937   6.341e-08  HS65_LH_MUXI21X2
datapath_module/reg_file_module/g6695  0.0002154    7.82e-05   0.0002936   9.154e-08  HS65_LH_MUX21I1X6
datapath_module/alu_module/sub_35_34/g27191  9.207e-05   0.0002011   0.0002932    3.52e-08  HS65_LH_OAI21X2
datapath_module/alu_module/mul_44_34/g37636   0.000154   0.0001388   0.0002929   3.488e-08  HS65_LH_NOR2X6
datapath_module/alu_module/sub_35_34/g27082  7.945e-05   0.0002133   0.0002928   4.001e-08  HS65_LH_IVX9
datapath_module/alu_module/mul_44_34/g38007  0.0001626   0.0001301   0.0002927   6.261e-08  HS65_LH_MUXI21X2
datapath_module/alu_module/mul_44_34/g38066  0.0001433   0.0001493   0.0002926   6.238e-08  HS65_LH_MUXI21X2
datapath_module/alu_module/mul_44_34/g37631  0.0001556   0.0001369   0.0002926   3.778e-08  HS65_LH_NAND2X7
datapath_module/reg_file_module/g43167  0.0002002   9.228e-05   0.0002926   6.193e-08  HS65_LH_AO22X4
datapath_module/alu_module/sll_42_34/g19862  4.133e-05   0.0002512   0.0002926   1.809e-08  HS65_LH_NAND2X2
datapath_module/reg_file_module/g43397  9.883e-05   0.0001932   0.0002921   3.944e-08  HS65_LH_IVX9
datapath_module/reg_file_module/g6428  0.0002618   3.002e-05   0.0002919   1.558e-07  HS65_LH_MUX21I1X12
IFU_module/instr_mem/fopt787    9.48e-05   0.0001964   0.0002914   1.658e-07  HS65_LH_IVX35
datapath_module/reg_file_module/g42726   0.000227   6.419e-05   0.0002912   7.853e-08  HS65_LH_AO112X4
datapath_module/reg_file_module/g43147  0.0001929   9.805e-05    0.000291   6.074e-08  HS65_LH_AO22X4
datapath_module/alu_module/FE_OCPC1312_write_data_5   0.000155   0.0001357   0.0002908   4.373e-08  HS65_LH_BFX2
datapath_module/alu_module/srl_43_34/g5931  7.224e-05   0.0002174   0.0002897   3.352e-08  HS65_LH_IVX7
datapath_module/alu_module/add_34_34/g7707  0.0001282   0.0001614   0.0002897   3.708e-08  HS65_LH_NAND2X7
datapath_module/alu_module/sub_35_34/g27332  0.0001429   0.0001467   0.0002896   6.086e-08  HS65_LH_NAND2AX7
datapath_module/alu_module/mul_44_34/FE_OFC516_read_data2_0  0.0001215   0.0001679   0.0002895   8.029e-08  HS65_LH_IVX18
datapath_module/alu_module/sll_42_34/FE_OFC490_n_89  9.869e-05   0.0001908   0.0002895   3.351e-08  HS65_LH_IVX7
datapath_module/reg_file_module/g7038   0.000213   7.614e-05   0.0002892   9.123e-08  HS65_LH_MUX21I1X6
datapath_module/reg_file_module/g6464  0.0002387   5.043e-05   0.0002892   9.019e-08  HS65_LH_MUX21I1X6
datapath_module/reg_file_module/g43156  0.0002265   6.234e-05   0.0002889   6.377e-08  HS65_LH_AO22X4
datapath_module/reg_file_module/g6462  0.0002231   6.543e-05   0.0002886   9.118e-08  HS65_LH_MUX21I1X6
datapath_module/reg_file_module/g6123  0.0002339   5.462e-05   0.0002886   9.106e-08  HS65_LH_MUX21I1X6
datapath_module/reg_file_module/g6105  0.0002395   4.873e-05   0.0002884   9.066e-08  HS65_LH_MUX21I1X6
datapath_module/reg_file_module/g6589  0.0002333   5.487e-05   0.0002883   8.947e-08  HS65_LH_MUX21I1X6
datapath_module/alu_module/mul_44_34/g37755   0.000111   0.0001769    0.000288   4.225e-08  HS65_LH_OAI21X3
datapath_module/reg_file_module/g42685  6.308e-05   0.0002246   0.0002877   5.251e-08  HS65_LH_NAND3X2
datapath_module/reg_file_module/g42637  0.0001317   0.0001558   0.0002876     5.1e-08  HS65_LH_AOI212X2
datapath_module/alu_module/mul_44_34/g38041  0.0001405   0.0001466   0.0002872   6.281e-08  HS65_LH_MUXI21X2
datapath_module/alu_module/mul_44_34/g37599  6.253e-05   0.0002246   0.0002872   1.906e-08  HS65_LH_NOR2X2
datapath_module/reg_file_module/g6637  0.0002159   7.042e-05   0.0002864   9.152e-08  HS65_LH_MUX21I1X6
datapath_module/reg_file_module/g6706  0.0002223   6.399e-05   0.0002864   9.183e-08  HS65_LH_MUX21I1X6
datapath_module/alu_module/mul_44_34/g37364  0.0001671   0.0001188   0.0002859   3.403e-08  HS65_LH_OAI22X1
datapath_module/alu_module/mul_44_34/g37729  0.0001219   0.0001637   0.0002856   3.487e-08  HS65_LH_PAOI2X1
datapath_module/alu_module/mul_44_34/g37724  0.0001182   0.0001671   0.0002854   3.479e-08  HS65_LH_PAOI2X1
datapath_module/alu_module/mul_44_34/g37625  0.0001661   0.0001192   0.0002854     3.5e-08  HS65_LH_NOR2X6
datapath_module/alu_module/mul_44_34/g36827  0.0001438   0.0001413   0.0002851   2.794e-08  HS65_LH_IVX4
datapath_module/alu_module/mul_44_34/g37632  0.0001735   0.0001112   0.0002848   4.605e-08  HS65_LH_NOR2AX3
datapath_module/reg_file_module/g6495   0.000222   6.253e-05   0.0002847   8.962e-08  HS65_LH_MUX21I1X6
datapath_module/reg_file_module/g6453  0.0002247   5.982e-05   0.0002846   9.166e-08  HS65_LH_MUX21I1X6
datapath_module/reg_file_module/FE_OCPC1305_FE_RN_2  8.693e-05   0.0001973   0.0002843   6.174e-08  HS65_LH_BFX9
datapath_module/reg_file_module/g7436  9.662e-05   0.0001875   0.0002841    6.23e-08  HS65_LH_AND2X9
datapath_module/reg_file_module/FE_RC_3_0  0.0001094   0.0001745    0.000284   1.551e-07  HS65_LH_IVX31
datapath_module/reg_file_module/g6452  0.0002231   6.058e-05   0.0002838   9.171e-08  HS65_LH_MUX21I1X6
datapath_module/reg_file_module/g6458  0.0002231   6.028e-05   0.0002835   9.168e-08  HS65_LH_MUX21I1X6
datapath_module/reg_file_module/g6509  0.0002454   3.783e-05   0.0002834   1.548e-07  HS65_LH_MUX21I1X12
datapath_module/alu_module/mul_44_34/g37797  0.0001578   0.0001252    0.000283   4.127e-08  HS65_LH_OAI12X3
datapath_module/alu_module/mul_44_34/g38032  0.0001321   0.0001506   0.0002828   6.294e-08  HS65_LH_MUXI21X2
datapath_module/alu_module/mul_44_34/g37322  0.0001355   0.0001471   0.0002826   3.357e-08  HS65_LH_OAI22X1
datapath_module/alu_module/mul_44_34/g38077  0.0001777   0.0001047   0.0002825   6.311e-08  HS65_LH_MUXI21X2
datapath_module/alu_module/sub_35_34/g27261  8.282e-05   0.0001995   0.0002824   5.599e-08  HS65_LH_NAND2AX4
datapath_module/reg_file_module/FE_PHC1526_n_1317  2.575e-05   0.0002563   0.0002822   1.686e-07  HS65_LH_BFX27
datapath_module/reg_file_module/g6435  0.0002163   6.485e-05   0.0002813   9.054e-08  HS65_LH_MUX21I1X6
datapath_module/reg_file_module/g42799  0.0001641    0.000117   0.0002812   1.079e-07  HS65_LH_MX41X4
datapath_module/reg_file_module/g42688  8.128e-05   0.0001998   0.0002812   6.514e-08  HS65_LH_NAND3X3
datapath_module/reg_file_module/g6710  0.0002159   6.486e-05   0.0002808   9.178e-08  HS65_LH_MUX21I1X6
datapath_module/reg_file_module/g43236  0.0001373   0.0001432   0.0002807   1.426e-07  HS65_LH_NAND2AX29
datapath_module/alu_module/mul_44_34/g37457  0.0001849    9.57e-05   0.0002806   5.361e-08  HS65_LH_AND2X4
datapath_module/reg_file_module/g6731  0.0002165   6.382e-05   0.0002804   9.109e-08  HS65_LH_MUX21I1X6
datapath_module/alu_module/add_34_34/g7630  9.634e-05   0.0001839   0.0002803   5.737e-08  HS65_LH_NOR2AX3
datapath_module/reg_file_module/g6483  0.0002335   4.659e-05   0.0002802   9.222e-08  HS65_LH_MUX21I1X6
datapath_module/reg_file_module/g43279  0.0001276   0.0001524   0.0002801   8.671e-08  HS65_LH_NOR2X19
datapath_module/alu_module/add_34_34/g7714  9.879e-05   0.0001808   0.0002796   2.932e-08  HS65_LH_NAND2X7
datapath_module/reg_file_module/FE_RC_38_0  3.926e-05   0.0002402   0.0002795   3.976e-08  HS65_LH_IVX9
datapath_module/reg_file_module/g6568  0.0002348   4.448e-05   0.0002794   9.156e-08  HS65_LH_MUX21I1X6
datapath_module/alu_module/FE_OCPC794_write_data_16  6.979e-05   0.0002096   0.0002794   2.114e-08  HS65_LH_IVX2
datapath_module/alu_module/g7429  0.0002792   2.589e-09   0.0002793   1.131e-07  HS65_LH_AOI22X22
datapath_module/reg_file_module/g6347  0.0002103   6.878e-05   0.0002791   9.217e-08  HS65_LH_MUX21I1X6
datapath_module/reg_file_module/g6437  0.0002266    5.24e-05   0.0002791   9.119e-08  HS65_LH_MUX21I1X6
datapath_module/alu_module/srl_43_34/g5868  0.0001435   0.0001352   0.0002788   3.966e-08  HS65_LH_IVX9
datapath_module/alu_module/mul_44_34/g37177  9.938e-05   0.0001793   0.0002788    3.94e-08  HS65_LH_NOR2AX3
datapath_module/reg_file_module/g6160  0.0002396   3.847e-05   0.0002782   1.577e-07  HS65_LH_MUX21I1X12
datapath_module/reg_file_module/g43175  0.0002074   7.066e-05   0.0002781   6.283e-08  HS65_LH_AO22X4
datapath_module/alu_module/add_34_34/g7688    0.00011    0.000168    0.000278   3.111e-08  HS65_LH_NAND2X7
datapath_module/reg_file_module/g42649  8.956e-05   0.0001882   0.0002778   4.785e-08  HS65_LH_AOI212X2
datapath_module/alu_module/add_34_34/g7716  0.0001207   0.0001569   0.0002776   3.421e-08  HS65_LH_NAND2X7
datapath_module/alu_module/add_34_34/g7577  5.629e-05   0.0002213   0.0002776   1.651e-08  HS65_LH_NAND2X2
datapath_module/reg_file_module/g6643  0.0002125   6.477e-05   0.0002774   9.124e-08  HS65_LH_MUX21I1X6
datapath_module/reg_file_module/g42631  0.0001066   0.0001708   0.0002774   4.865e-08  HS65_LH_AOI212X2
datapath_module/reg_file_module/g6958  0.0002055   7.173e-05   0.0002774   9.316e-08  HS65_LH_MUX21I1X6
datapath_module/reg_file_module/g6466  0.0002097   6.735e-05   0.0002771   9.203e-08  HS65_LH_MUX21I1X6
datapath_module/alu_module/srl_43_34/FE_OCPC1483_n_62  0.0001468   0.0001301    0.000277   6.278e-08  HS65_LH_BFX9
datapath_module/reg_file_module/g6470  0.0002284   4.814e-05   0.0002766    8.97e-08  HS65_LH_MUX21I1X6
datapath_module/alu_module/g7474  0.0001089   0.0001672   0.0002762   5.416e-08  HS65_LH_OAI112X1
datapath_module/reg_file_module/g42672  8.039e-05   0.0001957   0.0002762    7.31e-08  HS65_LH_NAND3X3
datapath_module/reg_file_module/g6156  0.0002119   6.415e-05   0.0002761   9.098e-08  HS65_LH_MUX21I1X6
datapath_module/alu_module/mul_44_34/g38164  0.0001687   0.0001074   0.0002761   4.196e-08  HS65_LH_NAND2X7
datapath_module/reg_file_module/g6662  0.0002184   5.748e-05   0.0002759    9.12e-08  HS65_LH_MUX21I1X6
datapath_module/reg_file_module/g6223  0.0002142   6.149e-05   0.0002758   8.946e-08  HS65_LH_MUX21I1X6
datapath_module/alu_module/mul_44_34/g37697  0.0001942   8.133e-05   0.0002755   3.876e-08  HS65_LH_AOI212X2
datapath_module/reg_file_module/g42638  0.0001286   0.0001469   0.0002755   5.303e-08  HS65_LH_AOI212X2
datapath_module/alu_module/mul_44_34/g37665  0.0001297   0.0001451   0.0002749   4.577e-08  HS65_LH_NOR2AX3
datapath_module/reg_file_module/g6479  0.0002217   5.306e-05   0.0002748   9.201e-08  HS65_LH_MUX21I1X6
datapath_module/reg_file_module/g6358  0.0002221   5.254e-05   0.0002747    9.01e-08  HS65_LH_MUX21I1X6
datapath_module/reg_file_module/g6246  0.0001945       8e-05   0.0002746   9.205e-08  HS65_LH_MUX21I1X6
datapath_module/reg_file_module/g6457  0.0002252   4.931e-05   0.0002746   9.198e-08  HS65_LH_MUX21I1X6
datapath_module/reg_file_module/g6099  0.0002117   6.266e-05   0.0002745   9.019e-08  HS65_LH_MUX21I1X6
datapath_module/alu_module/mul_44_34/g37714  0.0001952   7.922e-05   0.0002744    3.86e-08  HS65_LH_AOI212X2
datapath_module/alu_module/add_34_34/g7579   0.000141   0.0001333   0.0002743   4.633e-08  HS65_LH_AND2X4
datapath_module/reg_file_module/g43171  0.0001701   0.0001042   0.0002743   5.975e-08  HS65_LH_AO22X4
datapath_module/reg_file_module/g6447  0.0002223   5.157e-05    0.000274   9.181e-08  HS65_LH_MUX21I1X6
datapath_module/reg_file_module/g42645   9.36e-05   0.0001803   0.0002739   4.327e-08  HS65_LH_AOI212X2
datapath_module/alu_module/mul_44_34/g37753  0.0001369   0.0001367   0.0002736   4.589e-08  HS65_LH_OAI12X3
datapath_module/alu_module/g7479  0.0001156   0.0001578   0.0002735   5.402e-08  HS65_LH_OAI112X1
datapath_module/reg_file_module/g7433  4.847e-05    0.000225   0.0002735   3.108e-08  HS65_LH_NOR2X6
datapath_module/alu_module/mul_44_34/g38099  0.0001676   0.0001058   0.0002734   6.241e-08  HS65_LH_MUXI21X2
datapath_module/reg_file_module/g6454  0.0002285   4.479e-05   0.0002733   9.205e-08  HS65_LH_MUX21I1X6
datapath_module/reg_file_module/g6844  0.0002226    5.06e-05   0.0002733    9.16e-08  HS65_LH_MUX21I1X6
datapath_module/reg_file_module/g6697  0.0002169   5.595e-05   0.0002729   9.122e-08  HS65_LH_MUX21I1X6
datapath_module/reg_file_module/g6585  0.0002123   6.011e-05   0.0002725   8.951e-08  HS65_LH_MUX21I1X6
datapath_module/reg_file_module/g6425   0.000211    6.14e-05   0.0002725   9.131e-08  HS65_LH_MUX21I1X6
datapath_module/alu_module/g7519  0.0001103   0.0001617   0.0002721   4.691e-08  HS65_LH_OAI12X3
datapath_module/reg_file_module/FE_OCPC712_n_2413  5.054e-05   0.0002214    0.000272   4.375e-08  HS65_LH_BFX2
datapath_module/alu_module/mul_44_34/g37497  0.0001128   0.0001589   0.0002717   2.891e-08  HS65_LH_NAND2X7
datapath_module/alu_module/add_34_34/g7622  9.526e-05   0.0001764   0.0002717   5.611e-08  HS65_LH_NOR2AX3
datapath_module/alu_module/sub_35_34/g27240  0.0001537   0.0001179   0.0002716    5.97e-08  HS65_LH_NOR2AX3
datapath_module/reg_file_module/g6696  0.0002158   5.564e-05   0.0002715   9.105e-08  HS65_LH_MUX21I1X6
datapath_module/alu_module/srl_43_34/g5825  0.0001376   0.0001336   0.0002712   3.182e-08  HS65_LH_OAI22X1
datapath_module/reg_file_module/g6104   0.000215   5.606e-05   0.0002712   8.952e-08  HS65_LH_MUX21I1X6
datapath_module/reg_file_module/g6220  0.0002206   5.022e-05   0.0002709   8.963e-08  HS65_LH_MUX21I1X6
datapath_module/alu_module/g7539  0.0001684   0.0001024   0.0002709   8.008e-08  HS65_LH_AO12X9
datapath_module/alu_module/sub_35_34/FE_RC_517_0  6.446e-05   0.0002064   0.0002709   3.965e-08  HS65_LH_IVX9
IFU_module/instr_mem/g733      6.075e-05   0.0002098   0.0002706   4.597e-08  HS65_LH_NOR2X6
datapath_module/reg_file_module/g42622  0.0002249   4.553e-05   0.0002705   8.899e-08  HS65_LH_AO212X4
datapath_module/reg_file_module/g42833  0.0001597   0.0001107   0.0002705   1.154e-07  HS65_LH_MX41X4
datapath_module/reg_file_module/g6109  0.0002109   5.949e-05   0.0002704   8.968e-08  HS65_LH_MUX21I1X6
IFU_module/instr_mem/fopt775   5.944e-05   0.0002109   0.0002704   8.047e-08  HS65_LH_IVX18
datapath_module/reg_file_module/FE_OCPC1406_n_2400  0.0001111   0.0001592   0.0002704   6.253e-08  HS65_LH_BFX9
datapath_module/alu_module/g7577  0.0001735   9.683e-05   0.0002704   5.091e-08  HS65_LH_NOR3X4
datapath_module/reg_file_module/g6486  0.0002112   5.905e-05   0.0002704   9.202e-08  HS65_LH_MUX21I1X6
datapath_module/reg_file_module/g6573  0.0002212   4.887e-05   0.0002702   9.147e-08  HS65_LH_MUX21I1X6
datapath_module/reg_file_module/g43297   0.000139   0.0001307   0.0002697   1.127e-07  HS65_LH_NOR2AX13
datapath_module/alu_module/srl_43_34/FE_RC_745_0  7.943e-05   0.0001903   0.0002697   3.932e-08  HS65_LH_IVX9
datapath_module/reg_file_module/FE_RC_671_0  0.0001137   0.0001559   0.0002697   7.139e-08  HS65_LH_NAND2X7
datapath_module/reg_file_module/g6945  0.0002235   4.603e-05   0.0002696   9.103e-08  HS65_LH_MUX21I1X6
FE_PHC1684_scan_en             0.0001744   9.473e-05   0.0002695   2.858e-07  HS65_LH_BFX44
datapath_module/alu_module/sub_35_34/g27144  0.0001119   0.0001573   0.0002692   3.452e-08  HS65_LH_OAI21X2
datapath_module/alu_module/sll_42_34/g19857  0.0001044   0.0001643   0.0002687   3.109e-08  HS65_LH_NAND2X7
datapath_module/reg_file_module/g6593  0.0002099   5.861e-05   0.0002686    9.08e-08  HS65_LH_MUX21I1X6
datapath_module/alu_module/sub_35_34/g27215   0.000124   0.0001444   0.0002684   6.762e-08  HS65_LH_NAND2AX4
datapath_module/alu_module/add_34_34/g7582  7.153e-05   0.0001968   0.0002683   2.056e-08  HS65_LH_NAND2X2
datapath_module/alu_module/add_34_34/g7527  8.727e-05   0.0001809   0.0002683   3.772e-08  HS65_LH_NAND2X2
datapath_module/alu_module/add_34_34/g7686  0.0001289   0.0001392   0.0002682   3.664e-08  HS65_LH_NAND2X7
datapath_module/alu_module/g7477   0.000113   0.0001551   0.0002681   5.387e-08  HS65_LH_OAI112X1
datapath_module/reg_file_module/g43122  0.0001722   9.556e-05   0.0002679   1.531e-07  HS65_LH_NOR2X38
datapath_module/alu_module/mul_44_34/g37268  0.0001509    0.000117   0.0002679   3.375e-08  HS65_LH_AOI22X1
datapath_module/reg_file_module/FE_RC_142_0  0.0001744    9.33e-05   0.0002679   1.465e-07  HS65_LH_NOR2AX19
datapath_module/alu_module/mul_44_34/g36823  0.0001247    0.000143   0.0002677   3.356e-08  HS65_LH_IVX7
datapath_module/reg_file_module/g6999  0.0001903   7.734e-05   0.0002677   9.185e-08  HS65_LH_MUX21I1X6
datapath_module/reg_file_module/g6640  0.0002011   6.649e-05   0.0002676   9.078e-08  HS65_LH_MUX21I1X6
datapath_module/reg_file_module/g6636  0.0002161   5.145e-05   0.0002676   9.116e-08  HS65_LH_MUX21I1X6
datapath_module/alu_module/add_34_34/g7601  0.0001068   0.0001608   0.0002676   3.398e-08  HS65_LH_OAI21X2
datapath_module/reg_file_module/g6446   0.000217   5.029e-05   0.0002674   9.156e-08  HS65_LH_MUX21I1X6
datapath_module/reg_file_module/FE_PHC1585_n_1519   0.000131   0.0001361   0.0002672   4.373e-08  HS65_LH_BFX2
datapath_module/reg_file_module/g6642  0.0002074   5.968e-05   0.0002672   9.078e-08  HS65_LH_MUX21I1X6
datapath_module/reg_file_module/FE_PHC1630_n_1249  2.686e-05   0.0002402   0.0002671    4.83e-08  HS65_LH_BFX4
datapath_module/reg_file_module/g6959  0.0002099   5.713e-05   0.0002671   9.285e-08  HS65_LH_MUX21I1X6
datapath_module/alu_module/mul_44_34/g37695  0.0001813    8.57e-05   0.0002671   3.792e-08  HS65_LH_AOI212X2
datapath_module/alu_module/FE_OCPC1446_n_561  0.0001888   7.818e-05   0.0002671   6.197e-08  HS65_LH_BFX9
datapath_module/reg_file_module/g7432  0.0001528   0.0001138   0.0002668   2.415e-07  HS65_LH_OR2ABX35
datapath_module/reg_file_module/g6708  0.0002155    5.11e-05   0.0002667   9.167e-08  HS65_LH_MUX21I1X6
IFU_module/instr_mem/g727       7.27e-05   0.0001937   0.0002665    6.72e-08  HS65_LH_MUX21I1X3
datapath_module/alu_module/mul_44_34/g37741  0.0001373   0.0001288   0.0002662   6.431e-08  HS65_LH_MUXI21X2
datapath_module/reg_file_module/g6942  0.0002191   4.698e-05   0.0002662   9.115e-08  HS65_LH_MUX21I1X6
datapath_module/alu_module/add_34_34/FE_RC_581_0  0.0002073   5.851e-05   0.0002659    7.11e-08  HS65_LH_NOR2AX6
datapath_module/reg_file_module/FE_PHC1570_n_1191  0.0001529   0.0001123   0.0002655   2.911e-07  HS65_LH_BFX44
datapath_module/alu_module/sub_35_34/g27165  6.114e-05   0.0002043   0.0002654   1.745e-08  HS65_LH_NOR2X2
datapath_module/alu_module/mul_44_34/g37743  0.0001562    0.000109   0.0002653   6.249e-08  HS65_LH_MUXI21X2
datapath_module/alu_module/mul_44_34/g37715  0.0001086   0.0001562   0.0002649   3.923e-08  HS65_LH_IVX9
datapath_module/reg_file_module/g6692  0.0002118   5.291e-05   0.0002648   9.167e-08  HS65_LH_MUX21I1X6
datapath_module/reg_file_module/g6155  0.0002068   5.769e-05   0.0002646   9.032e-08  HS65_LH_MUX21I1X6
datapath_module/alu_module/sll_42_34/g19800   0.000117   0.0001476   0.0002646   2.644e-08  HS65_LH_NAND2X7
datapath_module/reg_file_module/g6694   0.000214   5.028e-05   0.0002644   9.153e-08  HS65_LH_MUX21I1X6
datapath_module/alu_module/g7469  0.0001111   0.0001527   0.0002638   2.963e-08  HS65_LH_NAND2X7
datapath_module/reg_file_module/g7440  0.0001072   0.0001564   0.0002636   6.709e-08  HS65_LH_OR2X9
datapath_module/reg_file_module/g6813   0.000208   5.533e-05   0.0002634   9.245e-08  HS65_LH_MUX21I1X6
datapath_module/alu_module/mul_44_34/g37435   0.000147   0.0001164   0.0002634   3.321e-08  HS65_LH_AOI22X1
datapath_module/alu_module/mul_44_34/g38054  0.0001706   9.274e-05   0.0002634   6.233e-08  HS65_LH_MUXI21X2
datapath_module/alu_module/add_34_34/g7515  6.136e-05   0.0002017   0.0002631   1.532e-08  HS65_LH_NAND2X2
datapath_module/reg_file_module/FE_OCPC1031_n_4326  8.256e-05   0.0001803    0.000263   6.263e-08  HS65_LH_BFX9
datapath_module/alu_module/mul_44_34/g37790  0.0001346    0.000128   0.0002626   4.306e-08  HS65_LH_OAI12X3
datapath_module/reg_file_module/g6656  0.0002137   4.865e-05   0.0002624   9.143e-08  HS65_LH_MUX21I1X6
datapath_module/alu_module/sub_35_34/g27304  9.545e-05   0.0001662   0.0002617   4.412e-08  HS65_LH_NOR2AX3
datapath_module/alu_module/mul_44_34/g38150  6.465e-05   0.0001969   0.0002616   2.345e-08  HS65_LH_NOR2X2
datapath_module/reg_file_module/g6445  0.0002118   4.969e-05   0.0002616    9.13e-08  HS65_LH_MUX21I1X6
datapath_module/reg_file_module/g6668  0.0002202   4.109e-05   0.0002614   9.143e-08  HS65_LH_MUX21I1X6
datapath_module/reg_file_module/g6590  0.0002004   6.087e-05   0.0002614   9.066e-08  HS65_LH_MUX21I1X6
datapath_module/alu_module/sub_35_34/g27311  0.0001086   0.0001521   0.0002607   5.152e-08  HS65_LH_NAND2AX4
datapath_module/reg_file_module/g43278  9.147e-05   0.0001692   0.0002607   5.723e-08  HS65_LH_NOR2X13
datapath_module/alu_module/mul_44_34/g37748  0.0001725   8.791e-05   0.0002605   6.349e-08  HS65_LH_MUXI21X2
IFU_module/instr_mem/g746      6.158e-05   0.0001985   0.0002601   4.992e-08  HS65_LH_AND2X4
datapath_module/alu_module/FE_OCPC1455_read_data1_1  0.0001646   9.531e-05     0.00026   6.203e-08  HS65_LH_BFX9
datapath_module/reg_file_module/g6111  0.0001794   8.033e-05   0.0002598   9.103e-08  HS65_LH_MUX21I1X6
datapath_module/alu_module/add_34_34/g7565  0.0001479   0.0001116   0.0002595   3.927e-08  HS65_LH_IVX9
datapath_module/alu_module/add_34_34/g7690  9.268e-05   0.0001667   0.0002594   3.344e-08  HS65_LH_NAND2X7
datapath_module/alu_module/g7471  0.0001708   8.853e-05   0.0002594   6.855e-08  HS65_LH_OA12X9
datapath_module/alu_module/add_34_34/g7589   0.000128   0.0001311   0.0002591    3.98e-08  HS65_LH_IVX9
datapath_module/alu_module/mul_44_34/g37285  0.0001576   0.0001013   0.0002589   3.339e-08  HS65_LH_OAI22X1
datapath_module/reg_file_module/g43165  0.0001616   9.719e-05   0.0002589   6.039e-08  HS65_LH_AO22X4
datapath_module/reg_file_module/g6940  0.0001982   5.999e-05   0.0002583   9.003e-08  HS65_LH_MUX21I1X6
datapath_module/reg_file_module/g6344  0.0002084   4.973e-05   0.0002582   8.992e-08  HS65_LH_MUX21I1X6
datapath_module/alu_module/mul_44_34/g37603  9.442e-05   0.0001638   0.0002582   3.163e-08  HS65_LH_NOR2X6
datapath_module/alu_module/mul_44_34/g37336  0.0001524   0.0001057   0.0002582   3.423e-08  HS65_LH_AOI22X1
datapath_module/alu_module/mul_44_34/g37203  4.924e-05   0.0002086   0.0002579   1.476e-08  HS65_LH_NAND2X4
datapath_module/reg_file_module/g42663  0.0001261   0.0001313   0.0002575   5.528e-08  HS65_LH_AOI212X2
datapath_module/reg_file_module/g42722  0.0001555   0.0001019   0.0002574    9.04e-08  HS65_LH_AO212X4
datapath_module/alu_module/mul_44_34/g37242  0.0001461   0.0001112   0.0002573   3.447e-08  HS65_LH_AOI22X1
datapath_module/alu_module/g7480  0.0001062   0.0001509   0.0002572   5.442e-08  HS65_LH_OAI112X1
datapath_module/alu_module/add_34_34/g7560  0.0001116   0.0001453    0.000257   3.915e-08  HS65_LH_IVX9
datapath_module/alu_module/FE_RC_280_0  0.0001515   0.0001053    0.000257   1.085e-07  HS65_LH_NAND2AX21
datapath_module/alu_module/srl_43_34/g5864  9.731e-05   0.0001594   0.0002567   2.803e-08  HS65_LH_OAI22X1
datapath_module/reg_file_module/g6167  0.0002131   4.357e-05   0.0002567   9.217e-08  HS65_LH_MUX21I1X6
datapath_module/reg_file_module/g43274  0.0001379   0.0001183   0.0002563   9.952e-08  HS65_LH_NOR2X25
datapath_module/alu_module/mul_44_34/g37495  0.0001278   0.0001284   0.0002562   4.294e-08  HS65_LH_NOR2AX3
datapath_module/alu_module/sll_42_34/g19810  0.0001045   0.0001516   0.0002562   2.958e-08  HS65_LH_OAI22X1
datapath_module/alu_module/mul_44_34/g38055  7.345e-05   0.0001827   0.0002561   3.959e-08  HS65_LH_IVX9
datapath_module/reg_file_module/g6652  0.0002099   4.571e-05   0.0002557     9.1e-08  HS65_LH_MUX21I1X6
datapath_module/alu_module/sub_35_34/g27250  0.0001082   0.0001474   0.0002556   5.024e-08  HS65_LH_NAND2AX4
datapath_module/alu_module/g7303  0.0001945   6.101e-05   0.0002556   4.919e-08  HS65_LH_OR3X4
datapath_module/alu_module/sub_35_34/g27299  7.811e-05   0.0001773   0.0002555    4.51e-08  HS65_LH_NOR2AX3
datapath_module/alu_module/mul_44_34/FE_OCPC1377_n_3287  0.0001645   9.059e-05   0.0002551    6.17e-08  HS65_LH_BFX9
datapath_module/reg_file_module/g6122  0.0002081    4.69e-05    0.000255     9.1e-08  HS65_LH_MUX21I1X6
datapath_module/alu_module/mul_44_34/g37784  0.0001027    0.000152   0.0002547   5.218e-08  HS65_LH_OAI12X3
datapath_module/alu_module/mul_44_34/g37258  0.0001477   0.0001066   0.0002543   3.327e-08  HS65_LH_OAI22X1
datapath_module/reg_file_module/g6688  0.0002078    4.62e-05   0.0002541   9.132e-08  HS65_LH_MUX21I1X6
IFU_module/instr_mem/g740      0.0002356    1.82e-05   0.0002541   2.121e-07  HS65_LH_NAND2AX29
datapath_module/reg_file_module/FE_OCPC1313_n_2399  0.0001032   0.0001504   0.0002538   6.253e-08  HS65_LH_BFX9
datapath_module/alu_module/add_34_34/g7715  0.0001236   0.0001301   0.0002537   3.337e-08  HS65_LH_NAND2X7
datapath_module/alu_module/add_34_34/g7594  0.0001042   0.0001493   0.0002535    3.44e-08  HS65_LH_OAI21X2
datapath_module/alu_module/mul_44_34/g37408  0.0001438   0.0001097   0.0002535   3.408e-08  HS65_LH_AOI22X1
datapath_module/reg_file_module/g6581  0.0002023   5.085e-05   0.0002532   8.887e-08  HS65_LH_MUX21I1X6
datapath_module/reg_file_module/g43268  0.0001607   9.229e-05   0.0002532   1.625e-07  HS65_LH_AND2X27
datapath_module/reg_file_module/FE_PHC1531_n_1209  0.0002106   4.192e-05   0.0002527   2.243e-07  HS65_LH_BFX31
datapath_module/reg_file_module/FE_PHC1641_n_1147  3.441e-05   0.0002178   0.0002524   2.248e-07  HS65_LH_BFX31
datapath_module/reg_file_module/FE_RC_127_0  9.465e-05   0.0001575   0.0002523   1.559e-07  HS65_LH_IVX31
datapath_module/alu_module/mul_44_34/FE_RC_471_0  6.792e-05   0.0001838   0.0002517    3.35e-08  HS65_LH_IVX7
datapath_module/reg_file_module/g6607  0.0001993   5.202e-05   0.0002514   9.178e-08  HS65_LH_MUX21I1X6
datapath_module/alu_module/mul_44_34/g38094  0.0001548    9.65e-05   0.0002514   6.244e-08  HS65_LH_MUXI21X2
datapath_module/alu_module/g7470  8.454e-05   0.0001664    0.000251   2.713e-08  HS65_LH_NAND2X7
datapath_module/reg_file_module/FE_RC_683_0  0.0001012   0.0001494   0.0002507   6.287e-08  HS65_LH_BFX9
datapath_module/alu_module/g7589  5.236e-05   0.0001983   0.0002507   3.929e-08  HS65_LH_IVX9
datapath_module/reg_file_module/g42566  0.0001369   0.0001136   0.0002506   7.373e-08  HS65_LH_NAND3X5
datapath_module/reg_file_module/g6674  0.0001909   5.893e-05   0.0002499   9.133e-08  HS65_LH_MUX21I1X6
datapath_module/alu_module/mul_44_34/g37749  0.0001599   8.973e-05   0.0002497   6.422e-08  HS65_LH_MUXI21X2
datapath_module/reg_file_module/g42659  0.0001105   0.0001389   0.0002494   4.946e-08  HS65_LH_AOI212X2
datapath_module/alu_module/mul_44_34/g37747  0.0001276   0.0001218   0.0002494   6.429e-08  HS65_LH_MUXI21X2
datapath_module/reg_file_module/g6408  0.0001909   5.808e-05   0.0002491   9.109e-08  HS65_LH_MUX21I1X6
datapath_module/reg_file_module/g6151  0.0002014   4.753e-05   0.0002491   9.116e-08  HS65_LH_MUX21I1X6
datapath_module/reg_file_module/g6686  0.0002018     4.7e-05   0.0002489   9.147e-08  HS65_LH_MUX21I1X6
datapath_module/alu_module/FE_RC_425_0  7.082e-05   0.0001776   0.0002486   1.509e-07  HS65_LH_IVX31
datapath_module/alu_module/add_34_34/g7602  9.076e-05   0.0001578   0.0002486   3.431e-08  HS65_LH_OAI21X2
datapath_module/reg_file_module/FE_PHC1565_n_1155  0.0001985   4.969e-05   0.0002485   2.909e-07  HS65_LH_BFX44
datapath_module/reg_file_module/FE_RC_481_0  8.214e-05   0.0001661   0.0002484   1.697e-07  HS65_LH_IVX35
datapath_module/alu_module/g7496   0.000104   0.0001441   0.0002482   5.351e-08  HS65_LH_OAI112X1
datapath_module/reg_file_module/FE_RC_646_0  7.499e-05   0.0001727   0.0002479   1.564e-07  HS65_LH_IVX31
datapath_module/alu_module/mul_44_34/g38214  4.669e-05    0.000201   0.0002477   2.276e-08  HS65_LH_NOR2X2
datapath_module/alu_module/g7535  0.0001024    0.000145   0.0002474   3.152e-08  HS65_LH_NOR2X6
datapath_module/alu_module/mul_44_34/g37442   0.000145   0.0001024   0.0002474    3.32e-08  HS65_LH_AOI22X1
datapath_module/reg_file_module/g43191  6.753e-05   0.0001798   0.0002474   4.411e-08  HS65_LH_AND2X4
datapath_module/reg_file_module/g43158  0.0001686   7.836e-05    0.000247   6.112e-08  HS65_LH_AO22X4
datapath_module/alu_module/sub_35_34/g27271  0.0001191   0.0001278    0.000247   5.285e-08  HS65_LH_NAND2AX4
datapath_module/reg_file_module/g6249  0.0001851   6.172e-05   0.0002469   9.116e-08  HS65_LH_MUX21I1X6
datapath_module/reg_file_module/g7052  0.0002005   4.623e-05   0.0002468   9.183e-08  HS65_LH_MUX21I1X6
datapath_module/reg_file_module/g6226  0.0001939   5.278e-05   0.0002467   8.901e-08  HS65_LH_MUX21I1X6
datapath_module/reg_file_module/FE_PHC1619_n_1146  3.579e-05   0.0002108   0.0002466   6.297e-08  HS65_LH_BFX9
datapath_module/reg_file_module/drc_bufs43484  1.316e-05   0.0002334   0.0002466   3.891e-08  HS65_LH_IVX9
datapath_module/reg_file_module/FE_PSC1700_FE_OCPN645_n_4256  9.706e-05   0.0001491   0.0002462   6.223e-08  HS65_LH_BFX9
datapath_module/reg_file_module/g6224  0.0001897   5.584e-05   0.0002457    9.08e-08  HS65_LH_MUX21I1X6
datapath_module/reg_file_module/g6364  0.0001854   6.005e-05   0.0002456   9.141e-08  HS65_LH_MUX21I1X6
datapath_module/reg_file_module/g6349  0.0001989   4.655e-05   0.0002455   9.178e-08  HS65_LH_MUX21I1X6
datapath_module/reg_file_module/FE_RC_547_0  6.588e-05   0.0001789   0.0002449   1.514e-07  HS65_LH_IVX31
datapath_module/reg_file_module/g6150   0.000188   5.655e-05   0.0002447   9.031e-08  HS65_LH_MUX21I1X6
datapath_module/reg_file_module/g6954  0.0001811   6.329e-05   0.0002444   9.165e-08  HS65_LH_MUX21I1X6
datapath_module/reg_file_module/g42646  0.0001067   0.0001375   0.0002443   4.962e-08  HS65_LH_AOI212X2
datapath_module/alu_module/mul_44_34/g37672   0.000154   9.017e-05   0.0002442   3.836e-08  HS65_LH_NAND2X7
datapath_module/reg_file_module/g6382  0.0001913    5.24e-05   0.0002438   9.112e-08  HS65_LH_MUX21I1X6
datapath_module/alu_module/sll_42_34/g19808  9.054e-05   0.0001532   0.0002437   2.341e-08  HS65_LH_NAND2X7
datapath_module/alu_module/add_34_34/g7699  0.0001187    0.000125   0.0002437   3.499e-08  HS65_LH_NAND2X7
datapath_module/alu_module/mul_44_34/g38018  0.0001443   9.909e-05   0.0002434   6.271e-08  HS65_LH_MUXI21X2
datapath_module/alu_module/sub_35_34/g27159  0.0001347   0.0001083   0.0002431   4.005e-08  HS65_LH_NAND2X7
datapath_module/alu_module/sub_35_34/g27278  7.629e-05   0.0001667    0.000243   4.995e-08  HS65_LH_NAND2AX4
datapath_module/reg_file_module/FE_PHC1527_n_1970   0.000159   8.387e-05    0.000243   9.957e-08  HS65_LH_BFX13
datapath_module/alu_module/mul_44_34/FE_RC_146_0  7.081e-05   0.0001719   0.0002427   2.608e-08  HS65_LH_NAND2X7
control_module/FE_OFC125_n_14  8.103e-05   0.0001611   0.0002422   4.375e-08  HS65_LH_BFX2
datapath_module/alu_module/mul_44_34/g37692  0.0001706    7.07e-05   0.0002413   4.081e-08  HS65_LH_AOI212X2
datapath_module/reg_file_module/g6598  0.0001896   5.118e-05   0.0002409   9.003e-08  HS65_LH_MUX21I1X6
datapath_module/reg_file_module/g6219  0.0001782   6.247e-05   0.0002407   8.834e-08  HS65_LH_MUX21I1X6
datapath_module/alu_module/mul_44_34/g37744  0.0001475   9.288e-05   0.0002404   6.424e-08  HS65_LH_MUXI21X2
datapath_module/reg_file_module/g43124  0.0001516   8.826e-05   0.0002401    1.61e-07  HS65_LH_AND3X27
datapath_module/reg_file_module/g43126  8.925e-05   0.0001505   0.0002398   5.723e-08  HS65_LH_NOR2X13
datapath_module/reg_file_module/FE_PHC1620_n_1159  6.085e-05   0.0001783   0.0002392   5.393e-08  HS65_LH_BFX7
datapath_module/alu_module/add_34_34/g7692  0.0001228   0.0001156   0.0002385    3.49e-08  HS65_LH_NAND2X7
datapath_module/alu_module/FE_OFC544_write_data_1  4.491e-05   0.0001932   0.0002381   2.115e-08  HS65_LH_IVX2
datapath_module/alu_module/mul_44_34/g38114  0.0001334   0.0001047   0.0002381   4.169e-08  HS65_LH_NAND2X7
datapath_module/alu_module/mul_44_34/g37498  0.0001007   0.0001372   0.0002379   2.717e-08  HS65_LH_NAND2X5
datapath_module/alu_module/add_34_34/FE_OCPC1265_n_33  0.0001279   0.0001098   0.0002378   6.281e-08  HS65_LH_BFX9
datapath_module/alu_module/mul_44_34/g37737   0.000153   8.422e-05   0.0002373   6.429e-08  HS65_LH_MUXI21X2
datapath_module/alu_module/FE_RC_765_0  6.782e-05   0.0001692   0.0002371   8.201e-08  HS65_LH_IVX18
datapath_module/alu_module/mul_44_34/g38035  9.534e-05   0.0001415   0.0002369   3.962e-08  HS65_LH_IVX9
datapath_module/reg_file_module/g6248  0.0001735   6.322e-05   0.0002368    9.17e-08  HS65_LH_MUX21I1X6
datapath_module/reg_file_module/g6603  0.0002034   3.326e-05   0.0002368   9.145e-08  HS65_LH_MUX21I1X6
datapath_module/reg_file_module/g43384  0.0001056   0.0001311   0.0002367    3.95e-08  HS65_LH_IVX9
datapath_module/reg_file_module/FE_RC_644_0  5.154e-05   0.0001851   0.0002367   7.413e-08  HS65_LH_NAND2X7
datapath_module/reg_file_module/g42836  0.0001387    9.78e-05   0.0002366   1.162e-07  HS65_LH_MX41X4
datapath_module/alu_module/mul_44_34/g38061  0.0001441    9.25e-05   0.0002366   6.305e-08  HS65_LH_MUXI21X2
datapath_module/reg_file_module/g43956  0.0001494   8.706e-05   0.0002366   1.413e-07  HS65_LH_NOR2AX25
datapath_module/reg_file_module/g6602  0.0001872   4.921e-05   0.0002365   9.135e-08  HS65_LH_MUX21I1X6
datapath_module/reg_file_module/g6413  0.0001948   4.164e-05   0.0002365    9.05e-08  HS65_LH_MUX21I1X6
datapath_module/reg_file_module/g7437  6.062e-05   0.0001754   0.0002361   3.821e-08  HS65_LH_NAND2X7
datapath_module/alu_module/sub_35_34/g27246  9.275e-05   0.0001433   0.0002361   4.831e-08  HS65_LH_NOR2AX3
datapath_module/reg_file_module/g43139   0.000172   6.402e-05   0.0002361   6.028e-08  HS65_LH_AO22X4
datapath_module/alu_module/sll_42_34/g19788  0.0001091   0.0001267   0.0002358   2.837e-08  HS65_LH_AOI22X1
datapath_module/reg_file_module/g42738  0.0001285   0.0001071   0.0002357   1.002e-07  HS65_LH_MX41X4
datapath_module/reg_file_module/g42681  6.174e-05   0.0001738   0.0002356   5.027e-08  HS65_LH_NAND3X2
datapath_module/reg_file_module/g6823  0.0001815   5.396e-05   0.0002355   9.044e-08  HS65_LH_MUX21I1X6
datapath_module/reg_file_module/g6113  0.0001877   4.775e-05   0.0002355   9.131e-08  HS65_LH_MUX21I1X6
datapath_module/alu_module/g7483  0.0001063   0.0001284   0.0002347   5.443e-08  HS65_LH_OAI112X1
datapath_module/alu_module/mul_44_34/FE_RC_196_0  0.0001392   9.547e-05   0.0002347   3.953e-08  HS65_LH_IVX9
datapath_module/reg_file_module/g6473  0.0001902   4.432e-05   0.0002346   9.136e-08  HS65_LH_MUX21I1X6
datapath_module/alu_module/g7497  0.0001005    0.000134   0.0002345   5.371e-08  HS65_LH_OAI112X1
datapath_module/reg_file_module/g7064  1.849e-05   0.0002158   0.0002344   3.893e-08  HS65_LH_IVX9
datapath_module/alu_module/g7476  0.0001104   0.0001239   0.0002343   5.342e-08  HS65_LH_OAI112X1
datapath_module/alu_module/mul_44_34/g36696  9.559e-05   0.0001387   0.0002343    1.67e-08  HS65_LH_NOR2X2
datapath_module/alu_module/mul_44_34/g37752  0.0001365   9.759e-05   0.0002341   6.238e-08  HS65_LH_MUXI21X2
datapath_module/alu_module/mul_44_34/g37996  0.0001397    9.43e-05    0.000234   6.277e-08  HS65_LH_MUXI21X2
datapath_module/reg_file_module/g43247  0.0001304   0.0001031   0.0002336   9.955e-08  HS65_LH_NOR2X25
datapath_module/alu_module/add_34_34/g7708  9.998e-05   0.0001333   0.0002333    3.56e-08  HS65_LH_NAND2X7
datapath_module/alu_module/sll_42_34/g19787  0.0001119   0.0001213   0.0002333    2.77e-08  HS65_LH_AOI22X1
datapath_module/reg_file_module/FE_OFC488_n_1094  0.0001259   0.0001071   0.0002332   1.684e-07  HS65_LH_BFX27
datapath_module/reg_file_module/g6242  0.0001894   4.357e-05    0.000233   9.158e-08  HS65_LH_MUX21I1X6
datapath_module/reg_file_module/g6120  0.0001943   3.852e-05    0.000233   9.395e-08  HS65_LH_MUX21I1X6
datapath_module/reg_file_module/g6639  0.0001874   4.521e-05   0.0002327   9.003e-08  HS65_LH_MUX21I1X6
datapath_module/alu_module/mul_44_34/g37667  0.0001383    9.42e-05   0.0002326   4.618e-08  HS65_LH_NOR2AX3
datapath_module/alu_module/mul_44_34/g38440  0.0001026   0.0001299   0.0002325   4.088e-08  HS65_LH_NOR2AX3
datapath_module/alu_module/mul_44_34/g38161   7.64e-05    0.000156   0.0002324   2.394e-08  HS65_LH_NOR2X2
datapath_module/reg_file_module/g42630  0.0001255   0.0001069   0.0002324   5.654e-08  HS65_LH_AOI212X2
datapath_module/reg_file_module/g42832   0.000134   9.742e-05   0.0002315   1.129e-07  HS65_LH_MX41X4
datapath_module/alu_module/mul_44_34/g37429  0.0001369   9.451e-05   0.0002314   3.336e-08  HS65_LH_AOI22X1
datapath_module/alu_module/mul_44_34/g37967  0.0001479   8.341e-05   0.0002314   6.285e-08  HS65_LH_MUXI21X2
datapath_module/reg_file_module/g6814   0.000174    5.73e-05   0.0002313   9.212e-08  HS65_LH_MUX21I1X6
datapath_module/alu_module/mul_44_34/FE_OCPC671_read_data2_4  0.0001115   0.0001196   0.0002312   8.107e-08  HS65_LH_IVX18
datapath_module/reg_file_module/g43159  0.0001518   7.932e-05   0.0002312   5.852e-08  HS65_LH_AO22X4
datapath_module/alu_module/add_34_34/g7711  0.0001069   0.0001242   0.0002311   3.386e-08  HS65_LH_NAND2X7
datapath_module/reg_file_module/g42828  0.0001031   0.0001277   0.0002308   5.443e-08  HS65_LH_AOI212X2
datapath_module/alu_module/g7309  6.435e-05   0.0001664   0.0002308   2.167e-08  HS65_LH_IVX2
datapath_module/reg_file_module/g6984  0.0001921   3.798e-05   0.0002301   9.191e-08  HS65_LH_MUX21I1X6
datapath_module/reg_file_module/g6235  0.0001761   5.393e-05   0.0002301   9.065e-08  HS65_LH_MUX21I1X6
datapath_module/reg_file_module/g6793  0.0001935   3.648e-05   0.0002301   9.068e-08  HS65_LH_MUX21I1X6
datapath_module/reg_file_module/g42825  0.0001305   9.918e-05   0.0002298   1.134e-07  HS65_LH_MX41X4
datapath_module/reg_file_module/g6240  0.0001891   4.057e-05   0.0002298   9.152e-08  HS65_LH_MUX21I1X6
datapath_module/alu_module/add_34_34/g7611  0.0001121   0.0001177   0.0002298   3.971e-08  HS65_LH_IVX9
datapath_module/reg_file_module/g6227  0.0001759   5.372e-05   0.0002298   9.016e-08  HS65_LH_MUX21I1X6
control_module/g602            8.652e-05    0.000143   0.0002296   5.041e-08  HS65_LH_AOI112X1
datapath_module/reg_file_module/g6178  0.0001822   4.715e-05   0.0002295   9.084e-08  HS65_LH_MUX21I1X6
datapath_module/alu_module/mul_44_34/g37791  0.0001214   0.0001075   0.0002289   4.398e-08  HS65_LH_OAI12X3
datapath_module/reg_file_module/g6489  0.0001797   4.895e-05   0.0002288   9.142e-08  HS65_LH_MUX21I1X6
datapath_module/alu_module/mul_44_34/g37751  0.0001527   7.579e-05   0.0002285   6.427e-08  HS65_LH_MUXI21X2
datapath_module/reg_file_module/g42635  8.621e-05   0.0001423   0.0002285   5.675e-08  HS65_LH_AOI212X2
datapath_module/reg_file_module/g42629   0.000128   0.0001003   0.0002284   5.329e-08  HS65_LH_AOI212X2
datapath_module/reg_file_module/g6119  0.0001803   4.751e-05   0.0002279   9.049e-08  HS65_LH_MUX21I1X6
datapath_module/alu_module/add_34_34/g7564  9.801e-05   0.0001298   0.0002279   3.655e-08  HS65_LH_AOI21X2
IFU_module/instr_mem/fopt773   3.697e-05   0.0001907   0.0002277   3.951e-08  HS65_LH_IVX9
datapath_module/reg_file_module/g6679   0.000182   4.561e-05   0.0002277   9.174e-08  HS65_LH_MUX21I1X6
datapath_module/reg_file_module/FE_OFC491_n_1080  7.209e-05   0.0001552   0.0002276   3.422e-07  HS65_LH_BFX53
datapath_module/reg_file_module/g42822  0.0001648   6.248e-05   0.0002274   1.172e-07  HS65_LH_MX41X4
datapath_module/alu_module/mul_44_34/g37441  0.0001422   8.515e-05   0.0002274    3.37e-08  HS65_LH_AOI22X1
datapath_module/alu_module/g7522    0.00011    0.000117    0.000227   4.653e-08  HS65_LH_OAI12X3
datapath_module/alu_module/g7492  0.0001041   0.0001227   0.0002268   5.392e-08  HS65_LH_OAI112X1
datapath_module/alu_module/mul_44_34/g37227  0.0001309   9.573e-05   0.0002266   3.308e-08  HS65_LH_OAI22X1
datapath_module/reg_file_module/g6237  0.0001866   3.961e-05   0.0002263   9.115e-08  HS65_LH_MUX21I1X6
datapath_module/alu_module/g7507  0.0001033   0.0001226   0.0002259   4.766e-08  HS65_LH_OAI12X3
datapath_module/reg_file_module/g6560  0.0001805   4.489e-05   0.0002255   9.094e-08  HS65_LH_MUX21I1X6
datapath_module/alu_module/FE_OFC542_write_data_25  8.367e-05   0.0001417   0.0002254   2.115e-08  HS65_LH_IVX2
datapath_module/alu_module/mul_44_34/g37385  0.0001386   8.625e-05   0.0002249   3.321e-08  HS65_LH_AOI22X1
datapath_module/reg_file_module/g7451  6.926e-05   0.0001556   0.0002249    4.57e-08  HS65_LH_NAND2X7
datapath_module/reg_file_module/g6372  0.0001674   5.733e-05   0.0002248   9.005e-08  HS65_LH_MUX21I1X6
datapath_module/alu_module/mul_44_34/g37711   0.000109   0.0001157   0.0002247   3.924e-08  HS65_LH_IVX9
datapath_module/alu_module/sub_35_34/g27265  0.0001089   0.0001156   0.0002246   5.251e-08  HS65_LH_NAND2AX4
datapath_module/alu_module/mul_44_34/g38267  4.735e-05   0.0001771   0.0002245   2.788e-08  HS65_LH_IVX4
datapath_module/reg_file_module/g6716  0.0001823    4.17e-05   0.0002241   9.182e-08  HS65_LH_MUX21I1X6
datapath_module/reg_file_module/g6496  0.0001809   4.304e-05   0.0002241   9.026e-08  HS65_LH_MUX21I1X6
datapath_module/alu_module/sub_35_34/g27138  0.0001548   6.918e-05    0.000224    4.93e-08  HS65_LH_NAND2AX7
datapath_module/alu_module/sll_42_34/g19784  9.686e-05   0.0001271   0.0002239   2.748e-08  HS65_LH_AOI22X1
datapath_module/reg_file_module/g42609  0.0001315   9.201e-05   0.0002236   1.036e-07  HS65_LH_NAND4ABX3
datapath_module/reg_file_module/g42710  0.0001796   4.341e-05   0.0002231   1.015e-07  HS65_LH_AO212X4
datapath_module/reg_file_module/g42647  0.0001002   0.0001226   0.0002228   5.185e-08  HS65_LH_AOI212X2
datapath_module/alu_module/mul_44_34/g37965  0.0001171   0.0001056   0.0002227   3.596e-08  HS65_LH_AOI22X1
IFU_module/instr_mem/fopt774    3.79e-05   0.0001847   0.0002226   3.951e-08  HS65_LH_IVX9
datapath_module/reg_file_module/g7063  7.237e-05   0.0001496   0.0002222    2.14e-07  HS65_LH_IVX44
datapath_module/reg_file_module/g6098  0.0001769   4.509e-05   0.0002221   8.899e-08  HS65_LH_MUX21I1X6
datapath_module/alu_module/add_34_34/g7698  0.0001125   0.0001095    0.000222    3.33e-08  HS65_LH_NAND2X7
datapath_module/alu_module/add_34_34/g7695  9.752e-05   0.0001245    0.000222   3.035e-08  HS65_LH_NAND2X7
datapath_module/alu_module/mul_44_34/g37731  0.0001119     0.00011   0.0002219   3.528e-08  HS65_LH_PAOI2X1
datapath_module/alu_module/g7582   4.74e-05   0.0001745   0.0002219   2.862e-08  HS65_LH_NAND2X2
datapath_module/alu_module/srl_43_34/FE_OCPC775_read_data1_3  9.725e-05   0.0001245   0.0002218   3.352e-08  HS65_LH_IVX7
datapath_module/alu_module/mul_44_34/g37938  9.209e-05   0.0001294   0.0002215   3.817e-08  HS65_LH_AOI22X1
datapath_module/alu_module/g7818  0.0001211   0.0001004   0.0002215   3.557e-08  HS65_LH_CBI4I1X5
datapath_module/alu_module/mul_44_34/g37742  0.0001424   7.865e-05   0.0002211   6.276e-08  HS65_LH_MUXI21X2
datapath_module/reg_file_module/g42650   9.98e-05   0.0001213   0.0002211   5.043e-08  HS65_LH_AOI212X2
datapath_module/alu_module/srl_43_34/g5937  0.0001235   9.756e-05   0.0002211   4.579e-08  HS65_LH_AND2X4
datapath_module/alu_module/mul_44_34/g37750  0.0001414   7.968e-05   0.0002211   6.286e-08  HS65_LH_MUXI21X2
datapath_module/reg_file_module/g6173  0.0001786   4.236e-05   0.0002211   9.197e-08  HS65_LH_MUX21I1X6
datapath_module/reg_file_module/g42796  0.0001432   7.704e-05   0.0002203   1.156e-07  HS65_LH_MX41X4
datapath_module/reg_file_module/FE_RC_277_0  9.954e-05   0.0001205   0.0002201   7.323e-08  HS65_LH_NAND2X21
datapath_module/alu_module/sll_42_34/g19904  9.042e-05   0.0001296   0.0002201   4.291e-08  HS65_LH_AND2X4
datapath_module/alu_module/g7534  0.0001178   0.0001019   0.0002198   5.978e-08  HS65_LH_MUXI21X2
datapath_module/reg_file_module/g42707  0.0001725   4.714e-05   0.0002197   9.006e-08  HS65_LH_AO212X4
datapath_module/alu_module/g7521  0.0001064   0.0001128   0.0002192   4.763e-08  HS65_LH_OAI12X3
datapath_module/reg_file_module/g42691  6.556e-05    0.000153   0.0002187   7.457e-08  HS65_LH_NAND3X3
datapath_module/reg_file_module/g42826  0.0001643   5.394e-05   0.0002184    1.17e-07  HS65_LH_MX41X4
datapath_module/reg_file_module/g6976  0.0001662   5.178e-05    0.000218   9.133e-08  HS65_LH_MUX21I1X6
datapath_module/alu_module/g7514   7.78e-05   0.0001401    0.000218   3.672e-08  HS65_LH_OAI21X2
datapath_module/reg_file_module/g6471  0.0001819   3.591e-05   0.0002179   9.056e-08  HS65_LH_MUX21I1X6
datapath_module/reg_file_module/g7438  7.671e-05   0.0001409   0.0002177   6.432e-08  HS65_LH_OR2X9
datapath_module/reg_file_module/g7091  9.538e-05   0.0001222   0.0002177   1.116e-07  HS65_LH_OR2X18
datapath_module/reg_file_module/FE_RC_410_0  0.0001786   3.846e-05   0.0002173   2.219e-07  HS65_LH_OR2X35
datapath_module/reg_file_module/g6442  0.0001743   4.281e-05   0.0002172   9.184e-08  HS65_LH_MUX21I1X6
datapath_module/reg_file_module/g6118  0.0001686   4.841e-05   0.0002171   9.005e-08  HS65_LH_MUX21I1X6
datapath_module/alu_module/g7536  0.0001029    0.000114    0.000217   3.463e-08  HS65_LH_NOR2X6
datapath_module/reg_file_module/g42699  6.537e-05   0.0001511   0.0002165     5.1e-08  HS65_LH_NAND3X2
datapath_module/reg_file_module/g6375   0.000171   4.533e-05   0.0002165   9.159e-08  HS65_LH_MUX21I1X6
datapath_module/reg_file_module/g42654  0.0001152   0.0001011   0.0002163   5.889e-08  HS65_LH_AOI212X2
datapath_module/alu_module/FE_OCPC729_FE_RN_145_0  4.978e-05   0.0001665   0.0002163   2.116e-08  HS65_LH_IVX2
datapath_module/reg_file_module/g6584  0.0001718   4.404e-05   0.0002159   8.906e-08  HS65_LH_MUX21I1X6
datapath_module/reg_file_module/g43154  0.0001685   4.715e-05   0.0002157   5.874e-08  HS65_LH_AO22X4
datapath_module/reg_file_module/FE_PHC1546_n_2189  0.0001541   6.147e-05   0.0002157   6.224e-08  HS65_LH_BFX9
datapath_module/alu_module/mul_44_34/g37722  6.715e-05   0.0001482   0.0002153   3.153e-08  HS65_LH_PAOI2X1
datapath_module/reg_file_module/g6936  0.0001664   4.884e-05   0.0002153   9.104e-08  HS65_LH_MUX21I1X6
datapath_module/reg_file_module/g42589  6.881e-05   0.0001464   0.0002152   4.818e-08  HS65_LH_NAND3X2
datapath_module/reg_file_module/FE_RC_18_0  5.226e-05   0.0001628   0.0002152   1.567e-07  HS65_LH_IVX31
datapath_module/reg_file_module/g42857  5.479e-05   0.0001604   0.0002152   3.117e-08  HS65_LH_AOI22X1
datapath_module/alu_module/sub_35_34/g27174  0.0001098   0.0001049   0.0002147   3.965e-08  HS65_LH_IVX9
datapath_module/alu_module/mul_44_34/FE_RC_152_0  0.0001365   7.795e-05   0.0002145   3.956e-08  HS65_LH_IVX9
datapath_module/alu_module/sll_42_34/g19853  0.0001235   9.079e-05   0.0002144   5.649e-08  HS65_LH_NAND2X14
datapath_module/alu_module/sll_42_34/FE_OFC565_n_285   3.43e-05     0.00018   0.0002143   2.163e-08  HS65_LH_IVX2
datapath_module/alu_module/srl_43_34/g5837  6.615e-05   0.0001482   0.0002143   1.718e-08  HS65_LH_NAND2X2
datapath_module/alu_module/srl_43_34/g5951  5.483e-05   0.0001593   0.0002141   3.351e-08  HS65_LH_IVX7
datapath_module/alu_module/mul_44_34/g37671  6.821e-05   0.0001459   0.0002141   2.237e-08  HS65_LH_NOR2X2
datapath_module/reg_file_module/FE_RC_546_0    0.00012   9.353e-05   0.0002138   2.844e-07  HS65_LH_NOR2X25
datapath_module/reg_file_module/FE_RC_448_0  9.578e-05   0.0001178   0.0002136   5.754e-08  HS65_LH_NAND2X14
datapath_module/reg_file_module/g42641  0.0001119   0.0001015   0.0002134   5.524e-08  HS65_LH_AOI212X2
datapath_module/reg_file_module/FE_PHC1649_n_1063  8.278e-05   0.0001304   0.0002134   1.513e-07  HS65_LH_BFX22
datapath_module/alu_module/sub_35_34/g27318   8.39e-05   0.0001294   0.0002133   4.407e-08  HS65_LH_NOR2AX3
datapath_module/reg_file_module/g6221  0.0001748   3.838e-05   0.0002133   9.063e-08  HS65_LH_MUX21I1X6
datapath_module/reg_file_module/FE_RC_550_0  0.0001359   7.722e-05   0.0002133   9.952e-08  HS65_LH_NOR2X25
datapath_module/reg_file_module/g6950  0.0001684    4.47e-05   0.0002132   9.115e-08  HS65_LH_MUX21I1X6
datapath_module/alu_module/mul_44_34/g38036   0.000136   7.661e-05   0.0002126   6.295e-08  HS65_LH_MUXI21X2
datapath_module/alu_module/g7578  7.323e-05   0.0001393   0.0002126   4.936e-08  HS65_LH_NOR2AX3
datapath_module/reg_file_module/g42651  0.0001218   9.066e-05   0.0002125   4.919e-08  HS65_LH_AOI212X2
datapath_module/reg_file_module/g6955  0.0001681   4.434e-05   0.0002125    9.19e-08  HS65_LH_MUX21I1X6
datapath_module/reg_file_module/FE_PHC1593_n_1146   4.79e-05   0.0001644   0.0002124       1e-07  HS65_LH_BFX13
datapath_module/alu_module/mul_44_34/g38025  0.0001379   7.433e-05   0.0002123   6.281e-08  HS65_LH_MUXI21X2
datapath_module/reg_file_module/g42815  0.0001037   0.0001085   0.0002123   5.439e-08  HS65_LH_AOI212X2
datapath_module/reg_file_module/g42652  9.704e-05    0.000115   0.0002121   4.517e-08  HS65_LH_AOI212X2
datapath_module/alu_module/FE_OFC527_write_data_6  5.893e-05   0.0001531   0.0002121   2.118e-08  HS65_LH_IVX2
datapath_module/reg_file_module/g7005   0.000176   3.585e-05   0.0002119   9.158e-08  HS65_LH_MUX21I1X6
datapath_module/alu_module/add_34_34/g7514   4.06e-05    0.000171   0.0002116   1.284e-08  HS65_LH_NOR2X2
datapath_module/reg_file_module/g7447  3.608e-05   0.0001754   0.0002115   5.177e-08  HS65_LH_NOR2AX6
datapath_module/reg_file_module/FE_PHC1583_n_1159  4.469e-05   0.0001666   0.0002113   4.371e-08  HS65_LH_BFX2
datapath_module/reg_file_module/g42906  0.0001254   8.578e-05   0.0002112   5.162e-08  HS65_LH_AOI222X2
datapath_module/alu_module/g7484  0.0001122    9.89e-05   0.0002111   5.477e-08  HS65_LH_OAI112X1
datapath_module/reg_file_module/g6715  0.0001613   4.962e-05    0.000211   9.183e-08  HS65_LH_MUX21I1X6
datapath_module/reg_file_module/FE_PHC1533_n_2002  0.0001364   7.449e-05    0.000211   4.374e-08  HS65_LH_BFX2
datapath_module/reg_file_module/g6943  0.0001553   5.531e-05   0.0002107   9.158e-08  HS65_LH_MUX21I1X6
datapath_module/reg_file_module/g42809  0.0001293   8.106e-05   0.0002105   1.134e-07  HS65_LH_MX41X4
datapath_module/reg_file_module/g43332  2.169e-05   0.0001886   0.0002103   2.108e-08  HS65_LH_IVX2
datapath_module/alu_module/mul_44_34/g37723  9.592e-05   0.0001143   0.0002103    3.29e-08  HS65_LH_PAOI2X1
datapath_module/reg_file_module/g6232  0.0001707   3.923e-05   0.0002101   9.063e-08  HS65_LH_MUX21I1X6
datapath_module/alu_module/g7494  0.0001142   9.569e-05   0.0002099   5.462e-08  HS65_LH_OAI112X1
datapath_module/alu_module/g7493  0.0001061   0.0001038   0.0002099   5.382e-08  HS65_LH_OAI112X1
datapath_module/reg_file_module/g6234  0.0001664    4.34e-05   0.0002099    9.01e-08  HS65_LH_MUX21I1X6
datapath_module/reg_file_module/g7046  0.0001696   3.987e-05   0.0002095   9.278e-08  HS65_LH_MUX21I1X6
datapath_module/reg_file_module/FE_PHC1594_n_1321  2.257e-05   0.0001868   0.0002095   1.514e-07  HS65_LH_BFX22
datapath_module/alu_module/add_34_34/g7713  9.674e-05   0.0001121   0.0002089   2.837e-08  HS65_LH_NAND2X7
datapath_module/reg_file_module/g6439   0.000171   3.772e-05   0.0002088   9.131e-08  HS65_LH_MUX21I1X6
datapath_module/alu_module/g7488  0.0001133   9.539e-05   0.0002087   5.425e-08  HS65_LH_OAI112X1
datapath_module/reg_file_module/g42643  7.845e-05     0.00013   0.0002085   3.897e-08  HS65_LH_AOI212X2
datapath_module/reg_file_module/g6411  0.0001603   4.791e-05   0.0002083   8.947e-08  HS65_LH_MUX21I1X6
datapath_module/alu_module/g7333  6.617e-05   0.0001419   0.0002081   2.168e-08  HS65_LH_IVX2
datapath_module/alu_module/sub_35_34/g27223  0.0001087   9.916e-05   0.0002079   3.929e-08  HS65_LH_IVX9
datapath_module/alu_module/drc_bufs7624  3.506e-05   0.0001726   0.0002077   4.001e-08  HS65_LH_IVX9
datapath_module/alu_module/mul_44_34/g38271  5.017e-05   0.0001572   0.0002074   2.786e-08  HS65_LH_IVX4
datapath_module/reg_file_module/g6641  0.0001713   3.574e-05   0.0002071   9.005e-08  HS65_LH_MUX21I1X6
datapath_module/reg_file_module/g7675  8.639e-05   0.0001205    0.000207    7.67e-08  HS65_LH_NAND2AX14
datapath_module/reg_file_module/g6189  0.0001619   4.467e-05   0.0002067   9.035e-08  HS65_LH_MUX21I1X6
datapath_module/reg_file_module/g6983  0.0001683   3.826e-05   0.0002067   9.222e-08  HS65_LH_MUX21I1X6
datapath_module/reg_file_module/g6645  0.0001694   3.715e-05   0.0002066   9.006e-08  HS65_LH_MUX21I1X6
datapath_module/alu_module/mul_44_34/g37567  0.0001191   8.744e-05   0.0002066   3.578e-08  HS65_LH_CBI4I6X2
datapath_module/reg_file_module/FE_OCPC1457_n_2408   0.000104   0.0001018   0.0002059   6.194e-08  HS65_LH_BFX9
datapath_module/alu_module/mul_44_34/FE_RC_201_0  0.0001168   8.904e-05   0.0002058   3.961e-08  HS65_LH_IVX9
datapath_module/alu_module/g7498  9.413e-05   0.0001112   0.0002054   4.713e-08  HS65_LH_NAND4ABX3
datapath_module/reg_file_module/g42880  0.0001337   7.148e-05   0.0002052   4.527e-08  HS65_LH_AOI222X2
datapath_module/alu_module/add_34_34/g7573  3.696e-05   0.0001679   0.0002049   1.933e-08  HS65_LH_NOR2X2
datapath_module/alu_module/g7475  0.0001166   8.812e-05   0.0002048   5.377e-08  HS65_LH_OAI112X1
datapath_module/reg_file_module/g6484  0.0001529    5.16e-05   0.0002046   9.147e-08  HS65_LH_MUX21I1X6
datapath_module/reg_file_module/g42820  8.772e-05   0.0001168   0.0002045   5.393e-08  HS65_LH_AOI212X2
datapath_module/reg_file_module/g42837  0.0001427   6.131e-05   0.0002041   1.113e-07  HS65_LH_MX41X4
datapath_module/alu_module/FE_OCPC622_write_data_22  6.855e-05   0.0001354   0.0002039   2.117e-08  HS65_LH_IVX2
datapath_module/reg_file_module/FE_RC_598_0  5.509e-05   0.0001485   0.0002037   7.505e-08  HS65_LH_NAND2X7
datapath_module/alu_module/sub_35_34/g27263  6.432e-05   0.0001392   0.0002036   4.249e-08  HS65_LH_NOR2AX3
datapath_module/alu_module/mul_44_34/g37571  0.0001255   7.807e-05   0.0002036   3.826e-08  HS65_LH_NOR2X6
datapath_module/reg_file_module/g42842  0.0001032   0.0001002   0.0002035    5.38e-08  HS65_LH_AOI212X2
datapath_module/alu_module/mul_44_34/g37726  7.927e-05   0.0001241   0.0002034   3.215e-08  HS65_LH_PAOI2X1
datapath_module/alu_module/mul_44_34/FE_OCPC664_n_106  8.068e-05   0.0001225   0.0002032   3.353e-08  HS65_LH_IVX7
datapath_module/alu_module/g7485  0.0001083    9.48e-05   0.0002032   5.405e-08  HS65_LH_OAI112X1
datapath_module/reg_file_module/g7341  0.0001492   5.338e-05   0.0002028    2.41e-07  HS65_LH_OR2ABX35
datapath_module/reg_file_module/g42789  0.0001373   6.502e-05   0.0002024   1.124e-07  HS65_LH_MX41X4
datapath_module/reg_file_module/g6353  0.0001536   4.867e-05   0.0002024   9.022e-08  HS65_LH_MUX21I1X6
datapath_module/reg_file_module/g42628   0.000123   7.905e-05   0.0002021   4.966e-08  HS65_LH_AOI212X2
datapath_module/alu_module/mul_44_34/g38051  9.314e-05   0.0001089   0.0002021   6.242e-08  HS65_LH_MUXI21X2
datapath_module/alu_module/sll_42_34/g19796  7.201e-05   0.0001299   0.0002019   1.959e-08  HS65_LH_NAND2X2
datapath_module/reg_file_module/g42838  0.0001551   4.674e-05   0.0002019   1.144e-07  HS65_LH_MX41X4
datapath_module/reg_file_module/g42667  5.048e-05   0.0001513   0.0002018   4.891e-08  HS65_LH_AOI212X2
datapath_module/alu_module/mul_44_34/g37534   0.000122   7.963e-05   0.0002017   3.923e-08  HS65_LH_IVX9
control_module/g606            7.559e-05   0.0001258   0.0002015   4.743e-08  HS65_LH_NOR2AX3
datapath_module/alu_module/g7481  0.0001069   9.429e-05   0.0002012   5.356e-08  HS65_LH_OAI112X1
datapath_module/reg_file_module/g42642  0.0001012   9.967e-05   0.0002009   4.929e-08  HS65_LH_AOI212X2
datapath_module/alu_module/g7515  8.311e-05   0.0001177   0.0002008   3.602e-08  HS65_LH_OAI21X2
datapath_module/alu_module/mul_44_34/g38154  7.095e-05   0.0001291   0.0002001   2.342e-08  HS65_LH_NOR2X2
datapath_module/alu_module/FE_OFC596_write_data_19  7.661e-05   0.0001231   0.0001997    2.12e-08  HS65_LH_IVX2
datapath_module/reg_file_module/g6356  0.0001526   4.677e-05   0.0001995   8.898e-08  HS65_LH_MUX21I1X6
datapath_module/alu_module/mul_44_34/g37720  7.343e-05   0.0001258   0.0001993   3.206e-08  HS65_LH_PAOI2X1
datapath_module/alu_module/sll_42_34/g19833  6.112e-05   0.0001381   0.0001993   2.421e-08  HS65_LH_NOR2X2
datapath_module/reg_file_module/g6987  0.0001654   3.349e-05    0.000199   9.223e-08  HS65_LH_MUX21I1X6
datapath_module/reg_file_module/g42732  5.714e-05   0.0001412   0.0001984   5.493e-08  HS65_LH_NAND3X2
datapath_module/reg_file_module/g42568  7.727e-05   0.0001211   0.0001984   6.671e-08  HS65_LH_NAND3X3
datapath_module/alu_module/g7538  0.0001238   7.444e-05   0.0001983   5.764e-08  HS65_LH_AOI12X6
datapath_module/reg_file_module/g7439  4.384e-05   0.0001544   0.0001983   3.414e-08  HS65_LH_NAND2X7
datapath_module/reg_file_module/FE_RC_14_0  8.374e-05   0.0001143   0.0001983   2.587e-07  HS65_LH_IVX53
datapath_module/reg_file_module/FE_PHC1536_n_1070  0.0001464   5.147e-05   0.0001981   2.245e-07  HS65_LH_BFX31
datapath_module/reg_file_module/g42790  0.0001499   4.795e-05   0.0001979   1.129e-07  HS65_LH_MX41X4
datapath_module/reg_file_module/g6177  0.0001577   3.972e-05   0.0001975   9.066e-08  HS65_LH_MUX21I1X6
datapath_module/alu_module/sll_42_34/g19783  9.401e-05   0.0001034   0.0001974   2.964e-08  HS65_LH_OAI22X1
datapath_module/alu_module/FE_OFC513_write_data_18  7.259e-05   0.0001248   0.0001974   2.115e-08  HS65_LH_IVX2
datapath_module/reg_file_module/FE_OCPC673_n_2415  8.603e-05   0.0001113   0.0001973   6.272e-08  HS65_LH_BFX9
datapath_module/reg_file_module/FE_RC_601_0  5.667e-05   0.0001404   0.0001972   1.701e-07  HS65_LH_IVX35
datapath_module/reg_file_module/g7306  0.0001492   4.774e-05   0.0001971    2.41e-07  HS65_LH_OR2ABX35
datapath_module/alu_module/mul_44_34/FE_RC_545_0  0.0001212   7.567e-05   0.0001969   3.484e-08  HS65_LH_NOR2X6
datapath_module/reg_file_module/FE_RC_643_0  8.315e-05   0.0001137   0.0001969   9.741e-08  HS65_LH_NAND2AX7
datapath_module/reg_file_module/g43230  4.481e-05   0.0001519   0.0001968   2.801e-08  HS65_LH_NOR2X6
datapath_module/reg_file_module/FE_RC_602_0  5.635e-05   0.0001401   0.0001967   1.615e-07  HS65_LH_IVX35
datapath_module/alu_module/sll_42_34/FE_RC_513_0  5.562e-05   0.0001409   0.0001966   3.931e-08  HS65_LH_IVX9
datapath_module/alu_module/add_34_34/FE_RC_580_0  8.239e-05   0.0001139   0.0001964   3.942e-08  HS65_LH_IVX9
datapath_module/alu_module/mul_44_34/g37730  9.367e-05   0.0001026   0.0001963   3.395e-08  HS65_LH_PAOI2X1
datapath_module/reg_file_module/g6852  0.0001605   3.544e-05    0.000196   8.972e-08  HS65_LH_MUX21I1X6
datapath_module/reg_file_module/g6415  0.0001774    1.83e-05   0.0001958   1.548e-07  HS65_LH_MUX21I1X12
datapath_module/reg_file_module/g6172   0.000143   5.267e-05   0.0001958    9.14e-08  HS65_LH_MUX21I1X6
datapath_module/reg_file_module/g7041  0.0001552   4.044e-05   0.0001957    9.08e-08  HS65_LH_MUX21I1X6
datapath_module/alu_module/g7487   9.97e-05   9.575e-05   0.0001955   5.489e-08  HS65_LH_OAI112X1
control_module/g603            8.347e-05   0.0001119   0.0001954   4.975e-08  HS65_LH_AOI112X1
datapath_module/alu_module/g7482  9.962e-05   9.537e-05   0.0001951   5.434e-08  HS65_LH_OAI112X1
datapath_module/reg_file_module/g42831  0.0001079   8.657e-05   0.0001946   1.081e-07  HS65_LH_MX41X4
datapath_module/reg_file_module/FE_RC_670_0  4.933e-05    0.000145   0.0001944   9.916e-08  HS65_LH_NAND2AX7
datapath_module/reg_file_module/FE_OCPC1399_FE_RN_10  4.757e-05   0.0001467   0.0001944   6.293e-08  HS65_LH_BFX9
datapath_module/alu_module/add_34_34/g7600  6.848e-05   0.0001255    0.000194   3.418e-08  HS65_LH_OAI21X2
datapath_module/reg_file_module/FE_RC_791_0  0.0001512    4.25e-05   0.0001938   1.518e-07  HS65_LH_AND2X27
datapath_module/reg_file_module/FE_PHC1623_n_1266  2.106e-05    0.000172   0.0001933   2.248e-07  HS65_LH_BFX31
datapath_module/reg_file_module/g42819  0.0001216   7.151e-05   0.0001932    1.15e-07  HS65_LH_MX41X4
datapath_module/alu_module/g7495  0.0001126   8.042e-05    0.000193   5.397e-08  HS65_LH_OAI112X1
datapath_module/reg_file_module/g42665  0.0001147   7.821e-05    0.000193   4.601e-08  HS65_LH_AOI212X2
datapath_module/reg_file_module/g6351  0.0001463   4.603e-05   0.0001924    9.16e-08  HS65_LH_MUX21I1X6
datapath_module/reg_file_module/FE_PHC1572_n_1152  0.0001623   2.962e-05   0.0001921   1.512e-07  HS65_LH_BFX22
datapath_module/reg_file_module/g7434  4.196e-05   0.0001501   0.0001921   4.239e-08  HS65_LH_AND2X4
IFU_module/instr_mem/FE_OCPC756_n_34  9.641e-05   9.552e-05    0.000192   6.223e-08  HS65_LH_BFX9
datapath_module/reg_file_module/FE_OCPC802_n_2405  0.0001137   7.824e-05    0.000192   6.265e-08  HS65_LH_BFX9
datapath_module/reg_file_module/g6521  0.0001624   2.936e-05   0.0001919   9.031e-08  HS65_LH_MUX21I1X6
datapath_module/reg_file_module/g6649  0.0001406    5.11e-05   0.0001917   9.042e-08  HS65_LH_MUX21I1X6
datapath_module/reg_file_module/FE_RC_15_0  5.681e-05   0.0001347   0.0001917   1.615e-07  HS65_LH_IVX35
datapath_module/alu_module/sub_35_34/g27291  8.956e-05   0.0001017   0.0001913   5.094e-08  HS65_LH_NAND2AX4
datapath_module/reg_file_module/g6370  0.0001532   3.787e-05   0.0001911   9.147e-08  HS65_LH_MUX21I1X6
datapath_module/alu_module/g7472  0.0001039   8.677e-05   0.0001907   5.381e-08  HS65_LH_OAI112X1
datapath_module/alu_module/g7491  0.0001049   8.544e-05   0.0001904   5.396e-08  HS65_LH_OAI112X1
datapath_module/reg_file_module/g42785  0.0001215   6.876e-05   0.0001904   1.066e-07  HS65_LH_MX41X4
datapath_module/alu_module/add_34_34/g7581    5.1e-05   0.0001393   0.0001903   1.485e-08  HS65_LH_NAND2X2
datapath_module/alu_module/mul_44_34/g37417   9.95e-05   9.067e-05   0.0001902   3.355e-08  HS65_LH_IVX7
datapath_module/reg_file_module/g7442  3.824e-05   0.0001517     0.00019   2.643e-08  HS65_LH_NOR2X6
datapath_module/reg_file_module/g42807  0.0001346   5.523e-05     0.00019   1.112e-07  HS65_LH_MX41X4
datapath_module/alu_module/mul_44_34/FE_RC_338_0  5.448e-05   0.0001348   0.0001893   4.002e-08  HS65_LH_IVX9
control_module/g604            0.0001033   8.567e-05    0.000189   5.274e-08  HS65_LH_NOR3AX2
datapath_module/reg_file_module/FE_RC_755_0  0.0001063   8.248e-05   0.0001889   1.111e-07  HS65_LH_NAND2AX21
datapath_module/reg_file_module/g6144   0.000144   4.461e-05   0.0001887   8.928e-08  HS65_LH_MUX21I1X6
datapath_module/alu_module/g7426  0.0001276   6.106e-05   0.0001887   5.435e-08  HS65_LH_AO222X4
datapath_module/reg_file_module/g42895  7.028e-05   0.0001181   0.0001885   4.534e-08  HS65_LH_AOI222X2
IFU_module/instr_mem/fopt783   3.012e-05   0.0001582   0.0001884   3.951e-08  HS65_LH_IVX9
datapath_module/reg_file_module/g7443  8.172e-05   0.0001063   0.0001881   5.876e-08  HS65_LH_NAND2AX7
IFU_module/g2                  0.0001138   7.332e-05   0.0001872    9.73e-08  HS65_LHS_XNOR2X6
datapath_module/alu_module/srl_43_34/g5899  0.0001057   8.136e-05   0.0001871   2.846e-08  HS65_LH_NOR3X4
datapath_module/reg_file_module/FE_PHC1538_n_1191  0.0001515   3.525e-05    0.000187   2.911e-07  HS65_LH_BFX44
datapath_module/alu_module/sub_35_34/g27256  6.979e-05   0.0001165   0.0001864   5.208e-08  HS65_LH_NAND2AX4
datapath_module/alu_module/mul_44_34/g38248  4.511e-05   0.0001411   0.0001862   2.787e-08  HS65_LH_IVX4
datapath_module/alu_module/add_34_34/g7572  6.269e-05   0.0001229   0.0001856   2.156e-08  HS65_LH_NOR2X2
datapath_module/alu_module/mul_44_34/g38183  6.488e-05     0.00012   0.0001849   2.322e-08  HS65_LH_NOR2X2
datapath_module/reg_file_module/g6170  0.0001511   3.365e-05   0.0001848   8.971e-08  HS65_LH_MUX21I1X6
datapath_module/alu_module/add_34_34/g7712  6.624e-05   0.0001185   0.0001848   2.598e-08  HS65_LH_NAND2X7
datapath_module/alu_module/mul_44_34/g37600  4.698e-05   0.0001369   0.0001839   1.841e-08  HS65_LH_NOR2X2
datapath_module/reg_file_module/FE_PHC1600_n_1191  0.0001519   3.124e-05   0.0001834   2.911e-07  HS65_LH_BFX44
datapath_module/reg_file_module/g42593  6.128e-05   0.0001215   0.0001829   1.183e-07  HS65_LH_NAND4ABX3
datapath_module/alu_module/FE_RC_491_0  0.0001028   7.984e-05   0.0001827   4.741e-08  HS65_LH_OAI12X3
datapath_module/alu_module/FE_OFC511_write_data_24  6.495e-05   0.0001177   0.0001826   2.119e-08  HS65_LH_IVX2
datapath_module/reg_file_module/g6678   0.000144   3.854e-05   0.0001826    9.15e-08  HS65_LH_MUX21I1X6
datapath_module/alu_module/g7489   0.000107   7.548e-05   0.0001826   5.393e-08  HS65_LH_OAI112X1
datapath_module/reg_file_module/g42905  0.0001131   6.939e-05   0.0001825   4.791e-08  HS65_LH_AOI222X2
datapath_module/reg_file_module/g43385  9.208e-05   9.041e-05   0.0001825   3.953e-08  HS65_LH_IVX9
datapath_module/reg_file_module/FE_PHC1658_n_1063  2.639e-05   0.0001559   0.0001823    4.83e-08  HS65_LH_BFX4
datapath_module/reg_file_module/g6434  0.0001392   4.271e-05    0.000182   9.104e-08  HS65_LH_MUX21I1X6
datapath_module/reg_file_module/g42717  8.497e-05   9.608e-05   0.0001811   5.593e-08  HS65_LH_AOI112X1
datapath_module/reg_file_module/g7435  3.428e-05   0.0001464   0.0001807   2.774e-08  HS65_LH_NOR2X6
datapath_module/alu_module/sub_35_34/g27164  7.669e-05   0.0001039   0.0001807   4.003e-08  HS65_LH_IVX9
datapath_module/reg_file_module/g42912  0.0001186   6.205e-05   0.0001807   5.045e-08  HS65_LH_AOI222X2
datapath_module/alu_module/mul_44_34/g37613  7.436e-05   0.0001061   0.0001805   2.624e-08  HS65_LH_NAND2X7
datapath_module/reg_file_module/g6419  0.0001325   4.783e-05   0.0001804   9.061e-08  HS65_LH_MUX21I1X6
datapath_module/reg_file_module/g42840  0.0001059   7.433e-05   0.0001804   1.063e-07  HS65_LH_MX41X4
datapath_module/reg_file_module/g7479  3.943e-05   0.0001405     0.00018    3.94e-08  HS65_LH_IVX9
datapath_module/reg_file_module/FE_OCPC779_n_2473  8.579e-05   9.399e-05   0.0001798   6.272e-08  HS65_LH_BFX9
datapath_module/alu_module/g7537   0.000115   6.435e-05   0.0001793   3.638e-08  HS65_LH_NOR2X6
datapath_module/alu_module/g7587  7.578e-05   0.0001035   0.0001793   3.964e-08  HS65_LH_IVX9
datapath_module/alu_module/mul_44_34/g38056  0.0001058   7.344e-05   0.0001793   6.242e-08  HS65_LH_MUXI21X2
datapath_module/reg_file_module/g6416  0.0001384    4.08e-05   0.0001793   9.038e-08  HS65_LH_MUX21I1X6
datapath_module/reg_file_module/g6680  0.0001441   3.491e-05   0.0001791   9.153e-08  HS65_LH_MUX21I1X6
datapath_module/alu_module/mul_44_34/FE_RC_174_0  9.953e-05   7.921e-05   0.0001788   3.955e-08  HS65_LH_IVX9
datapath_module/reg_file_module/FE_PHC1611_instruction_code_7  6.242e-05   0.0001158   0.0001783   4.373e-08  HS65_LH_BFX2
datapath_module/alu_module/add_34_34/g7578  6.201e-05   0.0001159   0.0001779   1.745e-08  HS65_LH_NAND2X2
datapath_module/reg_file_module/g6684  0.0001445   3.324e-05   0.0001778   9.146e-08  HS65_LH_MUX21I1X6
datapath_module/reg_file_module/g42900  0.0001341   4.347e-05   0.0001776   7.131e-08  HS65_LH_AO222X4
datapath_module/reg_file_module/g6420  0.0001359   4.158e-05   0.0001776   9.095e-08  HS65_LH_MUX21I1X6
datapath_module/alu_module/g7528  8.081e-05   9.666e-05   0.0001775   3.703e-08  HS65_LH_OAI21X2
datapath_module/reg_file_module/g42734  6.166e-05   0.0001157   0.0001774   5.291e-08  HS65_LH_NAND3X2
datapath_module/reg_file_module/FE_RC_42_0  5.674e-05   0.0001204   0.0001773   1.701e-07  HS65_LH_IVX35
datapath_module/reg_file_module/FE_PHC1555_n_1060  4.445e-05   0.0001327   0.0001772   4.371e-08  HS65_LH_BFX2
datapath_module/reg_file_module/g43597  7.367e-05   0.0001033   0.0001771   6.083e-08  HS65_LH_OR2X9
datapath_module/alu_module/mul_44_34/FE_RC_472_0  9.155e-05   8.538e-05    0.000177   7.899e-08  HS65_LH_IVX18
datapath_module/reg_file_module/g42616  0.0001254   5.135e-05   0.0001768   9.729e-08  HS65_LH_AO212X4
datapath_module/alu_module/add_34_34/g7561  9.873e-05   7.803e-05   0.0001768   3.242e-08  HS65_LH_AOI21X2
datapath_module/reg_file_module/g6572  0.0001446   3.205e-05   0.0001768   9.155e-08  HS65_LH_MUX21I1X6
datapath_module/alu_module/g7499  8.322e-05   9.348e-05   0.0001767   3.541e-08  HS65_LH_OAI21X2
datapath_module/reg_file_module/g43207  4.276e-05   0.0001337   0.0001764   2.881e-08  HS65_LH_NOR2X6
datapath_module/reg_file_module/g6660  0.0001427   3.359e-05   0.0001764   9.149e-08  HS65_LH_MUX21I1X6
datapath_module/reg_file_module/g6231  0.0001434   3.286e-05   0.0001763    8.94e-08  HS65_LH_MUX21I1X6
datapath_module/reg_file_module/FE_OCPC1106_n_5088  8.315e-05   9.281e-05    0.000176    6.28e-08  HS65_LH_BFX9
datapath_module/alu_module/g7517  8.117e-05   9.481e-05    0.000176   3.732e-08  HS65_LH_OAI21X2
datapath_module/reg_file_module/g6427  0.0001334   4.173e-05   0.0001753   9.131e-08  HS65_LH_MUX21I1X6
datapath_module/alu_module/g7579  6.326e-05   0.0001119   0.0001752   4.638e-08  HS65_LH_NOR2AX3
datapath_module/reg_file_module/FE_RC_278_0  3.543e-05   0.0001395    0.000175   4.002e-08  HS65_LH_AND2X4
datapath_module/reg_file_module/g6147  0.0001369   3.796e-05   0.0001749   8.892e-08  HS65_LH_MUX21I1X6
datapath_module/alu_module/g7478  9.828e-05   7.652e-05   0.0001749     5.6e-08  HS65_LH_OAI112X1
datapath_module/alu_module/g7486  0.0001047   6.971e-05   0.0001744   5.361e-08  HS65_LH_OAI112X1
datapath_module/alu_module/g7490  9.964e-05   7.471e-05   0.0001744   5.446e-08  HS65_LH_OAI112X1
datapath_module/reg_file_module/g6477  0.0001408   3.336e-05   0.0001742   9.043e-08  HS65_LH_MUX21I1X6
datapath_module/reg_file_module/g42821  0.0001315   4.229e-05   0.0001739   1.133e-07  HS65_LH_MX41X4
IFU_module/instr_mem/FE_PHC1576_n_56  0.0001346   3.902e-05   0.0001737   1.154e-07  HS65_LH_BFX18
datapath_module/reg_file_module/g42626  8.478e-05   8.871e-05   0.0001735   5.214e-08  HS65_LH_AOI212X2
datapath_module/reg_file_module/g6570   0.000145   2.844e-05   0.0001735   9.154e-08  HS65_LH_MUX21I1X6
datapath_module/alu_module/mul_44_34/g37980   8.87e-05   8.469e-05   0.0001734    3.78e-08  HS65_LH_AOI22X1
datapath_module/alu_module/mul_44_34/g38170  6.706e-05   0.0001061   0.0001732   3.008e-08  HS65_LH_NAND2X7
datapath_module/alu_module/mul_44_34/g37664  6.293e-05   0.0001099   0.0001728   2.011e-08  HS65_LH_NAND2X2
datapath_module/alu_module/g7523  8.183e-05   9.083e-05   0.0001727   3.753e-08  HS65_LH_OAI21X2
datapath_module/reg_file_module/g42843  9.149e-05   8.103e-05   0.0001726   5.475e-08  HS65_LH_AOI212X2
datapath_module/reg_file_module/g6664  0.0001438   2.856e-05   0.0001724   9.143e-08  HS65_LH_MUX21I1X6
datapath_module/reg_file_module/g6815  0.0001281   4.422e-05   0.0001724   9.133e-08  HS65_LH_MUX21I1X6
datapath_module/reg_file_module/FE_PHC1549_n_1797  0.0001317   3.946e-05   0.0001712    6.22e-08  HS65_LH_BFX9
datapath_module/reg_file_module/g42817  8.733e-05   8.375e-05   0.0001711   5.825e-08  HS65_LH_AOI212X2
datapath_module/reg_file_module/FE_OCPC1012_n_2411  8.306e-05   8.798e-05   0.0001711   6.184e-08  HS65_LH_BFX9
datapath_module/alu_module/g7513  7.821e-05   9.277e-05    0.000171   3.532e-08  HS65_LH_OAI21X2
datapath_module/alu_module/add_34_34/g7687  6.185e-05   0.0001091    0.000171   2.546e-08  HS65_LH_NAND2X7
datapath_module/alu_module/mul_44_34/g39212  5.665e-05   0.0001142   0.0001709   2.089e-08  HS65_LH_NAND2X2
datapath_module/reg_file_module/g43051   0.000111   5.982e-05   0.0001709   6.183e-08  HS65_LH_AO22X4
datapath_module/reg_file_module/g6490   0.000139   3.172e-05   0.0001708   9.128e-08  HS65_LH_MUX21I1X6
datapath_module/reg_file_module/g43271  9.682e-05   7.383e-05   0.0001707   8.674e-08  HS65_LH_NOR2X25
datapath_module/reg_file_module/g42897  0.0001145   5.613e-05   0.0001707   4.873e-08  HS65_LH_AOI222X2
datapath_module/alu_module/g7473  0.0001052   6.528e-05   0.0001705   5.347e-08  HS65_LH_OAI112X1
datapath_module/reg_file_module/g42627  0.0001121   5.831e-05   0.0001705   5.283e-08  HS65_LH_AOI212X2
datapath_module/reg_file_module/g42655  9.807e-05   7.228e-05   0.0001704   5.304e-08  HS65_LH_AOI212X2
datapath_module/alu_module/mul_44_34/g37097  7.052e-05   9.964e-05   0.0001702   4.006e-08  HS65_LH_IVX9
datapath_module/reg_file_module/g42851  4.021e-05   0.0001298     0.00017   2.663e-08  HS65_LH_AOI22X1
datapath_module/reg_file_module/g6647  0.0001348    3.51e-05   0.0001699   8.935e-08  HS65_LH_MUX21I1X6
datapath_module/alu_module/g7501  7.598e-05    9.38e-05   0.0001698   3.538e-08  HS65_LH_OAI21X2
datapath_module/reg_file_module/g42798  0.0001205   4.915e-05   0.0001698   1.131e-07  HS65_LH_MX41X4
datapath_module/alu_module/sub_35_34/g27255  5.107e-05   0.0001186   0.0001697   4.002e-08  HS65_LH_NOR2AX3
datapath_module/reg_file_module/g42587  6.576e-05   0.0001038   0.0001696   4.377e-08  HS65_LH_NAND3X2
datapath_module/reg_file_module/g6842  0.0001439   2.558e-05   0.0001696   9.163e-08  HS65_LH_MUX21I1X6
datapath_module/reg_file_module/g6422  0.0001357   3.328e-05   0.0001691   9.083e-08  HS65_LH_MUX21I1X6
datapath_module/reg_file_module/FE_PHC1650_n_1364  0.0001141   5.437e-05   0.0001686   4.893e-08  HS65_LH_BFX4
datapath_module/alu_module/g7529  7.837e-05   8.986e-05   0.0001683   3.568e-08  HS65_LH_OAI21X2
datapath_module/reg_file_module/g42811    0.00013   3.756e-05   0.0001677   1.095e-07  HS65_LH_MX41X4
datapath_module/reg_file_module/g6414  0.0001383    2.93e-05   0.0001677   9.126e-08  HS65_LH_MUX21I1X6
datapath_module/alu_module/FE_OCPC637_write_data_11  6.059e-05    0.000107   0.0001676   2.118e-08  HS65_LH_IVX2
datapath_module/reg_file_module/FE_PHC1666_n_1159  9.725e-05   7.001e-05   0.0001674   9.997e-08  HS65_LH_BFX13
datapath_module/reg_file_module/g42830  9.189e-05   7.525e-05   0.0001672   5.638e-08  HS65_LH_AOI212X2
datapath_module/reg_file_module/g42878  0.0001194   4.759e-05   0.0001671    4.87e-08  HS65_LH_AOI222X2
datapath_module/alu_module/add_34_34/FE_RC_577_0  6.475e-05   0.0001023   0.0001671   3.934e-08  HS65_LH_IVX9
datapath_module/reg_file_module/g6096  0.0001339   3.307e-05    0.000167   8.869e-08  HS65_LH_MUX21I1X6
datapath_module/reg_file_module/g42674  5.753e-05   0.0001094    0.000167   5.643e-08  HS65_LH_NAND3X2
datapath_module/alu_module/mul_44_34/g37786  7.564e-05   9.113e-05   0.0001668   3.354e-08  HS65_LH_IVX7
datapath_module/alu_module/g7502  7.077e-05   9.587e-05   0.0001667   3.541e-08  HS65_LH_OAI21X2
datapath_module/reg_file_module/g6846  0.0001404     2.6e-05   0.0001665    9.15e-08  HS65_LH_MUX21I1X6
datapath_module/reg_file_module/g42797  0.0001341   3.202e-05   0.0001662   1.095e-07  HS65_LH_MX41X4
datapath_module/reg_file_module/g6410  0.0001275   3.858e-05   0.0001661   9.146e-08  HS65_LH_MUX21I1X6
datapath_module/reg_file_module/g42648  0.0001053   6.067e-05    0.000166   5.472e-08  HS65_LH_AOI212X2
datapath_module/reg_file_module/g6412  0.0001312   3.465e-05    0.000166    9.04e-08  HS65_LH_MUX21I1X6
datapath_module/reg_file_module/g42835  0.0001091   5.677e-05    0.000166   1.111e-07  HS65_LH_MX41X4
datapath_module/alu_module/sub_35_34/g27319  3.975e-05   0.0001261   0.0001659   4.565e-08  HS65_LH_NAND2AX4
datapath_module/reg_file_module/g42730  5.033e-05   0.0001155   0.0001658   5.544e-08  HS65_LH_NAND3X2
datapath_module/reg_file_module/g6818   0.000134   3.161e-05   0.0001657   9.147e-08  HS65_LH_MUX21I1X6
datapath_module/alu_module/add_34_34/g7706  5.881e-05   0.0001068   0.0001656   2.403e-08  HS65_LH_NAND2X7
datapath_module/reg_file_module/g43031  0.0001151   5.038e-05   0.0001655   6.272e-08  HS65_LH_AO22X4
datapath_module/alu_module/mul_44_34/g37725  7.963e-05   8.562e-05   0.0001653   3.244e-08  HS65_LH_PAOI2X1
datapath_module/reg_file_module/g42583  5.901e-05   0.0001061   0.0001651   4.394e-08  HS65_LH_NAND3X2
datapath_module/reg_file_module/g6822   0.000131   3.394e-05    0.000165   8.971e-08  HS65_LH_MUX21I1X6
datapath_module/alu_module/add_34_34/FE_RC_582_0  6.127e-05   0.0001036   0.0001649   3.934e-08  HS65_LH_IVX9
datapath_module/alu_module/mul_44_34/g38177  5.647e-05   0.0001083   0.0001648   2.225e-08  HS65_LH_NOR2X2
datapath_module/reg_file_module/g43194  2.585e-05    0.000138   0.0001639   1.904e-08  HS65_LH_NAND2X2
datapath_module/reg_file_module/FE_RC_389_0  7.746e-05   8.599e-05   0.0001636   1.609e-07  HS65_LH_NOR2AX13
datapath_module/reg_file_module/g6423  0.0001381   2.543e-05   0.0001636   9.107e-08  HS65_LH_MUX21I1X6
datapath_module/reg_file_module/g43315  3.968e-05   0.0001238   0.0001635   3.986e-08  HS65_LH_IVX9
datapath_module/reg_file_module/g42795  0.0001298   3.362e-05   0.0001635   1.163e-07  HS65_LH_MX41X4
datapath_module/reg_file_module/g42823  0.0001203   4.303e-05   0.0001635   1.166e-07  HS65_LH_MX41X4
datapath_module/reg_file_module/FE_PHC1659_n_1191  2.652e-05   0.0001366   0.0001632    4.83e-08  HS65_LH_BFX4
datapath_module/reg_file_module/g42698  5.761e-05   0.0001054   0.0001631   5.561e-08  HS65_LH_NAND3X2
datapath_module/reg_file_module/g43072  0.0001134   4.907e-05   0.0001626   6.229e-08  HS65_LH_AO22X4
datapath_module/reg_file_module/g7444  6.178e-05   0.0001007   0.0001625   5.029e-08  HS65_LH_NOR2AX3
datapath_module/alu_module/drc_bufs7636  4.395e-05   0.0001183   0.0001623   3.999e-08  HS65_LH_IVX9
datapath_module/reg_file_module/FE_OCPC1112_n_2470  0.0001111   5.114e-05   0.0001623   6.253e-08  HS65_LH_BFX9
datapath_module/reg_file_module/g43164  0.0001244   3.773e-05   0.0001621    5.51e-08  HS65_LH_AO22X4
datapath_module/reg_file_module/FE_RC_45_0  5.652e-05   0.0001053    0.000162   1.615e-07  HS65_LH_IVX35
datapath_module/reg_file_module/g43151  0.0001068   5.511e-05   0.0001619   5.186e-08  HS65_LH_AO22X4
datapath_module/alu_module/g7511   7.73e-05   8.451e-05   0.0001618   3.539e-08  HS65_LH_OAI21X2
datapath_module/reg_file_module/g42834  0.0001278   3.379e-05   0.0001617   1.103e-07  HS65_LH_MX41X4
datapath_module/reg_file_module/g42787  8.841e-05   7.271e-05   0.0001612   5.471e-08  HS65_LH_AOI212X2
datapath_module/alu_module/FE_OFC484_write_data_13  5.702e-05    0.000104    0.000161   2.119e-08  HS65_LH_IVX2
datapath_module/alu_module/g7527  6.985e-05   9.114e-05    0.000161   3.544e-08  HS65_LH_OAI21X2
datapath_module/alu_module/sll_42_34/g19798  8.842e-05   7.249e-05   0.0001609   2.621e-08  HS65_LH_NOR2X6
datapath_module/alu_module/g7508  7.111e-05   8.975e-05   0.0001609   3.551e-08  HS65_LH_OAI21X2
datapath_module/alu_module/g7505  7.706e-05   8.359e-05   0.0001607   3.582e-08  HS65_LH_OAI21X2
datapath_module/alu_module/FE_OFC546_write_data_26  6.854e-05   9.173e-05   0.0001603   2.118e-08  HS65_LH_IVX2
datapath_module/alu_module/g7531  8.061e-05   7.932e-05     0.00016    3.72e-08  HS65_LH_OAI21X2
datapath_module/alu_module/mul_44_34/g38258  4.564e-05   0.0001142   0.0001598       4e-08  HS65_LH_IVX9
datapath_module/reg_file_module/g42684  6.554e-05   9.421e-05   0.0001598   5.124e-08  HS65_LH_NAND3X2
datapath_module/reg_file_module/g43038  0.0001037   5.514e-05   0.0001589   6.085e-08  HS65_LH_AO22X4
datapath_module/reg_file_module/g42909  0.0001176   4.111e-05   0.0001588   5.048e-08  HS65_LH_AOI222X2
datapath_module/reg_file_module/g42883   9.42e-05   6.446e-05   0.0001587    3.74e-08  HS65_LH_AOI222X2
datapath_module/reg_file_module/FE_PHC1626_n_1253  1.285e-05   0.0001456   0.0001585   5.382e-08  HS65_LH_BFX7
datapath_module/reg_file_module/FE_PHC1618_n_1066  3.385e-05   0.0001244   0.0001585   2.248e-07  HS65_LH_BFX31
datapath_module/reg_file_module/g43263   9.72e-05   6.114e-05   0.0001585   1.101e-07  HS65_LH_NOR2AX19
datapath_module/reg_file_module/g42765  8.362e-05   7.471e-05   0.0001584    5.74e-08  HS65_LH_AOI212X2
datapath_module/reg_file_module/g42901  0.0001026    5.56e-05   0.0001583   4.579e-08  HS65_LH_AOI222X2
datapath_module/reg_file_module/g6474  0.0001288   2.877e-05   0.0001577   9.133e-08  HS65_LH_MUX21I1X6
datapath_module/reg_file_module/fopt43647  2.167e-05    0.000136   0.0001577   2.795e-08  HS65_LH_IVX4
datapath_module/alu_module/mul_44_34/FE_RC_394_0  9.271e-05   6.471e-05   0.0001575   3.967e-08  HS65_LH_IVX9
datapath_module/reg_file_module/g6354   0.000129   2.826e-05   0.0001574   9.133e-08  HS65_LH_MUX21I1X6
datapath_module/alu_module/g7500   7.49e-05   8.228e-05   0.0001572   3.558e-08  HS65_LH_OAI21X2
datapath_module/reg_file_module/g42827  9.344e-05    6.37e-05   0.0001572   5.711e-08  HS65_LH_AOI212X2
datapath_module/alu_module/g7526  7.474e-05    8.23e-05   0.0001571   3.569e-08  HS65_LH_OAI21X2
datapath_module/reg_file_module/g42708   6.22e-05   9.465e-05   0.0001569   5.989e-08  HS65_LH_AOI212X2
datapath_module/alu_module/g7504  7.397e-05   8.252e-05   0.0001565   3.547e-08  HS65_LH_OAI21X2
datapath_module/reg_file_module/g43249  3.285e-05   0.0001233   0.0001561   2.399e-08  HS65_LH_NOR2X6
datapath_module/reg_file_module/g42633  8.842e-05   6.767e-05   0.0001561   4.429e-08  HS65_LH_AOI212X2
datapath_module/reg_file_module/g43228  4.609e-05   0.0001099   0.0001561   1.272e-07  HS65_LH_IVX27
datapath_module/alu_module/sll_42_34/g19894  8.523e-05   7.017e-05   0.0001554   3.959e-08  HS65_LH_IVX9
datapath_module/reg_file_module/FE_RC_257_0  0.0001364   1.853e-05   0.0001551   1.271e-07  HS65_LH_NOR2AX25
IFU_module/instr_mem/g743      4.307e-05    0.000112   0.0001551   3.438e-08  HS65_LH_NAND2X5
datapath_module/reg_file_module/g42908  6.356e-05    9.13e-05   0.0001549   4.431e-08  HS65_LH_AOI222X2
datapath_module/reg_file_module/g43295  3.013e-05   0.0001246   0.0001548   3.984e-08  HS65_LH_IVX9
datapath_module/reg_file_module/g42549  9.726e-05   5.739e-05   0.0001547   5.637e-08  HS65_LH_AOI212X2
datapath_module/reg_file_module/g42729  3.827e-05   0.0001158   0.0001542   5.521e-08  HS65_LH_NAND3X2
datapath_module/reg_file_module/g6426  0.0001272    2.62e-05   0.0001535   9.147e-08  HS65_LH_MUX21I1X6
datapath_module/reg_file_module/g6418  0.0001241    2.93e-05   0.0001534   8.972e-08  HS65_LH_MUX21I1X6
datapath_module/reg_file_module/g42781  8.118e-05   7.126e-05   0.0001525   4.815e-08  HS65_LH_AOI212X2
datapath_module/alu_module/g7530  7.426e-05   7.813e-05   0.0001524   3.562e-08  HS65_LH_OAI21X2
datapath_module/alu_module/mul_44_34/g37299  5.897e-05   9.342e-05   0.0001524   2.116e-08  HS65_LH_IVX2
datapath_module/reg_file_module/g42598  7.601e-05   7.616e-05   0.0001523   1.138e-07  HS65_LH_NAND4ABX3
datapath_module/reg_file_module/g42801  0.0001198   3.235e-05   0.0001523   1.134e-07  HS65_LH_MX41X4
datapath_module/reg_file_module/g42677  6.331e-05   8.874e-05   0.0001521   5.109e-08  HS65_LH_NAND3X2
datapath_module/reg_file_module/g42913  9.863e-05   5.337e-05    0.000152   4.637e-08  HS65_LH_AOI222X2
datapath_module/alu_module/g7512  7.966e-05   7.221e-05   0.0001519   3.594e-08  HS65_LH_OAI21X2
datapath_module/reg_file_module/g42818  8.987e-05   6.196e-05   0.0001519   4.801e-08  HS65_LH_AOI212X2
datapath_module/reg_file_module/FE_RC_39_0  6.304e-05   8.828e-05   0.0001514   8.113e-08  HS65_LH_IVX18
datapath_module/alu_module/g7509  7.079e-05   7.988e-05   0.0001507   3.547e-08  HS65_LH_OAI21X2
datapath_module/reg_file_module/FE_PHC1665_n_1256  4.523e-05    0.000105   0.0001505   2.914e-07  HS65_LH_BFX44
datapath_module/alu_module/FE_RC_810_0  4.398e-05   0.0001064   0.0001504   3.999e-08  HS65_LH_IVX9
datapath_module/reg_file_module/g43069  0.0001049   4.442e-05   0.0001494    6.05e-08  HS65_LH_AO22X4
datapath_module/alu_module/g7510   7.78e-05   7.117e-05    0.000149   3.595e-08  HS65_LH_OAI21X2
datapath_module/reg_file_module/g43206  3.409e-05   0.0001144   0.0001485   2.399e-08  HS65_LH_NOR2X6
datapath_module/reg_file_module/FE_PHC1591_n_1308  1.298e-05   0.0001354   0.0001485   5.382e-08  HS65_LH_BFX7
datapath_module/reg_file_module/g43212  8.347e-05   6.459e-05   0.0001482   1.313e-07  HS65_LH_NOR2AX25
datapath_module/alu_module/g7664  9.892e-05   4.884e-05   0.0001478   6.762e-08  HS65_LH_OR4X4
datapath_module/reg_file_module/g42791   8.21e-05    6.56e-05   0.0001478   1.017e-07  HS65_LH_MX41X4
datapath_module/alu_module/FE_OFC537_write_data_30  6.257e-05   8.514e-05   0.0001477   2.118e-08  HS65_LH_IVX2
datapath_module/alu_module/mul_44_34/g37520  7.779e-05   6.974e-05   0.0001475   2.115e-08  HS65_LH_NOR3X1
datapath_module/alu_module/srl_43_34/FE_OFC579_n_258  3.458e-05   0.0001125   0.0001471   2.162e-08  HS65_LH_IVX2
datapath_module/reg_file_module/FE_PHC1621_n_1064  1.257e-05   0.0001344   0.0001471   1.173e-07  HS65_LH_BFX18
datapath_module/alu_module/g7516  7.637e-05   7.054e-05   0.0001469   3.571e-08  HS65_LH_OAI21X2
datapath_module/alu_module/add_34_34/g7704  8.213e-05   6.465e-05   0.0001468   3.912e-08  HS65_LH_IVX9
datapath_module/alu_module/FE_OFC598_write_data_3  5.798e-05   8.867e-05   0.0001467   2.118e-08  HS65_LH_IVX2
datapath_module/reg_file_module/FE_RC_37_0  2.655e-05   0.0001197   0.0001463   3.951e-08  HS65_LH_IVX9
datapath_module/reg_file_module/g6421  0.0001223   2.356e-05    0.000146   8.966e-08  HS65_LH_MUX21I1X6
datapath_module/reg_file_module/g43395  2.977e-05   0.0001161    0.000146   3.922e-08  HS65_LH_IVX9
FE_PHC1683_scan_en             0.0001103   3.507e-05   0.0001456    1.66e-07  HS65_LH_BFX27
datapath_module/reg_file_module/g42595  4.901e-05   9.641e-05   0.0001455   1.203e-07  HS65_LH_NAND4ABX3
datapath_module/reg_file_module/g42841  9.741e-05   4.799e-05   0.0001455   5.171e-08  HS65_LH_AOI212X2
datapath_module/reg_file_module/FE_OFC457_n_1091  3.181e-05    0.000113   0.0001451   2.394e-07  HS65_LH_BFX35
datapath_module/alu_module/g7520  7.379e-05   7.096e-05   0.0001448    3.52e-08  HS65_LH_OAI21X2
IFU_module/instr_mem/FE_PHC1575_n_47  6.992e-05   7.477e-05   0.0001447   4.891e-08  HS65_LH_BFX4
datapath_module/reg_file_module/g6183  0.0001159   2.856e-05   0.0001445   8.858e-08  HS65_LH_MUX21I1X6
datapath_module/reg_file_module/g6803  0.0001173   2.701e-05   0.0001444    9.12e-08  HS65_LH_MUX21I1X6
datapath_module/reg_file_module/g7448  5.568e-05   8.865e-05   0.0001444   3.492e-08  HS65_LH_NOR2X6
datapath_module/reg_file_module/FE_OFC552_n_1177  1.796e-05   0.0001264   0.0001444   4.008e-08  HS65_LH_IVX9
datapath_module/reg_file_module/g42701  5.853e-05   8.577e-05   0.0001443   5.601e-08  HS65_LH_NAND3X2
datapath_module/reg_file_module/g42733  6.586e-05   7.836e-05   0.0001443   5.368e-08  HS65_LH_NAND3X2
datapath_module/alu_module/sub_35_34/g27264  3.604e-05   0.0001081   0.0001442    4.49e-08  HS65_LH_NAND2AX4
datapath_module/reg_file_module/g42695  5.418e-05   8.984e-05   0.0001441   5.123e-08  HS65_LH_NAND3X2
datapath_module/alu_module/mul_44_34/FE_OCPC1328_n_748  9.599e-05     4.8e-05   0.0001441   6.292e-08  HS65_LH_BFX9
datapath_module/reg_file_module/g6424  0.0001144   2.909e-05   0.0001436   9.133e-08  HS65_LH_MUX21I1X6
datapath_module/reg_file_module/FE_PHC1604_n_1062  1.935e-05   0.0001239   0.0001435   1.686e-07  HS65_LH_BFX27
FE_PHC1519_SPCBSCAN_N1         9.618e-05   4.705e-05   0.0001433   6.223e-08  HS65_LH_BFX9
datapath_module/reg_file_module/g42736  6.618e-05   7.663e-05   0.0001429   5.431e-08  HS65_LH_OAI112X1
datapath_module/alu_module/add_34_34/g7592  6.708e-05   7.568e-05   0.0001428   3.418e-08  HS65_LH_OAI21X2
datapath_module/alu_module/g7503  7.896e-05   6.295e-05   0.0001419   3.653e-08  HS65_LH_OAI21X2
IFU_module/FE_PSC1694_instruction_code_21  6.877e-05   7.303e-05   0.0001419   6.223e-08  HS65_LH_BFX9
datapath_module/reg_file_module/g42810  8.051e-05   6.126e-05   0.0001418   6.331e-08  HS65_LH_AOI212X2
datapath_module/reg_file_module/g43402  2.213e-05   0.0001195   0.0001417   3.905e-08  HS65_LH_IVX9
datapath_module/reg_file_module/g42802  0.0001071   3.421e-05   0.0001414   1.066e-07  HS65_LH_MX41X4
datapath_module/alu_module/mul_44_34/g37721  6.937e-05   7.176e-05   0.0001412   3.172e-08  HS65_LH_PAOI2X1
datapath_module/reg_file_module/g6407   0.000115   2.589e-05    0.000141   9.106e-08  HS65_LH_MUX21I1X6
datapath_module/reg_file_module/g43365  3.235e-05   0.0001085   0.0001409   3.355e-08  HS65_LH_IVX7
datapath_module/reg_file_module/FE_PHC1515_n_167  8.949e-05   5.135e-05   0.0001409   4.915e-08  HS65_LH_BFX4
datapath_module/reg_file_module/g42887  7.666e-05   6.404e-05   0.0001407   3.839e-08  HS65_LH_AOI222X2
datapath_module/alu_module/mul_44_34/g38363  3.641e-05   0.0001043   0.0001407   2.784e-08  HS65_LH_IVX4
datapath_module/reg_file_module/g43057  9.606e-05    4.45e-05   0.0001406   5.961e-08  HS65_LH_AO22X4
datapath_module/alu_module/g7590  7.427e-05   6.616e-05   0.0001405   3.956e-08  HS65_LH_IVX9
datapath_module/reg_file_module/FE_RC_642_0  6.672e-05   7.367e-05   0.0001404   3.995e-08  HS65_LH_IVX9
datapath_module/alu_module/sll_42_34/g19902  4.597e-05   9.409e-05   0.0001401   3.901e-08  HS65_LH_IVX9
datapath_module/reg_file_module/g42783  7.737e-05   6.259e-05     0.00014   5.178e-08  HS65_LH_AOI212X2
control_module/g599            0.0001008   3.901e-05   0.0001399   5.494e-08  HS65_LH_NOR3AX2
datapath_module/alu_module/srl_43_34/g5836   6.01e-05    7.93e-05   0.0001394   1.856e-08  HS65_LH_NOR2X2
datapath_module/alu_module/g7518  7.014e-05   6.921e-05   0.0001394    3.53e-08  HS65_LH_OAI21X2
datapath_module/reg_file_module/g42794  8.437e-05   5.487e-05   0.0001393   6.429e-08  HS65_LH_AOI212X2
datapath_module/reg_file_module/FE_OFC388_n_2653  2.907e-05   0.0001102   0.0001393   4.371e-08  HS65_LH_BFX2
datapath_module/reg_file_module/g42892  8.377e-05   5.545e-05   0.0001393   4.747e-08  HS65_LH_AOI222X2
datapath_module/reg_file_module/g43222  8.308e-05   5.592e-05   0.0001391   7.213e-08  HS65_LH_NOR3X18
datapath_module/reg_file_module/g42813  8.376e-05   5.522e-05    0.000139   5.935e-08  HS65_LH_AOI212X2
datapath_module/alu_module/mul_44_34/FE_OCPC763_read_data1_1  5.085e-05   8.782e-05   0.0001387   3.351e-08  HS65_LH_IVX7
datapath_module/reg_file_module/FE_PHC1540_n_1331  6.206e-05   7.633e-05   0.0001387   2.913e-07  HS65_LH_BFX44
datapath_module/reg_file_module/g42845  8.741e-05   5.099e-05   0.0001385   5.614e-08  HS65_LH_AOI212X2
datapath_module/alu_module/mul_44_34/g37518  5.931e-05   7.887e-05   0.0001382   1.879e-08  HS65_LH_NOR2X2
datapath_module/alu_module/FE_OFC529_write_data_5  4.721e-05   9.094e-05   0.0001382    2.12e-08  HS65_LH_IVX2
datapath_module/reg_file_module/FE_PHC1525_n_1067  1.499e-05    0.000123   0.0001381       1e-07  HS65_LH_BFX13
control_module/g601            7.058e-05   6.724e-05   0.0001379   5.621e-08  HS65_LH_AOI112X1
datapath_module/reg_file_module/g42856  5.286e-05   8.486e-05   0.0001377   2.723e-08  HS65_LH_AOI22X1
datapath_module/alu_module/add_34_34/g7580  6.182e-05   7.552e-05   0.0001374   3.897e-08  HS65_LH_IVX9
datapath_module/alu_module/mul_44_34/g38116  5.007e-05   8.723e-05   0.0001373   2.165e-08  HS65_LH_NAND2X2
datapath_module/reg_file_module/g43600  2.945e-05   0.0001077   0.0001372   3.804e-08  HS65_LH_NOR2AX3
datapath_module/alu_module/sub_35_34/g27266  7.789e-05   5.863e-05   0.0001366   4.602e-08  HS65_LH_NAND2AX4
datapath_module/alu_module/mul_44_34/g38257  7.617e-05   6.035e-05   0.0001366   3.963e-08  HS65_LH_IVX9
datapath_module/reg_file_module/g42889  8.839e-05   4.798e-05   0.0001364   4.294e-08  HS65_LH_AOI222X2
datapath_module/reg_file_module/g43050  9.615e-05   4.019e-05   0.0001364   5.963e-08  HS65_LH_AO22X4
datapath_module/reg_file_module/g42945  8.434e-05   5.188e-05   0.0001363   5.876e-08  HS65_LH_AO22X4
datapath_module/alu_module/mul_44_34/g38374  3.934e-05   9.666e-05    0.000136   3.994e-08  HS65_LH_IVX9
datapath_module/reg_file_module/FE_PHC1595_n_1144  1.915e-05   0.0001167    0.000136   1.686e-07  HS65_LH_BFX27
datapath_module/alu_module/sub_35_34/g27062  5.995e-05   7.501e-05    0.000135   2.163e-08  HS65_LH_NOR2X6
IFU_module/instr_mem/FE_PHC1610_n_58  7.802e-05   5.681e-05   0.0001349   6.223e-08  HS65_LH_BFX9
datapath_module/alu_module/FE_OFC549_write_data_10  5.191e-05   8.295e-05   0.0001349   2.114e-08  HS65_LH_IVX2
datapath_module/alu_module/mul_44_34/g37728  6.402e-05   7.048e-05   0.0001345   3.063e-08  HS65_LH_PAOI2X1
IFU_module/instr_mem/FE_PHC1578_n_58  7.802e-05   5.639e-05   0.0001345   6.223e-08  HS65_LH_BFX9
datapath_module/reg_file_module/g42768  8.197e-05   5.183e-05   0.0001339   6.423e-08  HS65_LH_AOI212X2
datapath_module/alu_module/mul_44_34/g38387  3.612e-05   9.716e-05   0.0001333   4.005e-08  HS65_LH_IVX9
datapath_module/reg_file_module/g6142  0.0001069   2.606e-05    0.000133   8.902e-08  HS65_LH_MUX21I1X6
datapath_module/reg_file_module/g43080    8.6e-05   4.689e-05    0.000133   5.635e-08  HS65_LH_AO22X4
datapath_module/reg_file_module/g42839  6.405e-05   6.876e-05   0.0001329   6.197e-08  HS65_LH_AOI212X2
datapath_module/reg_file_module/g43325  4.035e-05   9.247e-05   0.0001329   3.976e-08  HS65_LH_IVX9
datapath_module/reg_file_module/FE_PHC1545_n_1879  9.783e-05   3.496e-05   0.0001329   6.208e-08  HS65_LH_BFX9
datapath_module/alu_module/add_34_34/g7701  5.317e-05   7.966e-05   0.0001329   2.538e-08  HS65_LH_NAND2X7
datapath_module/reg_file_module/FE_RC_686_0  4.922e-05   8.354e-05   0.0001328   7.591e-08  HS65_LH_NAND2X7
datapath_module/reg_file_module/g42639   9.12e-05   4.104e-05   0.0001323    4.92e-08  HS65_LH_AOI212X2
datapath_module/alu_module/mul_44_34/g38108  3.019e-05   0.0001019   0.0001321    1.53e-08  HS65_LH_NAND2X2
datapath_module/reg_file_module/FE_OCPC772_n_4287  6.955e-05   6.215e-05   0.0001318   6.223e-08  HS65_LH_BFX9
datapath_module/alu_module/mul_44_34/g38269  3.191e-05   9.981e-05   0.0001318   3.997e-08  HS65_LH_IVX9
datapath_module/reg_file_module/g43071  9.349e-05   3.808e-05   0.0001316   6.105e-08  HS65_LH_AO22X4
datapath_module/reg_file_module/g43036   8.98e-05   4.144e-05   0.0001313   5.859e-08  HS65_LH_AO22X4
IFU_module/instr_mem/g747       2.54e-05   0.0001058   0.0001312   2.375e-08  HS65_LH_NOR2X2
datapath_module/reg_file_module/g43040   4.54e-05   8.543e-05   0.0001309   3.127e-08  HS65_LH_AOI22X1
control_module/g600             7.53e-05   5.544e-05   0.0001308   5.594e-08  HS65_LH_AOI112X1
datapath_module/reg_file_module/FE_PHC1645_n_1159  7.142e-05   5.917e-05   0.0001307   6.289e-08  HS65_LH_BFX9
datapath_module/alu_module/mul_44_34/FE_OCPC762_read_data1_1  5.083e-05   7.975e-05   0.0001306   3.351e-08  HS65_LH_IVX7
datapath_module/reg_file_module/g42971  9.234e-05   3.802e-05   0.0001304   5.775e-08  HS65_LH_AO22X4
FE_PHC1674_SPCBSCAN_N1         9.683e-05   3.309e-05     0.00013   6.223e-08  HS65_LH_BFX9
datapath_module/reg_file_module/g42944  4.884e-05     8.1e-05   0.0001299   3.007e-08  HS65_LH_AOI22X1
datapath_module/reg_file_module/FE_OCPC1416_n_2411  8.268e-05   4.686e-05   0.0001296   6.184e-08  HS65_LH_BFX9
datapath_module/alu_module/g7585  5.346e-05   7.512e-05   0.0001286   2.787e-08  HS65_LH_IVX4
datapath_module/reg_file_module/FE_PHC1571_n_1321  4.159e-05   8.658e-05   0.0001285   2.914e-07  HS65_LH_BFX44
datapath_module/reg_file_module/g42986  9.581e-05   3.254e-05   0.0001284   5.963e-08  HS65_LH_AO22X4
datapath_module/reg_file_module/g43259  5.188e-05   7.628e-05   0.0001282    4.27e-08  HS65_LH_AND2X4
IFU_module/instr_mem/fopt777   6.942e-05   5.801e-05   0.0001275   6.223e-08  HS65_LH_BFX9
IFU_module/FE_OCPC1437_instruction_code_22  9.543e-05   3.169e-05   0.0001272   6.223e-08  HS65_LH_BFX9
datapath_module/reg_file_module/g43163   6.94e-05   5.768e-05   0.0001271   3.276e-08  HS65_LH_AOI22X1
datapath_module/reg_file_module/FE_RC_536_0  0.0001143   1.258e-05   0.0001269   7.711e-08  HS65_LH_NOR2X25
datapath_module/reg_file_module/g42731  5.543e-05   7.131e-05   0.0001268   5.403e-08  HS65_LH_NAND3X2
datapath_module/reg_file_module/FE_PHC1656_n_1159  7.243e-05   5.398e-05   0.0001265   6.289e-08  HS65_LH_BFX9
datapath_module/reg_file_module/FE_PHC1582_n_1152  9.502e-05   3.108e-05   0.0001262   9.997e-08  HS65_LH_BFX13
datapath_module/reg_file_module/g42800  7.004e-05   5.608e-05   0.0001262   6.308e-08  HS65_LH_AOI212X2
datapath_module/reg_file_module/g42858  5.305e-05   7.278e-05   0.0001259   2.892e-08  HS65_LH_AOI22X1
datapath_module/reg_file_module/g7677   2.58e-05   9.988e-05   0.0001258   1.223e-07  HS65_LH_OR2ABX18
datapath_module/reg_file_module/g42872  4.334e-05   8.219e-05   0.0001256    2.85e-08  HS65_LH_AOI22X1
datapath_module/alu_module/add_34_34/g7575  4.424e-05   8.121e-05   0.0001255   1.439e-08  HS65_LH_NOR2X2
datapath_module/reg_file_module/FE_RC_273_0  5.161e-05   7.374e-05   0.0001254   8.135e-08  HS65_LH_IVX18
datapath_module/reg_file_module/g7441   1.76e-05   0.0001078   0.0001254   4.009e-08  HS65_LH_IVX9
datapath_module/alu_module/add_34_34/FE_OCPC767_read_data1_1  5.009e-05   7.519e-05   0.0001253   3.351e-08  HS65_LH_IVX7
datapath_module/reg_file_module/drc_bufs43548  1.906e-05   0.0001058   0.0001249   4.009e-08  HS65_LH_IVX9
datapath_module/reg_file_module/g42771  6.642e-05   5.835e-05   0.0001248   6.268e-08  HS65_LH_AOI212X2
datapath_module/alu_module/mul_44_34/g38165  6.156e-05     6.3e-05   0.0001246   3.907e-08  HS65_LH_IVX9
datapath_module/reg_file_module/g42907  7.896e-05   4.532e-05   0.0001243   4.869e-08  HS65_LH_AOI222X2
datapath_module/reg_file_module/g42868  5.781e-05   6.621e-05    0.000124   3.086e-08  HS65_LH_AOI22X1
datapath_module/alu_module/mul_44_34/g39213  4.887e-05     7.5e-05   0.0001239   2.137e-08  HS65_LH_NAND2X2
datapath_module/alu_module/add_34_34/FE_OCPC768_read_data1_1  5.009e-05   7.371e-05   0.0001238   3.351e-08  HS65_LH_IVX7
datapath_module/reg_file_module/g42675  4.548e-05   7.828e-05   0.0001238   5.231e-08  HS65_LH_NAND3X2
control_module/g609            5.064e-05   7.292e-05   0.0001236   4.529e-08  HS65_LH_AND2X4
datapath_module/reg_file_module/g42904  8.213e-05    4.09e-05   0.0001231   4.212e-08  HS65_LH_AOI222X2
datapath_module/reg_file_module/g42780  6.977e-05   5.296e-05   0.0001228   6.388e-08  HS65_LH_AOI212X2
datapath_module/reg_file_module/g43042  8.134e-05   4.136e-05   0.0001228   5.738e-08  HS65_LH_AO22X4
datapath_module/reg_file_module/g42860  5.053e-05   7.209e-05   0.0001226   2.227e-08  HS65_LH_AOI22X1
datapath_module/reg_file_module/g42782  8.435e-05   3.703e-05   0.0001214   5.003e-08  HS65_LH_AOI212X2
datapath_module/alu_module/add_34_34/g7689  5.472e-05   6.637e-05   0.0001211   3.905e-08  HS65_LH_IVX9
datapath_module/alu_module/sll_42_34/g19858  7.297e-05   4.804e-05   0.0001211   4.051e-08  HS65_LH_AND2X4
FE_PHC1516_scan_en             9.582e-05    2.49e-05   0.0001209   1.503e-07  HS65_LH_BFX22
datapath_module/reg_file_module/FE_RC_12_0   3.86e-05   8.159e-05   0.0001204   1.703e-07  HS65_LH_IVX35
datapath_module/reg_file_module/g42759   7.56e-05   4.432e-05     0.00012   5.817e-08  HS65_LH_AOI212X2
datapath_module/reg_file_module/g42977  8.223e-05   3.764e-05   0.0001199   5.625e-08  HS65_LH_AO22X4
datapath_module/reg_file_module/g42982  4.547e-05   7.425e-05   0.0001198    3.26e-08  HS65_LH_AOI22X1
IFU_module/instr_mem/FE_PHC1653_instruction_code_9  8.121e-05   3.841e-05   0.0001197   9.993e-08  HS65_LH_BFX13
datapath_module/reg_file_module/FE_OCPC1013_n_2426  4.662e-05   7.287e-05   0.0001196   6.293e-08  HS65_LH_BFX9
datapath_module/alu_module/add_34_34/g7550  5.343e-05    6.57e-05   0.0001192   3.357e-08  HS65_LH_IVX7
datapath_module/alu_module/add_34_34/g7513  3.209e-05    8.69e-05    0.000119   3.348e-08  HS65_LH_IVX7
datapath_module/reg_file_module/g6794  9.319e-05   2.568e-05    0.000119   9.143e-08  HS65_LH_MUX21I1X6
datapath_module/alu_module/mul_44_34/g37101  6.962e-05   4.909e-05   0.0001187   4.005e-08  HS65_LH_IVX9
IFU_module/instr_mem/FE_PHC1552_n_56  5.711e-05   6.156e-05   0.0001187   4.891e-08  HS65_LH_BFX4
datapath_module/reg_file_module/g42772  7.776e-05   4.089e-05   0.0001187   4.833e-08  HS65_LH_AOI212X2
FE_PHC1679_scan_en             9.675e-05   2.119e-05   0.0001181   1.503e-07  HS65_LH_BFX22
datapath_module/reg_file_module/g42812    6.2e-05   5.587e-05   0.0001179   6.356e-08  HS65_LH_AOI212X2
datapath_module/reg_file_module/g42786  6.652e-05   5.135e-05   0.0001179   5.073e-08  HS65_LH_AOI212X2
datapath_module/alu_module/mul_44_34/g38247  3.399e-05   8.322e-05   0.0001172    3.35e-08  HS65_LH_IVX7
datapath_module/reg_file_module/g42893  7.635e-05   4.084e-05   0.0001172    4.28e-08  HS65_LH_AOI222X2
datapath_module/reg_file_module/g7216  1.903e-05   9.802e-05   0.0001172   1.173e-07  HS65_LH_BFX18
datapath_module/reg_file_module/g42967  8.735e-05   2.971e-05   0.0001171   5.939e-08  HS65_LH_AO22X4
datapath_module/alu_module/add_34_34/g7719  6.407e-05   5.263e-05   0.0001167   3.904e-08  HS65_LH_IVX9
datapath_module/reg_file_module/g42788  8.331e-05   3.272e-05   0.0001161    1.03e-07  HS65_LH_MX41X4
datapath_module/reg_file_module/FE_RC_17_0  3.537e-05   8.032e-05   0.0001158   1.568e-07  HS65_LH_IVX31
IFU_module/instr_mem/FE_PHC1635_n_56  5.727e-05    5.82e-05   0.0001155   4.891e-08  HS65_LH_BFX4
datapath_module/alu_module/g7506  6.315e-05   5.232e-05   0.0001155   3.534e-08  HS65_LH_OAI21X2
datapath_module/reg_file_module/g7679  6.758e-05   4.742e-05   0.0001151   4.912e-08  HS65_LH_NAND2AX7
datapath_module/reg_file_module/FE_RC_792_0  1.453e-05   0.0001004   0.0001149   3.891e-08  HS65_LH_IVX9
datapath_module/alu_module/g7458  6.863e-05   4.622e-05   0.0001149    2.77e-08  HS65_LH_NOR3X4
datapath_module/reg_file_module/FE_RC_524_0  3.273e-05    8.19e-05   0.0001147   3.984e-08  HS65_LH_IVX9
datapath_module/alu_module/add_34_34/g7710  3.888e-05   7.576e-05   0.0001147    2.63e-08  HS65_LH_NAND2X7
datapath_module/reg_file_module/g6405  9.192e-05   2.247e-05   0.0001145   8.942e-08  HS65_LH_MUX21I1X6
datapath_module/reg_file_module/FE_PHC1541_n_1308  6.359e-05    5.05e-05   0.0001144   2.913e-07  HS65_LH_BFX44
datapath_module/alu_module/mul_44_34/g37389  5.325e-05   6.076e-05    0.000114   2.114e-08  HS65_LH_IVX2
datapath_module/reg_file_module/g7421  3.073e-05   8.315e-05    0.000114   1.022e-07  HS65_LH_OR2X18
datapath_module/reg_file_module/g6820  9.275e-05   2.114e-05    0.000114   9.066e-08  HS65_LH_MUX21I1X6
datapath_module/reg_file_module/g42898  8.632e-05   2.745e-05   0.0001138   6.887e-08  HS65_LH_AO222X4
datapath_module/reg_file_module/g42590  5.266e-05   6.077e-05   0.0001135   1.224e-07  HS65_LH_NAND4ABX3
datapath_module/reg_file_module/g43208  2.477e-05   8.872e-05   0.0001135   2.101e-08  HS65_LH_NOR2X6
datapath_module/reg_file_module/g42582  6.412e-05   4.931e-05   0.0001135    4.43e-08  HS65_LH_NAND3X2
datapath_module/reg_file_module/FE_RC_176_0  2.742e-05   8.595e-05   0.0001134   3.951e-08  HS65_LH_IVX9
datapath_module/reg_file_module/FE_OCPC1365_FE_RN_4  6.719e-05   4.616e-05   0.0001134    6.16e-08  HS65_LH_BFX9
datapath_module/reg_file_module/g7205  1.859e-05   9.435e-05   0.0001131   1.173e-07  HS65_LH_BFX18
datapath_module/reg_file_module/fopt43632  2.759e-05   8.536e-05    0.000113   3.951e-08  HS65_LH_IVX9
datapath_module/reg_file_module/g42861  4.832e-05   6.424e-05   0.0001126   2.885e-08  HS65_LH_AOI22X1
datapath_module/reg_file_module/g42957  8.111e-05   3.133e-05   0.0001125   5.839e-08  HS65_LH_AO22X4
datapath_module/reg_file_module/FE_PHC1660_n_1069  3.967e-05   7.267e-05   0.0001124   4.833e-08  HS65_LH_BFX4
datapath_module/alu_module/sll_42_34/g19854  5.309e-05   5.908e-05   0.0001122   2.684e-08  HS65_LH_NAND2X7
datapath_module/reg_file_module/FE_PHC1624_n_1321  8.563e-06   0.0001032   0.0001118   5.381e-08  HS65_LH_BFX7
datapath_module/alu_module/add_34_34/g7694  4.673e-05   6.479e-05   0.0001115       2e-08  HS65_LH_NAND2X7
IFU_module/instr_mem/g735      3.533e-05   7.603e-05   0.0001114   3.218e-08  HS65_LH_NOR2X6
datapath_module/reg_file_module/g43298  2.653e-05   8.466e-05   0.0001112   3.349e-08  HS65_LH_IVX7
datapath_module/reg_file_module/FE_PHC1548_n_2282  6.616e-05   4.501e-05   0.0001112   4.374e-08  HS65_LH_BFX2
datapath_module/alu_module/g7591  4.532e-05   6.542e-05   0.0001108   2.787e-08  HS65_LH_IVX4
datapath_module/reg_file_module/g7106  9.293e-05   1.707e-05   0.0001101   1.171e-07  HS65_LH_BFX18
datapath_module/alu_module/FE_RC_268_0  4.388e-05   6.601e-05   0.0001099   3.999e-08  HS65_LH_IVX9
datapath_module/reg_file_module/drc_bufs43463  2.429e-05   8.536e-05   0.0001097   4.004e-08  HS65_LH_IVX9
datapath_module/reg_file_module/FE_RC_685_0  5.213e-05   5.746e-05   0.0001097   6.997e-08  HS65_LH_AND2X4
datapath_module/reg_file_module/g43234  1.536e-05   9.382e-05   0.0001092   3.357e-08  HS65_LH_IVX7
IFU_module/instr_mem/FE_PHC1520_n_48  5.805e-05   5.055e-05   0.0001086   4.374e-08  HS65_LH_BFX2
IFU_module/instr_mem/FE_OCPC1358_n_39   6.89e-05   3.947e-05   0.0001084   6.223e-08  HS65_LH_BFX9
datapath_module/reg_file_module/g42932  4.234e-05   6.554e-05   0.0001079   3.367e-08  HS65_LH_AOI22X1
datapath_module/reg_file_module/g42891  6.804e-05   3.953e-05   0.0001076     4.4e-08  HS65_LH_AOI222X2
datapath_module/alu_module/g7430  0.0001074   8.787e-10   0.0001074     3.3e-08  HS65_LH_NAND2X14
datapath_module/reg_file_module/g42814  6.279e-05   4.457e-05   0.0001074   5.221e-08  HS65_LH_AOI212X2
datapath_module/reg_file_module/g42996  4.321e-05   6.378e-05    0.000107   3.335e-08  HS65_LH_AOI22X1
IFU_module/instr_mem/fopt785   7.912e-05   2.761e-05   0.0001068   6.223e-08  HS65_LH_BFX9
datapath_module/reg_file_module/g42867  5.531e-05   5.117e-05   0.0001065   2.968e-08  HS65_LH_AOI22X1
datapath_module/reg_file_module/g42951  4.245e-05    6.39e-05   0.0001064   2.838e-08  HS65_LH_AOI22X1
datapath_module/reg_file_module/g42962  3.291e-05   7.309e-05    0.000106   3.168e-08  HS65_LH_AOI22X1
IFU_module/instr_mem/g742      4.883e-05   5.676e-05   0.0001056   3.908e-08  HS65_LH_NOR2X6
datapath_module/reg_file_module/g42969  5.449e-05   5.091e-05   0.0001054   3.477e-08  HS65_LH_AOI22X1
datapath_module/reg_file_module/g42939  4.917e-05    5.61e-05   0.0001053   3.042e-08  HS65_LH_AOI22X1
datapath_module/reg_file_module/FE_RC_84_0  7.372e-05   3.128e-05    0.000105   5.215e-08  HS65_LH_NAND2AX7
datapath_module/alu_module/sub_35_34/g27160  5.403e-05   5.053e-05   0.0001046   1.976e-08  HS65_LH_NAND2X2
datapath_module/alu_module/sll_42_34/FE_OFC591_n_561  5.625e-05   4.819e-05   0.0001045   3.351e-08  HS65_LH_IVX7
datapath_module/reg_file_module/FE_PHC1638_n_1065  4.594e-05   5.844e-05   0.0001044   5.389e-08  HS65_LH_BFX7
datapath_module/reg_file_module/g42911  5.635e-05   4.779e-05   0.0001042   4.077e-08  HS65_LH_AOI222X2
datapath_module/alu_module/g7562  8.799e-05   1.607e-05   0.0001041   7.485e-08  HS65_LH_OR2ABX9
IFU_module/instr_mem/g738      6.062e-05   4.289e-05   0.0001035   4.203e-08  HS65_LH_OAI21X3
control_module/g608            3.395e-05    6.94e-05   0.0001034   2.815e-08  HS65_LH_NOR2X2
datapath_module/reg_file_module/g42764  6.567e-05   3.724e-05    0.000103   6.037e-08  HS65_LH_AOI212X2
datapath_module/reg_file_module/g7215  2.904e-05    7.37e-05   0.0001029   1.686e-07  HS65_LH_BFX27
datapath_module/alu_module/sll_42_34/g2  3.939e-05   6.336e-05   0.0001028   3.692e-08  HS65_LH_NAND2AX4
IFU_module/instr_mem/FE_OCPC656_n_39  6.938e-05   3.314e-05   0.0001026   6.223e-08  HS65_LH_BFX9
datapath_module/reg_file_module/g7225  4.737e-05   5.488e-05   0.0001025   2.299e-07  HS65_LH_OR2ABX35
datapath_module/reg_file_module/g43291  3.213e-05   6.988e-05   0.0001021   3.904e-08  HS65_LH_IVX9
datapath_module/reg_file_module/FE_PHC1642_n_1331  2.019e-05   8.073e-05    0.000101       1e-07  HS65_LH_BFX13
datapath_module/alu_module/mul_44_34/g38171  6.463e-05   3.569e-05   0.0001003   3.023e-08  HS65_LH_NAND2X7
datapath_module/reg_file_module/FE_PHC1607_n_1064  2.078e-05    7.93e-05   0.0001003   2.248e-07  HS65_LH_BFX31
FE_PHC1573_SPCBSCAN_N1         5.851e-05   4.126e-05   9.982e-05   4.374e-08  HS65_LH_BFX2
datapath_module/alu_module/g7300  2.952e-05   7.013e-05    9.97e-05    4.39e-08  HS65_LH_NAND4ABX6
datapath_module/reg_file_module/g2  5.039e-05   4.925e-05   9.969e-05   5.793e-08  HS65_LH_OR2X9
datapath_module/reg_file_module/FE_PHC1592_n_1094   6.54e-05   3.394e-05   9.944e-05       1e-07  HS65_LH_BFX13
datapath_module/reg_file_module/drc_bufs43516  2.453e-05   7.486e-05   9.942e-05   4.004e-08  HS65_LH_IVX9
FE_PHC1633_SPCBSCAN_N1         5.858e-05   4.032e-05   9.894e-05   4.374e-08  HS65_LH_BFX2
datapath_module/reg_file_module/g7204  1.875e-05   7.998e-05   9.885e-05   1.173e-07  HS65_LH_BFX18
datapath_module/alu_module/FE_RC_286_0  4.534e-05   5.336e-05   9.874e-05   3.904e-08  HS65_LH_IVX9
datapath_module/reg_file_module/g43052   4.09e-05   5.777e-05   9.871e-05   3.329e-08  HS65_LH_AOI22X1
datapath_module/reg_file_module/g42956  4.482e-05    5.34e-05   9.824e-05   2.846e-08  HS65_LH_AOI22X1
datapath_module/reg_file_module/FE_OCPC1405_n_2486  6.659e-05   3.156e-05   9.821e-05    6.16e-08  HS65_LH_BFX9
datapath_module/reg_file_module/g43077  5.495e-05   4.292e-05    9.79e-05   3.526e-08  HS65_LH_AOI22X1
IFU_module/FE_OCPC606_n_8      6.922e-05   2.807e-05   9.735e-05   6.223e-08  HS65_LH_BFX9
datapath_module/reg_file_module/drc_bufs43905  2.638e-05    7.05e-05   9.693e-05   4.004e-08  HS65_LH_IVX9
datapath_module/reg_file_module/g42952  7.016e-05   2.634e-05   9.656e-05   5.678e-08  HS65_LH_AO22X4
datapath_module/reg_file_module/FE_RC_30_0  9.293e-05   3.392e-06   9.636e-05   3.611e-08  HS65_LH_NOR2X13
datapath_module/alu_module/FE_RC_109_0  4.378e-05   5.254e-05   9.636e-05   3.999e-08  HS65_LH_IVX9
datapath_module/reg_file_module/g43030  7.368e-05   2.254e-05   9.628e-05   5.768e-08  HS65_LH_AO22X4
datapath_module/alu_module/FE_RC_346_0  4.757e-05    4.84e-05   9.601e-05   3.999e-08  HS65_LH_IVX9
datapath_module/reg_file_module/FE_OCPC1458_n_2509  6.709e-05   2.874e-05   9.589e-05    6.16e-08  HS65_LH_BFX9
datapath_module/reg_file_module/g43076  4.129e-05   5.451e-05   9.583e-05   3.173e-08  HS65_LH_AOI22X1
datapath_module/alu_module/g7564  7.649e-05   1.912e-05   9.568e-05   7.389e-08  HS65_LH_OR2ABX9
datapath_module/reg_file_module/g42864  5.272e-05   4.256e-05   9.531e-05   2.358e-08  HS65_LH_AOI22X1
datapath_module/reg_file_module/FE_PHC1560_n_1067  9.264e-06   8.597e-05   9.528e-05   5.381e-08  HS65_LH_BFX7
datapath_module/reg_file_module/g43354  2.998e-05   6.505e-05   9.507e-05   3.984e-08  HS65_LH_IVX9
datapath_module/reg_file_module/g42941  4.988e-05   4.504e-05   9.495e-05   3.474e-08  HS65_LH_AOI22X1
datapath_module/reg_file_module/FE_PHC1625_n_1094  6.602e-05   2.866e-05   9.479e-05       1e-07  HS65_LH_BFX13
IFU_module/instr_mem/g731      3.829e-05   5.606e-05   9.439e-05   3.292e-08  HS65_LH_NAND2X7
datapath_module/reg_file_module/g42805  5.991e-05   3.438e-05   9.435e-05   6.443e-08  HS65_LH_AOI212X2
datapath_module/reg_file_module/g42929  4.955e-05   4.431e-05   9.389e-05   3.072e-08  HS65_LH_AOI22X1
datapath_module/alu_module/g7560  7.202e-05    2.16e-05   9.369e-05   7.297e-08  HS65_LH_OR2ABX9
datapath_module/reg_file_module/g43001  6.354e-05   2.962e-05   9.322e-05   5.198e-08  HS65_LH_AO22X4
datapath_module/reg_file_module/g42669  6.981e-05   2.324e-05   9.315e-05   1.009e-07  HS65_LH_AO212X4
datapath_module/alu_module/srl_43_34/g2  4.699e-05   4.611e-05   9.315e-05   3.875e-08  HS65_LH_NOR2AX3
datapath_module/reg_file_module/g7674   4.69e-05   4.582e-05   9.276e-05   4.211e-08  HS65_LH_NAND2AX4
datapath_module/reg_file_module/g43067   4.77e-05   4.499e-05   9.272e-05   2.845e-08  HS65_LH_AOI22X1
datapath_module/reg_file_module/g42871  4.105e-05   5.145e-05   9.253e-05   2.738e-08  HS65_LH_AOI22X1
datapath_module/reg_file_module/g42778  5.563e-05   3.663e-05   9.232e-05   5.953e-08  HS65_LH_AOI212X2
datapath_module/reg_file_module/g42824  5.645e-05   3.449e-05     9.1e-05   6.175e-08  HS65_LH_AOI212X2
datapath_module/reg_file_module/g43094  6.448e-05   2.641e-05   9.094e-05   4.518e-08  HS65_LH_AND2X4
datapath_module/reg_file_module/g42660  3.907e-05   5.175e-05   9.087e-05   4.091e-08  HS65_LH_AOI21X2
datapath_module/reg_file_module/g42758  4.076e-05   4.991e-05   9.071e-05   4.639e-08  HS65_LH_AOI212X2
datapath_module/reg_file_module/g7214  4.619e-05   4.401e-05   9.043e-05   2.298e-07  HS65_LH_OR2ABX35
datapath_module/reg_file_module/g42910  5.875e-05   3.148e-05   9.028e-05   4.208e-08  HS65_LH_AOI222X2
datapath_module/reg_file_module/FE_RC_22_0  5.023e-05   3.987e-05   9.026e-05   1.567e-07  HS65_LH_IVX31
datapath_module/reg_file_module/g43020  3.897e-05   5.122e-05   9.022e-05   2.668e-08  HS65_LH_AOI22X1
datapath_module/reg_file_module/FE_OCPC671_n_2427  4.629e-05   4.344e-05   8.978e-05   6.154e-08  HS65_LH_BFX9
FE_PHC1662_SPCBSCAN_N1         5.891e-05   3.075e-05   8.971e-05   4.374e-08  HS65_LH_BFX2
datapath_module/reg_file_module/g42874  4.279e-05   4.683e-05   8.964e-05   2.264e-08  HS65_LH_AOI22X1
datapath_module/reg_file_module/FE_PHC1613_n_1065  3.313e-05   5.639e-05   8.956e-05   4.371e-08  HS65_LH_BFX2
datapath_module/reg_file_module/FE_RC_75_0  6.883e-05   2.067e-05   8.954e-05   4.372e-08  HS65_LH_NOR2X13
datapath_module/reg_file_module/g42989  4.558e-05   4.383e-05   8.944e-05   3.055e-08  HS65_LH_AOI22X1
control_module/g610            3.201e-05   5.728e-05   8.933e-05   3.984e-08  HS65_LH_IVX9
datapath_module/reg_file_module/g43070   4.94e-05    3.97e-05   8.913e-05   2.696e-08  HS65_LH_AOI22X1
datapath_module/reg_file_module/g42979  6.775e-05   2.105e-05   8.885e-05   5.362e-08  HS65_LH_AO22X4
datapath_module/reg_file_module/g43598  5.044e-05   3.824e-05   8.874e-05   5.838e-08  HS65_LH_OR2X9
datapath_module/reg_file_module/g42972  2.972e-05   5.889e-05   8.863e-05   2.761e-08  HS65_LH_AOI22X1
datapath_module/reg_file_module/g43007   4.52e-05   4.335e-05   8.859e-05   3.408e-08  HS65_LH_AOI22X1
datapath_module/reg_file_module/g7283   4.63e-05   4.188e-05    8.84e-05   2.298e-07  HS65_LH_OR2ABX35
datapath_module/reg_file_module/FE_PHC1530_n_1059  4.016e-05   4.785e-05   8.817e-05   1.686e-07  HS65_LH_BFX27
datapath_module/reg_file_module/g42936  6.219e-05    2.56e-05   8.785e-05   5.432e-08  HS65_LH_AO22X4
datapath_module/reg_file_module/g42709   3.46e-05   5.314e-05    8.78e-05   6.087e-08  HS65_LH_AOI212X4
datapath_module/reg_file_module/g43063  3.595e-05   5.108e-05   8.706e-05   3.241e-08  HS65_LH_AOI22X1
datapath_module/reg_file_module/g42980  3.905e-05   4.767e-05   8.676e-05   3.288e-08  HS65_LH_AOI22X1
datapath_module/reg_file_module/FE_RC_44_0  3.173e-05    5.48e-05   8.666e-05   1.273e-07  HS65_LH_IVX27
FE_PHC1608_SPCBSCAN_N1         5.821e-05   2.832e-05   8.658e-05   4.374e-08  HS65_LH_BFX2
datapath_module/reg_file_module/g42903   6.02e-05   2.578e-05   8.602e-05   4.478e-08  HS65_LH_AOI222X2
datapath_module/reg_file_module/g43048   3.82e-05   4.746e-05   8.569e-05   3.186e-08  HS65_LH_AOI22X1
datapath_module/reg_file_module/g42753  5.449e-05   3.111e-05   8.566e-05   6.134e-08  HS65_LH_AOI212X2
datapath_module/reg_file_module/g42714  4.059e-05    4.45e-05   8.519e-05   9.519e-08  HS65_LH_AO112X4
datapath_module/alu_module/g7302  5.111e-05   3.402e-05   8.518e-05   4.937e-08  HS65_LH_OR3X4
datapath_module/reg_file_module/g42933  4.302e-05   4.201e-05   8.506e-05   3.437e-08  HS65_LH_AOI22X1
datapath_module/reg_file_module/FE_RC_607_0  6.805e-05   1.657e-05   8.471e-05   8.583e-08  HS65_LH_NAND2AX14
datapath_module/reg_file_module/FE_RC_29_0  6.398e-05   2.062e-05   8.464e-05   4.253e-08  HS65_LH_NOR2X13
datapath_module/reg_file_module/g42697  2.486e-05   5.946e-05   8.438e-05    6.05e-08  HS65_LH_NAND3X2
datapath_module/reg_file_module/drc_bufs43564  1.816e-05   6.605e-05   8.425e-05   4.009e-08  HS65_LH_IVX9
FE_PHC1651_SPCBSCAN_N1         5.862e-05   2.556e-05   8.423e-05   4.374e-08  HS65_LH_BFX2
datapath_module/reg_file_module/g43073   2.97e-05   5.441e-05   8.414e-05   2.957e-08  HS65_LH_AOI22X1
datapath_module/reg_file_module/g42948  3.413e-05   4.986e-05   8.401e-05    2.86e-08  HS65_LH_AOI22X1
datapath_module/reg_file_module/g43035  3.577e-05   4.807e-05   8.387e-05   2.633e-08  HS65_LH_AOI22X1
IFU_module/instr_mem/g736      4.644e-05   3.736e-05   8.385e-05   4.454e-08  HS65_LH_AND2X4
datapath_module/reg_file_module/FE_PHC1522_n_1066  8.373e-06   7.542e-05   8.384e-05   4.826e-08  HS65_LH_BFX4
datapath_module/reg_file_module/g42993   4.48e-05   3.896e-05   8.379e-05   3.007e-08  HS65_LH_AOI22X1
datapath_module/reg_file_module/FE_RC_596_0  1.355e-05   6.985e-05   8.344e-05    3.89e-08  HS65_LH_IVX9
datapath_module/reg_file_module/g42938  3.107e-05    5.22e-05    8.33e-05   2.648e-08  HS65_LH_AOI22X1
FE_PHC1551_SPCBSCAN_N1         5.818e-05   2.486e-05   8.308e-05   4.374e-08  HS65_LH_BFX2
datapath_module/reg_file_module/FE_OCPC745_n_2487  4.752e-05   3.531e-05   8.289e-05   6.154e-08  HS65_LH_BFX9
datapath_module/reg_file_module/FE_OFC745_n_2971  2.164e-05     6.1e-05   8.268e-05   4.371e-08  HS65_LH_BFX2
FE_PHC1681_scan_en             7.255e-05   9.968e-06   8.263e-05   1.154e-07  HS65_LH_BFX18
datapath_module/reg_file_module/g42975   3.87e-05    4.34e-05   8.213e-05   3.197e-08  HS65_LH_AOI22X1
IFU_module/instr_mem/FE_PHC1553_n_53  4.235e-05   3.947e-05   8.187e-05   4.374e-08  HS65_LH_BFX2
datapath_module/reg_file_module/FE_OCPC1429_n_2423  4.753e-05   3.426e-05   8.185e-05   6.293e-08  HS65_LH_BFX9
datapath_module/reg_file_module/g43065  3.486e-05   4.612e-05   8.101e-05   2.907e-08  HS65_LH_AOI22X1
datapath_module/alu_module/add_34_34/g7530  3.821e-05   4.234e-05   8.059e-05   3.891e-08  HS65_LH_IVX9
FE_PHC1669_SPCBSCAN_N1         5.841e-05   2.195e-05   8.041e-05   4.374e-08  HS65_LH_BFX2
datapath_module/reg_file_module/FE_OFC473_n_1093  4.865e-05   3.078e-05   7.966e-05   2.394e-07  HS65_LH_BFX35
datapath_module/reg_file_module/g43062  3.377e-05   4.547e-05   7.927e-05   2.624e-08  HS65_LH_AOI22X1
datapath_module/reg_file_module/g42981  6.286e-05   1.628e-05   7.919e-05    5.18e-08  HS65_LH_AO22X4
datapath_module/reg_file_module/g42896  5.353e-05   2.541e-05   7.897e-05    4.05e-08  HS65_LH_AOI222X2
datapath_module/reg_file_module/g43045  4.595e-05    3.29e-05   7.888e-05   3.292e-08  HS65_LH_AOI22X1
datapath_module/reg_file_module/g42992  4.273e-05   3.547e-05   7.823e-05   3.517e-08  HS65_LH_AOI22X1
datapath_module/reg_file_module/FE_OFC472_n_1089  4.987e-05   2.779e-05   7.789e-05   2.394e-07  HS65_LH_BFX35
datapath_module/reg_file_module/g42943  5.739e-05   2.031e-05   7.775e-05   5.594e-08  HS65_LH_AO22X4
datapath_module/alu_module/srl_43_34/g5889   4.69e-05   3.076e-05    7.77e-05   3.759e-08  HS65_LH_AND2X4
datapath_module/reg_file_module/FE_RC_672_0  5.473e-05   2.287e-05   7.766e-05   5.113e-08  HS65_LH_NAND2AX7
datapath_module/reg_file_module/g42784  5.478e-05   2.226e-05    7.71e-05   5.847e-08  HS65_LH_AOI212X2
datapath_module/reg_file_module/g42866  2.907e-05    4.78e-05   7.689e-05     2.6e-08  HS65_LH_AOI22X1
datapath_module/reg_file_module/FE_PHC1667_n_1191  2.625e-05   5.032e-05   7.663e-05    4.83e-08  HS65_LH_BFX4
datapath_module/reg_file_module/g42930  3.417e-05   4.234e-05   7.654e-05   3.046e-08  HS65_LH_AOI22X1
datapath_module/reg_file_module/g43248  3.624e-05   4.016e-05   7.642e-05   2.393e-08  HS65_LH_NOR2X5
datapath_module/reg_file_module/FE_RC_640_0  4.579e-05   3.046e-05   7.627e-05   2.138e-08  HS65_LH_NOR2X6
datapath_module/reg_file_module/FE_OCPC747_n_2491  4.651e-05   2.966e-05   7.622e-05   6.154e-08  HS65_LH_BFX9
datapath_module/reg_file_module/g43033  4.154e-05   3.435e-05   7.593e-05   3.285e-08  HS65_LH_AOI22X1
datapath_module/alu_module/g7568  4.349e-05   3.238e-05    7.59e-05   2.742e-08  HS65_LH_NAND2X7
datapath_module/reg_file_module/g42829  4.539e-05   3.035e-05    7.58e-05   5.667e-08  HS65_LH_AOI212X2
datapath_module/alu_module/mul_44_34/g38169  2.351e-05   5.211e-05   7.564e-05   1.836e-08  HS65_LH_NOR2X2
datapath_module/reg_file_module/g7678   1.76e-05   5.795e-05   7.558e-05   2.583e-08  HS65_LH_NAND2X14
datapath_module/reg_file_module/g42923  3.867e-05   3.685e-05   7.555e-05   3.358e-08  HS65_LH_AOI22X1
datapath_module/reg_file_module/g43043  3.589e-05   3.958e-05   7.551e-05   3.045e-08  HS65_LH_AOI22X1
datapath_module/reg_file_module/g43032  5.197e-05   2.337e-05   7.538e-05   5.131e-08  HS65_LH_AO22X4
datapath_module/reg_file_module/g43047  4.303e-05    3.22e-05   7.526e-05   3.118e-08  HS65_LH_AOI22X1
datapath_module/reg_file_module/g42964  4.658e-05   2.812e-05   7.475e-05   5.386e-08  HS65_LH_AO22X4
datapath_module/reg_file_module/g42961  5.488e-05   1.975e-05   7.468e-05   5.571e-08  HS65_LH_AO22X4
datapath_module/alu_module/g7569  4.337e-05   3.088e-05   7.427e-05   2.377e-08  HS65_LH_NAND2X7
datapath_module/reg_file_module/FE_PHC1596_n_1147  3.401e-05   3.985e-05   7.409e-05   2.248e-07  HS65_LH_BFX31
datapath_module/reg_file_module/g43027  3.669e-05   3.731e-05   7.403e-05   3.023e-08  HS65_LH_AOI22X1
datapath_module/reg_file_module/g43003  3.988e-05   3.404e-05   7.395e-05   3.363e-08  HS65_LH_AOI22X1
datapath_module/reg_file_module/g43055    4.6e-05   2.781e-05   7.384e-05   3.259e-08  HS65_LH_AOI22X1
datapath_module/reg_file_module/g43061  2.133e-05   5.223e-05   7.359e-05   2.603e-08  HS65_LH_AOI22X1
datapath_module/reg_file_module/FE_RC_667_0   4.46e-05   2.856e-05   7.318e-05   2.132e-08  HS65_LH_NOR2X6
datapath_module/reg_file_module/g42953  3.951e-05   3.354e-05   7.307e-05   2.879e-08  HS65_LH_AOI22X1
datapath_module/reg_file_module/g43078  3.333e-05   3.958e-05   7.294e-05    2.83e-08  HS65_LH_AOI22X1
datapath_module/reg_file_module/g43002  4.053e-05   3.202e-05   7.257e-05   2.789e-08  HS65_LH_AOI22X1
datapath_module/reg_file_module/FE_RC_31_0  3.931e-05   3.316e-05   7.249e-05   2.118e-08  HS65_LH_NOR2X6
datapath_module/reg_file_module/FE_OCPC1482_n_2492  4.767e-05   2.474e-05   7.247e-05   6.154e-08  HS65_LH_BFX9
datapath_module/reg_file_module/g42702  3.323e-05   3.894e-05   7.223e-05   5.903e-08  HS65_LH_NAND3X2
datapath_module/reg_file_module/g42965  4.139e-05    3.06e-05   7.204e-05   5.078e-08  HS65_LH_AO22X4
datapath_module/reg_file_module/g43034  3.816e-05   3.383e-05   7.202e-05    2.87e-08  HS65_LH_AOI22X1
datapath_module/alu_module/g7549  4.342e-05   2.827e-05   7.172e-05   2.692e-08  HS65_LH_NAND2X7
datapath_module/reg_file_module/FE_OFC482_n_1079  3.597e-05   3.469e-05    7.09e-05   2.394e-07  HS65_LH_BFX35
datapath_module/reg_file_module/FE_PHC1542_n_1064  2.951e-05   4.108e-05   7.088e-05   2.914e-07  HS65_LH_BFX44
datapath_module/alu_module/g7558  4.092e-05   2.984e-05   7.078e-05   2.421e-08  HS65_LH_NAND2X7
datapath_module/reg_file_module/g42949  3.236e-05   3.819e-05   7.058e-05   2.957e-08  HS65_LH_AOI22X1
datapath_module/reg_file_module/g42873  4.003e-05   3.049e-05   7.055e-05   2.742e-08  HS65_LH_AOI22X1
datapath_module/reg_file_module/g42966  3.709e-05   3.341e-05   7.052e-05   2.425e-08  HS65_LH_AOI22X1
datapath_module/reg_file_module/g7296  6.059e-05   9.755e-06   7.047e-05   1.172e-07  HS65_LH_BFX18
IFU_module/fopt570             1.466e-05   5.543e-05   7.011e-05   2.143e-08  HS65_LH_IVX2
datapath_module/reg_file_module/g42715  4.505e-05   2.472e-05   6.987e-05   9.618e-08  HS65_LH_AO112X4
datapath_module/reg_file_module/FE_OCPC825_n_2508   3.24e-05   3.734e-05    6.98e-05   6.296e-08  HS65_LH_BFX9
datapath_module/reg_file_module/FE_RC_46_0  2.933e-05   4.038e-05   6.979e-05   8.203e-08  HS65_LH_IVX18
datapath_module/reg_file_module/g42879  4.576e-05    2.39e-05    6.97e-05   3.712e-08  HS65_LH_AOI222X2
datapath_module/reg_file_module/FE_PHC1514_n_1028  3.275e-05   3.678e-05   6.958e-05   4.375e-08  HS65_LH_BFX2
datapath_module/reg_file_module/g42743  1.765e-05   5.155e-05   6.923e-05    3.09e-08  HS65_LH_AOI22X3
datapath_module/reg_file_module/g42884  4.207e-05   2.694e-05   6.905e-05   3.664e-08  HS65_LH_AOI222X2
datapath_module/reg_file_module/FE_OCPC1126_n_2422  4.759e-05   2.105e-05    6.87e-05   6.154e-08  HS65_LH_BFX9
datapath_module/reg_file_module/g42990  3.539e-05   3.293e-05   6.835e-05   2.904e-08  HS65_LH_AOI22X1
datapath_module/alu_module/g7556  4.772e-05   2.047e-05   6.822e-05   2.612e-08  HS65_LH_NAND2X7
datapath_module/alu_module/g7551  4.594e-05   2.221e-05   6.818e-05   2.561e-08  HS65_LH_NAND2X7
datapath_module/reg_file_module/FE_RC_704_0  4.375e-05   2.439e-05   6.816e-05   2.176e-08  HS65_LH_NOR2X6
datapath_module/reg_file_module/g42865  3.237e-05   3.574e-05   6.813e-05   2.186e-08  HS65_LH_AOI22X1
datapath_module/reg_file_module/FE_RC_691_0  4.073e-05   2.731e-05   6.807e-05   2.148e-08  HS65_LH_NOR2X6
datapath_module/reg_file_module/g43006  2.403e-05   4.401e-05   6.807e-05   2.563e-08  HS65_LH_AOI22X1
datapath_module/reg_file_module/g42998  3.058e-05   3.718e-05   6.778e-05   2.582e-08  HS65_LH_AOI22X1
datapath_module/reg_file_module/g42947  2.805e-05   3.951e-05   6.758e-05   2.738e-08  HS65_LH_AOI22X1
datapath_module/reg_file_module/g42870  4.064e-05    2.68e-05   6.746e-05    2.63e-08  HS65_LH_AOI22X1
datapath_module/reg_file_module/FE_PHC1590_n_1064  7.185e-06   6.018e-05   6.743e-05   6.301e-08  HS65_LH_BFX9
datapath_module/reg_file_module/drc_bufs43524  1.728e-05   4.963e-05   6.695e-05   4.009e-08  HS65_LH_IVX9
datapath_module/reg_file_module/g7671  3.256e-05   3.416e-05   6.676e-05   4.001e-08  HS65_LH_NAND2AX4
datapath_module/reg_file_module/g43049  3.188e-05   3.455e-05   6.645e-05   2.791e-08  HS65_LH_AOI22X1
datapath_module/reg_file_module/g43039  3.202e-05   3.423e-05   6.627e-05   2.711e-08  HS65_LH_AOI22X1
datapath_module/reg_file_module/FE_RC_80_0  4.535e-05   2.075e-05   6.613e-05   2.182e-08  HS65_LH_NOR2X6
datapath_module/reg_file_module/FE_RC_802_0  5.474e-05   1.084e-05   6.569e-05   1.131e-07  HS65_LH_NOR2AX25
datapath_module/alu_module/g7573  4.545e-05   1.984e-05   6.532e-05   2.761e-08  HS65_LH_NAND2X7
datapath_module/reg_file_module/drc_bufs43819  6.493e-05           0   6.499e-05    6.16e-08  HS65_LH_BFX9
control_module/g607            2.358e-05   4.135e-05   6.494e-05   1.849e-08  HS65_LH_NOR3X1
datapath_module/reg_file_module/g42974   3.78e-05   2.694e-05   6.477e-05   3.035e-08  HS65_LH_AOI22X1
IFU_module/instr_mem/FE_PHC1577_n_53  4.231e-05   2.235e-05   6.471e-05   4.374e-08  HS65_LH_BFX2
datapath_module/reg_file_module/FE_RC_697_0  3.543e-05   2.921e-05   6.468e-05   4.006e-08  HS65_LH_IVX9
datapath_module/reg_file_module/FE_PHC1655_n_1147  9.457e-06   5.512e-05   6.463e-05   5.381e-08  HS65_LH_BFX7
datapath_module/reg_file_module/g7260  2.982e-05   3.455e-05    6.46e-05   2.284e-07  HS65_LH_OR2ABX35
datapath_module/reg_file_module/g43075  2.894e-05   3.561e-05   6.458e-05   2.787e-08  HS65_LH_AOI22X1
datapath_module/reg_file_module/FE_RC_639_0   4.01e-05   2.426e-05   6.438e-05   2.124e-08  HS65_LH_NOR2X6
datapath_module/reg_file_module/g42950  3.286e-05   3.114e-05   6.403e-05   2.838e-08  HS65_LH_AOI22X1
datapath_module/reg_file_module/FE_RC_635_0  4.225e-05   2.155e-05   6.382e-05   2.242e-08  HS65_LH_NOR2X6
datapath_module/reg_file_module/g43060  3.398e-05   2.969e-05    6.37e-05    2.77e-08  HS65_LH_AOI22X1
datapath_module/reg_file_module/FE_PHC1657_n_1266  2.145e-05   4.181e-05   6.349e-05   2.248e-07  HS65_LH_BFX31
datapath_module/reg_file_module/g42995  3.655e-05   2.653e-05   6.311e-05   2.589e-08  HS65_LH_AOI22X1
datapath_module/reg_file_module/g43022  3.765e-05   2.516e-05   6.284e-05   2.657e-08  HS65_LH_AOI22X1
datapath_module/reg_file_module/g42983  2.404e-05   3.848e-05   6.255e-05   2.503e-08  HS65_LH_AOI22X1
datapath_module/reg_file_module/g43066  3.635e-05    2.61e-05   6.247e-05   2.722e-08  HS65_LH_AOI22X1
datapath_module/reg_file_module/FE_RC_665_0  4.224e-05   2.013e-05   6.239e-05   2.238e-08  HS65_LH_NOR2X6
datapath_module/reg_file_module/FE_RC_659_0  4.185e-05   2.029e-05   6.216e-05   2.154e-08  HS65_LH_NOR2X6
datapath_module/reg_file_module/g7190  1.094e-05   5.101e-05     6.2e-05   5.171e-08  HS65_LH_OR2X9
datapath_module/reg_file_module/g43068   4.47e-05   1.713e-05   6.188e-05   5.277e-08  HS65_LH_AO22X4
IFU_module/g554                1.248e-05   4.933e-05   6.184e-05   3.353e-08  HS65_LH_IVX7
datapath_module/reg_file_module/FE_PHC1631_n_1244  6.271e-06   5.548e-05    6.18e-05   5.381e-08  HS65_LH_BFX7
IFU_module/instr_mem/g734      4.253e-05     1.9e-05   6.158e-05   4.494e-08  HS65_LH_NOR3AX2
datapath_module/reg_file_module/g42963  3.201e-05   2.941e-05   6.145e-05   2.447e-08  HS65_LH_AOI22X1
datapath_module/reg_file_module/g42978  4.491e-05   1.641e-05   6.138e-05   5.369e-08  HS65_LH_AO22X4
FE_PHC1682_scan_en             4.283e-05   1.835e-05   6.124e-05   6.223e-08  HS65_LH_BFX9
datapath_module/reg_file_module/g7199  2.603e-05   3.492e-05   6.099e-05   3.896e-08  HS65_LH_IVX9
datapath_module/reg_file_module/FE_RC_617_0  4.348e-05   1.735e-05   6.085e-05   1.998e-08  HS65_LH_NOR2X6
datapath_module/reg_file_module/FE_RC_88_0  3.784e-05   2.293e-05   6.079e-05   2.126e-08  HS65_LH_NOR2X6
datapath_module/reg_file_module/FE_RC_634_0  4.148e-05   1.926e-05   6.076e-05   2.191e-08  HS65_LH_NOR2X6
datapath_module/reg_file_module/FE_RC_595_0  4.824e-05   1.228e-05   6.061e-05   9.289e-08  HS65_LH_NOR2AX19
datapath_module/reg_file_module/g43054  3.162e-05   2.877e-05   6.043e-05   3.147e-08  HS65_LH_AOI22X1
datapath_module/reg_file_module/FE_RC_621_0    3.7e-05   2.318e-05    6.02e-05    2.08e-08  HS65_LH_NOR2X6
datapath_module/reg_file_module/g43064  3.403e-05   2.607e-05   6.013e-05   2.609e-08  HS65_LH_AOI22X1
datapath_module/reg_file_module/g43059  3.027e-05   2.934e-05   5.964e-05   2.984e-08  HS65_LH_AOI22X1
datapath_module/reg_file_module/FE_RC_69_0  3.426e-05   2.534e-05   5.961e-05   2.118e-08  HS65_LH_NOR2X6
datapath_module/reg_file_module/g42882  4.181e-05    1.76e-05   5.944e-05   3.428e-08  HS65_LH_AOI222X2
datapath_module/reg_file_module/FE_RC_1_0  2.636e-05   3.281e-05    5.92e-05   3.951e-08  HS65_LH_IVX9
datapath_module/reg_file_module/g42958  2.702e-05   3.205e-05    5.91e-05   2.805e-08  HS65_LH_AOI22X1
datapath_module/reg_file_module/FE_RC_247_0  3.504e-05   2.372e-05   5.878e-05   2.342e-08  HS65_LH_NAND2X7
datapath_module/reg_file_module/g43053  2.785e-05   3.076e-05   5.863e-05   2.704e-08  HS65_LH_AOI22X1
datapath_module/reg_file_module/FE_RC_700_0   3.35e-05   2.504e-05   5.857e-05   2.191e-08  HS65_LH_NOR2X6
datapath_module/reg_file_module/FE_RC_90_0  4.644e-05   1.199e-05   5.845e-05   1.951e-08  HS65_LH_NOR2X6
datapath_module/alu_module/g7566  4.003e-05   1.815e-05   5.821e-05    2.54e-08  HS65_LH_NAND2X7
datapath_module/reg_file_module/FE_RC_674_0  3.679e-05    2.14e-05   5.821e-05    2.12e-08  HS65_LH_NOR2X6
datapath_module/reg_file_module/FE_OFC480_n_1088  2.541e-05   3.244e-05   5.801e-05   1.686e-07  HS65_LH_BFX27
datapath_module/reg_file_module/FE_PHC1599_n_1256  4.533e-05   1.219e-05   5.781e-05   2.914e-07  HS65_LH_BFX44
datapath_module/reg_file_module/g42960    2.9e-05   2.853e-05   5.756e-05   2.753e-08  HS65_LH_AOI22X1
datapath_module/reg_file_module/g42927  2.653e-05   3.083e-05   5.739e-05   2.562e-08  HS65_LH_AOI22X1
datapath_module/reg_file_module/drc_bufs43588   2.42e-05   3.309e-05   5.733e-05   4.004e-08  HS65_LH_IVX9
datapath_module/alu_module/FE_RC_281_0  2.466e-05   3.263e-05   5.733e-05   4.009e-08  HS65_LH_IVX9
datapath_module/reg_file_module/g43044  3.334e-05    2.37e-05   5.707e-05   2.978e-08  HS65_LH_AOI22X1
datapath_module/alu_module/add_34_34/g7700  2.409e-05   3.281e-05   5.695e-05   3.895e-08  HS65_LH_IVX9
datapath_module/reg_file_module/g42970  3.064e-05   2.606e-05   5.674e-05   2.877e-08  HS65_LH_AOI22X1
datapath_module/reg_file_module/g42955  3.958e-05   1.701e-05   5.664e-05   5.035e-08  HS65_LH_AO22X4
datapath_module/reg_file_module/FE_PHC1646_n_1062   6.27e-06   5.019e-05   5.651e-05   5.381e-08  HS65_LH_BFX7
datapath_module/reg_file_module/FE_OCPC1430_n_2506   3.22e-05   2.378e-05   5.604e-05   6.151e-08  HS65_LH_BFX9
IFU_module/fopt565             2.183e-05   3.408e-05   5.594e-05   3.353e-08  HS65_LH_IVX7
datapath_module/reg_file_module/FE_PHC1589_n_1071  9.286e-06   4.637e-05    5.57e-05   4.371e-08  HS65_LH_BFX2
datapath_module/reg_file_module/g43074  3.176e-05   2.362e-05   5.541e-05   3.145e-08  HS65_LH_AOI22X1
datapath_module/reg_file_module/FE_PHC1677_n_1069  3.194e-05   2.331e-05    5.53e-05   4.371e-08  HS65_LH_BFX2
datapath_module/reg_file_module/g42924   2.75e-05   2.772e-05   5.525e-05   3.128e-08  HS65_LH_AOI22X1
datapath_module/reg_file_module/g42954  3.773e-05   1.687e-05   5.465e-05   5.063e-08  HS65_LH_AO22X4
datapath_module/reg_file_module/g43087  1.942e-05   3.507e-05   5.451e-05   1.888e-08  HS65_LH_NAND2X2
datapath_module/reg_file_module/g42942  2.438e-05   3.009e-05    5.45e-05   2.506e-08  HS65_LH_AOI22X1
datapath_module/reg_file_module/g43029  4.077e-05   1.359e-05   5.441e-05   5.094e-08  HS65_LH_AO22X4
datapath_module/reg_file_module/FE_OFC456_n_1202  1.617e-05   3.803e-05   5.423e-05   3.357e-08  HS65_LH_IVX7
datapath_module/reg_file_module/g42973  2.426e-05   2.982e-05   5.411e-05   2.694e-08  HS65_LH_AOI22X1
datapath_module/reg_file_module/g42988  2.836e-05   2.568e-05   5.406e-05   2.504e-08  HS65_LH_AOI22X1
datapath_module/reg_file_module/FE_PHC1588_n_1061  2.668e-05   2.732e-05   5.404e-05    4.83e-08  HS65_LH_BFX4
datapath_module/reg_file_module/g43120  2.062e-05    3.34e-05   5.404e-05   1.854e-08  HS65_LH_NAND2X2
datapath_module/reg_file_module/FE_RC_76_0  3.586e-05    1.81e-05   5.399e-05   2.211e-08  HS65_LH_NOR2X6
datapath_module/reg_file_module/g43056  2.894e-05   2.466e-05   5.363e-05   2.994e-08  HS65_LH_AOI22X1
datapath_module/reg_file_module/g43000  2.639e-05   2.707e-05   5.349e-05   2.538e-08  HS65_LH_AOI22X1
datapath_module/reg_file_module/g43104  1.932e-05   3.361e-05   5.296e-05   1.827e-08  HS65_LH_NAND2X2
datapath_module/reg_file_module/g43017  2.908e-05   2.382e-05   5.292e-05   2.853e-08  HS65_LH_AOI22X1
datapath_module/reg_file_module/g43599  3.546e-05    1.71e-05   5.262e-05    5.57e-08  HS65_LH_OR2X9
datapath_module/reg_file_module/g42719  3.288e-05    1.95e-05   5.247e-05   9.258e-08  HS65_LH_AO112X4
datapath_module/reg_file_module/FE_RC_677_0  3.291e-05    1.95e-05   5.243e-05   2.105e-08  HS65_LH_NOR2X6
datapath_module/alu_module/g7576  3.739e-05     1.5e-05   5.242e-05   2.288e-08  HS65_LH_NAND2X7
datapath_module/reg_file_module/FE_PDC1512_n_2868  1.848e-05    3.37e-05   5.225e-05   6.299e-08  HS65_LH_BFX9
datapath_module/reg_file_module/FE_RC_657_0  3.312e-05   1.861e-05   5.176e-05   2.191e-08  HS65_LH_NOR2X6
datapath_module/reg_file_module/g42968  2.525e-05   2.575e-05   5.103e-05    2.72e-08  HS65_LH_AOI22X1
datapath_module/alu_module/add_34_34/FE_OFC75_n_204  8.864e-06   4.185e-05   5.076e-05   4.376e-08  HS65_LH_BFX2
datapath_module/reg_file_module/FE_PHC1543_n_1321  4.126e-05   9.203e-06   5.075e-05   2.914e-07  HS65_LH_BFX44
datapath_module/alu_module/g7575  2.071e-05   2.992e-05   5.064e-05   1.529e-08  HS65_LH_NAND2X2
datapath_module/reg_file_module/FE_RC_87_0  3.495e-05   1.562e-05   5.059e-05   2.204e-08  HS65_LH_NOR2X6
datapath_module/reg_file_module/FE_RC_626_0  3.406e-05   1.636e-05   5.045e-05   2.197e-08  HS65_LH_NOR2X6
datapath_module/reg_file_module/FE_PHC1622_n_1147   3.37e-05   1.651e-05   5.043e-05   2.248e-07  HS65_LH_BFX31
datapath_module/reg_file_module/FE_RC_606_0  3.672e-05   1.363e-05    5.04e-05   5.089e-08  HS65_LH_NAND2AX7
datapath_module/reg_file_module/FE_PHC1670_n_1256  1.493e-05   3.523e-05   5.027e-05       1e-07  HS65_LH_BFX13
FE_PHC1676_scan_en             4.234e-05   7.848e-06   5.025e-05   6.223e-08  HS65_LH_BFX9
datapath_module/reg_file_module/FE_PHC1521_n_1226  5.418e-06   4.475e-05   5.022e-05   4.826e-08  HS65_LH_BFX4
datapath_module/reg_file_module/FE_OFC486_n_1071  3.879e-05   1.123e-05   5.019e-05   1.686e-07  HS65_LH_BFX27
datapath_module/reg_file_module/g43110   2.11e-05   2.877e-05   4.988e-05   1.953e-08  HS65_LH_NAND2X2
datapath_module/reg_file_module/FE_RC_615_0  3.464e-05   1.517e-05   4.983e-05    2.15e-08  HS65_LH_NOR2X6
IFU_module/instr_mem/g739      1.582e-05   3.359e-05   4.943e-05    2.11e-08  HS65_LH_IVX2
datapath_module/alu_module/g7559  1.721e-05    3.22e-05   4.943e-05   1.423e-08  HS65_LH_NAND2X2
datapath_module/reg_file_module/FE_OFC431_n_1072  2.188e-05   2.751e-05   4.942e-05   3.357e-08  HS65_LH_IVX7
datapath_module/alu_module/g7563  3.262e-05   1.662e-05   4.926e-05   2.064e-08  HS65_LH_NAND2X7
datapath_module/reg_file_module/g43046  3.628e-05   1.289e-05   4.922e-05   4.939e-08  HS65_LH_AO22X4
datapath_module/alu_module/g7567  1.693e-05   3.198e-05   4.892e-05   1.382e-08  HS65_LH_NAND2X2
datapath_module/reg_file_module/g43117   1.87e-05   3.012e-05   4.884e-05   1.703e-08  HS65_LH_NAND2X2
datapath_module/reg_file_module/FE_RC_61_0  3.687e-05   1.192e-05   4.884e-05   5.058e-08  HS65_LH_NAND2AX7
datapath_module/reg_file_module/FE_RC_85_0  3.409e-05    1.46e-05   4.872e-05   2.144e-08  HS65_LH_NOR2X6
datapath_module/reg_file_module/FE_OFC470_n_1092  3.232e-05   1.615e-05   4.871e-05   2.394e-07  HS65_LH_BFX35
datapath_module/reg_file_module/g42999  3.699e-05   1.147e-05    4.85e-05   4.964e-08  HS65_LH_AO22X4
datapath_module/reg_file_module/g42937   2.48e-05   2.362e-05   4.844e-05   2.428e-08  HS65_LH_AOI22X1
datapath_module/reg_file_module/FE_RC_702_0  3.118e-05   1.672e-05   4.792e-05   2.086e-08  HS65_LH_NOR2X6
datapath_module/reg_file_module/g43026  3.638e-05   1.123e-05   4.766e-05   4.946e-08  HS65_LH_AO22X4
datapath_module/reg_file_module/g43086   2.01e-05   2.739e-05    4.75e-05   1.913e-08  HS65_LH_NAND2X2
datapath_module/reg_file_module/g43058  2.924e-05   1.814e-05   4.743e-05   4.674e-08  HS65_LH_AO22X4
datapath_module/reg_file_module/FE_PHC1563_n_1147  3.373e-05    1.33e-05   4.726e-05   2.248e-07  HS65_LH_BFX31
datapath_module/reg_file_module/g42946  2.498e-05   2.223e-05   4.723e-05   2.625e-08  HS65_LH_AOI22X1
datapath_module/reg_file_module/g42852  9.469e-06   3.761e-05    4.71e-05   2.639e-08  HS65_LH_AOI22X1
datapath_module/alu_module/add_34_34/g7709  2.245e-05   2.459e-05   4.709e-05   3.893e-08  HS65_LH_IVX9
datapath_module/reg_file_module/g42934  3.395e-05   1.308e-05   4.708e-05   4.889e-08  HS65_LH_AO22X4
datapath_module/reg_file_module/g7350  1.994e-05   2.708e-05   4.706e-05   3.893e-08  HS65_LH_IVX9
datapath_module/reg_file_module/FE_RC_661_0  2.767e-05   1.916e-05   4.686e-05    2.05e-08  HS65_LH_NOR2X6
datapath_module/reg_file_module/g7307  7.143e-06   3.958e-05   4.679e-05   6.301e-08  HS65_LH_BFX9
datapath_module/reg_file_module/FE_RC_698_0  2.828e-05   1.849e-05   4.678e-05   2.017e-08  HS65_LH_NOR2X6
datapath_module/reg_file_module/g42850  2.591e-05   2.077e-05   4.671e-05   2.421e-08  HS65_LH_AOI22X1
datapath_module/alu_module/sll_42_34/g19838  1.814e-05   2.848e-05   4.663e-05   1.172e-08  HS65_LH_NOR2X2
datapath_module/reg_file_module/g42816  2.544e-05   2.044e-05   4.593e-05   5.382e-08  HS65_LH_AOI212X2
datapath_module/reg_file_module/g43024   2.54e-05   2.044e-05   4.587e-05    2.34e-08  HS65_LH_AOI22X1
datapath_module/reg_file_module/FE_RC_631_0  2.971e-05   1.592e-05   4.565e-05   2.055e-08  HS65_LH_NOR2X6
datapath_module/reg_file_module/drc_bufs43532  1.174e-05   3.386e-05   4.563e-05   4.012e-08  HS65_LH_IVX9
datapath_module/reg_file_module/FE_RC_622_0  3.034e-05   1.498e-05   4.535e-05   2.063e-08  HS65_LH_NOR2X6
datapath_module/reg_file_module/g42959  2.343e-05   2.175e-05    4.52e-05   2.302e-08  HS65_LH_AOI22X1
datapath_module/alu_module/g7555  1.827e-05   2.645e-05   4.473e-05   1.366e-08  HS65_LH_NAND2X2
datapath_module/reg_file_module/g43008  3.134e-05   1.307e-05   4.445e-05   4.753e-08  HS65_LH_AO22X4
datapath_module/reg_file_module/g43116  1.799e-05   2.633e-05   4.434e-05   1.649e-08  HS65_LH_NAND2X2
datapath_module/reg_file_module/FE_RC_664_0  2.813e-05   1.596e-05   4.411e-05   2.161e-08  HS65_LH_NOR2X6
datapath_module/reg_file_module/FE_PHC1557_n_1061  2.213e-05   2.178e-05   4.395e-05   4.371e-08  HS65_LH_BFX2
datapath_module/reg_file_module/FE_RC_653_0  2.927e-05   1.419e-05   4.348e-05   2.017e-08  HS65_LH_NOR2X6
datapath_module/alu_module/sll_42_34/g19836  1.779e-05   2.547e-05   4.327e-05   1.205e-08  HS65_LH_NOR2X2
datapath_module/reg_file_module/g42976  2.414e-05   1.908e-05   4.325e-05    2.46e-08  HS65_LH_AOI22X1
datapath_module/reg_file_module/g42703   1.97e-05   2.349e-05   4.324e-05   6.129e-08  HS65_LH_NAND3X2
datapath_module/reg_file_module/drc_bufs43450  1.176e-05   3.136e-05   4.316e-05   4.012e-08  HS65_LH_IVX9
datapath_module/reg_file_module/FE_RC_636_0  2.767e-05   1.543e-05   4.312e-05   2.157e-08  HS65_LH_NOR2X6
datapath_module/reg_file_module/g7245  2.041e-05   2.264e-05   4.309e-05   3.894e-08  HS65_LH_IVX9
datapath_module/reg_file_module/FE_RC_64_0  2.693e-05   1.604e-05   4.299e-05   2.147e-08  HS65_LH_NOR2X6
datapath_module/alu_module/g7547  1.659e-05   2.623e-05   4.284e-05    1.45e-08  HS65_LH_NAND2X2
datapath_module/alu_module/g7557  1.904e-05   2.378e-05   4.283e-05    1.49e-08  HS65_LH_NAND2X2
datapath_module/reg_file_module/FE_RC_649_0  2.645e-05   1.613e-05    4.26e-05   2.086e-08  HS65_LH_NOR2X6
datapath_module/reg_file_module/FE_RC_701_0  2.894e-05   1.308e-05   4.204e-05   2.098e-08  HS65_LH_NOR2X6
datapath_module/reg_file_module/FE_RC_703_0  2.785e-05   1.405e-05   4.192e-05   2.103e-08  HS65_LH_NOR2X6
datapath_module/reg_file_module/g7271  2.977e-05   1.191e-05    4.19e-05   2.284e-07  HS65_LH_OR2ABX35
datapath_module/reg_file_module/FE_RC_93_0  2.943e-05   1.218e-05   4.163e-05   2.045e-08  HS65_LH_NOR2X6
datapath_module/alu_module/g7572  1.605e-05   2.536e-05   4.142e-05   1.209e-08  HS65_LH_NAND2X2
datapath_module/reg_file_module/FE_RC_53_0  2.688e-05   1.443e-05   4.133e-05   2.066e-08  HS65_LH_NOR2X6
FE_PHC1550_scan_en             2.552e-05   1.556e-05   4.112e-05   4.374e-08  HS65_LH_BFX2
datapath_module/reg_file_module/g7112  1.979e-05   2.122e-05   4.105e-05   3.893e-08  HS65_LH_IVX9
datapath_module/reg_file_module/g42716  3.051e-05   1.023e-05   4.084e-05   9.209e-08  HS65_LH_AO112X4
datapath_module/reg_file_module/FE_RC_623_0  2.594e-05    1.47e-05   4.066e-05   2.039e-08  HS65_LH_NOR2X6
datapath_module/reg_file_module/FE_RC_678_0  2.751e-05   1.299e-05   4.052e-05   1.916e-08  HS65_LH_NOR2X6
datapath_module/reg_file_module/FE_RC_666_0  2.934e-05   1.112e-05   4.047e-05   2.051e-08  HS65_LH_NOR2X6
datapath_module/reg_file_module/g7150  1.764e-05    2.27e-05   4.037e-05   3.892e-08  HS65_LH_IVX9
datapath_module/alu_module/g7550  1.747e-05   2.277e-05   4.026e-05    1.42e-08  HS65_LH_NAND2X2
datapath_module/reg_file_module/FE_PHC1639_n_1266  5.235e-06   3.475e-05   4.004e-05   4.826e-08  HS65_LH_BFX4
FE_PHC1663_scan_en             2.559e-05   1.431e-05   3.994e-05   4.374e-08  HS65_LH_BFX2
control_module/g605            1.904e-05   2.056e-05   3.964e-05   3.792e-08  HS65_LH_NOR3AX2
datapath_module/reg_file_module/g43119  1.618e-05   2.344e-05   3.963e-05   1.485e-08  HS65_LH_NAND2X2
datapath_module/reg_file_module/FE_RC_689_0   2.58e-05   1.313e-05   3.896e-05   2.133e-08  HS65_LH_NOR2X6
FE_PHC1671_scan_en             3.092e-05   7.799e-06   3.877e-05   4.891e-08  HS65_LH_BFX4
datapath_module/reg_file_module/FE_RC_692_0  2.735e-05   1.127e-05   3.863e-05    2.07e-08  HS65_LH_NOR2X6
datapath_module/reg_file_module/g42926  2.308e-05   1.525e-05   3.835e-05   2.125e-08  HS65_LH_AOI22X1
control_module/g611            1.858e-05   1.971e-05   3.833e-05   3.349e-08  HS65_LH_IVX7
datapath_module/reg_file_module/FE_RC_54_0  3.574e-05   2.529e-06   3.829e-05    1.79e-08  HS65_LH_NOR2X6
datapath_module/reg_file_module/FE_PHC1584_n_1331  9.118e-06   2.898e-05   3.814e-05   4.371e-08  HS65_LH_BFX2
datapath_module/reg_file_module/FE_RC_610_0  2.172e-05   1.605e-05   3.779e-05   2.156e-08  HS65_LH_NOR2X6
datapath_module/reg_file_module/g43028  2.077e-05     1.7e-05   3.779e-05   2.801e-08  HS65_LH_AOI22X1
datapath_module/reg_file_module/g7226  1.728e-05   2.037e-05   3.768e-05   3.892e-08  HS65_LH_IVX9
datapath_module/reg_file_module/g42935  1.824e-05   1.928e-05   3.755e-05   2.499e-08  HS65_LH_AOI22X1
datapath_module/reg_file_module/FE_RC_58_0  3.425e-05    3.27e-06   3.754e-05   1.831e-08  HS65_LH_NOR2X6
datapath_module/reg_file_module/g42847  1.141e-05   2.595e-05   3.739e-05   2.833e-08  HS65_LH_AOI22X1
datapath_module/reg_file_module/FE_PHC1523_n_1087  5.989e-06   3.127e-05    3.73e-05   4.371e-08  HS65_LH_BFX2
datapath_module/reg_file_module/g43018    2.1e-05    1.61e-05   3.713e-05   2.773e-08  HS65_LH_AOI22X1
datapath_module/reg_file_module/g43021  2.219e-05   1.466e-05   3.687e-05   1.994e-08  HS65_LH_AOI22X1
datapath_module/reg_file_module/drc_bufs43572  1.681e-05   2.001e-05   3.686e-05   4.009e-08  HS65_LH_IVX9
datapath_module/alu_module/g7453   1.88e-05   1.801e-05   3.685e-05    3.72e-08  HS65_LH_NAND4ABX3
datapath_module/reg_file_module/FE_RC_91_0  2.456e-05   1.224e-05   3.681e-05   2.057e-08  HS65_LH_NOR2X6
datapath_module/reg_file_module/FE_RC_690_0  2.252e-05   1.382e-05   3.636e-05   2.109e-08  HS65_LH_NOR2X6
datapath_module/reg_file_module/FE_RC_633_0  3.417e-05   2.158e-06   3.635e-05   1.868e-08  HS65_LH_NOR2X6
datapath_module/reg_file_module/g43083   1.42e-05    2.19e-05   3.612e-05   1.326e-08  HS65_LH_NAND2X2
datapath_module/reg_file_module/FE_PHC1558_n_1064   2.12e-05   1.464e-05   3.606e-05   2.248e-07  HS65_LH_BFX31
datapath_module/reg_file_module/FE_RC_654_0  2.433e-05   1.162e-05   3.597e-05   1.993e-08  HS65_LH_NOR2X6
datapath_module/reg_file_module/FE_OFC487_n_1094  1.473e-05   2.112e-05   3.589e-05   3.357e-08  HS65_LH_IVX7
datapath_module/reg_file_module/g7317  3.052e-05   5.104e-06   3.585e-05   2.284e-07  HS65_LH_OR2ABX35
datapath_module/alu_module/g7574  1.845e-05   1.716e-05   3.563e-05   1.378e-08  HS65_LH_NAND2X2
datapath_module/reg_file_module/FE_RC_79_0  2.458e-05   1.083e-05   3.543e-05    2.06e-08  HS65_LH_NOR2X6
datapath_module/reg_file_module/g43041   2.19e-05   1.256e-05   3.448e-05   2.366e-08  HS65_LH_AOI22X1
datapath_module/reg_file_module/g42877  1.906e-05   1.537e-05   3.446e-05    2.95e-08  HS65_LH_AOI222X2
datapath_module/reg_file_module/FE_OFC492_n_1080  5.744e-06   2.796e-05   3.374e-05   3.888e-08  HS65_LH_IVX9
FE_PHC1574_scan_en              2.55e-05   7.799e-06   3.334e-05   4.374e-08  HS65_LH_BFX2
FE_PHC1609_scan_en              2.55e-05   7.799e-06   3.334e-05   4.374e-08  HS65_LH_BFX2
FE_PHC1634_scan_en              2.55e-05   7.799e-06   3.334e-05   4.374e-08  HS65_LH_BFX2
datapath_module/alu_module/g7570  1.698e-05   1.622e-05   3.321e-05   1.389e-08  HS65_LH_NAND2X2
FE_PHC1652_scan_en             2.535e-05   7.799e-06   3.319e-05   4.374e-08  HS65_LH_BFX2
datapath_module/reg_file_module/FE_RC_641_0  2.026e-05    1.23e-05   3.259e-05   1.987e-08  HS65_LH_NOR2X6
datapath_module/reg_file_module/FE_RC_52_0  1.941e-05   1.302e-05   3.245e-05   2.004e-08  HS65_LH_NOR2X6
datapath_module/reg_file_module/g7360  6.906e-06   2.532e-05   3.236e-05   1.276e-07  HS65_LH_IVX27
datapath_module/reg_file_module/FE_RC_637_0  2.096e-05   1.102e-05     3.2e-05   2.078e-08  HS65_LH_NOR2X6
datapath_module/alu_module/g7571  1.481e-05   1.711e-05   3.194e-05   1.249e-08  HS65_LH_NAND2X2
datapath_module/reg_file_module/g42846  6.485e-06   2.541e-05   3.192e-05   2.413e-08  HS65_LH_AOI22X1
datapath_module/reg_file_module/FE_RC_663_0   2.07e-05   1.113e-05   3.185e-05   2.076e-08  HS65_LH_NOR2X6
datapath_module/reg_file_module/g7373  1.324e-05   1.856e-05   3.183e-05   3.891e-08  HS65_LH_IVX9
datapath_module/reg_file_module/FE_PHC1598_n_1266  2.144e-05   1.006e-05   3.173e-05   2.248e-07  HS65_LH_BFX31
datapath_module/reg_file_module/g43199  2.284e-05   8.731e-06   3.159e-05   2.172e-08  HS65_LH_NOR2X6
datapath_module/reg_file_module/FE_OFC453_n_1191  1.088e-05   2.064e-05   3.156e-05   3.358e-08  HS65_LH_IVX7
datapath_module/reg_file_module/FE_RC_619_0  2.134e-05   1.011e-05   3.147e-05   2.002e-08  HS65_LH_NOR2X6
datapath_module/reg_file_module/g43118  1.072e-05   2.073e-05   3.146e-05   1.067e-08  HS65_LH_NAND2X2
datapath_module/reg_file_module/FE_RC_27_0   2.01e-05   1.126e-05   3.138e-05   1.956e-08  HS65_LH_NOR2X6
datapath_module/reg_file_module/g7338  1.348e-05   1.762e-05   3.114e-05    3.89e-08  HS65_LH_IVX9
datapath_module/alu_module/g7561  1.493e-05   1.606e-05   3.101e-05   1.282e-08  HS65_LH_NAND2X2
datapath_module/reg_file_module/FE_RC_250_0  4.194e-06   2.635e-05   3.058e-05   3.887e-08  HS65_LH_IVX9
datapath_module/reg_file_module/FE_RC_77_0  2.158e-05   8.606e-06   3.021e-05   2.004e-08  HS65_LH_NOR2X6
datapath_module/reg_file_module/g7676  1.641e-05   1.344e-05   2.991e-05   5.294e-08  HS65_LH_OR2X9
datapath_module/reg_file_module/FE_RC_83_0  2.023e-05    9.56e-06   2.981e-05   2.054e-08  HS65_LH_NOR2X6
datapath_module/reg_file_module/FE_PHC1628_n_1062  1.683e-05   1.269e-05   2.967e-05   1.514e-07  HS65_LH_BFX22
datapath_module/reg_file_module/g7361  2.708e-06   2.641e-05   2.916e-05   3.887e-08  HS65_LH_IVX9
datapath_module/reg_file_module/g42869   1.23e-05   1.679e-05   2.911e-05   2.449e-08  HS65_LH_AOI22X1
datapath_module/reg_file_module/FE_RC_620_0  2.052e-05   8.182e-06   2.873e-05   1.959e-08  HS65_LH_NOR2X6
datapath_module/reg_file_module/FE_RC_707_0  2.008e-05   8.571e-06   2.867e-05   1.984e-08  HS65_LH_NOR2X6
datapath_module/reg_file_module/FE_PHC1532_n_1266  2.114e-05   7.238e-06    2.86e-05   2.248e-07  HS65_LH_BFX31
datapath_module/reg_file_module/FE_RC_687_0   1.91e-05   9.395e-06   2.852e-05   1.956e-08  HS65_LH_NOR2X6
datapath_module/reg_file_module/FE_RC_612_0  1.832e-05   9.689e-06   2.803e-05   2.028e-08  HS65_LH_NOR2X6
datapath_module/reg_file_module/FE_RC_625_0  1.795e-05   9.995e-06   2.796e-05   2.075e-08  HS65_LH_NOR2X6
datapath_module/reg_file_module/drc_bufs43580   1.17e-05   1.615e-05   2.789e-05   4.012e-08  HS65_LH_IVX9
datapath_module/reg_file_module/g42849  7.233e-06   2.013e-05   2.738e-05   2.178e-08  HS65_LH_AOI22X1
datapath_module/reg_file_module/g7303  1.303e-05   1.413e-05    2.72e-05    3.89e-08  HS65_LH_IVX9
datapath_module/alu_module/add_34_34/g7516  5.361e-06   2.163e-05   2.703e-05   4.016e-08  HS65_LH_IVX9
datapath_module/alu_module/g7552   2.11e-05   5.879e-06     2.7e-05   1.541e-08  HS65_LH_NAND2X7
datapath_module/reg_file_module/FE_PHC1566_n_1266  2.139e-05   5.262e-06   2.687e-05   2.248e-07  HS65_LH_BFX31
datapath_module/reg_file_module/g7672  1.675e-05   1.002e-05   2.682e-05   5.298e-08  HS65_LH_OR2X9
datapath_module/reg_file_module/g7668  1.636e-05   9.913e-06   2.632e-05   5.294e-08  HS65_LH_OR2X9
datapath_module/reg_file_module/FE_RC_89_0  1.719e-05   9.012e-06   2.622e-05     2.1e-08  HS65_LH_NOR2X6
datapath_module/alu_module/g7431  2.539e-05    2.57e-10   2.541e-05   2.011e-08  HS65_LH_NAND2X14
datapath_module/reg_file_module/FE_RC_750_0  1.917e-05   5.087e-06   2.435e-05   9.275e-08  HS65_LH_NOR2AX19
datapath_module/reg_file_module/g7355   1.23e-05   1.186e-05   2.428e-05   1.173e-07  HS65_LH_BFX18
datapath_module/reg_file_module/g42987  1.458e-05   9.574e-06   2.418e-05   2.371e-08  HS65_LH_AOI22X1
datapath_module/reg_file_module/FE_RC_757_0  1.203e-05   1.104e-05   2.319e-05   1.168e-07  HS65_LH_NOR2AX25
datapath_module/reg_file_module/g42875  6.313e-06   1.665e-05   2.298e-05   2.165e-08  HS65_LH_AOI22X1
datapath_module/reg_file_module/FE_RC_648_0  1.626e-05   6.522e-06    2.28e-05   2.118e-08  HS65_LH_NOR2X6
datapath_module/reg_file_module/FE_RC_611_0  2.005e-05   2.543e-06   2.265e-05   6.023e-08  HS65_LH_NOR2X19
datapath_module/reg_file_module/FE_RC_73_0  1.496e-05   7.395e-06   2.241e-05   4.963e-08  HS65_LH_NAND2AX7
datapath_module/reg_file_module/g42876  1.108e-05   1.077e-05   2.187e-05   2.425e-08  HS65_LH_AOI22X1
datapath_module/reg_file_module/g43093   8.76e-06   1.302e-05   2.179e-05   1.468e-08  HS65_LH_NAND2X2
datapath_module/reg_file_module/g42854  6.962e-06   1.467e-05   2.165e-05   2.418e-08  HS65_LH_AOI22X1
datapath_module/reg_file_module/g43100  8.804e-06   1.244e-05   2.126e-05   9.619e-09  HS65_LH_NAND2X2
datapath_module/reg_file_module/g7308  1.219e-05   8.538e-06   2.084e-05   1.173e-07  HS65_LH_BFX18
datapath_module/reg_file_module/FE_RC_710_0  9.183e-06   1.157e-05   2.084e-05   8.219e-08  HS65_LH_IVX18
datapath_module/reg_file_module/g43082  1.164e-05   8.959e-06   2.062e-05   1.708e-08  HS65_LH_NAND2X2
datapath_module/alu_module/add_34_34/g7517  6.395e-06   1.396e-05   2.037e-05   7.252e-09  HS65_LH_NOR3X1
datapath_module/reg_file_module/FE_RC_24_0  1.464e-05   4.694e-06   1.939e-05   4.991e-08  HS65_LH_NAND2AX7
datapath_module/reg_file_module/g7669  1.081e-05   7.902e-06   1.877e-05   5.171e-08  HS65_LH_OR2X9
datapath_module/reg_file_module/FE_RC_301_0  5.712e-06   1.291e-05   1.866e-05   3.888e-08  HS65_LH_IVX9
datapath_module/reg_file_module/FE_RC_537_0  2.035e-06    1.62e-05   1.826e-05   2.207e-08  HS65_LH_IVX2
datapath_module/reg_file_module/FE_PHC1612_n_1153  5.714e-06    1.11e-05   1.686e-05   4.371e-08  HS65_LH_BFX2
datapath_module/reg_file_module/FE_RC_92_0  1.314e-05   3.637e-06    1.68e-05   2.005e-08  HS65_LH_NOR2X6
datapath_module/reg_file_module/g7670  1.055e-05   6.169e-06   1.677e-05   5.166e-08  HS65_LH_OR2X9
datapath_module/reg_file_module/FE_RC_758_0  2.762e-06   1.396e-05   1.676e-05   3.887e-08  HS65_LH_IVX9
datapath_module/reg_file_module/FE_RC_680_0   1.27e-05   3.867e-06   1.659e-05   1.959e-08  HS65_LH_NOR2X6
datapath_module/reg_file_module/FE_RC_70_0  1.253e-05   3.844e-06   1.639e-05   1.958e-08  HS65_LH_NOR2X6
datapath_module/reg_file_module/FE_RC_33_0  1.212e-05   4.123e-06   1.626e-05   2.056e-08  HS65_LH_NOR2X6
datapath_module/reg_file_module/FE_RC_751_0  2.865e-06   1.319e-05   1.608e-05   2.079e-08  HS65_LH_IVX2
datapath_module/reg_file_module/FE_RC_49_0   1.39e-05    1.96e-06    1.59e-05   3.981e-08  HS65_LH_NOR2X13
datapath_module/reg_file_module/g7673  1.058e-05   5.224e-06   1.586e-05   5.166e-08  HS65_LH_OR2X9
datapath_module/reg_file_module/g42848  6.577e-06   8.686e-06   1.529e-05    2.33e-08  HS65_LH_AOI22X1
datapath_module/reg_file_module/FE_RC_81_0  1.088e-05   3.758e-06   1.466e-05   2.008e-08  HS65_LH_NOR2X6
datapath_module/reg_file_module/FE_RC_26_0  1.018e-05    4.33e-06   1.453e-05   2.029e-08  HS65_LH_NOR2X6
datapath_module/reg_file_module/FE_PHC1678_n_1256  7.972e-06   6.367e-06   1.439e-05   4.826e-08  HS65_LH_BFX4
datapath_module/reg_file_module/FE_RC_632_0  1.174e-05   2.587e-06   1.435e-05   1.989e-08  HS65_LH_NOR2X6
datapath_module/reg_file_module/FE_RC_699_0  9.945e-06   4.269e-06   1.423e-05   1.947e-08  HS65_LH_NOR2X6
datapath_module/reg_file_module/FE_RC_34_0  1.151e-05   2.672e-06    1.42e-05   1.992e-08  HS65_LH_NOR2X6
datapath_module/reg_file_module/FE_RC_36_0  1.073e-05    3.37e-06   1.412e-05   1.929e-08  HS65_LH_NOR2X6
datapath_module/reg_file_module/FE_RC_650_0  1.045e-05   3.509e-06     1.4e-05   4.864e-08  HS65_LH_NAND2AX7
datapath_module/reg_file_module/FE_RC_68_0  1.094e-05   2.878e-06   1.383e-05   1.989e-08  HS65_LH_NOR2X6
datapath_module/reg_file_module/FE_RC_28_0  1.073e-05   2.785e-06   1.353e-05   1.946e-08  HS65_LH_NOR2X6
datapath_module/reg_file_module/g7163  5.596e-06   7.868e-06    1.35e-05   3.888e-08  HS65_LH_IVX9
datapath_module/reg_file_module/FE_RC_706_0  9.337e-06   3.946e-06    1.33e-05   1.999e-08  HS65_LH_NOR2X6
datapath_module/reg_file_module/FE_RC_86_0  9.285e-06   3.953e-06   1.326e-05   1.969e-08  HS65_LH_NOR2X6
datapath_module/reg_file_module/FE_PHC1661_n_1062  6.039e-06   7.118e-06   1.321e-05   5.381e-08  HS65_LH_BFX7
datapath_module/reg_file_module/FE_RC_57_0  1.042e-05   2.605e-06   1.305e-05   2.039e-08  HS65_LH_NOR2X6
datapath_module/reg_file_module/FE_RC_55_0  9.888e-06   2.837e-06   1.275e-05   2.044e-08  HS65_LH_NOR2X6
datapath_module/reg_file_module/FE_RC_688_0  9.842e-06   2.743e-06    1.26e-05   1.902e-08  HS65_LH_NOR2X6
datapath_module/reg_file_module/FE_RC_694_0  9.621e-06   2.867e-06   1.251e-05   1.999e-08  HS65_LH_NOR2X6
datapath_module/reg_file_module/FE_RC_679_0  9.769e-06   2.663e-06   1.245e-05   2.011e-08  HS65_LH_NOR2X6
datapath_module/reg_file_module/FE_RC_681_0  9.256e-06   3.049e-06   1.232e-05   1.921e-08  HS65_LH_NOR2X6
datapath_module/reg_file_module/FE_RC_47_0  9.465e-06   2.806e-06   1.232e-05   4.908e-08  HS65_LH_NAND2AX7
datapath_module/reg_file_module/FE_RC_628_0  8.977e-06   3.302e-06    1.23e-05   1.962e-08  HS65_LH_NOR2X6
datapath_module/reg_file_module/FE_RC_638_0  9.638e-06   2.588e-06   1.225e-05   2.036e-08  HS65_LH_NOR2X6
datapath_module/reg_file_module/g7100  5.431e-06   6.728e-06    1.22e-05   3.888e-08  HS65_LH_IVX9
datapath_module/reg_file_module/FE_RC_658_0   8.59e-06   3.512e-06   1.212e-05   1.926e-08  HS65_LH_NOR2X6
datapath_module/reg_file_module/FE_RC_624_0  1.007e-05   1.963e-06   1.205e-05   1.937e-08  HS65_LH_NOR2X6
datapath_module/reg_file_module/FE_RC_56_0  1.033e-05   1.583e-06   1.193e-05   1.984e-08  HS65_LH_NOR2X6
datapath_module/alu_module/g7299  4.042e-06   7.797e-06   1.186e-05   1.755e-08  HS65_LH_NOR3X1
datapath_module/reg_file_module/FE_RC_78_0  9.417e-06   2.411e-06   1.185e-05   1.933e-08  HS65_LH_NOR2X6
datapath_module/reg_file_module/FE_RC_25_0  8.023e-06   3.797e-06   1.184e-05   2.062e-08  HS65_LH_NOR2X6
datapath_module/reg_file_module/FE_RC_74_0  9.391e-06   2.411e-06   1.182e-05    1.97e-08  HS65_LH_NOR2X6
datapath_module/reg_file_module/FE_RC_59_0  9.031e-06   2.744e-06   1.179e-05   1.984e-08  HS65_LH_NOR2X6
datapath_module/reg_file_module/FE_RC_65_0   9.74e-06   2.013e-06   1.177e-05   1.935e-08  HS65_LH_NOR2X6
datapath_module/reg_file_module/FE_RC_655_0  9.256e-06   2.297e-06   1.157e-05   1.938e-08  HS65_LH_NOR2X6
datapath_module/reg_file_module/FE_RC_695_0  9.551e-06   1.995e-06   1.156e-05   1.933e-08  HS65_LH_NOR2X6
datapath_module/reg_file_module/g43089  5.228e-06   6.249e-06   1.149e-05   1.429e-08  HS65_LH_NAND2X2
datapath_module/reg_file_module/FE_RC_32_0  8.559e-06   2.838e-06   1.142e-05    2.04e-08  HS65_LH_NOR2X6
datapath_module/reg_file_module/FE_RC_63_0  9.203e-06   2.126e-06   1.135e-05   1.958e-08  HS65_LH_NOR2X6
datapath_module/reg_file_module/FE_RC_605_0  6.909e-06   4.332e-06   1.129e-05   4.899e-08  HS65_LH_NAND2AX7
datapath_module/reg_file_module/g7222   4.08e-06   7.108e-06   1.123e-05   3.887e-08  HS65_LH_IVX9
datapath_module/reg_file_module/FE_RC_613_0    8.3e-06   2.808e-06   1.113e-05   2.063e-08  HS65_LH_NOR2X6
datapath_module/reg_file_module/FE_RC_660_0  8.431e-06   2.435e-06   1.089e-05   1.962e-08  HS65_LH_NOR2X6
datapath_module/reg_file_module/FE_PHC1586_n_1317  5.897e-06   4.895e-06   1.084e-05   4.371e-08  HS65_LH_BFX2
datapath_module/reg_file_module/FE_RC_630_0  9.177e-06   1.599e-06    1.08e-05   1.927e-08  HS65_LH_NOR2X6
datapath_module/reg_file_module/FE_RC_673_0   8.79e-06   1.967e-06   1.078e-05    1.93e-08  HS65_LH_NOR2X6
datapath_module/reg_file_module/FE_RC_71_0  8.625e-06   2.104e-06   1.075e-05   1.917e-08  HS65_LH_NOR2X6
datapath_module/alu_module/g7452  4.437e-06   6.231e-06   1.069e-05   1.756e-08  HS65_LH_NOR3X4
datapath_module/reg_file_module/FE_RC_35_0  7.707e-06   2.862e-06   1.059e-05   2.031e-08  HS65_LH_NOR2X6
datapath_module/reg_file_module/FE_RC_50_0  7.536e-06   2.947e-06    1.05e-05   2.017e-08  HS65_LH_NOR2X6
datapath_module/reg_file_module/FE_OFC485_n_1071  4.477e-06   5.985e-06    1.05e-05   3.358e-08  HS65_LH_IVX7
datapath_module/reg_file_module/FE_RC_652_0  8.139e-06   2.318e-06   1.048e-05   1.889e-08  HS65_LH_NOR2X6
datapath_module/reg_file_module/FE_RC_693_0  8.567e-06   1.834e-06   1.042e-05   1.791e-08  HS65_LH_NOR2X6
datapath_module/reg_file_module/FE_RC_647_0   8.53e-06   1.861e-06   1.041e-05       2e-08  HS65_LH_NOR2X6
datapath_module/reg_file_module/FE_RC_82_0  8.674e-06    1.69e-06   1.038e-05   1.984e-08  HS65_LH_NOR2X6
datapath_module/reg_file_module/FE_RC_662_0  8.481e-06   1.671e-06   1.017e-05    1.79e-08  HS65_LH_NOR2X6
datapath_module/reg_file_module/FE_RC_618_0  8.136e-06   1.854e-06   1.001e-05   1.889e-08  HS65_LH_NOR2X6
datapath_module/reg_file_module/FE_PHC1637_n_1064  4.336e-06   5.592e-06   9.971e-06   4.371e-08  HS65_LH_BFX2
datapath_module/reg_file_module/FE_RC_62_0  7.326e-06   2.618e-06   9.964e-06   1.958e-08  HS65_LH_NOR2X6
datapath_module/reg_file_module/FE_RC_676_0  7.599e-06   2.317e-06   9.936e-06   2.007e-08  HS65_LH_NOR2X6
datapath_module/reg_file_module/g42863  4.699e-06   5.043e-06   9.762e-06   2.007e-08  HS65_LH_AOI22X1
datapath_module/reg_file_module/FE_RC_705_0  8.218e-06   1.443e-06   9.682e-06   2.003e-08  HS65_LH_NOR2X6
datapath_module/reg_file_module/FE_OFC433_n_1256    3.4e-06   6.179e-06   9.613e-06   3.358e-08  HS65_LH_IVX7
datapath_module/reg_file_module/FE_RC_675_0  7.193e-06   2.318e-06   9.531e-06   2.004e-08  HS65_LH_NOR2X6
datapath_module/reg_file_module/FE_PHC1654_n_1144  5.283e-06   4.171e-06   9.502e-06   4.826e-08  HS65_LH_BFX4
datapath_module/reg_file_module/FE_RC_48_0  7.376e-06   2.032e-06   9.428e-06   1.958e-08  HS65_LH_NOR2X6
datapath_module/reg_file_module/g43121  5.225e-06   4.177e-06   9.409e-06    7.28e-09  HS65_LH_NAND2X2
datapath_module/reg_file_module/FE_RC_629_0  7.375e-06   1.899e-06   9.293e-06   1.957e-08  HS65_LH_NOR2X6
datapath_module/reg_file_module/FE_RC_616_0  7.195e-06   1.974e-06   9.189e-06   2.012e-08  HS65_LH_NOR2X6
datapath_module/reg_file_module/FE_RC_696_0   7.72e-06   1.447e-06   9.186e-06   1.912e-08  HS65_LH_NOR2X6
datapath_module/reg_file_module/FE_RC_614_0  7.556e-06   1.522e-06   9.098e-06   1.953e-08  HS65_LH_NOR2X6
datapath_module/reg_file_module/FE_RC_656_0  7.155e-06   1.895e-06   9.069e-06   2.004e-08  HS65_LH_NOR2X6
datapath_module/reg_file_module/g7137    3.5e-06   5.454e-06   8.993e-06   3.887e-08  HS65_LH_IVX9
datapath_module/reg_file_module/g42862  4.331e-06   4.641e-06   8.992e-06    1.89e-08  HS65_LH_AOI22X1
datapath_module/reg_file_module/FE_RC_329_0  3.619e-06   5.286e-06   8.945e-06   4.053e-08  HS65_LH_NOR2AX6
datapath_module/reg_file_module/g7124  3.596e-06   5.245e-06    8.88e-06   3.887e-08  HS65_LH_IVX9
datapath_module/reg_file_module/FE_RC_668_0  7.459e-06   1.365e-06   8.843e-06   1.912e-08  HS65_LH_NOR2X6
datapath_module/reg_file_module/FE_RC_51_0  7.312e-06   1.483e-06   8.815e-06   1.884e-08  HS65_LH_NOR2X6
datapath_module/reg_file_module/FE_RC_682_0  7.384e-06   1.395e-06   8.798e-06   1.912e-08  HS65_LH_NOR2X6
datapath_module/reg_file_module/FE_PHC1617_n_1144  4.411e-06   4.245e-06     8.7e-06   4.371e-08  HS65_LH_BFX2
datapath_module/reg_file_module/g7211  3.966e-06   4.577e-06   8.582e-06   3.887e-08  HS65_LH_IVX9
datapath_module/reg_file_module/FE_RC_67_0  6.676e-06   1.854e-06    8.55e-06   2.029e-08  HS65_LH_NOR2X6
datapath_module/reg_file_module/FE_RC_330_0  2.662e-06   5.298e-06   7.999e-06   3.887e-08  HS65_LH_IVX9
datapath_module/reg_file_module/FE_RC_609_0  6.162e-06   1.627e-06   7.808e-06   1.928e-08  HS65_LH_NOR2X6
datapath_module/reg_file_module/FE_OFC478_n_1087   2.91e-06   4.745e-06   7.688e-06   3.358e-08  HS65_LH_IVX7
datapath_module/reg_file_module/FE_PHC1559_n_1317  5.783e-06   1.815e-06   7.642e-06   4.371e-08  HS65_LH_BFX2
datapath_module/reg_file_module/FE_RC_608_0  6.018e-06   1.591e-06   7.628e-06   1.928e-08  HS65_LH_NOR2X6
datapath_module/reg_file_module/g7168  3.495e-06   4.079e-06   7.613e-06   3.887e-08  HS65_LH_IVX9
datapath_module/reg_file_module/FE_RC_627_0  5.966e-06   1.379e-06   7.364e-06   1.909e-08  HS65_LH_NOR2X6
datapath_module/reg_file_module/FE_RC_651_0  5.376e-06   1.935e-06   7.331e-06   2.045e-08  HS65_LH_NOR2X6
datapath_module/reg_file_module/FE_RC_66_0  4.888e-06   2.123e-06    7.03e-06   1.908e-08  HS65_LH_NOR2X6
datapath_module/reg_file_module/FE_OFC432_n_1266  2.215e-06    4.75e-06   6.998e-06   3.358e-08  HS65_LH_IVX7
datapath_module/reg_file_module/g7268  2.817e-06   3.592e-06   6.448e-06   3.887e-08  HS65_LH_IVX9
datapath_module/reg_file_module/g7314   2.66e-06   3.529e-06   6.228e-06   3.887e-08  HS65_LH_IVX9
datapath_module/alu_module/FE_RC_540_0  4.251e-06   4.524e-10   4.266e-06   1.534e-08  HS65_LH_NOR2X6
datapath_module/reg_file_module/g42859  2.304e-06   1.279e-06     3.6e-06   1.663e-08  HS65_LH_AOI22X1
datapath_module/alu_module/g7451  1.021e-06    1.66e-06   2.722e-06   4.109e-08  HS65_LH_NAND4ABX3
datapath_module/alu_module/g7298  1.449e-06   6.724e-07   2.168e-06   4.594e-08  HS65_LH_OR3X4
datapath_module/alu_module/g7666  9.543e-07   3.125e-07   1.359e-06   9.255e-08  HS65_LH_NOR4X4
datapath_module/alu_module/g7449  2.198e-07   1.016e-06    1.27e-06    3.44e-08  HS65_LH_NAND4ABX3
datapath_module/alu_module/g7450  7.327e-07   5.118e-07   1.266e-06   2.162e-08  HS65_LH_NOR3X4
datapath_module/reg_file_module/g42741  5.978e-07           0   6.312e-07    3.34e-08  HS65_LH_OAI21X2
datapath_module/alu_module/g7448  2.475e-07   2.226e-07   5.431e-07    7.29e-08  HS65_LH_AND3ABCX9
datapath_module/alu_module/drc_buf_sp  5.509e-09   2.012e-07   5.373e-07   3.305e-07  HS65_LH_BFX53
datapath_module/alu_module/FE_OFC434_n_171  1.325e-08   8.876e-08   3.686e-07   2.666e-07  HS65_LH_BFX40
datapath_module/alu_module/FE_OFC551_n_170  6.435e-09    3.77e-08   2.074e-07   1.633e-07  HS65_LH_BFX27
datapath_module/alu_module/g7447  1.814e-08   6.921e-08   1.274e-07   4.007e-08  HS65_LH_NAND4ABX3
datapath_module/alu_module/g7295  1.627e-09   9.457e-09   9.316e-08   8.208e-08  HS65_LH_AND2ABX9
datapath_module/alu_module/drc_bufs7653  9.827e-10   2.219e-08   6.203e-08   3.886e-08  HS65_LH_IVX9
datapath_module/alu_module/drc_bufs7654  9.796e-10    2.08e-08   6.064e-08   3.886e-08  HS65_LH_IVX9
datapath_module/alu_module/g7441  2.491e-09   3.318e-09    4.78e-08   4.199e-08  HS65_LH_NOR4ABX4
datapath_module/alu_module/FE_OFC223_n_28  2.044e-09   1.647e-09   4.746e-08   4.376e-08  HS65_LH_BFX2
datapath_module/alu_module/FE_RC_532_0  1.271e-09   4.754e-09   4.619e-08   4.017e-08  HS65_LH_IVX9
datapath_module/alu_module/drc_bufs7655  9.087e-10   2.861e-09   4.394e-08   4.017e-08  HS65_LH_IVX9
datapath_module/reg_file_module/FE_OFC385_n_2812          0           0   4.371e-08   4.371e-08  HS65_LH_BFX2
datapath_module/alu_module/g7296  6.134e-10    1.43e-09   3.855e-08   3.651e-08  HS65_LH_NAND4ABX3
datapath_module/alu_module/g7446  1.009e-09   1.187e-09   2.877e-08   2.657e-08  HS65_LH_NOR4ABX2

---------------------------------------------------------------------------------------

Total (   6995 of   6995  )        4.204       3.508      7.713   0.0009507
Total Capacitance                1.201e-10 F
Power Density                   *** No Die Area ***
