*----------------------------------------------------------------------------------------
*	Innovus 20.10-p004_1 (64bit) 05/07/2020 20:02 (Linux 2.6.32-431.11.2.el6.x86_64)
*	
*
* 	Date & Time:	2025-Apr-12 14:38:32 (2025-Apr-12 09:08:32 GMT)
*
*----------------------------------------------------------------------------------------
*
*	Design: PROCESSOR
*
*	Liberty Libraries used: 
*	        view1: CORE65LPSVT_bc_1.05V_125C.lib
*
*	Power Domain used: 
*              Rail:        vdd      Voltage:       1.05 
*
*       Power View : view1
*
*       User-Defined Activity : N.A.
*
*       Activity File: N.A.
*
*       Hierarchical Global Activity: N.A.
*
*       Global Activity: N.A.
*
*       Sequential Element Activity: 0.200000
*
*       Primary Input Activity: 0.200000
*
*       Default icg ratio: N.A.
*
*       Global Comb ClockGate Ratio: N.A.
*
*	Power Units = 1mW
*
*	Time Units = 1e-09 secs 
*
*       Temperature = 125 
*
*       report_power -outfile /home/mrinank22305/Desktop/Processor/reports/place_and_route/area/power.rpt -rail_analysis_format VS
*
-----------------------------------------------------------------------------------------
Cell                            Internal   Switching       Total     Leakage   Cell
                                   Power       Power       Power       Power   Name
--------------------------------------------------------------------------------------
CTS_ccl_a_buf_00033              0.02404     0.04319     0.06841    0.001174  HS65_LS_BFX284
datapath_module/reg_file_module/CTS_ccl_a_buf_00022    0.02448     0.02692     0.05258    0.001174  HS65_LS_BFX284
datapath_module/reg_file_module/CTS_ccl_a_buf_00012    0.02449     0.02658     0.05224    0.001174  HS65_LS_BFX284
datapath_module/reg_file_module/CTS_ccl_a_buf_00016     0.0245     0.02631     0.05198    0.001174  HS65_LS_BFX284
datapath_module/reg_file_module/CTS_ccl_a_buf_00018    0.02451     0.02602      0.0517    0.001174  HS65_LS_BFX284
datapath_module/reg_file_module/CTS_ccl_a_buf_00020     0.0245     0.02597     0.05164    0.001174  HS65_LS_BFX284
datapath_module/reg_file_module/CTS_ccl_a_buf_00014     0.0245     0.02596     0.05164    0.001174  HS65_LS_BFX284
datapath_module/reg_file_module/CTS_ccl_a_buf_00028     0.0245     0.02585     0.05152    0.001174  HS65_LS_BFX284
CTS_ccl_a_buf_00026              0.02451      0.0258     0.05148    0.001174  HS65_LS_BFX284
datapath_module/reg_file_module/CTS_ccl_a_buf_00024    0.02452      0.0252      0.0509    0.001174  HS65_LS_BFX284
datapath_module/reg_file_module/CTS_ccl_a_buf_00030    0.02453     0.02481     0.05052    0.001174  HS65_LS_BFX284
datapath_module/alu_module/g6821   0.000564     0.00525    0.005893   7.985e-05  HS65_LS_AO112X18
datapath_module/alu_module/g6820  0.0005925     0.00519    0.005864   8.088e-05  HS65_LS_AO112X18
datapath_module/alu_module/g6824  0.0005589    0.004591    0.005229   7.879e-05  HS65_LS_AO112X18
datapath_module/alu_module/g6825  0.0005237    0.004385    0.004989   8.005e-05  HS65_LS_AO112X18
datapath_module/alu_module/g6823  0.0005035    0.004219    0.004802   7.984e-05  HS65_LS_AO112X18
datapath_module/reg_file_module/FE_OFC16_scan_en  0.0002146    0.003784    0.004099   0.0001001  HS65_LS_BFX27
datapath_module/alu_module/g6818  0.0003647    0.003358    0.003804    8.08e-05  HS65_LS_AO112X18
datapath_module/alu_module/g6819  0.0002793    0.003187    0.003547   7.988e-05  HS65_LS_AO112X18
datapath_module/reg_file_module/g21958   0.000304    0.003122     0.00354   0.0001136  HS65_LS_NAND4X18
datapath_module/reg_file_module/FE_OFC7_scan_en  0.0002131    0.003204    0.003517   0.0001001  HS65_LS_BFX27
datapath_module/alu_module/g6817  0.0002803    0.003103    0.003463   7.988e-05  HS65_LS_AO112X18
datapath_module/alu_module/g6822    0.00028    0.003103    0.003462   7.988e-05  HS65_LS_AO112X18
datapath_module/alu_module/g6812  0.0002882    0.003074    0.003443   8.052e-05  HS65_LS_AO112X18
datapath_module/alu_module/g6827  0.0003511     0.00299    0.003415   7.435e-05  HS65_LS_AO112X18
datapath_module/alu_module/g6799  0.0002789    0.003053    0.003412   7.983e-05  HS65_LS_AO112X18
datapath_module/reg_file_module/FE_OFC5_scan_en  0.0002133    0.003094    0.003408   0.0001001  HS65_LS_BFX27
datapath_module/alu_module/g6811   0.000282    0.003044    0.003406   7.988e-05  HS65_LS_AO112X18
datapath_module/alu_module/g6806  0.0002772    0.003038    0.003395   7.987e-05  HS65_LS_AO112X18
datapath_module/alu_module/g6815  0.0002825    0.003011    0.003375   8.072e-05  HS65_LS_AO112X18
datapath_module/alu_module/g6826  0.0002742    0.003005    0.003359   7.987e-05  HS65_LS_AO112X18
datapath_module/alu_module/g6814  0.0002839    0.002984    0.003348   7.988e-05  HS65_LS_AO112X18
datapath_module/alu_module/g6808  0.0002782    0.002988    0.003346   7.999e-05  HS65_LS_AO112X18
datapath_module/reg_file_module/FE_OFC2_scan_en  0.0002127    0.003004    0.003317   0.0001001  HS65_LS_BFX27
datapath_module/alu_module/g6809  0.0002802    0.002948    0.003308   8.014e-05  HS65_LS_AO112X18
datapath_module/reg_file_module/FE_OFC0_scan_en  0.0002126    0.002975    0.003288   0.0001001  HS65_LS_BFX27
datapath_module/alu_module/g6832  0.0002756    0.002932    0.003287   7.987e-05  HS65_LS_AO112X18
datapath_module/alu_module/g6813  0.0002751    0.002906    0.003262   8.054e-05  HS65_LS_AO112X18
datapath_module/alu_module/g6830  0.0002718     0.00291    0.003262   7.988e-05  HS65_LS_AO112X18
datapath_module/alu_module/g6816  0.0002965    0.002846    0.003223   8.079e-05  HS65_LS_AO112X18
datapath_module/reg_file_module/FE_OFC9_scan_en  0.0001422     0.00298    0.003188   6.563e-05  HS65_LS_BFX18
FE_OFC15_scan_en               0.0002131    0.002871    0.003184   0.0001001  HS65_LS_BFX27
datapath_module/alu_module/g6833  0.0002763    0.002806    0.003162   7.992e-05  HS65_LS_AO112X18
datapath_module/alu_module/g6810  0.0002726    0.002805    0.003158   8.046e-05  HS65_LS_AO112X18
datapath_module/reg_file_module/FE_OFC3_scan_en  0.0001416    0.002874    0.003081   6.563e-05  HS65_LS_BFX18
datapath_module/alu_module/g6831  0.0002737    0.002704    0.003057   7.989e-05  HS65_LS_AO112X18
datapath_module/alu_module/g6829  0.0002589    0.002713    0.003052   7.987e-05  HS65_LS_AO112X18
datapath_module/alu_module/g6803  0.0002878    0.002633       0.003   7.983e-05  HS65_LS_AO112X18
datapath_module/alu_module/g6828  0.0002728    0.002595    0.002948   7.988e-05  HS65_LS_AO112X18
datapath_module/alu_module/g6804  0.0002798    0.002577    0.002937   7.983e-05  HS65_LS_AO112X18
datapath_module/alu_module/g6805  0.0002717    0.002545    0.002896   7.987e-05  HS65_LS_AO112X18
datapath_module/alu_module/g6801  0.0002811    0.002512    0.002873   7.983e-05  HS65_LS_AO112X18
datapath_module/reg_file_module/FE_OFC10_scan_en  0.0001415    0.002591    0.002798   6.563e-05  HS65_LS_BFX18
datapath_module/reg_file_module/g21185   8.99e-05    0.002602    0.002742   5.015e-05  HS65_LS_NAND2X14
datapath_module/reg_file_module/FE_OFC14_scan_en  0.0001414    0.002509    0.002716   6.563e-05  HS65_LS_BFX18
FE_OFC13_scan_en               0.0001413    0.002463    0.002669   6.563e-05  HS65_LS_BFX18
datapath_module/reg_file_module/FE_OFC1_scan_en  0.0001411    0.002368    0.002575   6.563e-05  HS65_LS_BFX18
datapath_module/reg_file_module/FE_OFC6_scan_en  0.0001409    0.002291    0.002498   6.563e-05  HS65_LS_BFX18
datapath_module/reg_file_module/FE_OFC12_scan_en  0.0001409     0.00225    0.002457   6.563e-05  HS65_LS_BFX18
datapath_module/reg_file_module/FE_OFC11_scan_en  0.0001408    0.002211    0.002418   6.563e-05  HS65_LS_BFX18
datapath_module/reg_file_module/FE_OFC8_scan_en  0.0001407    0.002137    0.002343   6.563e-05  HS65_LS_BFX18
datapath_module/reg_file_module/FE_OFC4_scan_en  0.0001404    0.001958    0.002164   6.563e-05  HS65_LS_BFX18
datapath_module/reg_file_module/g21179  0.0002202    0.001793    0.002087   7.405e-05  HS65_LS_OR3ABCX18
datapath_module/alu_module/mul_44_34/g12225  4.768e-05    0.001885    0.001959    2.66e-05  HS65_LS_IVX9
datapath_module/alu_module/mul_44_34/g12355  5.274e-05    0.001824    0.001902   2.516e-05  HS65_LS_IVX9
IFU_module/PC_reg[3]            0.001196   0.0005413    0.001825   8.762e-05  HS65_LS_SDFPRQX4
datapath_module/reg_file_module/g5134  0.0001609    0.001609     0.00182   5.029e-05  HS65_LS_AND2ABX18
datapath_module/alu_module/mul_44_34/FE_OFC35_read_data2_1  0.0001308    0.001638    0.001796   2.749e-05  HS65_LS_BFX9
datapath_module/reg_file_module/FE_OFC18_n_1223  0.0001108    0.001642    0.001792   3.974e-05  HS65_LS_BFX13
datapath_module/reg_file_module/reg_memory_reg[23][2]1540    0.00164           0    0.001757   0.0001176  HS65_LS_SDFPHQX9
datapath_module/reg_file_module/reg_memory_reg[23][5]1543   0.001639           0    0.001756   0.0001175  HS65_LS_SDFPHQX9
datapath_module/reg_file_module/reg_memory_reg[23][1]1539   0.001638           0    0.001756   0.0001176  HS65_LS_SDFPHQX9
datapath_module/reg_file_module/reg_memory_reg[23][4]1542   0.001638           0    0.001755   0.0001175  HS65_LS_SDFPHQX9
datapath_module/reg_file_module/reg_memory_reg[23][3]1541   0.001635           0    0.001753   0.0001176  HS65_LS_SDFPHQX9
datapath_module/reg_file_module/reg_memory_reg[21][4]1414   0.001633           0     0.00175   0.0001175  HS65_LS_SDFPHQX9
datapath_module/reg_file_module/reg_memory_reg[21][2]1412   0.001632           0     0.00175   0.0001176  HS65_LS_SDFPHQX9
datapath_module/reg_file_module/reg_memory_reg[21][1]1411   0.001632           0    0.001749   0.0001176  HS65_LS_SDFPHQX9
datapath_module/reg_file_module/reg_memory_reg[23][6]1544   0.001631           0    0.001749   0.0001178  HS65_LS_SDFPHQX9
datapath_module/reg_file_module/reg_memory_reg[23][0]1538   0.001631           0    0.001748   0.0001176  HS65_LS_SDFPHQX9
datapath_module/alu_module/mul_44_34/FE_DBTC9_read_data2_1  8.241e-05    0.001639    0.001748   2.628e-05  HS65_LS_IVX9
datapath_module/reg_file_module/reg_memory_reg[21][3]1413    0.00163           0    0.001748   0.0001176  HS65_LS_SDFPHQX9
datapath_module/reg_file_module/reg_memory_reg[23][31]1569    0.00163           0    0.001748   0.0001178  HS65_LS_SDFPHQX9
datapath_module/reg_file_module/reg_memory_reg[23][12]1550    0.00163           0    0.001747   0.0001178  HS65_LS_SDFPHQX9
datapath_module/reg_file_module/reg_memory_reg[23][30]1568   0.001629           0    0.001747   0.0001178  HS65_LS_SDFPHQX9
datapath_module/reg_file_module/reg_memory_reg[23][26]1564   0.001629           0    0.001747   0.0001178  HS65_LS_SDFPHQX9
datapath_module/reg_file_module/reg_memory_reg[21][5]1415   0.001628           0    0.001746   0.0001175  HS65_LS_SDFPHQX9
datapath_module/reg_file_module/reg_memory_reg[23][10]1548   0.001628           0    0.001745   0.0001178  HS65_LS_SDFPHQX9
datapath_module/reg_file_module/reg_memory_reg[23][13]1551   0.001627           0    0.001745   0.0001178  HS65_LS_SDFPHQX9
datapath_module/reg_file_module/reg_memory_reg[23][9]1547   0.001627           0    0.001745   0.0001178  HS65_LS_SDFPHQX9
datapath_module/reg_file_module/reg_memory_reg[23][11]1549   0.001627           0    0.001745   0.0001178  HS65_LS_SDFPHQX9
datapath_module/reg_file_module/reg_memory_reg[23][7]1545   0.001626           0    0.001744   0.0001178  HS65_LS_SDFPHQX9
datapath_module/reg_file_module/reg_memory_reg[23][8]1546   0.001626           0    0.001744   0.0001178  HS65_LS_SDFPHQX9
datapath_module/reg_file_module/reg_memory_reg[23][14]1552   0.001626           0    0.001743   0.0001178  HS65_LS_SDFPHQX9
datapath_module/reg_file_module/reg_memory_reg[21][0]1410   0.001624           0    0.001742   0.0001175  HS65_LS_SDFPHQX9
datapath_module/reg_file_module/reg_memory_reg[23][28]1566   0.001623           0    0.001741   0.0001178  HS65_LS_SDFPHQX9
datapath_module/reg_file_module/reg_memory_reg[23][27]1565   0.001623           0    0.001741   0.0001178  HS65_LS_SDFPHQX9
datapath_module/reg_file_module/reg_memory_reg[23][29]1567   0.001623           0    0.001741   0.0001178  HS65_LS_SDFPHQX9
datapath_module/reg_file_module/reg_memory_reg[21][31]1441   0.001622           0     0.00174   0.0001178  HS65_LS_SDFPHQX9
datapath_module/reg_file_module/reg_memory_reg[23][21]1559   0.001622           0     0.00174   0.0001178  HS65_LS_SDFPHQX9
datapath_module/reg_file_module/reg_memory_reg[23][20]1558   0.001622           0     0.00174   0.0001178  HS65_LS_SDFPHQX9
datapath_module/reg_file_module/reg_memory_reg[23][22]1560   0.001622           0     0.00174   0.0001178  HS65_LS_SDFPHQX9
datapath_module/reg_file_module/reg_memory_reg[23][19]1557   0.001622           0     0.00174   0.0001178  HS65_LS_SDFPHQX9
datapath_module/reg_file_module/reg_memory_reg[23][18]1556   0.001622           0     0.00174   0.0001178  HS65_LS_SDFPHQX9
datapath_module/reg_file_module/reg_memory_reg[21][6]1416   0.001622           0     0.00174   0.0001178  HS65_LS_SDFPHQX9
datapath_module/reg_file_module/reg_memory_reg[23][23]1561   0.001622           0     0.00174   0.0001178  HS65_LS_SDFPHQX9
datapath_module/reg_file_module/reg_memory_reg[23][24]1562   0.001622           0     0.00174   0.0001178  HS65_LS_SDFPHQX9
datapath_module/reg_file_module/reg_memory_reg[23][17]1555   0.001622           0     0.00174   0.0001178  HS65_LS_SDFPHQX9
datapath_module/reg_file_module/reg_memory_reg[23][16]1554   0.001622           0    0.001739   0.0001178  HS65_LS_SDFPHQX9
datapath_module/reg_file_module/reg_memory_reg[23][15]1553   0.001622           0    0.001739   0.0001178  HS65_LS_SDFPHQX9
datapath_module/reg_file_module/reg_memory_reg[23][25]1563   0.001621           0    0.001739   0.0001178  HS65_LS_SDFPHQX9
datapath_module/reg_file_module/reg_memory_reg[21][7]1417   0.001619           0    0.001737   0.0001178  HS65_LS_SDFPHQX9
datapath_module/reg_file_module/reg_memory_reg[21][21]1431   0.001619           0    0.001736   0.0001178  HS65_LS_SDFPHQX9
datapath_module/reg_file_module/reg_memory_reg[21][20]1430   0.001619           0    0.001736   0.0001178  HS65_LS_SDFPHQX9
datapath_module/reg_file_module/reg_memory_reg[21][19]1429   0.001619           0    0.001736   0.0001178  HS65_LS_SDFPHQX9
datapath_module/reg_file_module/reg_memory_reg[21][22]1432   0.001619           0    0.001736   0.0001178  HS65_LS_SDFPHQX9
datapath_module/reg_file_module/reg_memory_reg[21][18]1428   0.001619           0    0.001736   0.0001178  HS65_LS_SDFPHQX9
datapath_module/reg_file_module/reg_memory_reg[21][8]1418   0.001619           0    0.001736   0.0001178  HS65_LS_SDFPHQX9
datapath_module/reg_file_module/reg_memory_reg[21][17]1427   0.001618           0    0.001736   0.0001178  HS65_LS_SDFPHQX9
datapath_module/reg_file_module/reg_memory_reg[21][23]1433   0.001618           0    0.001736   0.0001178  HS65_LS_SDFPHQX9
datapath_module/reg_file_module/reg_memory_reg[21][16]1426   0.001618           0    0.001736   0.0001178  HS65_LS_SDFPHQX9
datapath_module/reg_file_module/reg_memory_reg[21][9]1419   0.001618           0    0.001736   0.0001178  HS65_LS_SDFPHQX9
datapath_module/reg_file_module/reg_memory_reg[21][11]1421   0.001618           0    0.001736   0.0001178  HS65_LS_SDFPHQX9
datapath_module/reg_file_module/reg_memory_reg[21][10]1420   0.001617           0    0.001735   0.0001178  HS65_LS_SDFPHQX9
datapath_module/reg_file_module/reg_memory_reg[21][24]1434   0.001617           0    0.001735   0.0001178  HS65_LS_SDFPHQX9
datapath_module/reg_file_module/reg_memory_reg[21][26]1436   0.001617           0    0.001735   0.0001178  HS65_LS_SDFPHQX9
datapath_module/reg_file_module/reg_memory_reg[21][30]1440   0.001617           0    0.001735   0.0001178  HS65_LS_SDFPHQX9
datapath_module/reg_file_module/reg_memory_reg[21][28]1438   0.001617           0    0.001734   0.0001178  HS65_LS_SDFPHQX9
datapath_module/reg_file_module/reg_memory_reg[21][27]1437   0.001617           0    0.001734   0.0001178  HS65_LS_SDFPHQX9
datapath_module/reg_file_module/reg_memory_reg[21][29]1439   0.001617           0    0.001734   0.0001178  HS65_LS_SDFPHQX9
datapath_module/reg_file_module/reg_memory_reg[21][12]1422   0.001616           0    0.001734   0.0001178  HS65_LS_SDFPHQX9
datapath_module/reg_file_module/reg_memory_reg[21][13]1423   0.001616           0    0.001734   0.0001178  HS65_LS_SDFPHQX9
datapath_module/reg_file_module/reg_memory_reg[21][14]1424   0.001616           0    0.001734   0.0001178  HS65_LS_SDFPHQX9
datapath_module/reg_file_module/reg_memory_reg[21][15]1425   0.001616           0    0.001734   0.0001178  HS65_LS_SDFPHQX9
datapath_module/reg_file_module/reg_memory_reg[21][25]1435   0.001616           0    0.001734   0.0001178  HS65_LS_SDFPHQX9
datapath_module/reg_file_module/reg_memory_reg[29][5]1927   0.001606           0    0.001724   0.0001175  HS65_LS_SDFPHQX9
datapath_module/reg_file_module/reg_memory_reg[31][4]2054   0.001603           0     0.00172   0.0001175  HS65_LS_SDFPHQX9
datapath_module/reg_file_module/reg_memory_reg[31][5]2055   0.001603           0     0.00172   0.0001175  HS65_LS_SDFPHQX9
datapath_module/reg_file_module/reg_memory_reg[31][2]2052   0.001602           0    0.001719   0.0001175  HS65_LS_SDFPHQX9
datapath_module/reg_file_module/reg_memory_reg[31][3]2053     0.0016           0    0.001718   0.0001176  HS65_LS_SDFPHQX9
datapath_module/reg_file_module/reg_memory_reg[31][1]2051     0.0016           0    0.001718   0.0001175  HS65_LS_SDFPHQX9
datapath_module/reg_file_module/reg_memory_reg[29][2]1924   0.001599           0    0.001716   0.0001175  HS65_LS_SDFPHQX9
datapath_module/reg_file_module/reg_memory_reg[29][1]1923   0.001598           0    0.001715   0.0001175  HS65_LS_SDFPHQX9
datapath_module/reg_file_module/reg_memory_reg[29][3]1925   0.001597           0    0.001715   0.0001176  HS65_LS_SDFPHQX9
datapath_module/reg_file_module/reg_memory_reg[29][28]1950   0.001597           0    0.001714   0.0001177  HS65_LS_SDFPHQX9
datapath_module/reg_file_module/reg_memory_reg[29][26]1948   0.001597           0    0.001714   0.0001177  HS65_LS_SDFPHQX9
datapath_module/reg_file_module/reg_memory_reg[29][27]1949   0.001597           0    0.001714   0.0001177  HS65_LS_SDFPHQX9
datapath_module/reg_file_module/reg_memory_reg[31][0]2050   0.001594           0    0.001712   0.0001175  HS65_LS_SDFPHQX9
datapath_module/reg_file_module/reg_memory_reg[29][6]1928   0.001592           0    0.001709   0.0001177  HS65_LS_SDFPHQX9
datapath_module/reg_file_module/reg_memory_reg[29][0]1922   0.001591           0    0.001709   0.0001175  HS65_LS_SDFPHQX9
datapath_module/reg_file_module/reg_memory_reg[29][31]1953    0.00159           0    0.001708   0.0001177  HS65_LS_SDFPHQX9
datapath_module/reg_file_module/reg_memory_reg[29][29]1951    0.00159           0    0.001708   0.0001177  HS65_LS_SDFPHQX9
datapath_module/reg_file_module/reg_memory_reg[29][30]1952    0.00159           0    0.001708   0.0001177  HS65_LS_SDFPHQX9
datapath_module/reg_file_module/reg_memory_reg[29][21]1943   0.001589           0    0.001707   0.0001177  HS65_LS_SDFPHQX9
datapath_module/reg_file_module/reg_memory_reg[29][23]1945   0.001589           0    0.001706   0.0001177  HS65_LS_SDFPHQX9
datapath_module/reg_file_module/reg_memory_reg[29][22]1944   0.001589           0    0.001706   0.0001177  HS65_LS_SDFPHQX9
datapath_module/reg_file_module/reg_memory_reg[29][20]1942   0.001589           0    0.001706   0.0001177  HS65_LS_SDFPHQX9
datapath_module/reg_file_module/reg_memory_reg[29][19]1941   0.001588           0    0.001706   0.0001177  HS65_LS_SDFPHQX9
datapath_module/reg_file_module/reg_memory_reg[29][7]1929   0.001588           0    0.001706   0.0001177  HS65_LS_SDFPHQX9
datapath_module/reg_file_module/reg_memory_reg[29][12]1934   0.001588           0    0.001706   0.0001177  HS65_LS_SDFPHQX9
datapath_module/reg_file_module/reg_memory_reg[29][10]1932   0.001588           0    0.001706   0.0001177  HS65_LS_SDFPHQX9
datapath_module/reg_file_module/reg_memory_reg[29][18]1940   0.001588           0    0.001705   0.0001177  HS65_LS_SDFPHQX9
datapath_module/reg_file_module/reg_memory_reg[29][8]1930   0.001588           0    0.001705   0.0001177  HS65_LS_SDFPHQX9
datapath_module/reg_file_module/reg_memory_reg[29][24]1946   0.001587           0    0.001705   0.0001177  HS65_LS_SDFPHQX9
datapath_module/reg_file_module/reg_memory_reg[29][17]1939   0.001587           0    0.001705   0.0001177  HS65_LS_SDFPHQX9
datapath_module/reg_file_module/reg_memory_reg[29][13]1935   0.001587           0    0.001705   0.0001177  HS65_LS_SDFPHQX9
datapath_module/reg_file_module/reg_memory_reg[29][11]1933   0.001587           0    0.001705   0.0001177  HS65_LS_SDFPHQX9
datapath_module/reg_file_module/reg_memory_reg[29][9]1931   0.001587           0    0.001705   0.0001177  HS65_LS_SDFPHQX9
datapath_module/reg_file_module/reg_memory_reg[29][25]1947   0.001587           0    0.001705   0.0001177  HS65_LS_SDFPHQX9
datapath_module/reg_file_module/reg_memory_reg[29][14]1936   0.001586           0    0.001704   0.0001177  HS65_LS_SDFPHQX9
datapath_module/reg_file_module/reg_memory_reg[29][15]1937   0.001586           0    0.001704   0.0001177  HS65_LS_SDFPHQX9
datapath_module/reg_file_module/reg_memory_reg[29][16]1938   0.001586           0    0.001704   0.0001177  HS65_LS_SDFPHQX9
datapath_module/reg_file_module/reg_memory_reg[29][4]1926   0.001582           0    0.001699   0.0001175  HS65_LS_SDFPHQX9
datapath_module/alu_module/mul_44_34/FE_OFC31_n_0  0.0001652    0.001487    0.001683   3.088e-05  HS65_LS_BFX9
datapath_module/reg_file_module/reg_memory_reg[22][2]1476   0.001558           0    0.001676   0.0001175  HS65_LS_SDFPHQX9
datapath_module/reg_file_module/reg_memory_reg[22][1]1475   0.001557           0    0.001675   0.0001175  HS65_LS_SDFPHQX9
datapath_module/reg_file_module/reg_memory_reg[22][3]1477   0.001557           0    0.001674   0.0001176  HS65_LS_SDFPHQX9
datapath_module/reg_file_module/reg_memory_reg[22][4]1478   0.001556           0    0.001673   0.0001175  HS65_LS_SDFPHQX9
datapath_module/reg_file_module/reg_memory_reg[22][5]1479   0.001555           0    0.001673   0.0001175  HS65_LS_SDFPHQX9
datapath_module/reg_file_module/reg_memory_reg[20][5]1351   0.001554           0    0.001672   0.0001175  HS65_LS_SDFPHQX9
datapath_module/reg_file_module/reg_memory_reg[7][5]519   0.001554           0    0.001672   0.0001175  HS65_LS_SDFPHQX9
datapath_module/reg_file_module/reg_memory_reg[20][4]1350   0.001554           0    0.001672   0.0001175  HS65_LS_SDFPHQX9
datapath_module/reg_file_module/reg_memory_reg[20][2]1348   0.001554           0    0.001672   0.0001175  HS65_LS_SDFPHQX9
datapath_module/reg_file_module/reg_memory_reg[7][4]518   0.001554           0    0.001671   0.0001175  HS65_LS_SDFPHQX9
datapath_module/reg_file_module/reg_memory_reg[7][2]516   0.001554           0    0.001671   0.0001175  HS65_LS_SDFPHQX9
datapath_module/reg_file_module/reg_memory_reg[20][1]1347   0.001553           0     0.00167   0.0001175  HS65_LS_SDFPHQX9
datapath_module/reg_file_module/reg_memory_reg[20][3]1349   0.001553           0     0.00167   0.0001176  HS65_LS_SDFPHQX9
datapath_module/reg_file_module/reg_memory_reg[7][1]515   0.001553           0     0.00167   0.0001175  HS65_LS_SDFPHQX9
datapath_module/reg_file_module/reg_memory_reg[7][3]517   0.001552           0     0.00167   0.0001176  HS65_LS_SDFPHQX9
datapath_module/reg_file_module/reg_memory_reg[22][0]1474   0.001552           0    0.001669   0.0001175  HS65_LS_SDFPHQX9
datapath_module/reg_file_module/reg_memory_reg[22][31]1505   0.001551           0    0.001669   0.0001177  HS65_LS_SDFPHQX9
datapath_module/reg_file_module/reg_memory_reg[5][4]390    0.00155           0    0.001668   0.0001175  HS65_LS_SDFPHQX9
datapath_module/reg_file_module/reg_memory_reg[5][2]388    0.00155           0    0.001668   0.0001175  HS65_LS_SDFPHQX9
datapath_module/reg_file_module/reg_memory_reg[22][6]1480    0.00155           0    0.001667   0.0001176  HS65_LS_SDFPHQX9
datapath_module/reg_file_module/reg_memory_reg[7][0]514    0.00155           0    0.001667   0.0001175  HS65_LS_SDFPHQX9
datapath_module/reg_file_module/reg_memory_reg[7][31]545   0.001549           0    0.001667   0.0001177  HS65_LS_SDFPHQX9
datapath_module/reg_file_module/reg_memory_reg[5][1]387   0.001549           0    0.001667   0.0001175  HS65_LS_SDFPHQX9
datapath_module/reg_file_module/reg_memory_reg[5][3]389   0.001549           0    0.001666   0.0001176  HS65_LS_SDFPHQX9
datapath_module/reg_file_module/reg_memory_reg[7][30]544   0.001549           0    0.001666   0.0001177  HS65_LS_SDFPHQX9
datapath_module/reg_file_module/reg_memory_reg[20][0]1346   0.001548           0    0.001665   0.0001175  HS65_LS_SDFPHQX9
datapath_module/reg_file_module/reg_memory_reg[22][10]1484   0.001548           0    0.001665   0.0001177  HS65_LS_SDFPHQX9
datapath_module/reg_file_module/reg_memory_reg[22][12]1486   0.001547           0    0.001665   0.0001177  HS65_LS_SDFPHQX9
datapath_module/reg_file_module/reg_memory_reg[20][28]1374   0.001547           0    0.001665   0.0001177  HS65_LS_SDFPHQX9
datapath_module/reg_file_module/reg_memory_reg[22][11]1485   0.001547           0    0.001665   0.0001177  HS65_LS_SDFPHQX9
datapath_module/reg_file_module/reg_memory_reg[22][7]1481   0.001546           0    0.001664   0.0001176  HS65_LS_SDFPHQX9
datapath_module/reg_file_module/reg_memory_reg[7][6]520   0.001546           0    0.001664   0.0001176  HS65_LS_SDFPHQX9
datapath_module/reg_file_module/reg_memory_reg[22][8]1482   0.001546           0    0.001664   0.0001177  HS65_LS_SDFPHQX9
datapath_module/reg_file_module/reg_memory_reg[5][5]391   0.001546           0    0.001664   0.0001175  HS65_LS_SDFPHQX9
datapath_module/reg_file_module/reg_memory_reg[22][9]1483   0.001546           0    0.001663   0.0001177  HS65_LS_SDFPHQX9
datapath_module/reg_file_module/reg_memory_reg[22][15]1489   0.001546           0    0.001663   0.0001177  HS65_LS_SDFPHQX9
datapath_module/reg_file_module/reg_memory_reg[22][30]1504   0.001545           0    0.001663   0.0001177  HS65_LS_SDFPHQX9
datapath_module/reg_file_module/reg_memory_reg[22][27]1501   0.001545           0    0.001663   0.0001177  HS65_LS_SDFPHQX9
datapath_module/reg_file_module/reg_memory_reg[22][29]1503   0.001545           0    0.001663   0.0001177  HS65_LS_SDFPHQX9
datapath_module/reg_file_module/reg_memory_reg[22][26]1500   0.001545           0    0.001663   0.0001177  HS65_LS_SDFPHQX9
datapath_module/reg_file_module/reg_memory_reg[20][30]1376   0.001545           0    0.001662   0.0001177  HS65_LS_SDFPHQX9
datapath_module/reg_file_module/reg_memory_reg[22][25]1499   0.001545           0    0.001662   0.0001177  HS65_LS_SDFPHQX9
datapath_module/reg_file_module/reg_memory_reg[5][0]386   0.001544           0    0.001662   0.0001175  HS65_LS_SDFPHQX9
datapath_module/reg_file_module/reg_memory_reg[7][7]521   0.001544           0    0.001662   0.0001176  HS65_LS_SDFPHQX9
datapath_module/reg_file_module/reg_memory_reg[7][10]524   0.001544           0    0.001662   0.0001177  HS65_LS_SDFPHQX9
datapath_module/reg_file_module/reg_memory_reg[22][21]1495   0.001544           0    0.001662   0.0001177  HS65_LS_SDFPHQX9
datapath_module/reg_file_module/reg_memory_reg[22][22]1496   0.001544           0    0.001661   0.0001177  HS65_LS_SDFPHQX9
datapath_module/reg_file_module/reg_memory_reg[22][20]1494   0.001544           0    0.001661   0.0001177  HS65_LS_SDFPHQX9
datapath_module/reg_file_module/reg_memory_reg[22][19]1493   0.001544           0    0.001661   0.0001177  HS65_LS_SDFPHQX9
datapath_module/reg_file_module/reg_memory_reg[22][18]1492   0.001544           0    0.001661   0.0001177  HS65_LS_SDFPHQX9
datapath_module/reg_file_module/reg_memory_reg[20][31]1377   0.001544           0    0.001661   0.0001177  HS65_LS_SDFPHQX9
datapath_module/reg_file_module/reg_memory_reg[5][31]417   0.001544           0    0.001661   0.0001177  HS65_LS_SDFPHQX9
datapath_module/reg_file_module/reg_memory_reg[22][23]1497   0.001544           0    0.001661   0.0001177  HS65_LS_SDFPHQX9
datapath_module/reg_file_module/reg_memory_reg[22][13]1487   0.001544           0    0.001661   0.0001177  HS65_LS_SDFPHQX9
datapath_module/reg_file_module/reg_memory_reg[7][12]526   0.001544           0    0.001661   0.0001177  HS65_LS_SDFPHQX9
datapath_module/reg_file_module/reg_memory_reg[7][8]522   0.001544           0    0.001661   0.0001177  HS65_LS_SDFPHQX9
datapath_module/reg_file_module/reg_memory_reg[7][9]523   0.001544           0    0.001661   0.0001177  HS65_LS_SDFPHQX9
datapath_module/reg_file_module/reg_memory_reg[22][24]1498   0.001544           0    0.001661   0.0001177  HS65_LS_SDFPHQX9
datapath_module/reg_file_module/reg_memory_reg[22][14]1488   0.001544           0    0.001661   0.0001177  HS65_LS_SDFPHQX9
datapath_module/reg_file_module/reg_memory_reg[22][17]1491   0.001544           0    0.001661   0.0001177  HS65_LS_SDFPHQX9
datapath_module/reg_file_module/reg_memory_reg[20][27]1373   0.001544           0    0.001661   0.0001177  HS65_LS_SDFPHQX9
datapath_module/reg_file_module/reg_memory_reg[7][14]528   0.001544           0    0.001661   0.0001177  HS65_LS_SDFPHQX9
datapath_module/reg_file_module/reg_memory_reg[7][17]531   0.001544           0    0.001661   0.0001177  HS65_LS_SDFPHQX9
datapath_module/reg_file_module/reg_memory_reg[22][16]1490   0.001543           0    0.001661   0.0001177  HS65_LS_SDFPHQX9
datapath_module/reg_file_module/reg_memory_reg[7][15]529   0.001543           0    0.001661   0.0001177  HS65_LS_SDFPHQX9
datapath_module/reg_file_module/reg_memory_reg[22][28]1502   0.001543           0    0.001661   0.0001177  HS65_LS_SDFPHQX9
datapath_module/reg_file_module/reg_memory_reg[20][29]1375   0.001543           0    0.001661   0.0001177  HS65_LS_SDFPHQX9
datapath_module/reg_file_module/reg_memory_reg[20][22]1368   0.001543           0    0.001661   0.0001176  HS65_LS_SDFPHQX9
datapath_module/reg_file_module/reg_memory_reg[7][11]525   0.001543           0    0.001661   0.0001177  HS65_LS_SDFPHQX9
datapath_module/reg_file_module/reg_memory_reg[20][23]1369   0.001543           0    0.001661   0.0001177  HS65_LS_SDFPHQX9
datapath_module/reg_file_module/reg_memory_reg[20][24]1370   0.001543           0    0.001661   0.0001177  HS65_LS_SDFPHQX9
datapath_module/reg_file_module/reg_memory_reg[20][26]1372   0.001543           0    0.001661   0.0001177  HS65_LS_SDFPHQX9
datapath_module/reg_file_module/reg_memory_reg[20][25]1371   0.001543           0     0.00166   0.0001177  HS65_LS_SDFPHQX9
datapath_module/reg_file_module/reg_memory_reg[7][29]543   0.001543           0     0.00166   0.0001177  HS65_LS_SDFPHQX9
datapath_module/reg_file_module/reg_memory_reg[20][6]1352   0.001543           0     0.00166   0.0001176  HS65_LS_SDFPHQX9
datapath_module/reg_file_module/reg_memory_reg[7][27]541   0.001543           0     0.00166   0.0001177  HS65_LS_SDFPHQX9
datapath_module/reg_file_module/reg_memory_reg[7][28]542   0.001543           0     0.00166   0.0001177  HS65_LS_SDFPHQX9
datapath_module/reg_file_module/reg_memory_reg[5][6]392   0.001542           0     0.00166   0.0001176  HS65_LS_SDFPHQX9
datapath_module/reg_file_module/reg_memory_reg[20][21]1367   0.001542           0     0.00166   0.0001176  HS65_LS_SDFPHQX9
datapath_module/reg_file_module/reg_memory_reg[20][20]1366   0.001542           0     0.00166   0.0001176  HS65_LS_SDFPHQX9
datapath_module/reg_file_module/reg_memory_reg[20][18]1364   0.001542           0     0.00166   0.0001176  HS65_LS_SDFPHQX9
datapath_module/reg_file_module/reg_memory_reg[20][19]1365   0.001542           0     0.00166   0.0001176  HS65_LS_SDFPHQX9
datapath_module/reg_file_module/reg_memory_reg[20][14]1360   0.001542           0    0.001659   0.0001177  HS65_LS_SDFPHQX9
datapath_module/reg_file_module/reg_memory_reg[20][17]1363   0.001542           0    0.001659   0.0001177  HS65_LS_SDFPHQX9
datapath_module/reg_file_module/reg_memory_reg[7][21]535   0.001542           0    0.001659   0.0001177  HS65_LS_SDFPHQX9
datapath_module/reg_file_module/reg_memory_reg[20][16]1362   0.001542           0    0.001659   0.0001177  HS65_LS_SDFPHQX9
datapath_module/reg_file_module/reg_memory_reg[20][15]1361   0.001542           0    0.001659   0.0001177  HS65_LS_SDFPHQX9
datapath_module/reg_file_module/reg_memory_reg[7][20]534   0.001542           0    0.001659   0.0001177  HS65_LS_SDFPHQX9
datapath_module/reg_file_module/reg_memory_reg[7][22]536   0.001541           0    0.001659   0.0001177  HS65_LS_SDFPHQX9
datapath_module/reg_file_module/reg_memory_reg[7][18]532   0.001541           0    0.001659   0.0001177  HS65_LS_SDFPHQX9
datapath_module/reg_file_module/reg_memory_reg[7][19]533   0.001541           0    0.001659   0.0001177  HS65_LS_SDFPHQX9
datapath_module/reg_file_module/reg_memory_reg[7][13]527   0.001541           0    0.001659   0.0001177  HS65_LS_SDFPHQX9
datapath_module/reg_file_module/reg_memory_reg[7][23]537   0.001541           0    0.001659   0.0001177  HS65_LS_SDFPHQX9
datapath_module/reg_file_module/reg_memory_reg[7][24]538   0.001541           0    0.001659   0.0001177  HS65_LS_SDFPHQX9
datapath_module/reg_file_module/reg_memory_reg[7][26]540   0.001541           0    0.001659   0.0001177  HS65_LS_SDFPHQX9
datapath_module/reg_file_module/reg_memory_reg[7][16]530   0.001541           0    0.001659   0.0001177  HS65_LS_SDFPHQX9
datapath_module/reg_file_module/reg_memory_reg[20][7]1353   0.001541           0    0.001658   0.0001176  HS65_LS_SDFPHQX9
datapath_module/reg_file_module/reg_memory_reg[7][25]539   0.001541           0    0.001658   0.0001177  HS65_LS_SDFPHQX9
datapath_module/reg_file_module/reg_memory_reg[20][10]1356   0.001541           0    0.001658   0.0001176  HS65_LS_SDFPHQX9
datapath_module/reg_file_module/reg_memory_reg[20][13]1359    0.00154           0    0.001658   0.0001176  HS65_LS_SDFPHQX9
datapath_module/reg_file_module/reg_memory_reg[20][12]1358    0.00154           0    0.001658   0.0001176  HS65_LS_SDFPHQX9
datapath_module/reg_file_module/reg_memory_reg[20][8]1354    0.00154           0    0.001658   0.0001176  HS65_LS_SDFPHQX9
datapath_module/reg_file_module/reg_memory_reg[20][9]1355    0.00154           0    0.001658   0.0001176  HS65_LS_SDFPHQX9
datapath_module/reg_file_module/reg_memory_reg[20][11]1357    0.00154           0    0.001658   0.0001176  HS65_LS_SDFPHQX9
datapath_module/reg_file_module/reg_memory_reg[5][19]405    0.00154           0    0.001658   0.0001176  HS65_LS_SDFPHQX9
datapath_module/reg_file_module/reg_memory_reg[5][22]408    0.00154           0    0.001658   0.0001176  HS65_LS_SDFPHQX9
datapath_module/reg_file_module/reg_memory_reg[5][10]396    0.00154           0    0.001658   0.0001176  HS65_LS_SDFPHQX9
datapath_module/reg_file_module/reg_memory_reg[5][18]404    0.00154           0    0.001658   0.0001176  HS65_LS_SDFPHQX9
datapath_module/reg_file_module/reg_memory_reg[5][21]407    0.00154           0    0.001658   0.0001176  HS65_LS_SDFPHQX9
datapath_module/reg_file_module/reg_memory_reg[5][11]397    0.00154           0    0.001657   0.0001176  HS65_LS_SDFPHQX9
datapath_module/reg_file_module/reg_memory_reg[15][5]1031    0.00154           0    0.001657   0.0001175  HS65_LS_SDFPHQX9
datapath_module/reg_file_module/reg_memory_reg[5][23]409   0.001538           0    0.001656   0.0001177  HS65_LS_SDFPHQX9
datapath_module/reg_file_module/reg_memory_reg[5][24]410   0.001538           0    0.001656   0.0001177  HS65_LS_SDFPHQX9
datapath_module/reg_file_module/reg_memory_reg[5][7]393   0.001538           0    0.001656   0.0001176  HS65_LS_SDFPHQX9
datapath_module/reg_file_module/reg_memory_reg[5][30]416   0.001538           0    0.001656   0.0001177  HS65_LS_SDFPHQX9
datapath_module/reg_file_module/reg_memory_reg[5][27]413   0.001538           0    0.001656   0.0001177  HS65_LS_SDFPHQX9
datapath_module/reg_file_module/reg_memory_reg[5][26]412   0.001538           0    0.001656   0.0001177  HS65_LS_SDFPHQX9
datapath_module/reg_file_module/reg_memory_reg[5][28]414   0.001538           0    0.001656   0.0001177  HS65_LS_SDFPHQX9
datapath_module/reg_file_module/reg_memory_reg[5][29]415   0.001538           0    0.001656   0.0001177  HS65_LS_SDFPHQX9
datapath_module/reg_file_module/reg_memory_reg[5][20]406   0.001538           0    0.001656   0.0001176  HS65_LS_SDFPHQX9
datapath_module/reg_file_module/reg_memory_reg[5][8]394   0.001538           0    0.001656   0.0001176  HS65_LS_SDFPHQX9
datapath_module/reg_file_module/reg_memory_reg[5][12]398   0.001538           0    0.001656   0.0001176  HS65_LS_SDFPHQX9
datapath_module/reg_file_module/reg_memory_reg[5][25]411   0.001538           0    0.001656   0.0001177  HS65_LS_SDFPHQX9
datapath_module/reg_file_module/reg_memory_reg[5][13]399   0.001538           0    0.001656   0.0001176  HS65_LS_SDFPHQX9
datapath_module/reg_file_module/reg_memory_reg[5][9]395   0.001538           0    0.001656   0.0001176  HS65_LS_SDFPHQX9
datapath_module/reg_file_module/reg_memory_reg[5][14]400   0.001538           0    0.001656   0.0001177  HS65_LS_SDFPHQX9
datapath_module/reg_file_module/reg_memory_reg[5][17]403   0.001538           0    0.001655   0.0001177  HS65_LS_SDFPHQX9
datapath_module/reg_file_module/reg_memory_reg[5][16]402   0.001538           0    0.001655   0.0001177  HS65_LS_SDFPHQX9
datapath_module/reg_file_module/reg_memory_reg[5][15]401   0.001538           0    0.001655   0.0001177  HS65_LS_SDFPHQX9
datapath_module/reg_file_module/reg_memory_reg[15][6]1032   0.001535           0    0.001653   0.0001176  HS65_LS_SDFPHQX9
datapath_module/reg_file_module/reg_memory_reg[30][5]1991   0.001535           0    0.001653   0.0001175  HS65_LS_SDFPHQX9
datapath_module/reg_file_module/reg_memory_reg[30][4]1990   0.001535           0    0.001652   0.0001175  HS65_LS_SDFPHQX9
datapath_module/reg_file_module/reg_memory_reg[30][2]1988   0.001534           0    0.001652   0.0001175  HS65_LS_SDFPHQX9
datapath_module/reg_file_module/FE_OFC19_n_1225  0.0001078    0.001504    0.001652   3.967e-05  HS65_LS_BFX13
datapath_module/reg_file_module/reg_memory_reg[30][1]1987   0.001534           0    0.001652   0.0001175  HS65_LS_SDFPHQX9
datapath_module/reg_file_module/reg_memory_reg[15][7]1033   0.001534           0    0.001651   0.0001176  HS65_LS_SDFPHQX9
datapath_module/reg_file_module/reg_memory_reg[30][24]2010   0.001534           0    0.001651   0.0001176  HS65_LS_SDFPHQX9
datapath_module/reg_file_module/reg_memory_reg[30][21]2007   0.001534           0    0.001651   0.0001176  HS65_LS_SDFPHQX9
datapath_module/reg_file_module/reg_memory_reg[30][3]1989   0.001534           0    0.001651   0.0001175  HS65_LS_SDFPHQX9
datapath_module/reg_file_module/reg_memory_reg[15][2]1028   0.001534           0    0.001651   0.0001175  HS65_LS_SDFPHQX9
datapath_module/reg_file_module/reg_memory_reg[15][23]1049   0.001533           0    0.001651   0.0001176  HS65_LS_SDFPHQX9
datapath_module/reg_file_module/reg_memory_reg[15][24]1050   0.001533           0    0.001651   0.0001176  HS65_LS_SDFPHQX9
datapath_module/reg_file_module/reg_memory_reg[15][25]1051   0.001533           0    0.001651   0.0001176  HS65_LS_SDFPHQX9
datapath_module/reg_file_module/reg_memory_reg[15][20]1046   0.001533           0     0.00165   0.0001176  HS65_LS_SDFPHQX9
datapath_module/reg_file_module/reg_memory_reg[15][28]1054   0.001533           0     0.00165   0.0001176  HS65_LS_SDFPHQX9
datapath_module/reg_file_module/reg_memory_reg[15][26]1052   0.001533           0     0.00165   0.0001176  HS65_LS_SDFPHQX9
datapath_module/reg_file_module/reg_memory_reg[15][1]1027   0.001533           0     0.00165   0.0001175  HS65_LS_SDFPHQX9
datapath_module/reg_file_module/reg_memory_reg[15][27]1053   0.001533           0     0.00165   0.0001176  HS65_LS_SDFPHQX9
datapath_module/reg_file_module/reg_memory_reg[15][3]1029   0.001532           0     0.00165   0.0001175  HS65_LS_SDFPHQX9
datapath_module/reg_file_module/reg_memory_reg[28][26]1884   0.001532           0     0.00165   0.0001176  HS65_LS_SDFPHQX9
datapath_module/reg_file_module/reg_memory_reg[28][27]1885   0.001532           0     0.00165   0.0001176  HS65_LS_SDFPHQX9
datapath_module/reg_file_module/reg_memory_reg[28][5]1863   0.001531           0    0.001648   0.0001175  HS65_LS_SDFPHQX9
datapath_module/reg_file_module/reg_memory_reg[13][27]925    0.00153           0    0.001648   0.0001176  HS65_LS_SDFPHQX9
datapath_module/reg_file_module/reg_memory_reg[13][28]926    0.00153           0    0.001648   0.0001176  HS65_LS_SDFPHQX9
datapath_module/reg_file_module/reg_memory_reg[13][26]924    0.00153           0    0.001648   0.0001176  HS65_LS_SDFPHQX9
datapath_module/reg_file_module/reg_memory_reg[30][31]2017   0.001529           0    0.001647   0.0001176  HS65_LS_SDFPHQX9
datapath_module/reg_file_module/reg_memory_reg[30][0]1986   0.001529           0    0.001646   0.0001175  HS65_LS_SDFPHQX9
datapath_module/reg_file_module/reg_memory_reg[30][10]1996   0.001529           0    0.001646   0.0001176  HS65_LS_SDFPHQX9
datapath_module/reg_file_module/reg_memory_reg[30][23]2009   0.001529           0    0.001646   0.0001176  HS65_LS_SDFPHQX9
datapath_module/reg_file_module/reg_memory_reg[13][1]899   0.001529           0    0.001646   0.0001175  HS65_LS_SDFPHQX9
datapath_module/reg_file_module/reg_memory_reg[30][22]2008   0.001529           0    0.001646   0.0001176  HS65_LS_SDFPHQX9
datapath_module/reg_file_module/reg_memory_reg[30][27]2013   0.001529           0    0.001646   0.0001176  HS65_LS_SDFPHQX9
datapath_module/reg_file_module/reg_memory_reg[30][30]2016   0.001529           0    0.001646   0.0001176  HS65_LS_SDFPHQX9
datapath_module/reg_file_module/reg_memory_reg[30][12]1998   0.001529           0    0.001646   0.0001176  HS65_LS_SDFPHQX9
datapath_module/reg_file_module/reg_memory_reg[30][28]2014   0.001529           0    0.001646   0.0001176  HS65_LS_SDFPHQX9
datapath_module/reg_file_module/reg_memory_reg[30][29]2015   0.001529           0    0.001646   0.0001176  HS65_LS_SDFPHQX9
datapath_module/reg_file_module/reg_memory_reg[30][11]1997   0.001528           0    0.001646   0.0001176  HS65_LS_SDFPHQX9
datapath_module/reg_file_module/reg_memory_reg[15][0]1026   0.001528           0    0.001646   0.0001175  HS65_LS_SDFPHQX9
datapath_module/reg_file_module/reg_memory_reg[30][26]2012   0.001528           0    0.001646   0.0001176  HS65_LS_SDFPHQX9
datapath_module/reg_file_module/reg_memory_reg[30][25]2011   0.001528           0    0.001645   0.0001176  HS65_LS_SDFPHQX9
datapath_module/reg_file_module/reg_memory_reg[13][5]903   0.001528           0    0.001645   0.0001175  HS65_LS_SDFPHQX9
datapath_module/reg_file_module/reg_memory_reg[15][31]1057   0.001527           0    0.001644   0.0001176  HS65_LS_SDFPHQX9
datapath_module/reg_file_module/reg_memory_reg[15][30]1056   0.001526           0    0.001644   0.0001176  HS65_LS_SDFPHQX9
datapath_module/reg_file_module/reg_memory_reg[28][31]1889   0.001526           0    0.001643   0.0001176  HS65_LS_SDFPHQX9
datapath_module/reg_file_module/reg_memory_reg[28][28]1886   0.001526           0    0.001643   0.0001176  HS65_LS_SDFPHQX9
datapath_module/reg_file_module/reg_memory_reg[28][29]1887   0.001526           0    0.001643   0.0001176  HS65_LS_SDFPHQX9
datapath_module/reg_file_module/reg_memory_reg[28][30]1888   0.001526           0    0.001643   0.0001176  HS65_LS_SDFPHQX9
datapath_module/reg_file_module/reg_memory_reg[28][6]1864   0.001525           0    0.001643   0.0001176  HS65_LS_SDFPHQX9
datapath_module/reg_file_module/g21167  7.269e-05    0.001546    0.001643   2.376e-05  HS65_LS_NAND2X7
datapath_module/reg_file_module/reg_memory_reg[15][14]1040   0.001525           0    0.001642   0.0001176  HS65_LS_SDFPHQX9
datapath_module/reg_file_module/reg_memory_reg[15][16]1042   0.001525           0    0.001642   0.0001176  HS65_LS_SDFPHQX9
datapath_module/reg_file_module/reg_memory_reg[15][15]1041   0.001525           0    0.001642   0.0001176  HS65_LS_SDFPHQX9
datapath_module/reg_file_module/reg_memory_reg[13][0]898   0.001524           0    0.001642   0.0001175  HS65_LS_SDFPHQX9
datapath_module/reg_file_module/reg_memory_reg[28][20]1878   0.001524           0    0.001642   0.0001176  HS65_LS_SDFPHQX9
datapath_module/reg_file_module/reg_memory_reg[30][6]1992   0.001524           0    0.001642   0.0001176  HS65_LS_SDFPHQX9
datapath_module/reg_file_module/reg_memory_reg[15][18]1044   0.001524           0    0.001642   0.0001176  HS65_LS_SDFPHQX9
datapath_module/reg_file_module/reg_memory_reg[15][13]1039   0.001524           0    0.001641   0.0001176  HS65_LS_SDFPHQX9
datapath_module/reg_file_module/reg_memory_reg[15][22]1048   0.001524           0    0.001641   0.0001176  HS65_LS_SDFPHQX9
datapath_module/reg_file_module/reg_memory_reg[15][21]1047   0.001524           0    0.001641   0.0001176  HS65_LS_SDFPHQX9
datapath_module/reg_file_module/reg_memory_reg[15][12]1038   0.001524           0    0.001641   0.0001176  HS65_LS_SDFPHQX9
datapath_module/reg_file_module/reg_memory_reg[15][19]1045   0.001524           0    0.001641   0.0001176  HS65_LS_SDFPHQX9
datapath_module/reg_file_module/reg_memory_reg[15][17]1043   0.001524           0    0.001641   0.0001176  HS65_LS_SDFPHQX9
datapath_module/reg_file_module/reg_memory_reg[28][7]1865   0.001523           0    0.001641   0.0001176  HS65_LS_SDFPHQX9
datapath_module/reg_file_module/reg_memory_reg[28][12]1870   0.001523           0    0.001641   0.0001176  HS65_LS_SDFPHQX9
datapath_module/reg_file_module/reg_memory_reg[15][11]1037   0.001523           0    0.001641   0.0001176  HS65_LS_SDFPHQX9
datapath_module/reg_file_module/reg_memory_reg[13][6]904   0.001523           0    0.001641   0.0001176  HS65_LS_SDFPHQX9
datapath_module/reg_file_module/reg_memory_reg[28][21]1879   0.001523           0    0.001641   0.0001176  HS65_LS_SDFPHQX9
datapath_module/reg_file_module/reg_memory_reg[28][22]1880   0.001523           0    0.001641   0.0001176  HS65_LS_SDFPHQX9
datapath_module/reg_file_module/reg_memory_reg[28][8]1866   0.001523           0    0.001641   0.0001176  HS65_LS_SDFPHQX9
datapath_module/reg_file_module/reg_memory_reg[28][18]1876   0.001523           0    0.001641   0.0001176  HS65_LS_SDFPHQX9
datapath_module/reg_file_module/reg_memory_reg[28][19]1877   0.001523           0    0.001641   0.0001176  HS65_LS_SDFPHQX9
datapath_module/reg_file_module/reg_memory_reg[28][9]1867   0.001523           0    0.001641   0.0001176  HS65_LS_SDFPHQX9
datapath_module/reg_file_module/reg_memory_reg[28][23]1881   0.001523           0    0.001641   0.0001176  HS65_LS_SDFPHQX9
datapath_module/reg_file_module/reg_memory_reg[28][17]1875   0.001523           0    0.001641   0.0001176  HS65_LS_SDFPHQX9
datapath_module/reg_file_module/reg_memory_reg[30][7]1993   0.001522           0     0.00164   0.0001176  HS65_LS_SDFPHQX9
datapath_module/reg_file_module/reg_memory_reg[13][23]921   0.001522           0     0.00164   0.0001176  HS65_LS_SDFPHQX9
datapath_module/reg_file_module/reg_memory_reg[30][20]2006   0.001522           0     0.00164   0.0001176  HS65_LS_SDFPHQX9
datapath_module/reg_file_module/reg_memory_reg[28][16]1874   0.001522           0     0.00164   0.0001176  HS65_LS_SDFPHQX9
datapath_module/reg_file_module/reg_memory_reg[30][18]2004   0.001522           0     0.00164   0.0001176  HS65_LS_SDFPHQX9
datapath_module/reg_file_module/reg_memory_reg[30][19]2005   0.001522           0     0.00164   0.0001176  HS65_LS_SDFPHQX9
datapath_module/reg_file_module/reg_memory_reg[28][13]1871   0.001522           0     0.00164   0.0001176  HS65_LS_SDFPHQX9
datapath_module/reg_file_module/reg_memory_reg[30][8]1994   0.001522           0     0.00164   0.0001176  HS65_LS_SDFPHQX9
datapath_module/reg_file_module/reg_memory_reg[30][13]1999   0.001522           0     0.00164   0.0001176  HS65_LS_SDFPHQX9
datapath_module/reg_file_module/reg_memory_reg[28][14]1872   0.001522           0     0.00164   0.0001176  HS65_LS_SDFPHQX9
datapath_module/reg_file_module/reg_memory_reg[30][14]2000   0.001522           0     0.00164   0.0001176  HS65_LS_SDFPHQX9
datapath_module/reg_file_module/reg_memory_reg[30][9]1995   0.001522           0     0.00164   0.0001176  HS65_LS_SDFPHQX9
datapath_module/reg_file_module/reg_memory_reg[28][15]1873   0.001522           0     0.00164   0.0001176  HS65_LS_SDFPHQX9
datapath_module/reg_file_module/reg_memory_reg[30][17]2003   0.001522           0     0.00164   0.0001176  HS65_LS_SDFPHQX9
datapath_module/reg_file_module/reg_memory_reg[30][16]2002   0.001522           0    0.001639   0.0001176  HS65_LS_SDFPHQX9
datapath_module/reg_file_module/reg_memory_reg[30][15]2001   0.001522           0    0.001639   0.0001176  HS65_LS_SDFPHQX9
datapath_module/reg_file_module/reg_memory_reg[13][7]905   0.001522           0    0.001639   0.0001176  HS65_LS_SDFPHQX9
datapath_module/reg_file_module/reg_memory_reg[13][19]917   0.001521           0    0.001639   0.0001176  HS65_LS_SDFPHQX9
datapath_module/reg_file_module/reg_memory_reg[13][18]916   0.001521           0    0.001639   0.0001176  HS65_LS_SDFPHQX9
datapath_module/reg_file_module/reg_memory_reg[13][8]906   0.001521           0    0.001639   0.0001176  HS65_LS_SDFPHQX9
datapath_module/reg_file_module/reg_memory_reg[13][9]907   0.001521           0    0.001639   0.0001176  HS65_LS_SDFPHQX9
datapath_module/reg_file_module/reg_memory_reg[13][11]909   0.001521           0    0.001639   0.0001176  HS65_LS_SDFPHQX9
datapath_module/reg_file_module/reg_memory_reg[13][21]919   0.001521           0    0.001639   0.0001176  HS65_LS_SDFPHQX9
datapath_module/reg_file_module/reg_memory_reg[13][22]920   0.001521           0    0.001639   0.0001176  HS65_LS_SDFPHQX9
datapath_module/reg_file_module/reg_memory_reg[13][17]915   0.001521           0    0.001639   0.0001176  HS65_LS_SDFPHQX9
datapath_module/reg_file_module/reg_memory_reg[13][20]918   0.001521           0    0.001639   0.0001176  HS65_LS_SDFPHQX9
datapath_module/reg_file_module/reg_memory_reg[13][12]910   0.001521           0    0.001639   0.0001176  HS65_LS_SDFPHQX9
datapath_module/reg_file_module/reg_memory_reg[13][13]911   0.001521           0    0.001638   0.0001176  HS65_LS_SDFPHQX9
datapath_module/reg_file_module/reg_memory_reg[13][16]914   0.001521           0    0.001638   0.0001176  HS65_LS_SDFPHQX9
datapath_module/reg_file_module/reg_memory_reg[13][14]912    0.00152           0    0.001638   0.0001176  HS65_LS_SDFPHQX9
datapath_module/reg_file_module/reg_memory_reg[13][15]913    0.00152           0    0.001638   0.0001176  HS65_LS_SDFPHQX9
datapath_module/reg_file_module/reg_memory_reg[15][4]1030   0.001515           0    0.001632   0.0001175  HS65_LS_SDFPHQX9
datapath_module/reg_file_module/reg_memory_reg[28][4]1862   0.001514           0    0.001632   0.0001175  HS65_LS_SDFPHQX9
datapath_module/reg_file_module/reg_memory_reg[28][2]1860   0.001514           0    0.001631   0.0001175  HS65_LS_SDFPHQX9
datapath_module/reg_file_module/g21955  0.0001601    0.001433    0.001631   3.758e-05  HS65_LS_OR3ABCX9
datapath_module/reg_file_module/reg_memory_reg[28][1]1859   0.001513           0     0.00163   0.0001175  HS65_LS_SDFPHQX9
datapath_module/reg_file_module/reg_memory_reg[28][3]1861   0.001513           0     0.00163   0.0001175  HS65_LS_SDFPHQX9
datapath_module/reg_file_module/reg_memory_reg[13][4]902   0.001512           0     0.00163   0.0001175  HS65_LS_SDFPHQX9
datapath_module/reg_file_module/reg_memory_reg[13][2]900   0.001512           0    0.001629   0.0001175  HS65_LS_SDFPHQX9
datapath_module/reg_file_module/reg_memory_reg[13][3]901   0.001511           0    0.001628   0.0001175  HS65_LS_SDFPHQX9
datapath_module/reg_file_module/reg_memory_reg[15][10]1036   0.001509           0    0.001627   0.0001176  HS65_LS_SDFPHQX9
datapath_module/reg_file_module/reg_memory_reg[15][9]1035   0.001509           0    0.001627   0.0001176  HS65_LS_SDFPHQX9
datapath_module/reg_file_module/reg_memory_reg[28][10]1868   0.001509           0    0.001626   0.0001176  HS65_LS_SDFPHQX9
datapath_module/reg_file_module/reg_memory_reg[28][0]1858   0.001509           0    0.001626   0.0001175  HS65_LS_SDFPHQX9
datapath_module/reg_file_module/reg_memory_reg[15][8]1034   0.001509           0    0.001626   0.0001176  HS65_LS_SDFPHQX9
datapath_module/reg_file_module/reg_memory_reg[15][29]1055   0.001508           0    0.001626   0.0001176  HS65_LS_SDFPHQX9
datapath_module/reg_file_module/reg_memory_reg[28][11]1869   0.001508           0    0.001626   0.0001176  HS65_LS_SDFPHQX9
datapath_module/reg_file_module/reg_memory_reg[28][24]1882   0.001508           0    0.001625   0.0001176  HS65_LS_SDFPHQX9
datapath_module/reg_file_module/reg_memory_reg[28][25]1883   0.001508           0    0.001625   0.0001176  HS65_LS_SDFPHQX9
datapath_module/reg_file_module/reg_memory_reg[13][10]908   0.001507           0    0.001624   0.0001176  HS65_LS_SDFPHQX9
datapath_module/reg_file_module/reg_memory_reg[13][31]929   0.001506           0    0.001624   0.0001176  HS65_LS_SDFPHQX9
datapath_module/reg_file_module/reg_memory_reg[13][30]928   0.001506           0    0.001623   0.0001176  HS65_LS_SDFPHQX9
datapath_module/reg_file_module/reg_memory_reg[13][29]927   0.001506           0    0.001623   0.0001176  HS65_LS_SDFPHQX9
datapath_module/reg_file_module/reg_memory_reg[13][24]922   0.001506           0    0.001623   0.0001176  HS65_LS_SDFPHQX9
datapath_module/reg_file_module/reg_memory_reg[13][25]923   0.001506           0    0.001623   0.0001176  HS65_LS_SDFPHQX9
datapath_module/reg_file_module/reg_memory_reg[6][5]455   0.001502           0    0.001619   0.0001175  HS65_LS_SDFPHQX9
datapath_module/reg_file_module/reg_memory_reg[6][4]454   0.001501           0    0.001619   0.0001175  HS65_LS_SDFPHQX9
datapath_module/reg_file_module/reg_memory_reg[6][2]452   0.001501           0    0.001619   0.0001175  HS65_LS_SDFPHQX9
datapath_module/reg_file_module/reg_memory_reg[6][8]458   0.001501           0    0.001618   0.0001176  HS65_LS_SDFPHQX9
datapath_module/reg_file_module/reg_memory_reg[6][17]467   0.001501           0    0.001618   0.0001176  HS65_LS_SDFPHQX9
datapath_module/reg_file_module/reg_memory_reg[6][9]459   0.001501           0    0.001618   0.0001176  HS65_LS_SDFPHQX9
datapath_module/reg_file_module/reg_memory_reg[6][1]451   0.001501           0    0.001618   0.0001175  HS65_LS_SDFPHQX9
datapath_module/reg_file_module/reg_memory_reg[6][3]453     0.0015           0    0.001618   0.0001175  HS65_LS_SDFPHQX9
datapath_module/reg_file_module/reg_memory_reg[4][10]332   0.001499           0    0.001616   0.0001176  HS65_LS_SDFPHQX9
datapath_module/reg_file_module/reg_memory_reg[4][13]335   0.001498           0    0.001616   0.0001176  HS65_LS_SDFPHQX9
datapath_module/reg_file_module/reg_memory_reg[4][24]346   0.001498           0    0.001616   0.0001176  HS65_LS_SDFPHQX9
datapath_module/reg_file_module/reg_memory_reg[4][26]348   0.001498           0    0.001616   0.0001176  HS65_LS_SDFPHQX9
datapath_module/reg_file_module/reg_memory_reg[4][9]331   0.001498           0    0.001616   0.0001176  HS65_LS_SDFPHQX9
datapath_module/reg_file_module/reg_memory_reg[4][5]327   0.001498           0    0.001616   0.0001175  HS65_LS_SDFPHQX9
datapath_module/reg_file_module/reg_memory_reg[4][16]338   0.001498           0    0.001616   0.0001176  HS65_LS_SDFPHQX9
datapath_module/reg_file_module/reg_memory_reg[4][11]333   0.001498           0    0.001616   0.0001176  HS65_LS_SDFPHQX9
datapath_module/reg_file_module/reg_memory_reg[6][6]456   0.001498           0    0.001616   0.0001175  HS65_LS_SDFPHQX9
datapath_module/reg_file_module/reg_memory_reg[4][25]347   0.001498           0    0.001616   0.0001176  HS65_LS_SDFPHQX9
datapath_module/reg_file_module/reg_memory_reg[4][4]326   0.001498           0    0.001615   0.0001175  HS65_LS_SDFPHQX9
datapath_module/reg_file_module/reg_memory_reg[6][0]450   0.001497           0    0.001614   0.0001175  HS65_LS_SDFPHQX9
datapath_module/reg_file_module/reg_memory_reg[4][3]325   0.001497           0    0.001614   0.0001175  HS65_LS_SDFPHQX9
datapath_module/reg_file_module/reg_memory_reg[6][7]457   0.001497           0    0.001614   0.0001176  HS65_LS_SDFPHQX9
datapath_module/reg_file_module/reg_memory_reg[6][31]481   0.001497           0    0.001614   0.0001176  HS65_LS_SDFPHQX9
datapath_module/reg_file_module/reg_memory_reg[6][18]468   0.001497           0    0.001614   0.0001176  HS65_LS_SDFPHQX9
datapath_module/reg_file_module/reg_memory_reg[6][19]469   0.001497           0    0.001614   0.0001176  HS65_LS_SDFPHQX9
datapath_module/reg_file_module/reg_memory_reg[6][20]470   0.001497           0    0.001614   0.0001176  HS65_LS_SDFPHQX9
datapath_module/reg_file_module/reg_memory_reg[4][2]324   0.001497           0    0.001614   0.0001175  HS65_LS_SDFPHQX9
datapath_module/reg_file_module/reg_memory_reg[6][27]477   0.001496           0    0.001614   0.0001176  HS65_LS_SDFPHQX9
datapath_module/reg_file_module/reg_memory_reg[6][30]480   0.001496           0    0.001614   0.0001176  HS65_LS_SDFPHQX9
datapath_module/reg_file_module/reg_memory_reg[6][29]479   0.001496           0    0.001614   0.0001176  HS65_LS_SDFPHQX9
datapath_module/reg_file_module/reg_memory_reg[6][28]478   0.001496           0    0.001614   0.0001176  HS65_LS_SDFPHQX9
datapath_module/reg_file_module/reg_memory_reg[6][25]475   0.001496           0    0.001614   0.0001176  HS65_LS_SDFPHQX9
datapath_module/reg_file_module/reg_memory_reg[4][1]323   0.001496           0    0.001613   0.0001175  HS65_LS_SDFPHQX9
datapath_module/reg_file_module/reg_memory_reg[4][0]322   0.001494           0    0.001612   0.0001175  HS65_LS_SDFPHQX9
datapath_module/reg_file_module/reg_memory_reg[4][31]353   0.001494           0    0.001611   0.0001176  HS65_LS_SDFPHQX9
datapath_module/reg_file_module/reg_memory_reg[4][15]337   0.001494           0    0.001611   0.0001176  HS65_LS_SDFPHQX9
datapath_module/reg_file_module/reg_memory_reg[4][23]345   0.001494           0    0.001611   0.0001176  HS65_LS_SDFPHQX9
datapath_module/reg_file_module/reg_memory_reg[4][21]343   0.001494           0    0.001611   0.0001176  HS65_LS_SDFPHQX9
datapath_module/reg_file_module/reg_memory_reg[4][22]344   0.001494           0    0.001611   0.0001176  HS65_LS_SDFPHQX9
datapath_module/reg_file_module/reg_memory_reg[4][14]336   0.001494           0    0.001611   0.0001176  HS65_LS_SDFPHQX9
datapath_module/reg_file_module/reg_memory_reg[4][20]342   0.001494           0    0.001611   0.0001176  HS65_LS_SDFPHQX9
datapath_module/reg_file_module/reg_memory_reg[4][8]330   0.001494           0    0.001611   0.0001176  HS65_LS_SDFPHQX9
datapath_module/reg_file_module/reg_memory_reg[4][6]328   0.001494           0    0.001611   0.0001175  HS65_LS_SDFPHQX9
datapath_module/alu_module/mul_44_34/FE_DBTC11_read_data2_3   0.000135     0.00143    0.001611    4.64e-05  HS65_LS_IVX13
datapath_module/reg_file_module/reg_memory_reg[4][30]352   0.001493           0    0.001611   0.0001176  HS65_LS_SDFPHQX9
datapath_module/reg_file_module/reg_memory_reg[6][12]462   0.001493           0     0.00161   0.0001176  HS65_LS_SDFPHQX9
datapath_module/reg_file_module/reg_memory_reg[6][16]466   0.001493           0     0.00161   0.0001176  HS65_LS_SDFPHQX9
datapath_module/reg_file_module/reg_memory_reg[6][11]461   0.001493           0     0.00161   0.0001176  HS65_LS_SDFPHQX9
datapath_module/reg_file_module/reg_memory_reg[4][7]329   0.001492           0     0.00161   0.0001176  HS65_LS_SDFPHQX9
datapath_module/reg_file_module/reg_memory_reg[4][19]341   0.001492           0     0.00161   0.0001176  HS65_LS_SDFPHQX9
datapath_module/reg_file_module/reg_memory_reg[4][12]334   0.001492           0     0.00161   0.0001176  HS65_LS_SDFPHQX9
datapath_module/reg_file_module/reg_memory_reg[4][18]340   0.001492           0     0.00161   0.0001176  HS65_LS_SDFPHQX9
datapath_module/reg_file_module/reg_memory_reg[4][17]339   0.001492           0    0.001609   0.0001176  HS65_LS_SDFPHQX9
datapath_module/reg_file_module/reg_memory_reg[4][29]351   0.001492           0    0.001609   0.0001176  HS65_LS_SDFPHQX9
datapath_module/reg_file_module/reg_memory_reg[4][28]350   0.001492           0    0.001609   0.0001176  HS65_LS_SDFPHQX9
datapath_module/reg_file_module/reg_memory_reg[6][10]460   0.001492           0    0.001609   0.0001176  HS65_LS_SDFPHQX9
datapath_module/reg_file_module/reg_memory_reg[6][22]472   0.001492           0    0.001609   0.0001176  HS65_LS_SDFPHQX9
datapath_module/reg_file_module/reg_memory_reg[6][21]471   0.001492           0    0.001609   0.0001176  HS65_LS_SDFPHQX9
datapath_module/reg_file_module/reg_memory_reg[6][24]474   0.001491           0    0.001609   0.0001176  HS65_LS_SDFPHQX9
datapath_module/reg_file_module/reg_memory_reg[6][13]463   0.001491           0    0.001609   0.0001176  HS65_LS_SDFPHQX9
datapath_module/reg_file_module/reg_memory_reg[6][23]473   0.001491           0    0.001609   0.0001176  HS65_LS_SDFPHQX9
datapath_module/reg_file_module/reg_memory_reg[6][14]464   0.001491           0    0.001609   0.0001176  HS65_LS_SDFPHQX9
datapath_module/reg_file_module/reg_memory_reg[6][26]476   0.001491           0    0.001609   0.0001176  HS65_LS_SDFPHQX9
datapath_module/reg_file_module/reg_memory_reg[6][15]465   0.001491           0    0.001609   0.0001176  HS65_LS_SDFPHQX9
datapath_module/reg_file_module/reg_memory_reg[12][6]840   0.001487           0    0.001604   0.0001175  HS65_LS_SDFPHQX9
datapath_module/reg_file_module/reg_memory_reg[14][4]966   0.001486           0    0.001604   0.0001175  HS65_LS_SDFPHQX9
datapath_module/reg_file_module/reg_memory_reg[14][2]964   0.001486           0    0.001604   0.0001175  HS65_LS_SDFPHQX9
datapath_module/reg_file_module/reg_memory_reg[12][27]861   0.001486           0    0.001603   0.0001175  HS65_LS_SDFPHQX9
datapath_module/reg_file_module/reg_memory_reg[12][28]862   0.001486           0    0.001603   0.0001175  HS65_LS_SDFPHQX9
datapath_module/reg_file_module/reg_memory_reg[14][1]963   0.001486           0    0.001603   0.0001175  HS65_LS_SDFPHQX9
datapath_module/reg_file_module/reg_memory_reg[12][21]855   0.001486           0    0.001603   0.0001175  HS65_LS_SDFPHQX9
datapath_module/reg_file_module/reg_memory_reg[12][26]860   0.001486           0    0.001603   0.0001175  HS65_LS_SDFPHQX9
datapath_module/reg_file_module/reg_memory_reg[12][23]857   0.001486           0    0.001603   0.0001175  HS65_LS_SDFPHQX9
datapath_module/reg_file_module/reg_memory_reg[12][22]856   0.001486           0    0.001603   0.0001175  HS65_LS_SDFPHQX9
datapath_module/reg_file_module/reg_memory_reg[12][24]858   0.001485           0    0.001603   0.0001175  HS65_LS_SDFPHQX9
datapath_module/reg_file_module/reg_memory_reg[12][25]859   0.001485           0    0.001603   0.0001175  HS65_LS_SDFPHQX9
datapath_module/reg_file_module/reg_memory_reg[14][3]965   0.001485           0    0.001603   0.0001175  HS65_LS_SDFPHQX9
datapath_module/reg_file_module/reg_memory_reg[12][2]836   0.001484           0    0.001601   0.0001175  HS65_LS_SDFPHQX9
datapath_module/reg_file_module/reg_memory_reg[12][1]835   0.001483           0    0.001601   0.0001175  HS65_LS_SDFPHQX9
datapath_module/reg_file_module/reg_memory_reg[12][3]837   0.001483           0    0.001601   0.0001175  HS65_LS_SDFPHQX9
datapath_module/reg_file_module/reg_memory_reg[14][31]993   0.001482           0      0.0016   0.0001175  HS65_LS_SDFPHQX9
datapath_module/reg_file_module/reg_memory_reg[14][0]962   0.001482           0      0.0016   0.0001175  HS65_LS_SDFPHQX9
datapath_module/reg_file_module/reg_memory_reg[14][30]992   0.001482           0      0.0016   0.0001175  HS65_LS_SDFPHQX9
datapath_module/reg_file_module/reg_memory_reg[14][29]991   0.001482           0      0.0016   0.0001175  HS65_LS_SDFPHQX9
datapath_module/reg_file_module/reg_memory_reg[14][28]990   0.001482           0    0.001599   0.0001175  HS65_LS_SDFPHQX9
datapath_module/reg_file_module/reg_memory_reg[14][5]967   0.001482           0    0.001599   0.0001175  HS65_LS_SDFPHQX9
datapath_module/reg_file_module/reg_memory_reg[12][5]839   0.001481           0    0.001599   0.0001175  HS65_LS_SDFPHQX9
datapath_module/reg_file_module/reg_memory_reg[12][4]838   0.001481           0    0.001598   0.0001175  HS65_LS_SDFPHQX9
datapath_module/reg_file_module/reg_memory_reg[12][15]849    0.00148           0    0.001598   0.0001175  HS65_LS_SDFPHQX9
datapath_module/reg_file_module/reg_memory_reg[12][20]854    0.00148           0    0.001598   0.0001175  HS65_LS_SDFPHQX9
datapath_module/reg_file_module/reg_memory_reg[12][0]834    0.00148           0    0.001598   0.0001175  HS65_LS_SDFPHQX9
datapath_module/reg_file_module/reg_memory_reg[12][16]850    0.00148           0    0.001598   0.0001175  HS65_LS_SDFPHQX9
datapath_module/reg_file_module/reg_memory_reg[12][17]851    0.00148           0    0.001598   0.0001175  HS65_LS_SDFPHQX9
datapath_module/reg_file_module/reg_memory_reg[14][6]968   0.001479           0    0.001596   0.0001175  HS65_LS_SDFPHQX9
datapath_module/reg_file_module/reg_memory_reg[14][18]980   0.001479           0    0.001596   0.0001175  HS65_LS_SDFPHQX9
datapath_module/reg_file_module/reg_memory_reg[14][19]981   0.001478           0    0.001596   0.0001175  HS65_LS_SDFPHQX9
datapath_module/reg_file_module/reg_memory_reg[14][17]979   0.001478           0    0.001596   0.0001175  HS65_LS_SDFPHQX9
datapath_module/reg_file_module/reg_memory_reg[14][15]977   0.001478           0    0.001596   0.0001175  HS65_LS_SDFPHQX9
datapath_module/reg_file_module/reg_memory_reg[14][7]969   0.001477           0    0.001595   0.0001175  HS65_LS_SDFPHQX9
datapath_module/reg_file_module/reg_memory_reg[14][10]972   0.001477           0    0.001595   0.0001175  HS65_LS_SDFPHQX9
datapath_module/reg_file_module/reg_memory_reg[12][31]865   0.001477           0    0.001595   0.0001175  HS65_LS_SDFPHQX9
datapath_module/reg_file_module/reg_memory_reg[14][21]983   0.001477           0    0.001595   0.0001175  HS65_LS_SDFPHQX9
datapath_module/reg_file_module/reg_memory_reg[14][22]984   0.001477           0    0.001595   0.0001175  HS65_LS_SDFPHQX9
datapath_module/reg_file_module/reg_memory_reg[14][20]982   0.001477           0    0.001595   0.0001175  HS65_LS_SDFPHQX9
datapath_module/reg_file_module/reg_memory_reg[14][12]974   0.001477           0    0.001595   0.0001175  HS65_LS_SDFPHQX9
datapath_module/reg_file_module/reg_memory_reg[14][14]976   0.001477           0    0.001595   0.0001175  HS65_LS_SDFPHQX9
datapath_module/reg_file_module/reg_memory_reg[14][13]975   0.001477           0    0.001595   0.0001175  HS65_LS_SDFPHQX9
datapath_module/reg_file_module/reg_memory_reg[14][8]970   0.001477           0    0.001595   0.0001175  HS65_LS_SDFPHQX9
datapath_module/reg_file_module/reg_memory_reg[14][23]985   0.001477           0    0.001595   0.0001175  HS65_LS_SDFPHQX9
datapath_module/reg_file_module/reg_memory_reg[12][7]841   0.001477           0    0.001595   0.0001175  HS65_LS_SDFPHQX9
datapath_module/reg_file_module/reg_memory_reg[14][16]978   0.001477           0    0.001595   0.0001175  HS65_LS_SDFPHQX9
datapath_module/reg_file_module/reg_memory_reg[14][24]986   0.001477           0    0.001595   0.0001175  HS65_LS_SDFPHQX9
datapath_module/reg_file_module/reg_memory_reg[14][11]973   0.001477           0    0.001595   0.0001175  HS65_LS_SDFPHQX9
datapath_module/reg_file_module/reg_memory_reg[12][19]853   0.001477           0    0.001595   0.0001175  HS65_LS_SDFPHQX9
datapath_module/reg_file_module/reg_memory_reg[14][27]989   0.001477           0    0.001595   0.0001175  HS65_LS_SDFPHQX9
datapath_module/reg_file_module/reg_memory_reg[14][26]988   0.001477           0    0.001595   0.0001175  HS65_LS_SDFPHQX9
datapath_module/reg_file_module/reg_memory_reg[14][9]971   0.001477           0    0.001594   0.0001175  HS65_LS_SDFPHQX9
datapath_module/reg_file_module/reg_memory_reg[12][29]863   0.001477           0    0.001594   0.0001175  HS65_LS_SDFPHQX9
datapath_module/reg_file_module/reg_memory_reg[12][30]864   0.001477           0    0.001594   0.0001175  HS65_LS_SDFPHQX9
datapath_module/reg_file_module/reg_memory_reg[12][13]847   0.001477           0    0.001594   0.0001175  HS65_LS_SDFPHQX9
datapath_module/reg_file_module/reg_memory_reg[12][10]844   0.001477           0    0.001594   0.0001175  HS65_LS_SDFPHQX9
datapath_module/reg_file_module/reg_memory_reg[12][12]846   0.001477           0    0.001594   0.0001175  HS65_LS_SDFPHQX9
datapath_module/reg_file_module/reg_memory_reg[12][8]842   0.001477           0    0.001594   0.0001175  HS65_LS_SDFPHQX9
datapath_module/reg_file_module/reg_memory_reg[14][25]987   0.001477           0    0.001594   0.0001175  HS65_LS_SDFPHQX9
datapath_module/reg_file_module/reg_memory_reg[12][18]852   0.001477           0    0.001594   0.0001175  HS65_LS_SDFPHQX9
datapath_module/reg_file_module/reg_memory_reg[12][11]845   0.001477           0    0.001594   0.0001175  HS65_LS_SDFPHQX9
datapath_module/reg_file_module/reg_memory_reg[12][9]843   0.001477           0    0.001594   0.0001175  HS65_LS_SDFPHQX9
datapath_module/reg_file_module/reg_memory_reg[12][14]848   0.001474           0    0.001592   0.0001175  HS65_LS_SDFPHQX9
datapath_module/reg_file_module/reg_memory_reg[4][27]349   0.001474           0    0.001591   0.0001176  HS65_LS_SDFPHQX9
datapath_module/reg_file_module/reg_memory_reg[19][5]1287   0.001444           0    0.001561   0.0001175  HS65_LS_SDFPHQX9
datapath_module/reg_file_module/reg_memory_reg[19][4]1286   0.001443           0    0.001561   0.0001175  HS65_LS_SDFPHQX9
datapath_module/reg_file_module/reg_memory_reg[19][2]1284   0.001443           0    0.001561   0.0001175  HS65_LS_SDFPHQX9
datapath_module/reg_file_module/reg_memory_reg[19][3]1285   0.001443           0     0.00156   0.0001175  HS65_LS_SDFPHQX9
datapath_module/reg_file_module/reg_memory_reg[19][1]1283   0.001443           0     0.00156   0.0001175  HS65_LS_SDFPHQX9
datapath_module/reg_file_module/reg_memory_reg[17][2]1156   0.001442           0    0.001559   0.0001175  HS65_LS_SDFPHQX9
datapath_module/reg_file_module/reg_memory_reg[25][5]1671   0.001442           0    0.001559   0.0001175  HS65_LS_SDFPHQX9
datapath_module/reg_file_module/reg_memory_reg[27][5]1799   0.001441           0    0.001559   0.0001175  HS65_LS_SDFPHQX9
datapath_module/reg_file_module/reg_memory_reg[17][4]1158   0.001441           0    0.001559   0.0001175  HS65_LS_SDFPHQX9
datapath_module/reg_file_module/reg_memory_reg[17][1]1155   0.001441           0    0.001558   0.0001175  HS65_LS_SDFPHQX9
datapath_module/reg_file_module/reg_memory_reg[17][3]1157   0.001441           0    0.001558   0.0001175  HS65_LS_SDFPHQX9
datapath_module/reg_file_module/reg_memory_reg[19][21]1303   0.001441           0    0.001558   0.0001175  HS65_LS_SDFPHQX9
datapath_module/reg_file_module/reg_memory_reg[19][22]1304   0.001441           0    0.001558   0.0001175  HS65_LS_SDFPHQX9
datapath_module/reg_file_module/reg_memory_reg[19][20]1302   0.001441           0    0.001558   0.0001175  HS65_LS_SDFPHQX9
datapath_module/reg_file_module/reg_memory_reg[19][19]1301   0.001441           0    0.001558   0.0001175  HS65_LS_SDFPHQX9
datapath_module/reg_file_module/reg_memory_reg[19][23]1305   0.001441           0    0.001558   0.0001175  HS65_LS_SDFPHQX9
datapath_module/reg_file_module/reg_memory_reg[19][16]1298   0.001441           0    0.001558   0.0001175  HS65_LS_SDFPHQX9
datapath_module/reg_file_module/reg_memory_reg[19][17]1299   0.001441           0    0.001558   0.0001175  HS65_LS_SDFPHQX9
datapath_module/reg_file_module/reg_memory_reg[19][15]1297   0.001441           0    0.001558   0.0001175  HS65_LS_SDFPHQX9
datapath_module/reg_file_module/reg_memory_reg[19][0]1282   0.001441           0    0.001558   0.0001175  HS65_LS_SDFPHQX9
datapath_module/reg_file_module/reg_memory_reg[19][12]1294   0.001441           0    0.001558   0.0001175  HS65_LS_SDFPHQX9
datapath_module/reg_file_module/reg_memory_reg[19][14]1296   0.001441           0    0.001558   0.0001175  HS65_LS_SDFPHQX9
datapath_module/reg_file_module/reg_memory_reg[19][8]1290   0.001441           0    0.001558   0.0001175  HS65_LS_SDFPHQX9
datapath_module/reg_file_module/reg_memory_reg[19][13]1295    0.00144           0    0.001558   0.0001175  HS65_LS_SDFPHQX9
datapath_module/reg_file_module/reg_memory_reg[19][11]1293    0.00144           0    0.001558   0.0001175  HS65_LS_SDFPHQX9
datapath_module/reg_file_module/reg_memory_reg[25][4]1670    0.00144           0    0.001558   0.0001175  HS65_LS_SDFPHQX9
datapath_module/reg_file_module/reg_memory_reg[19][9]1291    0.00144           0    0.001558   0.0001175  HS65_LS_SDFPHQX9
datapath_module/reg_file_module/reg_memory_reg[27][6]1800    0.00144           0    0.001557   0.0001175  HS65_LS_SDFPHQX9
datapath_module/reg_file_module/reg_memory_reg[19][6]1288    0.00144           0    0.001557   0.0001175  HS65_LS_SDFPHQX9
datapath_module/reg_file_module/reg_memory_reg[27][12]1806   0.001439           0    0.001557   0.0001175  HS65_LS_SDFPHQX9
datapath_module/reg_file_module/reg_memory_reg[27][7]1801   0.001439           0    0.001557   0.0001175  HS65_LS_SDFPHQX9
datapath_module/reg_file_module/reg_memory_reg[17][31]1185   0.001439           0    0.001556   0.0001175  HS65_LS_SDFPHQX9
datapath_module/reg_file_module/reg_memory_reg[19][7]1289   0.001439           0    0.001556   0.0001175  HS65_LS_SDFPHQX9
datapath_module/reg_file_module/reg_memory_reg[19][10]1292   0.001439           0    0.001556   0.0001175  HS65_LS_SDFPHQX9
datapath_module/reg_file_module/reg_memory_reg[17][0]1154   0.001439           0    0.001556   0.0001175  HS65_LS_SDFPHQX9
datapath_module/reg_file_module/reg_memory_reg[27][27]1821   0.001438           0    0.001556   0.0001175  HS65_LS_SDFPHQX9
datapath_module/reg_file_module/reg_memory_reg[27][28]1822   0.001438           0    0.001556   0.0001175  HS65_LS_SDFPHQX9
datapath_module/reg_file_module/reg_memory_reg[27][22]1816   0.001438           0    0.001556   0.0001175  HS65_LS_SDFPHQX9
datapath_module/reg_file_module/reg_memory_reg[27][23]1817   0.001438           0    0.001555   0.0001175  HS65_LS_SDFPHQX9
datapath_module/reg_file_module/reg_memory_reg[27][25]1819   0.001438           0    0.001555   0.0001175  HS65_LS_SDFPHQX9
datapath_module/reg_file_module/reg_memory_reg[25][28]1694   0.001438           0    0.001555   0.0001175  HS65_LS_SDFPHQX9
datapath_module/reg_file_module/reg_memory_reg[25][29]1695   0.001437           0    0.001555   0.0001175  HS65_LS_SDFPHQX9
datapath_module/reg_file_module/reg_memory_reg[25][27]1693   0.001437           0    0.001555   0.0001175  HS65_LS_SDFPHQX9
datapath_module/reg_file_module/reg_memory_reg[25][21]1687   0.001437           0    0.001555   0.0001175  HS65_LS_SDFPHQX9
datapath_module/reg_file_module/reg_memory_reg[25][13]1679   0.001437           0    0.001555   0.0001175  HS65_LS_SDFPHQX9
datapath_module/reg_file_module/reg_memory_reg[25][22]1688   0.001437           0    0.001555   0.0001175  HS65_LS_SDFPHQX9
datapath_module/reg_file_module/reg_memory_reg[25][23]1689   0.001437           0    0.001555   0.0001175  HS65_LS_SDFPHQX9
datapath_module/reg_file_module/reg_memory_reg[25][24]1690   0.001437           0    0.001555   0.0001175  HS65_LS_SDFPHQX9
datapath_module/reg_file_module/reg_memory_reg[25][26]1692   0.001437           0    0.001555   0.0001175  HS65_LS_SDFPHQX9
datapath_module/reg_file_module/reg_memory_reg[25][25]1691   0.001437           0    0.001554   0.0001175  HS65_LS_SDFPHQX9
datapath_module/reg_file_module/reg_memory_reg[27][2]1796   0.001435           0    0.001553   0.0001175  HS65_LS_SDFPHQX9
datapath_module/reg_file_module/reg_memory_reg[19][31]1313   0.001435           0    0.001553   0.0001175  HS65_LS_SDFPHQX9
datapath_module/reg_file_module/reg_memory_reg[19][18]1300   0.001435           0    0.001552   0.0001175  HS65_LS_SDFPHQX9
datapath_module/reg_file_module/reg_memory_reg[19][24]1306   0.001435           0    0.001552   0.0001175  HS65_LS_SDFPHQX9
datapath_module/reg_file_module/reg_memory_reg[19][28]1310   0.001435           0    0.001552   0.0001175  HS65_LS_SDFPHQX9
datapath_module/reg_file_module/reg_memory_reg[19][29]1311   0.001435           0    0.001552   0.0001175  HS65_LS_SDFPHQX9
datapath_module/reg_file_module/reg_memory_reg[19][26]1308   0.001435           0    0.001552   0.0001175  HS65_LS_SDFPHQX9
datapath_module/reg_file_module/reg_memory_reg[19][27]1309   0.001435           0    0.001552   0.0001175  HS65_LS_SDFPHQX9
datapath_module/reg_file_module/reg_memory_reg[19][30]1312   0.001435           0    0.001552   0.0001175  HS65_LS_SDFPHQX9
datapath_module/reg_file_module/reg_memory_reg[19][25]1307   0.001435           0    0.001552   0.0001175  HS65_LS_SDFPHQX9
datapath_module/reg_file_module/reg_memory_reg[17][30]1184   0.001434           0    0.001552   0.0001175  HS65_LS_SDFPHQX9
datapath_module/reg_file_module/reg_memory_reg[27][0]1794   0.001434           0    0.001552   0.0001175  HS65_LS_SDFPHQX9
datapath_module/reg_file_module/reg_memory_reg[25][2]1668   0.001434           0    0.001552   0.0001175  HS65_LS_SDFPHQX9
datapath_module/reg_file_module/reg_memory_reg[27][1]1795   0.001434           0    0.001551   0.0001175  HS65_LS_SDFPHQX9
datapath_module/reg_file_module/reg_memory_reg[27][3]1797   0.001434           0    0.001551   0.0001175  HS65_LS_SDFPHQX9
datapath_module/reg_file_module/reg_memory_reg[25][1]1667   0.001434           0    0.001551   0.0001175  HS65_LS_SDFPHQX9
datapath_module/reg_file_module/reg_memory_reg[25][3]1669   0.001434           0    0.001551   0.0001175  HS65_LS_SDFPHQX9
datapath_module/reg_file_module/reg_memory_reg[25][6]1672   0.001433           0     0.00155   0.0001175  HS65_LS_SDFPHQX9
datapath_module/reg_file_module/reg_memory_reg[25][7]1673   0.001432           0     0.00155   0.0001175  HS65_LS_SDFPHQX9
datapath_module/reg_file_module/reg_memory_reg[25][19]1685   0.001432           0     0.00155   0.0001175  HS65_LS_SDFPHQX9
datapath_module/reg_file_module/reg_memory_reg[25][17]1683   0.001432           0    0.001549   0.0001175  HS65_LS_SDFPHQX9
datapath_module/reg_file_module/reg_memory_reg[25][20]1686   0.001432           0    0.001549   0.0001175  HS65_LS_SDFPHQX9
datapath_module/reg_file_module/reg_memory_reg[25][8]1674   0.001432           0    0.001549   0.0001175  HS65_LS_SDFPHQX9
datapath_module/reg_file_module/reg_memory_reg[25][15]1681   0.001432           0    0.001549   0.0001175  HS65_LS_SDFPHQX9
datapath_module/reg_file_module/reg_memory_reg[25][18]1684   0.001432           0    0.001549   0.0001175  HS65_LS_SDFPHQX9
datapath_module/reg_file_module/reg_memory_reg[25][16]1682   0.001432           0    0.001549   0.0001175  HS65_LS_SDFPHQX9
datapath_module/reg_file_module/reg_memory_reg[25][9]1675   0.001432           0    0.001549   0.0001175  HS65_LS_SDFPHQX9
datapath_module/reg_file_module/reg_memory_reg[25][14]1680   0.001432           0    0.001549   0.0001175  HS65_LS_SDFPHQX9
datapath_module/reg_file_module/reg_memory_reg[27][31]1825   0.001432           0    0.001549   0.0001175  HS65_LS_SDFPHQX9
datapath_module/reg_file_module/reg_memory_reg[27][29]1823   0.001432           0    0.001549   0.0001175  HS65_LS_SDFPHQX9
datapath_module/reg_file_module/reg_memory_reg[25][31]1697   0.001432           0    0.001549   0.0001175  HS65_LS_SDFPHQX9
datapath_module/reg_file_module/reg_memory_reg[25][0]1666   0.001431           0    0.001549   0.0001175  HS65_LS_SDFPHQX9
datapath_module/reg_file_module/reg_memory_reg[25][30]1696   0.001431           0    0.001549   0.0001175  HS65_LS_SDFPHQX9
datapath_module/reg_file_module/reg_memory_reg[27][21]1815    0.00143           0    0.001548   0.0001175  HS65_LS_SDFPHQX9
datapath_module/reg_file_module/reg_memory_reg[27][15]1809    0.00143           0    0.001548   0.0001175  HS65_LS_SDFPHQX9
datapath_module/reg_file_module/reg_memory_reg[27][14]1808    0.00143           0    0.001548   0.0001175  HS65_LS_SDFPHQX9
datapath_module/reg_file_module/reg_memory_reg[27][13]1807    0.00143           0    0.001548   0.0001175  HS65_LS_SDFPHQX9
datapath_module/reg_file_module/reg_memory_reg[27][24]1818    0.00143           0    0.001547   0.0001175  HS65_LS_SDFPHQX9
datapath_module/reg_file_module/reg_memory_reg[27][26]1820    0.00143           0    0.001547   0.0001175  HS65_LS_SDFPHQX9
datapath_module/reg_file_module/reg_memory_reg[27][19]1813   0.001429           0    0.001547   0.0001175  HS65_LS_SDFPHQX9
datapath_module/reg_file_module/reg_memory_reg[27][18]1812   0.001429           0    0.001547   0.0001175  HS65_LS_SDFPHQX9
datapath_module/reg_file_module/reg_memory_reg[27][17]1811   0.001429           0    0.001547   0.0001175  HS65_LS_SDFPHQX9
datapath_module/reg_file_module/reg_memory_reg[27][16]1810   0.001429           0    0.001547   0.0001175  HS65_LS_SDFPHQX9
datapath_module/reg_file_module/reg_memory_reg[27][8]1802   0.001429           0    0.001547   0.0001175  HS65_LS_SDFPHQX9
datapath_module/reg_file_module/reg_memory_reg[25][12]1678   0.001429           0    0.001546   0.0001175  HS65_LS_SDFPHQX9
datapath_module/reg_file_module/reg_memory_reg[25][10]1676   0.001429           0    0.001546   0.0001175  HS65_LS_SDFPHQX9
datapath_module/reg_file_module/reg_memory_reg[25][11]1677   0.001428           0    0.001546   0.0001175  HS65_LS_SDFPHQX9
datapath_module/reg_file_module/reg_memory_reg[27][20]1814   0.001428           0    0.001546   0.0001175  HS65_LS_SDFPHQX9
datapath_module/reg_file_module/reg_memory_reg[26][5]1735   0.001427           0    0.001544   0.0001175  HS65_LS_SDFPHQX9
datapath_module/reg_file_module/reg_memory_reg[11][5]775   0.001426           0    0.001544   0.0001175  HS65_LS_SDFPHQX9
datapath_module/reg_file_module/reg_memory_reg[18][1]1219   0.001426           0    0.001544   0.0001175  HS65_LS_SDFPHQX9
datapath_module/reg_file_module/reg_memory_reg[3][2]260   0.001426           0    0.001543   0.0001175  HS65_LS_SDFPHQX9
datapath_module/reg_file_module/reg_memory_reg[16][1]1091   0.001426           0    0.001543   0.0001175  HS65_LS_SDFPHQX9
datapath_module/reg_file_module/reg_memory_reg[18][2]1220   0.001426           0    0.001543   0.0001175  HS65_LS_SDFPHQX9
datapath_module/reg_file_module/reg_memory_reg[16][4]1094   0.001425           0    0.001543   0.0001175  HS65_LS_SDFPHQX9
datapath_module/reg_file_module/reg_memory_reg[16][2]1092   0.001425           0    0.001543   0.0001175  HS65_LS_SDFPHQX9
datapath_module/reg_file_module/reg_memory_reg[16][5]1095   0.001425           0    0.001543   0.0001175  HS65_LS_SDFPHQX9
datapath_module/reg_file_module/reg_memory_reg[26][6]1736   0.001425           0    0.001543   0.0001175  HS65_LS_SDFPHQX9
datapath_module/reg_file_module/reg_memory_reg[1][2]132   0.001425           0    0.001542   0.0001175  HS65_LS_SDFPHQX9
datapath_module/reg_file_module/reg_memory_reg[1][5]135   0.001425           0    0.001542   0.0001175  HS65_LS_SDFPHQX9
datapath_module/reg_file_module/reg_memory_reg[16][3]1093   0.001425           0    0.001542   0.0001175  HS65_LS_SDFPHQX9
datapath_module/reg_file_module/reg_memory_reg[1][4]134   0.001425           0    0.001542   0.0001175  HS65_LS_SDFPHQX9
datapath_module/reg_file_module/reg_memory_reg[1][1]131   0.001425           0    0.001542   0.0001175  HS65_LS_SDFPHQX9
datapath_module/reg_file_module/reg_memory_reg[1][3]133   0.001425           0    0.001542   0.0001175  HS65_LS_SDFPHQX9
datapath_module/reg_file_module/reg_memory_reg[18][31]1249   0.001424           0    0.001542   0.0001175  HS65_LS_SDFPHQX9
datapath_module/reg_file_module/reg_memory_reg[3][31]289   0.001424           0    0.001541   0.0001175  HS65_LS_SDFPHQX9
datapath_module/reg_file_module/reg_memory_reg[11][26]796   0.001424           0    0.001541   0.0001175  HS65_LS_SDFPHQX9
datapath_module/reg_file_module/reg_memory_reg[9][6]648   0.001424           0    0.001541   0.0001175  HS65_LS_SDFPHQX9
datapath_module/reg_file_module/reg_memory_reg[3][21]279   0.001423           0    0.001541   0.0001175  HS65_LS_SDFPHQX9
datapath_module/reg_file_module/reg_memory_reg[11][27]797   0.001423           0    0.001541   0.0001175  HS65_LS_SDFPHQX9
datapath_module/reg_file_module/reg_memory_reg[3][22]280   0.001423           0    0.001541   0.0001175  HS65_LS_SDFPHQX9
datapath_module/reg_file_module/reg_memory_reg[11][24]794   0.001423           0    0.001541   0.0001175  HS65_LS_SDFPHQX9
datapath_module/reg_file_module/reg_memory_reg[16][31]1121   0.001423           0    0.001541   0.0001175  HS65_LS_SDFPHQX9
datapath_module/reg_file_module/reg_memory_reg[18][0]1218   0.001423           0    0.001541   0.0001175  HS65_LS_SDFPHQX9
datapath_module/reg_file_module/reg_memory_reg[3][30]288   0.001423           0    0.001541   0.0001175  HS65_LS_SDFPHQX9
datapath_module/reg_file_module/reg_memory_reg[11][25]795   0.001423           0    0.001541   0.0001175  HS65_LS_SDFPHQX9
datapath_module/reg_file_module/reg_memory_reg[1][6]136   0.001423           0    0.001541   0.0001175  HS65_LS_SDFPHQX9
datapath_module/reg_file_module/reg_memory_reg[3][26]284   0.001423           0    0.001541   0.0001175  HS65_LS_SDFPHQX9
datapath_module/reg_file_module/reg_memory_reg[9][28]670   0.001423           0    0.001541   0.0001174  HS65_LS_SDFPHQX9
datapath_module/reg_file_module/reg_memory_reg[18][30]1248   0.001423           0    0.001541   0.0001175  HS65_LS_SDFPHQX9
datapath_module/reg_file_module/reg_memory_reg[3][1]259   0.001423           0    0.001541   0.0001175  HS65_LS_SDFPHQX9
datapath_module/reg_file_module/reg_memory_reg[9][7]649   0.001423           0    0.001541   0.0001175  HS65_LS_SDFPHQX9
datapath_module/reg_file_module/reg_memory_reg[1][31]161   0.001423           0     0.00154   0.0001175  HS65_LS_SDFPHQX9
datapath_module/reg_file_module/reg_memory_reg[9][27]669   0.001423           0     0.00154   0.0001174  HS65_LS_SDFPHQX9
datapath_module/reg_file_module/reg_memory_reg[16][27]1117   0.001423           0     0.00154   0.0001175  HS65_LS_SDFPHQX9
datapath_module/reg_file_module/reg_memory_reg[18][28]1246   0.001423           0     0.00154   0.0001175  HS65_LS_SDFPHQX9
datapath_module/reg_file_module/reg_memory_reg[16][30]1120   0.001423           0     0.00154   0.0001175  HS65_LS_SDFPHQX9
datapath_module/reg_file_module/reg_memory_reg[18][29]1247   0.001423           0     0.00154   0.0001175  HS65_LS_SDFPHQX9
datapath_module/reg_file_module/reg_memory_reg[3][3]261   0.001423           0     0.00154   0.0001175  HS65_LS_SDFPHQX9
datapath_module/reg_file_module/reg_memory_reg[16][29]1119   0.001423           0     0.00154   0.0001175  HS65_LS_SDFPHQX9
datapath_module/reg_file_module/reg_memory_reg[16][28]1118   0.001423           0     0.00154   0.0001175  HS65_LS_SDFPHQX9
datapath_module/reg_file_module/reg_memory_reg[16][22]1112   0.001423           0     0.00154   0.0001175  HS65_LS_SDFPHQX9
datapath_module/reg_file_module/reg_memory_reg[9][23]665   0.001423           0     0.00154   0.0001174  HS65_LS_SDFPHQX9
datapath_module/reg_file_module/reg_memory_reg[9][21]663   0.001423           0     0.00154   0.0001175  HS65_LS_SDFPHQX9
datapath_module/reg_file_module/reg_memory_reg[9][16]658   0.001423           0     0.00154   0.0001174  HS65_LS_SDFPHQX9
datapath_module/reg_file_module/reg_memory_reg[16][10]1100   0.001423           0     0.00154   0.0001175  HS65_LS_SDFPHQX9
datapath_module/reg_file_module/reg_memory_reg[9][22]664   0.001423           0     0.00154   0.0001175  HS65_LS_SDFPHQX9
datapath_module/reg_file_module/reg_memory_reg[16][23]1113   0.001423           0     0.00154   0.0001175  HS65_LS_SDFPHQX9
datapath_module/reg_file_module/reg_memory_reg[1][0]130   0.001423           0     0.00154   0.0001175  HS65_LS_SDFPHQX9
datapath_module/reg_file_module/reg_memory_reg[16][26]1116   0.001423           0     0.00154   0.0001175  HS65_LS_SDFPHQX9
datapath_module/reg_file_module/reg_memory_reg[16][24]1114   0.001423           0     0.00154   0.0001175  HS65_LS_SDFPHQX9
datapath_module/reg_file_module/reg_memory_reg[9][15]657   0.001423           0     0.00154   0.0001174  HS65_LS_SDFPHQX9
datapath_module/reg_file_module/reg_memory_reg[16][11]1101   0.001423           0     0.00154   0.0001175  HS65_LS_SDFPHQX9
datapath_module/reg_file_module/reg_memory_reg[16][0]1090   0.001423           0     0.00154   0.0001175  HS65_LS_SDFPHQX9
datapath_module/reg_file_module/reg_memory_reg[1][27]157   0.001423           0     0.00154   0.0001175  HS65_LS_SDFPHQX9
datapath_module/reg_file_module/reg_memory_reg[1][30]160   0.001423           0     0.00154   0.0001175  HS65_LS_SDFPHQX9
datapath_module/reg_file_module/reg_memory_reg[1][28]158   0.001423           0     0.00154   0.0001175  HS65_LS_SDFPHQX9
datapath_module/reg_file_module/reg_memory_reg[1][29]159   0.001423           0     0.00154   0.0001175  HS65_LS_SDFPHQX9
datapath_module/reg_file_module/reg_memory_reg[16][25]1115   0.001422           0     0.00154   0.0001175  HS65_LS_SDFPHQX9
datapath_module/reg_file_module/reg_memory_reg[3][5]263   0.001422           0     0.00154   0.0001175  HS65_LS_SDFPHQX9
datapath_module/reg_file_module/reg_memory_reg[3][4]262   0.001422           0    0.001539   0.0001175  HS65_LS_SDFPHQX9
datapath_module/reg_file_module/reg_memory_reg[3][28]286   0.001422           0    0.001539   0.0001175  HS65_LS_SDFPHQX9
datapath_module/reg_file_module/reg_memory_reg[11][2]772    0.00142           0    0.001538   0.0001175  HS65_LS_SDFPHQX9
datapath_module/reg_file_module/reg_memory_reg[18][4]1222    0.00142           0    0.001538   0.0001175  HS65_LS_SDFPHQX9
datapath_module/reg_file_module/reg_memory_reg[3][6]264    0.00142           0    0.001538   0.0001175  HS65_LS_SDFPHQX9
datapath_module/reg_file_module/reg_memory_reg[18][3]1221    0.00142           0    0.001538   0.0001175  HS65_LS_SDFPHQX9
datapath_module/reg_file_module/reg_memory_reg[1][26]156    0.00142           0    0.001538   0.0001175  HS65_LS_SDFPHQX9
datapath_module/reg_file_module/reg_memory_reg[24][2]1604    0.00142           0    0.001538   0.0001175  HS65_LS_SDFPHQX9
datapath_module/reg_file_module/reg_memory_reg[26][1]1731    0.00142           0    0.001538   0.0001175  HS65_LS_SDFPHQX9
datapath_module/reg_file_module/reg_memory_reg[3][0]258    0.00142           0    0.001538   0.0001175  HS65_LS_SDFPHQX9
datapath_module/reg_file_module/reg_memory_reg[11][1]771    0.00142           0    0.001537   0.0001175  HS65_LS_SDFPHQX9
datapath_module/reg_file_module/reg_memory_reg[3][7]265    0.00142           0    0.001537   0.0001175  HS65_LS_SDFPHQX9
datapath_module/reg_file_module/reg_memory_reg[24][1]1603    0.00142           0    0.001537   0.0001175  HS65_LS_SDFPHQX9
datapath_module/reg_file_module/reg_memory_reg[18][18]1236    0.00142           0    0.001537   0.0001175  HS65_LS_SDFPHQX9
datapath_module/reg_file_module/reg_memory_reg[18][10]1228    0.00142           0    0.001537   0.0001175  HS65_LS_SDFPHQX9
datapath_module/reg_file_module/reg_memory_reg[18][12]1230    0.00142           0    0.001537   0.0001175  HS65_LS_SDFPHQX9
datapath_module/reg_file_module/reg_memory_reg[18][21]1239    0.00142           0    0.001537   0.0001175  HS65_LS_SDFPHQX9
datapath_module/reg_file_module/reg_memory_reg[18][20]1238    0.00142           0    0.001537   0.0001175  HS65_LS_SDFPHQX9
datapath_module/reg_file_module/reg_memory_reg[18][11]1229    0.00142           0    0.001537   0.0001175  HS65_LS_SDFPHQX9
datapath_module/reg_file_module/reg_memory_reg[18][19]1237    0.00142           0    0.001537   0.0001175  HS65_LS_SDFPHQX9
datapath_module/reg_file_module/reg_memory_reg[24][3]1605    0.00142           0    0.001537   0.0001175  HS65_LS_SDFPHQX9
datapath_module/reg_file_module/reg_memory_reg[26][2]1732    0.00142           0    0.001537   0.0001175  HS65_LS_SDFPHQX9
datapath_module/reg_file_module/reg_memory_reg[3][29]287   0.001419           0    0.001537   0.0001175  HS65_LS_SDFPHQX9
datapath_module/reg_file_module/reg_memory_reg[18][22]1240   0.001419           0    0.001537   0.0001175  HS65_LS_SDFPHQX9
datapath_module/reg_file_module/reg_memory_reg[9][2]644   0.001419           0    0.001537   0.0001175  HS65_LS_SDFPHQX9
datapath_module/reg_file_module/reg_memory_reg[26][27]1757   0.001419           0    0.001537   0.0001175  HS65_LS_SDFPHQX9
datapath_module/reg_file_module/reg_memory_reg[0][5]103   0.001419           0    0.001537   0.0001175  HS65_LS_SDFPHQX9
datapath_module/reg_file_module/reg_memory_reg[26][3]1733   0.001419           0    0.001537   0.0001175  HS65_LS_SDFPHQX9
datapath_module/reg_file_module/reg_memory_reg[9][1]643   0.001419           0    0.001536   0.0001175  HS65_LS_SDFPHQX9
datapath_module/reg_file_module/reg_memory_reg[9][3]645   0.001419           0    0.001536   0.0001175  HS65_LS_SDFPHQX9
datapath_module/reg_file_module/reg_memory_reg[1][22]152   0.001419           0    0.001536   0.0001175  HS65_LS_SDFPHQX9
datapath_module/reg_file_module/reg_memory_reg[11][3]773   0.001419           0    0.001536   0.0001175  HS65_LS_SDFPHQX9
datapath_module/reg_file_module/reg_memory_reg[1][23]153   0.001419           0    0.001536   0.0001175  HS65_LS_SDFPHQX9
datapath_module/reg_file_module/reg_memory_reg[26][31]1761   0.001419           0    0.001536   0.0001175  HS65_LS_SDFPHQX9
datapath_module/reg_file_module/reg_memory_reg[1][25]155   0.001419           0    0.001536   0.0001175  HS65_LS_SDFPHQX9
datapath_module/reg_file_module/reg_memory_reg[11][0]770   0.001418           0    0.001536   0.0001175  HS65_LS_SDFPHQX9
datapath_module/reg_file_module/reg_memory_reg[3][9]267   0.001418           0    0.001536   0.0001175  HS65_LS_SDFPHQX9
datapath_module/reg_file_module/reg_memory_reg[24][31]1633   0.001418           0    0.001536   0.0001174  HS65_LS_SDFPHQX9
datapath_module/reg_file_module/reg_memory_reg[18][26]1244   0.001418           0    0.001536   0.0001175  HS65_LS_SDFPHQX9
datapath_module/reg_file_module/reg_memory_reg[3][10]268   0.001418           0    0.001536   0.0001175  HS65_LS_SDFPHQX9
datapath_module/reg_file_module/reg_memory_reg[18][27]1245   0.001418           0    0.001536   0.0001175  HS65_LS_SDFPHQX9
datapath_module/reg_file_module/reg_memory_reg[18][23]1241   0.001418           0    0.001536   0.0001175  HS65_LS_SDFPHQX9
datapath_module/reg_file_module/reg_memory_reg[3][18]276   0.001418           0    0.001536   0.0001175  HS65_LS_SDFPHQX9
datapath_module/reg_file_module/reg_memory_reg[18][24]1242   0.001418           0    0.001536   0.0001175  HS65_LS_SDFPHQX9
datapath_module/reg_file_module/reg_memory_reg[3][8]266   0.001418           0    0.001536   0.0001175  HS65_LS_SDFPHQX9
datapath_module/reg_file_module/reg_memory_reg[3][19]277   0.001418           0    0.001536   0.0001175  HS65_LS_SDFPHQX9
datapath_module/reg_file_module/reg_memory_reg[3][12]270   0.001418           0    0.001536   0.0001175  HS65_LS_SDFPHQX9
datapath_module/reg_file_module/reg_memory_reg[3][13]271   0.001418           0    0.001536   0.0001175  HS65_LS_SDFPHQX9
datapath_module/reg_file_module/reg_memory_reg[24][0]1602   0.001418           0    0.001536   0.0001175  HS65_LS_SDFPHQX9
datapath_module/reg_file_module/reg_memory_reg[3][14]272   0.001418           0    0.001536   0.0001175  HS65_LS_SDFPHQX9
datapath_module/reg_file_module/reg_memory_reg[3][16]274   0.001418           0    0.001536   0.0001175  HS65_LS_SDFPHQX9
datapath_module/reg_file_module/reg_memory_reg[3][17]275   0.001418           0    0.001536   0.0001175  HS65_LS_SDFPHQX9
datapath_module/reg_file_module/reg_memory_reg[3][15]273   0.001418           0    0.001535   0.0001175  HS65_LS_SDFPHQX9
datapath_module/reg_file_module/reg_memory_reg[3][11]269   0.001418           0    0.001535   0.0001175  HS65_LS_SDFPHQX9
datapath_module/reg_file_module/reg_memory_reg[2][6]200   0.001418           0    0.001535   0.0001174  HS65_LS_SDFPHQX9
datapath_module/reg_file_module/reg_memory_reg[18][25]1243   0.001418           0    0.001535   0.0001175  HS65_LS_SDFPHQX9
datapath_module/reg_file_module/reg_memory_reg[24][30]1632   0.001418           0    0.001535   0.0001174  HS65_LS_SDFPHQX9
datapath_module/reg_file_module/reg_memory_reg[24][29]1631   0.001418           0    0.001535   0.0001174  HS65_LS_SDFPHQX9
datapath_module/reg_file_module/reg_memory_reg[24][28]1630   0.001418           0    0.001535   0.0001174  HS65_LS_SDFPHQX9
datapath_module/reg_file_module/reg_memory_reg[2][31]225   0.001418           0    0.001535   0.0001174  HS65_LS_SDFPHQX9
datapath_module/reg_file_module/reg_memory_reg[18][7]1225   0.001418           0    0.001535   0.0001175  HS65_LS_SDFPHQX9
datapath_module/reg_file_module/reg_memory_reg[16][17]1107   0.001418           0    0.001535   0.0001175  HS65_LS_SDFPHQX9
datapath_module/reg_file_module/reg_memory_reg[18][8]1226   0.001418           0    0.001535   0.0001175  HS65_LS_SDFPHQX9
datapath_module/reg_file_module/reg_memory_reg[18][13]1231   0.001418           0    0.001535   0.0001175  HS65_LS_SDFPHQX9
datapath_module/reg_file_module/reg_memory_reg[16][21]1111   0.001418           0    0.001535   0.0001175  HS65_LS_SDFPHQX9
datapath_module/reg_file_module/reg_memory_reg[18][9]1227   0.001418           0    0.001535   0.0001175  HS65_LS_SDFPHQX9
datapath_module/reg_file_module/reg_memory_reg[18][17]1235   0.001418           0    0.001535   0.0001175  HS65_LS_SDFPHQX9
datapath_module/reg_file_module/reg_memory_reg[18][14]1232   0.001418           0    0.001535   0.0001175  HS65_LS_SDFPHQX9
datapath_module/reg_file_module/reg_memory_reg[18][15]1233   0.001418           0    0.001535   0.0001175  HS65_LS_SDFPHQX9
datapath_module/reg_file_module/reg_memory_reg[2][21]215   0.001418           0    0.001535   0.0001174  HS65_LS_SDFPHQX9
datapath_module/reg_file_module/reg_memory_reg[18][16]1234   0.001418           0    0.001535   0.0001175  HS65_LS_SDFPHQX9
datapath_module/reg_file_module/reg_memory_reg[2][22]216   0.001417           0    0.001535   0.0001174  HS65_LS_SDFPHQX9
datapath_module/reg_file_module/reg_memory_reg[9][14]656   0.001417           0    0.001535   0.0001174  HS65_LS_SDFPHQX9
datapath_module/reg_file_module/reg_memory_reg[1][21]151   0.001417           0    0.001535   0.0001175  HS65_LS_SDFPHQX9
datapath_module/reg_file_module/reg_memory_reg[9][13]655   0.001417           0    0.001535   0.0001175  HS65_LS_SDFPHQX9
datapath_module/reg_file_module/reg_memory_reg[2][28]222   0.001417           0    0.001535   0.0001174  HS65_LS_SDFPHQX9
datapath_module/reg_file_module/reg_memory_reg[2][27]221   0.001417           0    0.001535   0.0001174  HS65_LS_SDFPHQX9
datapath_module/reg_file_module/reg_memory_reg[26][29]1759   0.001417           0    0.001535   0.0001175  HS65_LS_SDFPHQX9
datapath_module/reg_file_module/reg_memory_reg[9][20]662   0.001417           0    0.001535   0.0001175  HS65_LS_SDFPHQX9
datapath_module/reg_file_module/reg_memory_reg[3][27]285   0.001417           0    0.001535   0.0001175  HS65_LS_SDFPHQX9
datapath_module/reg_file_module/reg_memory_reg[9][31]673   0.001417           0    0.001535   0.0001174  HS65_LS_SDFPHQX9
datapath_module/reg_file_module/reg_memory_reg[26][28]1758   0.001417           0    0.001535   0.0001175  HS65_LS_SDFPHQX9
datapath_module/reg_file_module/reg_memory_reg[1][20]150   0.001417           0    0.001535   0.0001175  HS65_LS_SDFPHQX9
datapath_module/reg_file_module/reg_memory_reg[9][0]642   0.001417           0    0.001535   0.0001175  HS65_LS_SDFPHQX9
datapath_module/reg_file_module/reg_memory_reg[26][0]1730   0.001417           0    0.001535   0.0001175  HS65_LS_SDFPHQX9
datapath_module/reg_file_module/reg_memory_reg[1][18]148   0.001417           0    0.001535   0.0001175  HS65_LS_SDFPHQX9
datapath_module/reg_file_module/reg_memory_reg[1][13]143   0.001417           0    0.001535   0.0001175  HS65_LS_SDFPHQX9
datapath_module/reg_file_module/reg_memory_reg[1][14]144   0.001417           0    0.001535   0.0001175  HS65_LS_SDFPHQX9
datapath_module/reg_file_module/reg_memory_reg[1][17]147   0.001417           0    0.001535   0.0001175  HS65_LS_SDFPHQX9
datapath_module/reg_file_module/reg_memory_reg[1][15]145   0.001417           0    0.001535   0.0001175  HS65_LS_SDFPHQX9
datapath_module/reg_file_module/reg_memory_reg[2][12]206   0.001417           0    0.001535   0.0001174  HS65_LS_SDFPHQX9
datapath_module/reg_file_module/reg_memory_reg[9][29]671   0.001417           0    0.001535   0.0001174  HS65_LS_SDFPHQX9
datapath_module/reg_file_module/reg_memory_reg[1][16]146   0.001417           0    0.001535   0.0001175  HS65_LS_SDFPHQX9
datapath_module/reg_file_module/reg_memory_reg[26][30]1760   0.001417           0    0.001535   0.0001175  HS65_LS_SDFPHQX9
datapath_module/reg_file_module/reg_memory_reg[2][23]217   0.001417           0    0.001535   0.0001174  HS65_LS_SDFPHQX9
datapath_module/reg_file_module/reg_memory_reg[2][11]205   0.001417           0    0.001535   0.0001174  HS65_LS_SDFPHQX9
datapath_module/reg_file_module/reg_memory_reg[2][26]220   0.001417           0    0.001534   0.0001174  HS65_LS_SDFPHQX9
datapath_module/reg_file_module/reg_memory_reg[16][6]1096   0.001417           0    0.001534   0.0001175  HS65_LS_SDFPHQX9
datapath_module/reg_file_module/reg_memory_reg[2][25]219   0.001417           0    0.001534   0.0001174  HS65_LS_SDFPHQX9
datapath_module/reg_file_module/reg_memory_reg[0][28]126   0.001417           0    0.001534   0.0001174  HS65_LS_SDFPHQX9
datapath_module/reg_file_module/reg_memory_reg[11][31]801   0.001417           0    0.001534   0.0001175  HS65_LS_SDFPHQX9
datapath_module/reg_file_module/reg_memory_reg[0][27]125   0.001417           0    0.001534   0.0001174  HS65_LS_SDFPHQX9
datapath_module/reg_file_module/reg_memory_reg[0][22]120   0.001417           0    0.001534   0.0001174  HS65_LS_SDFPHQX9
datapath_module/reg_file_module/reg_memory_reg[0][23]121   0.001417           0    0.001534   0.0001174  HS65_LS_SDFPHQX9
datapath_module/reg_file_module/reg_memory_reg[0][26]124   0.001417           0    0.001534   0.0001174  HS65_LS_SDFPHQX9
datapath_module/reg_file_module/reg_memory_reg[0][21]119   0.001417           0    0.001534   0.0001174  HS65_LS_SDFPHQX9
datapath_module/reg_file_module/reg_memory_reg[27][4]1798   0.001417           0    0.001534   0.0001175  HS65_LS_SDFPHQX9
datapath_module/reg_file_module/reg_memory_reg[9][26]668   0.001417           0    0.001534   0.0001174  HS65_LS_SDFPHQX9
datapath_module/reg_file_module/reg_memory_reg[24][5]1607   0.001417           0    0.001534   0.0001175  HS65_LS_SDFPHQX9
datapath_module/reg_file_module/reg_memory_reg[9][5]647   0.001417           0    0.001534   0.0001175  HS65_LS_SDFPHQX9
datapath_module/reg_file_module/reg_memory_reg[0][24]122   0.001417           0    0.001534   0.0001174  HS65_LS_SDFPHQX9
datapath_module/reg_file_module/reg_memory_reg[0][25]123   0.001416           0    0.001534   0.0001174  HS65_LS_SDFPHQX9
datapath_module/reg_file_module/reg_memory_reg[16][7]1097   0.001416           0    0.001534   0.0001175  HS65_LS_SDFPHQX9
datapath_module/reg_file_module/reg_memory_reg[16][20]1110   0.001416           0    0.001534   0.0001175  HS65_LS_SDFPHQX9
datapath_module/reg_file_module/reg_memory_reg[9][4]646   0.001416           0    0.001534   0.0001175  HS65_LS_SDFPHQX9
datapath_module/reg_file_module/reg_memory_reg[16][14]1104   0.001416           0    0.001534   0.0001175  HS65_LS_SDFPHQX9
datapath_module/reg_file_module/reg_memory_reg[16][9]1099   0.001416           0    0.001534   0.0001175  HS65_LS_SDFPHQX9
datapath_module/reg_file_module/reg_memory_reg[16][19]1109   0.001416           0    0.001534   0.0001175  HS65_LS_SDFPHQX9
datapath_module/reg_file_module/reg_memory_reg[16][18]1108   0.001416           0    0.001534   0.0001175  HS65_LS_SDFPHQX9
datapath_module/reg_file_module/reg_memory_reg[16][8]1098   0.001416           0    0.001534   0.0001175  HS65_LS_SDFPHQX9
datapath_module/reg_file_module/reg_memory_reg[16][12]1102   0.001416           0    0.001534   0.0001175  HS65_LS_SDFPHQX9
datapath_module/reg_file_module/reg_memory_reg[16][13]1103   0.001416           0    0.001534   0.0001175  HS65_LS_SDFPHQX9
datapath_module/reg_file_module/reg_memory_reg[16][15]1105   0.001416           0    0.001534   0.0001175  HS65_LS_SDFPHQX9
datapath_module/reg_file_module/reg_memory_reg[16][16]1106   0.001416           0    0.001534   0.0001175  HS65_LS_SDFPHQX9
datapath_module/reg_file_module/reg_memory_reg[3][20]278   0.001416           0    0.001534   0.0001175  HS65_LS_SDFPHQX9
datapath_module/reg_file_module/reg_memory_reg[1][7]137   0.001416           0    0.001533   0.0001175  HS65_LS_SDFPHQX9
datapath_module/reg_file_module/reg_memory_reg[3][23]281   0.001416           0    0.001533   0.0001175  HS65_LS_SDFPHQX9
datapath_module/reg_file_module/reg_memory_reg[1][12]142   0.001416           0    0.001533   0.0001175  HS65_LS_SDFPHQX9
datapath_module/reg_file_module/reg_memory_reg[3][24]282   0.001416           0    0.001533   0.0001175  HS65_LS_SDFPHQX9
datapath_module/reg_file_module/reg_memory_reg[1][10]140   0.001416           0    0.001533   0.0001175  HS65_LS_SDFPHQX9
datapath_module/reg_file_module/reg_memory_reg[1][19]149   0.001416           0    0.001533   0.0001175  HS65_LS_SDFPHQX9
datapath_module/reg_file_module/reg_memory_reg[1][8]138   0.001416           0    0.001533   0.0001175  HS65_LS_SDFPHQX9
datapath_module/reg_file_module/reg_memory_reg[1][9]139   0.001416           0    0.001533   0.0001175  HS65_LS_SDFPHQX9
datapath_module/reg_file_module/reg_memory_reg[1][24]154   0.001416           0    0.001533   0.0001175  HS65_LS_SDFPHQX9
datapath_module/reg_file_module/reg_memory_reg[1][11]141   0.001416           0    0.001533   0.0001175  HS65_LS_SDFPHQX9
datapath_module/reg_file_module/reg_memory_reg[3][25]283   0.001416           0    0.001533   0.0001175  HS65_LS_SDFPHQX9
datapath_module/reg_file_module/reg_memory_reg[26][23]1753   0.001416           0    0.001533   0.0001175  HS65_LS_SDFPHQX9
datapath_module/reg_file_module/reg_memory_reg[26][26]1756   0.001415           0    0.001533   0.0001175  HS65_LS_SDFPHQX9
datapath_module/reg_file_module/reg_memory_reg[26][24]1754   0.001415           0    0.001533   0.0001175  HS65_LS_SDFPHQX9
datapath_module/reg_file_module/reg_memory_reg[24][4]1606   0.001415           0    0.001533   0.0001175  HS65_LS_SDFPHQX9
datapath_module/reg_file_module/reg_memory_reg[11][6]776   0.001415           0    0.001533   0.0001175  HS65_LS_SDFPHQX9
datapath_module/reg_file_module/reg_memory_reg[26][25]1755   0.001415           0    0.001533   0.0001175  HS65_LS_SDFPHQX9
datapath_module/reg_file_module/reg_memory_reg[26][19]1749   0.001415           0    0.001532   0.0001175  HS65_LS_SDFPHQX9
datapath_module/reg_file_module/reg_memory_reg[26][7]1737   0.001415           0    0.001532   0.0001175  HS65_LS_SDFPHQX9
datapath_module/reg_file_module/reg_memory_reg[26][13]1743   0.001415           0    0.001532   0.0001175  HS65_LS_SDFPHQX9
datapath_module/reg_file_module/reg_memory_reg[27][10]1804   0.001415           0    0.001532   0.0001175  HS65_LS_SDFPHQX9
datapath_module/reg_file_module/reg_memory_reg[26][17]1747   0.001415           0    0.001532   0.0001175  HS65_LS_SDFPHQX9
datapath_module/reg_file_module/reg_memory_reg[26][12]1742   0.001415           0    0.001532   0.0001175  HS65_LS_SDFPHQX9
datapath_module/reg_file_module/reg_memory_reg[26][18]1748   0.001415           0    0.001532   0.0001175  HS65_LS_SDFPHQX9
datapath_module/reg_file_module/reg_memory_reg[27][9]1803   0.001415           0    0.001532   0.0001175  HS65_LS_SDFPHQX9
datapath_module/reg_file_module/reg_memory_reg[27][11]1805   0.001415           0    0.001532   0.0001175  HS65_LS_SDFPHQX9
datapath_module/reg_file_module/reg_memory_reg[11][19]789   0.001415           0    0.001532   0.0001175  HS65_LS_SDFPHQX9
datapath_module/reg_file_module/reg_memory_reg[26][8]1738   0.001415           0    0.001532   0.0001175  HS65_LS_SDFPHQX9
datapath_module/reg_file_module/reg_memory_reg[26][11]1741   0.001415           0    0.001532   0.0001175  HS65_LS_SDFPHQX9
datapath_module/reg_file_module/reg_memory_reg[24][21]1623   0.001414           0    0.001532   0.0001175  HS65_LS_SDFPHQX9
datapath_module/reg_file_module/reg_memory_reg[26][9]1739   0.001414           0    0.001532   0.0001175  HS65_LS_SDFPHQX9
datapath_module/reg_file_module/reg_memory_reg[11][7]777   0.001414           0    0.001532   0.0001175  HS65_LS_SDFPHQX9
datapath_module/reg_file_module/reg_memory_reg[24][18]1620   0.001414           0    0.001532   0.0001175  HS65_LS_SDFPHQX9
datapath_module/reg_file_module/reg_memory_reg[24][19]1621   0.001414           0    0.001532   0.0001175  HS65_LS_SDFPHQX9
datapath_module/reg_file_module/reg_memory_reg[24][23]1625   0.001414           0    0.001532   0.0001174  HS65_LS_SDFPHQX9
datapath_module/reg_file_module/reg_memory_reg[24][10]1612   0.001414           0    0.001532   0.0001175  HS65_LS_SDFPHQX9
datapath_module/reg_file_module/reg_memory_reg[24][20]1622   0.001414           0    0.001532   0.0001175  HS65_LS_SDFPHQX9
datapath_module/reg_file_module/reg_memory_reg[11][23]793   0.001414           0    0.001532   0.0001175  HS65_LS_SDFPHQX9
datapath_module/reg_file_module/reg_memory_reg[24][22]1624   0.001414           0    0.001532   0.0001175  HS65_LS_SDFPHQX9
datapath_module/reg_file_module/reg_memory_reg[11][22]792   0.001414           0    0.001532   0.0001175  HS65_LS_SDFPHQX9
datapath_module/reg_file_module/reg_memory_reg[11][8]778   0.001414           0    0.001532   0.0001175  HS65_LS_SDFPHQX9
datapath_module/reg_file_module/reg_memory_reg[26][16]1746   0.001414           0    0.001532   0.0001175  HS65_LS_SDFPHQX9
datapath_module/reg_file_module/reg_memory_reg[11][21]791   0.001414           0    0.001532   0.0001175  HS65_LS_SDFPHQX9
datapath_module/reg_file_module/reg_memory_reg[11][18]788   0.001414           0    0.001532   0.0001175  HS65_LS_SDFPHQX9
datapath_module/reg_file_module/reg_memory_reg[11][13]783   0.001414           0    0.001532   0.0001175  HS65_LS_SDFPHQX9
datapath_module/reg_file_module/reg_memory_reg[24][11]1613   0.001414           0    0.001532   0.0001175  HS65_LS_SDFPHQX9
datapath_module/reg_file_module/reg_memory_reg[11][12]782   0.001414           0    0.001532   0.0001175  HS65_LS_SDFPHQX9
datapath_module/reg_file_module/reg_memory_reg[11][9]779   0.001414           0    0.001532   0.0001175  HS65_LS_SDFPHQX9
datapath_module/reg_file_module/reg_memory_reg[9][19]661   0.001414           0    0.001532   0.0001175  HS65_LS_SDFPHQX9
datapath_module/reg_file_module/reg_memory_reg[11][11]781   0.001414           0    0.001532   0.0001175  HS65_LS_SDFPHQX9
datapath_module/reg_file_module/reg_memory_reg[11][10]780   0.001414           0    0.001532   0.0001175  HS65_LS_SDFPHQX9
datapath_module/reg_file_module/reg_memory_reg[9][30]672   0.001414           0    0.001532   0.0001174  HS65_LS_SDFPHQX9
datapath_module/reg_file_module/reg_memory_reg[11][17]787   0.001414           0    0.001532   0.0001175  HS65_LS_SDFPHQX9
datapath_module/reg_file_module/reg_memory_reg[9][12]654   0.001414           0    0.001532   0.0001175  HS65_LS_SDFPHQX9
datapath_module/reg_file_module/reg_memory_reg[9][10]652   0.001414           0    0.001532   0.0001175  HS65_LS_SDFPHQX9
datapath_module/reg_file_module/reg_memory_reg[24][6]1608   0.001414           0    0.001532   0.0001175  HS65_LS_SDFPHQX9
datapath_module/reg_file_module/reg_memory_reg[27][30]1824   0.001414           0    0.001531   0.0001175  HS65_LS_SDFPHQX9
datapath_module/reg_file_module/reg_memory_reg[11][20]790   0.001414           0    0.001531   0.0001175  HS65_LS_SDFPHQX9
datapath_module/reg_file_module/reg_memory_reg[8][0]578   0.001414           0    0.001531   0.0001175  HS65_LS_SDFPHQX9
datapath_module/reg_file_module/reg_memory_reg[8][22]600   0.001414           0    0.001531   0.0001174  HS65_LS_SDFPHQX9
datapath_module/reg_file_module/reg_memory_reg[9][24]666   0.001414           0    0.001531   0.0001174  HS65_LS_SDFPHQX9
datapath_module/reg_file_module/reg_memory_reg[9][8]650   0.001414           0    0.001531   0.0001175  HS65_LS_SDFPHQX9
datapath_module/reg_file_module/reg_memory_reg[8][29]607   0.001414           0    0.001531   0.0001174  HS65_LS_SDFPHQX9
datapath_module/reg_file_module/reg_memory_reg[9][17]659   0.001414           0    0.001531   0.0001174  HS65_LS_SDFPHQX9
datapath_module/reg_file_module/reg_memory_reg[9][18]660   0.001414           0    0.001531   0.0001175  HS65_LS_SDFPHQX9
datapath_module/reg_file_module/reg_memory_reg[9][11]653   0.001414           0    0.001531   0.0001175  HS65_LS_SDFPHQX9
datapath_module/reg_file_module/reg_memory_reg[9][25]667   0.001414           0    0.001531   0.0001174  HS65_LS_SDFPHQX9
datapath_module/reg_file_module/reg_memory_reg[11][16]786   0.001414           0    0.001531   0.0001175  HS65_LS_SDFPHQX9
datapath_module/reg_file_module/reg_memory_reg[9][9]651   0.001414           0    0.001531   0.0001175  HS65_LS_SDFPHQX9
datapath_module/reg_file_module/reg_memory_reg[8][21]599   0.001414           0    0.001531   0.0001174  HS65_LS_SDFPHQX9
datapath_module/reg_file_module/reg_memory_reg[8][28]606   0.001414           0    0.001531   0.0001174  HS65_LS_SDFPHQX9
datapath_module/reg_file_module/reg_memory_reg[8][27]605   0.001414           0    0.001531   0.0001174  HS65_LS_SDFPHQX9
datapath_module/reg_file_module/reg_memory_reg[8][23]601   0.001414           0    0.001531   0.0001174  HS65_LS_SDFPHQX9
datapath_module/reg_file_module/reg_memory_reg[26][21]1751   0.001414           0    0.001531   0.0001175  HS65_LS_SDFPHQX9
datapath_module/reg_file_module/reg_memory_reg[10][7]713   0.001414           0    0.001531   0.0001174  HS65_LS_SDFPHQX9
datapath_module/reg_file_module/reg_memory_reg[26][15]1745   0.001414           0    0.001531   0.0001175  HS65_LS_SDFPHQX9
datapath_module/reg_file_module/reg_memory_reg[10][19]725   0.001414           0    0.001531   0.0001174  HS65_LS_SDFPHQX9
datapath_module/reg_file_module/reg_memory_reg[26][20]1750   0.001414           0    0.001531   0.0001175  HS65_LS_SDFPHQX9
datapath_module/reg_file_module/reg_memory_reg[10][27]733   0.001414           0    0.001531   0.0001174  HS65_LS_SDFPHQX9
datapath_module/reg_file_module/reg_memory_reg[26][22]1752   0.001414           0    0.001531   0.0001175  HS65_LS_SDFPHQX9
datapath_module/reg_file_module/reg_memory_reg[10][20]726   0.001414           0    0.001531   0.0001174  HS65_LS_SDFPHQX9
datapath_module/reg_file_module/reg_memory_reg[26][14]1744   0.001414           0    0.001531   0.0001175  HS65_LS_SDFPHQX9
datapath_module/reg_file_module/reg_memory_reg[10][12]718   0.001414           0    0.001531   0.0001174  HS65_LS_SDFPHQX9
datapath_module/reg_file_module/reg_memory_reg[8][26]604   0.001414           0    0.001531   0.0001174  HS65_LS_SDFPHQX9
datapath_module/reg_file_module/reg_memory_reg[10][24]730   0.001414           0    0.001531   0.0001174  HS65_LS_SDFPHQX9
datapath_module/reg_file_module/reg_memory_reg[10][16]722   0.001414           0    0.001531   0.0001174  HS65_LS_SDFPHQX9
datapath_module/reg_file_module/reg_memory_reg[10][18]724   0.001413           0    0.001531   0.0001174  HS65_LS_SDFPHQX9
datapath_module/reg_file_module/reg_memory_reg[10][8]714   0.001413           0    0.001531   0.0001174  HS65_LS_SDFPHQX9
datapath_module/reg_file_module/reg_memory_reg[10][26]732   0.001413           0    0.001531   0.0001174  HS65_LS_SDFPHQX9
datapath_module/reg_file_module/reg_memory_reg[2][2]196   0.001413           0    0.001531   0.0001175  HS65_LS_SDFPHQX9
datapath_module/reg_file_module/reg_memory_reg[10][17]723   0.001413           0    0.001531   0.0001174  HS65_LS_SDFPHQX9
datapath_module/reg_file_module/reg_memory_reg[10][23]729   0.001413           0    0.001531   0.0001174  HS65_LS_SDFPHQX9
datapath_module/reg_file_module/reg_memory_reg[10][25]731   0.001413           0    0.001531   0.0001174  HS65_LS_SDFPHQX9
datapath_module/reg_file_module/reg_memory_reg[11][15]785   0.001413           0    0.001531   0.0001175  HS65_LS_SDFPHQX9
datapath_module/reg_file_module/reg_memory_reg[11][14]784   0.001413           0    0.001531   0.0001175  HS65_LS_SDFPHQX9
datapath_module/reg_file_module/reg_memory_reg[2][1]195   0.001413           0    0.001531   0.0001175  HS65_LS_SDFPHQX9
datapath_module/reg_file_module/reg_memory_reg[2][3]197   0.001413           0     0.00153   0.0001174  HS65_LS_SDFPHQX9
datapath_module/reg_file_module/reg_memory_reg[24][27]1629   0.001413           0     0.00153   0.0001174  HS65_LS_SDFPHQX9
datapath_module/reg_file_module/reg_memory_reg[24][24]1626   0.001413           0     0.00153   0.0001174  HS65_LS_SDFPHQX9
datapath_module/reg_file_module/reg_memory_reg[24][26]1628   0.001413           0     0.00153   0.0001174  HS65_LS_SDFPHQX9
datapath_module/reg_file_module/reg_memory_reg[0][2]100   0.001413           0     0.00153   0.0001175  HS65_LS_SDFPHQX9
datapath_module/reg_file_module/reg_memory_reg[0][4]102   0.001413           0     0.00153   0.0001175  HS65_LS_SDFPHQX9
datapath_module/reg_file_module/reg_memory_reg[24][25]1627   0.001413           0     0.00153   0.0001174  HS65_LS_SDFPHQX9
datapath_module/reg_file_module/reg_memory_reg[24][7]1609   0.001413           0     0.00153   0.0001175  HS65_LS_SDFPHQX9
datapath_module/reg_file_module/reg_memory_reg[0][1]99   0.001413           0     0.00153   0.0001175  HS65_LS_SDFPHQX9
datapath_module/reg_file_module/reg_memory_reg[0][3]101   0.001412           0     0.00153   0.0001174  HS65_LS_SDFPHQX9
datapath_module/reg_file_module/reg_memory_reg[24][12]1614   0.001412           0     0.00153   0.0001175  HS65_LS_SDFPHQX9
datapath_module/reg_file_module/reg_memory_reg[24][8]1610   0.001412           0     0.00153   0.0001175  HS65_LS_SDFPHQX9
datapath_module/reg_file_module/reg_memory_reg[24][9]1611   0.001412           0     0.00153   0.0001175  HS65_LS_SDFPHQX9
datapath_module/reg_file_module/reg_memory_reg[24][13]1615   0.001412           0     0.00153   0.0001175  HS65_LS_SDFPHQX9
datapath_module/reg_file_module/reg_memory_reg[24][15]1617   0.001412           0     0.00153   0.0001174  HS65_LS_SDFPHQX9
datapath_module/reg_file_module/reg_memory_reg[24][14]1616   0.001412           0     0.00153   0.0001174  HS65_LS_SDFPHQX9
datapath_module/reg_file_module/reg_memory_reg[24][16]1618   0.001412           0     0.00153   0.0001174  HS65_LS_SDFPHQX9
datapath_module/reg_file_module/reg_memory_reg[24][17]1619   0.001412           0     0.00153   0.0001174  HS65_LS_SDFPHQX9
datapath_module/reg_file_module/reg_memory_reg[2][20]214   0.001412           0    0.001529   0.0001174  HS65_LS_SDFPHQX9
datapath_module/reg_file_module/reg_memory_reg[2][9]203   0.001412           0    0.001529   0.0001174  HS65_LS_SDFPHQX9
datapath_module/reg_file_module/reg_memory_reg[2][8]202   0.001412           0    0.001529   0.0001174  HS65_LS_SDFPHQX9
datapath_module/reg_file_module/reg_memory_reg[0][6]104   0.001412           0    0.001529   0.0001174  HS65_LS_SDFPHQX9
datapath_module/reg_file_module/reg_memory_reg[2][7]201   0.001412           0    0.001529   0.0001174  HS65_LS_SDFPHQX9
datapath_module/reg_file_module/reg_memory_reg[2][18]212   0.001412           0    0.001529   0.0001174  HS65_LS_SDFPHQX9
datapath_module/reg_file_module/reg_memory_reg[2][13]207   0.001412           0    0.001529   0.0001174  HS65_LS_SDFPHQX9
datapath_module/reg_file_module/reg_memory_reg[2][19]213   0.001412           0    0.001529   0.0001174  HS65_LS_SDFPHQX9
datapath_module/reg_file_module/reg_memory_reg[2][24]218   0.001412           0    0.001529   0.0001174  HS65_LS_SDFPHQX9
datapath_module/reg_file_module/reg_memory_reg[2][16]210   0.001412           0    0.001529   0.0001174  HS65_LS_SDFPHQX9
datapath_module/reg_file_module/reg_memory_reg[2][17]211   0.001412           0    0.001529   0.0001174  HS65_LS_SDFPHQX9
datapath_module/reg_file_module/reg_memory_reg[2][15]209   0.001412           0    0.001529   0.0001174  HS65_LS_SDFPHQX9
datapath_module/reg_file_module/reg_memory_reg[2][14]208   0.001412           0    0.001529   0.0001174  HS65_LS_SDFPHQX9
datapath_module/reg_file_module/reg_memory_reg[0][20]118   0.001411           0    0.001529   0.0001174  HS65_LS_SDFPHQX9
datapath_module/reg_file_module/reg_memory_reg[2][0]194   0.001411           0    0.001529   0.0001175  HS65_LS_SDFPHQX9
datapath_module/reg_file_module/reg_memory_reg[2][10]204   0.001411           0    0.001529   0.0001174  HS65_LS_SDFPHQX9
datapath_module/reg_file_module/reg_memory_reg[0][7]105   0.001411           0    0.001529   0.0001174  HS65_LS_SDFPHQX9
datapath_module/reg_file_module/reg_memory_reg[0][31]129   0.001411           0    0.001529   0.0001174  HS65_LS_SDFPHQX9
datapath_module/reg_file_module/reg_memory_reg[2][30]224   0.001411           0    0.001529   0.0001174  HS65_LS_SDFPHQX9
datapath_module/reg_file_module/reg_memory_reg[0][16]114   0.001411           0    0.001529   0.0001174  HS65_LS_SDFPHQX9
datapath_module/reg_file_module/reg_memory_reg[2][29]223   0.001411           0    0.001529   0.0001174  HS65_LS_SDFPHQX9
datapath_module/reg_file_module/reg_memory_reg[0][13]111   0.001411           0    0.001529   0.0001174  HS65_LS_SDFPHQX9
datapath_module/reg_file_module/reg_memory_reg[0][15]113   0.001411           0    0.001529   0.0001174  HS65_LS_SDFPHQX9
datapath_module/reg_file_module/reg_memory_reg[0][12]110   0.001411           0    0.001529   0.0001174  HS65_LS_SDFPHQX9
datapath_module/reg_file_module/reg_memory_reg[0][17]115   0.001411           0    0.001529   0.0001174  HS65_LS_SDFPHQX9
datapath_module/reg_file_module/reg_memory_reg[0][11]109   0.001411           0    0.001529   0.0001174  HS65_LS_SDFPHQX9
datapath_module/reg_file_module/reg_memory_reg[0][14]112   0.001411           0    0.001529   0.0001174  HS65_LS_SDFPHQX9
datapath_module/reg_file_module/reg_memory_reg[10][5]711   0.001411           0    0.001528   0.0001175  HS65_LS_SDFPHQX9
datapath_module/reg_file_module/reg_memory_reg[2][5]199   0.001411           0    0.001528   0.0001175  HS65_LS_SDFPHQX9
datapath_module/reg_file_module/reg_memory_reg[2][4]198   0.001411           0    0.001528   0.0001175  HS65_LS_SDFPHQX9
datapath_module/reg_file_module/reg_memory_reg[10][4]710    0.00141           0    0.001528   0.0001175  HS65_LS_SDFPHQX9
datapath_module/reg_file_module/reg_memory_reg[0][0]98    0.00141           0    0.001527   0.0001175  HS65_LS_SDFPHQX9
datapath_module/reg_file_module/reg_memory_reg[8][2]580    0.00141           0    0.001527   0.0001175  HS65_LS_SDFPHQX9
datapath_module/reg_file_module/reg_memory_reg[8][4]582    0.00141           0    0.001527   0.0001175  HS65_LS_SDFPHQX9
datapath_module/reg_file_module/reg_memory_reg[8][1]579    0.00141           0    0.001527   0.0001175  HS65_LS_SDFPHQX9
datapath_module/reg_file_module/reg_memory_reg[8][3]581    0.00141           0    0.001527   0.0001174  HS65_LS_SDFPHQX9
datapath_module/reg_file_module/reg_memory_reg[10][10]716   0.001409           0    0.001527   0.0001174  HS65_LS_SDFPHQX9
datapath_module/reg_file_module/reg_memory_reg[10][9]715   0.001409           0    0.001526   0.0001174  HS65_LS_SDFPHQX9
datapath_module/reg_file_module/reg_memory_reg[10][28]734   0.001409           0    0.001526   0.0001174  HS65_LS_SDFPHQX9
datapath_module/reg_file_module/reg_memory_reg[8][6]584   0.001409           0    0.001526   0.0001174  HS65_LS_SDFPHQX9
datapath_module/reg_file_module/reg_memory_reg[10][15]721   0.001409           0    0.001526   0.0001174  HS65_LS_SDFPHQX9
datapath_module/reg_file_module/reg_memory_reg[10][2]708   0.001409           0    0.001526   0.0001175  HS65_LS_SDFPHQX9
datapath_module/reg_file_module/reg_memory_reg[10][14]720   0.001409           0    0.001526   0.0001174  HS65_LS_SDFPHQX9
datapath_module/reg_file_module/reg_memory_reg[10][1]707   0.001409           0    0.001526   0.0001175  HS65_LS_SDFPHQX9
datapath_module/reg_file_module/reg_memory_reg[10][3]709   0.001409           0    0.001526   0.0001174  HS65_LS_SDFPHQX9
datapath_module/reg_file_module/reg_memory_reg[8][19]597   0.001409           0    0.001526   0.0001174  HS65_LS_SDFPHQX9
datapath_module/reg_file_module/reg_memory_reg[8][20]598   0.001408           0    0.001526   0.0001174  HS65_LS_SDFPHQX9
datapath_module/reg_file_module/reg_memory_reg[8][7]585   0.001408           0    0.001526   0.0001174  HS65_LS_SDFPHQX9
datapath_module/reg_file_module/reg_memory_reg[8][8]586   0.001408           0    0.001526   0.0001174  HS65_LS_SDFPHQX9
datapath_module/reg_file_module/reg_memory_reg[8][15]593   0.001408           0    0.001526   0.0001174  HS65_LS_SDFPHQX9
datapath_module/reg_file_module/reg_memory_reg[8][12]590   0.001408           0    0.001526   0.0001174  HS65_LS_SDFPHQX9
datapath_module/reg_file_module/reg_memory_reg[8][14]592   0.001408           0    0.001526   0.0001174  HS65_LS_SDFPHQX9
datapath_module/reg_file_module/reg_memory_reg[8][16]594   0.001408           0    0.001526   0.0001174  HS65_LS_SDFPHQX9
datapath_module/reg_file_module/reg_memory_reg[8][18]596   0.001408           0    0.001526   0.0001174  HS65_LS_SDFPHQX9
datapath_module/reg_file_module/reg_memory_reg[8][13]591   0.001408           0    0.001526   0.0001174  HS65_LS_SDFPHQX9
datapath_module/reg_file_module/reg_memory_reg[8][17]595   0.001408           0    0.001526   0.0001174  HS65_LS_SDFPHQX9
datapath_module/reg_file_module/reg_memory_reg[0][29]127   0.001408           0    0.001525   0.0001174  HS65_LS_SDFPHQX9
datapath_module/reg_file_module/reg_memory_reg[0][30]128   0.001408           0    0.001525   0.0001174  HS65_LS_SDFPHQX9
datapath_module/reg_file_module/reg_memory_reg[0][19]117   0.001408           0    0.001525   0.0001174  HS65_LS_SDFPHQX9
datapath_module/reg_file_module/reg_memory_reg[0][10]108   0.001408           0    0.001525   0.0001174  HS65_LS_SDFPHQX9
datapath_module/reg_file_module/reg_memory_reg[10][6]712   0.001408           0    0.001525   0.0001174  HS65_LS_SDFPHQX9
datapath_module/reg_file_module/reg_memory_reg[0][8]106   0.001408           0    0.001525   0.0001174  HS65_LS_SDFPHQX9
datapath_module/reg_file_module/reg_memory_reg[0][18]116   0.001408           0    0.001525   0.0001174  HS65_LS_SDFPHQX9
datapath_module/reg_file_module/reg_memory_reg[0][9]107   0.001408           0    0.001525   0.0001174  HS65_LS_SDFPHQX9
datapath_module/reg_file_module/reg_memory_reg[8][5]583   0.001407           0    0.001525   0.0001175  HS65_LS_SDFPHQX9
datapath_module/reg_file_module/reg_memory_reg[10][0]706   0.001407           0    0.001525   0.0001175  HS65_LS_SDFPHQX9
datapath_module/reg_file_module/reg_memory_reg[10][30]736   0.001407           0    0.001524   0.0001174  HS65_LS_SDFPHQX9
datapath_module/reg_file_module/reg_memory_reg[10][29]735   0.001407           0    0.001524   0.0001174  HS65_LS_SDFPHQX9
datapath_module/reg_file_module/reg_memory_reg[10][31]737   0.001407           0    0.001524   0.0001174  HS65_LS_SDFPHQX9
datapath_module/reg_file_module/reg_memory_reg[8][31]609   0.001405           0    0.001523   0.0001174  HS65_LS_SDFPHQX9
datapath_module/reg_file_module/reg_memory_reg[8][30]608   0.001405           0    0.001523   0.0001174  HS65_LS_SDFPHQX9
datapath_module/reg_file_module/reg_memory_reg[8][11]589   0.001405           0    0.001522   0.0001174  HS65_LS_SDFPHQX9
datapath_module/reg_file_module/reg_memory_reg[8][10]588   0.001405           0    0.001522   0.0001174  HS65_LS_SDFPHQX9
datapath_module/reg_file_module/reg_memory_reg[8][25]603   0.001405           0    0.001522   0.0001174  HS65_LS_SDFPHQX9
datapath_module/reg_file_module/reg_memory_reg[8][9]587   0.001405           0    0.001522   0.0001174  HS65_LS_SDFPHQX9
datapath_module/reg_file_module/reg_memory_reg[8][24]602   0.001405           0    0.001522   0.0001174  HS65_LS_SDFPHQX9
datapath_module/reg_file_module/reg_memory_reg[10][21]727   0.001404           0    0.001521   0.0001174  HS65_LS_SDFPHQX9
datapath_module/reg_file_module/reg_memory_reg[10][22]728   0.001404           0    0.001521   0.0001174  HS65_LS_SDFPHQX9
datapath_module/reg_file_module/reg_memory_reg[26][4]1734   0.001402           0    0.001519   0.0001175  HS65_LS_SDFPHQX9
datapath_module/reg_file_module/reg_memory_reg[11][4]774   0.001402           0    0.001519   0.0001175  HS65_LS_SDFPHQX9
datapath_module/reg_file_module/reg_memory_reg[26][10]1740     0.0014           0    0.001518   0.0001175  HS65_LS_SDFPHQX9
datapath_module/reg_file_module/reg_memory_reg[11][30]800   0.001399           0    0.001517   0.0001175  HS65_LS_SDFPHQX9
datapath_module/reg_file_module/reg_memory_reg[11][28]798   0.001399           0    0.001517   0.0001175  HS65_LS_SDFPHQX9
datapath_module/reg_file_module/reg_memory_reg[11][29]799   0.001399           0    0.001517   0.0001175  HS65_LS_SDFPHQX9
datapath_module/reg_file_module/reg_memory_reg[10][13]719   0.001389           0    0.001507   0.0001174  HS65_LS_SDFPHQX9
datapath_module/reg_file_module/reg_memory_reg[10][11]717   0.001389           0    0.001507   0.0001174  HS65_LS_SDFPHQX9
IFU_module/g552                  0.00139   1.835e-05    0.001454   4.612e-05  HS65_LS_IVX18
IFU_module/PC_reg[2]            0.001187   0.0001557     0.00143   8.762e-05  HS65_LS_SDFPRQX4
datapath_module/alu_module/g7006  0.0001418    0.001209    0.001405   5.391e-05  HS65_LS_AND2ABX18
datapath_module/alu_module/mul_44_34/FE_OFC34_n_405  0.0001535    0.001209    0.001395   3.315e-05  HS65_LS_BFX9
datapath_module/alu_module/FE_DBTC4_read_data2_5  5.193e-05    0.001266    0.001344   2.554e-05  HS65_LS_IVX9
IFU_module/PC_reg[4]            0.001195   4.591e-05    0.001329   8.762e-05  HS65_LS_SDFPRQX4
datapath_module/reg_file_module/g5136  0.0001278    0.001149    0.001325   4.901e-05  HS65_LS_AND2ABX18
datapath_module/reg_file_module/g5137  0.0001296    0.001141     0.00132   4.901e-05  HS65_LS_AND2ABX18
datapath_module/alu_module/mul_44_34/g12663  8.623e-05    0.001182    0.001287   1.916e-05  HS65_LS_IVX9
datapath_module/reg_file_module/g5116    0.00011    0.001128    0.001286   4.817e-05  HS65_LS_AND2ABX18
datapath_module/reg_file_module/g5128  0.0001261     0.00111    0.001285   4.883e-05  HS65_LS_AND2ABX18
datapath_module/reg_file_module/g5122  0.0001087    0.001102    0.001259   4.817e-05  HS65_LS_AND2ABX18
datapath_module/reg_file_module/g5108  0.0001116    0.001044    0.001204   4.834e-05  HS65_LS_AND2ABX18
datapath_module/alu_module/mul_44_34/FE_OFC32_n_405  5.471e-05    0.001102    0.001185   2.812e-05  HS65_LS_IVX9
datapath_module/reg_file_module/g5127  0.0001242   0.0009932    0.001166   4.883e-05  HS65_LS_AND2ABX18
datapath_module/alu_module/mul_44_34/FE_OFC30_n_0    0.00011     0.00103    0.001164    2.39e-05  HS65_LS_IVX9
datapath_module/reg_file_module/g21182  0.0001354   0.0009091    0.001102   5.782e-05  HS65_LS_NAND4X9
datapath_module/alu_module/mul_44_34/g12774  0.0005638    0.000408    0.001048    7.63e-05  HS65_LS_FA1X9
datapath_module/alu_module/mul_44_34/g12773  0.0005639   0.0004047    0.001045    7.63e-05  HS65_LS_FA1X9
datapath_module/reg_file_module/g21180  0.0001063   0.0008498    0.001038   8.163e-05  HS65_LS_OR4X7
datapath_module/alu_module/mul_44_34/g12769  0.0005683   0.0003921    0.001037   7.632e-05  HS65_LS_FA1X9
datapath_module/alu_module/mul_44_34/g12770  0.0005692   0.0003798    0.001026   7.662e-05  HS65_LS_FA1X9
datapath_module/reg_file_module/g21178  0.0001182   0.0008178    0.001015   7.889e-05  HS65_LS_OR4X7
datapath_module/reg_file_module/g21177   6.87e-05   0.0009033    0.001004   3.211e-05  HS65_LS_NAND3X6
datapath_module/alu_module/mul_44_34/g12772   0.000564   0.0003536    0.000994    7.63e-05  HS65_LS_FA1X9
datapath_module/reg_file_module/g5109  0.0001127   0.0008316   0.0009926   4.834e-05  HS65_LS_AND2ABX18
datapath_module/alu_module/mul_44_34/g12777  0.0005644   0.0003489   0.0009896    7.63e-05  HS65_LS_FA1X9
datapath_module/alu_module/mul_44_34/g12745  0.0002375   0.0006951   0.0009818   4.932e-05  HS65_LSS_XOR2X6
datapath_module/alu_module/g7007  7.138e-05   0.0008805   0.0009775    2.56e-05  HS65_LS_AND2X9
datapath_module/alu_module/mul_44_34/g12767  0.0005636   0.0003187   0.0009586    7.63e-05  HS65_LS_FA1X9
datapath_module/alu_module/g7008  7.128e-05   0.0008522   0.0009491    2.56e-05  HS65_LS_AND2X9
datapath_module/alu_module/mul_44_34/g12768  0.0005631   0.0003002   0.0009395   7.628e-05  HS65_LS_FA1X9
datapath_module/alu_module/g6874   6.75e-05   0.0008484   0.0009373   2.138e-05  HS65_LS_AND3X9
datapath_module/alu_module/mul_44_34/g12783  0.0004149   0.0004592   0.0009228   4.864e-05  HS65_LS_FA1X4
datapath_module/alu_module/mul_44_34/g11771  0.0004109   0.0004603   0.0009214   5.016e-05  HS65_LS_FA1X4
datapath_module/alu_module/mul_44_34/g11617  0.0004264   0.0004322   0.0009082   4.953e-05  HS65_LS_FA1X4
datapath_module/alu_module/mul_44_34/g12775  0.0005643   0.0002579   0.0008985    7.63e-05  HS65_LS_FA1X9
datapath_module/alu_module/mul_44_34/g12776  0.0005644   0.0002528   0.0008935    7.63e-05  HS65_LS_FA1X9
datapath_module/alu_module/mul_44_34/g12771  0.0004748   0.0003019   0.0008545   7.786e-05  HS65_LS_FA1X9
datapath_module/alu_module/mul_44_34/g11745   0.000346    0.000444    0.000839   4.912e-05  HS65_LS_FA1X4
datapath_module/alu_module/mul_44_34/g11681   0.000553   0.0002281   0.0008305   4.944e-05  HS65_LSS_XOR2X6
datapath_module/alu_module/mul_44_34/FE_OFC47_n_66  3.299e-05   0.0007777   0.0008242   1.354e-05  HS65_LS_IVX9
datapath_module/alu_module/mul_44_34/g11632  0.0004578   0.0003119   0.0008189   4.915e-05  HS65_LS_FA1X4
datapath_module/reg_file_module/g5135  8.637e-05   0.0006826   0.0008164   4.744e-05  HS65_LS_AND2ABX18
datapath_module/alu_module/mul_44_34/g11662  0.0004727   0.0002904   0.0008125   4.939e-05  HS65_LS_FA1X4
datapath_module/alu_module/mul_44_34/g12781  0.0003631   0.0003994   0.0008108   4.832e-05  HS65_LS_FA1X4
datapath_module/reg_file_module/g5130    8.4e-05   0.0006701   0.0008014   4.729e-05  HS65_LS_AND2ABX18
datapath_module/alu_module/g6871  6.733e-05   0.0007076   0.0007963   2.138e-05  HS65_LS_AND3X9
datapath_module/reg_file_module/g5112  7.285e-05   0.0006569   0.0007766    4.69e-05  HS65_LS_AND2ABX18
datapath_module/reg_file_module/FE_RC_20_0  9.069e-05   0.0006368   0.0007762   4.867e-05  HS65_LS_OR3X9
datapath_module/alu_module/sub_35_34/g936  0.0004311   0.0002879   0.0007706   5.158e-05  HS65_LS_FA1X4
datapath_module/alu_module/mul_44_34/g12782  0.0003703   0.0003444    0.000763   4.831e-05  HS65_LS_FA1X4
datapath_module/alu_module/mul_44_34/g11624  0.0003822   0.0003309    0.000762    4.89e-05  HS65_LS_FA1X4
datapath_module/reg_file_module/g5148  0.0001281   0.0005979   0.0007578   3.176e-05  HS65_LS_NAND2AX7
datapath_module/alu_module/mul_44_34/g12766   0.000374   0.0003284   0.0007508    4.84e-05  HS65_LS_FA1X4
datapath_module/alu_module/sub_35_34/g924  0.0003757   0.0003131   0.0007421   5.325e-05  HS65_LS_FA1X4
datapath_module/alu_module/mul_44_34/g11724   0.000369   0.0003222   0.0007404   4.914e-05  HS65_LS_FA1X4
datapath_module/alu_module/mul_44_34/g11622  0.0003053    0.000387   0.0007403   4.799e-05  HS65_LS_FA1X4
datapath_module/alu_module/mul_44_34/g11693  0.0003667   0.0003211    0.000737   4.918e-05  HS65_LS_FA1X4
datapath_module/alu_module/sub_35_34/g940  0.0004103   0.0002675   0.0007299   5.208e-05  HS65_LS_FA1X4
datapath_module/alu_module/mul_44_34/g11630  0.0003054    0.000375   0.0007284   4.799e-05  HS65_LS_FA1X4
datapath_module/alu_module/mul_44_34/g12780  0.0003769   0.0002989   0.0007243   4.844e-05  HS65_LS_FA1X4
datapath_module/alu_module/sub_35_34/g938   0.000434    0.000238   0.0007235   5.155e-05  HS65_LS_FA1X4
datapath_module/alu_module/mul_44_34/g11614  0.0003052   0.0003649   0.0007181   4.799e-05  HS65_LS_FA1X4
datapath_module/alu_module/mul_44_34/g12779  0.0003749   0.0002937    0.000717    4.84e-05  HS65_LS_FA1X4
datapath_module/alu_module/mul_44_34/g11558  0.0003035   0.0003651   0.0007167   4.812e-05  HS65_LS_FA1X4
datapath_module/alu_module/mul_44_34/g12778  0.0003743   0.0002939   0.0007166    4.84e-05  HS65_LS_FA1X4
datapath_module/alu_module/sub_35_34/g890  0.0003778   0.0002842   0.0007165   5.445e-05  HS65_LS_FA1X4
datapath_module/alu_module/mul_44_34/g11586  0.0003076   0.0003604   0.0007162   4.816e-05  HS65_LS_FA1X4
datapath_module/alu_module/mul_44_34/g12784  0.0004146    0.000252   0.0007159   4.924e-05  HS65_LS_FA1X4
IFU_module/instr_mem/g686      0.0001406    0.000533   0.0007155   4.194e-05  HS65_LS_OR2X9
datapath_module/reg_file_module/g5107  7.483e-05   0.0005931   0.0007149   4.703e-05  HS65_LS_AND2ABX18
datapath_module/alu_module/mul_44_34/g11604  0.0003054   0.0003611   0.0007144   4.799e-05  HS65_LS_FA1X4
datapath_module/alu_module/mul_44_34/g11650  0.0004308   0.0002342   0.0007144   4.931e-05  HS65_LS_FA1X4
datapath_module/alu_module/mul_44_34/g11595  0.0003076   0.0003579   0.0007137   4.816e-05  HS65_LS_FA1X4
datapath_module/alu_module/mul_44_34/g11551  0.0003053   0.0003552   0.0007085   4.799e-05  HS65_LS_FA1X4
datapath_module/alu_module/mul_44_34/g11715  0.0003122    0.000346    0.000707   4.881e-05  HS65_LS_FA1X4
datapath_module/alu_module/sub_35_34/g896  0.0003778   0.0002701   0.0007024   5.445e-05  HS65_LS_FA1X4
datapath_module/alu_module/mul_44_34/g11685  0.0003396   0.0003131   0.0007019   4.925e-05  HS65_LS_FA1X4
datapath_module/reg_file_module/g5154  8.339e-05   0.0005886   0.0006991   2.707e-05  HS65_LS_NAND2X7
datapath_module/alu_module/sub_35_34/g904  0.0003778   0.0002616   0.0006939   5.445e-05  HS65_LS_FA1X4
datapath_module/alu_module/mul_44_34/g11648  0.0003054   0.0003389   0.0006923   4.799e-05  HS65_LS_FA1X4
datapath_module/alu_module/mul_44_34/g11518  0.0002904   0.0003483    0.000692   5.327e-05  HS65_LSS_XNOR2X6
datapath_module/alu_module/sub_35_34/g912  0.0003758   0.0002629   0.0006919   5.325e-05  HS65_LS_FA1X4
datapath_module/alu_module/mul_44_34/g11568  0.0002973   0.0003462   0.0006916   4.809e-05  HS65_LS_FA1X4
datapath_module/alu_module/mul_44_34/g11638  0.0003054   0.0003374   0.0006907   4.799e-05  HS65_LS_FA1X4
datapath_module/alu_module/sub_35_34/g902  0.0003779   0.0002561   0.0006885   5.445e-05  HS65_LS_FA1X4
datapath_module/alu_module/sub_35_34/g908  0.0003759   0.0002591   0.0006883   5.325e-05  HS65_LS_FA1X4
datapath_module/alu_module/sub_35_34/g888   0.000378   0.0002553   0.0006877   5.445e-05  HS65_LS_FA1X4
datapath_module/alu_module/sub_35_34/g910  0.0003758   0.0002516   0.0006806   5.325e-05  HS65_LS_FA1X4
datapath_module/alu_module/sub_35_34/g898  0.0003779   0.0002447    0.000677   5.445e-05  HS65_LS_FA1X4
datapath_module/alu_module/sub_35_34/g932  0.0003759   0.0002472   0.0006763   5.325e-05  HS65_LS_FA1X4
datapath_module/alu_module/sub_35_34/g886  0.0003779   0.0002432   0.0006755   5.445e-05  HS65_LS_FA1X4
datapath_module/alu_module/sub_35_34/g906  0.0003758   0.0002447   0.0006738   5.325e-05  HS65_LS_FA1X4
datapath_module/alu_module/sub_35_34/g894  0.0003778   0.0002405   0.0006728   5.445e-05  HS65_LS_FA1X4
datapath_module/alu_module/sub_35_34/g928  0.0003757   0.0002428   0.0006718   5.325e-05  HS65_LS_FA1X4
datapath_module/alu_module/mul_44_34/g11544  0.0003054   0.0003173   0.0006707   4.799e-05  HS65_LS_FA1X4
datapath_module/alu_module/sub_35_34/g916  0.0003757   0.0002412   0.0006702   5.325e-05  HS65_LS_FA1X4
datapath_module/alu_module/sub_35_34/g934  0.0003759   0.0002402   0.0006694   5.325e-05  HS65_LS_FA1X4
datapath_module/alu_module/sub_35_34/g892  0.0003779   0.0002338   0.0006661   5.445e-05  HS65_LS_FA1X4
datapath_module/alu_module/sub_35_34/g926  0.0003758   0.0002356   0.0006647   5.325e-05  HS65_LS_FA1X4
datapath_module/alu_module/sub_35_34/g900  0.0003778   0.0002302   0.0006625   5.445e-05  HS65_LS_FA1X4
datapath_module/alu_module/sub_35_34/g920  0.0003757   0.0002333   0.0006623   5.325e-05  HS65_LS_FA1X4
datapath_module/alu_module/sub_35_34/g942  0.0003455   0.0002599    0.000657   5.157e-05  HS65_LS_FA1X4
datapath_module/alu_module/sub_35_34/g918  0.0003758   0.0002263   0.0006553   5.325e-05  HS65_LS_FA1X4
datapath_module/alu_module/mul_44_34/g11659  0.0003231   0.0002819   0.0006533   4.828e-05  HS65_LS_FA1X4
datapath_module/alu_module/mul_44_34/g11658  0.0003076   0.0002975   0.0006533   4.816e-05  HS65_LS_FA1X4
datapath_module/alu_module/sub_35_34/g930  0.0003758   0.0002235   0.0006526   5.325e-05  HS65_LS_FA1X4
datapath_module/alu_module/sub_35_34/g922  0.0003761   0.0002226   0.0006519   5.325e-05  HS65_LS_FA1X4
datapath_module/alu_module/mul_44_34/g11691  0.0003234    0.000279   0.0006517   4.936e-05  HS65_LS_FA1X4
datapath_module/alu_module/sub_35_34/g914  0.0003759    0.000222   0.0006511   5.325e-05  HS65_LS_FA1X4
datapath_module/alu_module/mul_44_34/g11730  0.0003938    0.000199   0.0006421   4.928e-05  HS65_LSS_XOR2X6
datapath_module/alu_module/mul_44_34/g11578  0.0002763   0.0003032   0.0006278   4.835e-05  HS65_LS_FA1X4
datapath_module/alu_module/sll_42_34/g2878  8.313e-05   0.0005238   0.0006274   2.038e-05  HS65_LS_AND2X4
datapath_module/alu_module/mul_44_34/g11793   0.000205   0.0003731   0.0006262   4.809e-05  HS65_LS_FA1X4
IFU_module/FE_OFC37_n_18       2.998e-05   0.0005633   0.0006152   2.193e-05  HS65_LS_IVX9
datapath_module/alu_module/mul_44_34/g11669  0.0003006   0.0002647   0.0006144    4.91e-05  HS65_LS_FA1X4
datapath_module/alu_module/mul_44_34/g11539  0.0003054   0.0002593   0.0006126   4.799e-05  HS65_LS_FA1X4
datapath_module/alu_module/sll_42_34/g2894  0.0001238   0.0004576   0.0006082   2.681e-05  HS65_LS_IVX9
datapath_module/alu_module/mul_44_34/FE_OFC48_n_66  5.029e-05    0.000523   0.0006037   3.033e-05  HS65_LS_IVX9
IFU_module/instr_mem/g723      0.0001347   0.0004092   0.0005843   4.049e-05  HS65_LS_AO22X9
datapath_module/alu_module/mul_44_34/g11790  0.0002228   0.0002828   0.0005534   4.782e-05  HS65_LS_FA1X4
datapath_module/alu_module/FE_DBTC3_n_30  2.567e-05   0.0004954   0.0005511   3.003e-05  HS65_LS_IVX9
datapath_module/alu_module/mul_44_34/g11706  0.0003297   0.0001722   0.0005493   4.744e-05  HS65_LSS_XOR2X6
datapath_module/alu_module/sll_42_34/g2817  0.0001332   0.0003939   0.0005485    2.13e-05  HS65_LS_AO32X4
datapath_module/alu_module/mul_44_34/g11731  0.0003084   0.0001872   0.0005415   4.595e-05  HS65_LSS_XOR2X6
datapath_module/alu_module/sll_42_34/g2896  9.872e-05   0.0004112   0.0005385   2.857e-05  HS65_LS_IVX9
datapath_module/alu_module/srl_43_34/g3051  8.957e-05   0.0004157   0.0005301   2.478e-05  HS65_LS_NAND2X7
IFU_module/FE_OFC44_instruction_code_21   3.53e-05   0.0004697    0.000527   2.193e-05  HS65_LS_IVX9
datapath_module/alu_module/mul_44_34/g11783  0.0002571   0.0002171   0.0005223   4.809e-05  HS65_LS_FA1X4
datapath_module/alu_module/mul_44_34/g11716  0.0003046   0.0001678   0.0005207   4.836e-05  HS65_LS_FA1X4
datapath_module/alu_module/FE_OFC29_read_data1_2  7.243e-05   0.0004295   0.0005205    1.86e-05  HS65_LS_BFX4
datapath_module/alu_module/mul_44_34/g11708  0.0002446   0.0002222   0.0005085   4.173e-05  HS65_LSS_XNOR2X6
datapath_module/alu_module/mul_44_34/g11744  0.0002983   0.0001581   0.0005057   4.925e-05  HS65_LS_FA1X4
datapath_module/alu_module/mul_44_34/FE_RC_43_0  0.0002305   0.0002252   0.0005031   4.743e-05  HS65_LSS_XOR2X6
datapath_module/alu_module/mul_44_34/g12748  0.0002554   0.0002016    0.000503   4.604e-05  HS65_LSS_XOR3X2
datapath_module/alu_module/sll_42_34/g2884  0.0001029   0.0003686   0.0004907   1.913e-05  HS65_LS_AND2X4
datapath_module/alu_module/sll_42_34/g2882  6.955e-05   0.0004053   0.0004899     1.5e-05  HS65_LS_AND2X4
datapath_module/alu_module/mul_44_34/FE_RC_48_0  0.0002417   0.0002003   0.0004829   4.086e-05  HS65_LSS_XNOR2X6
datapath_module/alu_module/mul_44_34/g12146  0.0002106   0.0002343   0.0004805   3.558e-05  HS65_LS_AO22X9
datapath_module/alu_module/srl_43_34/g3106  9.398e-05   0.0003567    0.000477   2.628e-05  HS65_LS_IVX9
datapath_module/alu_module/mul_44_34/g11755  0.0002885   0.0001405   0.0004766   4.764e-05  HS65_LSS_XOR2X6
datapath_module/alu_module/sll_42_34/FE_RC_27_0  9.735e-05   0.0003619   0.0004765   1.729e-05  HS65_LS_AND2X4
datapath_module/reg_file_module/g21122  5.379e-05   0.0003981   0.0004759   2.407e-05  HS65_LS_NAND3X5
IFU_module/instr_mem/g683      6.402e-05   0.0003848   0.0004742   2.531e-05  HS65_LS_NAND2X7
datapath_module/reg_file_module/g5146  0.0001179   0.0003142   0.0004708   3.868e-05  HS65_LS_OR2X9
datapath_module/alu_module/mul_44_34/g12765  0.0002262    0.000204   0.0004647   3.443e-05  HS65_LS_AO22X9
datapath_module/alu_module/sll_42_34/FE_DBTC10_read_data2_1   9.42e-05   0.0003423   0.0004627   2.628e-05  HS65_LS_IVX9
datapath_module/alu_module/mul_44_34/g11815  0.0002348   0.0001824   0.0004619   4.476e-05  HS65_LSS_XNOR2X6
datapath_module/alu_module/mul_44_34/g11797  0.0002369   0.0001751   0.0004597   4.772e-05  HS65_LS_FA1X4
datapath_module/alu_module/mul_44_34/g11535  0.0001927   0.0002034   0.0004575   6.147e-05  HS65_LSS_XNOR2X6
datapath_module/alu_module/mul_44_34/g11629  0.0002126   0.0001953   0.0004554   4.742e-05  HS65_LS_FA1X4
datapath_module/alu_module/mul_44_34/g11687  0.0002379   0.0001654   0.0004485   4.526e-05  HS65_LSS_XNOR2X6
datapath_module/alu_module/mul_44_34/g2  0.0002802   0.0001198   0.0004481   4.819e-05  HS65_LSS_XOR2X6
datapath_module/alu_module/mul_44_34/g11700  0.0002743   0.0001235   0.0004477   4.982e-05  HS65_LSS_XOR2X6
datapath_module/alu_module/g6795  0.0002331   0.0001711   0.0004453    4.11e-05  HS65_LS_OR4X4
datapath_module/alu_module/mul_44_34/g11856  0.0002175   0.0001863   0.0004425   3.868e-05  HS65_LS_HA1X4
control_module/alu_control_reg[0]  0.0002431   0.0001387   0.0004388   5.702e-05  HS65_LS_LDLQX9
IFU_module/instr_mem/g684      0.0001088   0.0002945   0.0004371   3.385e-05  HS65_LS_OAI212X5
datapath_module/alu_module/mul_44_34/g12750  0.0002228   0.0001732   0.0004362   4.016e-05  HS65_LSS_XOR3X2
datapath_module/alu_module/mul_44_34/g11565  0.0002126   0.0001757   0.0004357   4.742e-05  HS65_LS_FA1X4
datapath_module/alu_module/mul_44_34/g12131  0.0001508   0.0002467   0.0004334    3.59e-05  HS65_LS_AOI22X6
datapath_module/alu_module/mul_44_34/g11809  0.0002088   0.0001736     0.00043   4.764e-05  HS65_LS_FA1X4
datapath_module/alu_module/mul_44_34/g11698  0.0002053   0.0001747   0.0004281   4.809e-05  HS65_LS_FA1X4
datapath_module/alu_module/mul_44_34/FE_OFC33_n_405  6.486e-05   0.0003506   0.0004277   1.227e-05  HS65_LS_IVX7
datapath_module/alu_module/mul_44_34/g11728  0.0002052   0.0001743   0.0004276   4.809e-05  HS65_LS_FA1X4
datapath_module/alu_module/mul_44_34/g11574  0.0002051   0.0001734   0.0004266   4.809e-05  HS65_LS_FA1X4
datapath_module/reg_file_module/g5138  3.525e-05   0.0003464   0.0004259   4.427e-05  HS65_LS_AND2ABX18
datapath_module/alu_module/g6796  0.0002661   0.0001153   0.0004239   4.245e-05  HS65_LS_OR4X4
datapath_module/alu_module/mul_44_34/g11600  0.0002054   0.0001699   0.0004233   4.809e-05  HS65_LS_FA1X4
datapath_module/alu_module/mul_44_34/g11741  0.0002052   0.0001696    0.000423   4.809e-05  HS65_LS_FA1X4
control_module/alu_control_reg[1]  0.0002457   0.0001187   0.0004222   5.775e-05  HS65_LS_LDLQX9
control_module/alu_control_reg[2]  0.0002426   0.0001225   0.0004216   5.647e-05  HS65_LS_LDLQX9
datapath_module/alu_module/mul_44_34/g11634  0.0002126   0.0001615   0.0004215   4.742e-05  HS65_LS_FA1X4
datapath_module/alu_module/mul_44_34/g11818  0.0001163   0.0002356   0.0004202   6.838e-05  HS65_LSS_XNOR2X6
datapath_module/alu_module/mul_44_34/g11611  0.0002125    0.000158    0.000418   4.742e-05  HS65_LS_FA1X4
datapath_module/alu_module/g6794  0.0001913   0.0001865   0.0004176   3.977e-05  HS65_LS_OR4X4
datapath_module/alu_module/add_34_34/g775  0.0002502   0.0001127   0.0004129   4.994e-05  HS65_LS_FA1X4
datapath_module/alu_module/mul_44_34/g11582   0.000205   0.0001566   0.0004098   4.809e-05  HS65_LS_FA1X4
datapath_module/alu_module/mul_44_34/FE_RC_44_0  0.0001968   0.0001709   0.0004085   4.086e-05  HS65_LSS_XNOR2X6
datapath_module/alu_module/mul_44_34/g11676  0.0002054   0.0001534   0.0004069   4.809e-05  HS65_LS_FA1X4
datapath_module/alu_module/mul_44_34/g11690  0.0002126   0.0001469   0.0004069   4.742e-05  HS65_LS_FA1X4
datapath_module/alu_module/mul_44_34/g11545  0.0001769    0.000169   0.0004062   6.034e-05  HS65_LSS_XNOR2X6
datapath_module/alu_module/mul_44_34/g11872  0.0002436   0.0001159   0.0004048   4.531e-05  HS65_LSS_XOR2X6
datapath_module/alu_module/mul_44_34/g11548  0.0002126   0.0001433   0.0004034   4.742e-05  HS65_LS_FA1X4
datapath_module/alu_module/mul_44_34/g12148  0.0001347   0.0002419    0.000403   2.649e-05  HS65_LS_OAI22X6
datapath_module/alu_module/mul_44_34/g11679  0.0002124   0.0001431   0.0004029   4.742e-05  HS65_LS_FA1X4
datapath_module/alu_module/mul_44_34/g11636  0.0002054   0.0001475   0.0004009   4.809e-05  HS65_LS_FA1X4
datapath_module/alu_module/mul_44_34/g11668  0.0002124   0.0001409   0.0004007   4.742e-05  HS65_LS_FA1X4
datapath_module/alu_module/sll_42_34/g2880  8.914e-05   0.0002904   0.0004003   2.075e-05  HS65_LS_NOR2X6
datapath_module/alu_module/mul_44_34/g11642  0.0002126   0.0001402   0.0004002   4.742e-05  HS65_LS_FA1X4
datapath_module/alu_module/mul_44_34/g11844  0.0001612   0.0001997    0.000399   3.814e-05  HS65_LS_HA1X4
datapath_module/alu_module/mul_44_34/g11591  0.0002051   0.0001453   0.0003985   4.809e-05  HS65_LS_FA1X4
datapath_module/alu_module/mul_44_34/g12144  0.0001651    0.000198   0.0003979   3.482e-05  HS65_LS_AO22X9
datapath_module/alu_module/mul_44_34/g11602  0.0002126   0.0001378   0.0003978   4.742e-05  HS65_LS_FA1X4
datapath_module/alu_module/mul_44_34/g11572  0.0002125   0.0001376   0.0003976   4.742e-05  HS65_LS_FA1X4
datapath_module/alu_module/mul_44_34/g11554  0.0002125   0.0001377   0.0003976   4.742e-05  HS65_LS_FA1X4
datapath_module/alu_module/mul_44_34/g11626  0.0002053   0.0001433   0.0003967   4.809e-05  HS65_LS_FA1X4
datapath_module/alu_module/mul_44_34/g11621  0.0002126   0.0001358   0.0003958   4.742e-05  HS65_LS_FA1X4
datapath_module/alu_module/mul_44_34/g11653  0.0002125   0.0001355   0.0003954   4.742e-05  HS65_LS_FA1X4
datapath_module/alu_module/mul_44_34/g12061  0.0001963   0.0001571   0.0003947   4.124e-05  HS65_LS_OA22X9
datapath_module/alu_module/mul_44_34/g11665  0.0002052   0.0001404   0.0003937   4.809e-05  HS65_LS_FA1X4
datapath_module/alu_module/mul_44_34/g11656  0.0002053   0.0001394   0.0003928   4.809e-05  HS65_LS_FA1X4
datapath_module/alu_module/mul_44_34/g11620  0.0002053   0.0001392   0.0003926   4.809e-05  HS65_LS_FA1X4
datapath_module/alu_module/mul_44_34/g11556  0.0002384   0.0001153   0.0003924   3.868e-05  HS65_LSS_XNOR2X6
datapath_module/alu_module/mul_44_34/g11759  0.0002357   0.0001079   0.0003905   4.691e-05  HS65_LSS_XOR2X6
datapath_module/alu_module/mul_44_34/g12090  0.0001457   0.0002226   0.0003892   2.081e-05  HS65_LS_OAI22X6
datapath_module/alu_module/mul_44_34/g11601  0.0001783   0.0001636   0.0003891   4.721e-05  HS65_LS_FA1X4
datapath_module/alu_module/mul_44_34/g12747  0.0002344   0.0001212   0.0003888   3.319e-05  HS65_LS_PAO2X9
datapath_module/alu_module/mul_44_34/g11814  0.0001394   0.0001861   0.0003887   6.321e-05  HS65_LSS_XNOR2X6
datapath_module/alu_module/sll_42_34/g2834  0.0001219   0.0002314   0.0003868   3.351e-05  HS65_LS_MUX21I1X6
datapath_module/alu_module/mul_44_34/g11645  0.0002054   0.0001331   0.0003865   4.809e-05  HS65_LS_FA1X4
datapath_module/alu_module/mul_44_34/g12073  0.0001782    0.000177   0.0003862   3.098e-05  HS65_LS_AO22X9
IFU_module/instr_mem/g691      6.398e-05   0.0002982    0.000385   2.283e-05  HS65_LS_NAND2X7
datapath_module/alu_module/mul_44_34/g11583  0.0002086   0.0001271   0.0003841    4.84e-05  HS65_LS_FA1X4
datapath_module/reg_file_module/g5126  3.381e-05   0.0003039   0.0003819   4.424e-05  HS65_LS_AND2ABX18
datapath_module/alu_module/mul_44_34/g11873  0.0002142   0.0001163   0.0003786   4.807e-05  HS65_LS_MUX21I1X6
datapath_module/alu_module/add_34_34/g772  0.0002187   0.0001074   0.0003765   5.041e-05  HS65_LS_FA1X4
datapath_module/alu_module/add_34_34/g776  0.0001973   0.0001283   0.0003747   4.906e-05  HS65_LS_FA1X4
datapath_module/alu_module/sll_42_34/g2845  0.0001074   0.0002469   0.0003722    1.79e-05  HS65_LS_AND2X4
datapath_module/alu_module/g7015  3.867e-05   0.0003214   0.0003721   1.204e-05  HS65_LS_NOR2X6
datapath_module/reg_file_module/FE_OFC17_n_1220  2.418e-05   0.0003089   0.0003707    3.76e-05  HS65_LS_BFX13
datapath_module/alu_module/mul_44_34/g11563  0.0002053   0.0001163   0.0003697   4.809e-05  HS65_LS_FA1X4
datapath_module/alu_module/mul_44_34/g12330  0.0001628   0.0001454   0.0003672   5.898e-05  HS65_LS_MUX21I1X6
datapath_module/alu_module/mul_44_34/g12124   0.000165   0.0001642    0.000364   3.482e-05  HS65_LS_AO22X9
datapath_module/alu_module/sll_42_34/g2835  0.0001216   0.0002094   0.0003639    3.29e-05  HS65_LS_MUX21I1X6
datapath_module/alu_module/mul_44_34/g12318  0.0001647   0.0001654   0.0003612   3.115e-05  HS65_LS_OAI22X6
datapath_module/alu_module/mul_44_34/g11954  0.0001786   0.0001387   0.0003584   4.113e-05  HS65_LS_OA22X9
datapath_module/alu_module/sll_42_34/g2883  6.313e-05   0.0002715   0.0003581   2.338e-05  HS65_LS_IVX9
datapath_module/alu_module/mul_44_34/g12126   0.000114   0.0002053   0.0003568    3.75e-05  HS65_LS_AOI22X6
datapath_module/alu_module/mul_44_34/g12145  0.0001776   0.0001433   0.0003568   3.594e-05  HS65_LS_AO22X9
datapath_module/alu_module/mul_44_34/g11540  0.0001407   0.0001623   0.0003558   5.275e-05  HS65_LSS_XNOR2X6
datapath_module/alu_module/g6797   0.000181   0.0001406   0.0003552   3.357e-05  HS65_LS_NAND4ABX3
datapath_module/alu_module/mul_44_34/g11549  0.0001838   0.0001213   0.0003503   4.524e-05  HS65_LSS_XOR3X2
datapath_module/alu_module/add_34_34/g773  0.0001994   9.785e-05   0.0003475   5.026e-05  HS65_LS_FA1X4
datapath_module/alu_module/g6852  0.0001823   0.0001141    0.000347   5.054e-05  HS65_LS_MX41X7
datapath_module/alu_module/FE_DBTC2_n_32  3.934e-05   0.0002765   0.0003458   3.003e-05  HS65_LS_IVX9
datapath_module/alu_module/mul_44_34/g12084  0.0001651   0.0001578   0.0003457   2.277e-05  HS65_LS_OAI22X6
IFU_module/instr_mem/g693      7.311e-05    0.000251   0.0003429   1.881e-05  HS65_LS_AND2X4
datapath_module/alu_module/mul_44_34/FE_RC_42_0  0.0001495    0.000147   0.0003415   4.502e-05  HS65_LSS_XNOR2X6
datapath_module/alu_module/sll_42_34/g2895  6.024e-05    0.000254   0.0003403   2.601e-05  HS65_LS_IVX9
datapath_module/alu_module/sll_42_34/g2860   0.000189   0.0001153   0.0003402   3.597e-05  HS65_LS_AO22X9
datapath_module/alu_module/mul_44_34/g12122  0.0001654   0.0001373   0.0003375   3.482e-05  HS65_LS_AO22X9
datapath_module/reg_file_module/g21716  6.111e-05    0.000253   0.0003364   2.224e-05  HS65_LS_NAND2X7
datapath_module/alu_module/sll_42_34/g2868  0.0002012   9.772e-05   0.0003358   3.689e-05  HS65_LS_AO22X9
datapath_module/alu_module/mul_44_34/g12072  0.0001692    0.000142   0.0003349   2.368e-05  HS65_LS_OAI22X6
datapath_module/alu_module/mul_44_34/g12079  0.0002127   8.716e-05   0.0003335   3.362e-05  HS65_LS_AO22X9
datapath_module/alu_module/g6850  0.0001762   0.0001067   0.0003333   5.038e-05  HS65_LS_MX41X7
datapath_module/alu_module/mul_44_34/g12098  0.0001498   0.0001604   0.0003325   2.233e-05  HS65_LS_OAI22X6
datapath_module/alu_module/sll_42_34/g2873   0.000161   0.0001381   0.0003323   3.316e-05  HS65_LS_AO22X9
datapath_module/alu_module/mul_44_34/g12127  0.0001651   0.0001318   0.0003317   3.482e-05  HS65_LS_AO22X9
datapath_module/alu_module/sll_42_34/g2847  7.823e-05   0.0002348   0.0003299   1.689e-05  HS65_LS_NOR2X6
IFU_module/instr_mem/g703      6.426e-05   0.0002428   0.0003287   2.165e-05  HS65_LS_NAND2X7
datapath_module/reg_file_module/g5156  5.559e-05     0.00025   0.0003285   2.295e-05  HS65_LS_IVX9
datapath_module/alu_module/mul_44_34/g11850  0.0001239   0.0001662    0.000328   3.791e-05  HS65_LS_HA1X4
datapath_module/alu_module/mul_44_34/g11593  0.0001682   0.0001114   0.0003262   4.665e-05  HS65_LS_FA1X4
datapath_module/alu_module/mul_44_34/g12142  0.0001675   0.0001218   0.0003242   3.482e-05  HS65_LS_AO22X9
datapath_module/alu_module/g6854  0.0001685   0.0001059   0.0003237   4.935e-05  HS65_LS_MX41X7
datapath_module/alu_module/mul_44_34/g11743  0.0001434   0.0001324   0.0003227   4.697e-05  HS65_LS_FA1X4
datapath_module/alu_module/mul_44_34/g12135  0.0001651    0.000122   0.0003219   3.482e-05  HS65_LS_AO22X9
datapath_module/alu_module/mul_44_34/g12274  0.0001674   0.0001225    0.000321   3.113e-05  HS65_LS_OAI22X6
datapath_module/alu_module/mul_44_34/g12328  0.0001546   0.0001309   0.0003191   3.359e-05  HS65_LS_OAI22X6
datapath_module/alu_module/mul_44_34/g12121   0.000113   0.0001675   0.0003179    3.75e-05  HS65_LS_AOI22X6
datapath_module/alu_module/mul_44_34/g12357  0.0001211   0.0001655   0.0003177     3.1e-05  HS65_LS_OAI22X6
datapath_module/alu_module/add_34_34/g774  0.0001853   8.396e-05   0.0003176   4.842e-05  HS65_LS_FA1X4
datapath_module/alu_module/mul_44_34/g12785  0.0001677   0.0001007   0.0003153   4.678e-05  HS65_LS_FA1X4
IFU_module/FE_OFC28_n_4         8.28e-05   0.0002124   0.0003142     1.9e-05  HS65_LS_BFX4
datapath_module/reg_file_module/g5150  4.545e-05    0.000246   0.0003128   2.137e-05  HS65_LS_NAND2AX7
datapath_module/alu_module/sll_42_34/g2885  6.376e-05   0.0002271   0.0003122   2.134e-05  HS65_LS_NOR2X6
datapath_module/alu_module/g6856  0.0001742   8.698e-05   0.0003115   5.034e-05  HS65_LS_MX41X7
datapath_module/alu_module/mul_44_34/g12764  0.0001721   0.0001055   0.0003105   3.289e-05  HS65_LS_AO22X9
datapath_module/reg_file_module/g5133  4.313e-05   0.0002568   0.0003099   9.907e-06  HS65_LS_NOR2X6
datapath_module/alu_module/mul_44_34/g12132  0.0001649   0.0001102   0.0003099   3.482e-05  HS65_LS_AO22X9
datapath_module/alu_module/mul_44_34/g12415  0.0001348   0.0001403   0.0003088   3.377e-05  HS65_LS_AOI22X6
datapath_module/alu_module/mul_44_34/g12276  0.0001642   0.0001121   0.0003084   3.211e-05  HS65_LS_OAI22X6
datapath_module/alu_module/mul_44_34/g12030  0.0001432   0.0001416    0.000306    2.13e-05  HS65_LS_OAI22X6
datapath_module/alu_module/mul_44_34/g12077   0.000165   0.0001167   0.0003049   2.322e-05  HS65_LS_OAI22X6
datapath_module/alu_module/mul_44_34/g11782  9.955e-05   0.0001598   0.0003049   4.556e-05  HS65_LS_FA1X4
datapath_module/alu_module/mul_44_34/g11756  0.0001765   8.443e-05   0.0003024   4.151e-05  HS65_LSS_XOR2X6
datapath_module/alu_module/mul_44_34/g12625  9.186e-05   0.0001847   0.0003021   2.554e-05  HS65_LS_IVX9
datapath_module/alu_module/mul_44_34/g12138  0.0001652    0.000102   0.0003021   3.482e-05  HS65_LS_AO22X9
datapath_module/reg_file_module/g5118  2.313e-05   0.0002342   0.0003011   4.369e-05  HS65_LS_AND2ABX18
IFU_module/g550                0.0001612   0.0001003    0.000301   3.951e-05  HS65_LS_HA1X4
datapath_module/alu_module/srl_43_34/g3076  0.0001382   0.0001306   0.0002981   2.936e-05  HS65_LS_AOI22X6
datapath_module/alu_module/mul_44_34/g12406  0.0001305   0.0001334   0.0002975   3.368e-05  HS65_LS_AOI22X6
datapath_module/reg_file_module/g5114  2.294e-05   0.0002304    0.000297   4.369e-05  HS65_LS_AND2ABX18
datapath_module/alu_module/sll_42_34/g2807  0.0001161   0.0001464   0.0002969   3.435e-05  HS65_LS_AO22X9
datapath_module/alu_module/g6899  0.0001432   0.0001235   0.0002968   3.002e-05  HS65_LS_AO22X9
datapath_module/alu_module/sub_35_34/g947  0.0002015    4.16e-05   0.0002967   5.355e-05  HS65_LSS_XOR2X6
datapath_module/alu_module/mul_44_34/g12410  0.0001284   0.0001336   0.0002959   3.389e-05  HS65_LS_AOI22X6
datapath_module/alu_module/mul_44_34/g12014  0.0001632   0.0001077   0.0002941   2.319e-05  HS65_LS_OAI22X6
datapath_module/reg_file_module/g5131  2.666e-05   0.0002228   0.0002933   4.387e-05  HS65_LS_AND2ABX18
datapath_module/alu_module/mul_44_34/g11832  0.0001198   0.0001353   0.0002932   3.809e-05  HS65_LS_PAO2X9
datapath_module/alu_module/mul_44_34/g11714  0.0001417   0.0001033   0.0002912   4.624e-05  HS65_LS_FA1X4
datapath_module/alu_module/mul_44_34/g12380  0.0001488   0.0001074   0.0002907   3.448e-05  HS65_LS_AOI22X6
datapath_module/alu_module/sll_42_34/g2850  0.0001176    0.000146   0.0002895   2.596e-05  HS65_LS_AND3X9
datapath_module/alu_module/mul_44_34/FE_RC_72_0  8.783e-05   0.0001834   0.0002895   1.832e-05  HS65_LS_IVX9
datapath_module/alu_module/mul_44_34/g12660  5.922e-05   0.0002039   0.0002888   2.575e-05  HS65_LS_IVX9
datapath_module/reg_file_module/g21712   6.49e-05   0.0002015   0.0002886   2.224e-05  HS65_LS_NAND2X7
datapath_module/alu_module/mul_44_34/g12361  0.0001471   0.0001064   0.0002884   3.494e-05  HS65_LS_AOI22X6
datapath_module/alu_module/mul_44_34/g12048  0.0001432    0.000123   0.0002875    2.13e-05  HS65_LS_OAI22X6
datapath_module/alu_module/sll_42_34/g2814  0.0001194   0.0001409   0.0002868   2.647e-05  HS65_LS_AND3X9
datapath_module/alu_module/g6903  0.0001576   9.762e-05   0.0002847   2.954e-05  HS65_LS_AO22X9
datapath_module/reg_file_module/g5125  2.586e-05   0.0002145   0.0002842   4.384e-05  HS65_LS_AND2ABX18
datapath_module/alu_module/mul_44_34/g12371  0.0001461   9.856e-05   0.0002839   3.918e-05  HS65_LS_AOI22X6
datapath_module/alu_module/mul_44_34/g12136  0.0001166   0.0001419   0.0002834   2.492e-05  HS65_LS_OAI22X6
datapath_module/alu_module/mul_44_34/g12707  7.047e-05   0.0001872    0.000283   2.537e-05  HS65_LS_IVX9
datapath_module/alu_module/sll_42_34/g2815  0.0001212   0.0001341   0.0002825    2.72e-05  HS65_LS_AND3X9
datapath_module/alu_module/mul_44_34/g12032  0.0001426   0.0001179   0.0002818    2.13e-05  HS65_LS_OAI22X6
datapath_module/alu_module/g6848  0.0001362   9.935e-05   0.0002818   4.622e-05  HS65_LS_MX41X7
datapath_module/alu_module/mul_44_34/g12130  0.0001161   0.0001398   0.0002809   2.492e-05  HS65_LS_OAI22X6
datapath_module/alu_module/mul_44_34/g12096  0.0001728   7.597e-05   0.0002798   3.096e-05  HS65_LS_AO22X9
datapath_module/alu_module/mul_44_34/g12052  0.0001129   0.0001377   0.0002794   2.875e-05  HS65_LS_AOI22X6
datapath_module/reg_file_module/g21718  7.028e-05   0.0001864   0.0002785    2.18e-05  HS65_LS_NAND2X7
datapath_module/alu_module/mul_44_34/g12143  0.0001092   0.0001439   0.0002781   2.492e-05  HS65_LS_OAI22X6
datapath_module/alu_module/mul_44_34/g12141  0.0001162   0.0001367   0.0002778   2.492e-05  HS65_LS_OAI22X6
datapath_module/alu_module/mul_44_34/g11869  0.0001274   0.0001136   0.0002776    3.66e-05  HS65_LSS_XOR2X6
datapath_module/reg_file_module/g5144  4.956e-05   0.0002087   0.0002775   1.928e-05  HS65_LS_NAND2X7
datapath_module/alu_module/mul_44_34/g11678  9.971e-05   0.0001311   0.0002763   4.556e-05  HS65_LS_FA1X4
datapath_module/alu_module/mul_44_34/g11883  0.0001437   0.0001108   0.0002758    2.13e-05  HS65_LS_OAI22X6
datapath_module/reg_file_module/g5123  2.559e-05   0.0002064   0.0002758   4.384e-05  HS65_LS_AND2ABX18
datapath_module/alu_module/sll_42_34/g2879  6.103e-05   0.0001871   0.0002753    2.72e-05  HS65_LS_IVX9
datapath_module/reg_file_module/g5129   2.69e-05    0.000203   0.0002738   4.387e-05  HS65_LS_AND2ABX18
datapath_module/alu_module/mul_44_34/g12128  0.0001103   0.0001384   0.0002736   2.492e-05  HS65_LS_OAI22X6
datapath_module/alu_module/srl_43_34/g3073  0.0001312   0.0001079    0.000273   3.381e-05  HS65_LS_AOI22X6
datapath_module/alu_module/mul_44_34/g12123  0.0001165   0.0001315   0.0002728   2.492e-05  HS65_LS_OAI22X6
IFU_module/instr_mem/g692      6.923e-05   0.0001806   0.0002727   2.283e-05  HS65_LS_NAND2X7
datapath_module/alu_module/mul_44_34/g12125  0.0001168   0.0001306   0.0002723   2.492e-05  HS65_LS_OAI22X6
datapath_module/alu_module/mul_44_34/g12331  0.0001391   9.714e-05   0.0002714   3.516e-05  HS65_LS_OAI22X6
datapath_module/alu_module/g6798  0.0001353   0.0001188   0.0002714   1.732e-05  HS65_LS_NOR3X1
datapath_module/alu_module/sll_42_34/g2798  0.0001647   7.635e-05   0.0002701   2.903e-05  HS65_LS_AO22X9
datapath_module/alu_module/sub_35_34/g2  0.0001537   7.375e-05     0.00027   4.262e-05  HS65_LSS_XOR3X2
datapath_module/alu_module/mul_44_34/g12389  0.0001216   0.0001149   0.0002699   3.346e-05  HS65_LS_OAI22X6
datapath_module/alu_module/mul_44_34/g12139  0.0001166   0.0001284   0.0002699   2.492e-05  HS65_LS_OAI22X6
datapath_module/alu_module/mul_44_34/g11644  9.968e-05   0.0001243   0.0002695   4.556e-05  HS65_LS_FA1X4
datapath_module/alu_module/mul_44_34/g11884   0.000144   0.0001037    0.000269    2.13e-05  HS65_LS_OAI22X6
datapath_module/alu_module/g7020  4.546e-05   0.0002038   0.0002687    1.95e-05  HS65_LS_NOR2X6
datapath_module/reg_file_module/g5139  6.894e-05   0.0001813    0.000268   1.777e-05  HS65_LS_NOR2X6
IFU_module/instr_mem/g685      0.0001364   9.184e-05   0.0002673   3.914e-05  HS65_LS_HA1X4
datapath_module/alu_module/g6858  0.0001608   5.678e-05   0.0002673   4.974e-05  HS65_LS_MX41X7
datapath_module/alu_module/g6859  0.0001694   4.537e-05   0.0002673   5.248e-05  HS65_LS_MX41X7
datapath_module/alu_module/mul_44_34/g12137  0.0001178   0.0001243    0.000267   2.492e-05  HS65_LS_OAI22X6
datapath_module/alu_module/sll_42_34/g2829  0.0001246   0.0001115   0.0002666   3.052e-05  HS65_LS_MUX21I1X6
datapath_module/alu_module/mul_44_34/FE_RC_142_0  0.0001105   0.0001296   0.0002664   2.628e-05  HS65_LS_IVX9
datapath_module/alu_module/mul_44_34/g12413  0.0001216   0.0001081   0.0002656   3.591e-05  HS65_LS_AOI22X6
datapath_module/alu_module/g6897  0.0001026     0.00014   0.0002652    2.26e-05  HS65_LS_CBI4I1X5
datapath_module/alu_module/mul_44_34/g11609  0.0001202    9.82e-05   0.0002647   4.626e-05  HS65_LS_FA1X4
datapath_module/alu_module/srl_43_34/g3087  9.927e-05   0.0001294   0.0002646   3.598e-05  HS65_LS_NOR2X6
datapath_module/alu_module/mul_44_34/g12205  0.0001088   0.0001398   0.0002644    1.58e-05  HS65_LS_AND2X4
datapath_module/alu_module/srl_43_34/g3074  0.0001612   6.337e-05   0.0002621    3.75e-05  HS65_LS_AOI22X6
datapath_module/alu_module/mul_44_34/g11713   9.97e-05   0.0001167    0.000262   4.556e-05  HS65_LS_FA1X4
datapath_module/reg_file_module/g21660  3.687e-05   0.0002156   0.0002617   9.217e-06  HS65_LS_NOR2X6
datapath_module/alu_module/mul_44_34/g12133  0.0001105   0.0001245   0.0002599   2.492e-05  HS65_LS_OAI22X6
datapath_module/alu_module/mul_44_34/g12370  0.0001179   8.676e-05   0.0002599   5.521e-05  HS65_LS_AOI22X6
datapath_module/alu_module/mul_44_34/g11983  0.0001428   9.476e-05   0.0002589    2.13e-05  HS65_LS_OAI22X6
datapath_module/alu_module/mul_44_34/g11684  9.966e-05   0.0001135   0.0002588   4.556e-05  HS65_LS_FA1X4
datapath_module/alu_module/mul_44_34/g12376  0.0001249   0.0001018   0.0002578   3.113e-05  HS65_LS_OAI22X6
datapath_module/alu_module/mul_44_34/g12325  0.0001395   8.308e-05   0.0002577   3.516e-05  HS65_LS_OAI22X6
datapath_module/alu_module/mul_44_34/FE_RC_35_0  5.782e-05   0.0001838   0.0002574   1.577e-05  HS65_LS_IVX9
datapath_module/alu_module/mul_44_34/FE_RC_129_0  0.0001107   0.0001194   0.0002563   2.628e-05  HS65_LS_IVX9
datapath_module/alu_module/mul_44_34/g12134  0.0001105     0.00012   0.0002554   2.492e-05  HS65_LS_OAI22X6
datapath_module/alu_module/mul_44_34/g11667  9.963e-05   0.0001101   0.0002553   4.556e-05  HS65_LS_FA1X4
datapath_module/reg_file_module/g5142  5.382e-05   0.0001798   0.0002552   2.153e-05  HS65_LS_NAND2X7
datapath_module/alu_module/mul_44_34/g11610  9.975e-05   0.0001094   0.0002547   4.556e-05  HS65_LS_FA1X4
datapath_module/alu_module/mul_44_34/g11738  5.695e-05   0.0001241   0.0002544   7.336e-05  HS65_LSS_XNOR2X6
datapath_module/alu_module/mul_44_34/g12147  0.0001108   0.0001181   0.0002538   2.492e-05  HS65_LS_OAI22X6
datapath_module/reg_file_module/g5155  8.217e-05   0.0001477   0.0002534   2.352e-05  HS65_LS_NAND2X7
datapath_module/alu_module/mul_44_34/g12149  0.0001321   9.214e-05    0.000253   2.875e-05  HS65_LS_OAI22X6
datapath_module/reg_file_module/FE_OFC39_n_18  3.431e-05   0.0002017    0.000253   1.693e-05  HS65_LS_IVX7
datapath_module/alu_module/mul_44_34/g11628  9.965e-05   0.0001064   0.0002516   4.556e-05  HS65_LS_FA1X4
datapath_module/alu_module/mul_44_34/g12107  8.228e-05   0.0001389   0.0002515   3.027e-05  HS65_LS_CBI4I1X5
datapath_module/alu_module/mul_44_34/g11906   0.000143   8.709e-05   0.0002514    2.13e-05  HS65_LS_OAI22X6
datapath_module/alu_module/mul_44_34/g12080  0.0001455   6.559e-05   0.0002512   4.013e-05  HS65_LS_OA22X9
datapath_module/reg_file_module/g5121    2.2e-05   0.0001842   0.0002499   4.366e-05  HS65_LS_AND2ABX18
datapath_module/alu_module/mul_44_34/g12088  0.0001145   0.0001184   0.0002498   1.698e-05  HS65_LS_OAI22X4
control_module/g599            0.0001052   0.0001244   0.0002497   2.014e-05  HS65_LS_NOR3AX2
datapath_module/alu_module/mul_44_34/g11615  9.968e-05   0.0001041   0.0002493   4.556e-05  HS65_LS_FA1X4
datapath_module/alu_module/mul_44_34/g12129  0.0001104   0.0001134   0.0002488   2.492e-05  HS65_LS_OAI22X6
datapath_module/alu_module/mul_44_34/g12082  0.0001445   8.228e-05   0.0002481    2.13e-05  HS65_LS_OAI22X6
datapath_module/alu_module/mul_44_34/FE_RC_149_0  0.0001061   0.0001134    0.000248   2.857e-05  HS65_LS_IVX9
datapath_module/alu_module/mul_44_34/g11916   0.000143   8.337e-05   0.0002476    2.13e-05  HS65_LS_OAI22X6
datapath_module/reg_file_module/g5111  2.218e-05   0.0001811    0.000247   4.366e-05  HS65_LS_AND2ABX18
datapath_module/alu_module/mul_44_34/g11637  9.962e-05   0.0001017   0.0002469   4.556e-05  HS65_LS_FA1X4
datapath_module/alu_module/mul_44_34/g11838  0.0001369   8.538e-05   0.0002467   2.432e-05  HS65_LS_MUXI21X2
datapath_module/alu_module/mul_44_34/g12015  0.0001444   8.072e-05   0.0002464    2.13e-05  HS65_LS_OAI22X6
datapath_module/alu_module/mul_44_34/g12140  0.0001145   9.383e-05   0.0002458    3.75e-05  HS65_LS_AOI22X6
datapath_module/alu_module/mul_44_34/g11892   0.000143   8.119e-05   0.0002455    2.13e-05  HS65_LS_OAI22X6
datapath_module/alu_module/mul_44_34/g11941  0.0001431   8.103e-05   0.0002454    2.13e-05  HS65_LS_OAI22X6
datapath_module/alu_module/mul_44_34/g12057   0.000143   8.098e-05   0.0002453    2.13e-05  HS65_LS_OAI22X6
datapath_module/alu_module/mul_44_34/g12377  0.0001183   7.148e-05    0.000245   5.521e-05  HS65_LS_AOI22X6
datapath_module/alu_module/sll_42_34/g2799  0.0001313   8.383e-05   0.0002449   2.977e-05  HS65_LS_AO22X9
datapath_module/alu_module/mul_44_34/FE_RC_119_0  0.0001109   0.0001075   0.0002447   2.628e-05  HS65_LS_IVX9
datapath_module/alu_module/sll_42_34/g2800  0.0001489     6.8e-05   0.0002447   2.774e-05  HS65_LS_AO22X9
datapath_module/alu_module/srl_43_34/g3071   0.000146   6.379e-05   0.0002445   3.475e-05  HS65_LS_AOI22X6
datapath_module/alu_module/mul_44_34/g12369  0.0001296   8.554e-05   0.0002443   2.923e-05  HS65_LS_OAI22X6
datapath_module/alu_module/mul_44_34/g11652   9.97e-05    9.81e-05   0.0002434   4.556e-05  HS65_LS_FA1X4
datapath_module/alu_module/mul_44_34/g12019  0.0001437   7.832e-05   0.0002433    2.13e-05  HS65_LS_OAI22X6
datapath_module/alu_module/mul_44_34/g12001  0.0001431   7.892e-05   0.0002433    2.13e-05  HS65_LS_OAI22X6
datapath_module/alu_module/mul_44_34/g11555  9.965e-05    9.76e-05   0.0002428   4.556e-05  HS65_LS_FA1X4
datapath_module/alu_module/mul_44_34/g11901   0.000143   7.836e-05   0.0002427    2.13e-05  HS65_LS_OAI22X6
datapath_module/alu_module/mul_44_34/FE_RC_144_0  0.0001226   0.0001024   0.0002425   1.758e-05  HS65_LS_IVX9
datapath_module/alu_module/mul_44_34/FE_RC_109_0   0.000111   0.0001041   0.0002414   2.628e-05  HS65_LS_IVX9
datapath_module/alu_module/mul_44_34/FE_RC_164_0  0.0001226   0.0001009   0.0002411   1.758e-05  HS65_LS_IVX9
datapath_module/alu_module/mul_44_34/g11608  9.984e-05   9.554e-05   0.0002409   4.556e-05  HS65_LS_FA1X4
datapath_module/alu_module/mul_44_34/g11950  0.0001443   7.519e-05   0.0002408    2.13e-05  HS65_LS_OAI22X6
datapath_module/alu_module/mul_44_34/FE_RC_131_0  0.0001226   0.0001005   0.0002407   1.758e-05  HS65_LS_IVX9
datapath_module/alu_module/mul_44_34/FE_RC_68_0  0.0001109   0.0001031   0.0002403   2.628e-05  HS65_LS_IVX9
datapath_module/alu_module/srl_43_34/g3050   6.66e-05   0.0001537   0.0002402   1.986e-05  HS65_LS_IVX9
datapath_module/alu_module/mul_44_34/FE_RC_96_0   0.000111   0.0001023   0.0002395   2.628e-05  HS65_LS_IVX9
datapath_module/alu_module/mul_44_34/g12018  0.0001438   7.392e-05    0.000239    2.13e-05  HS65_LS_OAI22X6
control_module/g607            7.488e-05   0.0001455   0.0002387   1.832e-05  HS65_LS_NOR2AX3
datapath_module/alu_module/mul_44_34/g12039  0.0001444   7.161e-05   0.0002373    2.13e-05  HS65_LS_OAI22X6
datapath_module/alu_module/mul_44_34/g12069  0.0001425   6.616e-05   0.0002372   2.856e-05  HS65_LS_AO22X9
datapath_module/reg_file_module/g5152  1.785e-05   0.0001879   0.0002371    3.14e-05  HS65_LS_IVX9
datapath_module/alu_module/mul_44_34/g12756  0.0001645   4.185e-05   0.0002369   3.054e-05  HS65_LSS_XOR2X3
datapath_module/alu_module/mul_44_34/g12702   4.69e-05   0.0001608   0.0002368   2.903e-05  HS65_LS_IVX9
datapath_module/alu_module/srl_43_34/g3048  9.614e-05   0.0001215   0.0002367   1.906e-05  HS65_LS_NAND2X7
datapath_module/alu_module/mul_44_34/FE_RC_141_0  0.0001064   0.0001006   0.0002355   2.857e-05  HS65_LS_IVX9
datapath_module/alu_module/g6904  0.0001418   6.483e-05   0.0002355   2.888e-05  HS65_LS_AO22X9
datapath_module/alu_module/mul_44_34/g11964  0.0001431   7.106e-05   0.0002354    2.13e-05  HS65_LS_OAI22X6
datapath_module/alu_module/srl_43_34/g3068  0.0001373   5.915e-05   0.0002352   3.884e-05  HS65_LS_AOI22X6
datapath_module/alu_module/mul_44_34/g11571  9.972e-05   8.902e-05   0.0002343   4.556e-05  HS65_LS_FA1X4
datapath_module/alu_module/mul_44_34/g12034  0.0001105    0.000108   0.0002341   1.569e-05  HS65_LS_OAI22X6
datapath_module/alu_module/mul_44_34/g11702  0.0001235   8.052e-05   0.0002336   2.963e-05  HS65_LS_PAO2X9
datapath_module/alu_module/mul_44_34/g12419  8.176e-05   0.0001045   0.0002336   4.735e-05  HS65_LS_AOI22X6
datapath_module/alu_module/mul_44_34/g11566  9.964e-05   8.825e-05   0.0002335   4.556e-05  HS65_LS_FA1X4
datapath_module/reg_file_module/g21704  0.0001038   9.034e-05   0.0002334    3.93e-05  HS65_LS_OR2X9
datapath_module/alu_module/mul_44_34/FE_RC_67_0  0.0001064   9.789e-05   0.0002329   2.857e-05  HS65_LS_IVX9
IFU_module/instr_mem/g687      5.353e-05   0.0001621   0.0002308   1.521e-05  HS65_LS_OAI21X3
datapath_module/alu_module/mul_44_34/FE_RC_152_0  0.0001229   8.976e-05   0.0002302   1.758e-05  HS65_LS_IVX9
datapath_module/alu_module/mul_44_34/g11577  9.975e-05   8.474e-05     0.00023   4.556e-05  HS65_LS_FA1X4
datapath_module/alu_module/mul_44_34/g11807   0.000113   7.063e-05   0.0002298   4.616e-05  HS65_LS_FA1X4
IFU_module/instr_mem/g694      6.834e-05    0.000123   0.0002296   3.831e-05  HS65_LS_OR2X9
datapath_module/alu_module/mul_44_34/g11643  9.978e-05   8.383e-05   0.0002292   4.556e-05  HS65_LS_FA1X4
datapath_module/reg_file_module/g21647  3.724e-05    0.000182   0.0002284   9.217e-06  HS65_LS_NOR2X6
datapath_module/alu_module/g6845  9.852e-05   8.666e-05   0.0002283   4.307e-05  HS65_LS_MX41X7
datapath_module/alu_module/mul_44_34/g11559  7.983e-05   0.0001022   0.0002282   4.622e-05  HS65_LSS_XNOR2X6
datapath_module/alu_module/mul_44_34/FE_RC_71_0  0.0001229   8.678e-05   0.0002273   1.758e-05  HS65_LS_IVX9
datapath_module/alu_module/mul_44_34/g11592   9.97e-05   8.157e-05   0.0002268   4.556e-05  HS65_LS_FA1X4
datapath_module/alu_module/mul_44_34/g12407  8.183e-05   9.719e-05   0.0002264   4.735e-05  HS65_LS_AOI22X6
datapath_module/alu_module/mul_44_34/FE_RC_156_0  0.0001066   9.092e-05   0.0002261   2.857e-05  HS65_LS_IVX9
datapath_module/alu_module/mul_44_34/FE_RC_128_0  0.0001066   9.064e-05   0.0002258   2.857e-05  HS65_LS_IVX9
datapath_module/alu_module/mul_44_34/g11675  9.978e-05   8.008e-05   0.0002254   4.556e-05  HS65_LS_FA1X4
datapath_module/alu_module/mul_44_34/g11573  9.983e-05   7.988e-05   0.0002253   4.556e-05  HS65_LS_FA1X4
datapath_module/reg_file_module/g5143  5.179e-05   0.0001528   0.0002238   1.928e-05  HS65_LS_NAND2X7
datapath_module/alu_module/g6793  0.0001454   5.524e-05   0.0002237   2.309e-05  HS65_LS_OR3X4
datapath_module/alu_module/srl_43_34/drc_bufs3130  0.0001319   6.485e-05   0.0002236   2.681e-05  HS65_LS_IVX9
datapath_module/alu_module/mul_44_34/g11635  9.979e-05   7.802e-05   0.0002234   4.556e-05  HS65_LS_FA1X4
datapath_module/alu_module/mul_44_34/g11876  0.0001013   8.501e-05   0.0002232   3.688e-05  HS65_LSS_XOR2X6
datapath_module/alu_module/mul_44_34/g11564  9.992e-05   7.736e-05   0.0002228   4.556e-05  HS65_LS_FA1X4
datapath_module/alu_module/mul_44_34/FE_RC_162_0  0.0001067    8.66e-05   0.0002219   2.857e-05  HS65_LS_IVX9
datapath_module/alu_module/mul_44_34/g11774  9.963e-05   7.608e-05   0.0002213   4.556e-05  HS65_LS_FA1X4
datapath_module/alu_module/g6842  9.652e-05   8.092e-05   0.0002204   4.294e-05  HS65_LS_MX41X7
datapath_module/reg_file_module/g5147  5.337e-05     0.00015   0.0002198   1.637e-05  HS65_LS_NOR2AX3
IFU_module/g548                0.0001276   3.942e-05   0.0002195    5.24e-05  HS65_LSS_XOR2X6
datapath_module/alu_module/mul_44_34/g12735  7.246e-05   0.0001195   0.0002194   2.738e-05  HS65_LS_IVX9
datapath_module/alu_module/mul_44_34/FE_RC_21_0  0.0001068   8.374e-05   0.0002191   2.857e-05  HS65_LS_IVX9
datapath_module/alu_module/g6900  0.0001065   8.534e-05   0.0002189   2.711e-05  HS65_LS_AO22X9
datapath_module/alu_module/mul_44_34/g12738  6.167e-05   0.0001308   0.0002185   2.601e-05  HS65_LS_IVX9
datapath_module/alu_module/mul_44_34/g12046  0.0001126   8.991e-05   0.0002182   1.569e-05  HS65_LS_OAI22X6
datapath_module/alu_module/mul_44_34/g11808  9.979e-05   7.228e-05   0.0002176   4.556e-05  HS65_LS_FA1X4
datapath_module/alu_module/mul_44_34/g11655  9.979e-05   7.183e-05   0.0002172   4.556e-05  HS65_LS_FA1X4
datapath_module/alu_module/g6847  0.0001008   7.286e-05   0.0002168   4.321e-05  HS65_LS_MX41X7
datapath_module/alu_module/mul_44_34/FE_RC_26_0  0.0001232   7.579e-05   0.0002166   1.758e-05  HS65_LS_IVX9
datapath_module/alu_module/sll_42_34/g2802  0.0001122   7.474e-05   0.0002164   2.953e-05  HS65_LS_AO22X9
datapath_module/alu_module/mul_44_34/FE_RC_122_0  0.0001232    7.55e-05   0.0002163   1.758e-05  HS65_LS_IVX9
datapath_module/alu_module/mul_44_34/g12412  8.196e-05    8.61e-05   0.0002154   4.735e-05  HS65_LS_AOI22X6
datapath_module/alu_module/mul_44_34/g11670  9.985e-05   6.972e-05   0.0002151   4.556e-05  HS65_LS_FA1X4
datapath_module/alu_module/mul_44_34/g12313   6.07e-05   0.0001224   0.0002142   3.114e-05  HS65_LS_MUXI21X2
datapath_module/alu_module/sub_35_34/g899  6.971e-05   0.0001225   0.0002142   2.199e-05  HS65_LS_IVX9
datapath_module/alu_module/mul_44_34/g11599   9.98e-05   6.876e-05   0.0002141   4.556e-05  HS65_LS_FA1X4
datapath_module/alu_module/mul_44_34/g11785  9.967e-05   6.798e-05   0.0002132   4.556e-05  HS65_LS_FA1X4
datapath_module/alu_module/mul_44_34/g12416  8.197e-05   8.346e-05   0.0002128   4.735e-05  HS65_LS_AOI22X6
datapath_module/alu_module/mul_44_34/g12035  0.0001149   8.211e-05   0.0002127   1.569e-05  HS65_LS_OAI22X6
datapath_module/alu_module/mul_44_34/FE_RC_110_0  8.034e-05   0.0001169   0.0002126    1.53e-05  HS65_LS_IVX9
datapath_module/alu_module/mul_44_34/FE_RC_112_0  0.0001233   7.156e-05   0.0002124   1.758e-05  HS65_LS_IVX9
datapath_module/alu_module/sub_35_34/g937   9.07e-05    9.95e-05   0.0002122   2.202e-05  HS65_LS_IVX9
datapath_module/alu_module/mul_44_34/g11584   9.98e-05   6.619e-05   0.0002116   4.556e-05  HS65_LS_FA1X4
datapath_module/alu_module/mul_44_34/FE_RC_159_0  0.0001233   7.041e-05   0.0002113   1.758e-05  HS65_LS_IVX9
datapath_module/alu_module/g6839  9.347e-05   7.493e-05   0.0002112   4.277e-05  HS65_LS_MX41X7
datapath_module/alu_module/g6844  9.672e-05   7.146e-05   0.0002111   4.296e-05  HS65_LS_MX41X7
datapath_module/alu_module/mul_44_34/g11697  9.981e-05   6.573e-05   0.0002111   4.556e-05  HS65_LS_FA1X4
datapath_module/alu_module/mul_44_34/g11956  0.0001134   8.188e-05    0.000211   1.569e-05  HS65_LS_OAI22X6
datapath_module/reg_file_module/g5132  1.739e-05   0.0001501    0.000211   4.345e-05  HS65_LS_AND2ABX18
datapath_module/alu_module/mul_44_34/g12621  7.647e-05   0.0001166   0.0002102   1.719e-05  HS65_LS_NAND2X7
datapath_module/alu_module/mul_44_34/g11908  0.0001128   6.813e-05   0.0002097   2.875e-05  HS65_LS_AOI22X6
datapath_module/alu_module/sll_42_34/FE_RC_158_0  7.635e-05   0.0001163   0.0002089   1.629e-05  HS65_LS_AND2X4
datapath_module/reg_file_module/g5140  5.648e-05   0.0001299   0.0002079   2.153e-05  HS65_LS_NAND2X7
datapath_module/alu_module/srl_43_34/g3025  0.0001182   7.432e-05   0.0002075   1.507e-05  HS65_LS_OAI22X6
datapath_module/alu_module/sll_42_34/g2874  7.783e-05   9.309e-05   0.0002074   3.644e-05  HS65_LS_AOI22X6
datapath_module/alu_module/sll_42_34/g2797  0.0001042   7.581e-05   0.0002071   2.707e-05  HS65_LS_AO22X9
datapath_module/alu_module/mul_44_34/FE_RC_36_0  3.732e-05   0.0001557   0.0002067   1.366e-05  HS65_LS_IVX9
datapath_module/reg_file_module/g21675  3.654e-05   0.0001606   0.0002063   9.217e-06  HS65_LS_NOR2X6
datapath_module/alu_module/sll_42_34/g2801  0.0001155    6.47e-05   0.0002062   2.594e-05  HS65_LS_AO22X9
datapath_module/alu_module/mul_44_34/g11784  9.998e-05   6.039e-05   0.0002059   4.556e-05  HS65_LS_FA1X4
datapath_module/reg_file_module/g5124  1.672e-05   0.0001455   0.0002056   4.343e-05  HS65_LS_AND2ABX18
datapath_module/alu_module/mul_44_34/g11776  9.979e-05   5.979e-05   0.0002051   4.556e-05  HS65_LS_FA1X4
datapath_module/alu_module/mul_44_34/FE_RC_50_0  6.594e-05   0.0001208    0.000205   1.824e-05  HS65_LS_IVX9
datapath_module/alu_module/sll_42_34/g2803  5.211e-05   0.0001313   0.0002042   2.079e-05  HS65_LS_AO32X4
datapath_module/alu_module/mul_44_34/g12409  8.209e-05   7.386e-05   0.0002033   4.735e-05  HS65_LS_AOI22X6
datapath_module/alu_module/mul_44_34/g12151  6.589e-05   0.0001269   0.0002031    1.03e-05  HS65_LS_OAI12X3
datapath_module/alu_module/mul_44_34/g12315  6.084e-05   0.0001109   0.0002029   3.114e-05  HS65_LS_MUXI21X2
datapath_module/alu_module/mul_44_34/g11952   0.000115   7.196e-05   0.0002026   1.569e-05  HS65_LS_OAI22X6
datapath_module/alu_module/mul_44_34/g12226  7.665e-05   0.0001044   0.0002023   2.124e-05  HS65_LS_NOR2X6
datapath_module/alu_module/mul_44_34/g12054  0.0001146   7.185e-05   0.0002021   1.569e-05  HS65_LS_OAI22X6
datapath_module/reg_file_module/g5141  3.731e-05   0.0001435   0.0002021   2.124e-05  HS65_LS_NAND2X7
datapath_module/alu_module/mul_44_34/g12312  6.087e-05   0.0001095   0.0002015   3.114e-05  HS65_LS_MUXI21X2
datapath_module/alu_module/mul_44_34/g12006  0.0001106   7.519e-05   0.0002015   1.569e-05  HS65_LS_OAI22X6
datapath_module/alu_module/mul_44_34/g12324  6.087e-05   0.0001093   0.0002013   3.114e-05  HS65_LS_MUXI21X2
datapath_module/reg_file_module/g5151  5.486e-05     0.00013   0.0002012   1.637e-05  HS65_LS_NOR2AX3
datapath_module/alu_module/mul_44_34/g11912  0.0001146   6.987e-05   0.0002001   1.569e-05  HS65_LS_OAI22X6
IFU_module/instr_mem/g700      6.713e-05   0.0001113   0.0002001   2.165e-05  HS65_LS_NAND2X7
datapath_module/alu_module/mul_44_34/g12367  5.243e-05   0.0001132      0.0002   3.434e-05  HS65_LS_MUXI21X2
datapath_module/alu_module/mul_44_34/g12326  6.088e-05   0.0001079   0.0001999   3.114e-05  HS65_LS_MUXI21X2
datapath_module/alu_module/sub_35_34/g935  9.098e-05   8.681e-05   0.0001997   2.194e-05  HS65_LS_IVX9
datapath_module/alu_module/mul_44_34/FE_RC_99_0  0.0001236   5.773e-05   0.0001989   1.758e-05  HS65_LS_IVX9
datapath_module/reg_file_module/g21699  5.103e-05   0.0001279   0.0001988   1.987e-05  HS65_LS_AND3X9
datapath_module/alu_module/mul_44_34/g11987  0.0001155   6.637e-05   0.0001975   1.569e-05  HS65_LS_OAI22X6
datapath_module/alu_module/mul_44_34/g12314  6.094e-05   0.0001045   0.0001965   3.114e-05  HS65_LS_MUXI21X2
control_module/g604            0.0001029   7.318e-05   0.0001964   2.038e-05  HS65_LS_NOR3AX2
datapath_module/alu_module/mul_44_34/g12310  6.093e-05   0.0001038   0.0001959   3.114e-05  HS65_LS_MUXI21X2
datapath_module/alu_module/mul_44_34/g11749  4.959e-05   0.0001402   0.0001954   5.574e-06  HS65_LS_PAOI2X1
datapath_module/alu_module/mul_44_34/g11962  0.0001146   6.439e-05   0.0001946   1.569e-05  HS65_LS_OAI22X6
datapath_module/alu_module/sll_42_34/g2826  0.0001106   5.391e-05   0.0001946   3.002e-05  HS65_LS_MUX21I1X6
datapath_module/alu_module/sll_42_34/g2809  5.873e-05    9.95e-05   0.0001942   3.601e-05  HS65_LS_AOI22X6
datapath_module/alu_module/mul_44_34/g11914  0.0001146   6.386e-05   0.0001942   1.569e-05  HS65_LS_OAI22X6
IFU_module/instr_mem/g2        7.929e-05   8.486e-05   0.0001941   2.996e-05  HS65_LS_NAND2AX7
datapath_module/alu_module/mul_44_34/g11944  0.0001148    6.34e-05   0.0001939   1.569e-05  HS65_LS_OAI22X6
datapath_module/alu_module/sll_42_34/g2804  5.496e-05   0.0001179   0.0001938   2.098e-05  HS65_LS_AO32X4
datapath_module/alu_module/sub_35_34/g917  7.032e-05   0.0001008   0.0001931   2.199e-05  HS65_LS_IVX9
datapath_module/alu_module/g6838  9.271e-05   5.755e-05    0.000193   4.273e-05  HS65_LS_MX41X7
datapath_module/alu_module/mul_44_34/g11886  0.0001145    6.26e-05   0.0001928   1.569e-05  HS65_LS_OAI22X6
datapath_module/alu_module/mul_44_34/g12447  9.468e-05   6.843e-05   0.0001922   2.909e-05  HS65_LS_OAI22X6
datapath_module/alu_module/mul_44_34/g12008  0.0001131   6.329e-05   0.0001921   1.569e-05  HS65_LS_OAI22X6
datapath_module/alu_module/sub_35_34/g893  7.016e-05   9.969e-05   0.0001918   2.199e-05  HS65_LS_IVX9
datapath_module/alu_module/sub_35_34/g903  7.021e-05   9.906e-05   0.0001913   2.199e-05  HS65_LS_IVX9
datapath_module/alu_module/mul_44_34/g11904  0.0001123   6.318e-05   0.0001912   1.569e-05  HS65_LS_OAI22X6
datapath_module/reg_file_module/g5145   3.42e-05   0.0001383   0.0001912   1.868e-05  HS65_LS_NAND2X7
datapath_module/alu_module/mul_44_34/g11968   0.000113   6.198e-05   0.0001906   1.569e-05  HS65_LS_OAI22X6
datapath_module/alu_module/mul_44_34/g11888  0.0001126   6.214e-05   0.0001904   1.569e-05  HS65_LS_OAI22X6
datapath_module/alu_module/mul_44_34/g11918  0.0001127   6.186e-05   0.0001902   1.569e-05  HS65_LS_OAI22X6
datapath_module/alu_module/mul_44_34/g12038  0.0001118   6.214e-05   0.0001896   1.569e-05  HS65_LS_OAI22X6
datapath_module/alu_module/sll_42_34/FE_RC_74_0  4.805e-05   0.0001248   0.0001894   1.655e-05  HS65_LS_AND2X4
datapath_module/alu_module/add_34_34/g771  0.0001001   4.309e-05   0.0001891   4.595e-05  HS65_LS_FA1X4
datapath_module/reg_file_module/g21708  5.538e-05   0.0001176   0.0001891   1.616e-05  HS65_LS_NOR2X6
datapath_module/alu_module/g6906  0.0001119   4.878e-05   0.0001891   2.836e-05  HS65_LS_AO22X9
datapath_module/alu_module/sub_35_34/g968   9.42e-05     6.9e-05   0.0001887   2.554e-05  HS65_LS_IVX9
datapath_module/alu_module/mul_44_34/FE_RC_22_0   0.000112   5.019e-05   0.0001885   2.628e-05  HS65_LS_IVX9
datapath_module/alu_module/mul_44_34/g12365  5.266e-05   0.0001015   0.0001884   3.434e-05  HS65_LS_MUXI21X2
datapath_module/alu_module/mul_44_34/FE_RC_121_0  6.389e-05   9.825e-05   0.0001877   2.554e-05  HS65_LS_IVX9
datapath_module/alu_module/mul_44_34/g12364  5.268e-05   0.0001003   0.0001873   3.434e-05  HS65_LS_MUXI21X2
datapath_module/alu_module/sub_35_34/g909  6.985e-05   9.533e-05   0.0001872   2.199e-05  HS65_LS_IVX9
datapath_module/alu_module/mul_44_34/g12426  8.753e-05   7.267e-05   0.0001869   2.673e-05  HS65_LS_OAI22X6
datapath_module/alu_module/mul_44_34/FE_RC_111_0  6.389e-05   9.582e-05   0.0001853   2.554e-05  HS65_LS_IVX9
datapath_module/alu_module/sub_35_34/g950  0.0001052   6.074e-05   0.0001851   1.916e-05  HS65_LS_IVX9
control_module/g602            6.388e-05   9.854e-05    0.000185    2.26e-05  HS65_LS_AOI211X1
datapath_module/alu_module/mul_44_34/FE_RC_143_0  6.394e-05   9.531e-05   0.0001848   2.554e-05  HS65_LS_IVX9
datapath_module/alu_module/mul_44_34/g12440  9.538e-05   5.934e-05   0.0001841    2.94e-05  HS65_LS_OAI22X6
datapath_module/reg_file_module/g5119  1.431e-05   0.0001262   0.0001839   4.332e-05  HS65_LS_AND2ABX18
datapath_module/alu_module/add_34_34/g777  0.0001002    4.43e-05   0.0001834   3.883e-05  HS65_LS_HA1X4
datapath_module/alu_module/mul_44_34/g11732  7.773e-05   7.906e-05   0.0001828   2.605e-05  HS65_LS_PAO2X9
datapath_module/alu_module/sub_35_34/g939  8.058e-05   7.935e-05   0.0001822   2.224e-05  HS65_LS_IVX9
datapath_module/alu_module/mul_44_34/FE_RC_97_0  8.083e-05   8.566e-05   0.0001818    1.53e-05  HS65_LS_IVX9
datapath_module/alu_module/sub_35_34/g915   6.97e-05   8.914e-05   0.0001808   2.199e-05  HS65_LS_IVX9
datapath_module/alu_module/mul_44_34/g12373  5.282e-05   9.312e-05   0.0001803   3.434e-05  HS65_LS_MUXI21X2
datapath_module/alu_module/mul_44_34/FE_RC_150_0  6.396e-05   9.038e-05   0.0001799   2.554e-05  HS65_LS_IVX9
datapath_module/alu_module/mul_44_34/FE_RC_24_0  6.395e-05   9.006e-05   0.0001796   2.554e-05  HS65_LS_IVX9
datapath_module/alu_module/mul_44_34/FE_RC_120_0  8.086e-05   8.338e-05   0.0001795    1.53e-05  HS65_LS_IVX9
datapath_module/alu_module/mul_44_34/g12363  5.285e-05    9.16e-05   0.0001788   3.434e-05  HS65_LS_MUXI21X2
datapath_module/reg_file_module/g5113  1.487e-05   0.0001202   0.0001784   4.334e-05  HS65_LS_AND2ABX18
datapath_module/alu_module/mul_44_34/g12323  6.383e-05    9.06e-05   0.0001778   2.335e-05  HS65_LS_MUXI21X2
datapath_module/alu_module/mul_44_34/FE_RC_157_0  6.399e-05   8.724e-05   0.0001768   2.554e-05  HS65_LS_IVX9
datapath_module/alu_module/mul_44_34/g12249  0.0001081   4.189e-05   0.0001751   2.508e-05  HS65_LS_NOR2X6
datapath_module/alu_module/mul_44_34/g12382  5.293e-05   8.777e-05    0.000175   3.434e-05  HS65_LS_MUXI21X2
datapath_module/alu_module/sub_35_34/g905  7.025e-05   8.264e-05   0.0001749   2.199e-05  HS65_LS_IVX9
datapath_module/alu_module/g7024  3.035e-05    0.000122   0.0001743   2.193e-05  HS65_LS_IVX9
datapath_module/alu_module/sll_42_34/g2810  5.462e-05   8.371e-05   0.0001742    3.59e-05  HS65_LS_AOI22X6
datapath_module/alu_module/mul_44_34/g12442  9.447e-05   5.003e-05   0.0001742   2.967e-05  HS65_LS_OAI22X6
datapath_module/alu_module/mul_44_34/FE_RC_130_0  6.403e-05   8.447e-05   0.0001741   2.554e-05  HS65_LS_IVX9
datapath_module/alu_module/sub_35_34/g897  7.039e-05   8.122e-05   0.0001736   2.199e-05  HS65_LS_IVX9
datapath_module/alu_module/sub_35_34/g895  7.133e-05   7.995e-05   0.0001733   2.199e-05  HS65_LS_IVX9
datapath_module/alu_module/mul_44_34/FE_RC_70_0  6.401e-05   8.365e-05   0.0001732   2.554e-05  HS65_LS_IVX9
datapath_module/alu_module/mul_44_34/FE_RC_98_0  6.401e-05   8.353e-05   0.0001731   2.554e-05  HS65_LS_IVX9
datapath_module/reg_file_module/g21715  5.184e-05   0.0001025    0.000173   1.866e-05  HS65_LS_NOR2X6
datapath_module/alu_module/g6792  9.751e-05   5.304e-05   0.0001725   2.196e-05  HS65_LS_OR3X4
datapath_module/alu_module/sub_35_34/g913      7e-05   8.017e-05   0.0001722   2.199e-05  HS65_LS_IVX9
datapath_module/alu_module/mul_44_34/g12366  5.299e-05   8.453e-05   0.0001719   3.434e-05  HS65_LS_MUXI21X2
datapath_module/alu_module/mul_44_34/FE_RC_163_0  6.396e-05   8.212e-05   0.0001716   2.554e-05  HS65_LS_IVX9
datapath_module/reg_file_module/g21619  3.754e-05   0.0001241   0.0001709   9.217e-06  HS65_LS_NOR2X6
datapath_module/alu_module/mul_44_34/g12381  5.301e-05    8.32e-05   0.0001706   3.434e-05  HS65_LS_MUXI21X2
datapath_module/alu_module/g6843  9.622e-05   3.133e-05   0.0001705   4.295e-05  HS65_LS_MX41X7
datapath_module/alu_module/g6846  9.772e-05   2.962e-05   0.0001704   4.304e-05  HS65_LS_MX41X7
datapath_module/alu_module/srl_43_34/g3094  0.0001079    3.37e-05   0.0001702   2.857e-05  HS65_LS_IVX9
datapath_module/alu_module/g6855  9.449e-05   3.244e-05   0.0001698   4.286e-05  HS65_LS_MX41X7
IFU_module/FE_OFC38_n_18       3.467e-05   0.0001181   0.0001697   1.693e-05  HS65_LS_IVX7
datapath_module/alu_module/mul_44_34/g12378  5.303e-05   8.235e-05   0.0001697   3.434e-05  HS65_LS_MUXI21X2
datapath_module/alu_module/g6865  9.127e-05    3.53e-05   0.0001692   4.267e-05  HS65_LS_MX41X7
datapath_module/alu_module/mul_44_34/g12359  5.305e-05   8.153e-05   0.0001689   3.434e-05  HS65_LS_MUXI21X2
datapath_module/alu_module/sub_35_34/g979  7.197e-05   7.123e-05   0.0001686   2.537e-05  HS65_LS_IVX9
datapath_module/alu_module/sub_35_34/g907  7.103e-05   7.545e-05   0.0001685   2.199e-05  HS65_LS_IVX9
datapath_module/alu_module/sub_35_34/FE_RC_32_0  4.393e-05   9.982e-05   0.0001685   2.471e-05  HS65_LS_IVX9
datapath_module/alu_module/mul_44_34/g12327  5.465e-05   9.421e-05   0.0001684   1.957e-05  HS65_LS_IVX7
datapath_module/reg_file_module/g21711  5.729e-05   8.861e-05   0.0001677    2.18e-05  HS65_LS_NAND2X7
datapath_module/alu_module/g6836  9.216e-05   3.244e-05   0.0001673   4.272e-05  HS65_LS_MX41X7
datapath_module/reg_file_module/g21954   2.96e-05   0.0001236   0.0001672   1.399e-05  HS65_LS_NOR2AX3
datapath_module/alu_module/g6864  8.928e-05   3.536e-05   0.0001672   4.256e-05  HS65_LS_MX41X7
datapath_module/alu_module/sub_35_34/g901  7.092e-05   7.414e-05   0.0001671   2.199e-05  HS65_LS_IVX9
datapath_module/alu_module/g6857  9.471e-05   2.943e-05    0.000167   4.286e-05  HS65_LS_MX41X7
datapath_module/alu_module/mul_44_34/g12329  6.822e-05   7.902e-05    0.000167   1.974e-05  HS65_LS_IVX9
datapath_module/alu_module/sub_35_34/g911  7.164e-05   7.315e-05   0.0001668   2.199e-05  HS65_LS_IVX9
datapath_module/alu_module/g6860  9.042e-05    3.34e-05   0.0001664   4.263e-05  HS65_LS_MX41X7
control_module/g603            5.643e-05   8.753e-05   0.0001664   2.238e-05  HS65_LS_AOI211X1
datapath_module/reg_file_module/g5149  5.093e-05   0.0001022   0.0001661   1.304e-05  HS65_LS_NOR2X6
datapath_module/alu_module/sub_35_34/g931  7.027e-05   7.374e-05    0.000166   2.199e-05  HS65_LS_IVX9
datapath_module/alu_module/sub_35_34/g927  7.013e-05    7.33e-05   0.0001654   2.199e-05  HS65_LS_IVX9
datapath_module/alu_module/g6849  9.527e-05    2.61e-05   0.0001643   4.289e-05  HS65_LS_MX41X7
datapath_module/alu_module/g6862  8.858e-05   3.295e-05   0.0001641   4.253e-05  HS65_LS_MX41X7
datapath_module/reg_file_module/g21381  4.298e-05   7.393e-05    0.000164   4.706e-05  HS65_LS_NOR2X6
datapath_module/alu_module/sub_35_34/g921  7.021e-05   7.166e-05   0.0001639   2.199e-05  HS65_LS_IVX9
datapath_module/reg_file_module/FE_RC_155_0  7.502e-05   4.461e-05   0.0001637   4.411e-05  HS65_LS_OR2X9
datapath_module/alu_module/sub_35_34/g933  6.959e-05   7.198e-05   0.0001636   2.199e-05  HS65_LS_IVX9
datapath_module/alu_module/g6841  8.852e-05   3.243e-05   0.0001635   4.253e-05  HS65_LS_MX41X7
datapath_module/alu_module/g6837  9.276e-05   2.751e-05    0.000163   4.275e-05  HS65_LS_MX41X7
datapath_module/alu_module/sub_35_34/g919  7.041e-05   7.048e-05   0.0001629   2.199e-05  HS65_LS_IVX9
datapath_module/alu_module/mul_44_34/g12744  6.777e-05   6.923e-05   0.0001627   2.574e-05  HS65_LS_MUXI21X2
datapath_module/alu_module/sll_42_34/g2785  8.558e-05   4.836e-05   0.0001626   2.866e-05  HS65_LS_AO22X9
datapath_module/alu_module/sub_35_34/g887  7.027e-05       7e-05   0.0001623   2.199e-05  HS65_LS_IVX9
datapath_module/alu_module/mul_44_34/g12420  4.339e-05   8.797e-05   0.0001616   3.022e-05  HS65_LS_MUXI21X2
datapath_module/alu_module/g6863  9.056e-05   2.814e-05   0.0001613   4.263e-05  HS65_LS_MX41X7
datapath_module/alu_module/g6835  9.157e-05   2.706e-05   0.0001613   4.268e-05  HS65_LS_MX41X7
datapath_module/alu_module/sll_42_34/g2782  9.829e-05   3.652e-05   0.0001612   2.638e-05  HS65_LS_AO22X9
datapath_module/alu_module/sub_35_34/g885  7.121e-05   6.769e-05   0.0001609   2.199e-05  HS65_LS_IVX9
datapath_module/alu_module/g6861  9.043e-05   2.659e-05   0.0001596   4.263e-05  HS65_LS_MX41X7
datapath_module/alu_module/g6876  4.993e-05   6.671e-05   0.0001587   4.211e-05  HS65_LS_NAND4ABX3
datapath_module/alu_module/mul_44_34/FE_RC_69_0   8.12e-05   6.221e-05   0.0001587    1.53e-05  HS65_LS_IVX9
datapath_module/alu_module/sub_35_34/g889  7.037e-05   6.633e-05   0.0001587   2.199e-05  HS65_LS_IVX9
datapath_module/alu_module/sll_42_34/g2848  4.108e-05   0.0001089   0.0001584   8.419e-06  HS65_LS_NAND2X2
datapath_module/alu_module/mul_44_34/g12405  4.341e-05   8.437e-05    0.000158   3.022e-05  HS65_LS_MUXI21X2
datapath_module/alu_module/sub_35_34/g929  7.024e-05   6.482e-05   0.0001571   2.199e-05  HS65_LS_IVX9
control_module/g601             6.15e-05   6.924e-05    0.000157   2.626e-05  HS65_LS_AOI211X1
datapath_module/alu_module/sll_42_34/g2877  7.358e-05   6.261e-05   0.0001569   2.072e-05  HS65_LS_IVX9
datapath_module/alu_module/mul_44_34/FE_RC_132_0  3.846e-05   0.0001008   0.0001569    1.76e-05  HS65_LS_NAND2X7
datapath_module/alu_module/mul_44_34/g12414  4.341e-05   8.269e-05   0.0001563   3.022e-05  HS65_LS_MUXI21X2
datapath_module/alu_module/mul_44_34/g12404  4.342e-05   8.263e-05   0.0001563   3.022e-05  HS65_LS_MUXI21X2
datapath_module/alu_module/sub_35_34/g975  6.384e-05   6.654e-05   0.0001561   2.575e-05  HS65_LS_IVX9
datapath_module/reg_file_module/g21183  4.394e-05   5.519e-05   0.0001559   5.677e-05  HS65_LS_AOI211X4
datapath_module/alu_module/sub_35_34/g891  7.003e-05   6.308e-05   0.0001551   2.199e-05  HS65_LS_IVX9
datapath_module/alu_module/sll_42_34/g2783  8.206e-05   4.397e-05   0.0001546   2.852e-05  HS65_LS_AO22X9
datapath_module/alu_module/sll_42_34/FE_RC_108_0  6.216e-05   7.553e-05   0.0001545   1.683e-05  HS65_LS_NAND2X7
datapath_module/alu_module/mul_44_34/g12411  4.342e-05   8.079e-05   0.0001544   3.022e-05  HS65_LS_MUXI21X2
datapath_module/reg_file_module/FE_RC_17_0  3.947e-05   6.273e-05   0.0001536   5.139e-05  HS65_LS_NOR2X6
datapath_module/alu_module/g6932  7.526e-05   5.329e-05   0.0001528    2.43e-05  HS65_LS_NAND2X7
datapath_module/alu_module/mul_44_34/FE_RC_40_0  4.614e-05   9.198e-05   0.0001518   1.366e-05  HS65_LS_IVX9
datapath_module/alu_module/sub_35_34/g923   7.08e-05    5.89e-05   0.0001517   2.199e-05  HS65_LS_IVX9
datapath_module/alu_module/sub_35_34/g925   7.09e-05   5.853e-05   0.0001514   2.199e-05  HS65_LS_IVX9
IFU_module/instr_mem/g702      6.295e-05    6.86e-05   0.0001511    1.95e-05  HS65_LS_NOR2X6
datapath_module/reg_file_module/FE_RC_89_0  7.869e-05   2.829e-05    0.000151   4.406e-05  HS65_LS_OR2X9
datapath_module/alu_module/sub_35_34/g941   6.42e-05   6.448e-05    0.000151   2.229e-05  HS65_LS_IVX9
datapath_module/alu_module/mul_44_34/g12152  7.847e-05   4.852e-05   0.0001505    2.35e-05  HS65_LS_NAND2X7
datapath_module/reg_file_module/g21665  2.968e-05   0.0001061   0.0001498   1.399e-05  HS65_LS_NOR2AX3
datapath_module/alu_module/g6934  7.362e-05    5.15e-05   0.0001493   2.422e-05  HS65_LS_NAND2X7
datapath_module/reg_file_module/FE_OFC43_instruction_code_22  5.449e-05   7.782e-05   0.0001492   1.693e-05  HS65_LS_IVX7
datapath_module/alu_module/srl_43_34/FE_RC_76_0  6.422e-05   6.256e-05   0.0001491   2.236e-05  HS65_LS_NAND2AX7
datapath_module/alu_module/mul_44_34/g11705  7.044e-05   5.105e-05   0.0001481   2.657e-05  HS65_LS_PAO2X9
datapath_module/alu_module/g6800  7.049e-05   5.423e-05    0.000148   2.326e-05  HS65_LS_IVX7
datapath_module/reg_file_module/FE_RC_148_0   7.99e-05   2.323e-05   0.0001472   4.404e-05  HS65_LS_OR2X9
datapath_module/alu_module/sll_42_34/g2806  4.049e-05   7.179e-05   0.0001471   3.487e-05  HS65_LS_AOI22X6
datapath_module/alu_module/mul_44_34/FE_RC_29_0   3.82e-05    9.09e-05   0.0001465   1.744e-05  HS65_LS_NAND2X7
datapath_module/alu_module/srl_43_34/g2964  6.967e-05   6.107e-05   0.0001457   1.497e-05  HS65_LS_MUXI21X2
datapath_module/alu_module/mul_44_34/g12417  4.346e-05   7.094e-05   0.0001446   3.022e-05  HS65_LS_MUXI21X2
datapath_module/alu_module/g6807  7.936e-05    4.15e-05   0.0001441   2.323e-05  HS65_LS_IVX7
datapath_module/alu_module/sub_35_34/g945  4.709e-05   8.229e-05   0.0001429   1.351e-05  HS65_LS_PAOI2X1
datapath_module/alu_module/srl_43_34/g3077  6.949e-05     3.6e-05   0.0001419   3.639e-05  HS65_LS_AOI22X6
datapath_module/alu_module/srl_43_34/FE_RC_134_0  4.481e-05   6.646e-05   0.0001414   3.014e-05  HS65_LS_IVX9
control_module/g600            7.322e-05   4.574e-05   0.0001414   2.243e-05  HS65_LS_AOI211X1
datapath_module/reg_file_module/FE_RC_139_0  7.268e-05   2.407e-05    0.000141   4.429e-05  HS65_LS_OR2X9
datapath_module/alu_module/srl_43_34/g3026  8.097e-05   4.707e-05   0.0001406   1.259e-05  HS65_LS_OAI22X6
datapath_module/alu_module/g6999  5.673e-05   5.866e-05   0.0001404   2.496e-05  HS65_LS_MUXI21X2
datapath_module/alu_module/mul_44_34/g12317  5.575e-05    6.56e-05   0.0001402   1.884e-05  HS65_LS_IVX7
datapath_module/alu_module/g6929  7.671e-05    3.81e-05   0.0001391   2.431e-05  HS65_LS_NAND2X7
datapath_module/alu_module/mul_44_34/g12360  5.364e-05   5.095e-05   0.0001389   3.434e-05  HS65_LS_MUXI21X2
datapath_module/reg_file_module/FE_RC_8_0  1.974e-05   8.799e-05   0.0001389   3.115e-05  HS65_LS_IVX9
datapath_module/alu_module/g6802  7.339e-05   4.155e-05   0.0001382   2.327e-05  HS65_LS_IVX7
datapath_module/alu_module/mul_44_34/FE_RC_25_0  9.077e-05    2.85e-05   0.0001376   1.832e-05  HS65_LS_IVX9
datapath_module/alu_module/mul_44_34/FE_RC_153_0  4.222e-05    8.16e-05   0.0001373   1.349e-05  HS65_LS_AND2X4
datapath_module/alu_module/srl_43_34/FE_RC_123_0  3.627e-05   7.042e-05   0.0001367   3.006e-05  HS65_LS_IVX9
datapath_module/alu_module/FE_RC_31_0  4.633e-05   6.467e-05   0.0001365   2.554e-05  HS65_LS_IVX9
datapath_module/alu_module/sll_42_34/g2805  3.856e-05   6.259e-05   0.0001359   3.472e-05  HS65_LS_AOI22X6
datapath_module/alu_module/srl_43_34/FE_RC_101_0  6.447e-05   4.832e-05   0.0001353   2.251e-05  HS65_LS_NAND2AX7
datapath_module/alu_module/mul_44_34/g12085  5.755e-05    5.34e-05   0.0001348   2.389e-05  HS65_LS_AO22X9
datapath_module/alu_module/sub_35_34/FE_OFC36_read_data2_1  7.556e-05   3.859e-05   0.0001344   2.021e-05  HS65_LS_IVX7
datapath_module/reg_file_module/FE_RC_116_0  4.331e-05   4.035e-05   0.0001335   4.986e-05  HS65_LS_NOR2X6
datapath_module/alu_module/mul_44_34/g12250  5.299e-05   6.617e-05   0.0001332   1.409e-05  HS65_LS_AOI12X2
datapath_module/reg_file_module/FE_OFC46_instruction_code_21  3.289e-05   8.323e-05   0.0001331   1.693e-05  HS65_LS_IVX7
datapath_module/alu_module/mul_44_34/g11723  4.791e-05   3.974e-05   0.0001327   4.503e-05  HS65_LS_FA1X4
datapath_module/alu_module/sub_35_34/g965  4.781e-05   5.551e-05   0.0001323   2.903e-05  HS65_LS_IVX9
datapath_module/reg_file_module/g21379  4.639e-05    3.82e-05   0.0001321   4.751e-05  HS65_LS_NOR2X6
datapath_module/alu_module/g6930  6.807e-05   3.966e-05   0.0001319   2.413e-05  HS65_LS_NAND2X7
datapath_module/alu_module/mul_44_34/g12103  8.188e-05   3.323e-05   0.0001316   1.649e-05  HS65_LS_NOR2X6
datapath_module/alu_module/g6992   6.08e-05   4.541e-05   0.0001313   2.504e-05  HS65_LS_MUXI21X2
datapath_module/alu_module/g6995  5.524e-05   5.051e-05   0.0001309   2.514e-05  HS65_LS_MUXI21X2
datapath_module/alu_module/g6982  5.534e-05   4.874e-05     0.00013    2.59e-05  HS65_LS_MUXI21X2
datapath_module/alu_module/srl_43_34/FE_RC_30_0  6.438e-05   5.373e-05     0.00013   1.186e-05  HS65_LS_NOR2X6
datapath_module/alu_module/srl_43_34/g2963   5.88e-05   5.651e-05   0.0001297    1.44e-05  HS65_LS_MUXI21X2
datapath_module/alu_module/sll_42_34/g2780  6.457e-05   3.646e-05   0.0001292   2.816e-05  HS65_LS_AO22X9
datapath_module/reg_file_module/g21706  4.754e-05    6.51e-05   0.0001288   1.616e-05  HS65_LS_NOR2X6
datapath_module/alu_module/mul_44_34/g11855  2.814e-05   6.958e-05   0.0001287   3.095e-05  HS65_LS_IVX9
datapath_module/alu_module/mul_44_34/FE_RC_23_0  8.165e-05   3.162e-05   0.0001286    1.53e-05  HS65_LS_IVX9
datapath_module/alu_module/mul_44_34/g11722  5.237e-05   6.265e-05   0.0001279    1.29e-05  HS65_LS_IVX7
IFU_module/instr_mem/FE_OFC40_n_18  3.485e-05   7.482e-05   0.0001266   1.693e-05  HS65_LS_IVX7
datapath_module/reg_file_module/FE_RC_9_0  4.029e-05   3.541e-05   0.0001256   4.986e-05  HS65_LS_NOR2X6
datapath_module/reg_file_module/FE_RC_107_0  5.223e-05   2.732e-05   0.0001239   4.437e-05  HS65_LS_OR2X9
datapath_module/alu_module/g7021  4.427e-05   6.188e-05   0.0001236   1.748e-05  HS65_LS_NOR2AX3
datapath_module/alu_module/srl_43_34/g2961  5.211e-05   5.721e-05   0.0001236   1.428e-05  HS65_LS_MUXI21X2
datapath_module/alu_module/mul_44_34/g12321  3.822e-05   6.515e-05   0.0001236   2.021e-05  HS65_LS_IVX7
control_module/g610            4.696e-05    6.22e-05   0.0001233   1.413e-05  HS65_LS_AND2X4
IFU_module/instr_mem/g705      2.269e-05   9.256e-05   0.0001231   7.856e-06  HS65_LS_NOR2X2
datapath_module/alu_module/srl_43_34/g2965  6.251e-05   4.546e-05   0.0001224   1.445e-05  HS65_LS_MUXI21X2
control_module/g611            4.437e-05   5.034e-05    0.000122   2.733e-05  HS65_LS_IVX9
datapath_module/reg_file_module/g21498  7.326e-05   1.505e-05   0.0001219   3.362e-05  HS65_LS_AO22X9
IFU_module/instr_mem/FE_OFC42_instruction_code_22  5.489e-05   4.983e-05   0.0001217   1.693e-05  HS65_LS_IVX7
datapath_module/reg_file_module/FE_RC_57_0  3.878e-05   3.104e-05   0.0001216   5.175e-05  HS65_LS_NOR2X6
datapath_module/alu_module/g6786  3.768e-05   9.695e-09   0.0001215   8.382e-05  HS65_LS_NOR2X50
datapath_module/alu_module/g7022  4.427e-05   5.963e-05   0.0001214   1.748e-05  HS65_LS_NOR2AX3
control_module/g606            5.464e-05   3.951e-05   0.0001213   2.719e-05  HS65_LS_IVX9
datapath_module/reg_file_module/g21380  3.153e-05   3.996e-05   0.0001206   4.908e-05  HS65_LS_NOR2X6
datapath_module/reg_file_module/g21377  4.556e-05    3.09e-05   0.0001205   4.403e-05  HS65_LS_NOR2X6
datapath_module/alu_module/g6985  4.895e-05   4.471e-05   0.0001203   2.667e-05  HS65_LS_MUXI21X2
datapath_module/reg_file_module/FE_RC_105_0  4.236e-05   2.576e-05   0.0001188   5.073e-05  HS65_LS_NOR2X6
datapath_module/alu_module/mul_44_34/g11789  5.609e-05   4.227e-05   0.0001178   1.947e-05  HS65_LS_IVX7
datapath_module/reg_file_module/g21710  4.933e-05   5.221e-05   0.0001177   1.616e-05  HS65_LS_NOR2X6
control_module/g609             3.54e-05   7.043e-05   0.0001172   1.136e-05  HS65_LS_NOR2X2
datapath_module/reg_file_module/FE_RC_125_0  4.576e-05   2.053e-05   0.0001166   5.031e-05  HS65_LS_NOR2X6
datapath_module/alu_module/srl_43_34/g2962  5.206e-05   5.005e-05   0.0001163   1.418e-05  HS65_LS_MUXI21X2
datapath_module/reg_file_module/FE_RC_6_0  2.376e-05   3.909e-05   0.0001163    5.34e-05  HS65_LS_NOR2X6
datapath_module/alu_module/srl_43_34/FE_RC_113_0  2.847e-05   5.643e-05   0.0001158   3.092e-05  HS65_LS_IVX9
datapath_module/alu_module/mul_44_34/FE_RC_151_0  5.963e-05   4.272e-05   0.0001151   1.272e-05  HS65_LS_AND2X4
datapath_module/reg_file_module/FE_RC_88_0  4.409e-05   2.108e-05    0.000115   4.986e-05  HS65_LS_NOR2X6
datapath_module/alu_module/mul_44_34/g12388  4.329e-05   5.264e-05   0.0001149   1.898e-05  HS65_LS_IVX7
datapath_module/alu_module/mul_44_34/g11875   4.39e-05   5.461e-05   0.0001123   1.381e-05  HS65_LS_NOR2AX3
datapath_module/reg_file_module/g21223  4.884e-05   3.984e-05   0.0001122    2.35e-05  HS65_LS_AND2X4
datapath_module/reg_file_module/g21669  2.628e-05   7.303e-05   0.0001107   1.136e-05  HS65_LS_AND2X4
datapath_module/alu_module/sll_42_34/g2764  4.426e-05   2.534e-05   0.0001098   4.023e-05  HS65_LS_AOI212X4
datapath_module/reg_file_module/FE_RC_19_0  3.414e-05   5.196e-05   0.0001097   2.364e-05  HS65_LS_AND2X4
datapath_module/alu_module/sll_42_34/FE_RC_133_0  3.749e-05     4.7e-05   0.0001089   2.437e-05  HS65_LS_AOI22X6
datapath_module/alu_module/g6913  5.497e-05   3.186e-05   0.0001087   2.191e-05  HS65_LS_CBI4I1X5
datapath_module/alu_module/g6789  5.334e-05   3.154e-05   0.0001076   2.274e-05  HS65_LS_OR3X4
datapath_module/alu_module/mul_44_34/g12368  4.272e-05   4.469e-05   0.0001073   1.993e-05  HS65_LS_IVX7
datapath_module/reg_file_module/g21456  4.104e-05    4.86e-05   0.0001069   1.721e-05  HS65_LS_AOI12X2
datapath_module/reg_file_module/g21186  6.077e-05   2.203e-05   0.0001058   2.299e-05  HS65_LS_AND2X4
datapath_module/reg_file_module/FE_DBTC1_n_2885  1.529e-05   7.797e-05   0.0001055   1.222e-05  HS65_LS_IVX9
IFU_module/instr_mem/g690      3.847e-05   5.386e-05   0.0001051   1.282e-05  HS65_LS_NOR2X6
datapath_module/alu_module/srl_43_34/FE_RC_75_0  5.365e-05   4.216e-05   0.0001051   9.309e-06  HS65_LS_NOR2X6
datapath_module/alu_module/g6962  5.268e-05   3.843e-05   0.0001044   1.332e-05  HS65_LS_OAI12X3
datapath_module/alu_module/mul_44_34/g11853    2.8e-05   6.552e-05   0.0001039   1.038e-05  HS65_LS_PAOI2X1
datapath_module/alu_module/mul_44_34/FE_OFC49_n_66  4.263e-05   3.726e-05   0.0001032   2.326e-05  HS65_LS_IVX7
datapath_module/alu_module/g6961  5.195e-05   3.673e-05   0.0001025   1.386e-05  HS65_LS_OAI12X3
datapath_module/alu_module/mul_44_34/FE_RC_80_0  3.849e-05   5.194e-05   0.0001018   1.136e-05  HS65_LS_AND2X4
datapath_module/alu_module/mul_44_34/g11682  4.163e-05   3.454e-05   0.0001018   2.561e-05  HS65_LS_PAO2X9
datapath_module/reg_file_module/g21626  1.796e-05   5.216e-05   0.0001018   3.165e-05  HS65_LS_IVX9
IFU_module/instr_mem/g697      5.537e-05   2.445e-05   0.0001015   2.165e-05  HS65_LS_NAND2X7
datapath_module/reg_file_module/g5110   1.34e-05   7.806e-05   0.0001014   9.936e-06  HS65_LS_AND2X4
datapath_module/reg_file_module/FE_RC_127_0  2.537e-05   4.501e-05   0.0001013   3.093e-05  HS65_LS_IVX9
datapath_module/reg_file_module/g21505  3.742e-05   3.974e-05   0.0001008   2.359e-05  HS65_LS_NAND2X7
datapath_module/alu_module/mul_44_34/g12379  4.488e-05   4.096e-05   0.0001006   1.477e-05  HS65_LS_IVX7
datapath_module/alu_module/g6965  5.098e-05   3.608e-05   0.0001002   1.315e-05  HS65_LS_OAI12X3
datapath_module/alu_module/mul_44_34/g12418  4.366e-05   2.619e-05   0.0001001   3.022e-05  HS65_LS_MUXI21X2
datapath_module/reg_file_module/g5115  5.196e-05   3.317e-05      0.0001   1.489e-05  HS65_LS_NOR2AX3
datapath_module/reg_file_module/g21640  3.416e-05   5.728e-05   9.994e-05   8.511e-06  HS65_LS_NOR2X6
datapath_module/reg_file_module/g5117  5.397e-05   3.096e-05   9.993e-05     1.5e-05  HS65_LS_NOR2AX3
datapath_module/reg_file_module/g21705   3.03e-05   4.078e-05   9.976e-05   2.868e-05  HS65_LS_IVX9
datapath_module/alu_module/g6959   4.85e-05   3.795e-05   9.951e-05   1.307e-05  HS65_LS_OAI12X3
datapath_module/alu_module/sll_42_34/g2794  2.514e-05   5.406e-05   9.844e-05   1.924e-05  HS65_LS_AOI222X2
datapath_module/reg_file_module/FE_RC_10_0  2.665e-05   1.794e-05   9.773e-05   5.314e-05  HS65_LS_NOR2X6
datapath_module/alu_module/sll_42_34/g2765  3.623e-05   2.098e-05   9.745e-05   4.023e-05  HS65_LS_AOI212X4
datapath_module/reg_file_module/FE_RC_7_0  1.947e-05   4.607e-05   9.669e-05   3.115e-05  HS65_LS_IVX9
datapath_module/reg_file_module/g21956  3.423e-05   4.001e-05   9.609e-05   2.184e-05  HS65_LS_NAND3AX6
datapath_module/reg_file_module/g21231  4.961e-05   2.291e-05   9.593e-05   2.341e-05  HS65_LS_AND2X4
datapath_module/alu_module/sub_35_34/g946  3.853e-05   3.768e-05   9.537e-05   1.916e-05  HS65_LS_IVX9
datapath_module/alu_module/sll_42_34/g2774  3.773e-05    4.37e-05    9.47e-05   1.327e-05  HS65_LS_MUXI21X2
datapath_module/alu_module/sll_42_34/FE_RC_28_0  4.028e-05   4.007e-05   9.469e-05   1.434e-05  HS65_LS_NAND2X7
datapath_module/alu_module/FE_RC_53_0  4.509e-05   3.647e-05   9.445e-05   1.289e-05  HS65_LS_AND2X4
datapath_module/reg_file_module/g21653  3.444e-05   5.041e-05   9.335e-05   8.511e-06  HS65_LS_NOR2X6
datapath_module/alu_module/g6790  3.333e-05   2.743e-05   9.312e-05   3.237e-05  HS65_LS_NAND4ABX3
datapath_module/alu_module/g7017  2.052e-05   6.564e-05   9.312e-05   6.958e-06  HS65_LS_NOR2X3
datapath_module/alu_module/g7023  1.992e-05   6.562e-05   9.307e-05    7.54e-06  HS65_LS_NAND2X2
datapath_module/alu_module/mul_44_34/g12383  3.028e-05   4.052e-05   9.273e-05   2.193e-05  HS65_LS_IVX7
datapath_module/reg_file_module/g21528  3.622e-05   3.261e-05   9.242e-05   2.359e-05  HS65_LS_NAND2X7
datapath_module/reg_file_module/FE_RC_93_0  2.553e-05     1.4e-05   9.239e-05   5.286e-05  HS65_LS_NOR2X6
datapath_module/reg_file_module/g21713  5.375e-05   1.969e-05    9.21e-05   1.866e-05  HS65_LS_NOR2X6
datapath_module/alu_module/drc_bufs7054  3.681e-05    2.76e-05   9.174e-05   2.733e-05  HS65_LS_IVX9
datapath_module/reg_file_module/g21703  2.652e-05    5.36e-05   9.159e-05   1.147e-05  HS65_LS_AND2X4
datapath_module/reg_file_module/FE_RC_11_0  2.961e-05   3.063e-05   9.117e-05   3.093e-05  HS65_LS_IVX9
datapath_module/alu_module/mul_44_34/FE_RC_95_0   3.07e-05    4.56e-05   9.115e-05   1.484e-05  HS65_LS_IVX9
datapath_module/alu_module/sll_42_34/g2795  3.069e-05   4.151e-05     9.1e-05    1.88e-05  HS65_LS_AOI222X2
datapath_module/alu_module/FE_RC_86_0  4.153e-05   1.901e-05   9.056e-05   3.003e-05  HS65_LS_IVX9
datapath_module/alu_module/sll_42_34/g2789  3.041e-05   4.179e-05   9.042e-05   1.821e-05  HS65_LS_AOI222X2
datapath_module/alu_module/FE_RC_104_0  4.153e-05   1.859e-05   9.015e-05   3.003e-05  HS65_LS_IVX9
datapath_module/alu_module/FE_RC_55_0  4.154e-05   1.819e-05   8.975e-05   3.003e-05  HS65_LS_IVX9
datapath_module/reg_file_module/g21707  5.132e-05   1.972e-05    8.97e-05   1.866e-05  HS65_LS_NOR2X6
datapath_module/alu_module/FE_RC_4_0  4.154e-05   1.781e-05   8.937e-05   3.003e-05  HS65_LS_IVX9
datapath_module/reg_file_module/FE_RC_140_0  2.735e-05   3.061e-05   8.889e-05   3.093e-05  HS65_LS_IVX9
datapath_module/alu_module/mul_44_34/FE_RC_82_0  3.858e-05   3.864e-05   8.859e-05   1.136e-05  HS65_LS_AND2X4
IFU_module/instr_mem/g701      2.805e-05   3.913e-05   8.818e-05     2.1e-05  HS65_LS_IVX7
datapath_module/alu_module/sll_42_34/g2775   3.12e-05   4.401e-05   8.813e-05   1.292e-05  HS65_LS_MUXI21X2
datapath_module/alu_module/srl_43_34/FE_RC_146_0   3.01e-05   2.632e-05   8.755e-05   3.113e-05  HS65_LS_IVX9
datapath_module/alu_module/sll_42_34/g2768  3.034e-05   1.694e-05   8.753e-05   4.024e-05  HS65_LS_AOI212X4
datapath_module/alu_module/FE_RC_115_0  4.156e-05   1.586e-05   8.745e-05   3.003e-05  HS65_LS_IVX9
datapath_module/alu_module/FE_RC_51_0  4.507e-05   2.926e-05   8.722e-05   1.289e-05  HS65_LS_AND2X4
datapath_module/reg_file_module/g21514  3.423e-05   2.901e-05   8.673e-05   2.349e-05  HS65_LS_NAND2X7
datapath_module/reg_file_module/FE_RC_91_0  1.534e-05   3.926e-05   8.637e-05   3.178e-05  HS65_LS_IVX9
datapath_module/alu_module/FE_RC_84_0  4.505e-05   2.814e-05   8.609e-05   1.289e-05  HS65_LS_AND2X4
datapath_module/alu_module/sll_42_34/g2787   4.68e-05   2.718e-05   8.524e-05   1.125e-05  HS65_LS_OAI22X6
datapath_module/reg_file_module/FE_OFC45_instruction_code_21  3.305e-05    3.52e-05   8.518e-05   1.693e-05  HS65_LS_IVX7
datapath_module/reg_file_module/g5153  3.236e-05   4.377e-05   8.436e-05   8.225e-06  HS65_LS_NOR2X6
datapath_module/alu_module/sll_42_34/g2767  2.869e-05    1.52e-05   8.414e-05   4.025e-05  HS65_LS_AOI212X4
datapath_module/reg_file_module/g21509  2.579e-05   3.511e-05   8.412e-05   2.322e-05  HS65_LS_NAND2X7
datapath_module/reg_file_module/FE_RC_117_0  1.318e-05   3.845e-05   8.341e-05   3.178e-05  HS65_LS_IVX9
datapath_module/reg_file_module/g21950  2.288e-05   4.668e-05   8.303e-05   1.347e-05  HS65_LS_NOR2AX3
datapath_module/alu_module/sll_42_34/g2773   3.42e-05    3.52e-05   8.243e-05   1.302e-05  HS65_LS_MUXI21X2
datapath_module/alu_module/FE_RC_83_0  4.504e-05   2.395e-05   8.188e-05   1.289e-05  HS65_LS_AND2X4
datapath_module/alu_module/sll_42_34/FE_RC_78_0  2.171e-05   2.353e-05    8.16e-05   3.636e-05  HS65_LS_OR2X9
datapath_module/reg_file_module/FE_RC_94_0    1.5e-05   3.489e-05   8.153e-05   3.165e-05  HS65_LS_IVX9
datapath_module/reg_file_module/FE_RC_160_0  3.193e-05   1.859e-05   8.146e-05   3.093e-05  HS65_LS_IVX9
datapath_module/reg_file_module/FE_RC_138_0  1.614e-05   3.189e-05   7.968e-05   3.165e-05  HS65_LS_IVX9
datapath_module/alu_module/sll_42_34/FE_RC_114_0  2.013e-05   2.093e-05   7.741e-05   3.635e-05  HS65_LS_OR2X9
datapath_module/alu_module/sll_42_34/g2781  4.155e-05   2.458e-05   7.716e-05   1.103e-05  HS65_LS_OAI22X6
datapath_module/alu_module/FE_RC_5_0  5.299e-05           0   7.694e-05   2.395e-05  HS65_LS_NAND2X7
datapath_module/alu_module/FE_RC_56_0  5.299e-05           0   7.694e-05   2.395e-05  HS65_LS_NAND2X7
datapath_module/alu_module/FE_RC_87_0  5.299e-05           0   7.694e-05   2.395e-05  HS65_LS_NAND2X7
datapath_module/reg_file_module/g21623  2.621e-05   3.787e-05   7.545e-05   1.136e-05  HS65_LS_AND2X4
datapath_module/reg_file_module/FE_RC_118_0  1.453e-05   2.912e-05    7.53e-05   3.165e-05  HS65_LS_IVX9
datapath_module/alu_module/mul_44_34/FE_RC_145_0  2.851e-05   3.479e-05   7.528e-05   1.198e-05  HS65_LS_AND2X4
datapath_module/alu_module/sll_42_34/g2777    3.1e-05   2.994e-05   7.378e-05   1.284e-05  HS65_LS_MUXI21X2
datapath_module/reg_file_module/g21634  2.632e-05   4.002e-05   7.337e-05    7.02e-06  HS65_LS_NOR2X6
datapath_module/reg_file_module/FE_RC_64_0  2.355e-05   2.648e-05   7.318e-05   2.315e-05  HS65_LS_NAND2X7
datapath_module/reg_file_module/g21511  2.586e-05   2.398e-05   7.306e-05   2.322e-05  HS65_LS_NAND2X7
datapath_module/alu_module/g6967  3.457e-05   3.171e-05   7.286e-05   6.573e-06  HS65_LS_OAI12X2
datapath_module/alu_module/sll_42_34/g2776  2.997e-05   2.845e-05   7.123e-05   1.282e-05  HS65_LS_MUXI21X2
datapath_module/alu_module/sll_42_34/g2790  1.928e-05   3.234e-05    6.95e-05   1.788e-05  HS65_LS_AOI222X2
datapath_module/alu_module/g6791  3.089e-05   3.253e-05   6.923e-05   5.811e-06  HS65_LS_NOR3X1
datapath_module/reg_file_module/g21515  2.361e-05   2.237e-05   6.912e-05   2.315e-05  HS65_LS_NAND2X7
IFU_module/instr_mem/g695      1.782e-05    4.56e-05   6.827e-05   4.863e-06  HS65_LS_NOR2X2
datapath_module/reg_file_module/FE_RC_60_0   1.41e-05   2.151e-05   6.739e-05   3.178e-05  HS65_LS_IVX9
datapath_module/alu_module/sll_42_34/g2786  2.312e-05   3.518e-05   6.704e-05   8.742e-06  HS65_LS_OAI12X3
control_module/g608            2.314e-05   3.855e-05   6.689e-05   5.195e-06  HS65_LS_NOR3X1
datapath_module/reg_file_module/g21512  2.346e-05   2.028e-05   6.688e-05   2.315e-05  HS65_LS_NAND2X7
IFU_module/instr_mem/g698      2.479e-05   2.893e-05   6.658e-05   1.287e-05  HS65_LS_IVX7
datapath_module/alu_module/srl_43_34/FE_RC_154_0  3.278e-05   2.624e-05   6.503e-05   6.005e-06  HS65_LS_NOR2X6
datapath_module/alu_module/sll_42_34/g2791   2.03e-05   2.688e-05   6.499e-05   1.782e-05  HS65_LS_AOI222X2
datapath_module/reg_file_module/g21608  2.646e-05   1.817e-05   6.432e-05   1.969e-05  HS65_LS_NAND2X7
datapath_module/alu_module/sll_42_34/FE_RC_77_0  2.281e-05   3.062e-05   6.396e-05   1.053e-05  HS65_LS_AND2X4
datapath_module/reg_file_module/FE_RC_13_0  1.249e-05   1.937e-05   6.364e-05   3.178e-05  HS65_LS_IVX9
datapath_module/alu_module/sll_42_34/FE_RC_135_0  1.391e-05    1.33e-05   6.348e-05   3.627e-05  HS65_LS_OR2X9
datapath_module/alu_module/mul_44_34/FE_RC_54_0          0           0   6.228e-05   6.228e-05  HS65_LSS_XOR2X6
IFU_module/instr_mem/g689      1.903e-05   1.971e-05   6.178e-05   2.303e-05  HS65_LS_IVX7
datapath_module/alu_module/sll_42_34/g2772  2.501e-05   2.151e-05   5.907e-05   1.256e-05  HS65_LS_MUXI21X2
datapath_module/alu_module/sll_42_34/g2779  3.374e-05   1.407e-05   5.822e-05   1.041e-05  HS65_LS_OAI22X6
datapath_module/reg_file_module/FE_RC_126_0  1.536e-05     1.1e-05   5.814e-05   3.178e-05  HS65_LS_IVX9
datapath_module/alu_module/sll_42_34/g2756  2.131e-05    2.35e-05    5.72e-05   1.239e-05  HS65_LS_MUXI21X2
datapath_module/reg_file_module/g2  2.646e-05    1.92e-05   5.712e-05   1.147e-05  HS65_LS_AND2X4
datapath_module/alu_module/sll_42_34/g2843  4.657e-05           0   5.518e-05   8.609e-06  HS65_LS_NOR2X2
datapath_module/alu_module/mul_44_34/g11707   1.65e-05   3.407e-05   5.451e-05   3.941e-06  HS65_LS_PAOI2X1
datapath_module/alu_module/sll_42_34/FE_RC_73_0  2.406e-05   2.477e-05   5.441e-05   5.586e-06  HS65_LS_NOR2X6
datapath_module/alu_module/sll_42_34/g2769  2.904e-05   1.396e-05    5.44e-05    1.14e-05  HS65_LS_OAI22X6
control_module/g605            1.918e-05   2.008e-05   5.361e-05   1.435e-05  HS65_LS_NOR3AX2
datapath_module/alu_module/sll_42_34/FE_RC_100_0  2.311e-05   2.442e-05   5.317e-05    5.63e-06  HS65_LS_NOR2X6
datapath_module/alu_module/g6935  1.936e-05   2.558e-05   5.292e-05   7.967e-06  HS65_LS_NAND2X2
datapath_module/alu_module/sll_42_34/g2788  2.202e-05   1.124e-05   5.073e-05   1.748e-05  HS65_LS_NAND2X7
datapath_module/alu_module/mul_44_34/FE_RC_47_0  2.529e-05   2.015e-05   5.072e-05   5.282e-06  HS65_LS_NOR2X6
datapath_module/alu_module/sll_42_34/g2778  1.853e-05   1.929e-05   5.011e-05    1.23e-05  HS65_LS_MUXI21X2
datapath_module/alu_module/mul_44_34/FE_RC_137_0  2.578e-05   1.868e-05   4.844e-05   3.975e-06  HS65_LS_NOR2X6
datapath_module/alu_module/mul_44_34/g11811          0           0   4.472e-05   4.472e-05  HS65_LS_FA1X4
datapath_module/alu_module/mul_44_34/g11801          0           0   4.472e-05   4.472e-05  HS65_LS_FA1X4
datapath_module/alu_module/mul_44_34/g11805          0           0   4.472e-05   4.472e-05  HS65_LS_FA1X4
datapath_module/alu_module/mul_44_34/g11802          0           0   4.472e-05   4.472e-05  HS65_LS_FA1X4
datapath_module/alu_module/mul_44_34/g11769          0           0   4.472e-05   4.472e-05  HS65_LS_FA1X4
datapath_module/alu_module/mul_44_34/g11779          0           0   4.472e-05   4.472e-05  HS65_LS_FA1X4
datapath_module/alu_module/mul_44_34/g11673          0           0   4.472e-05   4.472e-05  HS65_LS_FA1X4
datapath_module/alu_module/mul_44_34/g11766          0           0   4.472e-05   4.472e-05  HS65_LS_FA1X4
datapath_module/alu_module/mul_44_34/g11623          0           0   4.472e-05   4.472e-05  HS65_LS_FA1X4
datapath_module/alu_module/mul_44_34/g11804          0           0   4.472e-05   4.472e-05  HS65_LS_FA1X4
datapath_module/alu_module/mul_44_34/g11799          0           0   4.472e-05   4.472e-05  HS65_LS_FA1X4
datapath_module/alu_module/mul_44_34/g11803          0           0   4.472e-05   4.472e-05  HS65_LS_FA1X4
datapath_module/alu_module/mul_44_34/g11796          0           0   4.472e-05   4.472e-05  HS65_LS_FA1X4
datapath_module/alu_module/mul_44_34/g11794          0           0   4.472e-05   4.472e-05  HS65_LS_FA1X4
datapath_module/alu_module/mul_44_34/g11781          0           0   4.472e-05   4.472e-05  HS65_LS_FA1X4
datapath_module/alu_module/mul_44_34/g11786          0           0   4.472e-05   4.472e-05  HS65_LS_FA1X4
datapath_module/alu_module/mul_44_34/g11792          0           0   4.472e-05   4.472e-05  HS65_LS_FA1X4
datapath_module/alu_module/mul_44_34/g11798          0           0   4.472e-05   4.472e-05  HS65_LS_FA1X4
datapath_module/alu_module/mul_44_34/g11772          0           0   4.472e-05   4.472e-05  HS65_LS_FA1X4
datapath_module/alu_module/mul_44_34/g11810          0           0   4.472e-05   4.472e-05  HS65_LS_FA1X4
datapath_module/alu_module/mul_44_34/g11795          0           0   4.472e-05   4.472e-05  HS65_LS_FA1X4
datapath_module/alu_module/mul_44_34/g11778          0           0   4.472e-05   4.472e-05  HS65_LS_FA1X4
datapath_module/alu_module/mul_44_34/g11791          0           0   4.472e-05   4.472e-05  HS65_LS_FA1X4
datapath_module/alu_module/mul_44_34/g11631          0           0   4.472e-05   4.472e-05  HS65_LS_FA1X4
datapath_module/alu_module/add_34_34/g762          0           0   4.472e-05   4.472e-05  HS65_LS_FA1X4
datapath_module/alu_module/add_34_34/g759          0           0   4.472e-05   4.472e-05  HS65_LS_FA1X4
datapath_module/alu_module/add_34_34/g758          0           0   4.472e-05   4.472e-05  HS65_LS_FA1X4
datapath_module/alu_module/add_34_34/g754          0           0   4.472e-05   4.472e-05  HS65_LS_FA1X4
datapath_module/alu_module/mul_44_34/g11740          0           0   4.472e-05   4.472e-05  HS65_LS_FA1X4
datapath_module/alu_module/mul_44_34/g11686          0           0   4.472e-05   4.472e-05  HS65_LS_FA1X4
datapath_module/alu_module/add_34_34/g752          0           0   4.472e-05   4.472e-05  HS65_LS_FA1X4
datapath_module/alu_module/mul_44_34/g11689          0           0   4.472e-05   4.472e-05  HS65_LS_FA1X4
datapath_module/alu_module/add_34_34/g751          0           0   4.472e-05   4.472e-05  HS65_LS_FA1X4
datapath_module/alu_module/mul_44_34/g11692          0           0   4.472e-05   4.472e-05  HS65_LS_FA1X4
datapath_module/alu_module/mul_44_34/g11747          0           0   4.472e-05   4.472e-05  HS65_LS_FA1X4
datapath_module/alu_module/add_34_34/g749          0           0   4.472e-05   4.472e-05  HS65_LS_FA1X4
datapath_module/alu_module/add_34_34/g760          0           0   4.472e-05   4.472e-05  HS65_LS_FA1X4
datapath_module/alu_module/mul_44_34/g11694          0           0   4.472e-05   4.472e-05  HS65_LS_FA1X4
datapath_module/alu_module/mul_44_34/g11695          0           0   4.472e-05   4.472e-05  HS65_LS_FA1X4
datapath_module/alu_module/mul_44_34/g11768          0           0   4.472e-05   4.472e-05  HS65_LS_FA1X4
datapath_module/alu_module/mul_44_34/g11787          0           0   4.472e-05   4.472e-05  HS65_LS_FA1X4
datapath_module/alu_module/mul_44_34/g11709          0           0   4.472e-05   4.472e-05  HS65_LS_FA1X4
datapath_module/alu_module/add_34_34/g753          0           0   4.472e-05   4.472e-05  HS65_LS_FA1X4
datapath_module/alu_module/mul_44_34/g11710          0           0   4.472e-05   4.472e-05  HS65_LS_FA1X4
datapath_module/alu_module/mul_44_34/g11711          0           0   4.472e-05   4.472e-05  HS65_LS_FA1X4
datapath_module/alu_module/mul_44_34/g11712          0           0   4.472e-05   4.472e-05  HS65_LS_FA1X4
datapath_module/alu_module/mul_44_34/g11717          0           0   4.472e-05   4.472e-05  HS65_LS_FA1X4
datapath_module/alu_module/mul_44_34/g11718          0           0   4.472e-05   4.472e-05  HS65_LS_FA1X4
datapath_module/alu_module/mul_44_34/g11605          0           0   4.472e-05   4.472e-05  HS65_LS_FA1X4
datapath_module/alu_module/mul_44_34/g11672          0           0   4.472e-05   4.472e-05  HS65_LS_FA1X4
datapath_module/alu_module/mul_44_34/g11671          0           0   4.472e-05   4.472e-05  HS65_LS_FA1X4
datapath_module/alu_module/mul_44_34/g11666          0           0   4.472e-05   4.472e-05  HS65_LS_FA1X4
datapath_module/alu_module/mul_44_34/g11663          0           0   4.472e-05   4.472e-05  HS65_LS_FA1X4
datapath_module/alu_module/mul_44_34/g11661          0           0   4.472e-05   4.472e-05  HS65_LS_FA1X4
datapath_module/alu_module/mul_44_34/g11677          0           0   4.472e-05   4.472e-05  HS65_LS_FA1X4
datapath_module/alu_module/mul_44_34/g11680          0           0   4.472e-05   4.472e-05  HS65_LS_FA1X4
datapath_module/alu_module/mul_44_34/g11639          0           0   4.472e-05   4.472e-05  HS65_LS_FA1X4
datapath_module/alu_module/mul_44_34/g11627          0           0   4.472e-05   4.472e-05  HS65_LS_FA1X4
datapath_module/alu_module/mul_44_34/g11619          0           0   4.472e-05   4.472e-05  HS65_LS_FA1X4
datapath_module/alu_module/mul_44_34/g11616          0           0   4.472e-05   4.472e-05  HS65_LS_FA1X4
datapath_module/alu_module/add_34_34/g748          0           0   4.472e-05   4.472e-05  HS65_LS_FA1X4
datapath_module/alu_module/mul_44_34/g11596          0           0   4.472e-05   4.472e-05  HS65_LS_FA1X4
datapath_module/alu_module/mul_44_34/g11590          0           0   4.472e-05   4.472e-05  HS65_LS_FA1X4
datapath_module/alu_module/mul_44_34/g11587          0           0   4.472e-05   4.472e-05  HS65_LS_FA1X4
datapath_module/alu_module/mul_44_34/g11579          0           0   4.472e-05   4.472e-05  HS65_LS_FA1X4
datapath_module/alu_module/add_34_34/g768          0           0   4.472e-05   4.472e-05  HS65_LS_FA1X4
datapath_module/alu_module/add_34_34/g767          0           0   4.472e-05   4.472e-05  HS65_LS_FA1X4
datapath_module/alu_module/add_34_34/g766          0           0   4.472e-05   4.472e-05  HS65_LS_FA1X4
datapath_module/alu_module/add_34_34/g765          0           0   4.472e-05   4.472e-05  HS65_LS_FA1X4
datapath_module/alu_module/add_34_34/g764          0           0   4.472e-05   4.472e-05  HS65_LS_FA1X4
datapath_module/alu_module/add_34_34/g763          0           0   4.472e-05   4.472e-05  HS65_LS_FA1X4
datapath_module/alu_module/add_34_34/g761          0           0   4.472e-05   4.472e-05  HS65_LS_FA1X4
datapath_module/alu_module/mul_44_34/g11788          0           0   4.472e-05   4.472e-05  HS65_LS_FA1X4
datapath_module/alu_module/mul_44_34/g11721          0           0   4.472e-05   4.472e-05  HS65_LS_FA1X4
datapath_module/alu_module/add_34_34/g747          0           0   4.472e-05   4.472e-05  HS65_LS_FA1X4
datapath_module/alu_module/mul_44_34/g11725          0           0   4.472e-05   4.472e-05  HS65_LS_FA1X4
datapath_module/alu_module/mul_44_34/g11719          0           0   4.472e-05   4.472e-05  HS65_LS_FA1X4
datapath_module/alu_module/mul_44_34/g11773          0           0   4.472e-05   4.472e-05  HS65_LS_FA1X4
datapath_module/alu_module/mul_44_34/g11649          0           0   4.472e-05   4.472e-05  HS65_LS_FA1X4
datapath_module/alu_module/add_34_34/g750          0           0   4.472e-05   4.472e-05  HS65_LS_FA1X4
datapath_module/alu_module/mul_44_34/g11806          0           0   4.472e-05   4.472e-05  HS65_LS_FA1X4
datapath_module/alu_module/mul_44_34/g11726          0           0   4.472e-05   4.472e-05  HS65_LS_FA1X4
datapath_module/alu_module/mul_44_34/g11729          0           0   4.472e-05   4.472e-05  HS65_LS_FA1X4
datapath_module/alu_module/mul_44_34/g11800          0           0   4.472e-05   4.472e-05  HS65_LS_FA1X4
datapath_module/alu_module/mul_44_34/g11742          0           0   4.472e-05   4.472e-05  HS65_LS_FA1X4
datapath_module/alu_module/mul_44_34/g11746          0           0   4.472e-05   4.472e-05  HS65_LS_FA1X4
datapath_module/alu_module/mul_44_34/g11748          0           0   4.472e-05   4.472e-05  HS65_LS_FA1X4
datapath_module/alu_module/mul_44_34/g11753          0           0   4.472e-05   4.472e-05  HS65_LS_FA1X4
datapath_module/alu_module/mul_44_34/g11764          0           0   4.472e-05   4.472e-05  HS65_LS_FA1X4
datapath_module/alu_module/mul_44_34/g11727          0           0   4.472e-05   4.472e-05  HS65_LS_FA1X4
datapath_module/alu_module/add_34_34/g769          0           0   4.472e-05   4.472e-05  HS65_LS_FA1X4
datapath_module/alu_module/add_34_34/g770          0           0   4.472e-05   4.472e-05  HS65_LS_FA1X4
datapath_module/alu_module/mul_44_34/g11765          0           0   4.472e-05   4.472e-05  HS65_LS_FA1X4
datapath_module/alu_module/add_34_34/g755          0           0   4.472e-05   4.472e-05  HS65_LS_FA1X4
datapath_module/alu_module/add_34_34/g756          0           0   4.472e-05   4.472e-05  HS65_LS_FA1X4
datapath_module/alu_module/add_34_34/g757          0           0   4.472e-05   4.472e-05  HS65_LS_FA1X4
datapath_module/alu_module/mul_44_34/g11777          0           0   4.472e-05   4.472e-05  HS65_LS_FA1X4
datapath_module/alu_module/mul_44_34/g11767          0           0   4.472e-05   4.472e-05  HS65_LS_FA1X4
datapath_module/alu_module/mul_44_34/g11775          0           0   4.472e-05   4.472e-05  HS65_LS_FA1X4
datapath_module/alu_module/mul_44_34/g11720          0           0   4.472e-05   4.472e-05  HS65_LS_FA1X4
datapath_module/alu_module/mul_44_34/g11770          0           0   4.468e-05   4.468e-05  HS65_LS_FA1X4
datapath_module/alu_module/mul_44_34/g11575          0           0   4.412e-05   4.412e-05  HS65_LSS_XOR3X2
datapath_module/alu_module/sll_42_34/g2758  1.819e-05     1.3e-05   4.347e-05   1.228e-05  HS65_LS_MUXI21X2
datapath_module/alu_module/sll_42_34/g2846   3.63e-05           0   4.315e-05   6.847e-06  HS65_LS_NAND2X2
datapath_module/alu_module/sll_42_34/g2757  1.772e-05   1.305e-05   4.301e-05   1.224e-05  HS65_LS_MUXI21X2
datapath_module/alu_module/mul_44_34/FE_RC_81_0  1.725e-05   1.575e-05   4.289e-05   9.886e-06  HS65_LS_AND2X4
datapath_module/alu_module/sll_42_34/FE_RC_147_0  4.651e-06   4.174e-06   4.139e-05   3.257e-05  HS65_LS_IVX9
datapath_module/reg_file_module/g21262  1.168e-05   1.002e-05   4.136e-05   1.966e-05  HS65_LS_AOI12X2
datapath_module/reg_file_module/g21269  1.151e-05    9.93e-06   4.111e-05   1.966e-05  HS65_LS_AOI12X2
datapath_module/alu_module/sll_42_34/g2796  8.461e-06   1.445e-05    4.03e-05   1.739e-05  HS65_LS_AOI222X2
datapath_module/reg_file_module/g21261  1.188e-05   8.416e-06   3.995e-05   1.966e-05  HS65_LS_AOI12X2
datapath_module/reg_file_module/FE_RC_61_0  1.442e-05   1.315e-05   3.979e-05   1.222e-05  HS65_LS_IVX9
datapath_module/alu_module/sll_42_34/g2759  1.331e-05    1.42e-05   3.957e-05   1.206e-05  HS65_LS_MUXI21X2
datapath_module/alu_module/mul_44_34/FE_RC_85_0          0           0    3.78e-05    3.78e-05  HS65_LSS_XNOR2X6
datapath_module/alu_module/mul_44_34/g11847          0           0   3.726e-05   3.726e-05  HS65_LS_HA1X4
datapath_module/alu_module/mul_44_34/g11852          0           0   3.726e-05   3.726e-05  HS65_LS_HA1X4
datapath_module/alu_module/mul_44_34/g11851          0           0   3.726e-05   3.726e-05  HS65_LS_HA1X4
datapath_module/alu_module/mul_44_34/g11843          0           0   3.726e-05   3.726e-05  HS65_LS_HA1X4
datapath_module/alu_module/mul_44_34/g11849          0           0   3.726e-05   3.726e-05  HS65_LS_HA1X4
datapath_module/alu_module/mul_44_34/g11848          0           0   3.726e-05   3.726e-05  HS65_LS_HA1X4
datapath_module/alu_module/mul_44_34/g11845          0           0   3.726e-05   3.726e-05  HS65_LS_HA1X4
datapath_module/alu_module/mul_44_34/g11841          0           0   3.726e-05   3.726e-05  HS65_LS_HA1X4
datapath_module/alu_module/mul_44_34/g11846          0           0   3.726e-05   3.726e-05  HS65_LS_HA1X4
datapath_module/alu_module/mul_44_34/g11842          0           0   3.726e-05   3.726e-05  HS65_LS_HA1X4
datapath_module/reg_file_module/g5120  9.796e-06   1.472e-05   3.641e-05   1.189e-05  HS65_LS_NOR2AX3
datapath_module/alu_module/sll_42_34/g2752  1.206e-05   1.132e-05    3.54e-05   1.201e-05  HS65_LS_MUXI21X2
datapath_module/alu_module/g6958  2.512e-05           0   3.459e-05   9.469e-06  HS65_LS_OAI12X2
datapath_module/alu_module/mul_44_34/FE_RC_136_0  1.715e-05   1.316e-05   3.378e-05   3.472e-06  HS65_LS_NOR2X6
datapath_module/alu_module/srl_43_34/g3092  2.565e-05           0   3.358e-05   7.928e-06  HS65_LS_NOR2X3
datapath_module/alu_module/mul_44_34/FE_RC_1_0          0           0   3.273e-05   3.273e-05  HS65_LS_IVX9
datapath_module/alu_module/sll_42_34/g2754   1.12e-05   9.269e-06   3.247e-05     1.2e-05  HS65_LS_MUXI21X2
datapath_module/alu_module/g6787  2.233e-11   1.902e-10   3.235e-05   3.235e-05  HS65_LS_NAND4ABX3
datapath_module/alu_module/sll_42_34/g2753  9.854e-06   9.033e-06   3.082e-05   1.194e-05  HS65_LS_MUXI21X2
datapath_module/alu_module/sll_42_34/g2844  2.598e-05           0   3.078e-05   4.804e-06  HS65_LS_NOR2X2
datapath_module/reg_file_module/g21572  8.829e-06   8.024e-06   2.822e-05   1.137e-05  HS65_LS_NOR2AX3
datapath_module/alu_module/sll_42_34/FE_RC_33_0  1.292e-05   1.153e-05    2.82e-05   3.761e-06  HS65_LS_NOR2X6
datapath_module/alu_module/sll_42_34/g2755  7.042e-06   8.919e-06   2.778e-05   1.182e-05  HS65_LS_MUXI21X2
datapath_module/alu_module/g6937  1.935e-05           0   2.732e-05   7.967e-06  HS65_LS_NAND2X2
datapath_module/alu_module/g6924  1.935e-05           0   2.732e-05   7.967e-06  HS65_LS_NAND2X2
datapath_module/alu_module/g6916  1.935e-05           0   2.732e-05   7.967e-06  HS65_LS_NAND2X2
datapath_module/alu_module/g6940  1.935e-05           0   2.732e-05   7.967e-06  HS65_LS_NAND2X2
datapath_module/alu_module/FE_RC_37_0  4.512e-06    1.65e-06   2.399e-05   1.783e-05  HS65_LS_AO22X9
datapath_module/alu_module/FE_RC_41_0  3.835e-06   1.806e-06   2.343e-05   1.779e-05  HS65_LS_AO22X9
datapath_module/alu_module/FE_RC_103_0  3.381e-06   1.189e-06   2.233e-05   1.776e-05  HS65_LS_AO22X9
datapath_module/alu_module/FE_RC_79_0  2.369e-06   8.195e-07   2.088e-05   1.769e-05  HS65_LS_AO22X9
datapath_module/alu_module/mul_44_34/g11751          0           0   1.182e-05   1.182e-05  HS65_LS_PAO2X4
datapath_module/alu_module/mul_44_34/FE_RC_3_0          0           0   1.114e-05   1.114e-05  HS65_LS_IVX9
datapath_module/alu_module/g6788  2.549e-11   2.617e-11   4.424e-06   4.424e-06  HS65_LS_NOR3X1

---------------------------------------------------------------------------------------

Total (   2066 of   2066  )        1.831      0.6072      2.603      0.1652
Total Capacitance                2.521e-11 F
Power Density                   *** No Die Area ***
