###############################################################
#  Generated by:      Cadence Tempus 20.10-p003_1
#  OS:                Linux x86_64(Host ID edatools-server1.iiitd.edu.in)
#  Generated on:      Sun Mar 30 23:06:20 2025
#  Design:            PROCESSOR
#  Command:           report_timing -late -early -max_paths 50 -retime path_slew_propagation > $report_dir/timing_report_besttiming_PBA.rpt
###############################################################
Path 1: MET Setup Check with Pin datapath_module/reg_file_module/reg_memory_reg[9][20]662/CK 
Endpoint:   datapath_module/reg_file_module/reg_memory_reg[9][20]662/D (v) checked with  leading edge of 'clock'
Beginpoint: IFU_module/PC_reg[3]/Q                                     (^) triggered by  leading edge of 'clock'
Path Groups: {clock}
Retime Analysis { Data Path-Slew }
Other End Arrival Time          0.000
- Setup                         0.210
+ Phase Shift                   7.100
- Uncertainty                   2.000
= Required Time                 4.890
- Arrival Time                  4.762
= Slack Time                    0.128
= Slack Time(original)          0.063
     Clock Rise Edge                 0.000
     + Clock Network Latency (Ideal) 0.000
     = Beginpoint Arrival Time       0.000
      ------------------------------------------------------------------------------------------------------------
      Instance                                                  Arc           Cell       Retime  Arrival  Required  
                                                                                         Delay   Time     Time  
      ------------------------------------------------------------------------------------------------------------
      IFU_module/PC_reg[3]                                      CK ^          -          -       0.000    0.128  
      IFU_module/PC_reg[3]                                      CK ^ -> Q ^   SDFFRHQX4  0.624   0.624    0.752  
      IFU_module/instr_mem/g733                                 -             CLKINVX3   0.000   0.624    0.752  
      IFU_module/instr_mem/g733                                 A ^ -> Y v    CLKINVX3   0.060   0.684    0.812  
      IFU_module/instr_mem/g712                                 -             OAI21X4    0.000   0.684    0.812  
      IFU_module/instr_mem/g712                                 B0 v -> Y ^   OAI21X4    0.060   0.744    0.872  
      IFU_module/instr_mem/g702                                 -             NAND2X6    0.000   0.744    0.872  
      IFU_module/instr_mem/g702                                 B ^ -> Y v    NAND2X6    0.077   0.821    0.949  
      datapath_module/reg_file_module/g38902                    -             CLKINVX3   0.000   0.821    0.949  
      datapath_module/reg_file_module/g38902                    A v -> Y ^    CLKINVX3   0.057   0.878    1.006  
      datapath_module/reg_file_module/g38901                    -             CLKINVX2   0.000   0.878    1.006  
      datapath_module/reg_file_module/g38901                    A ^ -> Y v    CLKINVX2   0.048   0.926    1.054  
      datapath_module/reg_file_module/g38912                    -             NAND2BX2   0.000   0.926    1.054  
      datapath_module/reg_file_module/g38912                    B v -> Y ^    NAND2BX2   0.058   0.984    1.112  
      datapath_module/reg_file_module/g38872                    -             CLKINVX2   0.000   0.984    1.112  
      datapath_module/reg_file_module/g38872                    A ^ -> Y v    CLKINVX2   0.046   1.029    1.157  
      datapath_module/reg_file_module/g38870                    -             CLKINVX1   0.000   1.029    1.157  
      datapath_module/reg_file_module/g38870                    A v -> Y ^    CLKINVX1   0.072   1.101    1.229  
      datapath_module/reg_file_module/g37965                    -             OAI21X1    0.000   1.101    1.229  
      datapath_module/reg_file_module/g37965                    A0 ^ -> Y v   OAI21X1    0.106   1.207    1.335  
      datapath_module/reg_file_module/g37899                    -             AOI211X2   0.000   1.207    1.335  
      datapath_module/reg_file_module/g37899                    B0 v -> Y ^   AOI211X2   0.145   1.352    1.480  
      datapath_module/reg_file_module/g37893                    -             NAND2X2    0.000   1.352    1.480  
      datapath_module/reg_file_module/g37893                    B ^ -> Y v    NAND2X2    0.097   1.449    1.577  
      datapath_module/alu_module/mul_44_34_g25345               -             BUFX3      0.000   1.449    1.577  
      datapath_module/alu_module/mul_44_34_g25345               A v -> Y v    BUFX3      0.182   1.631    1.759  
      datapath_module/alu_module/g25570                         -             AO22X4     0.000   1.631    1.759  
      datapath_module/alu_module/g25570                         B1 v -> Y v   AO22X4     0.301   1.932    2.059  
      datapath_module/alu_module/mul_44_34_g24579               -             AOI22X2    0.000   1.932    2.059  
      datapath_module/alu_module/mul_44_34_g24579               B1 v -> Y ^   AOI22X2    0.128   2.060    2.188  
      datapath_module/alu_module/mul_44_34_g24306               -             ADDFHX1    0.000   2.060    2.188  
      datapath_module/alu_module/mul_44_34_g24306               A ^ -> CO ^   ADDFHX1    0.237   2.297    2.425  
      datapath_module/alu_module/mul_44_34_g24277               -             ADDFHXL    0.000   2.297    2.425  
      datapath_module/alu_module/mul_44_34_g24277               CI ^ -> S v   ADDFHXL    0.324   2.621    2.749  
      datapath_module/alu_module/mul_44_34_g24238               -             ADDFHXL    0.000   2.621    2.749  
      datapath_module/alu_module/mul_44_34_g24238               CI v -> S ^   ADDFHXL    0.352   2.974    3.101  
      datapath_module/alu_module/mul_44_34_g24225               -             NAND2X1    0.000   2.974    3.101  
      datapath_module/alu_module/mul_44_34_g24225               B ^ -> Y v    NAND2X1    0.113   3.087    3.215  
      datapath_module/alu_module/mul_44_34_g24203               -             AOI21X1    0.000   3.087    3.215  
      datapath_module/alu_module/mul_44_34_g24203               A1 v -> Y ^   AOI21X1    0.133   3.220    3.348  
      datapath_module/alu_module/mul_44_34_g24176               -             OAI21X1    0.000   3.220    3.348  
      datapath_module/alu_module/mul_44_34_g24176               A1 ^ -> Y v   OAI21X1    0.105   3.326    3.453  
      datapath_module/alu_module/mul_44_34_g24153               -             AOI21X2    0.000   3.326    3.453  
      datapath_module/alu_module/mul_44_34_g24153               A1 v -> Y ^   AOI21X2    0.095   3.420    3.548  
      datapath_module/alu_module/mul_44_34_g24124               -             NAND2X2    0.000   3.420    3.548  
      datapath_module/alu_module/mul_44_34_g24124               A ^ -> Y v    NAND2X2    0.079   3.500    3.627  
      datapath_module/alu_module/mul_44_34_g24109               -             NAND2X2    0.000   3.500    3.627  
      datapath_module/alu_module/mul_44_34_g24109               B v -> Y ^    NAND2X2    0.064   3.563    3.691  
      datapath_module/alu_module/mul_44_34_g24097               -             NOR2BX2    0.000   3.563    3.691  
      datapath_module/alu_module/mul_44_34_g24097               B ^ -> Y v    NOR2BX2    0.045   3.608    3.736  
      datapath_module/alu_module/mul_44_34_g24092               -             NAND2BX2   0.000   3.608    3.736  
      datapath_module/alu_module/mul_44_34_g24092               B v -> Y ^    NAND2BX2   0.043   3.651    3.778  
      datapath_module/alu_module/mul_44_34_g24064               -             NAND2X2    0.000   3.651    3.778  
      datapath_module/alu_module/mul_44_34_g24064               B ^ -> Y v    NAND2X2    0.076   3.726    3.854  
      datapath_module/alu_module/mul_44_34_g23987               -             NAND2BX2   0.000   3.726    3.854  
      datapath_module/alu_module/mul_44_34_g23987               B v -> Y ^    NAND2BX2   0.063   3.789    3.917  
      datapath_module/alu_module/mul_44_34_g23977               -             NAND2XL    0.000   3.789    3.917  
      datapath_module/alu_module/mul_44_34_g23977               B ^ -> Y v    NAND2XL    0.153   3.942    4.070  
      datapath_module/alu_module/mul_44_34_g23976               -             CLKINVX1   0.000   3.942    4.070  
      datapath_module/alu_module/mul_44_34_g23976               A v -> Y ^    CLKINVX1   0.090   4.032    4.160  
      datapath_module/alu_module/mul_44_34_g23952               -             MXI2XL     0.000   4.032    4.160  
      datapath_module/alu_module/mul_44_34_g23952               B ^ -> Y v    MXI2XL     0.086   4.118    4.246  
      datapath_module/alu_module/g7121                          -             OAI2BB1X1  0.000   4.118    4.246  
      datapath_module/alu_module/g7121                          A1N v -> Y v  OAI2BB1X1  0.645   4.762    4.890  
      datapath_module/reg_file_module/reg_memory_reg[9][20]662  -             SDFFQX1    0.000   4.762    4.890  
      ------------------------------------------------------------------------------------------------------------
Path 2: MET Setup Check with Pin datapath_module/reg_file_module/reg_memory_reg[8][20]598/CK 
Endpoint:   datapath_module/reg_file_module/reg_memory_reg[8][20]598/D (v) checked with  leading edge of 'clock'
Beginpoint: IFU_module/PC_reg[3]/Q                                     (^) triggered by  leading edge of 'clock'
Path Groups: {clock}
Retime Analysis { Data Path-Slew }
Other End Arrival Time          0.000
- Setup                         0.210
+ Phase Shift                   7.100
- Uncertainty                   2.000
= Required Time                 4.890
- Arrival Time                  4.762
= Slack Time                    0.128
= Slack Time(original)          0.063
     Clock Rise Edge                 0.000
     + Clock Network Latency (Ideal) 0.000
     = Beginpoint Arrival Time       0.000
      ------------------------------------------------------------------------------------------------------------
      Instance                                                  Arc           Cell       Retime  Arrival  Required  
                                                                                         Delay   Time     Time  
      ------------------------------------------------------------------------------------------------------------
      IFU_module/PC_reg[3]                                      CK ^          -          -       0.000    0.128  
      IFU_module/PC_reg[3]                                      CK ^ -> Q ^   SDFFRHQX4  0.624   0.624    0.752  
      IFU_module/instr_mem/g733                                 -             CLKINVX3   0.000   0.624    0.752  
      IFU_module/instr_mem/g733                                 A ^ -> Y v    CLKINVX3   0.060   0.684    0.812  
      IFU_module/instr_mem/g712                                 -             OAI21X4    0.000   0.684    0.812  
      IFU_module/instr_mem/g712                                 B0 v -> Y ^   OAI21X4    0.060   0.744    0.872  
      IFU_module/instr_mem/g702                                 -             NAND2X6    0.000   0.744    0.872  
      IFU_module/instr_mem/g702                                 B ^ -> Y v    NAND2X6    0.077   0.821    0.949  
      datapath_module/reg_file_module/g38902                    -             CLKINVX3   0.000   0.821    0.949  
      datapath_module/reg_file_module/g38902                    A v -> Y ^    CLKINVX3   0.057   0.878    1.006  
      datapath_module/reg_file_module/g38901                    -             CLKINVX2   0.000   0.878    1.006  
      datapath_module/reg_file_module/g38901                    A ^ -> Y v    CLKINVX2   0.048   0.926    1.054  
      datapath_module/reg_file_module/g38912                    -             NAND2BX2   0.000   0.926    1.054  
      datapath_module/reg_file_module/g38912                    B v -> Y ^    NAND2BX2   0.058   0.984    1.112  
      datapath_module/reg_file_module/g38872                    -             CLKINVX2   0.000   0.984    1.112  
      datapath_module/reg_file_module/g38872                    A ^ -> Y v    CLKINVX2   0.046   1.029    1.157  
      datapath_module/reg_file_module/g38870                    -             CLKINVX1   0.000   1.029    1.157  
      datapath_module/reg_file_module/g38870                    A v -> Y ^    CLKINVX1   0.072   1.101    1.229  
      datapath_module/reg_file_module/g37965                    -             OAI21X1    0.000   1.101    1.229  
      datapath_module/reg_file_module/g37965                    A0 ^ -> Y v   OAI21X1    0.106   1.207    1.335  
      datapath_module/reg_file_module/g37899                    -             AOI211X2   0.000   1.207    1.335  
      datapath_module/reg_file_module/g37899                    B0 v -> Y ^   AOI211X2   0.145   1.352    1.480  
      datapath_module/reg_file_module/g37893                    -             NAND2X2    0.000   1.352    1.480  
      datapath_module/reg_file_module/g37893                    B ^ -> Y v    NAND2X2    0.097   1.449    1.577  
      datapath_module/alu_module/mul_44_34_g25345               -             BUFX3      0.000   1.449    1.577  
      datapath_module/alu_module/mul_44_34_g25345               A v -> Y v    BUFX3      0.182   1.631    1.759  
      datapath_module/alu_module/g25570                         -             AO22X4     0.000   1.631    1.759  
      datapath_module/alu_module/g25570                         B1 v -> Y v   AO22X4     0.301   1.932    2.059  
      datapath_module/alu_module/mul_44_34_g24579               -             AOI22X2    0.000   1.932    2.059  
      datapath_module/alu_module/mul_44_34_g24579               B1 v -> Y ^   AOI22X2    0.128   2.060    2.188  
      datapath_module/alu_module/mul_44_34_g24306               -             ADDFHX1    0.000   2.060    2.188  
      datapath_module/alu_module/mul_44_34_g24306               A ^ -> CO ^   ADDFHX1    0.237   2.297    2.425  
      datapath_module/alu_module/mul_44_34_g24277               -             ADDFHXL    0.000   2.297    2.425  
      datapath_module/alu_module/mul_44_34_g24277               CI ^ -> S v   ADDFHXL    0.324   2.621    2.749  
      datapath_module/alu_module/mul_44_34_g24238               -             ADDFHXL    0.000   2.621    2.749  
      datapath_module/alu_module/mul_44_34_g24238               CI v -> S ^   ADDFHXL    0.352   2.974    3.101  
      datapath_module/alu_module/mul_44_34_g24225               -             NAND2X1    0.000   2.974    3.101  
      datapath_module/alu_module/mul_44_34_g24225               B ^ -> Y v    NAND2X1    0.113   3.087    3.215  
      datapath_module/alu_module/mul_44_34_g24203               -             AOI21X1    0.000   3.087    3.215  
      datapath_module/alu_module/mul_44_34_g24203               A1 v -> Y ^   AOI21X1    0.133   3.220    3.348  
      datapath_module/alu_module/mul_44_34_g24176               -             OAI21X1    0.000   3.220    3.348  
      datapath_module/alu_module/mul_44_34_g24176               A1 ^ -> Y v   OAI21X1    0.105   3.326    3.453  
      datapath_module/alu_module/mul_44_34_g24153               -             AOI21X2    0.000   3.326    3.453  
      datapath_module/alu_module/mul_44_34_g24153               A1 v -> Y ^   AOI21X2    0.095   3.420    3.548  
      datapath_module/alu_module/mul_44_34_g24124               -             NAND2X2    0.000   3.420    3.548  
      datapath_module/alu_module/mul_44_34_g24124               A ^ -> Y v    NAND2X2    0.079   3.500    3.627  
      datapath_module/alu_module/mul_44_34_g24109               -             NAND2X2    0.000   3.500    3.627  
      datapath_module/alu_module/mul_44_34_g24109               B v -> Y ^    NAND2X2    0.064   3.563    3.691  
      datapath_module/alu_module/mul_44_34_g24097               -             NOR2BX2    0.000   3.563    3.691  
      datapath_module/alu_module/mul_44_34_g24097               B ^ -> Y v    NOR2BX2    0.045   3.608    3.736  
      datapath_module/alu_module/mul_44_34_g24092               -             NAND2BX2   0.000   3.608    3.736  
      datapath_module/alu_module/mul_44_34_g24092               B v -> Y ^    NAND2BX2   0.043   3.651    3.778  
      datapath_module/alu_module/mul_44_34_g24064               -             NAND2X2    0.000   3.651    3.778  
      datapath_module/alu_module/mul_44_34_g24064               B ^ -> Y v    NAND2X2    0.076   3.726    3.854  
      datapath_module/alu_module/mul_44_34_g23987               -             NAND2BX2   0.000   3.726    3.854  
      datapath_module/alu_module/mul_44_34_g23987               B v -> Y ^    NAND2BX2   0.063   3.789    3.917  
      datapath_module/alu_module/mul_44_34_g23977               -             NAND2XL    0.000   3.789    3.917  
      datapath_module/alu_module/mul_44_34_g23977               B ^ -> Y v    NAND2XL    0.153   3.942    4.070  
      datapath_module/alu_module/mul_44_34_g23976               -             CLKINVX1   0.000   3.942    4.070  
      datapath_module/alu_module/mul_44_34_g23976               A v -> Y ^    CLKINVX1   0.090   4.032    4.160  
      datapath_module/alu_module/mul_44_34_g23952               -             MXI2XL     0.000   4.032    4.160  
      datapath_module/alu_module/mul_44_34_g23952               B ^ -> Y v    MXI2XL     0.086   4.118    4.246  
      datapath_module/alu_module/g7121                          -             OAI2BB1X1  0.000   4.118    4.246  
      datapath_module/alu_module/g7121                          A1N v -> Y v  OAI2BB1X1  0.645   4.762    4.890  
      datapath_module/reg_file_module/reg_memory_reg[8][20]598  -             SDFFQX1    0.000   4.762    4.890  
      ------------------------------------------------------------------------------------------------------------
Path 3: MET Setup Check with Pin datapath_module/reg_file_module/reg_memory_reg[7][20]534/CK 
Endpoint:   datapath_module/reg_file_module/reg_memory_reg[7][20]534/D (v) checked with  leading edge of 'clock'
Beginpoint: IFU_module/PC_reg[3]/Q                                     (^) triggered by  leading edge of 'clock'
Path Groups: {clock}
Retime Analysis { Data Path-Slew }
Other End Arrival Time          0.000
- Setup                         0.210
+ Phase Shift                   7.100
- Uncertainty                   2.000
= Required Time                 4.890
- Arrival Time                  4.762
= Slack Time                    0.128
= Slack Time(original)          0.063
     Clock Rise Edge                 0.000
     + Clock Network Latency (Ideal) 0.000
     = Beginpoint Arrival Time       0.000
      ------------------------------------------------------------------------------------------------------------
      Instance                                                  Arc           Cell       Retime  Arrival  Required  
                                                                                         Delay   Time     Time  
      ------------------------------------------------------------------------------------------------------------
      IFU_module/PC_reg[3]                                      CK ^          -          -       0.000    0.128  
      IFU_module/PC_reg[3]                                      CK ^ -> Q ^   SDFFRHQX4  0.624   0.624    0.752  
      IFU_module/instr_mem/g733                                 -             CLKINVX3   0.000   0.624    0.752  
      IFU_module/instr_mem/g733                                 A ^ -> Y v    CLKINVX3   0.060   0.684    0.812  
      IFU_module/instr_mem/g712                                 -             OAI21X4    0.000   0.684    0.812  
      IFU_module/instr_mem/g712                                 B0 v -> Y ^   OAI21X4    0.060   0.744    0.872  
      IFU_module/instr_mem/g702                                 -             NAND2X6    0.000   0.744    0.872  
      IFU_module/instr_mem/g702                                 B ^ -> Y v    NAND2X6    0.077   0.821    0.949  
      datapath_module/reg_file_module/g38902                    -             CLKINVX3   0.000   0.821    0.949  
      datapath_module/reg_file_module/g38902                    A v -> Y ^    CLKINVX3   0.057   0.878    1.006  
      datapath_module/reg_file_module/g38901                    -             CLKINVX2   0.000   0.878    1.006  
      datapath_module/reg_file_module/g38901                    A ^ -> Y v    CLKINVX2   0.048   0.926    1.054  
      datapath_module/reg_file_module/g38912                    -             NAND2BX2   0.000   0.926    1.054  
      datapath_module/reg_file_module/g38912                    B v -> Y ^    NAND2BX2   0.058   0.984    1.112  
      datapath_module/reg_file_module/g38872                    -             CLKINVX2   0.000   0.984    1.112  
      datapath_module/reg_file_module/g38872                    A ^ -> Y v    CLKINVX2   0.046   1.029    1.157  
      datapath_module/reg_file_module/g38870                    -             CLKINVX1   0.000   1.029    1.157  
      datapath_module/reg_file_module/g38870                    A v -> Y ^    CLKINVX1   0.072   1.101    1.229  
      datapath_module/reg_file_module/g37965                    -             OAI21X1    0.000   1.101    1.229  
      datapath_module/reg_file_module/g37965                    A0 ^ -> Y v   OAI21X1    0.106   1.207    1.335  
      datapath_module/reg_file_module/g37899                    -             AOI211X2   0.000   1.207    1.335  
      datapath_module/reg_file_module/g37899                    B0 v -> Y ^   AOI211X2   0.145   1.352    1.480  
      datapath_module/reg_file_module/g37893                    -             NAND2X2    0.000   1.352    1.480  
      datapath_module/reg_file_module/g37893                    B ^ -> Y v    NAND2X2    0.097   1.449    1.577  
      datapath_module/alu_module/mul_44_34_g25345               -             BUFX3      0.000   1.449    1.577  
      datapath_module/alu_module/mul_44_34_g25345               A v -> Y v    BUFX3      0.182   1.631    1.759  
      datapath_module/alu_module/g25570                         -             AO22X4     0.000   1.631    1.759  
      datapath_module/alu_module/g25570                         B1 v -> Y v   AO22X4     0.301   1.932    2.059  
      datapath_module/alu_module/mul_44_34_g24579               -             AOI22X2    0.000   1.932    2.059  
      datapath_module/alu_module/mul_44_34_g24579               B1 v -> Y ^   AOI22X2    0.128   2.060    2.188  
      datapath_module/alu_module/mul_44_34_g24306               -             ADDFHX1    0.000   2.060    2.188  
      datapath_module/alu_module/mul_44_34_g24306               A ^ -> CO ^   ADDFHX1    0.237   2.297    2.425  
      datapath_module/alu_module/mul_44_34_g24277               -             ADDFHXL    0.000   2.297    2.425  
      datapath_module/alu_module/mul_44_34_g24277               CI ^ -> S v   ADDFHXL    0.324   2.621    2.749  
      datapath_module/alu_module/mul_44_34_g24238               -             ADDFHXL    0.000   2.621    2.749  
      datapath_module/alu_module/mul_44_34_g24238               CI v -> S ^   ADDFHXL    0.352   2.974    3.101  
      datapath_module/alu_module/mul_44_34_g24225               -             NAND2X1    0.000   2.974    3.101  
      datapath_module/alu_module/mul_44_34_g24225               B ^ -> Y v    NAND2X1    0.113   3.087    3.215  
      datapath_module/alu_module/mul_44_34_g24203               -             AOI21X1    0.000   3.087    3.215  
      datapath_module/alu_module/mul_44_34_g24203               A1 v -> Y ^   AOI21X1    0.133   3.220    3.348  
      datapath_module/alu_module/mul_44_34_g24176               -             OAI21X1    0.000   3.220    3.348  
      datapath_module/alu_module/mul_44_34_g24176               A1 ^ -> Y v   OAI21X1    0.105   3.326    3.453  
      datapath_module/alu_module/mul_44_34_g24153               -             AOI21X2    0.000   3.326    3.453  
      datapath_module/alu_module/mul_44_34_g24153               A1 v -> Y ^   AOI21X2    0.095   3.420    3.548  
      datapath_module/alu_module/mul_44_34_g24124               -             NAND2X2    0.000   3.420    3.548  
      datapath_module/alu_module/mul_44_34_g24124               A ^ -> Y v    NAND2X2    0.079   3.500    3.627  
      datapath_module/alu_module/mul_44_34_g24109               -             NAND2X2    0.000   3.500    3.627  
      datapath_module/alu_module/mul_44_34_g24109               B v -> Y ^    NAND2X2    0.064   3.563    3.691  
      datapath_module/alu_module/mul_44_34_g24097               -             NOR2BX2    0.000   3.563    3.691  
      datapath_module/alu_module/mul_44_34_g24097               B ^ -> Y v    NOR2BX2    0.045   3.608    3.736  
      datapath_module/alu_module/mul_44_34_g24092               -             NAND2BX2   0.000   3.608    3.736  
      datapath_module/alu_module/mul_44_34_g24092               B v -> Y ^    NAND2BX2   0.043   3.651    3.778  
      datapath_module/alu_module/mul_44_34_g24064               -             NAND2X2    0.000   3.651    3.778  
      datapath_module/alu_module/mul_44_34_g24064               B ^ -> Y v    NAND2X2    0.076   3.726    3.854  
      datapath_module/alu_module/mul_44_34_g23987               -             NAND2BX2   0.000   3.726    3.854  
      datapath_module/alu_module/mul_44_34_g23987               B v -> Y ^    NAND2BX2   0.063   3.789    3.917  
      datapath_module/alu_module/mul_44_34_g23977               -             NAND2XL    0.000   3.789    3.917  
      datapath_module/alu_module/mul_44_34_g23977               B ^ -> Y v    NAND2XL    0.153   3.942    4.070  
      datapath_module/alu_module/mul_44_34_g23976               -             CLKINVX1   0.000   3.942    4.070  
      datapath_module/alu_module/mul_44_34_g23976               A v -> Y ^    CLKINVX1   0.090   4.032    4.160  
      datapath_module/alu_module/mul_44_34_g23952               -             MXI2XL     0.000   4.032    4.160  
      datapath_module/alu_module/mul_44_34_g23952               B ^ -> Y v    MXI2XL     0.086   4.118    4.246  
      datapath_module/alu_module/g7121                          -             OAI2BB1X1  0.000   4.118    4.246  
      datapath_module/alu_module/g7121                          A1N v -> Y v  OAI2BB1X1  0.645   4.762    4.890  
      datapath_module/reg_file_module/reg_memory_reg[7][20]534  -             SDFFQX1    0.000   4.762    4.890  
      ------------------------------------------------------------------------------------------------------------
Path 4: MET Setup Check with Pin datapath_module/reg_file_module/reg_memory_reg[6][20]470/CK 
Endpoint:   datapath_module/reg_file_module/reg_memory_reg[6][20]470/D (v) checked with  leading edge of 'clock'
Beginpoint: IFU_module/PC_reg[3]/Q                                     (^) triggered by  leading edge of 'clock'
Path Groups: {clock}
Retime Analysis { Data Path-Slew }
Other End Arrival Time          0.000
- Setup                         0.210
+ Phase Shift                   7.100
- Uncertainty                   2.000
= Required Time                 4.890
- Arrival Time                  4.762
= Slack Time                    0.128
= Slack Time(original)          0.063
     Clock Rise Edge                 0.000
     + Clock Network Latency (Ideal) 0.000
     = Beginpoint Arrival Time       0.000
      ------------------------------------------------------------------------------------------------------------
      Instance                                                  Arc           Cell       Retime  Arrival  Required  
                                                                                         Delay   Time     Time  
      ------------------------------------------------------------------------------------------------------------
      IFU_module/PC_reg[3]                                      CK ^          -          -       0.000    0.128  
      IFU_module/PC_reg[3]                                      CK ^ -> Q ^   SDFFRHQX4  0.624   0.624    0.752  
      IFU_module/instr_mem/g733                                 -             CLKINVX3   0.000   0.624    0.752  
      IFU_module/instr_mem/g733                                 A ^ -> Y v    CLKINVX3   0.060   0.684    0.812  
      IFU_module/instr_mem/g712                                 -             OAI21X4    0.000   0.684    0.812  
      IFU_module/instr_mem/g712                                 B0 v -> Y ^   OAI21X4    0.060   0.744    0.872  
      IFU_module/instr_mem/g702                                 -             NAND2X6    0.000   0.744    0.872  
      IFU_module/instr_mem/g702                                 B ^ -> Y v    NAND2X6    0.077   0.821    0.949  
      datapath_module/reg_file_module/g38902                    -             CLKINVX3   0.000   0.821    0.949  
      datapath_module/reg_file_module/g38902                    A v -> Y ^    CLKINVX3   0.057   0.878    1.006  
      datapath_module/reg_file_module/g38901                    -             CLKINVX2   0.000   0.878    1.006  
      datapath_module/reg_file_module/g38901                    A ^ -> Y v    CLKINVX2   0.048   0.926    1.054  
      datapath_module/reg_file_module/g38912                    -             NAND2BX2   0.000   0.926    1.054  
      datapath_module/reg_file_module/g38912                    B v -> Y ^    NAND2BX2   0.058   0.984    1.112  
      datapath_module/reg_file_module/g38872                    -             CLKINVX2   0.000   0.984    1.112  
      datapath_module/reg_file_module/g38872                    A ^ -> Y v    CLKINVX2   0.046   1.029    1.157  
      datapath_module/reg_file_module/g38870                    -             CLKINVX1   0.000   1.029    1.157  
      datapath_module/reg_file_module/g38870                    A v -> Y ^    CLKINVX1   0.072   1.101    1.229  
      datapath_module/reg_file_module/g37965                    -             OAI21X1    0.000   1.101    1.229  
      datapath_module/reg_file_module/g37965                    A0 ^ -> Y v   OAI21X1    0.106   1.207    1.335  
      datapath_module/reg_file_module/g37899                    -             AOI211X2   0.000   1.207    1.335  
      datapath_module/reg_file_module/g37899                    B0 v -> Y ^   AOI211X2   0.145   1.352    1.480  
      datapath_module/reg_file_module/g37893                    -             NAND2X2    0.000   1.352    1.480  
      datapath_module/reg_file_module/g37893                    B ^ -> Y v    NAND2X2    0.097   1.449    1.577  
      datapath_module/alu_module/mul_44_34_g25345               -             BUFX3      0.000   1.449    1.577  
      datapath_module/alu_module/mul_44_34_g25345               A v -> Y v    BUFX3      0.182   1.631    1.759  
      datapath_module/alu_module/g25570                         -             AO22X4     0.000   1.631    1.759  
      datapath_module/alu_module/g25570                         B1 v -> Y v   AO22X4     0.301   1.932    2.059  
      datapath_module/alu_module/mul_44_34_g24579               -             AOI22X2    0.000   1.932    2.059  
      datapath_module/alu_module/mul_44_34_g24579               B1 v -> Y ^   AOI22X2    0.128   2.060    2.188  
      datapath_module/alu_module/mul_44_34_g24306               -             ADDFHX1    0.000   2.060    2.188  
      datapath_module/alu_module/mul_44_34_g24306               A ^ -> CO ^   ADDFHX1    0.237   2.297    2.425  
      datapath_module/alu_module/mul_44_34_g24277               -             ADDFHXL    0.000   2.297    2.425  
      datapath_module/alu_module/mul_44_34_g24277               CI ^ -> S v   ADDFHXL    0.324   2.621    2.749  
      datapath_module/alu_module/mul_44_34_g24238               -             ADDFHXL    0.000   2.621    2.749  
      datapath_module/alu_module/mul_44_34_g24238               CI v -> S ^   ADDFHXL    0.352   2.974    3.101  
      datapath_module/alu_module/mul_44_34_g24225               -             NAND2X1    0.000   2.974    3.101  
      datapath_module/alu_module/mul_44_34_g24225               B ^ -> Y v    NAND2X1    0.113   3.087    3.215  
      datapath_module/alu_module/mul_44_34_g24203               -             AOI21X1    0.000   3.087    3.215  
      datapath_module/alu_module/mul_44_34_g24203               A1 v -> Y ^   AOI21X1    0.133   3.220    3.348  
      datapath_module/alu_module/mul_44_34_g24176               -             OAI21X1    0.000   3.220    3.348  
      datapath_module/alu_module/mul_44_34_g24176               A1 ^ -> Y v   OAI21X1    0.105   3.326    3.453  
      datapath_module/alu_module/mul_44_34_g24153               -             AOI21X2    0.000   3.326    3.453  
      datapath_module/alu_module/mul_44_34_g24153               A1 v -> Y ^   AOI21X2    0.095   3.420    3.548  
      datapath_module/alu_module/mul_44_34_g24124               -             NAND2X2    0.000   3.420    3.548  
      datapath_module/alu_module/mul_44_34_g24124               A ^ -> Y v    NAND2X2    0.079   3.500    3.627  
      datapath_module/alu_module/mul_44_34_g24109               -             NAND2X2    0.000   3.500    3.627  
      datapath_module/alu_module/mul_44_34_g24109               B v -> Y ^    NAND2X2    0.064   3.563    3.691  
      datapath_module/alu_module/mul_44_34_g24097               -             NOR2BX2    0.000   3.563    3.691  
      datapath_module/alu_module/mul_44_34_g24097               B ^ -> Y v    NOR2BX2    0.045   3.608    3.736  
      datapath_module/alu_module/mul_44_34_g24092               -             NAND2BX2   0.000   3.608    3.736  
      datapath_module/alu_module/mul_44_34_g24092               B v -> Y ^    NAND2BX2   0.043   3.651    3.778  
      datapath_module/alu_module/mul_44_34_g24064               -             NAND2X2    0.000   3.651    3.778  
      datapath_module/alu_module/mul_44_34_g24064               B ^ -> Y v    NAND2X2    0.076   3.726    3.854  
      datapath_module/alu_module/mul_44_34_g23987               -             NAND2BX2   0.000   3.726    3.854  
      datapath_module/alu_module/mul_44_34_g23987               B v -> Y ^    NAND2BX2   0.063   3.789    3.917  
      datapath_module/alu_module/mul_44_34_g23977               -             NAND2XL    0.000   3.789    3.917  
      datapath_module/alu_module/mul_44_34_g23977               B ^ -> Y v    NAND2XL    0.153   3.942    4.070  
      datapath_module/alu_module/mul_44_34_g23976               -             CLKINVX1   0.000   3.942    4.070  
      datapath_module/alu_module/mul_44_34_g23976               A v -> Y ^    CLKINVX1   0.090   4.032    4.160  
      datapath_module/alu_module/mul_44_34_g23952               -             MXI2XL     0.000   4.032    4.160  
      datapath_module/alu_module/mul_44_34_g23952               B ^ -> Y v    MXI2XL     0.086   4.118    4.246  
      datapath_module/alu_module/g7121                          -             OAI2BB1X1  0.000   4.118    4.246  
      datapath_module/alu_module/g7121                          A1N v -> Y v  OAI2BB1X1  0.645   4.762    4.890  
      datapath_module/reg_file_module/reg_memory_reg[6][20]470  -             SDFFQX1    0.000   4.762    4.890  
      ------------------------------------------------------------------------------------------------------------
Path 5: MET Setup Check with Pin datapath_module/reg_file_module/reg_memory_reg[5][20]406/CK 
Endpoint:   datapath_module/reg_file_module/reg_memory_reg[5][20]406/D (v) checked with  leading edge of 'clock'
Beginpoint: IFU_module/PC_reg[3]/Q                                     (^) triggered by  leading edge of 'clock'
Path Groups: {clock}
Retime Analysis { Data Path-Slew }
Other End Arrival Time          0.000
- Setup                         0.210
+ Phase Shift                   7.100
- Uncertainty                   2.000
= Required Time                 4.890
- Arrival Time                  4.762
= Slack Time                    0.128
= Slack Time(original)          0.063
     Clock Rise Edge                 0.000
     + Clock Network Latency (Ideal) 0.000
     = Beginpoint Arrival Time       0.000
      ------------------------------------------------------------------------------------------------------------
      Instance                                                  Arc           Cell       Retime  Arrival  Required  
                                                                                         Delay   Time     Time  
      ------------------------------------------------------------------------------------------------------------
      IFU_module/PC_reg[3]                                      CK ^          -          -       0.000    0.128  
      IFU_module/PC_reg[3]                                      CK ^ -> Q ^   SDFFRHQX4  0.624   0.624    0.752  
      IFU_module/instr_mem/g733                                 -             CLKINVX3   0.000   0.624    0.752  
      IFU_module/instr_mem/g733                                 A ^ -> Y v    CLKINVX3   0.060   0.684    0.812  
      IFU_module/instr_mem/g712                                 -             OAI21X4    0.000   0.684    0.812  
      IFU_module/instr_mem/g712                                 B0 v -> Y ^   OAI21X4    0.060   0.744    0.872  
      IFU_module/instr_mem/g702                                 -             NAND2X6    0.000   0.744    0.872  
      IFU_module/instr_mem/g702                                 B ^ -> Y v    NAND2X6    0.077   0.821    0.949  
      datapath_module/reg_file_module/g38902                    -             CLKINVX3   0.000   0.821    0.949  
      datapath_module/reg_file_module/g38902                    A v -> Y ^    CLKINVX3   0.057   0.878    1.006  
      datapath_module/reg_file_module/g38901                    -             CLKINVX2   0.000   0.878    1.006  
      datapath_module/reg_file_module/g38901                    A ^ -> Y v    CLKINVX2   0.048   0.926    1.054  
      datapath_module/reg_file_module/g38912                    -             NAND2BX2   0.000   0.926    1.054  
      datapath_module/reg_file_module/g38912                    B v -> Y ^    NAND2BX2   0.058   0.984    1.112  
      datapath_module/reg_file_module/g38872                    -             CLKINVX2   0.000   0.984    1.112  
      datapath_module/reg_file_module/g38872                    A ^ -> Y v    CLKINVX2   0.046   1.029    1.157  
      datapath_module/reg_file_module/g38870                    -             CLKINVX1   0.000   1.029    1.157  
      datapath_module/reg_file_module/g38870                    A v -> Y ^    CLKINVX1   0.072   1.101    1.229  
      datapath_module/reg_file_module/g37965                    -             OAI21X1    0.000   1.101    1.229  
      datapath_module/reg_file_module/g37965                    A0 ^ -> Y v   OAI21X1    0.106   1.207    1.335  
      datapath_module/reg_file_module/g37899                    -             AOI211X2   0.000   1.207    1.335  
      datapath_module/reg_file_module/g37899                    B0 v -> Y ^   AOI211X2   0.145   1.352    1.480  
      datapath_module/reg_file_module/g37893                    -             NAND2X2    0.000   1.352    1.480  
      datapath_module/reg_file_module/g37893                    B ^ -> Y v    NAND2X2    0.097   1.449    1.577  
      datapath_module/alu_module/mul_44_34_g25345               -             BUFX3      0.000   1.449    1.577  
      datapath_module/alu_module/mul_44_34_g25345               A v -> Y v    BUFX3      0.182   1.631    1.759  
      datapath_module/alu_module/g25570                         -             AO22X4     0.000   1.631    1.759  
      datapath_module/alu_module/g25570                         B1 v -> Y v   AO22X4     0.301   1.932    2.059  
      datapath_module/alu_module/mul_44_34_g24579               -             AOI22X2    0.000   1.932    2.059  
      datapath_module/alu_module/mul_44_34_g24579               B1 v -> Y ^   AOI22X2    0.128   2.060    2.188  
      datapath_module/alu_module/mul_44_34_g24306               -             ADDFHX1    0.000   2.060    2.188  
      datapath_module/alu_module/mul_44_34_g24306               A ^ -> CO ^   ADDFHX1    0.237   2.297    2.425  
      datapath_module/alu_module/mul_44_34_g24277               -             ADDFHXL    0.000   2.297    2.425  
      datapath_module/alu_module/mul_44_34_g24277               CI ^ -> S v   ADDFHXL    0.324   2.621    2.749  
      datapath_module/alu_module/mul_44_34_g24238               -             ADDFHXL    0.000   2.621    2.749  
      datapath_module/alu_module/mul_44_34_g24238               CI v -> S ^   ADDFHXL    0.352   2.974    3.101  
      datapath_module/alu_module/mul_44_34_g24225               -             NAND2X1    0.000   2.974    3.101  
      datapath_module/alu_module/mul_44_34_g24225               B ^ -> Y v    NAND2X1    0.113   3.087    3.215  
      datapath_module/alu_module/mul_44_34_g24203               -             AOI21X1    0.000   3.087    3.215  
      datapath_module/alu_module/mul_44_34_g24203               A1 v -> Y ^   AOI21X1    0.133   3.220    3.348  
      datapath_module/alu_module/mul_44_34_g24176               -             OAI21X1    0.000   3.220    3.348  
      datapath_module/alu_module/mul_44_34_g24176               A1 ^ -> Y v   OAI21X1    0.105   3.326    3.453  
      datapath_module/alu_module/mul_44_34_g24153               -             AOI21X2    0.000   3.326    3.453  
      datapath_module/alu_module/mul_44_34_g24153               A1 v -> Y ^   AOI21X2    0.095   3.420    3.548  
      datapath_module/alu_module/mul_44_34_g24124               -             NAND2X2    0.000   3.420    3.548  
      datapath_module/alu_module/mul_44_34_g24124               A ^ -> Y v    NAND2X2    0.079   3.500    3.627  
      datapath_module/alu_module/mul_44_34_g24109               -             NAND2X2    0.000   3.500    3.627  
      datapath_module/alu_module/mul_44_34_g24109               B v -> Y ^    NAND2X2    0.064   3.563    3.691  
      datapath_module/alu_module/mul_44_34_g24097               -             NOR2BX2    0.000   3.563    3.691  
      datapath_module/alu_module/mul_44_34_g24097               B ^ -> Y v    NOR2BX2    0.045   3.608    3.736  
      datapath_module/alu_module/mul_44_34_g24092               -             NAND2BX2   0.000   3.608    3.736  
      datapath_module/alu_module/mul_44_34_g24092               B v -> Y ^    NAND2BX2   0.043   3.651    3.778  
      datapath_module/alu_module/mul_44_34_g24064               -             NAND2X2    0.000   3.651    3.778  
      datapath_module/alu_module/mul_44_34_g24064               B ^ -> Y v    NAND2X2    0.076   3.726    3.854  
      datapath_module/alu_module/mul_44_34_g23987               -             NAND2BX2   0.000   3.726    3.854  
      datapath_module/alu_module/mul_44_34_g23987               B v -> Y ^    NAND2BX2   0.063   3.789    3.917  
      datapath_module/alu_module/mul_44_34_g23977               -             NAND2XL    0.000   3.789    3.917  
      datapath_module/alu_module/mul_44_34_g23977               B ^ -> Y v    NAND2XL    0.153   3.942    4.070  
      datapath_module/alu_module/mul_44_34_g23976               -             CLKINVX1   0.000   3.942    4.070  
      datapath_module/alu_module/mul_44_34_g23976               A v -> Y ^    CLKINVX1   0.090   4.032    4.160  
      datapath_module/alu_module/mul_44_34_g23952               -             MXI2XL     0.000   4.032    4.160  
      datapath_module/alu_module/mul_44_34_g23952               B ^ -> Y v    MXI2XL     0.086   4.118    4.246  
      datapath_module/alu_module/g7121                          -             OAI2BB1X1  0.000   4.118    4.246  
      datapath_module/alu_module/g7121                          A1N v -> Y v  OAI2BB1X1  0.645   4.762    4.890  
      datapath_module/reg_file_module/reg_memory_reg[5][20]406  -             SDFFQX1    0.000   4.762    4.890  
      ------------------------------------------------------------------------------------------------------------
Path 6: MET Setup Check with Pin datapath_module/reg_file_module/reg_memory_reg[4][20]342/CK 
Endpoint:   datapath_module/reg_file_module/reg_memory_reg[4][20]342/D (v) checked with  leading edge of 'clock'
Beginpoint: IFU_module/PC_reg[3]/Q                                     (^) triggered by  leading edge of 'clock'
Path Groups: {clock}
Retime Analysis { Data Path-Slew }
Other End Arrival Time          0.000
- Setup                         0.210
+ Phase Shift                   7.100
- Uncertainty                   2.000
= Required Time                 4.890
- Arrival Time                  4.762
= Slack Time                    0.128
= Slack Time(original)          0.063
     Clock Rise Edge                 0.000
     + Clock Network Latency (Ideal) 0.000
     = Beginpoint Arrival Time       0.000
      ------------------------------------------------------------------------------------------------------------
      Instance                                                  Arc           Cell       Retime  Arrival  Required  
                                                                                         Delay   Time     Time  
      ------------------------------------------------------------------------------------------------------------
      IFU_module/PC_reg[3]                                      CK ^          -          -       0.000    0.128  
      IFU_module/PC_reg[3]                                      CK ^ -> Q ^   SDFFRHQX4  0.624   0.624    0.752  
      IFU_module/instr_mem/g733                                 -             CLKINVX3   0.000   0.624    0.752  
      IFU_module/instr_mem/g733                                 A ^ -> Y v    CLKINVX3   0.060   0.684    0.812  
      IFU_module/instr_mem/g712                                 -             OAI21X4    0.000   0.684    0.812  
      IFU_module/instr_mem/g712                                 B0 v -> Y ^   OAI21X4    0.060   0.744    0.872  
      IFU_module/instr_mem/g702                                 -             NAND2X6    0.000   0.744    0.872  
      IFU_module/instr_mem/g702                                 B ^ -> Y v    NAND2X6    0.077   0.821    0.949  
      datapath_module/reg_file_module/g38902                    -             CLKINVX3   0.000   0.821    0.949  
      datapath_module/reg_file_module/g38902                    A v -> Y ^    CLKINVX3   0.057   0.878    1.006  
      datapath_module/reg_file_module/g38901                    -             CLKINVX2   0.000   0.878    1.006  
      datapath_module/reg_file_module/g38901                    A ^ -> Y v    CLKINVX2   0.048   0.926    1.054  
      datapath_module/reg_file_module/g38912                    -             NAND2BX2   0.000   0.926    1.054  
      datapath_module/reg_file_module/g38912                    B v -> Y ^    NAND2BX2   0.058   0.984    1.112  
      datapath_module/reg_file_module/g38872                    -             CLKINVX2   0.000   0.984    1.112  
      datapath_module/reg_file_module/g38872                    A ^ -> Y v    CLKINVX2   0.046   1.029    1.157  
      datapath_module/reg_file_module/g38870                    -             CLKINVX1   0.000   1.029    1.157  
      datapath_module/reg_file_module/g38870                    A v -> Y ^    CLKINVX1   0.072   1.101    1.229  
      datapath_module/reg_file_module/g37965                    -             OAI21X1    0.000   1.101    1.229  
      datapath_module/reg_file_module/g37965                    A0 ^ -> Y v   OAI21X1    0.106   1.207    1.335  
      datapath_module/reg_file_module/g37899                    -             AOI211X2   0.000   1.207    1.335  
      datapath_module/reg_file_module/g37899                    B0 v -> Y ^   AOI211X2   0.145   1.352    1.480  
      datapath_module/reg_file_module/g37893                    -             NAND2X2    0.000   1.352    1.480  
      datapath_module/reg_file_module/g37893                    B ^ -> Y v    NAND2X2    0.097   1.449    1.577  
      datapath_module/alu_module/mul_44_34_g25345               -             BUFX3      0.000   1.449    1.577  
      datapath_module/alu_module/mul_44_34_g25345               A v -> Y v    BUFX3      0.182   1.631    1.759  
      datapath_module/alu_module/g25570                         -             AO22X4     0.000   1.631    1.759  
      datapath_module/alu_module/g25570                         B1 v -> Y v   AO22X4     0.301   1.932    2.059  
      datapath_module/alu_module/mul_44_34_g24579               -             AOI22X2    0.000   1.932    2.059  
      datapath_module/alu_module/mul_44_34_g24579               B1 v -> Y ^   AOI22X2    0.128   2.060    2.188  
      datapath_module/alu_module/mul_44_34_g24306               -             ADDFHX1    0.000   2.060    2.188  
      datapath_module/alu_module/mul_44_34_g24306               A ^ -> CO ^   ADDFHX1    0.237   2.297    2.425  
      datapath_module/alu_module/mul_44_34_g24277               -             ADDFHXL    0.000   2.297    2.425  
      datapath_module/alu_module/mul_44_34_g24277               CI ^ -> S v   ADDFHXL    0.324   2.621    2.749  
      datapath_module/alu_module/mul_44_34_g24238               -             ADDFHXL    0.000   2.621    2.749  
      datapath_module/alu_module/mul_44_34_g24238               CI v -> S ^   ADDFHXL    0.352   2.974    3.101  
      datapath_module/alu_module/mul_44_34_g24225               -             NAND2X1    0.000   2.974    3.101  
      datapath_module/alu_module/mul_44_34_g24225               B ^ -> Y v    NAND2X1    0.113   3.087    3.215  
      datapath_module/alu_module/mul_44_34_g24203               -             AOI21X1    0.000   3.087    3.215  
      datapath_module/alu_module/mul_44_34_g24203               A1 v -> Y ^   AOI21X1    0.133   3.220    3.348  
      datapath_module/alu_module/mul_44_34_g24176               -             OAI21X1    0.000   3.220    3.348  
      datapath_module/alu_module/mul_44_34_g24176               A1 ^ -> Y v   OAI21X1    0.105   3.326    3.453  
      datapath_module/alu_module/mul_44_34_g24153               -             AOI21X2    0.000   3.326    3.453  
      datapath_module/alu_module/mul_44_34_g24153               A1 v -> Y ^   AOI21X2    0.095   3.420    3.548  
      datapath_module/alu_module/mul_44_34_g24124               -             NAND2X2    0.000   3.420    3.548  
      datapath_module/alu_module/mul_44_34_g24124               A ^ -> Y v    NAND2X2    0.079   3.500    3.627  
      datapath_module/alu_module/mul_44_34_g24109               -             NAND2X2    0.000   3.500    3.627  
      datapath_module/alu_module/mul_44_34_g24109               B v -> Y ^    NAND2X2    0.064   3.563    3.691  
      datapath_module/alu_module/mul_44_34_g24097               -             NOR2BX2    0.000   3.563    3.691  
      datapath_module/alu_module/mul_44_34_g24097               B ^ -> Y v    NOR2BX2    0.045   3.608    3.736  
      datapath_module/alu_module/mul_44_34_g24092               -             NAND2BX2   0.000   3.608    3.736  
      datapath_module/alu_module/mul_44_34_g24092               B v -> Y ^    NAND2BX2   0.043   3.651    3.778  
      datapath_module/alu_module/mul_44_34_g24064               -             NAND2X2    0.000   3.651    3.778  
      datapath_module/alu_module/mul_44_34_g24064               B ^ -> Y v    NAND2X2    0.076   3.726    3.854  
      datapath_module/alu_module/mul_44_34_g23987               -             NAND2BX2   0.000   3.726    3.854  
      datapath_module/alu_module/mul_44_34_g23987               B v -> Y ^    NAND2BX2   0.063   3.789    3.917  
      datapath_module/alu_module/mul_44_34_g23977               -             NAND2XL    0.000   3.789    3.917  
      datapath_module/alu_module/mul_44_34_g23977               B ^ -> Y v    NAND2XL    0.153   3.942    4.070  
      datapath_module/alu_module/mul_44_34_g23976               -             CLKINVX1   0.000   3.942    4.070  
      datapath_module/alu_module/mul_44_34_g23976               A v -> Y ^    CLKINVX1   0.090   4.032    4.160  
      datapath_module/alu_module/mul_44_34_g23952               -             MXI2XL     0.000   4.032    4.160  
      datapath_module/alu_module/mul_44_34_g23952               B ^ -> Y v    MXI2XL     0.086   4.118    4.246  
      datapath_module/alu_module/g7121                          -             OAI2BB1X1  0.000   4.118    4.246  
      datapath_module/alu_module/g7121                          A1N v -> Y v  OAI2BB1X1  0.645   4.762    4.890  
      datapath_module/reg_file_module/reg_memory_reg[4][20]342  -             SDFFQX1    0.000   4.762    4.890  
      ------------------------------------------------------------------------------------------------------------
Path 7: MET Setup Check with Pin datapath_module/reg_file_module/reg_memory_reg[3][20]278/CK 
Endpoint:   datapath_module/reg_file_module/reg_memory_reg[3][20]278/D (v) checked with  leading edge of 'clock'
Beginpoint: IFU_module/PC_reg[3]/Q                                     (^) triggered by  leading edge of 'clock'
Path Groups: {clock}
Retime Analysis { Data Path-Slew }
Other End Arrival Time          0.000
- Setup                         0.210
+ Phase Shift                   7.100
- Uncertainty                   2.000
= Required Time                 4.890
- Arrival Time                  4.762
= Slack Time                    0.128
= Slack Time(original)          0.063
     Clock Rise Edge                 0.000
     + Clock Network Latency (Ideal) 0.000
     = Beginpoint Arrival Time       0.000
      ------------------------------------------------------------------------------------------------------------
      Instance                                                  Arc           Cell       Retime  Arrival  Required  
                                                                                         Delay   Time     Time  
      ------------------------------------------------------------------------------------------------------------
      IFU_module/PC_reg[3]                                      CK ^          -          -       0.000    0.128  
      IFU_module/PC_reg[3]                                      CK ^ -> Q ^   SDFFRHQX4  0.624   0.624    0.752  
      IFU_module/instr_mem/g733                                 -             CLKINVX3   0.000   0.624    0.752  
      IFU_module/instr_mem/g733                                 A ^ -> Y v    CLKINVX3   0.060   0.684    0.812  
      IFU_module/instr_mem/g712                                 -             OAI21X4    0.000   0.684    0.812  
      IFU_module/instr_mem/g712                                 B0 v -> Y ^   OAI21X4    0.060   0.744    0.872  
      IFU_module/instr_mem/g702                                 -             NAND2X6    0.000   0.744    0.872  
      IFU_module/instr_mem/g702                                 B ^ -> Y v    NAND2X6    0.077   0.821    0.949  
      datapath_module/reg_file_module/g38902                    -             CLKINVX3   0.000   0.821    0.949  
      datapath_module/reg_file_module/g38902                    A v -> Y ^    CLKINVX3   0.057   0.878    1.006  
      datapath_module/reg_file_module/g38901                    -             CLKINVX2   0.000   0.878    1.006  
      datapath_module/reg_file_module/g38901                    A ^ -> Y v    CLKINVX2   0.048   0.926    1.054  
      datapath_module/reg_file_module/g38912                    -             NAND2BX2   0.000   0.926    1.054  
      datapath_module/reg_file_module/g38912                    B v -> Y ^    NAND2BX2   0.058   0.984    1.112  
      datapath_module/reg_file_module/g38872                    -             CLKINVX2   0.000   0.984    1.112  
      datapath_module/reg_file_module/g38872                    A ^ -> Y v    CLKINVX2   0.046   1.029    1.157  
      datapath_module/reg_file_module/g38870                    -             CLKINVX1   0.000   1.029    1.157  
      datapath_module/reg_file_module/g38870                    A v -> Y ^    CLKINVX1   0.072   1.101    1.229  
      datapath_module/reg_file_module/g37965                    -             OAI21X1    0.000   1.101    1.229  
      datapath_module/reg_file_module/g37965                    A0 ^ -> Y v   OAI21X1    0.106   1.207    1.335  
      datapath_module/reg_file_module/g37899                    -             AOI211X2   0.000   1.207    1.335  
      datapath_module/reg_file_module/g37899                    B0 v -> Y ^   AOI211X2   0.145   1.352    1.480  
      datapath_module/reg_file_module/g37893                    -             NAND2X2    0.000   1.352    1.480  
      datapath_module/reg_file_module/g37893                    B ^ -> Y v    NAND2X2    0.097   1.449    1.577  
      datapath_module/alu_module/mul_44_34_g25345               -             BUFX3      0.000   1.449    1.577  
      datapath_module/alu_module/mul_44_34_g25345               A v -> Y v    BUFX3      0.182   1.631    1.759  
      datapath_module/alu_module/g25570                         -             AO22X4     0.000   1.631    1.759  
      datapath_module/alu_module/g25570                         B1 v -> Y v   AO22X4     0.301   1.932    2.059  
      datapath_module/alu_module/mul_44_34_g24579               -             AOI22X2    0.000   1.932    2.059  
      datapath_module/alu_module/mul_44_34_g24579               B1 v -> Y ^   AOI22X2    0.128   2.060    2.188  
      datapath_module/alu_module/mul_44_34_g24306               -             ADDFHX1    0.000   2.060    2.188  
      datapath_module/alu_module/mul_44_34_g24306               A ^ -> CO ^   ADDFHX1    0.237   2.297    2.425  
      datapath_module/alu_module/mul_44_34_g24277               -             ADDFHXL    0.000   2.297    2.425  
      datapath_module/alu_module/mul_44_34_g24277               CI ^ -> S v   ADDFHXL    0.324   2.621    2.749  
      datapath_module/alu_module/mul_44_34_g24238               -             ADDFHXL    0.000   2.621    2.749  
      datapath_module/alu_module/mul_44_34_g24238               CI v -> S ^   ADDFHXL    0.352   2.974    3.101  
      datapath_module/alu_module/mul_44_34_g24225               -             NAND2X1    0.000   2.974    3.101  
      datapath_module/alu_module/mul_44_34_g24225               B ^ -> Y v    NAND2X1    0.113   3.087    3.215  
      datapath_module/alu_module/mul_44_34_g24203               -             AOI21X1    0.000   3.087    3.215  
      datapath_module/alu_module/mul_44_34_g24203               A1 v -> Y ^   AOI21X1    0.133   3.220    3.348  
      datapath_module/alu_module/mul_44_34_g24176               -             OAI21X1    0.000   3.220    3.348  
      datapath_module/alu_module/mul_44_34_g24176               A1 ^ -> Y v   OAI21X1    0.105   3.326    3.453  
      datapath_module/alu_module/mul_44_34_g24153               -             AOI21X2    0.000   3.326    3.453  
      datapath_module/alu_module/mul_44_34_g24153               A1 v -> Y ^   AOI21X2    0.095   3.420    3.548  
      datapath_module/alu_module/mul_44_34_g24124               -             NAND2X2    0.000   3.420    3.548  
      datapath_module/alu_module/mul_44_34_g24124               A ^ -> Y v    NAND2X2    0.079   3.500    3.627  
      datapath_module/alu_module/mul_44_34_g24109               -             NAND2X2    0.000   3.500    3.627  
      datapath_module/alu_module/mul_44_34_g24109               B v -> Y ^    NAND2X2    0.064   3.563    3.691  
      datapath_module/alu_module/mul_44_34_g24097               -             NOR2BX2    0.000   3.563    3.691  
      datapath_module/alu_module/mul_44_34_g24097               B ^ -> Y v    NOR2BX2    0.045   3.608    3.736  
      datapath_module/alu_module/mul_44_34_g24092               -             NAND2BX2   0.000   3.608    3.736  
      datapath_module/alu_module/mul_44_34_g24092               B v -> Y ^    NAND2BX2   0.043   3.651    3.778  
      datapath_module/alu_module/mul_44_34_g24064               -             NAND2X2    0.000   3.651    3.778  
      datapath_module/alu_module/mul_44_34_g24064               B ^ -> Y v    NAND2X2    0.076   3.726    3.854  
      datapath_module/alu_module/mul_44_34_g23987               -             NAND2BX2   0.000   3.726    3.854  
      datapath_module/alu_module/mul_44_34_g23987               B v -> Y ^    NAND2BX2   0.063   3.789    3.917  
      datapath_module/alu_module/mul_44_34_g23977               -             NAND2XL    0.000   3.789    3.917  
      datapath_module/alu_module/mul_44_34_g23977               B ^ -> Y v    NAND2XL    0.153   3.942    4.070  
      datapath_module/alu_module/mul_44_34_g23976               -             CLKINVX1   0.000   3.942    4.070  
      datapath_module/alu_module/mul_44_34_g23976               A v -> Y ^    CLKINVX1   0.090   4.032    4.160  
      datapath_module/alu_module/mul_44_34_g23952               -             MXI2XL     0.000   4.032    4.160  
      datapath_module/alu_module/mul_44_34_g23952               B ^ -> Y v    MXI2XL     0.086   4.118    4.246  
      datapath_module/alu_module/g7121                          -             OAI2BB1X1  0.000   4.118    4.246  
      datapath_module/alu_module/g7121                          A1N v -> Y v  OAI2BB1X1  0.645   4.762    4.890  
      datapath_module/reg_file_module/reg_memory_reg[3][20]278  -             SDFFQX1    0.000   4.762    4.890  
      ------------------------------------------------------------------------------------------------------------
Path 8: MET Setup Check with Pin datapath_module/reg_file_module/reg_memory_reg[31][20]2070/CK 
Endpoint:   datapath_module/reg_file_module/reg_memory_reg[31][20]2070/D (v) checked with  leading edge of 'clock'
Beginpoint: IFU_module/PC_reg[3]/Q                                       (^) triggered by  leading edge of 'clock'
Path Groups: {clock}
Retime Analysis { Data Path-Slew }
Other End Arrival Time          0.000
- Setup                         0.210
+ Phase Shift                   7.100
- Uncertainty                   2.000
= Required Time                 4.890
- Arrival Time                  4.762
= Slack Time                    0.128
= Slack Time(original)          0.063
     Clock Rise Edge                 0.000
     + Clock Network Latency (Ideal) 0.000
     = Beginpoint Arrival Time       0.000
      --------------------------------------------------------------------------------------------------------------
      Instance                                                    Arc           Cell       Retime  Arrival  Required  
                                                                                           Delay   Time     Time  
      --------------------------------------------------------------------------------------------------------------
      IFU_module/PC_reg[3]                                        CK ^          -          -       0.000    0.128  
      IFU_module/PC_reg[3]                                        CK ^ -> Q ^   SDFFRHQX4  0.624   0.624    0.752  
      IFU_module/instr_mem/g733                                   -             CLKINVX3   0.000   0.624    0.752  
      IFU_module/instr_mem/g733                                   A ^ -> Y v    CLKINVX3   0.060   0.684    0.812  
      IFU_module/instr_mem/g712                                   -             OAI21X4    0.000   0.684    0.812  
      IFU_module/instr_mem/g712                                   B0 v -> Y ^   OAI21X4    0.060   0.744    0.872  
      IFU_module/instr_mem/g702                                   -             NAND2X6    0.000   0.744    0.872  
      IFU_module/instr_mem/g702                                   B ^ -> Y v    NAND2X6    0.077   0.821    0.949  
      datapath_module/reg_file_module/g38902                      -             CLKINVX3   0.000   0.821    0.949  
      datapath_module/reg_file_module/g38902                      A v -> Y ^    CLKINVX3   0.057   0.878    1.006  
      datapath_module/reg_file_module/g38901                      -             CLKINVX2   0.000   0.878    1.006  
      datapath_module/reg_file_module/g38901                      A ^ -> Y v    CLKINVX2   0.048   0.926    1.054  
      datapath_module/reg_file_module/g38912                      -             NAND2BX2   0.000   0.926    1.054  
      datapath_module/reg_file_module/g38912                      B v -> Y ^    NAND2BX2   0.058   0.984    1.112  
      datapath_module/reg_file_module/g38872                      -             CLKINVX2   0.000   0.984    1.112  
      datapath_module/reg_file_module/g38872                      A ^ -> Y v    CLKINVX2   0.046   1.029    1.157  
      datapath_module/reg_file_module/g38870                      -             CLKINVX1   0.000   1.029    1.157  
      datapath_module/reg_file_module/g38870                      A v -> Y ^    CLKINVX1   0.072   1.101    1.229  
      datapath_module/reg_file_module/g37965                      -             OAI21X1    0.000   1.101    1.229  
      datapath_module/reg_file_module/g37965                      A0 ^ -> Y v   OAI21X1    0.106   1.207    1.335  
      datapath_module/reg_file_module/g37899                      -             AOI211X2   0.000   1.207    1.335  
      datapath_module/reg_file_module/g37899                      B0 v -> Y ^   AOI211X2   0.145   1.352    1.480  
      datapath_module/reg_file_module/g37893                      -             NAND2X2    0.000   1.352    1.480  
      datapath_module/reg_file_module/g37893                      B ^ -> Y v    NAND2X2    0.097   1.449    1.577  
      datapath_module/alu_module/mul_44_34_g25345                 -             BUFX3      0.000   1.449    1.577  
      datapath_module/alu_module/mul_44_34_g25345                 A v -> Y v    BUFX3      0.182   1.631    1.759  
      datapath_module/alu_module/g25570                           -             AO22X4     0.000   1.631    1.759  
      datapath_module/alu_module/g25570                           B1 v -> Y v   AO22X4     0.301   1.932    2.059  
      datapath_module/alu_module/mul_44_34_g24579                 -             AOI22X2    0.000   1.932    2.059  
      datapath_module/alu_module/mul_44_34_g24579                 B1 v -> Y ^   AOI22X2    0.128   2.060    2.188  
      datapath_module/alu_module/mul_44_34_g24306                 -             ADDFHX1    0.000   2.060    2.188  
      datapath_module/alu_module/mul_44_34_g24306                 A ^ -> CO ^   ADDFHX1    0.237   2.297    2.425  
      datapath_module/alu_module/mul_44_34_g24277                 -             ADDFHXL    0.000   2.297    2.425  
      datapath_module/alu_module/mul_44_34_g24277                 CI ^ -> S v   ADDFHXL    0.324   2.621    2.749  
      datapath_module/alu_module/mul_44_34_g24238                 -             ADDFHXL    0.000   2.621    2.749  
      datapath_module/alu_module/mul_44_34_g24238                 CI v -> S ^   ADDFHXL    0.352   2.974    3.101  
      datapath_module/alu_module/mul_44_34_g24225                 -             NAND2X1    0.000   2.974    3.101  
      datapath_module/alu_module/mul_44_34_g24225                 B ^ -> Y v    NAND2X1    0.113   3.087    3.215  
      datapath_module/alu_module/mul_44_34_g24203                 -             AOI21X1    0.000   3.087    3.215  
      datapath_module/alu_module/mul_44_34_g24203                 A1 v -> Y ^   AOI21X1    0.133   3.220    3.348  
      datapath_module/alu_module/mul_44_34_g24176                 -             OAI21X1    0.000   3.220    3.348  
      datapath_module/alu_module/mul_44_34_g24176                 A1 ^ -> Y v   OAI21X1    0.105   3.326    3.453  
      datapath_module/alu_module/mul_44_34_g24153                 -             AOI21X2    0.000   3.326    3.453  
      datapath_module/alu_module/mul_44_34_g24153                 A1 v -> Y ^   AOI21X2    0.095   3.420    3.548  
      datapath_module/alu_module/mul_44_34_g24124                 -             NAND2X2    0.000   3.420    3.548  
      datapath_module/alu_module/mul_44_34_g24124                 A ^ -> Y v    NAND2X2    0.079   3.500    3.627  
      datapath_module/alu_module/mul_44_34_g24109                 -             NAND2X2    0.000   3.500    3.627  
      datapath_module/alu_module/mul_44_34_g24109                 B v -> Y ^    NAND2X2    0.064   3.563    3.691  
      datapath_module/alu_module/mul_44_34_g24097                 -             NOR2BX2    0.000   3.563    3.691  
      datapath_module/alu_module/mul_44_34_g24097                 B ^ -> Y v    NOR2BX2    0.045   3.608    3.736  
      datapath_module/alu_module/mul_44_34_g24092                 -             NAND2BX2   0.000   3.608    3.736  
      datapath_module/alu_module/mul_44_34_g24092                 B v -> Y ^    NAND2BX2   0.043   3.651    3.778  
      datapath_module/alu_module/mul_44_34_g24064                 -             NAND2X2    0.000   3.651    3.778  
      datapath_module/alu_module/mul_44_34_g24064                 B ^ -> Y v    NAND2X2    0.076   3.726    3.854  
      datapath_module/alu_module/mul_44_34_g23987                 -             NAND2BX2   0.000   3.726    3.854  
      datapath_module/alu_module/mul_44_34_g23987                 B v -> Y ^    NAND2BX2   0.063   3.789    3.917  
      datapath_module/alu_module/mul_44_34_g23977                 -             NAND2XL    0.000   3.789    3.917  
      datapath_module/alu_module/mul_44_34_g23977                 B ^ -> Y v    NAND2XL    0.153   3.942    4.070  
      datapath_module/alu_module/mul_44_34_g23976                 -             CLKINVX1   0.000   3.942    4.070  
      datapath_module/alu_module/mul_44_34_g23976                 A v -> Y ^    CLKINVX1   0.090   4.032    4.160  
      datapath_module/alu_module/mul_44_34_g23952                 -             MXI2XL     0.000   4.032    4.160  
      datapath_module/alu_module/mul_44_34_g23952                 B ^ -> Y v    MXI2XL     0.086   4.118    4.246  
      datapath_module/alu_module/g7121                            -             OAI2BB1X1  0.000   4.118    4.246  
      datapath_module/alu_module/g7121                            A1N v -> Y v  OAI2BB1X1  0.645   4.762    4.890  
      datapath_module/reg_file_module/reg_memory_reg[31][20]2070  -             SDFFQX1    0.000   4.762    4.890  
      --------------------------------------------------------------------------------------------------------------
Path 9: MET Setup Check with Pin datapath_module/reg_file_module/reg_memory_reg[30][20]2006/CK 
Endpoint:   datapath_module/reg_file_module/reg_memory_reg[30][20]2006/D (v) checked with  leading edge of 'clock'
Beginpoint: IFU_module/PC_reg[3]/Q                                       (^) triggered by  leading edge of 'clock'
Path Groups: {clock}
Retime Analysis { Data Path-Slew }
Other End Arrival Time          0.000
- Setup                         0.210
+ Phase Shift                   7.100
- Uncertainty                   2.000
= Required Time                 4.890
- Arrival Time                  4.762
= Slack Time                    0.128
= Slack Time(original)          0.063
     Clock Rise Edge                 0.000
     + Clock Network Latency (Ideal) 0.000
     = Beginpoint Arrival Time       0.000
      --------------------------------------------------------------------------------------------------------------
      Instance                                                    Arc           Cell       Retime  Arrival  Required  
                                                                                           Delay   Time     Time  
      --------------------------------------------------------------------------------------------------------------
      IFU_module/PC_reg[3]                                        CK ^          -          -       0.000    0.128  
      IFU_module/PC_reg[3]                                        CK ^ -> Q ^   SDFFRHQX4  0.624   0.624    0.752  
      IFU_module/instr_mem/g733                                   -             CLKINVX3   0.000   0.624    0.752  
      IFU_module/instr_mem/g733                                   A ^ -> Y v    CLKINVX3   0.060   0.684    0.812  
      IFU_module/instr_mem/g712                                   -             OAI21X4    0.000   0.684    0.812  
      IFU_module/instr_mem/g712                                   B0 v -> Y ^   OAI21X4    0.060   0.744    0.872  
      IFU_module/instr_mem/g702                                   -             NAND2X6    0.000   0.744    0.872  
      IFU_module/instr_mem/g702                                   B ^ -> Y v    NAND2X6    0.077   0.821    0.949  
      datapath_module/reg_file_module/g38902                      -             CLKINVX3   0.000   0.821    0.949  
      datapath_module/reg_file_module/g38902                      A v -> Y ^    CLKINVX3   0.057   0.878    1.006  
      datapath_module/reg_file_module/g38901                      -             CLKINVX2   0.000   0.878    1.006  
      datapath_module/reg_file_module/g38901                      A ^ -> Y v    CLKINVX2   0.048   0.926    1.054  
      datapath_module/reg_file_module/g38912                      -             NAND2BX2   0.000   0.926    1.054  
      datapath_module/reg_file_module/g38912                      B v -> Y ^    NAND2BX2   0.058   0.984    1.112  
      datapath_module/reg_file_module/g38872                      -             CLKINVX2   0.000   0.984    1.112  
      datapath_module/reg_file_module/g38872                      A ^ -> Y v    CLKINVX2   0.046   1.029    1.157  
      datapath_module/reg_file_module/g38870                      -             CLKINVX1   0.000   1.029    1.157  
      datapath_module/reg_file_module/g38870                      A v -> Y ^    CLKINVX1   0.072   1.101    1.229  
      datapath_module/reg_file_module/g37965                      -             OAI21X1    0.000   1.101    1.229  
      datapath_module/reg_file_module/g37965                      A0 ^ -> Y v   OAI21X1    0.106   1.207    1.335  
      datapath_module/reg_file_module/g37899                      -             AOI211X2   0.000   1.207    1.335  
      datapath_module/reg_file_module/g37899                      B0 v -> Y ^   AOI211X2   0.145   1.352    1.480  
      datapath_module/reg_file_module/g37893                      -             NAND2X2    0.000   1.352    1.480  
      datapath_module/reg_file_module/g37893                      B ^ -> Y v    NAND2X2    0.097   1.449    1.577  
      datapath_module/alu_module/mul_44_34_g25345                 -             BUFX3      0.000   1.449    1.577  
      datapath_module/alu_module/mul_44_34_g25345                 A v -> Y v    BUFX3      0.182   1.631    1.759  
      datapath_module/alu_module/g25570                           -             AO22X4     0.000   1.631    1.759  
      datapath_module/alu_module/g25570                           B1 v -> Y v   AO22X4     0.301   1.932    2.059  
      datapath_module/alu_module/mul_44_34_g24579                 -             AOI22X2    0.000   1.932    2.059  
      datapath_module/alu_module/mul_44_34_g24579                 B1 v -> Y ^   AOI22X2    0.128   2.060    2.188  
      datapath_module/alu_module/mul_44_34_g24306                 -             ADDFHX1    0.000   2.060    2.188  
      datapath_module/alu_module/mul_44_34_g24306                 A ^ -> CO ^   ADDFHX1    0.237   2.297    2.425  
      datapath_module/alu_module/mul_44_34_g24277                 -             ADDFHXL    0.000   2.297    2.425  
      datapath_module/alu_module/mul_44_34_g24277                 CI ^ -> S v   ADDFHXL    0.324   2.621    2.749  
      datapath_module/alu_module/mul_44_34_g24238                 -             ADDFHXL    0.000   2.621    2.749  
      datapath_module/alu_module/mul_44_34_g24238                 CI v -> S ^   ADDFHXL    0.352   2.974    3.101  
      datapath_module/alu_module/mul_44_34_g24225                 -             NAND2X1    0.000   2.974    3.101  
      datapath_module/alu_module/mul_44_34_g24225                 B ^ -> Y v    NAND2X1    0.113   3.087    3.215  
      datapath_module/alu_module/mul_44_34_g24203                 -             AOI21X1    0.000   3.087    3.215  
      datapath_module/alu_module/mul_44_34_g24203                 A1 v -> Y ^   AOI21X1    0.133   3.220    3.348  
      datapath_module/alu_module/mul_44_34_g24176                 -             OAI21X1    0.000   3.220    3.348  
      datapath_module/alu_module/mul_44_34_g24176                 A1 ^ -> Y v   OAI21X1    0.105   3.326    3.453  
      datapath_module/alu_module/mul_44_34_g24153                 -             AOI21X2    0.000   3.326    3.453  
      datapath_module/alu_module/mul_44_34_g24153                 A1 v -> Y ^   AOI21X2    0.095   3.420    3.548  
      datapath_module/alu_module/mul_44_34_g24124                 -             NAND2X2    0.000   3.420    3.548  
      datapath_module/alu_module/mul_44_34_g24124                 A ^ -> Y v    NAND2X2    0.079   3.500    3.627  
      datapath_module/alu_module/mul_44_34_g24109                 -             NAND2X2    0.000   3.500    3.627  
      datapath_module/alu_module/mul_44_34_g24109                 B v -> Y ^    NAND2X2    0.064   3.563    3.691  
      datapath_module/alu_module/mul_44_34_g24097                 -             NOR2BX2    0.000   3.563    3.691  
      datapath_module/alu_module/mul_44_34_g24097                 B ^ -> Y v    NOR2BX2    0.045   3.608    3.736  
      datapath_module/alu_module/mul_44_34_g24092                 -             NAND2BX2   0.000   3.608    3.736  
      datapath_module/alu_module/mul_44_34_g24092                 B v -> Y ^    NAND2BX2   0.043   3.651    3.778  
      datapath_module/alu_module/mul_44_34_g24064                 -             NAND2X2    0.000   3.651    3.778  
      datapath_module/alu_module/mul_44_34_g24064                 B ^ -> Y v    NAND2X2    0.076   3.726    3.854  
      datapath_module/alu_module/mul_44_34_g23987                 -             NAND2BX2   0.000   3.726    3.854  
      datapath_module/alu_module/mul_44_34_g23987                 B v -> Y ^    NAND2BX2   0.063   3.789    3.917  
      datapath_module/alu_module/mul_44_34_g23977                 -             NAND2XL    0.000   3.789    3.917  
      datapath_module/alu_module/mul_44_34_g23977                 B ^ -> Y v    NAND2XL    0.153   3.942    4.070  
      datapath_module/alu_module/mul_44_34_g23976                 -             CLKINVX1   0.000   3.942    4.070  
      datapath_module/alu_module/mul_44_34_g23976                 A v -> Y ^    CLKINVX1   0.090   4.032    4.160  
      datapath_module/alu_module/mul_44_34_g23952                 -             MXI2XL     0.000   4.032    4.160  
      datapath_module/alu_module/mul_44_34_g23952                 B ^ -> Y v    MXI2XL     0.086   4.118    4.246  
      datapath_module/alu_module/g7121                            -             OAI2BB1X1  0.000   4.118    4.246  
      datapath_module/alu_module/g7121                            A1N v -> Y v  OAI2BB1X1  0.645   4.762    4.890  
      datapath_module/reg_file_module/reg_memory_reg[30][20]2006  -             SDFFQX1    0.000   4.762    4.890  
      --------------------------------------------------------------------------------------------------------------
Path 10: MET Setup Check with Pin datapath_module/reg_file_module/reg_memory_reg[2][20]214/CK 
Endpoint:   datapath_module/reg_file_module/reg_memory_reg[2][20]214/D (v) checked with  leading edge of 'clock'
Beginpoint: IFU_module/PC_reg[3]/Q                                     (^) triggered by  leading edge of 'clock'
Path Groups: {clock}
Retime Analysis { Data Path-Slew }
Other End Arrival Time          0.000
- Setup                         0.210
+ Phase Shift                   7.100
- Uncertainty                   2.000
= Required Time                 4.890
- Arrival Time                  4.762
= Slack Time                    0.128
= Slack Time(original)          0.063
     Clock Rise Edge                 0.000
     + Clock Network Latency (Ideal) 0.000
     = Beginpoint Arrival Time       0.000
      ------------------------------------------------------------------------------------------------------------
      Instance                                                  Arc           Cell       Retime  Arrival  Required  
                                                                                         Delay   Time     Time  
      ------------------------------------------------------------------------------------------------------------
      IFU_module/PC_reg[3]                                      CK ^          -          -       0.000    0.128  
      IFU_module/PC_reg[3]                                      CK ^ -> Q ^   SDFFRHQX4  0.624   0.624    0.752  
      IFU_module/instr_mem/g733                                 -             CLKINVX3   0.000   0.624    0.752  
      IFU_module/instr_mem/g733                                 A ^ -> Y v    CLKINVX3   0.060   0.684    0.812  
      IFU_module/instr_mem/g712                                 -             OAI21X4    0.000   0.684    0.812  
      IFU_module/instr_mem/g712                                 B0 v -> Y ^   OAI21X4    0.060   0.744    0.872  
      IFU_module/instr_mem/g702                                 -             NAND2X6    0.000   0.744    0.872  
      IFU_module/instr_mem/g702                                 B ^ -> Y v    NAND2X6    0.077   0.821    0.949  
      datapath_module/reg_file_module/g38902                    -             CLKINVX3   0.000   0.821    0.949  
      datapath_module/reg_file_module/g38902                    A v -> Y ^    CLKINVX3   0.057   0.878    1.006  
      datapath_module/reg_file_module/g38901                    -             CLKINVX2   0.000   0.878    1.006  
      datapath_module/reg_file_module/g38901                    A ^ -> Y v    CLKINVX2   0.048   0.926    1.054  
      datapath_module/reg_file_module/g38912                    -             NAND2BX2   0.000   0.926    1.054  
      datapath_module/reg_file_module/g38912                    B v -> Y ^    NAND2BX2   0.058   0.984    1.112  
      datapath_module/reg_file_module/g38872                    -             CLKINVX2   0.000   0.984    1.112  
      datapath_module/reg_file_module/g38872                    A ^ -> Y v    CLKINVX2   0.046   1.029    1.157  
      datapath_module/reg_file_module/g38870                    -             CLKINVX1   0.000   1.029    1.157  
      datapath_module/reg_file_module/g38870                    A v -> Y ^    CLKINVX1   0.072   1.101    1.229  
      datapath_module/reg_file_module/g37965                    -             OAI21X1    0.000   1.101    1.229  
      datapath_module/reg_file_module/g37965                    A0 ^ -> Y v   OAI21X1    0.106   1.207    1.335  
      datapath_module/reg_file_module/g37899                    -             AOI211X2   0.000   1.207    1.335  
      datapath_module/reg_file_module/g37899                    B0 v -> Y ^   AOI211X2   0.145   1.352    1.480  
      datapath_module/reg_file_module/g37893                    -             NAND2X2    0.000   1.352    1.480  
      datapath_module/reg_file_module/g37893                    B ^ -> Y v    NAND2X2    0.097   1.449    1.577  
      datapath_module/alu_module/mul_44_34_g25345               -             BUFX3      0.000   1.449    1.577  
      datapath_module/alu_module/mul_44_34_g25345               A v -> Y v    BUFX3      0.182   1.631    1.759  
      datapath_module/alu_module/g25570                         -             AO22X4     0.000   1.631    1.759  
      datapath_module/alu_module/g25570                         B1 v -> Y v   AO22X4     0.301   1.932    2.059  
      datapath_module/alu_module/mul_44_34_g24579               -             AOI22X2    0.000   1.932    2.059  
      datapath_module/alu_module/mul_44_34_g24579               B1 v -> Y ^   AOI22X2    0.128   2.060    2.188  
      datapath_module/alu_module/mul_44_34_g24306               -             ADDFHX1    0.000   2.060    2.188  
      datapath_module/alu_module/mul_44_34_g24306               A ^ -> CO ^   ADDFHX1    0.237   2.297    2.425  
      datapath_module/alu_module/mul_44_34_g24277               -             ADDFHXL    0.000   2.297    2.425  
      datapath_module/alu_module/mul_44_34_g24277               CI ^ -> S v   ADDFHXL    0.324   2.621    2.749  
      datapath_module/alu_module/mul_44_34_g24238               -             ADDFHXL    0.000   2.621    2.749  
      datapath_module/alu_module/mul_44_34_g24238               CI v -> S ^   ADDFHXL    0.352   2.974    3.101  
      datapath_module/alu_module/mul_44_34_g24225               -             NAND2X1    0.000   2.974    3.101  
      datapath_module/alu_module/mul_44_34_g24225               B ^ -> Y v    NAND2X1    0.113   3.087    3.215  
      datapath_module/alu_module/mul_44_34_g24203               -             AOI21X1    0.000   3.087    3.215  
      datapath_module/alu_module/mul_44_34_g24203               A1 v -> Y ^   AOI21X1    0.133   3.220    3.348  
      datapath_module/alu_module/mul_44_34_g24176               -             OAI21X1    0.000   3.220    3.348  
      datapath_module/alu_module/mul_44_34_g24176               A1 ^ -> Y v   OAI21X1    0.105   3.326    3.453  
      datapath_module/alu_module/mul_44_34_g24153               -             AOI21X2    0.000   3.326    3.453  
      datapath_module/alu_module/mul_44_34_g24153               A1 v -> Y ^   AOI21X2    0.095   3.420    3.548  
      datapath_module/alu_module/mul_44_34_g24124               -             NAND2X2    0.000   3.420    3.548  
      datapath_module/alu_module/mul_44_34_g24124               A ^ -> Y v    NAND2X2    0.079   3.500    3.627  
      datapath_module/alu_module/mul_44_34_g24109               -             NAND2X2    0.000   3.500    3.627  
      datapath_module/alu_module/mul_44_34_g24109               B v -> Y ^    NAND2X2    0.064   3.563    3.691  
      datapath_module/alu_module/mul_44_34_g24097               -             NOR2BX2    0.000   3.563    3.691  
      datapath_module/alu_module/mul_44_34_g24097               B ^ -> Y v    NOR2BX2    0.045   3.608    3.736  
      datapath_module/alu_module/mul_44_34_g24092               -             NAND2BX2   0.000   3.608    3.736  
      datapath_module/alu_module/mul_44_34_g24092               B v -> Y ^    NAND2BX2   0.043   3.651    3.778  
      datapath_module/alu_module/mul_44_34_g24064               -             NAND2X2    0.000   3.651    3.778  
      datapath_module/alu_module/mul_44_34_g24064               B ^ -> Y v    NAND2X2    0.076   3.726    3.854  
      datapath_module/alu_module/mul_44_34_g23987               -             NAND2BX2   0.000   3.726    3.854  
      datapath_module/alu_module/mul_44_34_g23987               B v -> Y ^    NAND2BX2   0.063   3.789    3.917  
      datapath_module/alu_module/mul_44_34_g23977               -             NAND2XL    0.000   3.789    3.917  
      datapath_module/alu_module/mul_44_34_g23977               B ^ -> Y v    NAND2XL    0.153   3.942    4.070  
      datapath_module/alu_module/mul_44_34_g23976               -             CLKINVX1   0.000   3.942    4.070  
      datapath_module/alu_module/mul_44_34_g23976               A v -> Y ^    CLKINVX1   0.090   4.032    4.160  
      datapath_module/alu_module/mul_44_34_g23952               -             MXI2XL     0.000   4.032    4.160  
      datapath_module/alu_module/mul_44_34_g23952               B ^ -> Y v    MXI2XL     0.086   4.118    4.246  
      datapath_module/alu_module/g7121                          -             OAI2BB1X1  0.000   4.118    4.246  
      datapath_module/alu_module/g7121                          A1N v -> Y v  OAI2BB1X1  0.645   4.762    4.890  
      datapath_module/reg_file_module/reg_memory_reg[2][20]214  -             SDFFQX1    0.000   4.762    4.890  
      ------------------------------------------------------------------------------------------------------------
Path 11: MET Setup Check with Pin datapath_module/reg_file_module/reg_memory_reg[29][20]1942/CK 
Endpoint:   datapath_module/reg_file_module/reg_memory_reg[29][20]1942/D (v) checked with  leading edge of 'clock'
Beginpoint: IFU_module/PC_reg[3]/Q                                       (^) triggered by  leading edge of 'clock'
Path Groups: {clock}
Retime Analysis { Data Path-Slew }
Other End Arrival Time          0.000
- Setup                         0.210
+ Phase Shift                   7.100
- Uncertainty                   2.000
= Required Time                 4.890
- Arrival Time                  4.762
= Slack Time                    0.128
= Slack Time(original)          0.063
     Clock Rise Edge                 0.000
     + Clock Network Latency (Ideal) 0.000
     = Beginpoint Arrival Time       0.000
      --------------------------------------------------------------------------------------------------------------
      Instance                                                    Arc           Cell       Retime  Arrival  Required  
                                                                                           Delay   Time     Time  
      --------------------------------------------------------------------------------------------------------------
      IFU_module/PC_reg[3]                                        CK ^          -          -       0.000    0.128  
      IFU_module/PC_reg[3]                                        CK ^ -> Q ^   SDFFRHQX4  0.624   0.624    0.752  
      IFU_module/instr_mem/g733                                   -             CLKINVX3   0.000   0.624    0.752  
      IFU_module/instr_mem/g733                                   A ^ -> Y v    CLKINVX3   0.060   0.684    0.812  
      IFU_module/instr_mem/g712                                   -             OAI21X4    0.000   0.684    0.812  
      IFU_module/instr_mem/g712                                   B0 v -> Y ^   OAI21X4    0.060   0.744    0.872  
      IFU_module/instr_mem/g702                                   -             NAND2X6    0.000   0.744    0.872  
      IFU_module/instr_mem/g702                                   B ^ -> Y v    NAND2X6    0.077   0.821    0.949  
      datapath_module/reg_file_module/g38902                      -             CLKINVX3   0.000   0.821    0.949  
      datapath_module/reg_file_module/g38902                      A v -> Y ^    CLKINVX3   0.057   0.878    1.006  
      datapath_module/reg_file_module/g38901                      -             CLKINVX2   0.000   0.878    1.006  
      datapath_module/reg_file_module/g38901                      A ^ -> Y v    CLKINVX2   0.048   0.926    1.054  
      datapath_module/reg_file_module/g38912                      -             NAND2BX2   0.000   0.926    1.054  
      datapath_module/reg_file_module/g38912                      B v -> Y ^    NAND2BX2   0.058   0.984    1.112  
      datapath_module/reg_file_module/g38872                      -             CLKINVX2   0.000   0.984    1.112  
      datapath_module/reg_file_module/g38872                      A ^ -> Y v    CLKINVX2   0.046   1.029    1.157  
      datapath_module/reg_file_module/g38870                      -             CLKINVX1   0.000   1.029    1.157  
      datapath_module/reg_file_module/g38870                      A v -> Y ^    CLKINVX1   0.072   1.101    1.229  
      datapath_module/reg_file_module/g37965                      -             OAI21X1    0.000   1.101    1.229  
      datapath_module/reg_file_module/g37965                      A0 ^ -> Y v   OAI21X1    0.106   1.207    1.335  
      datapath_module/reg_file_module/g37899                      -             AOI211X2   0.000   1.207    1.335  
      datapath_module/reg_file_module/g37899                      B0 v -> Y ^   AOI211X2   0.145   1.352    1.480  
      datapath_module/reg_file_module/g37893                      -             NAND2X2    0.000   1.352    1.480  
      datapath_module/reg_file_module/g37893                      B ^ -> Y v    NAND2X2    0.097   1.449    1.577  
      datapath_module/alu_module/mul_44_34_g25345                 -             BUFX3      0.000   1.449    1.577  
      datapath_module/alu_module/mul_44_34_g25345                 A v -> Y v    BUFX3      0.182   1.631    1.759  
      datapath_module/alu_module/g25570                           -             AO22X4     0.000   1.631    1.759  
      datapath_module/alu_module/g25570                           B1 v -> Y v   AO22X4     0.301   1.932    2.059  
      datapath_module/alu_module/mul_44_34_g24579                 -             AOI22X2    0.000   1.932    2.059  
      datapath_module/alu_module/mul_44_34_g24579                 B1 v -> Y ^   AOI22X2    0.128   2.060    2.188  
      datapath_module/alu_module/mul_44_34_g24306                 -             ADDFHX1    0.000   2.060    2.188  
      datapath_module/alu_module/mul_44_34_g24306                 A ^ -> CO ^   ADDFHX1    0.237   2.297    2.425  
      datapath_module/alu_module/mul_44_34_g24277                 -             ADDFHXL    0.000   2.297    2.425  
      datapath_module/alu_module/mul_44_34_g24277                 CI ^ -> S v   ADDFHXL    0.324   2.621    2.749  
      datapath_module/alu_module/mul_44_34_g24238                 -             ADDFHXL    0.000   2.621    2.749  
      datapath_module/alu_module/mul_44_34_g24238                 CI v -> S ^   ADDFHXL    0.352   2.974    3.101  
      datapath_module/alu_module/mul_44_34_g24225                 -             NAND2X1    0.000   2.974    3.101  
      datapath_module/alu_module/mul_44_34_g24225                 B ^ -> Y v    NAND2X1    0.113   3.087    3.215  
      datapath_module/alu_module/mul_44_34_g24203                 -             AOI21X1    0.000   3.087    3.215  
      datapath_module/alu_module/mul_44_34_g24203                 A1 v -> Y ^   AOI21X1    0.133   3.220    3.348  
      datapath_module/alu_module/mul_44_34_g24176                 -             OAI21X1    0.000   3.220    3.348  
      datapath_module/alu_module/mul_44_34_g24176                 A1 ^ -> Y v   OAI21X1    0.105   3.326    3.453  
      datapath_module/alu_module/mul_44_34_g24153                 -             AOI21X2    0.000   3.326    3.453  
      datapath_module/alu_module/mul_44_34_g24153                 A1 v -> Y ^   AOI21X2    0.095   3.420    3.548  
      datapath_module/alu_module/mul_44_34_g24124                 -             NAND2X2    0.000   3.420    3.548  
      datapath_module/alu_module/mul_44_34_g24124                 A ^ -> Y v    NAND2X2    0.079   3.500    3.627  
      datapath_module/alu_module/mul_44_34_g24109                 -             NAND2X2    0.000   3.500    3.627  
      datapath_module/alu_module/mul_44_34_g24109                 B v -> Y ^    NAND2X2    0.064   3.563    3.691  
      datapath_module/alu_module/mul_44_34_g24097                 -             NOR2BX2    0.000   3.563    3.691  
      datapath_module/alu_module/mul_44_34_g24097                 B ^ -> Y v    NOR2BX2    0.045   3.608    3.736  
      datapath_module/alu_module/mul_44_34_g24092                 -             NAND2BX2   0.000   3.608    3.736  
      datapath_module/alu_module/mul_44_34_g24092                 B v -> Y ^    NAND2BX2   0.043   3.651    3.778  
      datapath_module/alu_module/mul_44_34_g24064                 -             NAND2X2    0.000   3.651    3.778  
      datapath_module/alu_module/mul_44_34_g24064                 B ^ -> Y v    NAND2X2    0.076   3.726    3.854  
      datapath_module/alu_module/mul_44_34_g23987                 -             NAND2BX2   0.000   3.726    3.854  
      datapath_module/alu_module/mul_44_34_g23987                 B v -> Y ^    NAND2BX2   0.063   3.789    3.917  
      datapath_module/alu_module/mul_44_34_g23977                 -             NAND2XL    0.000   3.789    3.917  
      datapath_module/alu_module/mul_44_34_g23977                 B ^ -> Y v    NAND2XL    0.153   3.942    4.070  
      datapath_module/alu_module/mul_44_34_g23976                 -             CLKINVX1   0.000   3.942    4.070  
      datapath_module/alu_module/mul_44_34_g23976                 A v -> Y ^    CLKINVX1   0.090   4.032    4.160  
      datapath_module/alu_module/mul_44_34_g23952                 -             MXI2XL     0.000   4.032    4.160  
      datapath_module/alu_module/mul_44_34_g23952                 B ^ -> Y v    MXI2XL     0.086   4.118    4.246  
      datapath_module/alu_module/g7121                            -             OAI2BB1X1  0.000   4.118    4.246  
      datapath_module/alu_module/g7121                            A1N v -> Y v  OAI2BB1X1  0.645   4.762    4.890  
      datapath_module/reg_file_module/reg_memory_reg[29][20]1942  -             SDFFQX1    0.000   4.762    4.890  
      --------------------------------------------------------------------------------------------------------------
Path 12: MET Setup Check with Pin datapath_module/reg_file_module/reg_memory_reg[28][20]1878/CK 
Endpoint:   datapath_module/reg_file_module/reg_memory_reg[28][20]1878/D (v) checked with  leading edge of 'clock'
Beginpoint: IFU_module/PC_reg[3]/Q                                       (^) triggered by  leading edge of 'clock'
Path Groups: {clock}
Retime Analysis { Data Path-Slew }
Other End Arrival Time          0.000
- Setup                         0.210
+ Phase Shift                   7.100
- Uncertainty                   2.000
= Required Time                 4.890
- Arrival Time                  4.762
= Slack Time                    0.128
= Slack Time(original)          0.063
     Clock Rise Edge                 0.000
     + Clock Network Latency (Ideal) 0.000
     = Beginpoint Arrival Time       0.000
      --------------------------------------------------------------------------------------------------------------
      Instance                                                    Arc           Cell       Retime  Arrival  Required  
                                                                                           Delay   Time     Time  
      --------------------------------------------------------------------------------------------------------------
      IFU_module/PC_reg[3]                                        CK ^          -          -       0.000    0.128  
      IFU_module/PC_reg[3]                                        CK ^ -> Q ^   SDFFRHQX4  0.624   0.624    0.752  
      IFU_module/instr_mem/g733                                   -             CLKINVX3   0.000   0.624    0.752  
      IFU_module/instr_mem/g733                                   A ^ -> Y v    CLKINVX3   0.060   0.684    0.812  
      IFU_module/instr_mem/g712                                   -             OAI21X4    0.000   0.684    0.812  
      IFU_module/instr_mem/g712                                   B0 v -> Y ^   OAI21X4    0.060   0.744    0.872  
      IFU_module/instr_mem/g702                                   -             NAND2X6    0.000   0.744    0.872  
      IFU_module/instr_mem/g702                                   B ^ -> Y v    NAND2X6    0.077   0.821    0.949  
      datapath_module/reg_file_module/g38902                      -             CLKINVX3   0.000   0.821    0.949  
      datapath_module/reg_file_module/g38902                      A v -> Y ^    CLKINVX3   0.057   0.878    1.006  
      datapath_module/reg_file_module/g38901                      -             CLKINVX2   0.000   0.878    1.006  
      datapath_module/reg_file_module/g38901                      A ^ -> Y v    CLKINVX2   0.048   0.926    1.054  
      datapath_module/reg_file_module/g38912                      -             NAND2BX2   0.000   0.926    1.054  
      datapath_module/reg_file_module/g38912                      B v -> Y ^    NAND2BX2   0.058   0.984    1.112  
      datapath_module/reg_file_module/g38872                      -             CLKINVX2   0.000   0.984    1.112  
      datapath_module/reg_file_module/g38872                      A ^ -> Y v    CLKINVX2   0.046   1.029    1.157  
      datapath_module/reg_file_module/g38870                      -             CLKINVX1   0.000   1.029    1.157  
      datapath_module/reg_file_module/g38870                      A v -> Y ^    CLKINVX1   0.072   1.101    1.229  
      datapath_module/reg_file_module/g37965                      -             OAI21X1    0.000   1.101    1.229  
      datapath_module/reg_file_module/g37965                      A0 ^ -> Y v   OAI21X1    0.106   1.207    1.335  
      datapath_module/reg_file_module/g37899                      -             AOI211X2   0.000   1.207    1.335  
      datapath_module/reg_file_module/g37899                      B0 v -> Y ^   AOI211X2   0.145   1.352    1.480  
      datapath_module/reg_file_module/g37893                      -             NAND2X2    0.000   1.352    1.480  
      datapath_module/reg_file_module/g37893                      B ^ -> Y v    NAND2X2    0.097   1.449    1.577  
      datapath_module/alu_module/mul_44_34_g25345                 -             BUFX3      0.000   1.449    1.577  
      datapath_module/alu_module/mul_44_34_g25345                 A v -> Y v    BUFX3      0.182   1.631    1.759  
      datapath_module/alu_module/g25570                           -             AO22X4     0.000   1.631    1.759  
      datapath_module/alu_module/g25570                           B1 v -> Y v   AO22X4     0.301   1.932    2.059  
      datapath_module/alu_module/mul_44_34_g24579                 -             AOI22X2    0.000   1.932    2.059  
      datapath_module/alu_module/mul_44_34_g24579                 B1 v -> Y ^   AOI22X2    0.128   2.060    2.188  
      datapath_module/alu_module/mul_44_34_g24306                 -             ADDFHX1    0.000   2.060    2.188  
      datapath_module/alu_module/mul_44_34_g24306                 A ^ -> CO ^   ADDFHX1    0.237   2.297    2.425  
      datapath_module/alu_module/mul_44_34_g24277                 -             ADDFHXL    0.000   2.297    2.425  
      datapath_module/alu_module/mul_44_34_g24277                 CI ^ -> S v   ADDFHXL    0.324   2.621    2.749  
      datapath_module/alu_module/mul_44_34_g24238                 -             ADDFHXL    0.000   2.621    2.749  
      datapath_module/alu_module/mul_44_34_g24238                 CI v -> S ^   ADDFHXL    0.352   2.974    3.101  
      datapath_module/alu_module/mul_44_34_g24225                 -             NAND2X1    0.000   2.974    3.101  
      datapath_module/alu_module/mul_44_34_g24225                 B ^ -> Y v    NAND2X1    0.113   3.087    3.215  
      datapath_module/alu_module/mul_44_34_g24203                 -             AOI21X1    0.000   3.087    3.215  
      datapath_module/alu_module/mul_44_34_g24203                 A1 v -> Y ^   AOI21X1    0.133   3.220    3.348  
      datapath_module/alu_module/mul_44_34_g24176                 -             OAI21X1    0.000   3.220    3.348  
      datapath_module/alu_module/mul_44_34_g24176                 A1 ^ -> Y v   OAI21X1    0.105   3.326    3.453  
      datapath_module/alu_module/mul_44_34_g24153                 -             AOI21X2    0.000   3.326    3.453  
      datapath_module/alu_module/mul_44_34_g24153                 A1 v -> Y ^   AOI21X2    0.095   3.420    3.548  
      datapath_module/alu_module/mul_44_34_g24124                 -             NAND2X2    0.000   3.420    3.548  
      datapath_module/alu_module/mul_44_34_g24124                 A ^ -> Y v    NAND2X2    0.079   3.500    3.627  
      datapath_module/alu_module/mul_44_34_g24109                 -             NAND2X2    0.000   3.500    3.627  
      datapath_module/alu_module/mul_44_34_g24109                 B v -> Y ^    NAND2X2    0.064   3.563    3.691  
      datapath_module/alu_module/mul_44_34_g24097                 -             NOR2BX2    0.000   3.563    3.691  
      datapath_module/alu_module/mul_44_34_g24097                 B ^ -> Y v    NOR2BX2    0.045   3.608    3.736  
      datapath_module/alu_module/mul_44_34_g24092                 -             NAND2BX2   0.000   3.608    3.736  
      datapath_module/alu_module/mul_44_34_g24092                 B v -> Y ^    NAND2BX2   0.043   3.651    3.778  
      datapath_module/alu_module/mul_44_34_g24064                 -             NAND2X2    0.000   3.651    3.778  
      datapath_module/alu_module/mul_44_34_g24064                 B ^ -> Y v    NAND2X2    0.076   3.726    3.854  
      datapath_module/alu_module/mul_44_34_g23987                 -             NAND2BX2   0.000   3.726    3.854  
      datapath_module/alu_module/mul_44_34_g23987                 B v -> Y ^    NAND2BX2   0.063   3.789    3.917  
      datapath_module/alu_module/mul_44_34_g23977                 -             NAND2XL    0.000   3.789    3.917  
      datapath_module/alu_module/mul_44_34_g23977                 B ^ -> Y v    NAND2XL    0.153   3.942    4.070  
      datapath_module/alu_module/mul_44_34_g23976                 -             CLKINVX1   0.000   3.942    4.070  
      datapath_module/alu_module/mul_44_34_g23976                 A v -> Y ^    CLKINVX1   0.090   4.032    4.160  
      datapath_module/alu_module/mul_44_34_g23952                 -             MXI2XL     0.000   4.032    4.160  
      datapath_module/alu_module/mul_44_34_g23952                 B ^ -> Y v    MXI2XL     0.086   4.118    4.246  
      datapath_module/alu_module/g7121                            -             OAI2BB1X1  0.000   4.118    4.246  
      datapath_module/alu_module/g7121                            A1N v -> Y v  OAI2BB1X1  0.645   4.762    4.890  
      datapath_module/reg_file_module/reg_memory_reg[28][20]1878  -             SDFFQX1    0.000   4.762    4.890  
      --------------------------------------------------------------------------------------------------------------
Path 13: MET Setup Check with Pin datapath_module/reg_file_module/reg_memory_reg[27][20]1814/CK 
Endpoint:   datapath_module/reg_file_module/reg_memory_reg[27][20]1814/D (v) checked with  leading edge of 'clock'
Beginpoint: IFU_module/PC_reg[3]/Q                                       (^) triggered by  leading edge of 'clock'
Path Groups: {clock}
Retime Analysis { Data Path-Slew }
Other End Arrival Time          0.000
- Setup                         0.210
+ Phase Shift                   7.100
- Uncertainty                   2.000
= Required Time                 4.890
- Arrival Time                  4.762
= Slack Time                    0.128
= Slack Time(original)          0.063
     Clock Rise Edge                 0.000
     + Clock Network Latency (Ideal) 0.000
     = Beginpoint Arrival Time       0.000
      --------------------------------------------------------------------------------------------------------------
      Instance                                                    Arc           Cell       Retime  Arrival  Required  
                                                                                           Delay   Time     Time  
      --------------------------------------------------------------------------------------------------------------
      IFU_module/PC_reg[3]                                        CK ^          -          -       0.000    0.128  
      IFU_module/PC_reg[3]                                        CK ^ -> Q ^   SDFFRHQX4  0.624   0.624    0.752  
      IFU_module/instr_mem/g733                                   -             CLKINVX3   0.000   0.624    0.752  
      IFU_module/instr_mem/g733                                   A ^ -> Y v    CLKINVX3   0.060   0.684    0.812  
      IFU_module/instr_mem/g712                                   -             OAI21X4    0.000   0.684    0.812  
      IFU_module/instr_mem/g712                                   B0 v -> Y ^   OAI21X4    0.060   0.744    0.872  
      IFU_module/instr_mem/g702                                   -             NAND2X6    0.000   0.744    0.872  
      IFU_module/instr_mem/g702                                   B ^ -> Y v    NAND2X6    0.077   0.821    0.949  
      datapath_module/reg_file_module/g38902                      -             CLKINVX3   0.000   0.821    0.949  
      datapath_module/reg_file_module/g38902                      A v -> Y ^    CLKINVX3   0.057   0.878    1.006  
      datapath_module/reg_file_module/g38901                      -             CLKINVX2   0.000   0.878    1.006  
      datapath_module/reg_file_module/g38901                      A ^ -> Y v    CLKINVX2   0.048   0.926    1.054  
      datapath_module/reg_file_module/g38912                      -             NAND2BX2   0.000   0.926    1.054  
      datapath_module/reg_file_module/g38912                      B v -> Y ^    NAND2BX2   0.058   0.984    1.112  
      datapath_module/reg_file_module/g38872                      -             CLKINVX2   0.000   0.984    1.112  
      datapath_module/reg_file_module/g38872                      A ^ -> Y v    CLKINVX2   0.046   1.029    1.157  
      datapath_module/reg_file_module/g38870                      -             CLKINVX1   0.000   1.029    1.157  
      datapath_module/reg_file_module/g38870                      A v -> Y ^    CLKINVX1   0.072   1.101    1.229  
      datapath_module/reg_file_module/g37965                      -             OAI21X1    0.000   1.101    1.229  
      datapath_module/reg_file_module/g37965                      A0 ^ -> Y v   OAI21X1    0.106   1.207    1.335  
      datapath_module/reg_file_module/g37899                      -             AOI211X2   0.000   1.207    1.335  
      datapath_module/reg_file_module/g37899                      B0 v -> Y ^   AOI211X2   0.145   1.352    1.480  
      datapath_module/reg_file_module/g37893                      -             NAND2X2    0.000   1.352    1.480  
      datapath_module/reg_file_module/g37893                      B ^ -> Y v    NAND2X2    0.097   1.449    1.577  
      datapath_module/alu_module/mul_44_34_g25345                 -             BUFX3      0.000   1.449    1.577  
      datapath_module/alu_module/mul_44_34_g25345                 A v -> Y v    BUFX3      0.182   1.631    1.759  
      datapath_module/alu_module/g25570                           -             AO22X4     0.000   1.631    1.759  
      datapath_module/alu_module/g25570                           B1 v -> Y v   AO22X4     0.301   1.932    2.059  
      datapath_module/alu_module/mul_44_34_g24579                 -             AOI22X2    0.000   1.932    2.059  
      datapath_module/alu_module/mul_44_34_g24579                 B1 v -> Y ^   AOI22X2    0.128   2.060    2.188  
      datapath_module/alu_module/mul_44_34_g24306                 -             ADDFHX1    0.000   2.060    2.188  
      datapath_module/alu_module/mul_44_34_g24306                 A ^ -> CO ^   ADDFHX1    0.237   2.297    2.425  
      datapath_module/alu_module/mul_44_34_g24277                 -             ADDFHXL    0.000   2.297    2.425  
      datapath_module/alu_module/mul_44_34_g24277                 CI ^ -> S v   ADDFHXL    0.324   2.621    2.749  
      datapath_module/alu_module/mul_44_34_g24238                 -             ADDFHXL    0.000   2.621    2.749  
      datapath_module/alu_module/mul_44_34_g24238                 CI v -> S ^   ADDFHXL    0.352   2.974    3.101  
      datapath_module/alu_module/mul_44_34_g24225                 -             NAND2X1    0.000   2.974    3.101  
      datapath_module/alu_module/mul_44_34_g24225                 B ^ -> Y v    NAND2X1    0.113   3.087    3.215  
      datapath_module/alu_module/mul_44_34_g24203                 -             AOI21X1    0.000   3.087    3.215  
      datapath_module/alu_module/mul_44_34_g24203                 A1 v -> Y ^   AOI21X1    0.133   3.220    3.348  
      datapath_module/alu_module/mul_44_34_g24176                 -             OAI21X1    0.000   3.220    3.348  
      datapath_module/alu_module/mul_44_34_g24176                 A1 ^ -> Y v   OAI21X1    0.105   3.326    3.453  
      datapath_module/alu_module/mul_44_34_g24153                 -             AOI21X2    0.000   3.326    3.453  
      datapath_module/alu_module/mul_44_34_g24153                 A1 v -> Y ^   AOI21X2    0.095   3.420    3.548  
      datapath_module/alu_module/mul_44_34_g24124                 -             NAND2X2    0.000   3.420    3.548  
      datapath_module/alu_module/mul_44_34_g24124                 A ^ -> Y v    NAND2X2    0.079   3.500    3.627  
      datapath_module/alu_module/mul_44_34_g24109                 -             NAND2X2    0.000   3.500    3.627  
      datapath_module/alu_module/mul_44_34_g24109                 B v -> Y ^    NAND2X2    0.064   3.563    3.691  
      datapath_module/alu_module/mul_44_34_g24097                 -             NOR2BX2    0.000   3.563    3.691  
      datapath_module/alu_module/mul_44_34_g24097                 B ^ -> Y v    NOR2BX2    0.045   3.608    3.736  
      datapath_module/alu_module/mul_44_34_g24092                 -             NAND2BX2   0.000   3.608    3.736  
      datapath_module/alu_module/mul_44_34_g24092                 B v -> Y ^    NAND2BX2   0.043   3.651    3.778  
      datapath_module/alu_module/mul_44_34_g24064                 -             NAND2X2    0.000   3.651    3.778  
      datapath_module/alu_module/mul_44_34_g24064                 B ^ -> Y v    NAND2X2    0.076   3.726    3.854  
      datapath_module/alu_module/mul_44_34_g23987                 -             NAND2BX2   0.000   3.726    3.854  
      datapath_module/alu_module/mul_44_34_g23987                 B v -> Y ^    NAND2BX2   0.063   3.789    3.917  
      datapath_module/alu_module/mul_44_34_g23977                 -             NAND2XL    0.000   3.789    3.917  
      datapath_module/alu_module/mul_44_34_g23977                 B ^ -> Y v    NAND2XL    0.153   3.942    4.070  
      datapath_module/alu_module/mul_44_34_g23976                 -             CLKINVX1   0.000   3.942    4.070  
      datapath_module/alu_module/mul_44_34_g23976                 A v -> Y ^    CLKINVX1   0.090   4.032    4.160  
      datapath_module/alu_module/mul_44_34_g23952                 -             MXI2XL     0.000   4.032    4.160  
      datapath_module/alu_module/mul_44_34_g23952                 B ^ -> Y v    MXI2XL     0.086   4.118    4.246  
      datapath_module/alu_module/g7121                            -             OAI2BB1X1  0.000   4.118    4.246  
      datapath_module/alu_module/g7121                            A1N v -> Y v  OAI2BB1X1  0.645   4.762    4.890  
      datapath_module/reg_file_module/reg_memory_reg[27][20]1814  -             SDFFQX1    0.000   4.762    4.890  
      --------------------------------------------------------------------------------------------------------------
Path 14: MET Setup Check with Pin datapath_module/reg_file_module/reg_memory_reg[26][20]1750/CK 
Endpoint:   datapath_module/reg_file_module/reg_memory_reg[26][20]1750/D (v) checked with  leading edge of 'clock'
Beginpoint: IFU_module/PC_reg[3]/Q                                       (^) triggered by  leading edge of 'clock'
Path Groups: {clock}
Retime Analysis { Data Path-Slew }
Other End Arrival Time          0.000
- Setup                         0.210
+ Phase Shift                   7.100
- Uncertainty                   2.000
= Required Time                 4.890
- Arrival Time                  4.762
= Slack Time                    0.128
= Slack Time(original)          0.063
     Clock Rise Edge                 0.000
     + Clock Network Latency (Ideal) 0.000
     = Beginpoint Arrival Time       0.000
      --------------------------------------------------------------------------------------------------------------
      Instance                                                    Arc           Cell       Retime  Arrival  Required  
                                                                                           Delay   Time     Time  
      --------------------------------------------------------------------------------------------------------------
      IFU_module/PC_reg[3]                                        CK ^          -          -       0.000    0.128  
      IFU_module/PC_reg[3]                                        CK ^ -> Q ^   SDFFRHQX4  0.624   0.624    0.752  
      IFU_module/instr_mem/g733                                   -             CLKINVX3   0.000   0.624    0.752  
      IFU_module/instr_mem/g733                                   A ^ -> Y v    CLKINVX3   0.060   0.684    0.812  
      IFU_module/instr_mem/g712                                   -             OAI21X4    0.000   0.684    0.812  
      IFU_module/instr_mem/g712                                   B0 v -> Y ^   OAI21X4    0.060   0.744    0.872  
      IFU_module/instr_mem/g702                                   -             NAND2X6    0.000   0.744    0.872  
      IFU_module/instr_mem/g702                                   B ^ -> Y v    NAND2X6    0.077   0.821    0.949  
      datapath_module/reg_file_module/g38902                      -             CLKINVX3   0.000   0.821    0.949  
      datapath_module/reg_file_module/g38902                      A v -> Y ^    CLKINVX3   0.057   0.878    1.006  
      datapath_module/reg_file_module/g38901                      -             CLKINVX2   0.000   0.878    1.006  
      datapath_module/reg_file_module/g38901                      A ^ -> Y v    CLKINVX2   0.048   0.926    1.054  
      datapath_module/reg_file_module/g38912                      -             NAND2BX2   0.000   0.926    1.054  
      datapath_module/reg_file_module/g38912                      B v -> Y ^    NAND2BX2   0.058   0.984    1.112  
      datapath_module/reg_file_module/g38872                      -             CLKINVX2   0.000   0.984    1.112  
      datapath_module/reg_file_module/g38872                      A ^ -> Y v    CLKINVX2   0.046   1.029    1.157  
      datapath_module/reg_file_module/g38870                      -             CLKINVX1   0.000   1.029    1.157  
      datapath_module/reg_file_module/g38870                      A v -> Y ^    CLKINVX1   0.072   1.101    1.229  
      datapath_module/reg_file_module/g37965                      -             OAI21X1    0.000   1.101    1.229  
      datapath_module/reg_file_module/g37965                      A0 ^ -> Y v   OAI21X1    0.106   1.207    1.335  
      datapath_module/reg_file_module/g37899                      -             AOI211X2   0.000   1.207    1.335  
      datapath_module/reg_file_module/g37899                      B0 v -> Y ^   AOI211X2   0.145   1.352    1.480  
      datapath_module/reg_file_module/g37893                      -             NAND2X2    0.000   1.352    1.480  
      datapath_module/reg_file_module/g37893                      B ^ -> Y v    NAND2X2    0.097   1.449    1.577  
      datapath_module/alu_module/mul_44_34_g25345                 -             BUFX3      0.000   1.449    1.577  
      datapath_module/alu_module/mul_44_34_g25345                 A v -> Y v    BUFX3      0.182   1.631    1.759  
      datapath_module/alu_module/g25570                           -             AO22X4     0.000   1.631    1.759  
      datapath_module/alu_module/g25570                           B1 v -> Y v   AO22X4     0.301   1.932    2.059  
      datapath_module/alu_module/mul_44_34_g24579                 -             AOI22X2    0.000   1.932    2.059  
      datapath_module/alu_module/mul_44_34_g24579                 B1 v -> Y ^   AOI22X2    0.128   2.060    2.188  
      datapath_module/alu_module/mul_44_34_g24306                 -             ADDFHX1    0.000   2.060    2.188  
      datapath_module/alu_module/mul_44_34_g24306                 A ^ -> CO ^   ADDFHX1    0.237   2.297    2.425  
      datapath_module/alu_module/mul_44_34_g24277                 -             ADDFHXL    0.000   2.297    2.425  
      datapath_module/alu_module/mul_44_34_g24277                 CI ^ -> S v   ADDFHXL    0.324   2.621    2.749  
      datapath_module/alu_module/mul_44_34_g24238                 -             ADDFHXL    0.000   2.621    2.749  
      datapath_module/alu_module/mul_44_34_g24238                 CI v -> S ^   ADDFHXL    0.352   2.974    3.101  
      datapath_module/alu_module/mul_44_34_g24225                 -             NAND2X1    0.000   2.974    3.101  
      datapath_module/alu_module/mul_44_34_g24225                 B ^ -> Y v    NAND2X1    0.113   3.087    3.215  
      datapath_module/alu_module/mul_44_34_g24203                 -             AOI21X1    0.000   3.087    3.215  
      datapath_module/alu_module/mul_44_34_g24203                 A1 v -> Y ^   AOI21X1    0.133   3.220    3.348  
      datapath_module/alu_module/mul_44_34_g24176                 -             OAI21X1    0.000   3.220    3.348  
      datapath_module/alu_module/mul_44_34_g24176                 A1 ^ -> Y v   OAI21X1    0.105   3.326    3.453  
      datapath_module/alu_module/mul_44_34_g24153                 -             AOI21X2    0.000   3.326    3.453  
      datapath_module/alu_module/mul_44_34_g24153                 A1 v -> Y ^   AOI21X2    0.095   3.420    3.548  
      datapath_module/alu_module/mul_44_34_g24124                 -             NAND2X2    0.000   3.420    3.548  
      datapath_module/alu_module/mul_44_34_g24124                 A ^ -> Y v    NAND2X2    0.079   3.500    3.627  
      datapath_module/alu_module/mul_44_34_g24109                 -             NAND2X2    0.000   3.500    3.627  
      datapath_module/alu_module/mul_44_34_g24109                 B v -> Y ^    NAND2X2    0.064   3.563    3.691  
      datapath_module/alu_module/mul_44_34_g24097                 -             NOR2BX2    0.000   3.563    3.691  
      datapath_module/alu_module/mul_44_34_g24097                 B ^ -> Y v    NOR2BX2    0.045   3.608    3.736  
      datapath_module/alu_module/mul_44_34_g24092                 -             NAND2BX2   0.000   3.608    3.736  
      datapath_module/alu_module/mul_44_34_g24092                 B v -> Y ^    NAND2BX2   0.043   3.651    3.778  
      datapath_module/alu_module/mul_44_34_g24064                 -             NAND2X2    0.000   3.651    3.778  
      datapath_module/alu_module/mul_44_34_g24064                 B ^ -> Y v    NAND2X2    0.076   3.726    3.854  
      datapath_module/alu_module/mul_44_34_g23987                 -             NAND2BX2   0.000   3.726    3.854  
      datapath_module/alu_module/mul_44_34_g23987                 B v -> Y ^    NAND2BX2   0.063   3.789    3.917  
      datapath_module/alu_module/mul_44_34_g23977                 -             NAND2XL    0.000   3.789    3.917  
      datapath_module/alu_module/mul_44_34_g23977                 B ^ -> Y v    NAND2XL    0.153   3.942    4.070  
      datapath_module/alu_module/mul_44_34_g23976                 -             CLKINVX1   0.000   3.942    4.070  
      datapath_module/alu_module/mul_44_34_g23976                 A v -> Y ^    CLKINVX1   0.090   4.032    4.160  
      datapath_module/alu_module/mul_44_34_g23952                 -             MXI2XL     0.000   4.032    4.160  
      datapath_module/alu_module/mul_44_34_g23952                 B ^ -> Y v    MXI2XL     0.086   4.118    4.246  
      datapath_module/alu_module/g7121                            -             OAI2BB1X1  0.000   4.118    4.246  
      datapath_module/alu_module/g7121                            A1N v -> Y v  OAI2BB1X1  0.645   4.762    4.890  
      datapath_module/reg_file_module/reg_memory_reg[26][20]1750  -             SDFFQX1    0.000   4.762    4.890  
      --------------------------------------------------------------------------------------------------------------
Path 15: MET Setup Check with Pin datapath_module/reg_file_module/reg_memory_reg[25][20]1686/CK 
Endpoint:   datapath_module/reg_file_module/reg_memory_reg[25][20]1686/D (v) checked with  leading edge of 'clock'
Beginpoint: IFU_module/PC_reg[3]/Q                                       (^) triggered by  leading edge of 'clock'
Path Groups: {clock}
Retime Analysis { Data Path-Slew }
Other End Arrival Time          0.000
- Setup                         0.210
+ Phase Shift                   7.100
- Uncertainty                   2.000
= Required Time                 4.890
- Arrival Time                  4.762
= Slack Time                    0.128
= Slack Time(original)          0.063
     Clock Rise Edge                 0.000
     + Clock Network Latency (Ideal) 0.000
     = Beginpoint Arrival Time       0.000
      --------------------------------------------------------------------------------------------------------------
      Instance                                                    Arc           Cell       Retime  Arrival  Required  
                                                                                           Delay   Time     Time  
      --------------------------------------------------------------------------------------------------------------
      IFU_module/PC_reg[3]                                        CK ^          -          -       0.000    0.128  
      IFU_module/PC_reg[3]                                        CK ^ -> Q ^   SDFFRHQX4  0.624   0.624    0.752  
      IFU_module/instr_mem/g733                                   -             CLKINVX3   0.000   0.624    0.752  
      IFU_module/instr_mem/g733                                   A ^ -> Y v    CLKINVX3   0.060   0.684    0.812  
      IFU_module/instr_mem/g712                                   -             OAI21X4    0.000   0.684    0.812  
      IFU_module/instr_mem/g712                                   B0 v -> Y ^   OAI21X4    0.060   0.744    0.872  
      IFU_module/instr_mem/g702                                   -             NAND2X6    0.000   0.744    0.872  
      IFU_module/instr_mem/g702                                   B ^ -> Y v    NAND2X6    0.077   0.821    0.949  
      datapath_module/reg_file_module/g38902                      -             CLKINVX3   0.000   0.821    0.949  
      datapath_module/reg_file_module/g38902                      A v -> Y ^    CLKINVX3   0.057   0.878    1.006  
      datapath_module/reg_file_module/g38901                      -             CLKINVX2   0.000   0.878    1.006  
      datapath_module/reg_file_module/g38901                      A ^ -> Y v    CLKINVX2   0.048   0.926    1.054  
      datapath_module/reg_file_module/g38912                      -             NAND2BX2   0.000   0.926    1.054  
      datapath_module/reg_file_module/g38912                      B v -> Y ^    NAND2BX2   0.058   0.984    1.112  
      datapath_module/reg_file_module/g38872                      -             CLKINVX2   0.000   0.984    1.112  
      datapath_module/reg_file_module/g38872                      A ^ -> Y v    CLKINVX2   0.046   1.029    1.157  
      datapath_module/reg_file_module/g38870                      -             CLKINVX1   0.000   1.029    1.157  
      datapath_module/reg_file_module/g38870                      A v -> Y ^    CLKINVX1   0.072   1.101    1.229  
      datapath_module/reg_file_module/g37965                      -             OAI21X1    0.000   1.101    1.229  
      datapath_module/reg_file_module/g37965                      A0 ^ -> Y v   OAI21X1    0.106   1.207    1.335  
      datapath_module/reg_file_module/g37899                      -             AOI211X2   0.000   1.207    1.335  
      datapath_module/reg_file_module/g37899                      B0 v -> Y ^   AOI211X2   0.145   1.352    1.480  
      datapath_module/reg_file_module/g37893                      -             NAND2X2    0.000   1.352    1.480  
      datapath_module/reg_file_module/g37893                      B ^ -> Y v    NAND2X2    0.097   1.449    1.577  
      datapath_module/alu_module/mul_44_34_g25345                 -             BUFX3      0.000   1.449    1.577  
      datapath_module/alu_module/mul_44_34_g25345                 A v -> Y v    BUFX3      0.182   1.631    1.759  
      datapath_module/alu_module/g25570                           -             AO22X4     0.000   1.631    1.759  
      datapath_module/alu_module/g25570                           B1 v -> Y v   AO22X4     0.301   1.932    2.059  
      datapath_module/alu_module/mul_44_34_g24579                 -             AOI22X2    0.000   1.932    2.059  
      datapath_module/alu_module/mul_44_34_g24579                 B1 v -> Y ^   AOI22X2    0.128   2.060    2.188  
      datapath_module/alu_module/mul_44_34_g24306                 -             ADDFHX1    0.000   2.060    2.188  
      datapath_module/alu_module/mul_44_34_g24306                 A ^ -> CO ^   ADDFHX1    0.237   2.297    2.425  
      datapath_module/alu_module/mul_44_34_g24277                 -             ADDFHXL    0.000   2.297    2.425  
      datapath_module/alu_module/mul_44_34_g24277                 CI ^ -> S v   ADDFHXL    0.324   2.621    2.749  
      datapath_module/alu_module/mul_44_34_g24238                 -             ADDFHXL    0.000   2.621    2.749  
      datapath_module/alu_module/mul_44_34_g24238                 CI v -> S ^   ADDFHXL    0.352   2.974    3.101  
      datapath_module/alu_module/mul_44_34_g24225                 -             NAND2X1    0.000   2.974    3.101  
      datapath_module/alu_module/mul_44_34_g24225                 B ^ -> Y v    NAND2X1    0.113   3.087    3.215  
      datapath_module/alu_module/mul_44_34_g24203                 -             AOI21X1    0.000   3.087    3.215  
      datapath_module/alu_module/mul_44_34_g24203                 A1 v -> Y ^   AOI21X1    0.133   3.220    3.348  
      datapath_module/alu_module/mul_44_34_g24176                 -             OAI21X1    0.000   3.220    3.348  
      datapath_module/alu_module/mul_44_34_g24176                 A1 ^ -> Y v   OAI21X1    0.105   3.326    3.453  
      datapath_module/alu_module/mul_44_34_g24153                 -             AOI21X2    0.000   3.326    3.453  
      datapath_module/alu_module/mul_44_34_g24153                 A1 v -> Y ^   AOI21X2    0.095   3.420    3.548  
      datapath_module/alu_module/mul_44_34_g24124                 -             NAND2X2    0.000   3.420    3.548  
      datapath_module/alu_module/mul_44_34_g24124                 A ^ -> Y v    NAND2X2    0.079   3.500    3.627  
      datapath_module/alu_module/mul_44_34_g24109                 -             NAND2X2    0.000   3.500    3.627  
      datapath_module/alu_module/mul_44_34_g24109                 B v -> Y ^    NAND2X2    0.064   3.563    3.691  
      datapath_module/alu_module/mul_44_34_g24097                 -             NOR2BX2    0.000   3.563    3.691  
      datapath_module/alu_module/mul_44_34_g24097                 B ^ -> Y v    NOR2BX2    0.045   3.608    3.736  
      datapath_module/alu_module/mul_44_34_g24092                 -             NAND2BX2   0.000   3.608    3.736  
      datapath_module/alu_module/mul_44_34_g24092                 B v -> Y ^    NAND2BX2   0.043   3.651    3.778  
      datapath_module/alu_module/mul_44_34_g24064                 -             NAND2X2    0.000   3.651    3.778  
      datapath_module/alu_module/mul_44_34_g24064                 B ^ -> Y v    NAND2X2    0.076   3.726    3.854  
      datapath_module/alu_module/mul_44_34_g23987                 -             NAND2BX2   0.000   3.726    3.854  
      datapath_module/alu_module/mul_44_34_g23987                 B v -> Y ^    NAND2BX2   0.063   3.789    3.917  
      datapath_module/alu_module/mul_44_34_g23977                 -             NAND2XL    0.000   3.789    3.917  
      datapath_module/alu_module/mul_44_34_g23977                 B ^ -> Y v    NAND2XL    0.153   3.942    4.070  
      datapath_module/alu_module/mul_44_34_g23976                 -             CLKINVX1   0.000   3.942    4.070  
      datapath_module/alu_module/mul_44_34_g23976                 A v -> Y ^    CLKINVX1   0.090   4.032    4.160  
      datapath_module/alu_module/mul_44_34_g23952                 -             MXI2XL     0.000   4.032    4.160  
      datapath_module/alu_module/mul_44_34_g23952                 B ^ -> Y v    MXI2XL     0.086   4.118    4.246  
      datapath_module/alu_module/g7121                            -             OAI2BB1X1  0.000   4.118    4.246  
      datapath_module/alu_module/g7121                            A1N v -> Y v  OAI2BB1X1  0.645   4.762    4.890  
      datapath_module/reg_file_module/reg_memory_reg[25][20]1686  -             SDFFQX1    0.000   4.762    4.890  
      --------------------------------------------------------------------------------------------------------------
Path 16: MET Setup Check with Pin datapath_module/reg_file_module/reg_memory_reg[24][20]1622/CK 
Endpoint:   datapath_module/reg_file_module/reg_memory_reg[24][20]1622/D (v) checked with  leading edge of 'clock'
Beginpoint: IFU_module/PC_reg[3]/Q                                       (^) triggered by  leading edge of 'clock'
Path Groups: {clock}
Retime Analysis { Data Path-Slew }
Other End Arrival Time          0.000
- Setup                         0.210
+ Phase Shift                   7.100
- Uncertainty                   2.000
= Required Time                 4.890
- Arrival Time                  4.762
= Slack Time                    0.128
= Slack Time(original)          0.063
     Clock Rise Edge                 0.000
     + Clock Network Latency (Ideal) 0.000
     = Beginpoint Arrival Time       0.000
      --------------------------------------------------------------------------------------------------------------
      Instance                                                    Arc           Cell       Retime  Arrival  Required  
                                                                                           Delay   Time     Time  
      --------------------------------------------------------------------------------------------------------------
      IFU_module/PC_reg[3]                                        CK ^          -          -       0.000    0.128  
      IFU_module/PC_reg[3]                                        CK ^ -> Q ^   SDFFRHQX4  0.624   0.624    0.752  
      IFU_module/instr_mem/g733                                   -             CLKINVX3   0.000   0.624    0.752  
      IFU_module/instr_mem/g733                                   A ^ -> Y v    CLKINVX3   0.060   0.684    0.812  
      IFU_module/instr_mem/g712                                   -             OAI21X4    0.000   0.684    0.812  
      IFU_module/instr_mem/g712                                   B0 v -> Y ^   OAI21X4    0.060   0.744    0.872  
      IFU_module/instr_mem/g702                                   -             NAND2X6    0.000   0.744    0.872  
      IFU_module/instr_mem/g702                                   B ^ -> Y v    NAND2X6    0.077   0.821    0.949  
      datapath_module/reg_file_module/g38902                      -             CLKINVX3   0.000   0.821    0.949  
      datapath_module/reg_file_module/g38902                      A v -> Y ^    CLKINVX3   0.057   0.878    1.006  
      datapath_module/reg_file_module/g38901                      -             CLKINVX2   0.000   0.878    1.006  
      datapath_module/reg_file_module/g38901                      A ^ -> Y v    CLKINVX2   0.048   0.926    1.054  
      datapath_module/reg_file_module/g38912                      -             NAND2BX2   0.000   0.926    1.054  
      datapath_module/reg_file_module/g38912                      B v -> Y ^    NAND2BX2   0.058   0.984    1.112  
      datapath_module/reg_file_module/g38872                      -             CLKINVX2   0.000   0.984    1.112  
      datapath_module/reg_file_module/g38872                      A ^ -> Y v    CLKINVX2   0.046   1.029    1.157  
      datapath_module/reg_file_module/g38870                      -             CLKINVX1   0.000   1.029    1.157  
      datapath_module/reg_file_module/g38870                      A v -> Y ^    CLKINVX1   0.072   1.101    1.229  
      datapath_module/reg_file_module/g37965                      -             OAI21X1    0.000   1.101    1.229  
      datapath_module/reg_file_module/g37965                      A0 ^ -> Y v   OAI21X1    0.106   1.207    1.335  
      datapath_module/reg_file_module/g37899                      -             AOI211X2   0.000   1.207    1.335  
      datapath_module/reg_file_module/g37899                      B0 v -> Y ^   AOI211X2   0.145   1.352    1.480  
      datapath_module/reg_file_module/g37893                      -             NAND2X2    0.000   1.352    1.480  
      datapath_module/reg_file_module/g37893                      B ^ -> Y v    NAND2X2    0.097   1.449    1.577  
      datapath_module/alu_module/mul_44_34_g25345                 -             BUFX3      0.000   1.449    1.577  
      datapath_module/alu_module/mul_44_34_g25345                 A v -> Y v    BUFX3      0.182   1.631    1.759  
      datapath_module/alu_module/g25570                           -             AO22X4     0.000   1.631    1.759  
      datapath_module/alu_module/g25570                           B1 v -> Y v   AO22X4     0.301   1.932    2.059  
      datapath_module/alu_module/mul_44_34_g24579                 -             AOI22X2    0.000   1.932    2.059  
      datapath_module/alu_module/mul_44_34_g24579                 B1 v -> Y ^   AOI22X2    0.128   2.060    2.188  
      datapath_module/alu_module/mul_44_34_g24306                 -             ADDFHX1    0.000   2.060    2.188  
      datapath_module/alu_module/mul_44_34_g24306                 A ^ -> CO ^   ADDFHX1    0.237   2.297    2.425  
      datapath_module/alu_module/mul_44_34_g24277                 -             ADDFHXL    0.000   2.297    2.425  
      datapath_module/alu_module/mul_44_34_g24277                 CI ^ -> S v   ADDFHXL    0.324   2.621    2.749  
      datapath_module/alu_module/mul_44_34_g24238                 -             ADDFHXL    0.000   2.621    2.749  
      datapath_module/alu_module/mul_44_34_g24238                 CI v -> S ^   ADDFHXL    0.352   2.974    3.101  
      datapath_module/alu_module/mul_44_34_g24225                 -             NAND2X1    0.000   2.974    3.101  
      datapath_module/alu_module/mul_44_34_g24225                 B ^ -> Y v    NAND2X1    0.113   3.087    3.215  
      datapath_module/alu_module/mul_44_34_g24203                 -             AOI21X1    0.000   3.087    3.215  
      datapath_module/alu_module/mul_44_34_g24203                 A1 v -> Y ^   AOI21X1    0.133   3.220    3.348  
      datapath_module/alu_module/mul_44_34_g24176                 -             OAI21X1    0.000   3.220    3.348  
      datapath_module/alu_module/mul_44_34_g24176                 A1 ^ -> Y v   OAI21X1    0.105   3.326    3.453  
      datapath_module/alu_module/mul_44_34_g24153                 -             AOI21X2    0.000   3.326    3.453  
      datapath_module/alu_module/mul_44_34_g24153                 A1 v -> Y ^   AOI21X2    0.095   3.420    3.548  
      datapath_module/alu_module/mul_44_34_g24124                 -             NAND2X2    0.000   3.420    3.548  
      datapath_module/alu_module/mul_44_34_g24124                 A ^ -> Y v    NAND2X2    0.079   3.500    3.627  
      datapath_module/alu_module/mul_44_34_g24109                 -             NAND2X2    0.000   3.500    3.627  
      datapath_module/alu_module/mul_44_34_g24109                 B v -> Y ^    NAND2X2    0.064   3.563    3.691  
      datapath_module/alu_module/mul_44_34_g24097                 -             NOR2BX2    0.000   3.563    3.691  
      datapath_module/alu_module/mul_44_34_g24097                 B ^ -> Y v    NOR2BX2    0.045   3.608    3.736  
      datapath_module/alu_module/mul_44_34_g24092                 -             NAND2BX2   0.000   3.608    3.736  
      datapath_module/alu_module/mul_44_34_g24092                 B v -> Y ^    NAND2BX2   0.043   3.651    3.778  
      datapath_module/alu_module/mul_44_34_g24064                 -             NAND2X2    0.000   3.651    3.778  
      datapath_module/alu_module/mul_44_34_g24064                 B ^ -> Y v    NAND2X2    0.076   3.726    3.854  
      datapath_module/alu_module/mul_44_34_g23987                 -             NAND2BX2   0.000   3.726    3.854  
      datapath_module/alu_module/mul_44_34_g23987                 B v -> Y ^    NAND2BX2   0.063   3.789    3.917  
      datapath_module/alu_module/mul_44_34_g23977                 -             NAND2XL    0.000   3.789    3.917  
      datapath_module/alu_module/mul_44_34_g23977                 B ^ -> Y v    NAND2XL    0.153   3.942    4.070  
      datapath_module/alu_module/mul_44_34_g23976                 -             CLKINVX1   0.000   3.942    4.070  
      datapath_module/alu_module/mul_44_34_g23976                 A v -> Y ^    CLKINVX1   0.090   4.032    4.160  
      datapath_module/alu_module/mul_44_34_g23952                 -             MXI2XL     0.000   4.032    4.160  
      datapath_module/alu_module/mul_44_34_g23952                 B ^ -> Y v    MXI2XL     0.086   4.118    4.246  
      datapath_module/alu_module/g7121                            -             OAI2BB1X1  0.000   4.118    4.246  
      datapath_module/alu_module/g7121                            A1N v -> Y v  OAI2BB1X1  0.645   4.762    4.890  
      datapath_module/reg_file_module/reg_memory_reg[24][20]1622  -             SDFFQX1    0.000   4.762    4.890  
      --------------------------------------------------------------------------------------------------------------
Path 17: MET Setup Check with Pin datapath_module/reg_file_module/reg_memory_reg[23][20]1558/CK 
Endpoint:   datapath_module/reg_file_module/reg_memory_reg[23][20]1558/D (v) checked with  leading edge of 'clock'
Beginpoint: IFU_module/PC_reg[3]/Q                                       (^) triggered by  leading edge of 'clock'
Path Groups: {clock}
Retime Analysis { Data Path-Slew }
Other End Arrival Time          0.000
- Setup                         0.210
+ Phase Shift                   7.100
- Uncertainty                   2.000
= Required Time                 4.890
- Arrival Time                  4.762
= Slack Time                    0.128
= Slack Time(original)          0.063
     Clock Rise Edge                 0.000
     + Clock Network Latency (Ideal) 0.000
     = Beginpoint Arrival Time       0.000
      --------------------------------------------------------------------------------------------------------------
      Instance                                                    Arc           Cell       Retime  Arrival  Required  
                                                                                           Delay   Time     Time  
      --------------------------------------------------------------------------------------------------------------
      IFU_module/PC_reg[3]                                        CK ^          -          -       0.000    0.128  
      IFU_module/PC_reg[3]                                        CK ^ -> Q ^   SDFFRHQX4  0.624   0.624    0.752  
      IFU_module/instr_mem/g733                                   -             CLKINVX3   0.000   0.624    0.752  
      IFU_module/instr_mem/g733                                   A ^ -> Y v    CLKINVX3   0.060   0.684    0.812  
      IFU_module/instr_mem/g712                                   -             OAI21X4    0.000   0.684    0.812  
      IFU_module/instr_mem/g712                                   B0 v -> Y ^   OAI21X4    0.060   0.744    0.872  
      IFU_module/instr_mem/g702                                   -             NAND2X6    0.000   0.744    0.872  
      IFU_module/instr_mem/g702                                   B ^ -> Y v    NAND2X6    0.077   0.821    0.949  
      datapath_module/reg_file_module/g38902                      -             CLKINVX3   0.000   0.821    0.949  
      datapath_module/reg_file_module/g38902                      A v -> Y ^    CLKINVX3   0.057   0.878    1.006  
      datapath_module/reg_file_module/g38901                      -             CLKINVX2   0.000   0.878    1.006  
      datapath_module/reg_file_module/g38901                      A ^ -> Y v    CLKINVX2   0.048   0.926    1.054  
      datapath_module/reg_file_module/g38912                      -             NAND2BX2   0.000   0.926    1.054  
      datapath_module/reg_file_module/g38912                      B v -> Y ^    NAND2BX2   0.058   0.984    1.112  
      datapath_module/reg_file_module/g38872                      -             CLKINVX2   0.000   0.984    1.112  
      datapath_module/reg_file_module/g38872                      A ^ -> Y v    CLKINVX2   0.046   1.029    1.157  
      datapath_module/reg_file_module/g38870                      -             CLKINVX1   0.000   1.029    1.157  
      datapath_module/reg_file_module/g38870                      A v -> Y ^    CLKINVX1   0.072   1.101    1.229  
      datapath_module/reg_file_module/g37965                      -             OAI21X1    0.000   1.101    1.229  
      datapath_module/reg_file_module/g37965                      A0 ^ -> Y v   OAI21X1    0.106   1.207    1.335  
      datapath_module/reg_file_module/g37899                      -             AOI211X2   0.000   1.207    1.335  
      datapath_module/reg_file_module/g37899                      B0 v -> Y ^   AOI211X2   0.145   1.352    1.480  
      datapath_module/reg_file_module/g37893                      -             NAND2X2    0.000   1.352    1.480  
      datapath_module/reg_file_module/g37893                      B ^ -> Y v    NAND2X2    0.097   1.449    1.577  
      datapath_module/alu_module/mul_44_34_g25345                 -             BUFX3      0.000   1.449    1.577  
      datapath_module/alu_module/mul_44_34_g25345                 A v -> Y v    BUFX3      0.182   1.631    1.759  
      datapath_module/alu_module/g25570                           -             AO22X4     0.000   1.631    1.759  
      datapath_module/alu_module/g25570                           B1 v -> Y v   AO22X4     0.301   1.932    2.059  
      datapath_module/alu_module/mul_44_34_g24579                 -             AOI22X2    0.000   1.932    2.059  
      datapath_module/alu_module/mul_44_34_g24579                 B1 v -> Y ^   AOI22X2    0.128   2.060    2.188  
      datapath_module/alu_module/mul_44_34_g24306                 -             ADDFHX1    0.000   2.060    2.188  
      datapath_module/alu_module/mul_44_34_g24306                 A ^ -> CO ^   ADDFHX1    0.237   2.297    2.425  
      datapath_module/alu_module/mul_44_34_g24277                 -             ADDFHXL    0.000   2.297    2.425  
      datapath_module/alu_module/mul_44_34_g24277                 CI ^ -> S v   ADDFHXL    0.324   2.621    2.749  
      datapath_module/alu_module/mul_44_34_g24238                 -             ADDFHXL    0.000   2.621    2.749  
      datapath_module/alu_module/mul_44_34_g24238                 CI v -> S ^   ADDFHXL    0.352   2.974    3.101  
      datapath_module/alu_module/mul_44_34_g24225                 -             NAND2X1    0.000   2.974    3.101  
      datapath_module/alu_module/mul_44_34_g24225                 B ^ -> Y v    NAND2X1    0.113   3.087    3.215  
      datapath_module/alu_module/mul_44_34_g24203                 -             AOI21X1    0.000   3.087    3.215  
      datapath_module/alu_module/mul_44_34_g24203                 A1 v -> Y ^   AOI21X1    0.133   3.220    3.348  
      datapath_module/alu_module/mul_44_34_g24176                 -             OAI21X1    0.000   3.220    3.348  
      datapath_module/alu_module/mul_44_34_g24176                 A1 ^ -> Y v   OAI21X1    0.105   3.326    3.453  
      datapath_module/alu_module/mul_44_34_g24153                 -             AOI21X2    0.000   3.326    3.453  
      datapath_module/alu_module/mul_44_34_g24153                 A1 v -> Y ^   AOI21X2    0.095   3.420    3.548  
      datapath_module/alu_module/mul_44_34_g24124                 -             NAND2X2    0.000   3.420    3.548  
      datapath_module/alu_module/mul_44_34_g24124                 A ^ -> Y v    NAND2X2    0.079   3.500    3.627  
      datapath_module/alu_module/mul_44_34_g24109                 -             NAND2X2    0.000   3.500    3.627  
      datapath_module/alu_module/mul_44_34_g24109                 B v -> Y ^    NAND2X2    0.064   3.563    3.691  
      datapath_module/alu_module/mul_44_34_g24097                 -             NOR2BX2    0.000   3.563    3.691  
      datapath_module/alu_module/mul_44_34_g24097                 B ^ -> Y v    NOR2BX2    0.045   3.608    3.736  
      datapath_module/alu_module/mul_44_34_g24092                 -             NAND2BX2   0.000   3.608    3.736  
      datapath_module/alu_module/mul_44_34_g24092                 B v -> Y ^    NAND2BX2   0.043   3.651    3.778  
      datapath_module/alu_module/mul_44_34_g24064                 -             NAND2X2    0.000   3.651    3.778  
      datapath_module/alu_module/mul_44_34_g24064                 B ^ -> Y v    NAND2X2    0.076   3.726    3.854  
      datapath_module/alu_module/mul_44_34_g23987                 -             NAND2BX2   0.000   3.726    3.854  
      datapath_module/alu_module/mul_44_34_g23987                 B v -> Y ^    NAND2BX2   0.063   3.789    3.917  
      datapath_module/alu_module/mul_44_34_g23977                 -             NAND2XL    0.000   3.789    3.917  
      datapath_module/alu_module/mul_44_34_g23977                 B ^ -> Y v    NAND2XL    0.153   3.942    4.070  
      datapath_module/alu_module/mul_44_34_g23976                 -             CLKINVX1   0.000   3.942    4.070  
      datapath_module/alu_module/mul_44_34_g23976                 A v -> Y ^    CLKINVX1   0.090   4.032    4.160  
      datapath_module/alu_module/mul_44_34_g23952                 -             MXI2XL     0.000   4.032    4.160  
      datapath_module/alu_module/mul_44_34_g23952                 B ^ -> Y v    MXI2XL     0.086   4.118    4.246  
      datapath_module/alu_module/g7121                            -             OAI2BB1X1  0.000   4.118    4.246  
      datapath_module/alu_module/g7121                            A1N v -> Y v  OAI2BB1X1  0.645   4.762    4.890  
      datapath_module/reg_file_module/reg_memory_reg[23][20]1558  -             SDFFQX1    0.000   4.762    4.890  
      --------------------------------------------------------------------------------------------------------------
Path 18: MET Setup Check with Pin datapath_module/reg_file_module/reg_memory_reg[22][20]1494/CK 
Endpoint:   datapath_module/reg_file_module/reg_memory_reg[22][20]1494/D (v) checked with  leading edge of 'clock'
Beginpoint: IFU_module/PC_reg[3]/Q                                       (^) triggered by  leading edge of 'clock'
Path Groups: {clock}
Retime Analysis { Data Path-Slew }
Other End Arrival Time          0.000
- Setup                         0.210
+ Phase Shift                   7.100
- Uncertainty                   2.000
= Required Time                 4.890
- Arrival Time                  4.762
= Slack Time                    0.128
= Slack Time(original)          0.063
     Clock Rise Edge                 0.000
     + Clock Network Latency (Ideal) 0.000
     = Beginpoint Arrival Time       0.000
      --------------------------------------------------------------------------------------------------------------
      Instance                                                    Arc           Cell       Retime  Arrival  Required  
                                                                                           Delay   Time     Time  
      --------------------------------------------------------------------------------------------------------------
      IFU_module/PC_reg[3]                                        CK ^          -          -       0.000    0.128  
      IFU_module/PC_reg[3]                                        CK ^ -> Q ^   SDFFRHQX4  0.624   0.624    0.752  
      IFU_module/instr_mem/g733                                   -             CLKINVX3   0.000   0.624    0.752  
      IFU_module/instr_mem/g733                                   A ^ -> Y v    CLKINVX3   0.060   0.684    0.812  
      IFU_module/instr_mem/g712                                   -             OAI21X4    0.000   0.684    0.812  
      IFU_module/instr_mem/g712                                   B0 v -> Y ^   OAI21X4    0.060   0.744    0.872  
      IFU_module/instr_mem/g702                                   -             NAND2X6    0.000   0.744    0.872  
      IFU_module/instr_mem/g702                                   B ^ -> Y v    NAND2X6    0.077   0.821    0.949  
      datapath_module/reg_file_module/g38902                      -             CLKINVX3   0.000   0.821    0.949  
      datapath_module/reg_file_module/g38902                      A v -> Y ^    CLKINVX3   0.057   0.878    1.006  
      datapath_module/reg_file_module/g38901                      -             CLKINVX2   0.000   0.878    1.006  
      datapath_module/reg_file_module/g38901                      A ^ -> Y v    CLKINVX2   0.048   0.926    1.054  
      datapath_module/reg_file_module/g38912                      -             NAND2BX2   0.000   0.926    1.054  
      datapath_module/reg_file_module/g38912                      B v -> Y ^    NAND2BX2   0.058   0.984    1.112  
      datapath_module/reg_file_module/g38872                      -             CLKINVX2   0.000   0.984    1.112  
      datapath_module/reg_file_module/g38872                      A ^ -> Y v    CLKINVX2   0.046   1.029    1.157  
      datapath_module/reg_file_module/g38870                      -             CLKINVX1   0.000   1.029    1.157  
      datapath_module/reg_file_module/g38870                      A v -> Y ^    CLKINVX1   0.072   1.101    1.229  
      datapath_module/reg_file_module/g37965                      -             OAI21X1    0.000   1.101    1.229  
      datapath_module/reg_file_module/g37965                      A0 ^ -> Y v   OAI21X1    0.106   1.207    1.335  
      datapath_module/reg_file_module/g37899                      -             AOI211X2   0.000   1.207    1.335  
      datapath_module/reg_file_module/g37899                      B0 v -> Y ^   AOI211X2   0.145   1.352    1.480  
      datapath_module/reg_file_module/g37893                      -             NAND2X2    0.000   1.352    1.480  
      datapath_module/reg_file_module/g37893                      B ^ -> Y v    NAND2X2    0.097   1.449    1.577  
      datapath_module/alu_module/mul_44_34_g25345                 -             BUFX3      0.000   1.449    1.577  
      datapath_module/alu_module/mul_44_34_g25345                 A v -> Y v    BUFX3      0.182   1.631    1.759  
      datapath_module/alu_module/g25570                           -             AO22X4     0.000   1.631    1.759  
      datapath_module/alu_module/g25570                           B1 v -> Y v   AO22X4     0.301   1.932    2.059  
      datapath_module/alu_module/mul_44_34_g24579                 -             AOI22X2    0.000   1.932    2.059  
      datapath_module/alu_module/mul_44_34_g24579                 B1 v -> Y ^   AOI22X2    0.128   2.060    2.188  
      datapath_module/alu_module/mul_44_34_g24306                 -             ADDFHX1    0.000   2.060    2.188  
      datapath_module/alu_module/mul_44_34_g24306                 A ^ -> CO ^   ADDFHX1    0.237   2.297    2.425  
      datapath_module/alu_module/mul_44_34_g24277                 -             ADDFHXL    0.000   2.297    2.425  
      datapath_module/alu_module/mul_44_34_g24277                 CI ^ -> S v   ADDFHXL    0.324   2.621    2.749  
      datapath_module/alu_module/mul_44_34_g24238                 -             ADDFHXL    0.000   2.621    2.749  
      datapath_module/alu_module/mul_44_34_g24238                 CI v -> S ^   ADDFHXL    0.352   2.974    3.101  
      datapath_module/alu_module/mul_44_34_g24225                 -             NAND2X1    0.000   2.974    3.101  
      datapath_module/alu_module/mul_44_34_g24225                 B ^ -> Y v    NAND2X1    0.113   3.087    3.215  
      datapath_module/alu_module/mul_44_34_g24203                 -             AOI21X1    0.000   3.087    3.215  
      datapath_module/alu_module/mul_44_34_g24203                 A1 v -> Y ^   AOI21X1    0.133   3.220    3.348  
      datapath_module/alu_module/mul_44_34_g24176                 -             OAI21X1    0.000   3.220    3.348  
      datapath_module/alu_module/mul_44_34_g24176                 A1 ^ -> Y v   OAI21X1    0.105   3.326    3.453  
      datapath_module/alu_module/mul_44_34_g24153                 -             AOI21X2    0.000   3.326    3.453  
      datapath_module/alu_module/mul_44_34_g24153                 A1 v -> Y ^   AOI21X2    0.095   3.420    3.548  
      datapath_module/alu_module/mul_44_34_g24124                 -             NAND2X2    0.000   3.420    3.548  
      datapath_module/alu_module/mul_44_34_g24124                 A ^ -> Y v    NAND2X2    0.079   3.500    3.627  
      datapath_module/alu_module/mul_44_34_g24109                 -             NAND2X2    0.000   3.500    3.627  
      datapath_module/alu_module/mul_44_34_g24109                 B v -> Y ^    NAND2X2    0.064   3.563    3.691  
      datapath_module/alu_module/mul_44_34_g24097                 -             NOR2BX2    0.000   3.563    3.691  
      datapath_module/alu_module/mul_44_34_g24097                 B ^ -> Y v    NOR2BX2    0.045   3.608    3.736  
      datapath_module/alu_module/mul_44_34_g24092                 -             NAND2BX2   0.000   3.608    3.736  
      datapath_module/alu_module/mul_44_34_g24092                 B v -> Y ^    NAND2BX2   0.043   3.651    3.778  
      datapath_module/alu_module/mul_44_34_g24064                 -             NAND2X2    0.000   3.651    3.778  
      datapath_module/alu_module/mul_44_34_g24064                 B ^ -> Y v    NAND2X2    0.076   3.726    3.854  
      datapath_module/alu_module/mul_44_34_g23987                 -             NAND2BX2   0.000   3.726    3.854  
      datapath_module/alu_module/mul_44_34_g23987                 B v -> Y ^    NAND2BX2   0.063   3.789    3.917  
      datapath_module/alu_module/mul_44_34_g23977                 -             NAND2XL    0.000   3.789    3.917  
      datapath_module/alu_module/mul_44_34_g23977                 B ^ -> Y v    NAND2XL    0.153   3.942    4.070  
      datapath_module/alu_module/mul_44_34_g23976                 -             CLKINVX1   0.000   3.942    4.070  
      datapath_module/alu_module/mul_44_34_g23976                 A v -> Y ^    CLKINVX1   0.090   4.032    4.160  
      datapath_module/alu_module/mul_44_34_g23952                 -             MXI2XL     0.000   4.032    4.160  
      datapath_module/alu_module/mul_44_34_g23952                 B ^ -> Y v    MXI2XL     0.086   4.118    4.246  
      datapath_module/alu_module/g7121                            -             OAI2BB1X1  0.000   4.118    4.246  
      datapath_module/alu_module/g7121                            A1N v -> Y v  OAI2BB1X1  0.645   4.762    4.890  
      datapath_module/reg_file_module/reg_memory_reg[22][20]1494  -             SDFFQX1    0.000   4.762    4.890  
      --------------------------------------------------------------------------------------------------------------
Path 19: MET Setup Check with Pin datapath_module/reg_file_module/reg_memory_reg[21][20]1430/CK 
Endpoint:   datapath_module/reg_file_module/reg_memory_reg[21][20]1430/D (v) checked with  leading edge of 'clock'
Beginpoint: IFU_module/PC_reg[3]/Q                                       (^) triggered by  leading edge of 'clock'
Path Groups: {clock}
Retime Analysis { Data Path-Slew }
Other End Arrival Time          0.000
- Setup                         0.210
+ Phase Shift                   7.100
- Uncertainty                   2.000
= Required Time                 4.890
- Arrival Time                  4.762
= Slack Time                    0.128
= Slack Time(original)          0.063
     Clock Rise Edge                 0.000
     + Clock Network Latency (Ideal) 0.000
     = Beginpoint Arrival Time       0.000
      --------------------------------------------------------------------------------------------------------------
      Instance                                                    Arc           Cell       Retime  Arrival  Required  
                                                                                           Delay   Time     Time  
      --------------------------------------------------------------------------------------------------------------
      IFU_module/PC_reg[3]                                        CK ^          -          -       0.000    0.128  
      IFU_module/PC_reg[3]                                        CK ^ -> Q ^   SDFFRHQX4  0.624   0.624    0.752  
      IFU_module/instr_mem/g733                                   -             CLKINVX3   0.000   0.624    0.752  
      IFU_module/instr_mem/g733                                   A ^ -> Y v    CLKINVX3   0.060   0.684    0.812  
      IFU_module/instr_mem/g712                                   -             OAI21X4    0.000   0.684    0.812  
      IFU_module/instr_mem/g712                                   B0 v -> Y ^   OAI21X4    0.060   0.744    0.872  
      IFU_module/instr_mem/g702                                   -             NAND2X6    0.000   0.744    0.872  
      IFU_module/instr_mem/g702                                   B ^ -> Y v    NAND2X6    0.077   0.821    0.949  
      datapath_module/reg_file_module/g38902                      -             CLKINVX3   0.000   0.821    0.949  
      datapath_module/reg_file_module/g38902                      A v -> Y ^    CLKINVX3   0.057   0.878    1.006  
      datapath_module/reg_file_module/g38901                      -             CLKINVX2   0.000   0.878    1.006  
      datapath_module/reg_file_module/g38901                      A ^ -> Y v    CLKINVX2   0.048   0.926    1.054  
      datapath_module/reg_file_module/g38912                      -             NAND2BX2   0.000   0.926    1.054  
      datapath_module/reg_file_module/g38912                      B v -> Y ^    NAND2BX2   0.058   0.984    1.112  
      datapath_module/reg_file_module/g38872                      -             CLKINVX2   0.000   0.984    1.112  
      datapath_module/reg_file_module/g38872                      A ^ -> Y v    CLKINVX2   0.046   1.029    1.157  
      datapath_module/reg_file_module/g38870                      -             CLKINVX1   0.000   1.029    1.157  
      datapath_module/reg_file_module/g38870                      A v -> Y ^    CLKINVX1   0.072   1.101    1.229  
      datapath_module/reg_file_module/g37965                      -             OAI21X1    0.000   1.101    1.229  
      datapath_module/reg_file_module/g37965                      A0 ^ -> Y v   OAI21X1    0.106   1.207    1.335  
      datapath_module/reg_file_module/g37899                      -             AOI211X2   0.000   1.207    1.335  
      datapath_module/reg_file_module/g37899                      B0 v -> Y ^   AOI211X2   0.145   1.352    1.480  
      datapath_module/reg_file_module/g37893                      -             NAND2X2    0.000   1.352    1.480  
      datapath_module/reg_file_module/g37893                      B ^ -> Y v    NAND2X2    0.097   1.449    1.577  
      datapath_module/alu_module/mul_44_34_g25345                 -             BUFX3      0.000   1.449    1.577  
      datapath_module/alu_module/mul_44_34_g25345                 A v -> Y v    BUFX3      0.182   1.631    1.759  
      datapath_module/alu_module/g25570                           -             AO22X4     0.000   1.631    1.759  
      datapath_module/alu_module/g25570                           B1 v -> Y v   AO22X4     0.301   1.932    2.059  
      datapath_module/alu_module/mul_44_34_g24579                 -             AOI22X2    0.000   1.932    2.059  
      datapath_module/alu_module/mul_44_34_g24579                 B1 v -> Y ^   AOI22X2    0.128   2.060    2.188  
      datapath_module/alu_module/mul_44_34_g24306                 -             ADDFHX1    0.000   2.060    2.188  
      datapath_module/alu_module/mul_44_34_g24306                 A ^ -> CO ^   ADDFHX1    0.237   2.297    2.425  
      datapath_module/alu_module/mul_44_34_g24277                 -             ADDFHXL    0.000   2.297    2.425  
      datapath_module/alu_module/mul_44_34_g24277                 CI ^ -> S v   ADDFHXL    0.324   2.621    2.749  
      datapath_module/alu_module/mul_44_34_g24238                 -             ADDFHXL    0.000   2.621    2.749  
      datapath_module/alu_module/mul_44_34_g24238                 CI v -> S ^   ADDFHXL    0.352   2.974    3.101  
      datapath_module/alu_module/mul_44_34_g24225                 -             NAND2X1    0.000   2.974    3.101  
      datapath_module/alu_module/mul_44_34_g24225                 B ^ -> Y v    NAND2X1    0.113   3.087    3.215  
      datapath_module/alu_module/mul_44_34_g24203                 -             AOI21X1    0.000   3.087    3.215  
      datapath_module/alu_module/mul_44_34_g24203                 A1 v -> Y ^   AOI21X1    0.133   3.220    3.348  
      datapath_module/alu_module/mul_44_34_g24176                 -             OAI21X1    0.000   3.220    3.348  
      datapath_module/alu_module/mul_44_34_g24176                 A1 ^ -> Y v   OAI21X1    0.105   3.326    3.453  
      datapath_module/alu_module/mul_44_34_g24153                 -             AOI21X2    0.000   3.326    3.453  
      datapath_module/alu_module/mul_44_34_g24153                 A1 v -> Y ^   AOI21X2    0.095   3.420    3.548  
      datapath_module/alu_module/mul_44_34_g24124                 -             NAND2X2    0.000   3.420    3.548  
      datapath_module/alu_module/mul_44_34_g24124                 A ^ -> Y v    NAND2X2    0.079   3.500    3.627  
      datapath_module/alu_module/mul_44_34_g24109                 -             NAND2X2    0.000   3.500    3.627  
      datapath_module/alu_module/mul_44_34_g24109                 B v -> Y ^    NAND2X2    0.064   3.563    3.691  
      datapath_module/alu_module/mul_44_34_g24097                 -             NOR2BX2    0.000   3.563    3.691  
      datapath_module/alu_module/mul_44_34_g24097                 B ^ -> Y v    NOR2BX2    0.045   3.608    3.736  
      datapath_module/alu_module/mul_44_34_g24092                 -             NAND2BX2   0.000   3.608    3.736  
      datapath_module/alu_module/mul_44_34_g24092                 B v -> Y ^    NAND2BX2   0.043   3.651    3.778  
      datapath_module/alu_module/mul_44_34_g24064                 -             NAND2X2    0.000   3.651    3.778  
      datapath_module/alu_module/mul_44_34_g24064                 B ^ -> Y v    NAND2X2    0.076   3.726    3.854  
      datapath_module/alu_module/mul_44_34_g23987                 -             NAND2BX2   0.000   3.726    3.854  
      datapath_module/alu_module/mul_44_34_g23987                 B v -> Y ^    NAND2BX2   0.063   3.789    3.917  
      datapath_module/alu_module/mul_44_34_g23977                 -             NAND2XL    0.000   3.789    3.917  
      datapath_module/alu_module/mul_44_34_g23977                 B ^ -> Y v    NAND2XL    0.153   3.942    4.070  
      datapath_module/alu_module/mul_44_34_g23976                 -             CLKINVX1   0.000   3.942    4.070  
      datapath_module/alu_module/mul_44_34_g23976                 A v -> Y ^    CLKINVX1   0.090   4.032    4.160  
      datapath_module/alu_module/mul_44_34_g23952                 -             MXI2XL     0.000   4.032    4.160  
      datapath_module/alu_module/mul_44_34_g23952                 B ^ -> Y v    MXI2XL     0.086   4.118    4.246  
      datapath_module/alu_module/g7121                            -             OAI2BB1X1  0.000   4.118    4.246  
      datapath_module/alu_module/g7121                            A1N v -> Y v  OAI2BB1X1  0.645   4.762    4.890  
      datapath_module/reg_file_module/reg_memory_reg[21][20]1430  -             SDFFQX1    0.000   4.762    4.890  
      --------------------------------------------------------------------------------------------------------------
Path 20: MET Setup Check with Pin datapath_module/reg_file_module/reg_memory_reg[20][20]1366/CK 
Endpoint:   datapath_module/reg_file_module/reg_memory_reg[20][20]1366/D (v) checked with  leading edge of 'clock'
Beginpoint: IFU_module/PC_reg[3]/Q                                       (^) triggered by  leading edge of 'clock'
Path Groups: {clock}
Retime Analysis { Data Path-Slew }
Other End Arrival Time          0.000
- Setup                         0.210
+ Phase Shift                   7.100
- Uncertainty                   2.000
= Required Time                 4.890
- Arrival Time                  4.762
= Slack Time                    0.128
= Slack Time(original)          0.063
     Clock Rise Edge                 0.000
     + Clock Network Latency (Ideal) 0.000
     = Beginpoint Arrival Time       0.000
      --------------------------------------------------------------------------------------------------------------
      Instance                                                    Arc           Cell       Retime  Arrival  Required  
                                                                                           Delay   Time     Time  
      --------------------------------------------------------------------------------------------------------------
      IFU_module/PC_reg[3]                                        CK ^          -          -       0.000    0.128  
      IFU_module/PC_reg[3]                                        CK ^ -> Q ^   SDFFRHQX4  0.624   0.624    0.752  
      IFU_module/instr_mem/g733                                   -             CLKINVX3   0.000   0.624    0.752  
      IFU_module/instr_mem/g733                                   A ^ -> Y v    CLKINVX3   0.060   0.684    0.812  
      IFU_module/instr_mem/g712                                   -             OAI21X4    0.000   0.684    0.812  
      IFU_module/instr_mem/g712                                   B0 v -> Y ^   OAI21X4    0.060   0.744    0.872  
      IFU_module/instr_mem/g702                                   -             NAND2X6    0.000   0.744    0.872  
      IFU_module/instr_mem/g702                                   B ^ -> Y v    NAND2X6    0.077   0.821    0.949  
      datapath_module/reg_file_module/g38902                      -             CLKINVX3   0.000   0.821    0.949  
      datapath_module/reg_file_module/g38902                      A v -> Y ^    CLKINVX3   0.057   0.878    1.006  
      datapath_module/reg_file_module/g38901                      -             CLKINVX2   0.000   0.878    1.006  
      datapath_module/reg_file_module/g38901                      A ^ -> Y v    CLKINVX2   0.048   0.926    1.054  
      datapath_module/reg_file_module/g38912                      -             NAND2BX2   0.000   0.926    1.054  
      datapath_module/reg_file_module/g38912                      B v -> Y ^    NAND2BX2   0.058   0.984    1.112  
      datapath_module/reg_file_module/g38872                      -             CLKINVX2   0.000   0.984    1.112  
      datapath_module/reg_file_module/g38872                      A ^ -> Y v    CLKINVX2   0.046   1.029    1.157  
      datapath_module/reg_file_module/g38870                      -             CLKINVX1   0.000   1.029    1.157  
      datapath_module/reg_file_module/g38870                      A v -> Y ^    CLKINVX1   0.072   1.101    1.229  
      datapath_module/reg_file_module/g37965                      -             OAI21X1    0.000   1.101    1.229  
      datapath_module/reg_file_module/g37965                      A0 ^ -> Y v   OAI21X1    0.106   1.207    1.335  
      datapath_module/reg_file_module/g37899                      -             AOI211X2   0.000   1.207    1.335  
      datapath_module/reg_file_module/g37899                      B0 v -> Y ^   AOI211X2   0.145   1.352    1.480  
      datapath_module/reg_file_module/g37893                      -             NAND2X2    0.000   1.352    1.480  
      datapath_module/reg_file_module/g37893                      B ^ -> Y v    NAND2X2    0.097   1.449    1.577  
      datapath_module/alu_module/mul_44_34_g25345                 -             BUFX3      0.000   1.449    1.577  
      datapath_module/alu_module/mul_44_34_g25345                 A v -> Y v    BUFX3      0.182   1.631    1.759  
      datapath_module/alu_module/g25570                           -             AO22X4     0.000   1.631    1.759  
      datapath_module/alu_module/g25570                           B1 v -> Y v   AO22X4     0.301   1.932    2.059  
      datapath_module/alu_module/mul_44_34_g24579                 -             AOI22X2    0.000   1.932    2.059  
      datapath_module/alu_module/mul_44_34_g24579                 B1 v -> Y ^   AOI22X2    0.128   2.060    2.188  
      datapath_module/alu_module/mul_44_34_g24306                 -             ADDFHX1    0.000   2.060    2.188  
      datapath_module/alu_module/mul_44_34_g24306                 A ^ -> CO ^   ADDFHX1    0.237   2.297    2.425  
      datapath_module/alu_module/mul_44_34_g24277                 -             ADDFHXL    0.000   2.297    2.425  
      datapath_module/alu_module/mul_44_34_g24277                 CI ^ -> S v   ADDFHXL    0.324   2.621    2.749  
      datapath_module/alu_module/mul_44_34_g24238                 -             ADDFHXL    0.000   2.621    2.749  
      datapath_module/alu_module/mul_44_34_g24238                 CI v -> S ^   ADDFHXL    0.352   2.974    3.101  
      datapath_module/alu_module/mul_44_34_g24225                 -             NAND2X1    0.000   2.974    3.101  
      datapath_module/alu_module/mul_44_34_g24225                 B ^ -> Y v    NAND2X1    0.113   3.087    3.215  
      datapath_module/alu_module/mul_44_34_g24203                 -             AOI21X1    0.000   3.087    3.215  
      datapath_module/alu_module/mul_44_34_g24203                 A1 v -> Y ^   AOI21X1    0.133   3.220    3.348  
      datapath_module/alu_module/mul_44_34_g24176                 -             OAI21X1    0.000   3.220    3.348  
      datapath_module/alu_module/mul_44_34_g24176                 A1 ^ -> Y v   OAI21X1    0.105   3.326    3.453  
      datapath_module/alu_module/mul_44_34_g24153                 -             AOI21X2    0.000   3.326    3.453  
      datapath_module/alu_module/mul_44_34_g24153                 A1 v -> Y ^   AOI21X2    0.095   3.420    3.548  
      datapath_module/alu_module/mul_44_34_g24124                 -             NAND2X2    0.000   3.420    3.548  
      datapath_module/alu_module/mul_44_34_g24124                 A ^ -> Y v    NAND2X2    0.079   3.500    3.627  
      datapath_module/alu_module/mul_44_34_g24109                 -             NAND2X2    0.000   3.500    3.627  
      datapath_module/alu_module/mul_44_34_g24109                 B v -> Y ^    NAND2X2    0.064   3.563    3.691  
      datapath_module/alu_module/mul_44_34_g24097                 -             NOR2BX2    0.000   3.563    3.691  
      datapath_module/alu_module/mul_44_34_g24097                 B ^ -> Y v    NOR2BX2    0.045   3.608    3.736  
      datapath_module/alu_module/mul_44_34_g24092                 -             NAND2BX2   0.000   3.608    3.736  
      datapath_module/alu_module/mul_44_34_g24092                 B v -> Y ^    NAND2BX2   0.043   3.651    3.778  
      datapath_module/alu_module/mul_44_34_g24064                 -             NAND2X2    0.000   3.651    3.778  
      datapath_module/alu_module/mul_44_34_g24064                 B ^ -> Y v    NAND2X2    0.076   3.726    3.854  
      datapath_module/alu_module/mul_44_34_g23987                 -             NAND2BX2   0.000   3.726    3.854  
      datapath_module/alu_module/mul_44_34_g23987                 B v -> Y ^    NAND2BX2   0.063   3.789    3.917  
      datapath_module/alu_module/mul_44_34_g23977                 -             NAND2XL    0.000   3.789    3.917  
      datapath_module/alu_module/mul_44_34_g23977                 B ^ -> Y v    NAND2XL    0.153   3.942    4.070  
      datapath_module/alu_module/mul_44_34_g23976                 -             CLKINVX1   0.000   3.942    4.070  
      datapath_module/alu_module/mul_44_34_g23976                 A v -> Y ^    CLKINVX1   0.090   4.032    4.160  
      datapath_module/alu_module/mul_44_34_g23952                 -             MXI2XL     0.000   4.032    4.160  
      datapath_module/alu_module/mul_44_34_g23952                 B ^ -> Y v    MXI2XL     0.086   4.118    4.246  
      datapath_module/alu_module/g7121                            -             OAI2BB1X1  0.000   4.118    4.246  
      datapath_module/alu_module/g7121                            A1N v -> Y v  OAI2BB1X1  0.645   4.762    4.890  
      datapath_module/reg_file_module/reg_memory_reg[20][20]1366  -             SDFFQX1    0.000   4.762    4.890  
      --------------------------------------------------------------------------------------------------------------
Path 21: MET Setup Check with Pin datapath_module/reg_file_module/reg_memory_reg[1][20]150/CK 
Endpoint:   datapath_module/reg_file_module/reg_memory_reg[1][20]150/D (v) checked with  leading edge of 'clock'
Beginpoint: IFU_module/PC_reg[3]/Q                                     (^) triggered by  leading edge of 'clock'
Path Groups: {clock}
Retime Analysis { Data Path-Slew }
Other End Arrival Time          0.000
- Setup                         0.210
+ Phase Shift                   7.100
- Uncertainty                   2.000
= Required Time                 4.890
- Arrival Time                  4.762
= Slack Time                    0.128
= Slack Time(original)          0.063
     Clock Rise Edge                 0.000
     + Clock Network Latency (Ideal) 0.000
     = Beginpoint Arrival Time       0.000
      ------------------------------------------------------------------------------------------------------------
      Instance                                                  Arc           Cell       Retime  Arrival  Required  
                                                                                         Delay   Time     Time  
      ------------------------------------------------------------------------------------------------------------
      IFU_module/PC_reg[3]                                      CK ^          -          -       0.000    0.128  
      IFU_module/PC_reg[3]                                      CK ^ -> Q ^   SDFFRHQX4  0.624   0.624    0.752  
      IFU_module/instr_mem/g733                                 -             CLKINVX3   0.000   0.624    0.752  
      IFU_module/instr_mem/g733                                 A ^ -> Y v    CLKINVX3   0.060   0.684    0.812  
      IFU_module/instr_mem/g712                                 -             OAI21X4    0.000   0.684    0.812  
      IFU_module/instr_mem/g712                                 B0 v -> Y ^   OAI21X4    0.060   0.744    0.872  
      IFU_module/instr_mem/g702                                 -             NAND2X6    0.000   0.744    0.872  
      IFU_module/instr_mem/g702                                 B ^ -> Y v    NAND2X6    0.077   0.821    0.949  
      datapath_module/reg_file_module/g38902                    -             CLKINVX3   0.000   0.821    0.949  
      datapath_module/reg_file_module/g38902                    A v -> Y ^    CLKINVX3   0.057   0.878    1.006  
      datapath_module/reg_file_module/g38901                    -             CLKINVX2   0.000   0.878    1.006  
      datapath_module/reg_file_module/g38901                    A ^ -> Y v    CLKINVX2   0.048   0.926    1.054  
      datapath_module/reg_file_module/g38912                    -             NAND2BX2   0.000   0.926    1.054  
      datapath_module/reg_file_module/g38912                    B v -> Y ^    NAND2BX2   0.058   0.984    1.112  
      datapath_module/reg_file_module/g38872                    -             CLKINVX2   0.000   0.984    1.112  
      datapath_module/reg_file_module/g38872                    A ^ -> Y v    CLKINVX2   0.046   1.029    1.157  
      datapath_module/reg_file_module/g38870                    -             CLKINVX1   0.000   1.029    1.157  
      datapath_module/reg_file_module/g38870                    A v -> Y ^    CLKINVX1   0.072   1.101    1.229  
      datapath_module/reg_file_module/g37965                    -             OAI21X1    0.000   1.101    1.229  
      datapath_module/reg_file_module/g37965                    A0 ^ -> Y v   OAI21X1    0.106   1.207    1.335  
      datapath_module/reg_file_module/g37899                    -             AOI211X2   0.000   1.207    1.335  
      datapath_module/reg_file_module/g37899                    B0 v -> Y ^   AOI211X2   0.145   1.352    1.480  
      datapath_module/reg_file_module/g37893                    -             NAND2X2    0.000   1.352    1.480  
      datapath_module/reg_file_module/g37893                    B ^ -> Y v    NAND2X2    0.097   1.449    1.577  
      datapath_module/alu_module/mul_44_34_g25345               -             BUFX3      0.000   1.449    1.577  
      datapath_module/alu_module/mul_44_34_g25345               A v -> Y v    BUFX3      0.182   1.631    1.759  
      datapath_module/alu_module/g25570                         -             AO22X4     0.000   1.631    1.759  
      datapath_module/alu_module/g25570                         B1 v -> Y v   AO22X4     0.301   1.932    2.059  
      datapath_module/alu_module/mul_44_34_g24579               -             AOI22X2    0.000   1.932    2.059  
      datapath_module/alu_module/mul_44_34_g24579               B1 v -> Y ^   AOI22X2    0.128   2.060    2.188  
      datapath_module/alu_module/mul_44_34_g24306               -             ADDFHX1    0.000   2.060    2.188  
      datapath_module/alu_module/mul_44_34_g24306               A ^ -> CO ^   ADDFHX1    0.237   2.297    2.425  
      datapath_module/alu_module/mul_44_34_g24277               -             ADDFHXL    0.000   2.297    2.425  
      datapath_module/alu_module/mul_44_34_g24277               CI ^ -> S v   ADDFHXL    0.324   2.621    2.749  
      datapath_module/alu_module/mul_44_34_g24238               -             ADDFHXL    0.000   2.621    2.749  
      datapath_module/alu_module/mul_44_34_g24238               CI v -> S ^   ADDFHXL    0.352   2.974    3.101  
      datapath_module/alu_module/mul_44_34_g24225               -             NAND2X1    0.000   2.974    3.101  
      datapath_module/alu_module/mul_44_34_g24225               B ^ -> Y v    NAND2X1    0.113   3.087    3.215  
      datapath_module/alu_module/mul_44_34_g24203               -             AOI21X1    0.000   3.087    3.215  
      datapath_module/alu_module/mul_44_34_g24203               A1 v -> Y ^   AOI21X1    0.133   3.220    3.348  
      datapath_module/alu_module/mul_44_34_g24176               -             OAI21X1    0.000   3.220    3.348  
      datapath_module/alu_module/mul_44_34_g24176               A1 ^ -> Y v   OAI21X1    0.105   3.326    3.453  
      datapath_module/alu_module/mul_44_34_g24153               -             AOI21X2    0.000   3.326    3.453  
      datapath_module/alu_module/mul_44_34_g24153               A1 v -> Y ^   AOI21X2    0.095   3.420    3.548  
      datapath_module/alu_module/mul_44_34_g24124               -             NAND2X2    0.000   3.420    3.548  
      datapath_module/alu_module/mul_44_34_g24124               A ^ -> Y v    NAND2X2    0.079   3.500    3.627  
      datapath_module/alu_module/mul_44_34_g24109               -             NAND2X2    0.000   3.500    3.627  
      datapath_module/alu_module/mul_44_34_g24109               B v -> Y ^    NAND2X2    0.064   3.563    3.691  
      datapath_module/alu_module/mul_44_34_g24097               -             NOR2BX2    0.000   3.563    3.691  
      datapath_module/alu_module/mul_44_34_g24097               B ^ -> Y v    NOR2BX2    0.045   3.608    3.736  
      datapath_module/alu_module/mul_44_34_g24092               -             NAND2BX2   0.000   3.608    3.736  
      datapath_module/alu_module/mul_44_34_g24092               B v -> Y ^    NAND2BX2   0.043   3.651    3.778  
      datapath_module/alu_module/mul_44_34_g24064               -             NAND2X2    0.000   3.651    3.778  
      datapath_module/alu_module/mul_44_34_g24064               B ^ -> Y v    NAND2X2    0.076   3.726    3.854  
      datapath_module/alu_module/mul_44_34_g23987               -             NAND2BX2   0.000   3.726    3.854  
      datapath_module/alu_module/mul_44_34_g23987               B v -> Y ^    NAND2BX2   0.063   3.789    3.917  
      datapath_module/alu_module/mul_44_34_g23977               -             NAND2XL    0.000   3.789    3.917  
      datapath_module/alu_module/mul_44_34_g23977               B ^ -> Y v    NAND2XL    0.153   3.942    4.070  
      datapath_module/alu_module/mul_44_34_g23976               -             CLKINVX1   0.000   3.942    4.070  
      datapath_module/alu_module/mul_44_34_g23976               A v -> Y ^    CLKINVX1   0.090   4.032    4.160  
      datapath_module/alu_module/mul_44_34_g23952               -             MXI2XL     0.000   4.032    4.160  
      datapath_module/alu_module/mul_44_34_g23952               B ^ -> Y v    MXI2XL     0.086   4.118    4.246  
      datapath_module/alu_module/g7121                          -             OAI2BB1X1  0.000   4.118    4.246  
      datapath_module/alu_module/g7121                          A1N v -> Y v  OAI2BB1X1  0.645   4.762    4.890  
      datapath_module/reg_file_module/reg_memory_reg[1][20]150  -             SDFFQX1    0.000   4.762    4.890  
      ------------------------------------------------------------------------------------------------------------
Path 22: MET Setup Check with Pin datapath_module/reg_file_module/reg_memory_reg[19][20]1302/CK 
Endpoint:   datapath_module/reg_file_module/reg_memory_reg[19][20]1302/D (v) checked with  leading edge of 'clock'
Beginpoint: IFU_module/PC_reg[3]/Q                                       (^) triggered by  leading edge of 'clock'
Path Groups: {clock}
Retime Analysis { Data Path-Slew }
Other End Arrival Time          0.000
- Setup                         0.210
+ Phase Shift                   7.100
- Uncertainty                   2.000
= Required Time                 4.890
- Arrival Time                  4.762
= Slack Time                    0.128
= Slack Time(original)          0.063
     Clock Rise Edge                 0.000
     + Clock Network Latency (Ideal) 0.000
     = Beginpoint Arrival Time       0.000
      --------------------------------------------------------------------------------------------------------------
      Instance                                                    Arc           Cell       Retime  Arrival  Required  
                                                                                           Delay   Time     Time  
      --------------------------------------------------------------------------------------------------------------
      IFU_module/PC_reg[3]                                        CK ^          -          -       0.000    0.128  
      IFU_module/PC_reg[3]                                        CK ^ -> Q ^   SDFFRHQX4  0.624   0.624    0.752  
      IFU_module/instr_mem/g733                                   -             CLKINVX3   0.000   0.624    0.752  
      IFU_module/instr_mem/g733                                   A ^ -> Y v    CLKINVX3   0.060   0.684    0.812  
      IFU_module/instr_mem/g712                                   -             OAI21X4    0.000   0.684    0.812  
      IFU_module/instr_mem/g712                                   B0 v -> Y ^   OAI21X4    0.060   0.744    0.872  
      IFU_module/instr_mem/g702                                   -             NAND2X6    0.000   0.744    0.872  
      IFU_module/instr_mem/g702                                   B ^ -> Y v    NAND2X6    0.077   0.821    0.949  
      datapath_module/reg_file_module/g38902                      -             CLKINVX3   0.000   0.821    0.949  
      datapath_module/reg_file_module/g38902                      A v -> Y ^    CLKINVX3   0.057   0.878    1.006  
      datapath_module/reg_file_module/g38901                      -             CLKINVX2   0.000   0.878    1.006  
      datapath_module/reg_file_module/g38901                      A ^ -> Y v    CLKINVX2   0.048   0.926    1.054  
      datapath_module/reg_file_module/g38912                      -             NAND2BX2   0.000   0.926    1.054  
      datapath_module/reg_file_module/g38912                      B v -> Y ^    NAND2BX2   0.058   0.984    1.112  
      datapath_module/reg_file_module/g38872                      -             CLKINVX2   0.000   0.984    1.112  
      datapath_module/reg_file_module/g38872                      A ^ -> Y v    CLKINVX2   0.046   1.029    1.157  
      datapath_module/reg_file_module/g38870                      -             CLKINVX1   0.000   1.029    1.157  
      datapath_module/reg_file_module/g38870                      A v -> Y ^    CLKINVX1   0.072   1.101    1.229  
      datapath_module/reg_file_module/g37965                      -             OAI21X1    0.000   1.101    1.229  
      datapath_module/reg_file_module/g37965                      A0 ^ -> Y v   OAI21X1    0.106   1.207    1.335  
      datapath_module/reg_file_module/g37899                      -             AOI211X2   0.000   1.207    1.335  
      datapath_module/reg_file_module/g37899                      B0 v -> Y ^   AOI211X2   0.145   1.352    1.480  
      datapath_module/reg_file_module/g37893                      -             NAND2X2    0.000   1.352    1.480  
      datapath_module/reg_file_module/g37893                      B ^ -> Y v    NAND2X2    0.097   1.449    1.577  
      datapath_module/alu_module/mul_44_34_g25345                 -             BUFX3      0.000   1.449    1.577  
      datapath_module/alu_module/mul_44_34_g25345                 A v -> Y v    BUFX3      0.182   1.631    1.759  
      datapath_module/alu_module/g25570                           -             AO22X4     0.000   1.631    1.759  
      datapath_module/alu_module/g25570                           B1 v -> Y v   AO22X4     0.301   1.932    2.059  
      datapath_module/alu_module/mul_44_34_g24579                 -             AOI22X2    0.000   1.932    2.059  
      datapath_module/alu_module/mul_44_34_g24579                 B1 v -> Y ^   AOI22X2    0.128   2.060    2.188  
      datapath_module/alu_module/mul_44_34_g24306                 -             ADDFHX1    0.000   2.060    2.188  
      datapath_module/alu_module/mul_44_34_g24306                 A ^ -> CO ^   ADDFHX1    0.237   2.297    2.425  
      datapath_module/alu_module/mul_44_34_g24277                 -             ADDFHXL    0.000   2.297    2.425  
      datapath_module/alu_module/mul_44_34_g24277                 CI ^ -> S v   ADDFHXL    0.324   2.621    2.749  
      datapath_module/alu_module/mul_44_34_g24238                 -             ADDFHXL    0.000   2.621    2.749  
      datapath_module/alu_module/mul_44_34_g24238                 CI v -> S ^   ADDFHXL    0.352   2.974    3.101  
      datapath_module/alu_module/mul_44_34_g24225                 -             NAND2X1    0.000   2.974    3.101  
      datapath_module/alu_module/mul_44_34_g24225                 B ^ -> Y v    NAND2X1    0.113   3.087    3.215  
      datapath_module/alu_module/mul_44_34_g24203                 -             AOI21X1    0.000   3.087    3.215  
      datapath_module/alu_module/mul_44_34_g24203                 A1 v -> Y ^   AOI21X1    0.133   3.220    3.348  
      datapath_module/alu_module/mul_44_34_g24176                 -             OAI21X1    0.000   3.220    3.348  
      datapath_module/alu_module/mul_44_34_g24176                 A1 ^ -> Y v   OAI21X1    0.105   3.326    3.453  
      datapath_module/alu_module/mul_44_34_g24153                 -             AOI21X2    0.000   3.326    3.453  
      datapath_module/alu_module/mul_44_34_g24153                 A1 v -> Y ^   AOI21X2    0.095   3.420    3.548  
      datapath_module/alu_module/mul_44_34_g24124                 -             NAND2X2    0.000   3.420    3.548  
      datapath_module/alu_module/mul_44_34_g24124                 A ^ -> Y v    NAND2X2    0.079   3.500    3.627  
      datapath_module/alu_module/mul_44_34_g24109                 -             NAND2X2    0.000   3.500    3.627  
      datapath_module/alu_module/mul_44_34_g24109                 B v -> Y ^    NAND2X2    0.064   3.563    3.691  
      datapath_module/alu_module/mul_44_34_g24097                 -             NOR2BX2    0.000   3.563    3.691  
      datapath_module/alu_module/mul_44_34_g24097                 B ^ -> Y v    NOR2BX2    0.045   3.608    3.736  
      datapath_module/alu_module/mul_44_34_g24092                 -             NAND2BX2   0.000   3.608    3.736  
      datapath_module/alu_module/mul_44_34_g24092                 B v -> Y ^    NAND2BX2   0.043   3.651    3.778  
      datapath_module/alu_module/mul_44_34_g24064                 -             NAND2X2    0.000   3.651    3.778  
      datapath_module/alu_module/mul_44_34_g24064                 B ^ -> Y v    NAND2X2    0.076   3.726    3.854  
      datapath_module/alu_module/mul_44_34_g23987                 -             NAND2BX2   0.000   3.726    3.854  
      datapath_module/alu_module/mul_44_34_g23987                 B v -> Y ^    NAND2BX2   0.063   3.789    3.917  
      datapath_module/alu_module/mul_44_34_g23977                 -             NAND2XL    0.000   3.789    3.917  
      datapath_module/alu_module/mul_44_34_g23977                 B ^ -> Y v    NAND2XL    0.153   3.942    4.070  
      datapath_module/alu_module/mul_44_34_g23976                 -             CLKINVX1   0.000   3.942    4.070  
      datapath_module/alu_module/mul_44_34_g23976                 A v -> Y ^    CLKINVX1   0.090   4.032    4.160  
      datapath_module/alu_module/mul_44_34_g23952                 -             MXI2XL     0.000   4.032    4.160  
      datapath_module/alu_module/mul_44_34_g23952                 B ^ -> Y v    MXI2XL     0.086   4.118    4.246  
      datapath_module/alu_module/g7121                            -             OAI2BB1X1  0.000   4.118    4.246  
      datapath_module/alu_module/g7121                            A1N v -> Y v  OAI2BB1X1  0.645   4.762    4.890  
      datapath_module/reg_file_module/reg_memory_reg[19][20]1302  -             SDFFQX1    0.000   4.762    4.890  
      --------------------------------------------------------------------------------------------------------------
Path 23: MET Setup Check with Pin datapath_module/reg_file_module/reg_memory_reg[18][20]1238/CK 
Endpoint:   datapath_module/reg_file_module/reg_memory_reg[18][20]1238/D (v) checked with  leading edge of 'clock'
Beginpoint: IFU_module/PC_reg[3]/Q                                       (^) triggered by  leading edge of 'clock'
Path Groups: {clock}
Retime Analysis { Data Path-Slew }
Other End Arrival Time          0.000
- Setup                         0.210
+ Phase Shift                   7.100
- Uncertainty                   2.000
= Required Time                 4.890
- Arrival Time                  4.762
= Slack Time                    0.128
= Slack Time(original)          0.063
     Clock Rise Edge                 0.000
     + Clock Network Latency (Ideal) 0.000
     = Beginpoint Arrival Time       0.000
      --------------------------------------------------------------------------------------------------------------
      Instance                                                    Arc           Cell       Retime  Arrival  Required  
                                                                                           Delay   Time     Time  
      --------------------------------------------------------------------------------------------------------------
      IFU_module/PC_reg[3]                                        CK ^          -          -       0.000    0.128  
      IFU_module/PC_reg[3]                                        CK ^ -> Q ^   SDFFRHQX4  0.624   0.624    0.752  
      IFU_module/instr_mem/g733                                   -             CLKINVX3   0.000   0.624    0.752  
      IFU_module/instr_mem/g733                                   A ^ -> Y v    CLKINVX3   0.060   0.684    0.812  
      IFU_module/instr_mem/g712                                   -             OAI21X4    0.000   0.684    0.812  
      IFU_module/instr_mem/g712                                   B0 v -> Y ^   OAI21X4    0.060   0.744    0.872  
      IFU_module/instr_mem/g702                                   -             NAND2X6    0.000   0.744    0.872  
      IFU_module/instr_mem/g702                                   B ^ -> Y v    NAND2X6    0.077   0.821    0.949  
      datapath_module/reg_file_module/g38902                      -             CLKINVX3   0.000   0.821    0.949  
      datapath_module/reg_file_module/g38902                      A v -> Y ^    CLKINVX3   0.057   0.878    1.006  
      datapath_module/reg_file_module/g38901                      -             CLKINVX2   0.000   0.878    1.006  
      datapath_module/reg_file_module/g38901                      A ^ -> Y v    CLKINVX2   0.048   0.926    1.054  
      datapath_module/reg_file_module/g38912                      -             NAND2BX2   0.000   0.926    1.054  
      datapath_module/reg_file_module/g38912                      B v -> Y ^    NAND2BX2   0.058   0.984    1.112  
      datapath_module/reg_file_module/g38872                      -             CLKINVX2   0.000   0.984    1.112  
      datapath_module/reg_file_module/g38872                      A ^ -> Y v    CLKINVX2   0.046   1.029    1.157  
      datapath_module/reg_file_module/g38870                      -             CLKINVX1   0.000   1.029    1.157  
      datapath_module/reg_file_module/g38870                      A v -> Y ^    CLKINVX1   0.072   1.101    1.229  
      datapath_module/reg_file_module/g37965                      -             OAI21X1    0.000   1.101    1.229  
      datapath_module/reg_file_module/g37965                      A0 ^ -> Y v   OAI21X1    0.106   1.207    1.335  
      datapath_module/reg_file_module/g37899                      -             AOI211X2   0.000   1.207    1.335  
      datapath_module/reg_file_module/g37899                      B0 v -> Y ^   AOI211X2   0.145   1.352    1.480  
      datapath_module/reg_file_module/g37893                      -             NAND2X2    0.000   1.352    1.480  
      datapath_module/reg_file_module/g37893                      B ^ -> Y v    NAND2X2    0.097   1.449    1.577  
      datapath_module/alu_module/mul_44_34_g25345                 -             BUFX3      0.000   1.449    1.577  
      datapath_module/alu_module/mul_44_34_g25345                 A v -> Y v    BUFX3      0.182   1.631    1.759  
      datapath_module/alu_module/g25570                           -             AO22X4     0.000   1.631    1.759  
      datapath_module/alu_module/g25570                           B1 v -> Y v   AO22X4     0.301   1.932    2.059  
      datapath_module/alu_module/mul_44_34_g24579                 -             AOI22X2    0.000   1.932    2.059  
      datapath_module/alu_module/mul_44_34_g24579                 B1 v -> Y ^   AOI22X2    0.128   2.060    2.188  
      datapath_module/alu_module/mul_44_34_g24306                 -             ADDFHX1    0.000   2.060    2.188  
      datapath_module/alu_module/mul_44_34_g24306                 A ^ -> CO ^   ADDFHX1    0.237   2.297    2.425  
      datapath_module/alu_module/mul_44_34_g24277                 -             ADDFHXL    0.000   2.297    2.425  
      datapath_module/alu_module/mul_44_34_g24277                 CI ^ -> S v   ADDFHXL    0.324   2.621    2.749  
      datapath_module/alu_module/mul_44_34_g24238                 -             ADDFHXL    0.000   2.621    2.749  
      datapath_module/alu_module/mul_44_34_g24238                 CI v -> S ^   ADDFHXL    0.352   2.974    3.101  
      datapath_module/alu_module/mul_44_34_g24225                 -             NAND2X1    0.000   2.974    3.101  
      datapath_module/alu_module/mul_44_34_g24225                 B ^ -> Y v    NAND2X1    0.113   3.087    3.215  
      datapath_module/alu_module/mul_44_34_g24203                 -             AOI21X1    0.000   3.087    3.215  
      datapath_module/alu_module/mul_44_34_g24203                 A1 v -> Y ^   AOI21X1    0.133   3.220    3.348  
      datapath_module/alu_module/mul_44_34_g24176                 -             OAI21X1    0.000   3.220    3.348  
      datapath_module/alu_module/mul_44_34_g24176                 A1 ^ -> Y v   OAI21X1    0.105   3.326    3.453  
      datapath_module/alu_module/mul_44_34_g24153                 -             AOI21X2    0.000   3.326    3.453  
      datapath_module/alu_module/mul_44_34_g24153                 A1 v -> Y ^   AOI21X2    0.095   3.420    3.548  
      datapath_module/alu_module/mul_44_34_g24124                 -             NAND2X2    0.000   3.420    3.548  
      datapath_module/alu_module/mul_44_34_g24124                 A ^ -> Y v    NAND2X2    0.079   3.500    3.627  
      datapath_module/alu_module/mul_44_34_g24109                 -             NAND2X2    0.000   3.500    3.627  
      datapath_module/alu_module/mul_44_34_g24109                 B v -> Y ^    NAND2X2    0.064   3.563    3.691  
      datapath_module/alu_module/mul_44_34_g24097                 -             NOR2BX2    0.000   3.563    3.691  
      datapath_module/alu_module/mul_44_34_g24097                 B ^ -> Y v    NOR2BX2    0.045   3.608    3.736  
      datapath_module/alu_module/mul_44_34_g24092                 -             NAND2BX2   0.000   3.608    3.736  
      datapath_module/alu_module/mul_44_34_g24092                 B v -> Y ^    NAND2BX2   0.043   3.651    3.778  
      datapath_module/alu_module/mul_44_34_g24064                 -             NAND2X2    0.000   3.651    3.778  
      datapath_module/alu_module/mul_44_34_g24064                 B ^ -> Y v    NAND2X2    0.076   3.726    3.854  
      datapath_module/alu_module/mul_44_34_g23987                 -             NAND2BX2   0.000   3.726    3.854  
      datapath_module/alu_module/mul_44_34_g23987                 B v -> Y ^    NAND2BX2   0.063   3.789    3.917  
      datapath_module/alu_module/mul_44_34_g23977                 -             NAND2XL    0.000   3.789    3.917  
      datapath_module/alu_module/mul_44_34_g23977                 B ^ -> Y v    NAND2XL    0.153   3.942    4.070  
      datapath_module/alu_module/mul_44_34_g23976                 -             CLKINVX1   0.000   3.942    4.070  
      datapath_module/alu_module/mul_44_34_g23976                 A v -> Y ^    CLKINVX1   0.090   4.032    4.160  
      datapath_module/alu_module/mul_44_34_g23952                 -             MXI2XL     0.000   4.032    4.160  
      datapath_module/alu_module/mul_44_34_g23952                 B ^ -> Y v    MXI2XL     0.086   4.118    4.246  
      datapath_module/alu_module/g7121                            -             OAI2BB1X1  0.000   4.118    4.246  
      datapath_module/alu_module/g7121                            A1N v -> Y v  OAI2BB1X1  0.645   4.762    4.890  
      datapath_module/reg_file_module/reg_memory_reg[18][20]1238  -             SDFFQX1    0.000   4.762    4.890  
      --------------------------------------------------------------------------------------------------------------
Path 24: MET Setup Check with Pin datapath_module/reg_file_module/reg_memory_reg[17][20]1174/CK 
Endpoint:   datapath_module/reg_file_module/reg_memory_reg[17][20]1174/D (v) checked with  leading edge of 'clock'
Beginpoint: IFU_module/PC_reg[3]/Q                                       (^) triggered by  leading edge of 'clock'
Path Groups: {clock}
Retime Analysis { Data Path-Slew }
Other End Arrival Time          0.000
- Setup                         0.210
+ Phase Shift                   7.100
- Uncertainty                   2.000
= Required Time                 4.890
- Arrival Time                  4.762
= Slack Time                    0.128
= Slack Time(original)          0.063
     Clock Rise Edge                 0.000
     + Clock Network Latency (Ideal) 0.000
     = Beginpoint Arrival Time       0.000
      --------------------------------------------------------------------------------------------------------------
      Instance                                                    Arc           Cell       Retime  Arrival  Required  
                                                                                           Delay   Time     Time  
      --------------------------------------------------------------------------------------------------------------
      IFU_module/PC_reg[3]                                        CK ^          -          -       0.000    0.128  
      IFU_module/PC_reg[3]                                        CK ^ -> Q ^   SDFFRHQX4  0.624   0.624    0.752  
      IFU_module/instr_mem/g733                                   -             CLKINVX3   0.000   0.624    0.752  
      IFU_module/instr_mem/g733                                   A ^ -> Y v    CLKINVX3   0.060   0.684    0.812  
      IFU_module/instr_mem/g712                                   -             OAI21X4    0.000   0.684    0.812  
      IFU_module/instr_mem/g712                                   B0 v -> Y ^   OAI21X4    0.060   0.744    0.872  
      IFU_module/instr_mem/g702                                   -             NAND2X6    0.000   0.744    0.872  
      IFU_module/instr_mem/g702                                   B ^ -> Y v    NAND2X6    0.077   0.821    0.949  
      datapath_module/reg_file_module/g38902                      -             CLKINVX3   0.000   0.821    0.949  
      datapath_module/reg_file_module/g38902                      A v -> Y ^    CLKINVX3   0.057   0.878    1.006  
      datapath_module/reg_file_module/g38901                      -             CLKINVX2   0.000   0.878    1.006  
      datapath_module/reg_file_module/g38901                      A ^ -> Y v    CLKINVX2   0.048   0.926    1.054  
      datapath_module/reg_file_module/g38912                      -             NAND2BX2   0.000   0.926    1.054  
      datapath_module/reg_file_module/g38912                      B v -> Y ^    NAND2BX2   0.058   0.984    1.112  
      datapath_module/reg_file_module/g38872                      -             CLKINVX2   0.000   0.984    1.112  
      datapath_module/reg_file_module/g38872                      A ^ -> Y v    CLKINVX2   0.046   1.029    1.157  
      datapath_module/reg_file_module/g38870                      -             CLKINVX1   0.000   1.029    1.157  
      datapath_module/reg_file_module/g38870                      A v -> Y ^    CLKINVX1   0.072   1.101    1.229  
      datapath_module/reg_file_module/g37965                      -             OAI21X1    0.000   1.101    1.229  
      datapath_module/reg_file_module/g37965                      A0 ^ -> Y v   OAI21X1    0.106   1.207    1.335  
      datapath_module/reg_file_module/g37899                      -             AOI211X2   0.000   1.207    1.335  
      datapath_module/reg_file_module/g37899                      B0 v -> Y ^   AOI211X2   0.145   1.352    1.480  
      datapath_module/reg_file_module/g37893                      -             NAND2X2    0.000   1.352    1.480  
      datapath_module/reg_file_module/g37893                      B ^ -> Y v    NAND2X2    0.097   1.449    1.577  
      datapath_module/alu_module/mul_44_34_g25345                 -             BUFX3      0.000   1.449    1.577  
      datapath_module/alu_module/mul_44_34_g25345                 A v -> Y v    BUFX3      0.182   1.631    1.759  
      datapath_module/alu_module/g25570                           -             AO22X4     0.000   1.631    1.759  
      datapath_module/alu_module/g25570                           B1 v -> Y v   AO22X4     0.301   1.932    2.059  
      datapath_module/alu_module/mul_44_34_g24579                 -             AOI22X2    0.000   1.932    2.059  
      datapath_module/alu_module/mul_44_34_g24579                 B1 v -> Y ^   AOI22X2    0.128   2.060    2.188  
      datapath_module/alu_module/mul_44_34_g24306                 -             ADDFHX1    0.000   2.060    2.188  
      datapath_module/alu_module/mul_44_34_g24306                 A ^ -> CO ^   ADDFHX1    0.237   2.297    2.425  
      datapath_module/alu_module/mul_44_34_g24277                 -             ADDFHXL    0.000   2.297    2.425  
      datapath_module/alu_module/mul_44_34_g24277                 CI ^ -> S v   ADDFHXL    0.324   2.621    2.749  
      datapath_module/alu_module/mul_44_34_g24238                 -             ADDFHXL    0.000   2.621    2.749  
      datapath_module/alu_module/mul_44_34_g24238                 CI v -> S ^   ADDFHXL    0.352   2.974    3.101  
      datapath_module/alu_module/mul_44_34_g24225                 -             NAND2X1    0.000   2.974    3.101  
      datapath_module/alu_module/mul_44_34_g24225                 B ^ -> Y v    NAND2X1    0.113   3.087    3.215  
      datapath_module/alu_module/mul_44_34_g24203                 -             AOI21X1    0.000   3.087    3.215  
      datapath_module/alu_module/mul_44_34_g24203                 A1 v -> Y ^   AOI21X1    0.133   3.220    3.348  
      datapath_module/alu_module/mul_44_34_g24176                 -             OAI21X1    0.000   3.220    3.348  
      datapath_module/alu_module/mul_44_34_g24176                 A1 ^ -> Y v   OAI21X1    0.105   3.326    3.453  
      datapath_module/alu_module/mul_44_34_g24153                 -             AOI21X2    0.000   3.326    3.453  
      datapath_module/alu_module/mul_44_34_g24153                 A1 v -> Y ^   AOI21X2    0.095   3.420    3.548  
      datapath_module/alu_module/mul_44_34_g24124                 -             NAND2X2    0.000   3.420    3.548  
      datapath_module/alu_module/mul_44_34_g24124                 A ^ -> Y v    NAND2X2    0.079   3.500    3.627  
      datapath_module/alu_module/mul_44_34_g24109                 -             NAND2X2    0.000   3.500    3.627  
      datapath_module/alu_module/mul_44_34_g24109                 B v -> Y ^    NAND2X2    0.064   3.563    3.691  
      datapath_module/alu_module/mul_44_34_g24097                 -             NOR2BX2    0.000   3.563    3.691  
      datapath_module/alu_module/mul_44_34_g24097                 B ^ -> Y v    NOR2BX2    0.045   3.608    3.736  
      datapath_module/alu_module/mul_44_34_g24092                 -             NAND2BX2   0.000   3.608    3.736  
      datapath_module/alu_module/mul_44_34_g24092                 B v -> Y ^    NAND2BX2   0.043   3.651    3.778  
      datapath_module/alu_module/mul_44_34_g24064                 -             NAND2X2    0.000   3.651    3.778  
      datapath_module/alu_module/mul_44_34_g24064                 B ^ -> Y v    NAND2X2    0.076   3.726    3.854  
      datapath_module/alu_module/mul_44_34_g23987                 -             NAND2BX2   0.000   3.726    3.854  
      datapath_module/alu_module/mul_44_34_g23987                 B v -> Y ^    NAND2BX2   0.063   3.789    3.917  
      datapath_module/alu_module/mul_44_34_g23977                 -             NAND2XL    0.000   3.789    3.917  
      datapath_module/alu_module/mul_44_34_g23977                 B ^ -> Y v    NAND2XL    0.153   3.942    4.070  
      datapath_module/alu_module/mul_44_34_g23976                 -             CLKINVX1   0.000   3.942    4.070  
      datapath_module/alu_module/mul_44_34_g23976                 A v -> Y ^    CLKINVX1   0.090   4.032    4.160  
      datapath_module/alu_module/mul_44_34_g23952                 -             MXI2XL     0.000   4.032    4.160  
      datapath_module/alu_module/mul_44_34_g23952                 B ^ -> Y v    MXI2XL     0.086   4.118    4.246  
      datapath_module/alu_module/g7121                            -             OAI2BB1X1  0.000   4.118    4.246  
      datapath_module/alu_module/g7121                            A1N v -> Y v  OAI2BB1X1  0.645   4.762    4.890  
      datapath_module/reg_file_module/reg_memory_reg[17][20]1174  -             SDFFQX1    0.000   4.762    4.890  
      --------------------------------------------------------------------------------------------------------------
Path 25: MET Setup Check with Pin datapath_module/reg_file_module/reg_memory_reg[16][20]1110/CK 
Endpoint:   datapath_module/reg_file_module/reg_memory_reg[16][20]1110/D (v) checked with  leading edge of 'clock'
Beginpoint: IFU_module/PC_reg[3]/Q                                       (^) triggered by  leading edge of 'clock'
Path Groups: {clock}
Retime Analysis { Data Path-Slew }
Other End Arrival Time          0.000
- Setup                         0.210
+ Phase Shift                   7.100
- Uncertainty                   2.000
= Required Time                 4.890
- Arrival Time                  4.762
= Slack Time                    0.128
= Slack Time(original)          0.063
     Clock Rise Edge                 0.000
     + Clock Network Latency (Ideal) 0.000
     = Beginpoint Arrival Time       0.000
      --------------------------------------------------------------------------------------------------------------
      Instance                                                    Arc           Cell       Retime  Arrival  Required  
                                                                                           Delay   Time     Time  
      --------------------------------------------------------------------------------------------------------------
      IFU_module/PC_reg[3]                                        CK ^          -          -       0.000    0.128  
      IFU_module/PC_reg[3]                                        CK ^ -> Q ^   SDFFRHQX4  0.624   0.624    0.752  
      IFU_module/instr_mem/g733                                   -             CLKINVX3   0.000   0.624    0.752  
      IFU_module/instr_mem/g733                                   A ^ -> Y v    CLKINVX3   0.060   0.684    0.812  
      IFU_module/instr_mem/g712                                   -             OAI21X4    0.000   0.684    0.812  
      IFU_module/instr_mem/g712                                   B0 v -> Y ^   OAI21X4    0.060   0.744    0.872  
      IFU_module/instr_mem/g702                                   -             NAND2X6    0.000   0.744    0.872  
      IFU_module/instr_mem/g702                                   B ^ -> Y v    NAND2X6    0.077   0.821    0.949  
      datapath_module/reg_file_module/g38902                      -             CLKINVX3   0.000   0.821    0.949  
      datapath_module/reg_file_module/g38902                      A v -> Y ^    CLKINVX3   0.057   0.878    1.006  
      datapath_module/reg_file_module/g38901                      -             CLKINVX2   0.000   0.878    1.006  
      datapath_module/reg_file_module/g38901                      A ^ -> Y v    CLKINVX2   0.048   0.926    1.054  
      datapath_module/reg_file_module/g38912                      -             NAND2BX2   0.000   0.926    1.054  
      datapath_module/reg_file_module/g38912                      B v -> Y ^    NAND2BX2   0.058   0.984    1.112  
      datapath_module/reg_file_module/g38872                      -             CLKINVX2   0.000   0.984    1.112  
      datapath_module/reg_file_module/g38872                      A ^ -> Y v    CLKINVX2   0.046   1.029    1.157  
      datapath_module/reg_file_module/g38870                      -             CLKINVX1   0.000   1.029    1.157  
      datapath_module/reg_file_module/g38870                      A v -> Y ^    CLKINVX1   0.072   1.101    1.229  
      datapath_module/reg_file_module/g37965                      -             OAI21X1    0.000   1.101    1.229  
      datapath_module/reg_file_module/g37965                      A0 ^ -> Y v   OAI21X1    0.106   1.207    1.335  
      datapath_module/reg_file_module/g37899                      -             AOI211X2   0.000   1.207    1.335  
      datapath_module/reg_file_module/g37899                      B0 v -> Y ^   AOI211X2   0.145   1.352    1.480  
      datapath_module/reg_file_module/g37893                      -             NAND2X2    0.000   1.352    1.480  
      datapath_module/reg_file_module/g37893                      B ^ -> Y v    NAND2X2    0.097   1.449    1.577  
      datapath_module/alu_module/mul_44_34_g25345                 -             BUFX3      0.000   1.449    1.577  
      datapath_module/alu_module/mul_44_34_g25345                 A v -> Y v    BUFX3      0.182   1.631    1.759  
      datapath_module/alu_module/g25570                           -             AO22X4     0.000   1.631    1.759  
      datapath_module/alu_module/g25570                           B1 v -> Y v   AO22X4     0.301   1.932    2.059  
      datapath_module/alu_module/mul_44_34_g24579                 -             AOI22X2    0.000   1.932    2.059  
      datapath_module/alu_module/mul_44_34_g24579                 B1 v -> Y ^   AOI22X2    0.128   2.060    2.188  
      datapath_module/alu_module/mul_44_34_g24306                 -             ADDFHX1    0.000   2.060    2.188  
      datapath_module/alu_module/mul_44_34_g24306                 A ^ -> CO ^   ADDFHX1    0.237   2.297    2.425  
      datapath_module/alu_module/mul_44_34_g24277                 -             ADDFHXL    0.000   2.297    2.425  
      datapath_module/alu_module/mul_44_34_g24277                 CI ^ -> S v   ADDFHXL    0.324   2.621    2.749  
      datapath_module/alu_module/mul_44_34_g24238                 -             ADDFHXL    0.000   2.621    2.749  
      datapath_module/alu_module/mul_44_34_g24238                 CI v -> S ^   ADDFHXL    0.352   2.974    3.101  
      datapath_module/alu_module/mul_44_34_g24225                 -             NAND2X1    0.000   2.974    3.101  
      datapath_module/alu_module/mul_44_34_g24225                 B ^ -> Y v    NAND2X1    0.113   3.087    3.215  
      datapath_module/alu_module/mul_44_34_g24203                 -             AOI21X1    0.000   3.087    3.215  
      datapath_module/alu_module/mul_44_34_g24203                 A1 v -> Y ^   AOI21X1    0.133   3.220    3.348  
      datapath_module/alu_module/mul_44_34_g24176                 -             OAI21X1    0.000   3.220    3.348  
      datapath_module/alu_module/mul_44_34_g24176                 A1 ^ -> Y v   OAI21X1    0.105   3.326    3.453  
      datapath_module/alu_module/mul_44_34_g24153                 -             AOI21X2    0.000   3.326    3.453  
      datapath_module/alu_module/mul_44_34_g24153                 A1 v -> Y ^   AOI21X2    0.095   3.420    3.548  
      datapath_module/alu_module/mul_44_34_g24124                 -             NAND2X2    0.000   3.420    3.548  
      datapath_module/alu_module/mul_44_34_g24124                 A ^ -> Y v    NAND2X2    0.079   3.500    3.627  
      datapath_module/alu_module/mul_44_34_g24109                 -             NAND2X2    0.000   3.500    3.627  
      datapath_module/alu_module/mul_44_34_g24109                 B v -> Y ^    NAND2X2    0.064   3.563    3.691  
      datapath_module/alu_module/mul_44_34_g24097                 -             NOR2BX2    0.000   3.563    3.691  
      datapath_module/alu_module/mul_44_34_g24097                 B ^ -> Y v    NOR2BX2    0.045   3.608    3.736  
      datapath_module/alu_module/mul_44_34_g24092                 -             NAND2BX2   0.000   3.608    3.736  
      datapath_module/alu_module/mul_44_34_g24092                 B v -> Y ^    NAND2BX2   0.043   3.651    3.778  
      datapath_module/alu_module/mul_44_34_g24064                 -             NAND2X2    0.000   3.651    3.778  
      datapath_module/alu_module/mul_44_34_g24064                 B ^ -> Y v    NAND2X2    0.076   3.726    3.854  
      datapath_module/alu_module/mul_44_34_g23987                 -             NAND2BX2   0.000   3.726    3.854  
      datapath_module/alu_module/mul_44_34_g23987                 B v -> Y ^    NAND2BX2   0.063   3.789    3.917  
      datapath_module/alu_module/mul_44_34_g23977                 -             NAND2XL    0.000   3.789    3.917  
      datapath_module/alu_module/mul_44_34_g23977                 B ^ -> Y v    NAND2XL    0.153   3.942    4.070  
      datapath_module/alu_module/mul_44_34_g23976                 -             CLKINVX1   0.000   3.942    4.070  
      datapath_module/alu_module/mul_44_34_g23976                 A v -> Y ^    CLKINVX1   0.090   4.032    4.160  
      datapath_module/alu_module/mul_44_34_g23952                 -             MXI2XL     0.000   4.032    4.160  
      datapath_module/alu_module/mul_44_34_g23952                 B ^ -> Y v    MXI2XL     0.086   4.118    4.246  
      datapath_module/alu_module/g7121                            -             OAI2BB1X1  0.000   4.118    4.246  
      datapath_module/alu_module/g7121                            A1N v -> Y v  OAI2BB1X1  0.645   4.762    4.890  
      datapath_module/reg_file_module/reg_memory_reg[16][20]1110  -             SDFFQX1    0.000   4.762    4.890  
      --------------------------------------------------------------------------------------------------------------
Path 26: MET Setup Check with Pin datapath_module/reg_file_module/reg_memory_reg[15][20]1046/CK 
Endpoint:   datapath_module/reg_file_module/reg_memory_reg[15][20]1046/D (v) checked with  leading edge of 'clock'
Beginpoint: IFU_module/PC_reg[3]/Q                                       (^) triggered by  leading edge of 'clock'
Path Groups: {clock}
Retime Analysis { Data Path-Slew }
Other End Arrival Time          0.000
- Setup                         0.210
+ Phase Shift                   7.100
- Uncertainty                   2.000
= Required Time                 4.890
- Arrival Time                  4.762
= Slack Time                    0.128
= Slack Time(original)          0.063
     Clock Rise Edge                 0.000
     + Clock Network Latency (Ideal) 0.000
     = Beginpoint Arrival Time       0.000
      --------------------------------------------------------------------------------------------------------------
      Instance                                                    Arc           Cell       Retime  Arrival  Required  
                                                                                           Delay   Time     Time  
      --------------------------------------------------------------------------------------------------------------
      IFU_module/PC_reg[3]                                        CK ^          -          -       0.000    0.128  
      IFU_module/PC_reg[3]                                        CK ^ -> Q ^   SDFFRHQX4  0.624   0.624    0.752  
      IFU_module/instr_mem/g733                                   -             CLKINVX3   0.000   0.624    0.752  
      IFU_module/instr_mem/g733                                   A ^ -> Y v    CLKINVX3   0.060   0.684    0.812  
      IFU_module/instr_mem/g712                                   -             OAI21X4    0.000   0.684    0.812  
      IFU_module/instr_mem/g712                                   B0 v -> Y ^   OAI21X4    0.060   0.744    0.872  
      IFU_module/instr_mem/g702                                   -             NAND2X6    0.000   0.744    0.872  
      IFU_module/instr_mem/g702                                   B ^ -> Y v    NAND2X6    0.077   0.821    0.949  
      datapath_module/reg_file_module/g38902                      -             CLKINVX3   0.000   0.821    0.949  
      datapath_module/reg_file_module/g38902                      A v -> Y ^    CLKINVX3   0.057   0.878    1.006  
      datapath_module/reg_file_module/g38901                      -             CLKINVX2   0.000   0.878    1.006  
      datapath_module/reg_file_module/g38901                      A ^ -> Y v    CLKINVX2   0.048   0.926    1.054  
      datapath_module/reg_file_module/g38912                      -             NAND2BX2   0.000   0.926    1.054  
      datapath_module/reg_file_module/g38912                      B v -> Y ^    NAND2BX2   0.058   0.984    1.112  
      datapath_module/reg_file_module/g38872                      -             CLKINVX2   0.000   0.984    1.112  
      datapath_module/reg_file_module/g38872                      A ^ -> Y v    CLKINVX2   0.046   1.029    1.157  
      datapath_module/reg_file_module/g38870                      -             CLKINVX1   0.000   1.029    1.157  
      datapath_module/reg_file_module/g38870                      A v -> Y ^    CLKINVX1   0.072   1.101    1.229  
      datapath_module/reg_file_module/g37965                      -             OAI21X1    0.000   1.101    1.229  
      datapath_module/reg_file_module/g37965                      A0 ^ -> Y v   OAI21X1    0.106   1.207    1.335  
      datapath_module/reg_file_module/g37899                      -             AOI211X2   0.000   1.207    1.335  
      datapath_module/reg_file_module/g37899                      B0 v -> Y ^   AOI211X2   0.145   1.352    1.480  
      datapath_module/reg_file_module/g37893                      -             NAND2X2    0.000   1.352    1.480  
      datapath_module/reg_file_module/g37893                      B ^ -> Y v    NAND2X2    0.097   1.449    1.577  
      datapath_module/alu_module/mul_44_34_g25345                 -             BUFX3      0.000   1.449    1.577  
      datapath_module/alu_module/mul_44_34_g25345                 A v -> Y v    BUFX3      0.182   1.631    1.759  
      datapath_module/alu_module/g25570                           -             AO22X4     0.000   1.631    1.759  
      datapath_module/alu_module/g25570                           B1 v -> Y v   AO22X4     0.301   1.932    2.059  
      datapath_module/alu_module/mul_44_34_g24579                 -             AOI22X2    0.000   1.932    2.059  
      datapath_module/alu_module/mul_44_34_g24579                 B1 v -> Y ^   AOI22X2    0.128   2.060    2.188  
      datapath_module/alu_module/mul_44_34_g24306                 -             ADDFHX1    0.000   2.060    2.188  
      datapath_module/alu_module/mul_44_34_g24306                 A ^ -> CO ^   ADDFHX1    0.237   2.297    2.425  
      datapath_module/alu_module/mul_44_34_g24277                 -             ADDFHXL    0.000   2.297    2.425  
      datapath_module/alu_module/mul_44_34_g24277                 CI ^ -> S v   ADDFHXL    0.324   2.621    2.749  
      datapath_module/alu_module/mul_44_34_g24238                 -             ADDFHXL    0.000   2.621    2.749  
      datapath_module/alu_module/mul_44_34_g24238                 CI v -> S ^   ADDFHXL    0.352   2.974    3.101  
      datapath_module/alu_module/mul_44_34_g24225                 -             NAND2X1    0.000   2.974    3.101  
      datapath_module/alu_module/mul_44_34_g24225                 B ^ -> Y v    NAND2X1    0.113   3.087    3.215  
      datapath_module/alu_module/mul_44_34_g24203                 -             AOI21X1    0.000   3.087    3.215  
      datapath_module/alu_module/mul_44_34_g24203                 A1 v -> Y ^   AOI21X1    0.133   3.220    3.348  
      datapath_module/alu_module/mul_44_34_g24176                 -             OAI21X1    0.000   3.220    3.348  
      datapath_module/alu_module/mul_44_34_g24176                 A1 ^ -> Y v   OAI21X1    0.105   3.326    3.453  
      datapath_module/alu_module/mul_44_34_g24153                 -             AOI21X2    0.000   3.326    3.453  
      datapath_module/alu_module/mul_44_34_g24153                 A1 v -> Y ^   AOI21X2    0.095   3.420    3.548  
      datapath_module/alu_module/mul_44_34_g24124                 -             NAND2X2    0.000   3.420    3.548  
      datapath_module/alu_module/mul_44_34_g24124                 A ^ -> Y v    NAND2X2    0.079   3.500    3.627  
      datapath_module/alu_module/mul_44_34_g24109                 -             NAND2X2    0.000   3.500    3.627  
      datapath_module/alu_module/mul_44_34_g24109                 B v -> Y ^    NAND2X2    0.064   3.563    3.691  
      datapath_module/alu_module/mul_44_34_g24097                 -             NOR2BX2    0.000   3.563    3.691  
      datapath_module/alu_module/mul_44_34_g24097                 B ^ -> Y v    NOR2BX2    0.045   3.608    3.736  
      datapath_module/alu_module/mul_44_34_g24092                 -             NAND2BX2   0.000   3.608    3.736  
      datapath_module/alu_module/mul_44_34_g24092                 B v -> Y ^    NAND2BX2   0.043   3.651    3.778  
      datapath_module/alu_module/mul_44_34_g24064                 -             NAND2X2    0.000   3.651    3.778  
      datapath_module/alu_module/mul_44_34_g24064                 B ^ -> Y v    NAND2X2    0.076   3.726    3.854  
      datapath_module/alu_module/mul_44_34_g23987                 -             NAND2BX2   0.000   3.726    3.854  
      datapath_module/alu_module/mul_44_34_g23987                 B v -> Y ^    NAND2BX2   0.063   3.789    3.917  
      datapath_module/alu_module/mul_44_34_g23977                 -             NAND2XL    0.000   3.789    3.917  
      datapath_module/alu_module/mul_44_34_g23977                 B ^ -> Y v    NAND2XL    0.153   3.942    4.070  
      datapath_module/alu_module/mul_44_34_g23976                 -             CLKINVX1   0.000   3.942    4.070  
      datapath_module/alu_module/mul_44_34_g23976                 A v -> Y ^    CLKINVX1   0.090   4.032    4.160  
      datapath_module/alu_module/mul_44_34_g23952                 -             MXI2XL     0.000   4.032    4.160  
      datapath_module/alu_module/mul_44_34_g23952                 B ^ -> Y v    MXI2XL     0.086   4.118    4.246  
      datapath_module/alu_module/g7121                            -             OAI2BB1X1  0.000   4.118    4.246  
      datapath_module/alu_module/g7121                            A1N v -> Y v  OAI2BB1X1  0.645   4.762    4.890  
      datapath_module/reg_file_module/reg_memory_reg[15][20]1046  -             SDFFQX1    0.000   4.762    4.890  
      --------------------------------------------------------------------------------------------------------------
Path 27: MET Setup Check with Pin datapath_module/reg_file_module/reg_memory_reg[14][20]982/CK 
Endpoint:   datapath_module/reg_file_module/reg_memory_reg[14][20]982/D (v) checked with  leading edge of 'clock'
Beginpoint: IFU_module/PC_reg[3]/Q                                      (^) triggered by  leading edge of 'clock'
Path Groups: {clock}
Retime Analysis { Data Path-Slew }
Other End Arrival Time          0.000
- Setup                         0.210
+ Phase Shift                   7.100
- Uncertainty                   2.000
= Required Time                 4.890
- Arrival Time                  4.762
= Slack Time                    0.128
= Slack Time(original)          0.063
     Clock Rise Edge                 0.000
     + Clock Network Latency (Ideal) 0.000
     = Beginpoint Arrival Time       0.000
      -------------------------------------------------------------------------------------------------------------
      Instance                                                   Arc           Cell       Retime  Arrival  Required  
                                                                                          Delay   Time     Time  
      -------------------------------------------------------------------------------------------------------------
      IFU_module/PC_reg[3]                                       CK ^          -          -       0.000    0.128  
      IFU_module/PC_reg[3]                                       CK ^ -> Q ^   SDFFRHQX4  0.624   0.624    0.752  
      IFU_module/instr_mem/g733                                  -             CLKINVX3   0.000   0.624    0.752  
      IFU_module/instr_mem/g733                                  A ^ -> Y v    CLKINVX3   0.060   0.684    0.812  
      IFU_module/instr_mem/g712                                  -             OAI21X4    0.000   0.684    0.812  
      IFU_module/instr_mem/g712                                  B0 v -> Y ^   OAI21X4    0.060   0.744    0.872  
      IFU_module/instr_mem/g702                                  -             NAND2X6    0.000   0.744    0.872  
      IFU_module/instr_mem/g702                                  B ^ -> Y v    NAND2X6    0.077   0.821    0.949  
      datapath_module/reg_file_module/g38902                     -             CLKINVX3   0.000   0.821    0.949  
      datapath_module/reg_file_module/g38902                     A v -> Y ^    CLKINVX3   0.057   0.878    1.006  
      datapath_module/reg_file_module/g38901                     -             CLKINVX2   0.000   0.878    1.006  
      datapath_module/reg_file_module/g38901                     A ^ -> Y v    CLKINVX2   0.048   0.926    1.054  
      datapath_module/reg_file_module/g38912                     -             NAND2BX2   0.000   0.926    1.054  
      datapath_module/reg_file_module/g38912                     B v -> Y ^    NAND2BX2   0.058   0.984    1.112  
      datapath_module/reg_file_module/g38872                     -             CLKINVX2   0.000   0.984    1.112  
      datapath_module/reg_file_module/g38872                     A ^ -> Y v    CLKINVX2   0.046   1.029    1.157  
      datapath_module/reg_file_module/g38870                     -             CLKINVX1   0.000   1.029    1.157  
      datapath_module/reg_file_module/g38870                     A v -> Y ^    CLKINVX1   0.072   1.101    1.229  
      datapath_module/reg_file_module/g37965                     -             OAI21X1    0.000   1.101    1.229  
      datapath_module/reg_file_module/g37965                     A0 ^ -> Y v   OAI21X1    0.106   1.207    1.335  
      datapath_module/reg_file_module/g37899                     -             AOI211X2   0.000   1.207    1.335  
      datapath_module/reg_file_module/g37899                     B0 v -> Y ^   AOI211X2   0.145   1.352    1.480  
      datapath_module/reg_file_module/g37893                     -             NAND2X2    0.000   1.352    1.480  
      datapath_module/reg_file_module/g37893                     B ^ -> Y v    NAND2X2    0.097   1.449    1.577  
      datapath_module/alu_module/mul_44_34_g25345                -             BUFX3      0.000   1.449    1.577  
      datapath_module/alu_module/mul_44_34_g25345                A v -> Y v    BUFX3      0.182   1.631    1.759  
      datapath_module/alu_module/g25570                          -             AO22X4     0.000   1.631    1.759  
      datapath_module/alu_module/g25570                          B1 v -> Y v   AO22X4     0.301   1.932    2.059  
      datapath_module/alu_module/mul_44_34_g24579                -             AOI22X2    0.000   1.932    2.059  
      datapath_module/alu_module/mul_44_34_g24579                B1 v -> Y ^   AOI22X2    0.128   2.060    2.188  
      datapath_module/alu_module/mul_44_34_g24306                -             ADDFHX1    0.000   2.060    2.188  
      datapath_module/alu_module/mul_44_34_g24306                A ^ -> CO ^   ADDFHX1    0.237   2.297    2.425  
      datapath_module/alu_module/mul_44_34_g24277                -             ADDFHXL    0.000   2.297    2.425  
      datapath_module/alu_module/mul_44_34_g24277                CI ^ -> S v   ADDFHXL    0.324   2.621    2.749  
      datapath_module/alu_module/mul_44_34_g24238                -             ADDFHXL    0.000   2.621    2.749  
      datapath_module/alu_module/mul_44_34_g24238                CI v -> S ^   ADDFHXL    0.352   2.974    3.101  
      datapath_module/alu_module/mul_44_34_g24225                -             NAND2X1    0.000   2.974    3.101  
      datapath_module/alu_module/mul_44_34_g24225                B ^ -> Y v    NAND2X1    0.113   3.087    3.215  
      datapath_module/alu_module/mul_44_34_g24203                -             AOI21X1    0.000   3.087    3.215  
      datapath_module/alu_module/mul_44_34_g24203                A1 v -> Y ^   AOI21X1    0.133   3.220    3.348  
      datapath_module/alu_module/mul_44_34_g24176                -             OAI21X1    0.000   3.220    3.348  
      datapath_module/alu_module/mul_44_34_g24176                A1 ^ -> Y v   OAI21X1    0.105   3.326    3.453  
      datapath_module/alu_module/mul_44_34_g24153                -             AOI21X2    0.000   3.326    3.453  
      datapath_module/alu_module/mul_44_34_g24153                A1 v -> Y ^   AOI21X2    0.095   3.420    3.548  
      datapath_module/alu_module/mul_44_34_g24124                -             NAND2X2    0.000   3.420    3.548  
      datapath_module/alu_module/mul_44_34_g24124                A ^ -> Y v    NAND2X2    0.079   3.500    3.627  
      datapath_module/alu_module/mul_44_34_g24109                -             NAND2X2    0.000   3.500    3.627  
      datapath_module/alu_module/mul_44_34_g24109                B v -> Y ^    NAND2X2    0.064   3.563    3.691  
      datapath_module/alu_module/mul_44_34_g24097                -             NOR2BX2    0.000   3.563    3.691  
      datapath_module/alu_module/mul_44_34_g24097                B ^ -> Y v    NOR2BX2    0.045   3.608    3.736  
      datapath_module/alu_module/mul_44_34_g24092                -             NAND2BX2   0.000   3.608    3.736  
      datapath_module/alu_module/mul_44_34_g24092                B v -> Y ^    NAND2BX2   0.043   3.651    3.778  
      datapath_module/alu_module/mul_44_34_g24064                -             NAND2X2    0.000   3.651    3.778  
      datapath_module/alu_module/mul_44_34_g24064                B ^ -> Y v    NAND2X2    0.076   3.726    3.854  
      datapath_module/alu_module/mul_44_34_g23987                -             NAND2BX2   0.000   3.726    3.854  
      datapath_module/alu_module/mul_44_34_g23987                B v -> Y ^    NAND2BX2   0.063   3.789    3.917  
      datapath_module/alu_module/mul_44_34_g23977                -             NAND2XL    0.000   3.789    3.917  
      datapath_module/alu_module/mul_44_34_g23977                B ^ -> Y v    NAND2XL    0.153   3.942    4.070  
      datapath_module/alu_module/mul_44_34_g23976                -             CLKINVX1   0.000   3.942    4.070  
      datapath_module/alu_module/mul_44_34_g23976                A v -> Y ^    CLKINVX1   0.090   4.032    4.160  
      datapath_module/alu_module/mul_44_34_g23952                -             MXI2XL     0.000   4.032    4.160  
      datapath_module/alu_module/mul_44_34_g23952                B ^ -> Y v    MXI2XL     0.086   4.118    4.246  
      datapath_module/alu_module/g7121                           -             OAI2BB1X1  0.000   4.118    4.246  
      datapath_module/alu_module/g7121                           A1N v -> Y v  OAI2BB1X1  0.645   4.762    4.890  
      datapath_module/reg_file_module/reg_memory_reg[14][20]982  -             SDFFQX1    0.000   4.762    4.890  
      -------------------------------------------------------------------------------------------------------------
Path 28: MET Setup Check with Pin datapath_module/reg_file_module/reg_memory_reg[13][20]918/CK 
Endpoint:   datapath_module/reg_file_module/reg_memory_reg[13][20]918/D (v) checked with  leading edge of 'clock'
Beginpoint: IFU_module/PC_reg[3]/Q                                      (^) triggered by  leading edge of 'clock'
Path Groups: {clock}
Retime Analysis { Data Path-Slew }
Other End Arrival Time          0.000
- Setup                         0.210
+ Phase Shift                   7.100
- Uncertainty                   2.000
= Required Time                 4.890
- Arrival Time                  4.762
= Slack Time                    0.128
= Slack Time(original)          0.063
     Clock Rise Edge                 0.000
     + Clock Network Latency (Ideal) 0.000
     = Beginpoint Arrival Time       0.000
      -------------------------------------------------------------------------------------------------------------
      Instance                                                   Arc           Cell       Retime  Arrival  Required  
                                                                                          Delay   Time     Time  
      -------------------------------------------------------------------------------------------------------------
      IFU_module/PC_reg[3]                                       CK ^          -          -       0.000    0.128  
      IFU_module/PC_reg[3]                                       CK ^ -> Q ^   SDFFRHQX4  0.624   0.624    0.752  
      IFU_module/instr_mem/g733                                  -             CLKINVX3   0.000   0.624    0.752  
      IFU_module/instr_mem/g733                                  A ^ -> Y v    CLKINVX3   0.060   0.684    0.812  
      IFU_module/instr_mem/g712                                  -             OAI21X4    0.000   0.684    0.812  
      IFU_module/instr_mem/g712                                  B0 v -> Y ^   OAI21X4    0.060   0.744    0.872  
      IFU_module/instr_mem/g702                                  -             NAND2X6    0.000   0.744    0.872  
      IFU_module/instr_mem/g702                                  B ^ -> Y v    NAND2X6    0.077   0.821    0.949  
      datapath_module/reg_file_module/g38902                     -             CLKINVX3   0.000   0.821    0.949  
      datapath_module/reg_file_module/g38902                     A v -> Y ^    CLKINVX3   0.057   0.878    1.006  
      datapath_module/reg_file_module/g38901                     -             CLKINVX2   0.000   0.878    1.006  
      datapath_module/reg_file_module/g38901                     A ^ -> Y v    CLKINVX2   0.048   0.926    1.054  
      datapath_module/reg_file_module/g38912                     -             NAND2BX2   0.000   0.926    1.054  
      datapath_module/reg_file_module/g38912                     B v -> Y ^    NAND2BX2   0.058   0.984    1.112  
      datapath_module/reg_file_module/g38872                     -             CLKINVX2   0.000   0.984    1.112  
      datapath_module/reg_file_module/g38872                     A ^ -> Y v    CLKINVX2   0.046   1.029    1.157  
      datapath_module/reg_file_module/g38870                     -             CLKINVX1   0.000   1.029    1.157  
      datapath_module/reg_file_module/g38870                     A v -> Y ^    CLKINVX1   0.072   1.101    1.229  
      datapath_module/reg_file_module/g37965                     -             OAI21X1    0.000   1.101    1.229  
      datapath_module/reg_file_module/g37965                     A0 ^ -> Y v   OAI21X1    0.106   1.207    1.335  
      datapath_module/reg_file_module/g37899                     -             AOI211X2   0.000   1.207    1.335  
      datapath_module/reg_file_module/g37899                     B0 v -> Y ^   AOI211X2   0.145   1.352    1.480  
      datapath_module/reg_file_module/g37893                     -             NAND2X2    0.000   1.352    1.480  
      datapath_module/reg_file_module/g37893                     B ^ -> Y v    NAND2X2    0.097   1.449    1.577  
      datapath_module/alu_module/mul_44_34_g25345                -             BUFX3      0.000   1.449    1.577  
      datapath_module/alu_module/mul_44_34_g25345                A v -> Y v    BUFX3      0.182   1.631    1.759  
      datapath_module/alu_module/g25570                          -             AO22X4     0.000   1.631    1.759  
      datapath_module/alu_module/g25570                          B1 v -> Y v   AO22X4     0.301   1.932    2.059  
      datapath_module/alu_module/mul_44_34_g24579                -             AOI22X2    0.000   1.932    2.059  
      datapath_module/alu_module/mul_44_34_g24579                B1 v -> Y ^   AOI22X2    0.128   2.060    2.188  
      datapath_module/alu_module/mul_44_34_g24306                -             ADDFHX1    0.000   2.060    2.188  
      datapath_module/alu_module/mul_44_34_g24306                A ^ -> CO ^   ADDFHX1    0.237   2.297    2.425  
      datapath_module/alu_module/mul_44_34_g24277                -             ADDFHXL    0.000   2.297    2.425  
      datapath_module/alu_module/mul_44_34_g24277                CI ^ -> S v   ADDFHXL    0.324   2.621    2.749  
      datapath_module/alu_module/mul_44_34_g24238                -             ADDFHXL    0.000   2.621    2.749  
      datapath_module/alu_module/mul_44_34_g24238                CI v -> S ^   ADDFHXL    0.352   2.974    3.101  
      datapath_module/alu_module/mul_44_34_g24225                -             NAND2X1    0.000   2.974    3.101  
      datapath_module/alu_module/mul_44_34_g24225                B ^ -> Y v    NAND2X1    0.113   3.087    3.215  
      datapath_module/alu_module/mul_44_34_g24203                -             AOI21X1    0.000   3.087    3.215  
      datapath_module/alu_module/mul_44_34_g24203                A1 v -> Y ^   AOI21X1    0.133   3.220    3.348  
      datapath_module/alu_module/mul_44_34_g24176                -             OAI21X1    0.000   3.220    3.348  
      datapath_module/alu_module/mul_44_34_g24176                A1 ^ -> Y v   OAI21X1    0.105   3.326    3.453  
      datapath_module/alu_module/mul_44_34_g24153                -             AOI21X2    0.000   3.326    3.453  
      datapath_module/alu_module/mul_44_34_g24153                A1 v -> Y ^   AOI21X2    0.095   3.420    3.548  
      datapath_module/alu_module/mul_44_34_g24124                -             NAND2X2    0.000   3.420    3.548  
      datapath_module/alu_module/mul_44_34_g24124                A ^ -> Y v    NAND2X2    0.079   3.500    3.627  
      datapath_module/alu_module/mul_44_34_g24109                -             NAND2X2    0.000   3.500    3.627  
      datapath_module/alu_module/mul_44_34_g24109                B v -> Y ^    NAND2X2    0.064   3.563    3.691  
      datapath_module/alu_module/mul_44_34_g24097                -             NOR2BX2    0.000   3.563    3.691  
      datapath_module/alu_module/mul_44_34_g24097                B ^ -> Y v    NOR2BX2    0.045   3.608    3.736  
      datapath_module/alu_module/mul_44_34_g24092                -             NAND2BX2   0.000   3.608    3.736  
      datapath_module/alu_module/mul_44_34_g24092                B v -> Y ^    NAND2BX2   0.043   3.651    3.778  
      datapath_module/alu_module/mul_44_34_g24064                -             NAND2X2    0.000   3.651    3.778  
      datapath_module/alu_module/mul_44_34_g24064                B ^ -> Y v    NAND2X2    0.076   3.726    3.854  
      datapath_module/alu_module/mul_44_34_g23987                -             NAND2BX2   0.000   3.726    3.854  
      datapath_module/alu_module/mul_44_34_g23987                B v -> Y ^    NAND2BX2   0.063   3.789    3.917  
      datapath_module/alu_module/mul_44_34_g23977                -             NAND2XL    0.000   3.789    3.917  
      datapath_module/alu_module/mul_44_34_g23977                B ^ -> Y v    NAND2XL    0.153   3.942    4.070  
      datapath_module/alu_module/mul_44_34_g23976                -             CLKINVX1   0.000   3.942    4.070  
      datapath_module/alu_module/mul_44_34_g23976                A v -> Y ^    CLKINVX1   0.090   4.032    4.160  
      datapath_module/alu_module/mul_44_34_g23952                -             MXI2XL     0.000   4.032    4.160  
      datapath_module/alu_module/mul_44_34_g23952                B ^ -> Y v    MXI2XL     0.086   4.118    4.246  
      datapath_module/alu_module/g7121                           -             OAI2BB1X1  0.000   4.118    4.246  
      datapath_module/alu_module/g7121                           A1N v -> Y v  OAI2BB1X1  0.645   4.762    4.890  
      datapath_module/reg_file_module/reg_memory_reg[13][20]918  -             SDFFQX1    0.000   4.762    4.890  
      -------------------------------------------------------------------------------------------------------------
Path 29: MET Setup Check with Pin datapath_module/reg_file_module/reg_memory_reg[12][20]854/CK 
Endpoint:   datapath_module/reg_file_module/reg_memory_reg[12][20]854/D (v) checked with  leading edge of 'clock'
Beginpoint: IFU_module/PC_reg[3]/Q                                      (^) triggered by  leading edge of 'clock'
Path Groups: {clock}
Retime Analysis { Data Path-Slew }
Other End Arrival Time          0.000
- Setup                         0.210
+ Phase Shift                   7.100
- Uncertainty                   2.000
= Required Time                 4.890
- Arrival Time                  4.762
= Slack Time                    0.128
= Slack Time(original)          0.063
     Clock Rise Edge                 0.000
     + Clock Network Latency (Ideal) 0.000
     = Beginpoint Arrival Time       0.000
      -------------------------------------------------------------------------------------------------------------
      Instance                                                   Arc           Cell       Retime  Arrival  Required  
                                                                                          Delay   Time     Time  
      -------------------------------------------------------------------------------------------------------------
      IFU_module/PC_reg[3]                                       CK ^          -          -       0.000    0.128  
      IFU_module/PC_reg[3]                                       CK ^ -> Q ^   SDFFRHQX4  0.624   0.624    0.752  
      IFU_module/instr_mem/g733                                  -             CLKINVX3   0.000   0.624    0.752  
      IFU_module/instr_mem/g733                                  A ^ -> Y v    CLKINVX3   0.060   0.684    0.812  
      IFU_module/instr_mem/g712                                  -             OAI21X4    0.000   0.684    0.812  
      IFU_module/instr_mem/g712                                  B0 v -> Y ^   OAI21X4    0.060   0.744    0.872  
      IFU_module/instr_mem/g702                                  -             NAND2X6    0.000   0.744    0.872  
      IFU_module/instr_mem/g702                                  B ^ -> Y v    NAND2X6    0.077   0.821    0.949  
      datapath_module/reg_file_module/g38902                     -             CLKINVX3   0.000   0.821    0.949  
      datapath_module/reg_file_module/g38902                     A v -> Y ^    CLKINVX3   0.057   0.878    1.006  
      datapath_module/reg_file_module/g38901                     -             CLKINVX2   0.000   0.878    1.006  
      datapath_module/reg_file_module/g38901                     A ^ -> Y v    CLKINVX2   0.048   0.926    1.054  
      datapath_module/reg_file_module/g38912                     -             NAND2BX2   0.000   0.926    1.054  
      datapath_module/reg_file_module/g38912                     B v -> Y ^    NAND2BX2   0.058   0.984    1.112  
      datapath_module/reg_file_module/g38872                     -             CLKINVX2   0.000   0.984    1.112  
      datapath_module/reg_file_module/g38872                     A ^ -> Y v    CLKINVX2   0.046   1.029    1.157  
      datapath_module/reg_file_module/g38870                     -             CLKINVX1   0.000   1.029    1.157  
      datapath_module/reg_file_module/g38870                     A v -> Y ^    CLKINVX1   0.072   1.101    1.229  
      datapath_module/reg_file_module/g37965                     -             OAI21X1    0.000   1.101    1.229  
      datapath_module/reg_file_module/g37965                     A0 ^ -> Y v   OAI21X1    0.106   1.207    1.335  
      datapath_module/reg_file_module/g37899                     -             AOI211X2   0.000   1.207    1.335  
      datapath_module/reg_file_module/g37899                     B0 v -> Y ^   AOI211X2   0.145   1.352    1.480  
      datapath_module/reg_file_module/g37893                     -             NAND2X2    0.000   1.352    1.480  
      datapath_module/reg_file_module/g37893                     B ^ -> Y v    NAND2X2    0.097   1.449    1.577  
      datapath_module/alu_module/mul_44_34_g25345                -             BUFX3      0.000   1.449    1.577  
      datapath_module/alu_module/mul_44_34_g25345                A v -> Y v    BUFX3      0.182   1.631    1.759  
      datapath_module/alu_module/g25570                          -             AO22X4     0.000   1.631    1.759  
      datapath_module/alu_module/g25570                          B1 v -> Y v   AO22X4     0.301   1.932    2.059  
      datapath_module/alu_module/mul_44_34_g24579                -             AOI22X2    0.000   1.932    2.059  
      datapath_module/alu_module/mul_44_34_g24579                B1 v -> Y ^   AOI22X2    0.128   2.060    2.188  
      datapath_module/alu_module/mul_44_34_g24306                -             ADDFHX1    0.000   2.060    2.188  
      datapath_module/alu_module/mul_44_34_g24306                A ^ -> CO ^   ADDFHX1    0.237   2.297    2.425  
      datapath_module/alu_module/mul_44_34_g24277                -             ADDFHXL    0.000   2.297    2.425  
      datapath_module/alu_module/mul_44_34_g24277                CI ^ -> S v   ADDFHXL    0.324   2.621    2.749  
      datapath_module/alu_module/mul_44_34_g24238                -             ADDFHXL    0.000   2.621    2.749  
      datapath_module/alu_module/mul_44_34_g24238                CI v -> S ^   ADDFHXL    0.352   2.974    3.101  
      datapath_module/alu_module/mul_44_34_g24225                -             NAND2X1    0.000   2.974    3.101  
      datapath_module/alu_module/mul_44_34_g24225                B ^ -> Y v    NAND2X1    0.113   3.087    3.215  
      datapath_module/alu_module/mul_44_34_g24203                -             AOI21X1    0.000   3.087    3.215  
      datapath_module/alu_module/mul_44_34_g24203                A1 v -> Y ^   AOI21X1    0.133   3.220    3.348  
      datapath_module/alu_module/mul_44_34_g24176                -             OAI21X1    0.000   3.220    3.348  
      datapath_module/alu_module/mul_44_34_g24176                A1 ^ -> Y v   OAI21X1    0.105   3.326    3.453  
      datapath_module/alu_module/mul_44_34_g24153                -             AOI21X2    0.000   3.326    3.453  
      datapath_module/alu_module/mul_44_34_g24153                A1 v -> Y ^   AOI21X2    0.095   3.420    3.548  
      datapath_module/alu_module/mul_44_34_g24124                -             NAND2X2    0.000   3.420    3.548  
      datapath_module/alu_module/mul_44_34_g24124                A ^ -> Y v    NAND2X2    0.079   3.500    3.627  
      datapath_module/alu_module/mul_44_34_g24109                -             NAND2X2    0.000   3.500    3.627  
      datapath_module/alu_module/mul_44_34_g24109                B v -> Y ^    NAND2X2    0.064   3.563    3.691  
      datapath_module/alu_module/mul_44_34_g24097                -             NOR2BX2    0.000   3.563    3.691  
      datapath_module/alu_module/mul_44_34_g24097                B ^ -> Y v    NOR2BX2    0.045   3.608    3.736  
      datapath_module/alu_module/mul_44_34_g24092                -             NAND2BX2   0.000   3.608    3.736  
      datapath_module/alu_module/mul_44_34_g24092                B v -> Y ^    NAND2BX2   0.043   3.651    3.778  
      datapath_module/alu_module/mul_44_34_g24064                -             NAND2X2    0.000   3.651    3.778  
      datapath_module/alu_module/mul_44_34_g24064                B ^ -> Y v    NAND2X2    0.076   3.726    3.854  
      datapath_module/alu_module/mul_44_34_g23987                -             NAND2BX2   0.000   3.726    3.854  
      datapath_module/alu_module/mul_44_34_g23987                B v -> Y ^    NAND2BX2   0.063   3.789    3.917  
      datapath_module/alu_module/mul_44_34_g23977                -             NAND2XL    0.000   3.789    3.917  
      datapath_module/alu_module/mul_44_34_g23977                B ^ -> Y v    NAND2XL    0.153   3.942    4.070  
      datapath_module/alu_module/mul_44_34_g23976                -             CLKINVX1   0.000   3.942    4.070  
      datapath_module/alu_module/mul_44_34_g23976                A v -> Y ^    CLKINVX1   0.090   4.032    4.160  
      datapath_module/alu_module/mul_44_34_g23952                -             MXI2XL     0.000   4.032    4.160  
      datapath_module/alu_module/mul_44_34_g23952                B ^ -> Y v    MXI2XL     0.086   4.118    4.246  
      datapath_module/alu_module/g7121                           -             OAI2BB1X1  0.000   4.118    4.246  
      datapath_module/alu_module/g7121                           A1N v -> Y v  OAI2BB1X1  0.645   4.762    4.890  
      datapath_module/reg_file_module/reg_memory_reg[12][20]854  -             SDFFQX1    0.000   4.762    4.890  
      -------------------------------------------------------------------------------------------------------------
Path 30: MET Setup Check with Pin datapath_module/reg_file_module/reg_memory_reg[11][20]790/CK 
Endpoint:   datapath_module/reg_file_module/reg_memory_reg[11][20]790/D (v) checked with  leading edge of 'clock'
Beginpoint: IFU_module/PC_reg[3]/Q                                      (^) triggered by  leading edge of 'clock'
Path Groups: {clock}
Retime Analysis { Data Path-Slew }
Other End Arrival Time          0.000
- Setup                         0.210
+ Phase Shift                   7.100
- Uncertainty                   2.000
= Required Time                 4.890
- Arrival Time                  4.762
= Slack Time                    0.128
= Slack Time(original)          0.063
     Clock Rise Edge                 0.000
     + Clock Network Latency (Ideal) 0.000
     = Beginpoint Arrival Time       0.000
      -------------------------------------------------------------------------------------------------------------
      Instance                                                   Arc           Cell       Retime  Arrival  Required  
                                                                                          Delay   Time     Time  
      -------------------------------------------------------------------------------------------------------------
      IFU_module/PC_reg[3]                                       CK ^          -          -       0.000    0.128  
      IFU_module/PC_reg[3]                                       CK ^ -> Q ^   SDFFRHQX4  0.624   0.624    0.752  
      IFU_module/instr_mem/g733                                  -             CLKINVX3   0.000   0.624    0.752  
      IFU_module/instr_mem/g733                                  A ^ -> Y v    CLKINVX3   0.060   0.684    0.812  
      IFU_module/instr_mem/g712                                  -             OAI21X4    0.000   0.684    0.812  
      IFU_module/instr_mem/g712                                  B0 v -> Y ^   OAI21X4    0.060   0.744    0.872  
      IFU_module/instr_mem/g702                                  -             NAND2X6    0.000   0.744    0.872  
      IFU_module/instr_mem/g702                                  B ^ -> Y v    NAND2X6    0.077   0.821    0.949  
      datapath_module/reg_file_module/g38902                     -             CLKINVX3   0.000   0.821    0.949  
      datapath_module/reg_file_module/g38902                     A v -> Y ^    CLKINVX3   0.057   0.878    1.006  
      datapath_module/reg_file_module/g38901                     -             CLKINVX2   0.000   0.878    1.006  
      datapath_module/reg_file_module/g38901                     A ^ -> Y v    CLKINVX2   0.048   0.926    1.054  
      datapath_module/reg_file_module/g38912                     -             NAND2BX2   0.000   0.926    1.054  
      datapath_module/reg_file_module/g38912                     B v -> Y ^    NAND2BX2   0.058   0.984    1.112  
      datapath_module/reg_file_module/g38872                     -             CLKINVX2   0.000   0.984    1.112  
      datapath_module/reg_file_module/g38872                     A ^ -> Y v    CLKINVX2   0.046   1.029    1.157  
      datapath_module/reg_file_module/g38870                     -             CLKINVX1   0.000   1.029    1.157  
      datapath_module/reg_file_module/g38870                     A v -> Y ^    CLKINVX1   0.072   1.101    1.229  
      datapath_module/reg_file_module/g37965                     -             OAI21X1    0.000   1.101    1.229  
      datapath_module/reg_file_module/g37965                     A0 ^ -> Y v   OAI21X1    0.106   1.207    1.335  
      datapath_module/reg_file_module/g37899                     -             AOI211X2   0.000   1.207    1.335  
      datapath_module/reg_file_module/g37899                     B0 v -> Y ^   AOI211X2   0.145   1.352    1.480  
      datapath_module/reg_file_module/g37893                     -             NAND2X2    0.000   1.352    1.480  
      datapath_module/reg_file_module/g37893                     B ^ -> Y v    NAND2X2    0.097   1.449    1.577  
      datapath_module/alu_module/mul_44_34_g25345                -             BUFX3      0.000   1.449    1.577  
      datapath_module/alu_module/mul_44_34_g25345                A v -> Y v    BUFX3      0.182   1.631    1.759  
      datapath_module/alu_module/g25570                          -             AO22X4     0.000   1.631    1.759  
      datapath_module/alu_module/g25570                          B1 v -> Y v   AO22X4     0.301   1.932    2.059  
      datapath_module/alu_module/mul_44_34_g24579                -             AOI22X2    0.000   1.932    2.059  
      datapath_module/alu_module/mul_44_34_g24579                B1 v -> Y ^   AOI22X2    0.128   2.060    2.188  
      datapath_module/alu_module/mul_44_34_g24306                -             ADDFHX1    0.000   2.060    2.188  
      datapath_module/alu_module/mul_44_34_g24306                A ^ -> CO ^   ADDFHX1    0.237   2.297    2.425  
      datapath_module/alu_module/mul_44_34_g24277                -             ADDFHXL    0.000   2.297    2.425  
      datapath_module/alu_module/mul_44_34_g24277                CI ^ -> S v   ADDFHXL    0.324   2.621    2.749  
      datapath_module/alu_module/mul_44_34_g24238                -             ADDFHXL    0.000   2.621    2.749  
      datapath_module/alu_module/mul_44_34_g24238                CI v -> S ^   ADDFHXL    0.352   2.974    3.101  
      datapath_module/alu_module/mul_44_34_g24225                -             NAND2X1    0.000   2.974    3.101  
      datapath_module/alu_module/mul_44_34_g24225                B ^ -> Y v    NAND2X1    0.113   3.087    3.215  
      datapath_module/alu_module/mul_44_34_g24203                -             AOI21X1    0.000   3.087    3.215  
      datapath_module/alu_module/mul_44_34_g24203                A1 v -> Y ^   AOI21X1    0.133   3.220    3.348  
      datapath_module/alu_module/mul_44_34_g24176                -             OAI21X1    0.000   3.220    3.348  
      datapath_module/alu_module/mul_44_34_g24176                A1 ^ -> Y v   OAI21X1    0.105   3.326    3.453  
      datapath_module/alu_module/mul_44_34_g24153                -             AOI21X2    0.000   3.326    3.453  
      datapath_module/alu_module/mul_44_34_g24153                A1 v -> Y ^   AOI21X2    0.095   3.420    3.548  
      datapath_module/alu_module/mul_44_34_g24124                -             NAND2X2    0.000   3.420    3.548  
      datapath_module/alu_module/mul_44_34_g24124                A ^ -> Y v    NAND2X2    0.079   3.500    3.627  
      datapath_module/alu_module/mul_44_34_g24109                -             NAND2X2    0.000   3.500    3.627  
      datapath_module/alu_module/mul_44_34_g24109                B v -> Y ^    NAND2X2    0.064   3.563    3.691  
      datapath_module/alu_module/mul_44_34_g24097                -             NOR2BX2    0.000   3.563    3.691  
      datapath_module/alu_module/mul_44_34_g24097                B ^ -> Y v    NOR2BX2    0.045   3.608    3.736  
      datapath_module/alu_module/mul_44_34_g24092                -             NAND2BX2   0.000   3.608    3.736  
      datapath_module/alu_module/mul_44_34_g24092                B v -> Y ^    NAND2BX2   0.043   3.651    3.778  
      datapath_module/alu_module/mul_44_34_g24064                -             NAND2X2    0.000   3.651    3.778  
      datapath_module/alu_module/mul_44_34_g24064                B ^ -> Y v    NAND2X2    0.076   3.726    3.854  
      datapath_module/alu_module/mul_44_34_g23987                -             NAND2BX2   0.000   3.726    3.854  
      datapath_module/alu_module/mul_44_34_g23987                B v -> Y ^    NAND2BX2   0.063   3.789    3.917  
      datapath_module/alu_module/mul_44_34_g23977                -             NAND2XL    0.000   3.789    3.917  
      datapath_module/alu_module/mul_44_34_g23977                B ^ -> Y v    NAND2XL    0.153   3.942    4.070  
      datapath_module/alu_module/mul_44_34_g23976                -             CLKINVX1   0.000   3.942    4.070  
      datapath_module/alu_module/mul_44_34_g23976                A v -> Y ^    CLKINVX1   0.090   4.032    4.160  
      datapath_module/alu_module/mul_44_34_g23952                -             MXI2XL     0.000   4.032    4.160  
      datapath_module/alu_module/mul_44_34_g23952                B ^ -> Y v    MXI2XL     0.086   4.118    4.246  
      datapath_module/alu_module/g7121                           -             OAI2BB1X1  0.000   4.118    4.246  
      datapath_module/alu_module/g7121                           A1N v -> Y v  OAI2BB1X1  0.645   4.762    4.890  
      datapath_module/reg_file_module/reg_memory_reg[11][20]790  -             SDFFQX1    0.000   4.762    4.890  
      -------------------------------------------------------------------------------------------------------------
Path 31: MET Setup Check with Pin datapath_module/reg_file_module/reg_memory_reg[10][20]726/CK 
Endpoint:   datapath_module/reg_file_module/reg_memory_reg[10][20]726/D (v) checked with  leading edge of 'clock'
Beginpoint: IFU_module/PC_reg[3]/Q                                      (^) triggered by  leading edge of 'clock'
Path Groups: {clock}
Retime Analysis { Data Path-Slew }
Other End Arrival Time          0.000
- Setup                         0.210
+ Phase Shift                   7.100
- Uncertainty                   2.000
= Required Time                 4.890
- Arrival Time                  4.762
= Slack Time                    0.128
= Slack Time(original)          0.063
     Clock Rise Edge                 0.000
     + Clock Network Latency (Ideal) 0.000
     = Beginpoint Arrival Time       0.000
      -------------------------------------------------------------------------------------------------------------
      Instance                                                   Arc           Cell       Retime  Arrival  Required  
                                                                                          Delay   Time     Time  
      -------------------------------------------------------------------------------------------------------------
      IFU_module/PC_reg[3]                                       CK ^          -          -       0.000    0.128  
      IFU_module/PC_reg[3]                                       CK ^ -> Q ^   SDFFRHQX4  0.624   0.624    0.752  
      IFU_module/instr_mem/g733                                  -             CLKINVX3   0.000   0.624    0.752  
      IFU_module/instr_mem/g733                                  A ^ -> Y v    CLKINVX3   0.060   0.684    0.812  
      IFU_module/instr_mem/g712                                  -             OAI21X4    0.000   0.684    0.812  
      IFU_module/instr_mem/g712                                  B0 v -> Y ^   OAI21X4    0.060   0.744    0.872  
      IFU_module/instr_mem/g702                                  -             NAND2X6    0.000   0.744    0.872  
      IFU_module/instr_mem/g702                                  B ^ -> Y v    NAND2X6    0.077   0.821    0.949  
      datapath_module/reg_file_module/g38902                     -             CLKINVX3   0.000   0.821    0.949  
      datapath_module/reg_file_module/g38902                     A v -> Y ^    CLKINVX3   0.057   0.878    1.006  
      datapath_module/reg_file_module/g38901                     -             CLKINVX2   0.000   0.878    1.006  
      datapath_module/reg_file_module/g38901                     A ^ -> Y v    CLKINVX2   0.048   0.926    1.054  
      datapath_module/reg_file_module/g38912                     -             NAND2BX2   0.000   0.926    1.054  
      datapath_module/reg_file_module/g38912                     B v -> Y ^    NAND2BX2   0.058   0.984    1.112  
      datapath_module/reg_file_module/g38872                     -             CLKINVX2   0.000   0.984    1.112  
      datapath_module/reg_file_module/g38872                     A ^ -> Y v    CLKINVX2   0.046   1.029    1.157  
      datapath_module/reg_file_module/g38870                     -             CLKINVX1   0.000   1.029    1.157  
      datapath_module/reg_file_module/g38870                     A v -> Y ^    CLKINVX1   0.072   1.101    1.229  
      datapath_module/reg_file_module/g37965                     -             OAI21X1    0.000   1.101    1.229  
      datapath_module/reg_file_module/g37965                     A0 ^ -> Y v   OAI21X1    0.106   1.207    1.335  
      datapath_module/reg_file_module/g37899                     -             AOI211X2   0.000   1.207    1.335  
      datapath_module/reg_file_module/g37899                     B0 v -> Y ^   AOI211X2   0.145   1.352    1.480  
      datapath_module/reg_file_module/g37893                     -             NAND2X2    0.000   1.352    1.480  
      datapath_module/reg_file_module/g37893                     B ^ -> Y v    NAND2X2    0.097   1.449    1.577  
      datapath_module/alu_module/mul_44_34_g25345                -             BUFX3      0.000   1.449    1.577  
      datapath_module/alu_module/mul_44_34_g25345                A v -> Y v    BUFX3      0.182   1.631    1.759  
      datapath_module/alu_module/g25570                          -             AO22X4     0.000   1.631    1.759  
      datapath_module/alu_module/g25570                          B1 v -> Y v   AO22X4     0.301   1.932    2.059  
      datapath_module/alu_module/mul_44_34_g24579                -             AOI22X2    0.000   1.932    2.059  
      datapath_module/alu_module/mul_44_34_g24579                B1 v -> Y ^   AOI22X2    0.128   2.060    2.188  
      datapath_module/alu_module/mul_44_34_g24306                -             ADDFHX1    0.000   2.060    2.188  
      datapath_module/alu_module/mul_44_34_g24306                A ^ -> CO ^   ADDFHX1    0.237   2.297    2.425  
      datapath_module/alu_module/mul_44_34_g24277                -             ADDFHXL    0.000   2.297    2.425  
      datapath_module/alu_module/mul_44_34_g24277                CI ^ -> S v   ADDFHXL    0.324   2.621    2.749  
      datapath_module/alu_module/mul_44_34_g24238                -             ADDFHXL    0.000   2.621    2.749  
      datapath_module/alu_module/mul_44_34_g24238                CI v -> S ^   ADDFHXL    0.352   2.974    3.101  
      datapath_module/alu_module/mul_44_34_g24225                -             NAND2X1    0.000   2.974    3.101  
      datapath_module/alu_module/mul_44_34_g24225                B ^ -> Y v    NAND2X1    0.113   3.087    3.215  
      datapath_module/alu_module/mul_44_34_g24203                -             AOI21X1    0.000   3.087    3.215  
      datapath_module/alu_module/mul_44_34_g24203                A1 v -> Y ^   AOI21X1    0.133   3.220    3.348  
      datapath_module/alu_module/mul_44_34_g24176                -             OAI21X1    0.000   3.220    3.348  
      datapath_module/alu_module/mul_44_34_g24176                A1 ^ -> Y v   OAI21X1    0.105   3.326    3.453  
      datapath_module/alu_module/mul_44_34_g24153                -             AOI21X2    0.000   3.326    3.453  
      datapath_module/alu_module/mul_44_34_g24153                A1 v -> Y ^   AOI21X2    0.095   3.420    3.548  
      datapath_module/alu_module/mul_44_34_g24124                -             NAND2X2    0.000   3.420    3.548  
      datapath_module/alu_module/mul_44_34_g24124                A ^ -> Y v    NAND2X2    0.079   3.500    3.627  
      datapath_module/alu_module/mul_44_34_g24109                -             NAND2X2    0.000   3.500    3.627  
      datapath_module/alu_module/mul_44_34_g24109                B v -> Y ^    NAND2X2    0.064   3.563    3.691  
      datapath_module/alu_module/mul_44_34_g24097                -             NOR2BX2    0.000   3.563    3.691  
      datapath_module/alu_module/mul_44_34_g24097                B ^ -> Y v    NOR2BX2    0.045   3.608    3.736  
      datapath_module/alu_module/mul_44_34_g24092                -             NAND2BX2   0.000   3.608    3.736  
      datapath_module/alu_module/mul_44_34_g24092                B v -> Y ^    NAND2BX2   0.043   3.651    3.778  
      datapath_module/alu_module/mul_44_34_g24064                -             NAND2X2    0.000   3.651    3.778  
      datapath_module/alu_module/mul_44_34_g24064                B ^ -> Y v    NAND2X2    0.076   3.726    3.854  
      datapath_module/alu_module/mul_44_34_g23987                -             NAND2BX2   0.000   3.726    3.854  
      datapath_module/alu_module/mul_44_34_g23987                B v -> Y ^    NAND2BX2   0.063   3.789    3.917  
      datapath_module/alu_module/mul_44_34_g23977                -             NAND2XL    0.000   3.789    3.917  
      datapath_module/alu_module/mul_44_34_g23977                B ^ -> Y v    NAND2XL    0.153   3.942    4.070  
      datapath_module/alu_module/mul_44_34_g23976                -             CLKINVX1   0.000   3.942    4.070  
      datapath_module/alu_module/mul_44_34_g23976                A v -> Y ^    CLKINVX1   0.090   4.032    4.160  
      datapath_module/alu_module/mul_44_34_g23952                -             MXI2XL     0.000   4.032    4.160  
      datapath_module/alu_module/mul_44_34_g23952                B ^ -> Y v    MXI2XL     0.086   4.118    4.246  
      datapath_module/alu_module/g7121                           -             OAI2BB1X1  0.000   4.118    4.246  
      datapath_module/alu_module/g7121                           A1N v -> Y v  OAI2BB1X1  0.645   4.762    4.890  
      datapath_module/reg_file_module/reg_memory_reg[10][20]726  -             SDFFQX1    0.000   4.762    4.890  
      -------------------------------------------------------------------------------------------------------------
Path 32: MET Setup Check with Pin datapath_module/reg_file_module/reg_memory_reg[0][20]118/CK 
Endpoint:   datapath_module/reg_file_module/reg_memory_reg[0][20]118/D (v) checked with  leading edge of 'clock'
Beginpoint: IFU_module/PC_reg[3]/Q                                     (^) triggered by  leading edge of 'clock'
Path Groups: {clock}
Retime Analysis { Data Path-Slew }
Other End Arrival Time          0.000
- Setup                         0.210
+ Phase Shift                   7.100
- Uncertainty                   2.000
= Required Time                 4.890
- Arrival Time                  4.762
= Slack Time                    0.128
= Slack Time(original)          0.063
     Clock Rise Edge                 0.000
     + Clock Network Latency (Ideal) 0.000
     = Beginpoint Arrival Time       0.000
      ------------------------------------------------------------------------------------------------------------
      Instance                                                  Arc           Cell       Retime  Arrival  Required  
                                                                                         Delay   Time     Time  
      ------------------------------------------------------------------------------------------------------------
      IFU_module/PC_reg[3]                                      CK ^          -          -       0.000    0.128  
      IFU_module/PC_reg[3]                                      CK ^ -> Q ^   SDFFRHQX4  0.624   0.624    0.752  
      IFU_module/instr_mem/g733                                 -             CLKINVX3   0.000   0.624    0.752  
      IFU_module/instr_mem/g733                                 A ^ -> Y v    CLKINVX3   0.060   0.684    0.812  
      IFU_module/instr_mem/g712                                 -             OAI21X4    0.000   0.684    0.812  
      IFU_module/instr_mem/g712                                 B0 v -> Y ^   OAI21X4    0.060   0.744    0.872  
      IFU_module/instr_mem/g702                                 -             NAND2X6    0.000   0.744    0.872  
      IFU_module/instr_mem/g702                                 B ^ -> Y v    NAND2X6    0.077   0.821    0.949  
      datapath_module/reg_file_module/g38902                    -             CLKINVX3   0.000   0.821    0.949  
      datapath_module/reg_file_module/g38902                    A v -> Y ^    CLKINVX3   0.057   0.878    1.006  
      datapath_module/reg_file_module/g38901                    -             CLKINVX2   0.000   0.878    1.006  
      datapath_module/reg_file_module/g38901                    A ^ -> Y v    CLKINVX2   0.048   0.926    1.054  
      datapath_module/reg_file_module/g38912                    -             NAND2BX2   0.000   0.926    1.054  
      datapath_module/reg_file_module/g38912                    B v -> Y ^    NAND2BX2   0.058   0.984    1.112  
      datapath_module/reg_file_module/g38872                    -             CLKINVX2   0.000   0.984    1.112  
      datapath_module/reg_file_module/g38872                    A ^ -> Y v    CLKINVX2   0.046   1.029    1.157  
      datapath_module/reg_file_module/g38870                    -             CLKINVX1   0.000   1.029    1.157  
      datapath_module/reg_file_module/g38870                    A v -> Y ^    CLKINVX1   0.072   1.101    1.229  
      datapath_module/reg_file_module/g37965                    -             OAI21X1    0.000   1.101    1.229  
      datapath_module/reg_file_module/g37965                    A0 ^ -> Y v   OAI21X1    0.106   1.207    1.335  
      datapath_module/reg_file_module/g37899                    -             AOI211X2   0.000   1.207    1.335  
      datapath_module/reg_file_module/g37899                    B0 v -> Y ^   AOI211X2   0.145   1.352    1.480  
      datapath_module/reg_file_module/g37893                    -             NAND2X2    0.000   1.352    1.480  
      datapath_module/reg_file_module/g37893                    B ^ -> Y v    NAND2X2    0.097   1.449    1.577  
      datapath_module/alu_module/mul_44_34_g25345               -             BUFX3      0.000   1.449    1.577  
      datapath_module/alu_module/mul_44_34_g25345               A v -> Y v    BUFX3      0.182   1.631    1.759  
      datapath_module/alu_module/g25570                         -             AO22X4     0.000   1.631    1.759  
      datapath_module/alu_module/g25570                         B1 v -> Y v   AO22X4     0.301   1.932    2.059  
      datapath_module/alu_module/mul_44_34_g24579               -             AOI22X2    0.000   1.932    2.059  
      datapath_module/alu_module/mul_44_34_g24579               B1 v -> Y ^   AOI22X2    0.128   2.060    2.188  
      datapath_module/alu_module/mul_44_34_g24306               -             ADDFHX1    0.000   2.060    2.188  
      datapath_module/alu_module/mul_44_34_g24306               A ^ -> CO ^   ADDFHX1    0.237   2.297    2.425  
      datapath_module/alu_module/mul_44_34_g24277               -             ADDFHXL    0.000   2.297    2.425  
      datapath_module/alu_module/mul_44_34_g24277               CI ^ -> S v   ADDFHXL    0.324   2.621    2.749  
      datapath_module/alu_module/mul_44_34_g24238               -             ADDFHXL    0.000   2.621    2.749  
      datapath_module/alu_module/mul_44_34_g24238               CI v -> S ^   ADDFHXL    0.352   2.974    3.101  
      datapath_module/alu_module/mul_44_34_g24225               -             NAND2X1    0.000   2.974    3.101  
      datapath_module/alu_module/mul_44_34_g24225               B ^ -> Y v    NAND2X1    0.113   3.087    3.215  
      datapath_module/alu_module/mul_44_34_g24203               -             AOI21X1    0.000   3.087    3.215  
      datapath_module/alu_module/mul_44_34_g24203               A1 v -> Y ^   AOI21X1    0.133   3.220    3.348  
      datapath_module/alu_module/mul_44_34_g24176               -             OAI21X1    0.000   3.220    3.348  
      datapath_module/alu_module/mul_44_34_g24176               A1 ^ -> Y v   OAI21X1    0.105   3.326    3.453  
      datapath_module/alu_module/mul_44_34_g24153               -             AOI21X2    0.000   3.326    3.453  
      datapath_module/alu_module/mul_44_34_g24153               A1 v -> Y ^   AOI21X2    0.095   3.420    3.548  
      datapath_module/alu_module/mul_44_34_g24124               -             NAND2X2    0.000   3.420    3.548  
      datapath_module/alu_module/mul_44_34_g24124               A ^ -> Y v    NAND2X2    0.079   3.500    3.627  
      datapath_module/alu_module/mul_44_34_g24109               -             NAND2X2    0.000   3.500    3.627  
      datapath_module/alu_module/mul_44_34_g24109               B v -> Y ^    NAND2X2    0.064   3.563    3.691  
      datapath_module/alu_module/mul_44_34_g24097               -             NOR2BX2    0.000   3.563    3.691  
      datapath_module/alu_module/mul_44_34_g24097               B ^ -> Y v    NOR2BX2    0.045   3.608    3.736  
      datapath_module/alu_module/mul_44_34_g24092               -             NAND2BX2   0.000   3.608    3.736  
      datapath_module/alu_module/mul_44_34_g24092               B v -> Y ^    NAND2BX2   0.043   3.651    3.778  
      datapath_module/alu_module/mul_44_34_g24064               -             NAND2X2    0.000   3.651    3.778  
      datapath_module/alu_module/mul_44_34_g24064               B ^ -> Y v    NAND2X2    0.076   3.726    3.854  
      datapath_module/alu_module/mul_44_34_g23987               -             NAND2BX2   0.000   3.726    3.854  
      datapath_module/alu_module/mul_44_34_g23987               B v -> Y ^    NAND2BX2   0.063   3.789    3.917  
      datapath_module/alu_module/mul_44_34_g23977               -             NAND2XL    0.000   3.789    3.917  
      datapath_module/alu_module/mul_44_34_g23977               B ^ -> Y v    NAND2XL    0.153   3.942    4.070  
      datapath_module/alu_module/mul_44_34_g23976               -             CLKINVX1   0.000   3.942    4.070  
      datapath_module/alu_module/mul_44_34_g23976               A v -> Y ^    CLKINVX1   0.090   4.032    4.160  
      datapath_module/alu_module/mul_44_34_g23952               -             MXI2XL     0.000   4.032    4.160  
      datapath_module/alu_module/mul_44_34_g23952               B ^ -> Y v    MXI2XL     0.086   4.118    4.246  
      datapath_module/alu_module/g7121                          -             OAI2BB1X1  0.000   4.118    4.246  
      datapath_module/alu_module/g7121                          A1N v -> Y v  OAI2BB1X1  0.645   4.762    4.890  
      datapath_module/reg_file_module/reg_memory_reg[0][20]118  -             SDFFQX1    0.000   4.762    4.890  
      ------------------------------------------------------------------------------------------------------------
Path 33: MET Setup Check with Pin datapath_module/reg_file_module/reg_memory_reg[31][30]2080/CK 
Endpoint:   datapath_module/reg_file_module/reg_memory_reg[31][30]2080/D0 (v) checked with  leading edge of 'clock'
Beginpoint: IFU_module/PC_reg[3]/Q                                        (^) triggered by  leading edge of 'clock'
Path Groups: {clock}
Retime Analysis { Data Path-Slew }
Other End Arrival Time          0.000
- Setup                         0.006
+ Phase Shift                   7.100
- Uncertainty                   2.000
= Required Time                 5.094
- Arrival Time                  4.977
= Slack Time                    0.116
= Slack Time(original)          0.075
     Clock Rise Edge                 0.000
     + Clock Network Latency (Ideal) 0.000
     = Beginpoint Arrival Time       0.000
      --------------------------------------------------------------------------------------------------------------
      Instance                                                    Arc           Cell       Retime  Arrival  Required  
                                                                                           Delay   Time     Time  
      --------------------------------------------------------------------------------------------------------------
      IFU_module/PC_reg[3]                                        CK ^          -          -       0.000    0.116  
      IFU_module/PC_reg[3]                                        CK ^ -> Q ^   SDFFRHQX4  0.624   0.624    0.741  
      IFU_module/instr_mem/g733                                   -             CLKINVX3   0.000   0.624    0.741  
      IFU_module/instr_mem/g733                                   A ^ -> Y v    CLKINVX3   0.060   0.684    0.800  
      IFU_module/instr_mem/g712                                   -             OAI21X4    0.000   0.684    0.800  
      IFU_module/instr_mem/g712                                   B0 v -> Y ^   OAI21X4    0.060   0.744    0.861  
      IFU_module/instr_mem/g702                                   -             NAND2X6    0.000   0.744    0.861  
      IFU_module/instr_mem/g702                                   B ^ -> Y v    NAND2X6    0.077   0.821    0.937  
      datapath_module/reg_file_module/g38908                      -             CLKINVX1   0.000   0.821    0.937  
      datapath_module/reg_file_module/g38908                      A v -> Y ^    CLKINVX1   0.070   0.891    1.007  
      datapath_module/reg_file_module/g38861                      -             NOR2X2     0.000   0.891    1.007  
      datapath_module/reg_file_module/g38861                      B ^ -> Y v    NOR2X2     0.042   0.933    1.049  
      datapath_module/reg_file_module/g38860                      -             CLKINVX1   0.000   0.933    1.049  
      datapath_module/reg_file_module/g38860                      A v -> Y ^    CLKINVX1   0.049   0.982    1.098  
      datapath_module/reg_file_module/g38666                      -             NOR2XL     0.000   0.982    1.098  
      datapath_module/reg_file_module/g38666                      B ^ -> Y v    NOR2XL     0.062   1.044    1.160  
      datapath_module/reg_file_module/g38665                      -             CLKINVX1   0.000   1.044    1.160  
      datapath_module/reg_file_module/g38665                      A v -> Y ^    CLKINVX1   0.065   1.109    1.225  
      datapath_module/reg_file_module/g38417                      -             OAI22X1    0.000   1.109    1.225  
      datapath_module/reg_file_module/g38417                      A1 ^ -> Y v   OAI22X1    0.076   1.185    1.302  
      datapath_module/reg_file_module/g38128                      -             NOR2XL     0.000   1.185    1.302  
      datapath_module/reg_file_module/g38128                      A v -> Y ^    NOR2XL     0.086   1.271    1.388  
      datapath_module/reg_file_module/g38115                      -             AND2X1     0.000   1.271    1.388  
      datapath_module/reg_file_module/g38115                      A ^ -> Y ^    AND2X1     0.160   1.431    1.547  
      datapath_module/reg_file_module/g37968                      -             NAND3X2    0.000   1.431    1.547  
      datapath_module/reg_file_module/g37968                      C ^ -> Y v    NAND3X2    0.104   1.534    1.651  
      datapath_module/alu_module/g1099                            -             BUFX2      0.000   1.534    1.651  
      datapath_module/alu_module/g1099                            A v -> Y v    BUFX2      0.153   1.687    1.803  
      datapath_module/alu_module/sub_35_34_g2799                  -             NAND2BX1   0.000   1.687    1.803  
      datapath_module/alu_module/sub_35_34_g2799                  B v -> Y ^    NAND2BX1   0.069   1.756    1.872  
      datapath_module/alu_module/sub_35_34_g2713                  -             OAI2BB1X1  0.000   1.756    1.872  
      datapath_module/alu_module/sub_35_34_g2713                  A1N ^ -> Y ^  OAI2BB1X1  0.166   1.921    2.038  
      datapath_module/alu_module/sub_35_34_g2704                  -             ADDFHX1    0.000   1.921    2.038  
      datapath_module/alu_module/sub_35_34_g2704                  CI ^ -> CO ^  ADDFHX1    0.223   2.144    2.260  
      datapath_module/alu_module/sub_35_34_g2703                  -             ADDFHX1    0.000   2.144    2.260  
      datapath_module/alu_module/sub_35_34_g2703                  CI ^ -> CO ^  ADDFHX1    0.220   2.364    2.480  
      datapath_module/alu_module/sub_35_34_g2701                  -             NAND2X1    0.000   2.364    2.480  
      datapath_module/alu_module/sub_35_34_g2701                  B ^ -> Y v    NAND2X1    0.094   2.458    2.574  
      datapath_module/alu_module/sub_35_34_g2698                  -             NAND2X2    0.000   2.458    2.574  
      datapath_module/alu_module/sub_35_34_g2698                  B v -> Y ^    NAND2X2    0.066   2.524    2.641  
      datapath_module/alu_module/sub_35_34_g2697                  -             NAND2X1    0.000   2.524    2.641  
      datapath_module/alu_module/sub_35_34_g2697                  B ^ -> Y v    NAND2X1    0.085   2.610    2.726  
      datapath_module/alu_module/sub_35_34_g2695                  -             NAND2X2    0.000   2.610    2.726  
      datapath_module/alu_module/sub_35_34_g2695                  B v -> Y ^    NAND2X2    0.068   2.678    2.794  
      datapath_module/alu_module/sub_35_34_g2692                  -             NAND2X2    0.000   2.678    2.794  
      datapath_module/alu_module/sub_35_34_g2692                  B ^ -> Y v    NAND2X2    0.061   2.739    2.855  
      datapath_module/alu_module/sub_35_34_g2690                  -             NAND2X2    0.000   2.739    2.855  
      datapath_module/alu_module/sub_35_34_g2690                  B v -> Y ^    NAND2X2    0.062   2.801    2.917  
      datapath_module/alu_module/sub_35_34_g2687                  -             NAND2X2    0.000   2.801    2.917  
      datapath_module/alu_module/sub_35_34_g2687                  B ^ -> Y v    NAND2X2    0.060   2.861    2.977  
      datapath_module/alu_module/sub_35_34_g2685                  -             NAND2X2    0.000   2.861    2.977  
      datapath_module/alu_module/sub_35_34_g2685                  B v -> Y ^    NAND2X2    0.075   2.936    3.052  
      datapath_module/alu_module/sub_35_34_g2680                  -             AOI31X2    0.000   2.936    3.052  
      datapath_module/alu_module/sub_35_34_g2680                  A2 ^ -> Y v   AOI31X2    0.111   3.047    3.163  
      datapath_module/alu_module/sub_35_34_g2672                  -             NOR2X1     0.000   3.047    3.163  
      datapath_module/alu_module/sub_35_34_g2672                  B v -> Y ^    NOR2X1     0.119   3.166    3.283  
      datapath_module/alu_module/sub_35_34_g2670                  -             NOR2X2     0.000   3.166    3.283  
      datapath_module/alu_module/sub_35_34_g2670                  B ^ -> Y v    NOR2X2     0.053   3.219    3.335  
      datapath_module/alu_module/g25560                           -             AOI2BB1X1  0.000   3.219    3.335  
      datapath_module/alu_module/g25560                           A1N v -> Y v  AOI2BB1X1  0.170   3.389    3.505  
      datapath_module/alu_module/sub_35_34_g2661                  -             OAI21X2    0.000   3.389    3.505  
      datapath_module/alu_module/sub_35_34_g2661                  A1 v -> Y ^   OAI21X2    0.110   3.499    3.615  
      datapath_module/alu_module/sub_35_34_g2658                  -             AOI21X2    0.000   3.499    3.615  
      datapath_module/alu_module/sub_35_34_g2658                  A1 ^ -> Y v   AOI21X2    0.101   3.599    3.716  
      datapath_module/alu_module/sub_35_34_g2653                  -             OAI21X2    0.000   3.599    3.716  
      datapath_module/alu_module/sub_35_34_g2653                  A1 v -> Y ^   OAI21X2    0.111   3.710    3.826  
      datapath_module/alu_module/sub_35_34_g2643                  -             NAND2XL    0.000   3.710    3.826  
      datapath_module/alu_module/sub_35_34_g2643                  B ^ -> Y v    NAND2XL    0.097   3.807    3.923  
      datapath_module/alu_module/sub_35_34_g2641                  -             NAND2X1    0.000   3.807    3.923  
      datapath_module/alu_module/sub_35_34_g2641                  B v -> Y ^    NAND2X1    0.100   3.907    4.023  
      datapath_module/alu_module/sub_35_34_g2627                  -             AOI21X1    0.000   3.907    4.023  
      datapath_module/alu_module/sub_35_34_g2627                  A1 ^ -> Y v   AOI21X1    0.110   4.016    4.133  
      datapath_module/alu_module/sub_35_34_g2612                  -             OAI21X1    0.000   4.016    4.133  
      datapath_module/alu_module/sub_35_34_g2612                  A1 v -> Y ^   OAI21X1    0.151   4.168    4.284  
      datapath_module/alu_module/sub_35_34_g2607                  -             CLKINVX1   0.000   4.168    4.284  
      datapath_module/alu_module/sub_35_34_g2607                  A ^ -> Y v    CLKINVX1   0.052   4.220    4.336  
      datapath_module/alu_module/sub_35_34_g2601                  -             OAI21X1    0.000   4.220    4.336  
      datapath_module/alu_module/sub_35_34_g2601                  A1 v -> Y ^   OAI21X1    0.136   4.356    4.472  
      datapath_module/alu_module/sub_35_34_g2597                  -             OAI21X1    0.000   4.356    4.472  
      datapath_module/alu_module/sub_35_34_g2597                  A1 ^ -> Y v   OAI21X1    0.074   4.430    4.546  
      datapath_module/alu_module/g7162                            -             OAI2BB1X1  0.000   4.430    4.546  
      datapath_module/alu_module/g7162                            A1N v -> Y v  OAI2BB1X1  0.116   4.546    4.662  
      datapath_module/alu_module/g7108                            -             AO21X2     0.000   4.546    4.662  
      datapath_module/alu_module/g7108                            B0 v -> Y v   AO21X2     0.431   4.977    5.094  
      datapath_module/reg_file_module/reg_memory_reg[31][30]2080  -             MDFFHQX1   0.000   4.977    5.094  
      --------------------------------------------------------------------------------------------------------------
Path 34: MET Setup Check with Pin datapath_module/reg_file_module/reg_memory_reg[30][30]2016/CK 
Endpoint:   datapath_module/reg_file_module/reg_memory_reg[30][30]2016/D0 (v) checked with  leading edge of 'clock'
Beginpoint: IFU_module/PC_reg[3]/Q                                        (^) triggered by  leading edge of 'clock'
Path Groups: {clock}
Retime Analysis { Data Path-Slew }
Other End Arrival Time          0.000
- Setup                         0.006
+ Phase Shift                   7.100
- Uncertainty                   2.000
= Required Time                 5.094
- Arrival Time                  4.977
= Slack Time                    0.116
= Slack Time(original)          0.075
     Clock Rise Edge                 0.000
     + Clock Network Latency (Ideal) 0.000
     = Beginpoint Arrival Time       0.000
      --------------------------------------------------------------------------------------------------------------
      Instance                                                    Arc           Cell       Retime  Arrival  Required  
                                                                                           Delay   Time     Time  
      --------------------------------------------------------------------------------------------------------------
      IFU_module/PC_reg[3]                                        CK ^          -          -       0.000    0.116  
      IFU_module/PC_reg[3]                                        CK ^ -> Q ^   SDFFRHQX4  0.624   0.624    0.741  
      IFU_module/instr_mem/g733                                   -             CLKINVX3   0.000   0.624    0.741  
      IFU_module/instr_mem/g733                                   A ^ -> Y v    CLKINVX3   0.060   0.684    0.800  
      IFU_module/instr_mem/g712                                   -             OAI21X4    0.000   0.684    0.800  
      IFU_module/instr_mem/g712                                   B0 v -> Y ^   OAI21X4    0.060   0.744    0.861  
      IFU_module/instr_mem/g702                                   -             NAND2X6    0.000   0.744    0.861  
      IFU_module/instr_mem/g702                                   B ^ -> Y v    NAND2X6    0.077   0.821    0.937  
      datapath_module/reg_file_module/g38908                      -             CLKINVX1   0.000   0.821    0.937  
      datapath_module/reg_file_module/g38908                      A v -> Y ^    CLKINVX1   0.070   0.891    1.007  
      datapath_module/reg_file_module/g38861                      -             NOR2X2     0.000   0.891    1.007  
      datapath_module/reg_file_module/g38861                      B ^ -> Y v    NOR2X2     0.042   0.933    1.049  
      datapath_module/reg_file_module/g38860                      -             CLKINVX1   0.000   0.933    1.049  
      datapath_module/reg_file_module/g38860                      A v -> Y ^    CLKINVX1   0.049   0.982    1.098  
      datapath_module/reg_file_module/g38666                      -             NOR2XL     0.000   0.982    1.098  
      datapath_module/reg_file_module/g38666                      B ^ -> Y v    NOR2XL     0.062   1.044    1.160  
      datapath_module/reg_file_module/g38665                      -             CLKINVX1   0.000   1.044    1.160  
      datapath_module/reg_file_module/g38665                      A v -> Y ^    CLKINVX1   0.065   1.109    1.225  
      datapath_module/reg_file_module/g38417                      -             OAI22X1    0.000   1.109    1.225  
      datapath_module/reg_file_module/g38417                      A1 ^ -> Y v   OAI22X1    0.076   1.185    1.302  
      datapath_module/reg_file_module/g38128                      -             NOR2XL     0.000   1.185    1.302  
      datapath_module/reg_file_module/g38128                      A v -> Y ^    NOR2XL     0.086   1.271    1.388  
      datapath_module/reg_file_module/g38115                      -             AND2X1     0.000   1.271    1.388  
      datapath_module/reg_file_module/g38115                      A ^ -> Y ^    AND2X1     0.160   1.431    1.547  
      datapath_module/reg_file_module/g37968                      -             NAND3X2    0.000   1.431    1.547  
      datapath_module/reg_file_module/g37968                      C ^ -> Y v    NAND3X2    0.104   1.534    1.651  
      datapath_module/alu_module/g1099                            -             BUFX2      0.000   1.534    1.651  
      datapath_module/alu_module/g1099                            A v -> Y v    BUFX2      0.153   1.687    1.803  
      datapath_module/alu_module/sub_35_34_g2799                  -             NAND2BX1   0.000   1.687    1.803  
      datapath_module/alu_module/sub_35_34_g2799                  B v -> Y ^    NAND2BX1   0.069   1.756    1.872  
      datapath_module/alu_module/sub_35_34_g2713                  -             OAI2BB1X1  0.000   1.756    1.872  
      datapath_module/alu_module/sub_35_34_g2713                  A1N ^ -> Y ^  OAI2BB1X1  0.166   1.921    2.038  
      datapath_module/alu_module/sub_35_34_g2704                  -             ADDFHX1    0.000   1.921    2.038  
      datapath_module/alu_module/sub_35_34_g2704                  CI ^ -> CO ^  ADDFHX1    0.223   2.144    2.260  
      datapath_module/alu_module/sub_35_34_g2703                  -             ADDFHX1    0.000   2.144    2.260  
      datapath_module/alu_module/sub_35_34_g2703                  CI ^ -> CO ^  ADDFHX1    0.220   2.364    2.480  
      datapath_module/alu_module/sub_35_34_g2701                  -             NAND2X1    0.000   2.364    2.480  
      datapath_module/alu_module/sub_35_34_g2701                  B ^ -> Y v    NAND2X1    0.094   2.458    2.574  
      datapath_module/alu_module/sub_35_34_g2698                  -             NAND2X2    0.000   2.458    2.574  
      datapath_module/alu_module/sub_35_34_g2698                  B v -> Y ^    NAND2X2    0.066   2.524    2.641  
      datapath_module/alu_module/sub_35_34_g2697                  -             NAND2X1    0.000   2.524    2.641  
      datapath_module/alu_module/sub_35_34_g2697                  B ^ -> Y v    NAND2X1    0.085   2.610    2.726  
      datapath_module/alu_module/sub_35_34_g2695                  -             NAND2X2    0.000   2.610    2.726  
      datapath_module/alu_module/sub_35_34_g2695                  B v -> Y ^    NAND2X2    0.068   2.678    2.794  
      datapath_module/alu_module/sub_35_34_g2692                  -             NAND2X2    0.000   2.678    2.794  
      datapath_module/alu_module/sub_35_34_g2692                  B ^ -> Y v    NAND2X2    0.061   2.739    2.855  
      datapath_module/alu_module/sub_35_34_g2690                  -             NAND2X2    0.000   2.739    2.855  
      datapath_module/alu_module/sub_35_34_g2690                  B v -> Y ^    NAND2X2    0.062   2.801    2.917  
      datapath_module/alu_module/sub_35_34_g2687                  -             NAND2X2    0.000   2.801    2.917  
      datapath_module/alu_module/sub_35_34_g2687                  B ^ -> Y v    NAND2X2    0.060   2.861    2.977  
      datapath_module/alu_module/sub_35_34_g2685                  -             NAND2X2    0.000   2.861    2.977  
      datapath_module/alu_module/sub_35_34_g2685                  B v -> Y ^    NAND2X2    0.075   2.936    3.052  
      datapath_module/alu_module/sub_35_34_g2680                  -             AOI31X2    0.000   2.936    3.052  
      datapath_module/alu_module/sub_35_34_g2680                  A2 ^ -> Y v   AOI31X2    0.111   3.047    3.163  
      datapath_module/alu_module/sub_35_34_g2672                  -             NOR2X1     0.000   3.047    3.163  
      datapath_module/alu_module/sub_35_34_g2672                  B v -> Y ^    NOR2X1     0.119   3.166    3.283  
      datapath_module/alu_module/sub_35_34_g2670                  -             NOR2X2     0.000   3.166    3.283  
      datapath_module/alu_module/sub_35_34_g2670                  B ^ -> Y v    NOR2X2     0.053   3.219    3.335  
      datapath_module/alu_module/g25560                           -             AOI2BB1X1  0.000   3.219    3.335  
      datapath_module/alu_module/g25560                           A1N v -> Y v  AOI2BB1X1  0.170   3.389    3.505  
      datapath_module/alu_module/sub_35_34_g2661                  -             OAI21X2    0.000   3.389    3.505  
      datapath_module/alu_module/sub_35_34_g2661                  A1 v -> Y ^   OAI21X2    0.110   3.499    3.615  
      datapath_module/alu_module/sub_35_34_g2658                  -             AOI21X2    0.000   3.499    3.615  
      datapath_module/alu_module/sub_35_34_g2658                  A1 ^ -> Y v   AOI21X2    0.101   3.599    3.716  
      datapath_module/alu_module/sub_35_34_g2653                  -             OAI21X2    0.000   3.599    3.716  
      datapath_module/alu_module/sub_35_34_g2653                  A1 v -> Y ^   OAI21X2    0.111   3.710    3.826  
      datapath_module/alu_module/sub_35_34_g2643                  -             NAND2XL    0.000   3.710    3.826  
      datapath_module/alu_module/sub_35_34_g2643                  B ^ -> Y v    NAND2XL    0.097   3.807    3.923  
      datapath_module/alu_module/sub_35_34_g2641                  -             NAND2X1    0.000   3.807    3.923  
      datapath_module/alu_module/sub_35_34_g2641                  B v -> Y ^    NAND2X1    0.100   3.907    4.023  
      datapath_module/alu_module/sub_35_34_g2627                  -             AOI21X1    0.000   3.907    4.023  
      datapath_module/alu_module/sub_35_34_g2627                  A1 ^ -> Y v   AOI21X1    0.110   4.016    4.133  
      datapath_module/alu_module/sub_35_34_g2612                  -             OAI21X1    0.000   4.016    4.133  
      datapath_module/alu_module/sub_35_34_g2612                  A1 v -> Y ^   OAI21X1    0.151   4.168    4.284  
      datapath_module/alu_module/sub_35_34_g2607                  -             CLKINVX1   0.000   4.168    4.284  
      datapath_module/alu_module/sub_35_34_g2607                  A ^ -> Y v    CLKINVX1   0.052   4.220    4.336  
      datapath_module/alu_module/sub_35_34_g2601                  -             OAI21X1    0.000   4.220    4.336  
      datapath_module/alu_module/sub_35_34_g2601                  A1 v -> Y ^   OAI21X1    0.136   4.356    4.472  
      datapath_module/alu_module/sub_35_34_g2597                  -             OAI21X1    0.000   4.356    4.472  
      datapath_module/alu_module/sub_35_34_g2597                  A1 ^ -> Y v   OAI21X1    0.074   4.430    4.546  
      datapath_module/alu_module/g7162                            -             OAI2BB1X1  0.000   4.430    4.546  
      datapath_module/alu_module/g7162                            A1N v -> Y v  OAI2BB1X1  0.116   4.546    4.662  
      datapath_module/alu_module/g7108                            -             AO21X2     0.000   4.546    4.662  
      datapath_module/alu_module/g7108                            B0 v -> Y v   AO21X2     0.431   4.977    5.094  
      datapath_module/reg_file_module/reg_memory_reg[30][30]2016  -             MDFFHQX1   0.000   4.977    5.094  
      --------------------------------------------------------------------------------------------------------------
Path 35: MET Setup Check with Pin datapath_module/reg_file_module/reg_memory_reg[2][30]224/CK 
Endpoint:   datapath_module/reg_file_module/reg_memory_reg[2][30]224/D1 (v) checked with  leading edge of 'clock'
Beginpoint: IFU_module/PC_reg[3]/Q                                      (^) triggered by  leading edge of 'clock'
Path Groups: {clock}
Retime Analysis { Data Path-Slew }
Other End Arrival Time          0.000
- Setup                         0.006
+ Phase Shift                   7.100
- Uncertainty                   2.000
= Required Time                 5.094
- Arrival Time                  4.977
= Slack Time                    0.116
= Slack Time(original)          0.075
     Clock Rise Edge                 0.000
     + Clock Network Latency (Ideal) 0.000
     = Beginpoint Arrival Time       0.000
      ------------------------------------------------------------------------------------------------------------
      Instance                                                  Arc           Cell       Retime  Arrival  Required  
                                                                                         Delay   Time     Time  
      ------------------------------------------------------------------------------------------------------------
      IFU_module/PC_reg[3]                                      CK ^          -          -       0.000    0.116  
      IFU_module/PC_reg[3]                                      CK ^ -> Q ^   SDFFRHQX4  0.624   0.624    0.741  
      IFU_module/instr_mem/g733                                 -             CLKINVX3   0.000   0.624    0.741  
      IFU_module/instr_mem/g733                                 A ^ -> Y v    CLKINVX3   0.060   0.684    0.800  
      IFU_module/instr_mem/g712                                 -             OAI21X4    0.000   0.684    0.800  
      IFU_module/instr_mem/g712                                 B0 v -> Y ^   OAI21X4    0.060   0.744    0.861  
      IFU_module/instr_mem/g702                                 -             NAND2X6    0.000   0.744    0.861  
      IFU_module/instr_mem/g702                                 B ^ -> Y v    NAND2X6    0.077   0.821    0.937  
      datapath_module/reg_file_module/g38908                    -             CLKINVX1   0.000   0.821    0.937  
      datapath_module/reg_file_module/g38908                    A v -> Y ^    CLKINVX1   0.070   0.891    1.007  
      datapath_module/reg_file_module/g38861                    -             NOR2X2     0.000   0.891    1.007  
      datapath_module/reg_file_module/g38861                    B ^ -> Y v    NOR2X2     0.042   0.933    1.049  
      datapath_module/reg_file_module/g38860                    -             CLKINVX1   0.000   0.933    1.049  
      datapath_module/reg_file_module/g38860                    A v -> Y ^    CLKINVX1   0.049   0.982    1.098  
      datapath_module/reg_file_module/g38666                    -             NOR2XL     0.000   0.982    1.098  
      datapath_module/reg_file_module/g38666                    B ^ -> Y v    NOR2XL     0.062   1.044    1.160  
      datapath_module/reg_file_module/g38665                    -             CLKINVX1   0.000   1.044    1.160  
      datapath_module/reg_file_module/g38665                    A v -> Y ^    CLKINVX1   0.065   1.109    1.225  
      datapath_module/reg_file_module/g38417                    -             OAI22X1    0.000   1.109    1.225  
      datapath_module/reg_file_module/g38417                    A1 ^ -> Y v   OAI22X1    0.076   1.185    1.302  
      datapath_module/reg_file_module/g38128                    -             NOR2XL     0.000   1.185    1.302  
      datapath_module/reg_file_module/g38128                    A v -> Y ^    NOR2XL     0.086   1.271    1.388  
      datapath_module/reg_file_module/g38115                    -             AND2X1     0.000   1.271    1.388  
      datapath_module/reg_file_module/g38115                    A ^ -> Y ^    AND2X1     0.160   1.431    1.547  
      datapath_module/reg_file_module/g37968                    -             NAND3X2    0.000   1.431    1.547  
      datapath_module/reg_file_module/g37968                    C ^ -> Y v    NAND3X2    0.104   1.534    1.651  
      datapath_module/alu_module/g1099                          -             BUFX2      0.000   1.534    1.651  
      datapath_module/alu_module/g1099                          A v -> Y v    BUFX2      0.153   1.687    1.803  
      datapath_module/alu_module/sub_35_34_g2799                -             NAND2BX1   0.000   1.687    1.803  
      datapath_module/alu_module/sub_35_34_g2799                B v -> Y ^    NAND2BX1   0.069   1.756    1.872  
      datapath_module/alu_module/sub_35_34_g2713                -             OAI2BB1X1  0.000   1.756    1.872  
      datapath_module/alu_module/sub_35_34_g2713                A1N ^ -> Y ^  OAI2BB1X1  0.166   1.921    2.038  
      datapath_module/alu_module/sub_35_34_g2704                -             ADDFHX1    0.000   1.921    2.038  
      datapath_module/alu_module/sub_35_34_g2704                CI ^ -> CO ^  ADDFHX1    0.223   2.144    2.260  
      datapath_module/alu_module/sub_35_34_g2703                -             ADDFHX1    0.000   2.144    2.260  
      datapath_module/alu_module/sub_35_34_g2703                CI ^ -> CO ^  ADDFHX1    0.220   2.364    2.480  
      datapath_module/alu_module/sub_35_34_g2701                -             NAND2X1    0.000   2.364    2.480  
      datapath_module/alu_module/sub_35_34_g2701                B ^ -> Y v    NAND2X1    0.094   2.458    2.574  
      datapath_module/alu_module/sub_35_34_g2698                -             NAND2X2    0.000   2.458    2.574  
      datapath_module/alu_module/sub_35_34_g2698                B v -> Y ^    NAND2X2    0.066   2.524    2.641  
      datapath_module/alu_module/sub_35_34_g2697                -             NAND2X1    0.000   2.524    2.641  
      datapath_module/alu_module/sub_35_34_g2697                B ^ -> Y v    NAND2X1    0.085   2.610    2.726  
      datapath_module/alu_module/sub_35_34_g2695                -             NAND2X2    0.000   2.610    2.726  
      datapath_module/alu_module/sub_35_34_g2695                B v -> Y ^    NAND2X2    0.068   2.678    2.794  
      datapath_module/alu_module/sub_35_34_g2692                -             NAND2X2    0.000   2.678    2.794  
      datapath_module/alu_module/sub_35_34_g2692                B ^ -> Y v    NAND2X2    0.061   2.739    2.855  
      datapath_module/alu_module/sub_35_34_g2690                -             NAND2X2    0.000   2.739    2.855  
      datapath_module/alu_module/sub_35_34_g2690                B v -> Y ^    NAND2X2    0.062   2.801    2.917  
      datapath_module/alu_module/sub_35_34_g2687                -             NAND2X2    0.000   2.801    2.917  
      datapath_module/alu_module/sub_35_34_g2687                B ^ -> Y v    NAND2X2    0.060   2.861    2.977  
      datapath_module/alu_module/sub_35_34_g2685                -             NAND2X2    0.000   2.861    2.977  
      datapath_module/alu_module/sub_35_34_g2685                B v -> Y ^    NAND2X2    0.075   2.936    3.052  
      datapath_module/alu_module/sub_35_34_g2680                -             AOI31X2    0.000   2.936    3.052  
      datapath_module/alu_module/sub_35_34_g2680                A2 ^ -> Y v   AOI31X2    0.111   3.047    3.163  
      datapath_module/alu_module/sub_35_34_g2672                -             NOR2X1     0.000   3.047    3.163  
      datapath_module/alu_module/sub_35_34_g2672                B v -> Y ^    NOR2X1     0.119   3.166    3.283  
      datapath_module/alu_module/sub_35_34_g2670                -             NOR2X2     0.000   3.166    3.283  
      datapath_module/alu_module/sub_35_34_g2670                B ^ -> Y v    NOR2X2     0.053   3.219    3.335  
      datapath_module/alu_module/g25560                         -             AOI2BB1X1  0.000   3.219    3.335  
      datapath_module/alu_module/g25560                         A1N v -> Y v  AOI2BB1X1  0.170   3.389    3.505  
      datapath_module/alu_module/sub_35_34_g2661                -             OAI21X2    0.000   3.389    3.505  
      datapath_module/alu_module/sub_35_34_g2661                A1 v -> Y ^   OAI21X2    0.110   3.499    3.615  
      datapath_module/alu_module/sub_35_34_g2658                -             AOI21X2    0.000   3.499    3.615  
      datapath_module/alu_module/sub_35_34_g2658                A1 ^ -> Y v   AOI21X2    0.101   3.599    3.716  
      datapath_module/alu_module/sub_35_34_g2653                -             OAI21X2    0.000   3.599    3.716  
      datapath_module/alu_module/sub_35_34_g2653                A1 v -> Y ^   OAI21X2    0.111   3.710    3.826  
      datapath_module/alu_module/sub_35_34_g2643                -             NAND2XL    0.000   3.710    3.826  
      datapath_module/alu_module/sub_35_34_g2643                B ^ -> Y v    NAND2XL    0.097   3.807    3.923  
      datapath_module/alu_module/sub_35_34_g2641                -             NAND2X1    0.000   3.807    3.923  
      datapath_module/alu_module/sub_35_34_g2641                B v -> Y ^    NAND2X1    0.100   3.907    4.023  
      datapath_module/alu_module/sub_35_34_g2627                -             AOI21X1    0.000   3.907    4.023  
      datapath_module/alu_module/sub_35_34_g2627                A1 ^ -> Y v   AOI21X1    0.110   4.016    4.133  
      datapath_module/alu_module/sub_35_34_g2612                -             OAI21X1    0.000   4.016    4.133  
      datapath_module/alu_module/sub_35_34_g2612                A1 v -> Y ^   OAI21X1    0.151   4.168    4.284  
      datapath_module/alu_module/sub_35_34_g2607                -             CLKINVX1   0.000   4.168    4.284  
      datapath_module/alu_module/sub_35_34_g2607                A ^ -> Y v    CLKINVX1   0.052   4.220    4.336  
      datapath_module/alu_module/sub_35_34_g2601                -             OAI21X1    0.000   4.220    4.336  
      datapath_module/alu_module/sub_35_34_g2601                A1 v -> Y ^   OAI21X1    0.136   4.356    4.472  
      datapath_module/alu_module/sub_35_34_g2597                -             OAI21X1    0.000   4.356    4.472  
      datapath_module/alu_module/sub_35_34_g2597                A1 ^ -> Y v   OAI21X1    0.074   4.430    4.546  
      datapath_module/alu_module/g7162                          -             OAI2BB1X1  0.000   4.430    4.546  
      datapath_module/alu_module/g7162                          A1N v -> Y v  OAI2BB1X1  0.116   4.546    4.662  
      datapath_module/alu_module/g7108                          -             AO21X2     0.000   4.546    4.662  
      datapath_module/alu_module/g7108                          B0 v -> Y v   AO21X2     0.431   4.977    5.094  
      datapath_module/reg_file_module/reg_memory_reg[2][30]224  -             MDFFHQX1   0.000   4.977    5.094  
      ------------------------------------------------------------------------------------------------------------
Path 36: MET Setup Check with Pin datapath_module/reg_file_module/reg_memory_reg[29][30]1952/CK 
Endpoint:   datapath_module/reg_file_module/reg_memory_reg[29][30]1952/D0 (v) checked with  leading edge of 'clock'
Beginpoint: IFU_module/PC_reg[3]/Q                                        (^) triggered by  leading edge of 'clock'
Path Groups: {clock}
Retime Analysis { Data Path-Slew }
Other End Arrival Time          0.000
- Setup                         0.006
+ Phase Shift                   7.100
- Uncertainty                   2.000
= Required Time                 5.094
- Arrival Time                  4.977
= Slack Time                    0.116
= Slack Time(original)          0.075
     Clock Rise Edge                 0.000
     + Clock Network Latency (Ideal) 0.000
     = Beginpoint Arrival Time       0.000
      --------------------------------------------------------------------------------------------------------------
      Instance                                                    Arc           Cell       Retime  Arrival  Required  
                                                                                           Delay   Time     Time  
      --------------------------------------------------------------------------------------------------------------
      IFU_module/PC_reg[3]                                        CK ^          -          -       0.000    0.116  
      IFU_module/PC_reg[3]                                        CK ^ -> Q ^   SDFFRHQX4  0.624   0.624    0.741  
      IFU_module/instr_mem/g733                                   -             CLKINVX3   0.000   0.624    0.741  
      IFU_module/instr_mem/g733                                   A ^ -> Y v    CLKINVX3   0.060   0.684    0.800  
      IFU_module/instr_mem/g712                                   -             OAI21X4    0.000   0.684    0.800  
      IFU_module/instr_mem/g712                                   B0 v -> Y ^   OAI21X4    0.060   0.744    0.861  
      IFU_module/instr_mem/g702                                   -             NAND2X6    0.000   0.744    0.861  
      IFU_module/instr_mem/g702                                   B ^ -> Y v    NAND2X6    0.077   0.821    0.937  
      datapath_module/reg_file_module/g38908                      -             CLKINVX1   0.000   0.821    0.937  
      datapath_module/reg_file_module/g38908                      A v -> Y ^    CLKINVX1   0.070   0.891    1.007  
      datapath_module/reg_file_module/g38861                      -             NOR2X2     0.000   0.891    1.007  
      datapath_module/reg_file_module/g38861                      B ^ -> Y v    NOR2X2     0.042   0.933    1.049  
      datapath_module/reg_file_module/g38860                      -             CLKINVX1   0.000   0.933    1.049  
      datapath_module/reg_file_module/g38860                      A v -> Y ^    CLKINVX1   0.049   0.982    1.098  
      datapath_module/reg_file_module/g38666                      -             NOR2XL     0.000   0.982    1.098  
      datapath_module/reg_file_module/g38666                      B ^ -> Y v    NOR2XL     0.062   1.044    1.160  
      datapath_module/reg_file_module/g38665                      -             CLKINVX1   0.000   1.044    1.160  
      datapath_module/reg_file_module/g38665                      A v -> Y ^    CLKINVX1   0.065   1.109    1.225  
      datapath_module/reg_file_module/g38417                      -             OAI22X1    0.000   1.109    1.225  
      datapath_module/reg_file_module/g38417                      A1 ^ -> Y v   OAI22X1    0.076   1.185    1.302  
      datapath_module/reg_file_module/g38128                      -             NOR2XL     0.000   1.185    1.302  
      datapath_module/reg_file_module/g38128                      A v -> Y ^    NOR2XL     0.086   1.271    1.388  
      datapath_module/reg_file_module/g38115                      -             AND2X1     0.000   1.271    1.388  
      datapath_module/reg_file_module/g38115                      A ^ -> Y ^    AND2X1     0.160   1.431    1.547  
      datapath_module/reg_file_module/g37968                      -             NAND3X2    0.000   1.431    1.547  
      datapath_module/reg_file_module/g37968                      C ^ -> Y v    NAND3X2    0.104   1.534    1.651  
      datapath_module/alu_module/g1099                            -             BUFX2      0.000   1.534    1.651  
      datapath_module/alu_module/g1099                            A v -> Y v    BUFX2      0.153   1.687    1.803  
      datapath_module/alu_module/sub_35_34_g2799                  -             NAND2BX1   0.000   1.687    1.803  
      datapath_module/alu_module/sub_35_34_g2799                  B v -> Y ^    NAND2BX1   0.069   1.756    1.872  
      datapath_module/alu_module/sub_35_34_g2713                  -             OAI2BB1X1  0.000   1.756    1.872  
      datapath_module/alu_module/sub_35_34_g2713                  A1N ^ -> Y ^  OAI2BB1X1  0.166   1.921    2.038  
      datapath_module/alu_module/sub_35_34_g2704                  -             ADDFHX1    0.000   1.921    2.038  
      datapath_module/alu_module/sub_35_34_g2704                  CI ^ -> CO ^  ADDFHX1    0.223   2.144    2.260  
      datapath_module/alu_module/sub_35_34_g2703                  -             ADDFHX1    0.000   2.144    2.260  
      datapath_module/alu_module/sub_35_34_g2703                  CI ^ -> CO ^  ADDFHX1    0.220   2.364    2.480  
      datapath_module/alu_module/sub_35_34_g2701                  -             NAND2X1    0.000   2.364    2.480  
      datapath_module/alu_module/sub_35_34_g2701                  B ^ -> Y v    NAND2X1    0.094   2.458    2.574  
      datapath_module/alu_module/sub_35_34_g2698                  -             NAND2X2    0.000   2.458    2.574  
      datapath_module/alu_module/sub_35_34_g2698                  B v -> Y ^    NAND2X2    0.066   2.524    2.641  
      datapath_module/alu_module/sub_35_34_g2697                  -             NAND2X1    0.000   2.524    2.641  
      datapath_module/alu_module/sub_35_34_g2697                  B ^ -> Y v    NAND2X1    0.085   2.610    2.726  
      datapath_module/alu_module/sub_35_34_g2695                  -             NAND2X2    0.000   2.610    2.726  
      datapath_module/alu_module/sub_35_34_g2695                  B v -> Y ^    NAND2X2    0.068   2.678    2.794  
      datapath_module/alu_module/sub_35_34_g2692                  -             NAND2X2    0.000   2.678    2.794  
      datapath_module/alu_module/sub_35_34_g2692                  B ^ -> Y v    NAND2X2    0.061   2.739    2.855  
      datapath_module/alu_module/sub_35_34_g2690                  -             NAND2X2    0.000   2.739    2.855  
      datapath_module/alu_module/sub_35_34_g2690                  B v -> Y ^    NAND2X2    0.062   2.801    2.917  
      datapath_module/alu_module/sub_35_34_g2687                  -             NAND2X2    0.000   2.801    2.917  
      datapath_module/alu_module/sub_35_34_g2687                  B ^ -> Y v    NAND2X2    0.060   2.861    2.977  
      datapath_module/alu_module/sub_35_34_g2685                  -             NAND2X2    0.000   2.861    2.977  
      datapath_module/alu_module/sub_35_34_g2685                  B v -> Y ^    NAND2X2    0.075   2.936    3.052  
      datapath_module/alu_module/sub_35_34_g2680                  -             AOI31X2    0.000   2.936    3.052  
      datapath_module/alu_module/sub_35_34_g2680                  A2 ^ -> Y v   AOI31X2    0.111   3.047    3.163  
      datapath_module/alu_module/sub_35_34_g2672                  -             NOR2X1     0.000   3.047    3.163  
      datapath_module/alu_module/sub_35_34_g2672                  B v -> Y ^    NOR2X1     0.119   3.166    3.283  
      datapath_module/alu_module/sub_35_34_g2670                  -             NOR2X2     0.000   3.166    3.283  
      datapath_module/alu_module/sub_35_34_g2670                  B ^ -> Y v    NOR2X2     0.053   3.219    3.335  
      datapath_module/alu_module/g25560                           -             AOI2BB1X1  0.000   3.219    3.335  
      datapath_module/alu_module/g25560                           A1N v -> Y v  AOI2BB1X1  0.170   3.389    3.505  
      datapath_module/alu_module/sub_35_34_g2661                  -             OAI21X2    0.000   3.389    3.505  
      datapath_module/alu_module/sub_35_34_g2661                  A1 v -> Y ^   OAI21X2    0.110   3.499    3.615  
      datapath_module/alu_module/sub_35_34_g2658                  -             AOI21X2    0.000   3.499    3.615  
      datapath_module/alu_module/sub_35_34_g2658                  A1 ^ -> Y v   AOI21X2    0.101   3.599    3.716  
      datapath_module/alu_module/sub_35_34_g2653                  -             OAI21X2    0.000   3.599    3.716  
      datapath_module/alu_module/sub_35_34_g2653                  A1 v -> Y ^   OAI21X2    0.111   3.710    3.826  
      datapath_module/alu_module/sub_35_34_g2643                  -             NAND2XL    0.000   3.710    3.826  
      datapath_module/alu_module/sub_35_34_g2643                  B ^ -> Y v    NAND2XL    0.097   3.807    3.923  
      datapath_module/alu_module/sub_35_34_g2641                  -             NAND2X1    0.000   3.807    3.923  
      datapath_module/alu_module/sub_35_34_g2641                  B v -> Y ^    NAND2X1    0.100   3.907    4.023  
      datapath_module/alu_module/sub_35_34_g2627                  -             AOI21X1    0.000   3.907    4.023  
      datapath_module/alu_module/sub_35_34_g2627                  A1 ^ -> Y v   AOI21X1    0.110   4.016    4.133  
      datapath_module/alu_module/sub_35_34_g2612                  -             OAI21X1    0.000   4.016    4.133  
      datapath_module/alu_module/sub_35_34_g2612                  A1 v -> Y ^   OAI21X1    0.151   4.168    4.284  
      datapath_module/alu_module/sub_35_34_g2607                  -             CLKINVX1   0.000   4.168    4.284  
      datapath_module/alu_module/sub_35_34_g2607                  A ^ -> Y v    CLKINVX1   0.052   4.220    4.336  
      datapath_module/alu_module/sub_35_34_g2601                  -             OAI21X1    0.000   4.220    4.336  
      datapath_module/alu_module/sub_35_34_g2601                  A1 v -> Y ^   OAI21X1    0.136   4.356    4.472  
      datapath_module/alu_module/sub_35_34_g2597                  -             OAI21X1    0.000   4.356    4.472  
      datapath_module/alu_module/sub_35_34_g2597                  A1 ^ -> Y v   OAI21X1    0.074   4.430    4.546  
      datapath_module/alu_module/g7162                            -             OAI2BB1X1  0.000   4.430    4.546  
      datapath_module/alu_module/g7162                            A1N v -> Y v  OAI2BB1X1  0.116   4.546    4.662  
      datapath_module/alu_module/g7108                            -             AO21X2     0.000   4.546    4.662  
      datapath_module/alu_module/g7108                            B0 v -> Y v   AO21X2     0.431   4.977    5.094  
      datapath_module/reg_file_module/reg_memory_reg[29][30]1952  -             MDFFHQX1   0.000   4.977    5.094  
      --------------------------------------------------------------------------------------------------------------
Path 37: MET Setup Check with Pin datapath_module/reg_file_module/reg_memory_reg[28][30]1888/CK 
Endpoint:   datapath_module/reg_file_module/reg_memory_reg[28][30]1888/D0 (v) checked with  leading edge of 'clock'
Beginpoint: IFU_module/PC_reg[3]/Q                                        (^) triggered by  leading edge of 'clock'
Path Groups: {clock}
Retime Analysis { Data Path-Slew }
Other End Arrival Time          0.000
- Setup                         0.006
+ Phase Shift                   7.100
- Uncertainty                   2.000
= Required Time                 5.094
- Arrival Time                  4.977
= Slack Time                    0.116
= Slack Time(original)          0.075
     Clock Rise Edge                 0.000
     + Clock Network Latency (Ideal) 0.000
     = Beginpoint Arrival Time       0.000
      --------------------------------------------------------------------------------------------------------------
      Instance                                                    Arc           Cell       Retime  Arrival  Required  
                                                                                           Delay   Time     Time  
      --------------------------------------------------------------------------------------------------------------
      IFU_module/PC_reg[3]                                        CK ^          -          -       0.000    0.116  
      IFU_module/PC_reg[3]                                        CK ^ -> Q ^   SDFFRHQX4  0.624   0.624    0.741  
      IFU_module/instr_mem/g733                                   -             CLKINVX3   0.000   0.624    0.741  
      IFU_module/instr_mem/g733                                   A ^ -> Y v    CLKINVX3   0.060   0.684    0.800  
      IFU_module/instr_mem/g712                                   -             OAI21X4    0.000   0.684    0.800  
      IFU_module/instr_mem/g712                                   B0 v -> Y ^   OAI21X4    0.060   0.744    0.861  
      IFU_module/instr_mem/g702                                   -             NAND2X6    0.000   0.744    0.861  
      IFU_module/instr_mem/g702                                   B ^ -> Y v    NAND2X6    0.077   0.821    0.937  
      datapath_module/reg_file_module/g38908                      -             CLKINVX1   0.000   0.821    0.937  
      datapath_module/reg_file_module/g38908                      A v -> Y ^    CLKINVX1   0.070   0.891    1.007  
      datapath_module/reg_file_module/g38861                      -             NOR2X2     0.000   0.891    1.007  
      datapath_module/reg_file_module/g38861                      B ^ -> Y v    NOR2X2     0.042   0.933    1.049  
      datapath_module/reg_file_module/g38860                      -             CLKINVX1   0.000   0.933    1.049  
      datapath_module/reg_file_module/g38860                      A v -> Y ^    CLKINVX1   0.049   0.982    1.098  
      datapath_module/reg_file_module/g38666                      -             NOR2XL     0.000   0.982    1.098  
      datapath_module/reg_file_module/g38666                      B ^ -> Y v    NOR2XL     0.062   1.044    1.160  
      datapath_module/reg_file_module/g38665                      -             CLKINVX1   0.000   1.044    1.160  
      datapath_module/reg_file_module/g38665                      A v -> Y ^    CLKINVX1   0.065   1.109    1.225  
      datapath_module/reg_file_module/g38417                      -             OAI22X1    0.000   1.109    1.225  
      datapath_module/reg_file_module/g38417                      A1 ^ -> Y v   OAI22X1    0.076   1.185    1.302  
      datapath_module/reg_file_module/g38128                      -             NOR2XL     0.000   1.185    1.302  
      datapath_module/reg_file_module/g38128                      A v -> Y ^    NOR2XL     0.086   1.271    1.388  
      datapath_module/reg_file_module/g38115                      -             AND2X1     0.000   1.271    1.388  
      datapath_module/reg_file_module/g38115                      A ^ -> Y ^    AND2X1     0.160   1.431    1.547  
      datapath_module/reg_file_module/g37968                      -             NAND3X2    0.000   1.431    1.547  
      datapath_module/reg_file_module/g37968                      C ^ -> Y v    NAND3X2    0.104   1.534    1.651  
      datapath_module/alu_module/g1099                            -             BUFX2      0.000   1.534    1.651  
      datapath_module/alu_module/g1099                            A v -> Y v    BUFX2      0.153   1.687    1.803  
      datapath_module/alu_module/sub_35_34_g2799                  -             NAND2BX1   0.000   1.687    1.803  
      datapath_module/alu_module/sub_35_34_g2799                  B v -> Y ^    NAND2BX1   0.069   1.756    1.872  
      datapath_module/alu_module/sub_35_34_g2713                  -             OAI2BB1X1  0.000   1.756    1.872  
      datapath_module/alu_module/sub_35_34_g2713                  A1N ^ -> Y ^  OAI2BB1X1  0.166   1.921    2.038  
      datapath_module/alu_module/sub_35_34_g2704                  -             ADDFHX1    0.000   1.921    2.038  
      datapath_module/alu_module/sub_35_34_g2704                  CI ^ -> CO ^  ADDFHX1    0.223   2.144    2.260  
      datapath_module/alu_module/sub_35_34_g2703                  -             ADDFHX1    0.000   2.144    2.260  
      datapath_module/alu_module/sub_35_34_g2703                  CI ^ -> CO ^  ADDFHX1    0.220   2.364    2.480  
      datapath_module/alu_module/sub_35_34_g2701                  -             NAND2X1    0.000   2.364    2.480  
      datapath_module/alu_module/sub_35_34_g2701                  B ^ -> Y v    NAND2X1    0.094   2.458    2.574  
      datapath_module/alu_module/sub_35_34_g2698                  -             NAND2X2    0.000   2.458    2.574  
      datapath_module/alu_module/sub_35_34_g2698                  B v -> Y ^    NAND2X2    0.066   2.524    2.641  
      datapath_module/alu_module/sub_35_34_g2697                  -             NAND2X1    0.000   2.524    2.641  
      datapath_module/alu_module/sub_35_34_g2697                  B ^ -> Y v    NAND2X1    0.085   2.610    2.726  
      datapath_module/alu_module/sub_35_34_g2695                  -             NAND2X2    0.000   2.610    2.726  
      datapath_module/alu_module/sub_35_34_g2695                  B v -> Y ^    NAND2X2    0.068   2.678    2.794  
      datapath_module/alu_module/sub_35_34_g2692                  -             NAND2X2    0.000   2.678    2.794  
      datapath_module/alu_module/sub_35_34_g2692                  B ^ -> Y v    NAND2X2    0.061   2.739    2.855  
      datapath_module/alu_module/sub_35_34_g2690                  -             NAND2X2    0.000   2.739    2.855  
      datapath_module/alu_module/sub_35_34_g2690                  B v -> Y ^    NAND2X2    0.062   2.801    2.917  
      datapath_module/alu_module/sub_35_34_g2687                  -             NAND2X2    0.000   2.801    2.917  
      datapath_module/alu_module/sub_35_34_g2687                  B ^ -> Y v    NAND2X2    0.060   2.861    2.977  
      datapath_module/alu_module/sub_35_34_g2685                  -             NAND2X2    0.000   2.861    2.977  
      datapath_module/alu_module/sub_35_34_g2685                  B v -> Y ^    NAND2X2    0.075   2.936    3.052  
      datapath_module/alu_module/sub_35_34_g2680                  -             AOI31X2    0.000   2.936    3.052  
      datapath_module/alu_module/sub_35_34_g2680                  A2 ^ -> Y v   AOI31X2    0.111   3.047    3.163  
      datapath_module/alu_module/sub_35_34_g2672                  -             NOR2X1     0.000   3.047    3.163  
      datapath_module/alu_module/sub_35_34_g2672                  B v -> Y ^    NOR2X1     0.119   3.166    3.283  
      datapath_module/alu_module/sub_35_34_g2670                  -             NOR2X2     0.000   3.166    3.283  
      datapath_module/alu_module/sub_35_34_g2670                  B ^ -> Y v    NOR2X2     0.053   3.219    3.335  
      datapath_module/alu_module/g25560                           -             AOI2BB1X1  0.000   3.219    3.335  
      datapath_module/alu_module/g25560                           A1N v -> Y v  AOI2BB1X1  0.170   3.389    3.505  
      datapath_module/alu_module/sub_35_34_g2661                  -             OAI21X2    0.000   3.389    3.505  
      datapath_module/alu_module/sub_35_34_g2661                  A1 v -> Y ^   OAI21X2    0.110   3.499    3.615  
      datapath_module/alu_module/sub_35_34_g2658                  -             AOI21X2    0.000   3.499    3.615  
      datapath_module/alu_module/sub_35_34_g2658                  A1 ^ -> Y v   AOI21X2    0.101   3.599    3.716  
      datapath_module/alu_module/sub_35_34_g2653                  -             OAI21X2    0.000   3.599    3.716  
      datapath_module/alu_module/sub_35_34_g2653                  A1 v -> Y ^   OAI21X2    0.111   3.710    3.826  
      datapath_module/alu_module/sub_35_34_g2643                  -             NAND2XL    0.000   3.710    3.826  
      datapath_module/alu_module/sub_35_34_g2643                  B ^ -> Y v    NAND2XL    0.097   3.807    3.923  
      datapath_module/alu_module/sub_35_34_g2641                  -             NAND2X1    0.000   3.807    3.923  
      datapath_module/alu_module/sub_35_34_g2641                  B v -> Y ^    NAND2X1    0.100   3.907    4.023  
      datapath_module/alu_module/sub_35_34_g2627                  -             AOI21X1    0.000   3.907    4.023  
      datapath_module/alu_module/sub_35_34_g2627                  A1 ^ -> Y v   AOI21X1    0.110   4.016    4.133  
      datapath_module/alu_module/sub_35_34_g2612                  -             OAI21X1    0.000   4.016    4.133  
      datapath_module/alu_module/sub_35_34_g2612                  A1 v -> Y ^   OAI21X1    0.151   4.168    4.284  
      datapath_module/alu_module/sub_35_34_g2607                  -             CLKINVX1   0.000   4.168    4.284  
      datapath_module/alu_module/sub_35_34_g2607                  A ^ -> Y v    CLKINVX1   0.052   4.220    4.336  
      datapath_module/alu_module/sub_35_34_g2601                  -             OAI21X1    0.000   4.220    4.336  
      datapath_module/alu_module/sub_35_34_g2601                  A1 v -> Y ^   OAI21X1    0.136   4.356    4.472  
      datapath_module/alu_module/sub_35_34_g2597                  -             OAI21X1    0.000   4.356    4.472  
      datapath_module/alu_module/sub_35_34_g2597                  A1 ^ -> Y v   OAI21X1    0.074   4.430    4.546  
      datapath_module/alu_module/g7162                            -             OAI2BB1X1  0.000   4.430    4.546  
      datapath_module/alu_module/g7162                            A1N v -> Y v  OAI2BB1X1  0.116   4.546    4.662  
      datapath_module/alu_module/g7108                            -             AO21X2     0.000   4.546    4.662  
      datapath_module/alu_module/g7108                            B0 v -> Y v   AO21X2     0.431   4.977    5.094  
      datapath_module/reg_file_module/reg_memory_reg[28][30]1888  -             MDFFHQX1   0.000   4.977    5.094  
      --------------------------------------------------------------------------------------------------------------
Path 38: MET Setup Check with Pin datapath_module/reg_file_module/reg_memory_reg[27][30]1824/CK 
Endpoint:   datapath_module/reg_file_module/reg_memory_reg[27][30]1824/D0 (v) checked with  leading edge of 'clock'
Beginpoint: IFU_module/PC_reg[3]/Q                                        (^) triggered by  leading edge of 'clock'
Path Groups: {clock}
Retime Analysis { Data Path-Slew }
Other End Arrival Time          0.000
- Setup                         0.006
+ Phase Shift                   7.100
- Uncertainty                   2.000
= Required Time                 5.094
- Arrival Time                  4.977
= Slack Time                    0.116
= Slack Time(original)          0.075
     Clock Rise Edge                 0.000
     + Clock Network Latency (Ideal) 0.000
     = Beginpoint Arrival Time       0.000
      --------------------------------------------------------------------------------------------------------------
      Instance                                                    Arc           Cell       Retime  Arrival  Required  
                                                                                           Delay   Time     Time  
      --------------------------------------------------------------------------------------------------------------
      IFU_module/PC_reg[3]                                        CK ^          -          -       0.000    0.116  
      IFU_module/PC_reg[3]                                        CK ^ -> Q ^   SDFFRHQX4  0.624   0.624    0.741  
      IFU_module/instr_mem/g733                                   -             CLKINVX3   0.000   0.624    0.741  
      IFU_module/instr_mem/g733                                   A ^ -> Y v    CLKINVX3   0.060   0.684    0.800  
      IFU_module/instr_mem/g712                                   -             OAI21X4    0.000   0.684    0.800  
      IFU_module/instr_mem/g712                                   B0 v -> Y ^   OAI21X4    0.060   0.744    0.861  
      IFU_module/instr_mem/g702                                   -             NAND2X6    0.000   0.744    0.861  
      IFU_module/instr_mem/g702                                   B ^ -> Y v    NAND2X6    0.077   0.821    0.937  
      datapath_module/reg_file_module/g38908                      -             CLKINVX1   0.000   0.821    0.937  
      datapath_module/reg_file_module/g38908                      A v -> Y ^    CLKINVX1   0.070   0.891    1.007  
      datapath_module/reg_file_module/g38861                      -             NOR2X2     0.000   0.891    1.007  
      datapath_module/reg_file_module/g38861                      B ^ -> Y v    NOR2X2     0.042   0.933    1.049  
      datapath_module/reg_file_module/g38860                      -             CLKINVX1   0.000   0.933    1.049  
      datapath_module/reg_file_module/g38860                      A v -> Y ^    CLKINVX1   0.049   0.982    1.098  
      datapath_module/reg_file_module/g38666                      -             NOR2XL     0.000   0.982    1.098  
      datapath_module/reg_file_module/g38666                      B ^ -> Y v    NOR2XL     0.062   1.044    1.160  
      datapath_module/reg_file_module/g38665                      -             CLKINVX1   0.000   1.044    1.160  
      datapath_module/reg_file_module/g38665                      A v -> Y ^    CLKINVX1   0.065   1.109    1.225  
      datapath_module/reg_file_module/g38417                      -             OAI22X1    0.000   1.109    1.225  
      datapath_module/reg_file_module/g38417                      A1 ^ -> Y v   OAI22X1    0.076   1.185    1.302  
      datapath_module/reg_file_module/g38128                      -             NOR2XL     0.000   1.185    1.302  
      datapath_module/reg_file_module/g38128                      A v -> Y ^    NOR2XL     0.086   1.271    1.388  
      datapath_module/reg_file_module/g38115                      -             AND2X1     0.000   1.271    1.388  
      datapath_module/reg_file_module/g38115                      A ^ -> Y ^    AND2X1     0.160   1.431    1.547  
      datapath_module/reg_file_module/g37968                      -             NAND3X2    0.000   1.431    1.547  
      datapath_module/reg_file_module/g37968                      C ^ -> Y v    NAND3X2    0.104   1.534    1.651  
      datapath_module/alu_module/g1099                            -             BUFX2      0.000   1.534    1.651  
      datapath_module/alu_module/g1099                            A v -> Y v    BUFX2      0.153   1.687    1.803  
      datapath_module/alu_module/sub_35_34_g2799                  -             NAND2BX1   0.000   1.687    1.803  
      datapath_module/alu_module/sub_35_34_g2799                  B v -> Y ^    NAND2BX1   0.069   1.756    1.872  
      datapath_module/alu_module/sub_35_34_g2713                  -             OAI2BB1X1  0.000   1.756    1.872  
      datapath_module/alu_module/sub_35_34_g2713                  A1N ^ -> Y ^  OAI2BB1X1  0.166   1.921    2.038  
      datapath_module/alu_module/sub_35_34_g2704                  -             ADDFHX1    0.000   1.921    2.038  
      datapath_module/alu_module/sub_35_34_g2704                  CI ^ -> CO ^  ADDFHX1    0.223   2.144    2.260  
      datapath_module/alu_module/sub_35_34_g2703                  -             ADDFHX1    0.000   2.144    2.260  
      datapath_module/alu_module/sub_35_34_g2703                  CI ^ -> CO ^  ADDFHX1    0.220   2.364    2.480  
      datapath_module/alu_module/sub_35_34_g2701                  -             NAND2X1    0.000   2.364    2.480  
      datapath_module/alu_module/sub_35_34_g2701                  B ^ -> Y v    NAND2X1    0.094   2.458    2.574  
      datapath_module/alu_module/sub_35_34_g2698                  -             NAND2X2    0.000   2.458    2.574  
      datapath_module/alu_module/sub_35_34_g2698                  B v -> Y ^    NAND2X2    0.066   2.524    2.641  
      datapath_module/alu_module/sub_35_34_g2697                  -             NAND2X1    0.000   2.524    2.641  
      datapath_module/alu_module/sub_35_34_g2697                  B ^ -> Y v    NAND2X1    0.085   2.610    2.726  
      datapath_module/alu_module/sub_35_34_g2695                  -             NAND2X2    0.000   2.610    2.726  
      datapath_module/alu_module/sub_35_34_g2695                  B v -> Y ^    NAND2X2    0.068   2.678    2.794  
      datapath_module/alu_module/sub_35_34_g2692                  -             NAND2X2    0.000   2.678    2.794  
      datapath_module/alu_module/sub_35_34_g2692                  B ^ -> Y v    NAND2X2    0.061   2.739    2.855  
      datapath_module/alu_module/sub_35_34_g2690                  -             NAND2X2    0.000   2.739    2.855  
      datapath_module/alu_module/sub_35_34_g2690                  B v -> Y ^    NAND2X2    0.062   2.801    2.917  
      datapath_module/alu_module/sub_35_34_g2687                  -             NAND2X2    0.000   2.801    2.917  
      datapath_module/alu_module/sub_35_34_g2687                  B ^ -> Y v    NAND2X2    0.060   2.861    2.977  
      datapath_module/alu_module/sub_35_34_g2685                  -             NAND2X2    0.000   2.861    2.977  
      datapath_module/alu_module/sub_35_34_g2685                  B v -> Y ^    NAND2X2    0.075   2.936    3.052  
      datapath_module/alu_module/sub_35_34_g2680                  -             AOI31X2    0.000   2.936    3.052  
      datapath_module/alu_module/sub_35_34_g2680                  A2 ^ -> Y v   AOI31X2    0.111   3.047    3.163  
      datapath_module/alu_module/sub_35_34_g2672                  -             NOR2X1     0.000   3.047    3.163  
      datapath_module/alu_module/sub_35_34_g2672                  B v -> Y ^    NOR2X1     0.119   3.166    3.283  
      datapath_module/alu_module/sub_35_34_g2670                  -             NOR2X2     0.000   3.166    3.283  
      datapath_module/alu_module/sub_35_34_g2670                  B ^ -> Y v    NOR2X2     0.053   3.219    3.335  
      datapath_module/alu_module/g25560                           -             AOI2BB1X1  0.000   3.219    3.335  
      datapath_module/alu_module/g25560                           A1N v -> Y v  AOI2BB1X1  0.170   3.389    3.505  
      datapath_module/alu_module/sub_35_34_g2661                  -             OAI21X2    0.000   3.389    3.505  
      datapath_module/alu_module/sub_35_34_g2661                  A1 v -> Y ^   OAI21X2    0.110   3.499    3.615  
      datapath_module/alu_module/sub_35_34_g2658                  -             AOI21X2    0.000   3.499    3.615  
      datapath_module/alu_module/sub_35_34_g2658                  A1 ^ -> Y v   AOI21X2    0.101   3.599    3.716  
      datapath_module/alu_module/sub_35_34_g2653                  -             OAI21X2    0.000   3.599    3.716  
      datapath_module/alu_module/sub_35_34_g2653                  A1 v -> Y ^   OAI21X2    0.111   3.710    3.826  
      datapath_module/alu_module/sub_35_34_g2643                  -             NAND2XL    0.000   3.710    3.826  
      datapath_module/alu_module/sub_35_34_g2643                  B ^ -> Y v    NAND2XL    0.097   3.807    3.923  
      datapath_module/alu_module/sub_35_34_g2641                  -             NAND2X1    0.000   3.807    3.923  
      datapath_module/alu_module/sub_35_34_g2641                  B v -> Y ^    NAND2X1    0.100   3.907    4.023  
      datapath_module/alu_module/sub_35_34_g2627                  -             AOI21X1    0.000   3.907    4.023  
      datapath_module/alu_module/sub_35_34_g2627                  A1 ^ -> Y v   AOI21X1    0.110   4.016    4.133  
      datapath_module/alu_module/sub_35_34_g2612                  -             OAI21X1    0.000   4.016    4.133  
      datapath_module/alu_module/sub_35_34_g2612                  A1 v -> Y ^   OAI21X1    0.151   4.168    4.284  
      datapath_module/alu_module/sub_35_34_g2607                  -             CLKINVX1   0.000   4.168    4.284  
      datapath_module/alu_module/sub_35_34_g2607                  A ^ -> Y v    CLKINVX1   0.052   4.220    4.336  
      datapath_module/alu_module/sub_35_34_g2601                  -             OAI21X1    0.000   4.220    4.336  
      datapath_module/alu_module/sub_35_34_g2601                  A1 v -> Y ^   OAI21X1    0.136   4.356    4.472  
      datapath_module/alu_module/sub_35_34_g2597                  -             OAI21X1    0.000   4.356    4.472  
      datapath_module/alu_module/sub_35_34_g2597                  A1 ^ -> Y v   OAI21X1    0.074   4.430    4.546  
      datapath_module/alu_module/g7162                            -             OAI2BB1X1  0.000   4.430    4.546  
      datapath_module/alu_module/g7162                            A1N v -> Y v  OAI2BB1X1  0.116   4.546    4.662  
      datapath_module/alu_module/g7108                            -             AO21X2     0.000   4.546    4.662  
      datapath_module/alu_module/g7108                            B0 v -> Y v   AO21X2     0.431   4.977    5.094  
      datapath_module/reg_file_module/reg_memory_reg[27][30]1824  -             MDFFHQX1   0.000   4.977    5.094  
      --------------------------------------------------------------------------------------------------------------
Path 39: MET Setup Check with Pin datapath_module/reg_file_module/reg_memory_reg[26][30]1760/CK 
Endpoint:   datapath_module/reg_file_module/reg_memory_reg[26][30]1760/D0 (v) checked with  leading edge of 'clock'
Beginpoint: IFU_module/PC_reg[3]/Q                                        (^) triggered by  leading edge of 'clock'
Path Groups: {clock}
Retime Analysis { Data Path-Slew }
Other End Arrival Time          0.000
- Setup                         0.006
+ Phase Shift                   7.100
- Uncertainty                   2.000
= Required Time                 5.094
- Arrival Time                  4.977
= Slack Time                    0.116
= Slack Time(original)          0.075
     Clock Rise Edge                 0.000
     + Clock Network Latency (Ideal) 0.000
     = Beginpoint Arrival Time       0.000
      --------------------------------------------------------------------------------------------------------------
      Instance                                                    Arc           Cell       Retime  Arrival  Required  
                                                                                           Delay   Time     Time  
      --------------------------------------------------------------------------------------------------------------
      IFU_module/PC_reg[3]                                        CK ^          -          -       0.000    0.116  
      IFU_module/PC_reg[3]                                        CK ^ -> Q ^   SDFFRHQX4  0.624   0.624    0.741  
      IFU_module/instr_mem/g733                                   -             CLKINVX3   0.000   0.624    0.741  
      IFU_module/instr_mem/g733                                   A ^ -> Y v    CLKINVX3   0.060   0.684    0.800  
      IFU_module/instr_mem/g712                                   -             OAI21X4    0.000   0.684    0.800  
      IFU_module/instr_mem/g712                                   B0 v -> Y ^   OAI21X4    0.060   0.744    0.861  
      IFU_module/instr_mem/g702                                   -             NAND2X6    0.000   0.744    0.861  
      IFU_module/instr_mem/g702                                   B ^ -> Y v    NAND2X6    0.077   0.821    0.937  
      datapath_module/reg_file_module/g38908                      -             CLKINVX1   0.000   0.821    0.937  
      datapath_module/reg_file_module/g38908                      A v -> Y ^    CLKINVX1   0.070   0.891    1.007  
      datapath_module/reg_file_module/g38861                      -             NOR2X2     0.000   0.891    1.007  
      datapath_module/reg_file_module/g38861                      B ^ -> Y v    NOR2X2     0.042   0.933    1.049  
      datapath_module/reg_file_module/g38860                      -             CLKINVX1   0.000   0.933    1.049  
      datapath_module/reg_file_module/g38860                      A v -> Y ^    CLKINVX1   0.049   0.982    1.098  
      datapath_module/reg_file_module/g38666                      -             NOR2XL     0.000   0.982    1.098  
      datapath_module/reg_file_module/g38666                      B ^ -> Y v    NOR2XL     0.062   1.044    1.160  
      datapath_module/reg_file_module/g38665                      -             CLKINVX1   0.000   1.044    1.160  
      datapath_module/reg_file_module/g38665                      A v -> Y ^    CLKINVX1   0.065   1.109    1.225  
      datapath_module/reg_file_module/g38417                      -             OAI22X1    0.000   1.109    1.225  
      datapath_module/reg_file_module/g38417                      A1 ^ -> Y v   OAI22X1    0.076   1.185    1.302  
      datapath_module/reg_file_module/g38128                      -             NOR2XL     0.000   1.185    1.302  
      datapath_module/reg_file_module/g38128                      A v -> Y ^    NOR2XL     0.086   1.271    1.388  
      datapath_module/reg_file_module/g38115                      -             AND2X1     0.000   1.271    1.388  
      datapath_module/reg_file_module/g38115                      A ^ -> Y ^    AND2X1     0.160   1.431    1.547  
      datapath_module/reg_file_module/g37968                      -             NAND3X2    0.000   1.431    1.547  
      datapath_module/reg_file_module/g37968                      C ^ -> Y v    NAND3X2    0.104   1.534    1.651  
      datapath_module/alu_module/g1099                            -             BUFX2      0.000   1.534    1.651  
      datapath_module/alu_module/g1099                            A v -> Y v    BUFX2      0.153   1.687    1.803  
      datapath_module/alu_module/sub_35_34_g2799                  -             NAND2BX1   0.000   1.687    1.803  
      datapath_module/alu_module/sub_35_34_g2799                  B v -> Y ^    NAND2BX1   0.069   1.756    1.872  
      datapath_module/alu_module/sub_35_34_g2713                  -             OAI2BB1X1  0.000   1.756    1.872  
      datapath_module/alu_module/sub_35_34_g2713                  A1N ^ -> Y ^  OAI2BB1X1  0.166   1.921    2.038  
      datapath_module/alu_module/sub_35_34_g2704                  -             ADDFHX1    0.000   1.921    2.038  
      datapath_module/alu_module/sub_35_34_g2704                  CI ^ -> CO ^  ADDFHX1    0.223   2.144    2.260  
      datapath_module/alu_module/sub_35_34_g2703                  -             ADDFHX1    0.000   2.144    2.260  
      datapath_module/alu_module/sub_35_34_g2703                  CI ^ -> CO ^  ADDFHX1    0.220   2.364    2.480  
      datapath_module/alu_module/sub_35_34_g2701                  -             NAND2X1    0.000   2.364    2.480  
      datapath_module/alu_module/sub_35_34_g2701                  B ^ -> Y v    NAND2X1    0.094   2.458    2.574  
      datapath_module/alu_module/sub_35_34_g2698                  -             NAND2X2    0.000   2.458    2.574  
      datapath_module/alu_module/sub_35_34_g2698                  B v -> Y ^    NAND2X2    0.066   2.524    2.641  
      datapath_module/alu_module/sub_35_34_g2697                  -             NAND2X1    0.000   2.524    2.641  
      datapath_module/alu_module/sub_35_34_g2697                  B ^ -> Y v    NAND2X1    0.085   2.610    2.726  
      datapath_module/alu_module/sub_35_34_g2695                  -             NAND2X2    0.000   2.610    2.726  
      datapath_module/alu_module/sub_35_34_g2695                  B v -> Y ^    NAND2X2    0.068   2.678    2.794  
      datapath_module/alu_module/sub_35_34_g2692                  -             NAND2X2    0.000   2.678    2.794  
      datapath_module/alu_module/sub_35_34_g2692                  B ^ -> Y v    NAND2X2    0.061   2.739    2.855  
      datapath_module/alu_module/sub_35_34_g2690                  -             NAND2X2    0.000   2.739    2.855  
      datapath_module/alu_module/sub_35_34_g2690                  B v -> Y ^    NAND2X2    0.062   2.801    2.917  
      datapath_module/alu_module/sub_35_34_g2687                  -             NAND2X2    0.000   2.801    2.917  
      datapath_module/alu_module/sub_35_34_g2687                  B ^ -> Y v    NAND2X2    0.060   2.861    2.977  
      datapath_module/alu_module/sub_35_34_g2685                  -             NAND2X2    0.000   2.861    2.977  
      datapath_module/alu_module/sub_35_34_g2685                  B v -> Y ^    NAND2X2    0.075   2.936    3.052  
      datapath_module/alu_module/sub_35_34_g2680                  -             AOI31X2    0.000   2.936    3.052  
      datapath_module/alu_module/sub_35_34_g2680                  A2 ^ -> Y v   AOI31X2    0.111   3.047    3.163  
      datapath_module/alu_module/sub_35_34_g2672                  -             NOR2X1     0.000   3.047    3.163  
      datapath_module/alu_module/sub_35_34_g2672                  B v -> Y ^    NOR2X1     0.119   3.166    3.283  
      datapath_module/alu_module/sub_35_34_g2670                  -             NOR2X2     0.000   3.166    3.283  
      datapath_module/alu_module/sub_35_34_g2670                  B ^ -> Y v    NOR2X2     0.053   3.219    3.335  
      datapath_module/alu_module/g25560                           -             AOI2BB1X1  0.000   3.219    3.335  
      datapath_module/alu_module/g25560                           A1N v -> Y v  AOI2BB1X1  0.170   3.389    3.505  
      datapath_module/alu_module/sub_35_34_g2661                  -             OAI21X2    0.000   3.389    3.505  
      datapath_module/alu_module/sub_35_34_g2661                  A1 v -> Y ^   OAI21X2    0.110   3.499    3.615  
      datapath_module/alu_module/sub_35_34_g2658                  -             AOI21X2    0.000   3.499    3.615  
      datapath_module/alu_module/sub_35_34_g2658                  A1 ^ -> Y v   AOI21X2    0.101   3.599    3.716  
      datapath_module/alu_module/sub_35_34_g2653                  -             OAI21X2    0.000   3.599    3.716  
      datapath_module/alu_module/sub_35_34_g2653                  A1 v -> Y ^   OAI21X2    0.111   3.710    3.826  
      datapath_module/alu_module/sub_35_34_g2643                  -             NAND2XL    0.000   3.710    3.826  
      datapath_module/alu_module/sub_35_34_g2643                  B ^ -> Y v    NAND2XL    0.097   3.807    3.923  
      datapath_module/alu_module/sub_35_34_g2641                  -             NAND2X1    0.000   3.807    3.923  
      datapath_module/alu_module/sub_35_34_g2641                  B v -> Y ^    NAND2X1    0.100   3.907    4.023  
      datapath_module/alu_module/sub_35_34_g2627                  -             AOI21X1    0.000   3.907    4.023  
      datapath_module/alu_module/sub_35_34_g2627                  A1 ^ -> Y v   AOI21X1    0.110   4.016    4.133  
      datapath_module/alu_module/sub_35_34_g2612                  -             OAI21X1    0.000   4.016    4.133  
      datapath_module/alu_module/sub_35_34_g2612                  A1 v -> Y ^   OAI21X1    0.151   4.168    4.284  
      datapath_module/alu_module/sub_35_34_g2607                  -             CLKINVX1   0.000   4.168    4.284  
      datapath_module/alu_module/sub_35_34_g2607                  A ^ -> Y v    CLKINVX1   0.052   4.220    4.336  
      datapath_module/alu_module/sub_35_34_g2601                  -             OAI21X1    0.000   4.220    4.336  
      datapath_module/alu_module/sub_35_34_g2601                  A1 v -> Y ^   OAI21X1    0.136   4.356    4.472  
      datapath_module/alu_module/sub_35_34_g2597                  -             OAI21X1    0.000   4.356    4.472  
      datapath_module/alu_module/sub_35_34_g2597                  A1 ^ -> Y v   OAI21X1    0.074   4.430    4.546  
      datapath_module/alu_module/g7162                            -             OAI2BB1X1  0.000   4.430    4.546  
      datapath_module/alu_module/g7162                            A1N v -> Y v  OAI2BB1X1  0.116   4.546    4.662  
      datapath_module/alu_module/g7108                            -             AO21X2     0.000   4.546    4.662  
      datapath_module/alu_module/g7108                            B0 v -> Y v   AO21X2     0.431   4.977    5.094  
      datapath_module/reg_file_module/reg_memory_reg[26][30]1760  -             MDFFHQX1   0.000   4.977    5.094  
      --------------------------------------------------------------------------------------------------------------
Path 40: MET Setup Check with Pin datapath_module/reg_file_module/reg_memory_reg[25][30]1696/CK 
Endpoint:   datapath_module/reg_file_module/reg_memory_reg[25][30]1696/D0 (v) checked with  leading edge of 'clock'
Beginpoint: IFU_module/PC_reg[3]/Q                                        (^) triggered by  leading edge of 'clock'
Path Groups: {clock}
Retime Analysis { Data Path-Slew }
Other End Arrival Time          0.000
- Setup                         0.006
+ Phase Shift                   7.100
- Uncertainty                   2.000
= Required Time                 5.094
- Arrival Time                  4.977
= Slack Time                    0.116
= Slack Time(original)          0.075
     Clock Rise Edge                 0.000
     + Clock Network Latency (Ideal) 0.000
     = Beginpoint Arrival Time       0.000
      --------------------------------------------------------------------------------------------------------------
      Instance                                                    Arc           Cell       Retime  Arrival  Required  
                                                                                           Delay   Time     Time  
      --------------------------------------------------------------------------------------------------------------
      IFU_module/PC_reg[3]                                        CK ^          -          -       0.000    0.116  
      IFU_module/PC_reg[3]                                        CK ^ -> Q ^   SDFFRHQX4  0.624   0.624    0.741  
      IFU_module/instr_mem/g733                                   -             CLKINVX3   0.000   0.624    0.741  
      IFU_module/instr_mem/g733                                   A ^ -> Y v    CLKINVX3   0.060   0.684    0.800  
      IFU_module/instr_mem/g712                                   -             OAI21X4    0.000   0.684    0.800  
      IFU_module/instr_mem/g712                                   B0 v -> Y ^   OAI21X4    0.060   0.744    0.861  
      IFU_module/instr_mem/g702                                   -             NAND2X6    0.000   0.744    0.861  
      IFU_module/instr_mem/g702                                   B ^ -> Y v    NAND2X6    0.077   0.821    0.937  
      datapath_module/reg_file_module/g38908                      -             CLKINVX1   0.000   0.821    0.937  
      datapath_module/reg_file_module/g38908                      A v -> Y ^    CLKINVX1   0.070   0.891    1.007  
      datapath_module/reg_file_module/g38861                      -             NOR2X2     0.000   0.891    1.007  
      datapath_module/reg_file_module/g38861                      B ^ -> Y v    NOR2X2     0.042   0.933    1.049  
      datapath_module/reg_file_module/g38860                      -             CLKINVX1   0.000   0.933    1.049  
      datapath_module/reg_file_module/g38860                      A v -> Y ^    CLKINVX1   0.049   0.982    1.098  
      datapath_module/reg_file_module/g38666                      -             NOR2XL     0.000   0.982    1.098  
      datapath_module/reg_file_module/g38666                      B ^ -> Y v    NOR2XL     0.062   1.044    1.160  
      datapath_module/reg_file_module/g38665                      -             CLKINVX1   0.000   1.044    1.160  
      datapath_module/reg_file_module/g38665                      A v -> Y ^    CLKINVX1   0.065   1.109    1.225  
      datapath_module/reg_file_module/g38417                      -             OAI22X1    0.000   1.109    1.225  
      datapath_module/reg_file_module/g38417                      A1 ^ -> Y v   OAI22X1    0.076   1.185    1.302  
      datapath_module/reg_file_module/g38128                      -             NOR2XL     0.000   1.185    1.302  
      datapath_module/reg_file_module/g38128                      A v -> Y ^    NOR2XL     0.086   1.271    1.388  
      datapath_module/reg_file_module/g38115                      -             AND2X1     0.000   1.271    1.388  
      datapath_module/reg_file_module/g38115                      A ^ -> Y ^    AND2X1     0.160   1.431    1.547  
      datapath_module/reg_file_module/g37968                      -             NAND3X2    0.000   1.431    1.547  
      datapath_module/reg_file_module/g37968                      C ^ -> Y v    NAND3X2    0.104   1.534    1.651  
      datapath_module/alu_module/g1099                            -             BUFX2      0.000   1.534    1.651  
      datapath_module/alu_module/g1099                            A v -> Y v    BUFX2      0.153   1.687    1.803  
      datapath_module/alu_module/sub_35_34_g2799                  -             NAND2BX1   0.000   1.687    1.803  
      datapath_module/alu_module/sub_35_34_g2799                  B v -> Y ^    NAND2BX1   0.069   1.756    1.872  
      datapath_module/alu_module/sub_35_34_g2713                  -             OAI2BB1X1  0.000   1.756    1.872  
      datapath_module/alu_module/sub_35_34_g2713                  A1N ^ -> Y ^  OAI2BB1X1  0.166   1.921    2.038  
      datapath_module/alu_module/sub_35_34_g2704                  -             ADDFHX1    0.000   1.921    2.038  
      datapath_module/alu_module/sub_35_34_g2704                  CI ^ -> CO ^  ADDFHX1    0.223   2.144    2.260  
      datapath_module/alu_module/sub_35_34_g2703                  -             ADDFHX1    0.000   2.144    2.260  
      datapath_module/alu_module/sub_35_34_g2703                  CI ^ -> CO ^  ADDFHX1    0.220   2.364    2.480  
      datapath_module/alu_module/sub_35_34_g2701                  -             NAND2X1    0.000   2.364    2.480  
      datapath_module/alu_module/sub_35_34_g2701                  B ^ -> Y v    NAND2X1    0.094   2.458    2.574  
      datapath_module/alu_module/sub_35_34_g2698                  -             NAND2X2    0.000   2.458    2.574  
      datapath_module/alu_module/sub_35_34_g2698                  B v -> Y ^    NAND2X2    0.066   2.524    2.641  
      datapath_module/alu_module/sub_35_34_g2697                  -             NAND2X1    0.000   2.524    2.641  
      datapath_module/alu_module/sub_35_34_g2697                  B ^ -> Y v    NAND2X1    0.085   2.610    2.726  
      datapath_module/alu_module/sub_35_34_g2695                  -             NAND2X2    0.000   2.610    2.726  
      datapath_module/alu_module/sub_35_34_g2695                  B v -> Y ^    NAND2X2    0.068   2.678    2.794  
      datapath_module/alu_module/sub_35_34_g2692                  -             NAND2X2    0.000   2.678    2.794  
      datapath_module/alu_module/sub_35_34_g2692                  B ^ -> Y v    NAND2X2    0.061   2.739    2.855  
      datapath_module/alu_module/sub_35_34_g2690                  -             NAND2X2    0.000   2.739    2.855  
      datapath_module/alu_module/sub_35_34_g2690                  B v -> Y ^    NAND2X2    0.062   2.801    2.917  
      datapath_module/alu_module/sub_35_34_g2687                  -             NAND2X2    0.000   2.801    2.917  
      datapath_module/alu_module/sub_35_34_g2687                  B ^ -> Y v    NAND2X2    0.060   2.861    2.977  
      datapath_module/alu_module/sub_35_34_g2685                  -             NAND2X2    0.000   2.861    2.977  
      datapath_module/alu_module/sub_35_34_g2685                  B v -> Y ^    NAND2X2    0.075   2.936    3.052  
      datapath_module/alu_module/sub_35_34_g2680                  -             AOI31X2    0.000   2.936    3.052  
      datapath_module/alu_module/sub_35_34_g2680                  A2 ^ -> Y v   AOI31X2    0.111   3.047    3.163  
      datapath_module/alu_module/sub_35_34_g2672                  -             NOR2X1     0.000   3.047    3.163  
      datapath_module/alu_module/sub_35_34_g2672                  B v -> Y ^    NOR2X1     0.119   3.166    3.283  
      datapath_module/alu_module/sub_35_34_g2670                  -             NOR2X2     0.000   3.166    3.283  
      datapath_module/alu_module/sub_35_34_g2670                  B ^ -> Y v    NOR2X2     0.053   3.219    3.335  
      datapath_module/alu_module/g25560                           -             AOI2BB1X1  0.000   3.219    3.335  
      datapath_module/alu_module/g25560                           A1N v -> Y v  AOI2BB1X1  0.170   3.389    3.505  
      datapath_module/alu_module/sub_35_34_g2661                  -             OAI21X2    0.000   3.389    3.505  
      datapath_module/alu_module/sub_35_34_g2661                  A1 v -> Y ^   OAI21X2    0.110   3.499    3.615  
      datapath_module/alu_module/sub_35_34_g2658                  -             AOI21X2    0.000   3.499    3.615  
      datapath_module/alu_module/sub_35_34_g2658                  A1 ^ -> Y v   AOI21X2    0.101   3.599    3.716  
      datapath_module/alu_module/sub_35_34_g2653                  -             OAI21X2    0.000   3.599    3.716  
      datapath_module/alu_module/sub_35_34_g2653                  A1 v -> Y ^   OAI21X2    0.111   3.710    3.826  
      datapath_module/alu_module/sub_35_34_g2643                  -             NAND2XL    0.000   3.710    3.826  
      datapath_module/alu_module/sub_35_34_g2643                  B ^ -> Y v    NAND2XL    0.097   3.807    3.923  
      datapath_module/alu_module/sub_35_34_g2641                  -             NAND2X1    0.000   3.807    3.923  
      datapath_module/alu_module/sub_35_34_g2641                  B v -> Y ^    NAND2X1    0.100   3.907    4.023  
      datapath_module/alu_module/sub_35_34_g2627                  -             AOI21X1    0.000   3.907    4.023  
      datapath_module/alu_module/sub_35_34_g2627                  A1 ^ -> Y v   AOI21X1    0.110   4.016    4.133  
      datapath_module/alu_module/sub_35_34_g2612                  -             OAI21X1    0.000   4.016    4.133  
      datapath_module/alu_module/sub_35_34_g2612                  A1 v -> Y ^   OAI21X1    0.151   4.168    4.284  
      datapath_module/alu_module/sub_35_34_g2607                  -             CLKINVX1   0.000   4.168    4.284  
      datapath_module/alu_module/sub_35_34_g2607                  A ^ -> Y v    CLKINVX1   0.052   4.220    4.336  
      datapath_module/alu_module/sub_35_34_g2601                  -             OAI21X1    0.000   4.220    4.336  
      datapath_module/alu_module/sub_35_34_g2601                  A1 v -> Y ^   OAI21X1    0.136   4.356    4.472  
      datapath_module/alu_module/sub_35_34_g2597                  -             OAI21X1    0.000   4.356    4.472  
      datapath_module/alu_module/sub_35_34_g2597                  A1 ^ -> Y v   OAI21X1    0.074   4.430    4.546  
      datapath_module/alu_module/g7162                            -             OAI2BB1X1  0.000   4.430    4.546  
      datapath_module/alu_module/g7162                            A1N v -> Y v  OAI2BB1X1  0.116   4.546    4.662  
      datapath_module/alu_module/g7108                            -             AO21X2     0.000   4.546    4.662  
      datapath_module/alu_module/g7108                            B0 v -> Y v   AO21X2     0.431   4.977    5.094  
      datapath_module/reg_file_module/reg_memory_reg[25][30]1696  -             MDFFHQX1   0.000   4.977    5.094  
      --------------------------------------------------------------------------------------------------------------
Path 41: MET Setup Check with Pin datapath_module/reg_file_module/reg_memory_reg[24][30]1632/CK 
Endpoint:   datapath_module/reg_file_module/reg_memory_reg[24][30]1632/D0 (v) checked with  leading edge of 'clock'
Beginpoint: IFU_module/PC_reg[3]/Q                                        (^) triggered by  leading edge of 'clock'
Path Groups: {clock}
Retime Analysis { Data Path-Slew }
Other End Arrival Time          0.000
- Setup                         0.006
+ Phase Shift                   7.100
- Uncertainty                   2.000
= Required Time                 5.094
- Arrival Time                  4.977
= Slack Time                    0.116
= Slack Time(original)          0.075
     Clock Rise Edge                 0.000
     + Clock Network Latency (Ideal) 0.000
     = Beginpoint Arrival Time       0.000
      --------------------------------------------------------------------------------------------------------------
      Instance                                                    Arc           Cell       Retime  Arrival  Required  
                                                                                           Delay   Time     Time  
      --------------------------------------------------------------------------------------------------------------
      IFU_module/PC_reg[3]                                        CK ^          -          -       0.000    0.116  
      IFU_module/PC_reg[3]                                        CK ^ -> Q ^   SDFFRHQX4  0.624   0.624    0.741  
      IFU_module/instr_mem/g733                                   -             CLKINVX3   0.000   0.624    0.741  
      IFU_module/instr_mem/g733                                   A ^ -> Y v    CLKINVX3   0.060   0.684    0.800  
      IFU_module/instr_mem/g712                                   -             OAI21X4    0.000   0.684    0.800  
      IFU_module/instr_mem/g712                                   B0 v -> Y ^   OAI21X4    0.060   0.744    0.861  
      IFU_module/instr_mem/g702                                   -             NAND2X6    0.000   0.744    0.861  
      IFU_module/instr_mem/g702                                   B ^ -> Y v    NAND2X6    0.077   0.821    0.937  
      datapath_module/reg_file_module/g38908                      -             CLKINVX1   0.000   0.821    0.937  
      datapath_module/reg_file_module/g38908                      A v -> Y ^    CLKINVX1   0.070   0.891    1.007  
      datapath_module/reg_file_module/g38861                      -             NOR2X2     0.000   0.891    1.007  
      datapath_module/reg_file_module/g38861                      B ^ -> Y v    NOR2X2     0.042   0.933    1.049  
      datapath_module/reg_file_module/g38860                      -             CLKINVX1   0.000   0.933    1.049  
      datapath_module/reg_file_module/g38860                      A v -> Y ^    CLKINVX1   0.049   0.982    1.098  
      datapath_module/reg_file_module/g38666                      -             NOR2XL     0.000   0.982    1.098  
      datapath_module/reg_file_module/g38666                      B ^ -> Y v    NOR2XL     0.062   1.044    1.160  
      datapath_module/reg_file_module/g38665                      -             CLKINVX1   0.000   1.044    1.160  
      datapath_module/reg_file_module/g38665                      A v -> Y ^    CLKINVX1   0.065   1.109    1.225  
      datapath_module/reg_file_module/g38417                      -             OAI22X1    0.000   1.109    1.225  
      datapath_module/reg_file_module/g38417                      A1 ^ -> Y v   OAI22X1    0.076   1.185    1.302  
      datapath_module/reg_file_module/g38128                      -             NOR2XL     0.000   1.185    1.302  
      datapath_module/reg_file_module/g38128                      A v -> Y ^    NOR2XL     0.086   1.271    1.388  
      datapath_module/reg_file_module/g38115                      -             AND2X1     0.000   1.271    1.388  
      datapath_module/reg_file_module/g38115                      A ^ -> Y ^    AND2X1     0.160   1.431    1.547  
      datapath_module/reg_file_module/g37968                      -             NAND3X2    0.000   1.431    1.547  
      datapath_module/reg_file_module/g37968                      C ^ -> Y v    NAND3X2    0.104   1.534    1.651  
      datapath_module/alu_module/g1099                            -             BUFX2      0.000   1.534    1.651  
      datapath_module/alu_module/g1099                            A v -> Y v    BUFX2      0.153   1.687    1.803  
      datapath_module/alu_module/sub_35_34_g2799                  -             NAND2BX1   0.000   1.687    1.803  
      datapath_module/alu_module/sub_35_34_g2799                  B v -> Y ^    NAND2BX1   0.069   1.756    1.872  
      datapath_module/alu_module/sub_35_34_g2713                  -             OAI2BB1X1  0.000   1.756    1.872  
      datapath_module/alu_module/sub_35_34_g2713                  A1N ^ -> Y ^  OAI2BB1X1  0.166   1.921    2.038  
      datapath_module/alu_module/sub_35_34_g2704                  -             ADDFHX1    0.000   1.921    2.038  
      datapath_module/alu_module/sub_35_34_g2704                  CI ^ -> CO ^  ADDFHX1    0.223   2.144    2.260  
      datapath_module/alu_module/sub_35_34_g2703                  -             ADDFHX1    0.000   2.144    2.260  
      datapath_module/alu_module/sub_35_34_g2703                  CI ^ -> CO ^  ADDFHX1    0.220   2.364    2.480  
      datapath_module/alu_module/sub_35_34_g2701                  -             NAND2X1    0.000   2.364    2.480  
      datapath_module/alu_module/sub_35_34_g2701                  B ^ -> Y v    NAND2X1    0.094   2.458    2.574  
      datapath_module/alu_module/sub_35_34_g2698                  -             NAND2X2    0.000   2.458    2.574  
      datapath_module/alu_module/sub_35_34_g2698                  B v -> Y ^    NAND2X2    0.066   2.524    2.641  
      datapath_module/alu_module/sub_35_34_g2697                  -             NAND2X1    0.000   2.524    2.641  
      datapath_module/alu_module/sub_35_34_g2697                  B ^ -> Y v    NAND2X1    0.085   2.610    2.726  
      datapath_module/alu_module/sub_35_34_g2695                  -             NAND2X2    0.000   2.610    2.726  
      datapath_module/alu_module/sub_35_34_g2695                  B v -> Y ^    NAND2X2    0.068   2.678    2.794  
      datapath_module/alu_module/sub_35_34_g2692                  -             NAND2X2    0.000   2.678    2.794  
      datapath_module/alu_module/sub_35_34_g2692                  B ^ -> Y v    NAND2X2    0.061   2.739    2.855  
      datapath_module/alu_module/sub_35_34_g2690                  -             NAND2X2    0.000   2.739    2.855  
      datapath_module/alu_module/sub_35_34_g2690                  B v -> Y ^    NAND2X2    0.062   2.801    2.917  
      datapath_module/alu_module/sub_35_34_g2687                  -             NAND2X2    0.000   2.801    2.917  
      datapath_module/alu_module/sub_35_34_g2687                  B ^ -> Y v    NAND2X2    0.060   2.861    2.977  
      datapath_module/alu_module/sub_35_34_g2685                  -             NAND2X2    0.000   2.861    2.977  
      datapath_module/alu_module/sub_35_34_g2685                  B v -> Y ^    NAND2X2    0.075   2.936    3.052  
      datapath_module/alu_module/sub_35_34_g2680                  -             AOI31X2    0.000   2.936    3.052  
      datapath_module/alu_module/sub_35_34_g2680                  A2 ^ -> Y v   AOI31X2    0.111   3.047    3.163  
      datapath_module/alu_module/sub_35_34_g2672                  -             NOR2X1     0.000   3.047    3.163  
      datapath_module/alu_module/sub_35_34_g2672                  B v -> Y ^    NOR2X1     0.119   3.166    3.283  
      datapath_module/alu_module/sub_35_34_g2670                  -             NOR2X2     0.000   3.166    3.283  
      datapath_module/alu_module/sub_35_34_g2670                  B ^ -> Y v    NOR2X2     0.053   3.219    3.335  
      datapath_module/alu_module/g25560                           -             AOI2BB1X1  0.000   3.219    3.335  
      datapath_module/alu_module/g25560                           A1N v -> Y v  AOI2BB1X1  0.170   3.389    3.505  
      datapath_module/alu_module/sub_35_34_g2661                  -             OAI21X2    0.000   3.389    3.505  
      datapath_module/alu_module/sub_35_34_g2661                  A1 v -> Y ^   OAI21X2    0.110   3.499    3.615  
      datapath_module/alu_module/sub_35_34_g2658                  -             AOI21X2    0.000   3.499    3.615  
      datapath_module/alu_module/sub_35_34_g2658                  A1 ^ -> Y v   AOI21X2    0.101   3.599    3.716  
      datapath_module/alu_module/sub_35_34_g2653                  -             OAI21X2    0.000   3.599    3.716  
      datapath_module/alu_module/sub_35_34_g2653                  A1 v -> Y ^   OAI21X2    0.111   3.710    3.826  
      datapath_module/alu_module/sub_35_34_g2643                  -             NAND2XL    0.000   3.710    3.826  
      datapath_module/alu_module/sub_35_34_g2643                  B ^ -> Y v    NAND2XL    0.097   3.807    3.923  
      datapath_module/alu_module/sub_35_34_g2641                  -             NAND2X1    0.000   3.807    3.923  
      datapath_module/alu_module/sub_35_34_g2641                  B v -> Y ^    NAND2X1    0.100   3.907    4.023  
      datapath_module/alu_module/sub_35_34_g2627                  -             AOI21X1    0.000   3.907    4.023  
      datapath_module/alu_module/sub_35_34_g2627                  A1 ^ -> Y v   AOI21X1    0.110   4.016    4.133  
      datapath_module/alu_module/sub_35_34_g2612                  -             OAI21X1    0.000   4.016    4.133  
      datapath_module/alu_module/sub_35_34_g2612                  A1 v -> Y ^   OAI21X1    0.151   4.168    4.284  
      datapath_module/alu_module/sub_35_34_g2607                  -             CLKINVX1   0.000   4.168    4.284  
      datapath_module/alu_module/sub_35_34_g2607                  A ^ -> Y v    CLKINVX1   0.052   4.220    4.336  
      datapath_module/alu_module/sub_35_34_g2601                  -             OAI21X1    0.000   4.220    4.336  
      datapath_module/alu_module/sub_35_34_g2601                  A1 v -> Y ^   OAI21X1    0.136   4.356    4.472  
      datapath_module/alu_module/sub_35_34_g2597                  -             OAI21X1    0.000   4.356    4.472  
      datapath_module/alu_module/sub_35_34_g2597                  A1 ^ -> Y v   OAI21X1    0.074   4.430    4.546  
      datapath_module/alu_module/g7162                            -             OAI2BB1X1  0.000   4.430    4.546  
      datapath_module/alu_module/g7162                            A1N v -> Y v  OAI2BB1X1  0.116   4.546    4.662  
      datapath_module/alu_module/g7108                            -             AO21X2     0.000   4.546    4.662  
      datapath_module/alu_module/g7108                            B0 v -> Y v   AO21X2     0.431   4.977    5.094  
      datapath_module/reg_file_module/reg_memory_reg[24][30]1632  -             MDFFHQX1   0.000   4.977    5.094  
      --------------------------------------------------------------------------------------------------------------
Path 42: MET Setup Check with Pin datapath_module/reg_file_module/reg_memory_reg[23][30]1568/CK 
Endpoint:   datapath_module/reg_file_module/reg_memory_reg[23][30]1568/D1 (v) checked with  leading edge of 'clock'
Beginpoint: IFU_module/PC_reg[3]/Q                                        (^) triggered by  leading edge of 'clock'
Path Groups: {clock}
Retime Analysis { Data Path-Slew }
Other End Arrival Time          0.000
- Setup                         0.006
+ Phase Shift                   7.100
- Uncertainty                   2.000
= Required Time                 5.094
- Arrival Time                  4.977
= Slack Time                    0.116
= Slack Time(original)          0.075
     Clock Rise Edge                 0.000
     + Clock Network Latency (Ideal) 0.000
     = Beginpoint Arrival Time       0.000
      --------------------------------------------------------------------------------------------------------------
      Instance                                                    Arc           Cell       Retime  Arrival  Required  
                                                                                           Delay   Time     Time  
      --------------------------------------------------------------------------------------------------------------
      IFU_module/PC_reg[3]                                        CK ^          -          -       0.000    0.116  
      IFU_module/PC_reg[3]                                        CK ^ -> Q ^   SDFFRHQX4  0.624   0.624    0.741  
      IFU_module/instr_mem/g733                                   -             CLKINVX3   0.000   0.624    0.741  
      IFU_module/instr_mem/g733                                   A ^ -> Y v    CLKINVX3   0.060   0.684    0.800  
      IFU_module/instr_mem/g712                                   -             OAI21X4    0.000   0.684    0.800  
      IFU_module/instr_mem/g712                                   B0 v -> Y ^   OAI21X4    0.060   0.744    0.861  
      IFU_module/instr_mem/g702                                   -             NAND2X6    0.000   0.744    0.861  
      IFU_module/instr_mem/g702                                   B ^ -> Y v    NAND2X6    0.077   0.821    0.937  
      datapath_module/reg_file_module/g38908                      -             CLKINVX1   0.000   0.821    0.937  
      datapath_module/reg_file_module/g38908                      A v -> Y ^    CLKINVX1   0.070   0.891    1.007  
      datapath_module/reg_file_module/g38861                      -             NOR2X2     0.000   0.891    1.007  
      datapath_module/reg_file_module/g38861                      B ^ -> Y v    NOR2X2     0.042   0.933    1.049  
      datapath_module/reg_file_module/g38860                      -             CLKINVX1   0.000   0.933    1.049  
      datapath_module/reg_file_module/g38860                      A v -> Y ^    CLKINVX1   0.049   0.982    1.098  
      datapath_module/reg_file_module/g38666                      -             NOR2XL     0.000   0.982    1.098  
      datapath_module/reg_file_module/g38666                      B ^ -> Y v    NOR2XL     0.062   1.044    1.160  
      datapath_module/reg_file_module/g38665                      -             CLKINVX1   0.000   1.044    1.160  
      datapath_module/reg_file_module/g38665                      A v -> Y ^    CLKINVX1   0.065   1.109    1.225  
      datapath_module/reg_file_module/g38417                      -             OAI22X1    0.000   1.109    1.225  
      datapath_module/reg_file_module/g38417                      A1 ^ -> Y v   OAI22X1    0.076   1.185    1.302  
      datapath_module/reg_file_module/g38128                      -             NOR2XL     0.000   1.185    1.302  
      datapath_module/reg_file_module/g38128                      A v -> Y ^    NOR2XL     0.086   1.271    1.388  
      datapath_module/reg_file_module/g38115                      -             AND2X1     0.000   1.271    1.388  
      datapath_module/reg_file_module/g38115                      A ^ -> Y ^    AND2X1     0.160   1.431    1.547  
      datapath_module/reg_file_module/g37968                      -             NAND3X2    0.000   1.431    1.547  
      datapath_module/reg_file_module/g37968                      C ^ -> Y v    NAND3X2    0.104   1.534    1.651  
      datapath_module/alu_module/g1099                            -             BUFX2      0.000   1.534    1.651  
      datapath_module/alu_module/g1099                            A v -> Y v    BUFX2      0.153   1.687    1.803  
      datapath_module/alu_module/sub_35_34_g2799                  -             NAND2BX1   0.000   1.687    1.803  
      datapath_module/alu_module/sub_35_34_g2799                  B v -> Y ^    NAND2BX1   0.069   1.756    1.872  
      datapath_module/alu_module/sub_35_34_g2713                  -             OAI2BB1X1  0.000   1.756    1.872  
      datapath_module/alu_module/sub_35_34_g2713                  A1N ^ -> Y ^  OAI2BB1X1  0.166   1.921    2.038  
      datapath_module/alu_module/sub_35_34_g2704                  -             ADDFHX1    0.000   1.921    2.038  
      datapath_module/alu_module/sub_35_34_g2704                  CI ^ -> CO ^  ADDFHX1    0.223   2.144    2.260  
      datapath_module/alu_module/sub_35_34_g2703                  -             ADDFHX1    0.000   2.144    2.260  
      datapath_module/alu_module/sub_35_34_g2703                  CI ^ -> CO ^  ADDFHX1    0.220   2.364    2.480  
      datapath_module/alu_module/sub_35_34_g2701                  -             NAND2X1    0.000   2.364    2.480  
      datapath_module/alu_module/sub_35_34_g2701                  B ^ -> Y v    NAND2X1    0.094   2.458    2.574  
      datapath_module/alu_module/sub_35_34_g2698                  -             NAND2X2    0.000   2.458    2.574  
      datapath_module/alu_module/sub_35_34_g2698                  B v -> Y ^    NAND2X2    0.066   2.524    2.641  
      datapath_module/alu_module/sub_35_34_g2697                  -             NAND2X1    0.000   2.524    2.641  
      datapath_module/alu_module/sub_35_34_g2697                  B ^ -> Y v    NAND2X1    0.085   2.610    2.726  
      datapath_module/alu_module/sub_35_34_g2695                  -             NAND2X2    0.000   2.610    2.726  
      datapath_module/alu_module/sub_35_34_g2695                  B v -> Y ^    NAND2X2    0.068   2.678    2.794  
      datapath_module/alu_module/sub_35_34_g2692                  -             NAND2X2    0.000   2.678    2.794  
      datapath_module/alu_module/sub_35_34_g2692                  B ^ -> Y v    NAND2X2    0.061   2.739    2.855  
      datapath_module/alu_module/sub_35_34_g2690                  -             NAND2X2    0.000   2.739    2.855  
      datapath_module/alu_module/sub_35_34_g2690                  B v -> Y ^    NAND2X2    0.062   2.801    2.917  
      datapath_module/alu_module/sub_35_34_g2687                  -             NAND2X2    0.000   2.801    2.917  
      datapath_module/alu_module/sub_35_34_g2687                  B ^ -> Y v    NAND2X2    0.060   2.861    2.977  
      datapath_module/alu_module/sub_35_34_g2685                  -             NAND2X2    0.000   2.861    2.977  
      datapath_module/alu_module/sub_35_34_g2685                  B v -> Y ^    NAND2X2    0.075   2.936    3.052  
      datapath_module/alu_module/sub_35_34_g2680                  -             AOI31X2    0.000   2.936    3.052  
      datapath_module/alu_module/sub_35_34_g2680                  A2 ^ -> Y v   AOI31X2    0.111   3.047    3.163  
      datapath_module/alu_module/sub_35_34_g2672                  -             NOR2X1     0.000   3.047    3.163  
      datapath_module/alu_module/sub_35_34_g2672                  B v -> Y ^    NOR2X1     0.119   3.166    3.283  
      datapath_module/alu_module/sub_35_34_g2670                  -             NOR2X2     0.000   3.166    3.283  
      datapath_module/alu_module/sub_35_34_g2670                  B ^ -> Y v    NOR2X2     0.053   3.219    3.335  
      datapath_module/alu_module/g25560                           -             AOI2BB1X1  0.000   3.219    3.335  
      datapath_module/alu_module/g25560                           A1N v -> Y v  AOI2BB1X1  0.170   3.389    3.505  
      datapath_module/alu_module/sub_35_34_g2661                  -             OAI21X2    0.000   3.389    3.505  
      datapath_module/alu_module/sub_35_34_g2661                  A1 v -> Y ^   OAI21X2    0.110   3.499    3.615  
      datapath_module/alu_module/sub_35_34_g2658                  -             AOI21X2    0.000   3.499    3.615  
      datapath_module/alu_module/sub_35_34_g2658                  A1 ^ -> Y v   AOI21X2    0.101   3.599    3.716  
      datapath_module/alu_module/sub_35_34_g2653                  -             OAI21X2    0.000   3.599    3.716  
      datapath_module/alu_module/sub_35_34_g2653                  A1 v -> Y ^   OAI21X2    0.111   3.710    3.826  
      datapath_module/alu_module/sub_35_34_g2643                  -             NAND2XL    0.000   3.710    3.826  
      datapath_module/alu_module/sub_35_34_g2643                  B ^ -> Y v    NAND2XL    0.097   3.807    3.923  
      datapath_module/alu_module/sub_35_34_g2641                  -             NAND2X1    0.000   3.807    3.923  
      datapath_module/alu_module/sub_35_34_g2641                  B v -> Y ^    NAND2X1    0.100   3.907    4.023  
      datapath_module/alu_module/sub_35_34_g2627                  -             AOI21X1    0.000   3.907    4.023  
      datapath_module/alu_module/sub_35_34_g2627                  A1 ^ -> Y v   AOI21X1    0.110   4.016    4.133  
      datapath_module/alu_module/sub_35_34_g2612                  -             OAI21X1    0.000   4.016    4.133  
      datapath_module/alu_module/sub_35_34_g2612                  A1 v -> Y ^   OAI21X1    0.151   4.168    4.284  
      datapath_module/alu_module/sub_35_34_g2607                  -             CLKINVX1   0.000   4.168    4.284  
      datapath_module/alu_module/sub_35_34_g2607                  A ^ -> Y v    CLKINVX1   0.052   4.220    4.336  
      datapath_module/alu_module/sub_35_34_g2601                  -             OAI21X1    0.000   4.220    4.336  
      datapath_module/alu_module/sub_35_34_g2601                  A1 v -> Y ^   OAI21X1    0.136   4.356    4.472  
      datapath_module/alu_module/sub_35_34_g2597                  -             OAI21X1    0.000   4.356    4.472  
      datapath_module/alu_module/sub_35_34_g2597                  A1 ^ -> Y v   OAI21X1    0.074   4.430    4.546  
      datapath_module/alu_module/g7162                            -             OAI2BB1X1  0.000   4.430    4.546  
      datapath_module/alu_module/g7162                            A1N v -> Y v  OAI2BB1X1  0.116   4.546    4.662  
      datapath_module/alu_module/g7108                            -             AO21X2     0.000   4.546    4.662  
      datapath_module/alu_module/g7108                            B0 v -> Y v   AO21X2     0.431   4.977    5.094  
      datapath_module/reg_file_module/reg_memory_reg[23][30]1568  -             MDFFHQX1   0.000   4.977    5.094  
      --------------------------------------------------------------------------------------------------------------
Path 43: MET Setup Check with Pin datapath_module/reg_file_module/reg_memory_reg[22][30]1504/CK 
Endpoint:   datapath_module/reg_file_module/reg_memory_reg[22][30]1504/D0 (v) checked with  leading edge of 'clock'
Beginpoint: IFU_module/PC_reg[3]/Q                                        (^) triggered by  leading edge of 'clock'
Path Groups: {clock}
Retime Analysis { Data Path-Slew }
Other End Arrival Time          0.000
- Setup                         0.006
+ Phase Shift                   7.100
- Uncertainty                   2.000
= Required Time                 5.094
- Arrival Time                  4.977
= Slack Time                    0.116
= Slack Time(original)          0.075
     Clock Rise Edge                 0.000
     + Clock Network Latency (Ideal) 0.000
     = Beginpoint Arrival Time       0.000
      --------------------------------------------------------------------------------------------------------------
      Instance                                                    Arc           Cell       Retime  Arrival  Required  
                                                                                           Delay   Time     Time  
      --------------------------------------------------------------------------------------------------------------
      IFU_module/PC_reg[3]                                        CK ^          -          -       0.000    0.116  
      IFU_module/PC_reg[3]                                        CK ^ -> Q ^   SDFFRHQX4  0.624   0.624    0.741  
      IFU_module/instr_mem/g733                                   -             CLKINVX3   0.000   0.624    0.741  
      IFU_module/instr_mem/g733                                   A ^ -> Y v    CLKINVX3   0.060   0.684    0.800  
      IFU_module/instr_mem/g712                                   -             OAI21X4    0.000   0.684    0.800  
      IFU_module/instr_mem/g712                                   B0 v -> Y ^   OAI21X4    0.060   0.744    0.861  
      IFU_module/instr_mem/g702                                   -             NAND2X6    0.000   0.744    0.861  
      IFU_module/instr_mem/g702                                   B ^ -> Y v    NAND2X6    0.077   0.821    0.937  
      datapath_module/reg_file_module/g38908                      -             CLKINVX1   0.000   0.821    0.937  
      datapath_module/reg_file_module/g38908                      A v -> Y ^    CLKINVX1   0.070   0.891    1.007  
      datapath_module/reg_file_module/g38861                      -             NOR2X2     0.000   0.891    1.007  
      datapath_module/reg_file_module/g38861                      B ^ -> Y v    NOR2X2     0.042   0.933    1.049  
      datapath_module/reg_file_module/g38860                      -             CLKINVX1   0.000   0.933    1.049  
      datapath_module/reg_file_module/g38860                      A v -> Y ^    CLKINVX1   0.049   0.982    1.098  
      datapath_module/reg_file_module/g38666                      -             NOR2XL     0.000   0.982    1.098  
      datapath_module/reg_file_module/g38666                      B ^ -> Y v    NOR2XL     0.062   1.044    1.160  
      datapath_module/reg_file_module/g38665                      -             CLKINVX1   0.000   1.044    1.160  
      datapath_module/reg_file_module/g38665                      A v -> Y ^    CLKINVX1   0.065   1.109    1.225  
      datapath_module/reg_file_module/g38417                      -             OAI22X1    0.000   1.109    1.225  
      datapath_module/reg_file_module/g38417                      A1 ^ -> Y v   OAI22X1    0.076   1.185    1.302  
      datapath_module/reg_file_module/g38128                      -             NOR2XL     0.000   1.185    1.302  
      datapath_module/reg_file_module/g38128                      A v -> Y ^    NOR2XL     0.086   1.271    1.388  
      datapath_module/reg_file_module/g38115                      -             AND2X1     0.000   1.271    1.388  
      datapath_module/reg_file_module/g38115                      A ^ -> Y ^    AND2X1     0.160   1.431    1.547  
      datapath_module/reg_file_module/g37968                      -             NAND3X2    0.000   1.431    1.547  
      datapath_module/reg_file_module/g37968                      C ^ -> Y v    NAND3X2    0.104   1.534    1.651  
      datapath_module/alu_module/g1099                            -             BUFX2      0.000   1.534    1.651  
      datapath_module/alu_module/g1099                            A v -> Y v    BUFX2      0.153   1.687    1.803  
      datapath_module/alu_module/sub_35_34_g2799                  -             NAND2BX1   0.000   1.687    1.803  
      datapath_module/alu_module/sub_35_34_g2799                  B v -> Y ^    NAND2BX1   0.069   1.756    1.872  
      datapath_module/alu_module/sub_35_34_g2713                  -             OAI2BB1X1  0.000   1.756    1.872  
      datapath_module/alu_module/sub_35_34_g2713                  A1N ^ -> Y ^  OAI2BB1X1  0.166   1.921    2.038  
      datapath_module/alu_module/sub_35_34_g2704                  -             ADDFHX1    0.000   1.921    2.038  
      datapath_module/alu_module/sub_35_34_g2704                  CI ^ -> CO ^  ADDFHX1    0.223   2.144    2.260  
      datapath_module/alu_module/sub_35_34_g2703                  -             ADDFHX1    0.000   2.144    2.260  
      datapath_module/alu_module/sub_35_34_g2703                  CI ^ -> CO ^  ADDFHX1    0.220   2.364    2.480  
      datapath_module/alu_module/sub_35_34_g2701                  -             NAND2X1    0.000   2.364    2.480  
      datapath_module/alu_module/sub_35_34_g2701                  B ^ -> Y v    NAND2X1    0.094   2.458    2.574  
      datapath_module/alu_module/sub_35_34_g2698                  -             NAND2X2    0.000   2.458    2.574  
      datapath_module/alu_module/sub_35_34_g2698                  B v -> Y ^    NAND2X2    0.066   2.524    2.641  
      datapath_module/alu_module/sub_35_34_g2697                  -             NAND2X1    0.000   2.524    2.641  
      datapath_module/alu_module/sub_35_34_g2697                  B ^ -> Y v    NAND2X1    0.085   2.610    2.726  
      datapath_module/alu_module/sub_35_34_g2695                  -             NAND2X2    0.000   2.610    2.726  
      datapath_module/alu_module/sub_35_34_g2695                  B v -> Y ^    NAND2X2    0.068   2.678    2.794  
      datapath_module/alu_module/sub_35_34_g2692                  -             NAND2X2    0.000   2.678    2.794  
      datapath_module/alu_module/sub_35_34_g2692                  B ^ -> Y v    NAND2X2    0.061   2.739    2.855  
      datapath_module/alu_module/sub_35_34_g2690                  -             NAND2X2    0.000   2.739    2.855  
      datapath_module/alu_module/sub_35_34_g2690                  B v -> Y ^    NAND2X2    0.062   2.801    2.917  
      datapath_module/alu_module/sub_35_34_g2687                  -             NAND2X2    0.000   2.801    2.917  
      datapath_module/alu_module/sub_35_34_g2687                  B ^ -> Y v    NAND2X2    0.060   2.861    2.977  
      datapath_module/alu_module/sub_35_34_g2685                  -             NAND2X2    0.000   2.861    2.977  
      datapath_module/alu_module/sub_35_34_g2685                  B v -> Y ^    NAND2X2    0.075   2.936    3.052  
      datapath_module/alu_module/sub_35_34_g2680                  -             AOI31X2    0.000   2.936    3.052  
      datapath_module/alu_module/sub_35_34_g2680                  A2 ^ -> Y v   AOI31X2    0.111   3.047    3.163  
      datapath_module/alu_module/sub_35_34_g2672                  -             NOR2X1     0.000   3.047    3.163  
      datapath_module/alu_module/sub_35_34_g2672                  B v -> Y ^    NOR2X1     0.119   3.166    3.283  
      datapath_module/alu_module/sub_35_34_g2670                  -             NOR2X2     0.000   3.166    3.283  
      datapath_module/alu_module/sub_35_34_g2670                  B ^ -> Y v    NOR2X2     0.053   3.219    3.335  
      datapath_module/alu_module/g25560                           -             AOI2BB1X1  0.000   3.219    3.335  
      datapath_module/alu_module/g25560                           A1N v -> Y v  AOI2BB1X1  0.170   3.389    3.505  
      datapath_module/alu_module/sub_35_34_g2661                  -             OAI21X2    0.000   3.389    3.505  
      datapath_module/alu_module/sub_35_34_g2661                  A1 v -> Y ^   OAI21X2    0.110   3.499    3.615  
      datapath_module/alu_module/sub_35_34_g2658                  -             AOI21X2    0.000   3.499    3.615  
      datapath_module/alu_module/sub_35_34_g2658                  A1 ^ -> Y v   AOI21X2    0.101   3.599    3.716  
      datapath_module/alu_module/sub_35_34_g2653                  -             OAI21X2    0.000   3.599    3.716  
      datapath_module/alu_module/sub_35_34_g2653                  A1 v -> Y ^   OAI21X2    0.111   3.710    3.826  
      datapath_module/alu_module/sub_35_34_g2643                  -             NAND2XL    0.000   3.710    3.826  
      datapath_module/alu_module/sub_35_34_g2643                  B ^ -> Y v    NAND2XL    0.097   3.807    3.923  
      datapath_module/alu_module/sub_35_34_g2641                  -             NAND2X1    0.000   3.807    3.923  
      datapath_module/alu_module/sub_35_34_g2641                  B v -> Y ^    NAND2X1    0.100   3.907    4.023  
      datapath_module/alu_module/sub_35_34_g2627                  -             AOI21X1    0.000   3.907    4.023  
      datapath_module/alu_module/sub_35_34_g2627                  A1 ^ -> Y v   AOI21X1    0.110   4.016    4.133  
      datapath_module/alu_module/sub_35_34_g2612                  -             OAI21X1    0.000   4.016    4.133  
      datapath_module/alu_module/sub_35_34_g2612                  A1 v -> Y ^   OAI21X1    0.151   4.168    4.284  
      datapath_module/alu_module/sub_35_34_g2607                  -             CLKINVX1   0.000   4.168    4.284  
      datapath_module/alu_module/sub_35_34_g2607                  A ^ -> Y v    CLKINVX1   0.052   4.220    4.336  
      datapath_module/alu_module/sub_35_34_g2601                  -             OAI21X1    0.000   4.220    4.336  
      datapath_module/alu_module/sub_35_34_g2601                  A1 v -> Y ^   OAI21X1    0.136   4.356    4.472  
      datapath_module/alu_module/sub_35_34_g2597                  -             OAI21X1    0.000   4.356    4.472  
      datapath_module/alu_module/sub_35_34_g2597                  A1 ^ -> Y v   OAI21X1    0.074   4.430    4.546  
      datapath_module/alu_module/g7162                            -             OAI2BB1X1  0.000   4.430    4.546  
      datapath_module/alu_module/g7162                            A1N v -> Y v  OAI2BB1X1  0.116   4.546    4.662  
      datapath_module/alu_module/g7108                            -             AO21X2     0.000   4.546    4.662  
      datapath_module/alu_module/g7108                            B0 v -> Y v   AO21X2     0.431   4.977    5.094  
      datapath_module/reg_file_module/reg_memory_reg[22][30]1504  -             MDFFHQX1   0.000   4.977    5.094  
      --------------------------------------------------------------------------------------------------------------
Path 44: MET Setup Check with Pin datapath_module/reg_file_module/reg_memory_reg[21][30]1440/CK 
Endpoint:   datapath_module/reg_file_module/reg_memory_reg[21][30]1440/D1 (v) checked with  leading edge of 'clock'
Beginpoint: IFU_module/PC_reg[3]/Q                                        (^) triggered by  leading edge of 'clock'
Path Groups: {clock}
Retime Analysis { Data Path-Slew }
Other End Arrival Time          0.000
- Setup                         0.006
+ Phase Shift                   7.100
- Uncertainty                   2.000
= Required Time                 5.094
- Arrival Time                  4.977
= Slack Time                    0.116
= Slack Time(original)          0.075
     Clock Rise Edge                 0.000
     + Clock Network Latency (Ideal) 0.000
     = Beginpoint Arrival Time       0.000
      --------------------------------------------------------------------------------------------------------------
      Instance                                                    Arc           Cell       Retime  Arrival  Required  
                                                                                           Delay   Time     Time  
      --------------------------------------------------------------------------------------------------------------
      IFU_module/PC_reg[3]                                        CK ^          -          -       0.000    0.116  
      IFU_module/PC_reg[3]                                        CK ^ -> Q ^   SDFFRHQX4  0.624   0.624    0.741  
      IFU_module/instr_mem/g733                                   -             CLKINVX3   0.000   0.624    0.741  
      IFU_module/instr_mem/g733                                   A ^ -> Y v    CLKINVX3   0.060   0.684    0.800  
      IFU_module/instr_mem/g712                                   -             OAI21X4    0.000   0.684    0.800  
      IFU_module/instr_mem/g712                                   B0 v -> Y ^   OAI21X4    0.060   0.744    0.861  
      IFU_module/instr_mem/g702                                   -             NAND2X6    0.000   0.744    0.861  
      IFU_module/instr_mem/g702                                   B ^ -> Y v    NAND2X6    0.077   0.821    0.937  
      datapath_module/reg_file_module/g38908                      -             CLKINVX1   0.000   0.821    0.937  
      datapath_module/reg_file_module/g38908                      A v -> Y ^    CLKINVX1   0.070   0.891    1.007  
      datapath_module/reg_file_module/g38861                      -             NOR2X2     0.000   0.891    1.007  
      datapath_module/reg_file_module/g38861                      B ^ -> Y v    NOR2X2     0.042   0.933    1.049  
      datapath_module/reg_file_module/g38860                      -             CLKINVX1   0.000   0.933    1.049  
      datapath_module/reg_file_module/g38860                      A v -> Y ^    CLKINVX1   0.049   0.982    1.098  
      datapath_module/reg_file_module/g38666                      -             NOR2XL     0.000   0.982    1.098  
      datapath_module/reg_file_module/g38666                      B ^ -> Y v    NOR2XL     0.062   1.044    1.160  
      datapath_module/reg_file_module/g38665                      -             CLKINVX1   0.000   1.044    1.160  
      datapath_module/reg_file_module/g38665                      A v -> Y ^    CLKINVX1   0.065   1.109    1.225  
      datapath_module/reg_file_module/g38417                      -             OAI22X1    0.000   1.109    1.225  
      datapath_module/reg_file_module/g38417                      A1 ^ -> Y v   OAI22X1    0.076   1.185    1.302  
      datapath_module/reg_file_module/g38128                      -             NOR2XL     0.000   1.185    1.302  
      datapath_module/reg_file_module/g38128                      A v -> Y ^    NOR2XL     0.086   1.271    1.388  
      datapath_module/reg_file_module/g38115                      -             AND2X1     0.000   1.271    1.388  
      datapath_module/reg_file_module/g38115                      A ^ -> Y ^    AND2X1     0.160   1.431    1.547  
      datapath_module/reg_file_module/g37968                      -             NAND3X2    0.000   1.431    1.547  
      datapath_module/reg_file_module/g37968                      C ^ -> Y v    NAND3X2    0.104   1.534    1.651  
      datapath_module/alu_module/g1099                            -             BUFX2      0.000   1.534    1.651  
      datapath_module/alu_module/g1099                            A v -> Y v    BUFX2      0.153   1.687    1.803  
      datapath_module/alu_module/sub_35_34_g2799                  -             NAND2BX1   0.000   1.687    1.803  
      datapath_module/alu_module/sub_35_34_g2799                  B v -> Y ^    NAND2BX1   0.069   1.756    1.872  
      datapath_module/alu_module/sub_35_34_g2713                  -             OAI2BB1X1  0.000   1.756    1.872  
      datapath_module/alu_module/sub_35_34_g2713                  A1N ^ -> Y ^  OAI2BB1X1  0.166   1.921    2.038  
      datapath_module/alu_module/sub_35_34_g2704                  -             ADDFHX1    0.000   1.921    2.038  
      datapath_module/alu_module/sub_35_34_g2704                  CI ^ -> CO ^  ADDFHX1    0.223   2.144    2.260  
      datapath_module/alu_module/sub_35_34_g2703                  -             ADDFHX1    0.000   2.144    2.260  
      datapath_module/alu_module/sub_35_34_g2703                  CI ^ -> CO ^  ADDFHX1    0.220   2.364    2.480  
      datapath_module/alu_module/sub_35_34_g2701                  -             NAND2X1    0.000   2.364    2.480  
      datapath_module/alu_module/sub_35_34_g2701                  B ^ -> Y v    NAND2X1    0.094   2.458    2.574  
      datapath_module/alu_module/sub_35_34_g2698                  -             NAND2X2    0.000   2.458    2.574  
      datapath_module/alu_module/sub_35_34_g2698                  B v -> Y ^    NAND2X2    0.066   2.524    2.641  
      datapath_module/alu_module/sub_35_34_g2697                  -             NAND2X1    0.000   2.524    2.641  
      datapath_module/alu_module/sub_35_34_g2697                  B ^ -> Y v    NAND2X1    0.085   2.610    2.726  
      datapath_module/alu_module/sub_35_34_g2695                  -             NAND2X2    0.000   2.610    2.726  
      datapath_module/alu_module/sub_35_34_g2695                  B v -> Y ^    NAND2X2    0.068   2.678    2.794  
      datapath_module/alu_module/sub_35_34_g2692                  -             NAND2X2    0.000   2.678    2.794  
      datapath_module/alu_module/sub_35_34_g2692                  B ^ -> Y v    NAND2X2    0.061   2.739    2.855  
      datapath_module/alu_module/sub_35_34_g2690                  -             NAND2X2    0.000   2.739    2.855  
      datapath_module/alu_module/sub_35_34_g2690                  B v -> Y ^    NAND2X2    0.062   2.801    2.917  
      datapath_module/alu_module/sub_35_34_g2687                  -             NAND2X2    0.000   2.801    2.917  
      datapath_module/alu_module/sub_35_34_g2687                  B ^ -> Y v    NAND2X2    0.060   2.861    2.977  
      datapath_module/alu_module/sub_35_34_g2685                  -             NAND2X2    0.000   2.861    2.977  
      datapath_module/alu_module/sub_35_34_g2685                  B v -> Y ^    NAND2X2    0.075   2.936    3.052  
      datapath_module/alu_module/sub_35_34_g2680                  -             AOI31X2    0.000   2.936    3.052  
      datapath_module/alu_module/sub_35_34_g2680                  A2 ^ -> Y v   AOI31X2    0.111   3.047    3.163  
      datapath_module/alu_module/sub_35_34_g2672                  -             NOR2X1     0.000   3.047    3.163  
      datapath_module/alu_module/sub_35_34_g2672                  B v -> Y ^    NOR2X1     0.119   3.166    3.283  
      datapath_module/alu_module/sub_35_34_g2670                  -             NOR2X2     0.000   3.166    3.283  
      datapath_module/alu_module/sub_35_34_g2670                  B ^ -> Y v    NOR2X2     0.053   3.219    3.335  
      datapath_module/alu_module/g25560                           -             AOI2BB1X1  0.000   3.219    3.335  
      datapath_module/alu_module/g25560                           A1N v -> Y v  AOI2BB1X1  0.170   3.389    3.505  
      datapath_module/alu_module/sub_35_34_g2661                  -             OAI21X2    0.000   3.389    3.505  
      datapath_module/alu_module/sub_35_34_g2661                  A1 v -> Y ^   OAI21X2    0.110   3.499    3.615  
      datapath_module/alu_module/sub_35_34_g2658                  -             AOI21X2    0.000   3.499    3.615  
      datapath_module/alu_module/sub_35_34_g2658                  A1 ^ -> Y v   AOI21X2    0.101   3.599    3.716  
      datapath_module/alu_module/sub_35_34_g2653                  -             OAI21X2    0.000   3.599    3.716  
      datapath_module/alu_module/sub_35_34_g2653                  A1 v -> Y ^   OAI21X2    0.111   3.710    3.826  
      datapath_module/alu_module/sub_35_34_g2643                  -             NAND2XL    0.000   3.710    3.826  
      datapath_module/alu_module/sub_35_34_g2643                  B ^ -> Y v    NAND2XL    0.097   3.807    3.923  
      datapath_module/alu_module/sub_35_34_g2641                  -             NAND2X1    0.000   3.807    3.923  
      datapath_module/alu_module/sub_35_34_g2641                  B v -> Y ^    NAND2X1    0.100   3.907    4.023  
      datapath_module/alu_module/sub_35_34_g2627                  -             AOI21X1    0.000   3.907    4.023  
      datapath_module/alu_module/sub_35_34_g2627                  A1 ^ -> Y v   AOI21X1    0.110   4.016    4.133  
      datapath_module/alu_module/sub_35_34_g2612                  -             OAI21X1    0.000   4.016    4.133  
      datapath_module/alu_module/sub_35_34_g2612                  A1 v -> Y ^   OAI21X1    0.151   4.168    4.284  
      datapath_module/alu_module/sub_35_34_g2607                  -             CLKINVX1   0.000   4.168    4.284  
      datapath_module/alu_module/sub_35_34_g2607                  A ^ -> Y v    CLKINVX1   0.052   4.220    4.336  
      datapath_module/alu_module/sub_35_34_g2601                  -             OAI21X1    0.000   4.220    4.336  
      datapath_module/alu_module/sub_35_34_g2601                  A1 v -> Y ^   OAI21X1    0.136   4.356    4.472  
      datapath_module/alu_module/sub_35_34_g2597                  -             OAI21X1    0.000   4.356    4.472  
      datapath_module/alu_module/sub_35_34_g2597                  A1 ^ -> Y v   OAI21X1    0.074   4.430    4.546  
      datapath_module/alu_module/g7162                            -             OAI2BB1X1  0.000   4.430    4.546  
      datapath_module/alu_module/g7162                            A1N v -> Y v  OAI2BB1X1  0.116   4.546    4.662  
      datapath_module/alu_module/g7108                            -             AO21X2     0.000   4.546    4.662  
      datapath_module/alu_module/g7108                            B0 v -> Y v   AO21X2     0.431   4.977    5.094  
      datapath_module/reg_file_module/reg_memory_reg[21][30]1440  -             MDFFHQX1   0.000   4.977    5.094  
      --------------------------------------------------------------------------------------------------------------
Path 45: MET Setup Check with Pin datapath_module/reg_file_module/reg_memory_reg[20][30]1376/CK 
Endpoint:   datapath_module/reg_file_module/reg_memory_reg[20][30]1376/D0 (v) checked with  leading edge of 'clock'
Beginpoint: IFU_module/PC_reg[3]/Q                                        (^) triggered by  leading edge of 'clock'
Path Groups: {clock}
Retime Analysis { Data Path-Slew }
Other End Arrival Time          0.000
- Setup                         0.006
+ Phase Shift                   7.100
- Uncertainty                   2.000
= Required Time                 5.094
- Arrival Time                  4.977
= Slack Time                    0.116
= Slack Time(original)          0.075
     Clock Rise Edge                 0.000
     + Clock Network Latency (Ideal) 0.000
     = Beginpoint Arrival Time       0.000
      --------------------------------------------------------------------------------------------------------------
      Instance                                                    Arc           Cell       Retime  Arrival  Required  
                                                                                           Delay   Time     Time  
      --------------------------------------------------------------------------------------------------------------
      IFU_module/PC_reg[3]                                        CK ^          -          -       0.000    0.116  
      IFU_module/PC_reg[3]                                        CK ^ -> Q ^   SDFFRHQX4  0.624   0.624    0.741  
      IFU_module/instr_mem/g733                                   -             CLKINVX3   0.000   0.624    0.741  
      IFU_module/instr_mem/g733                                   A ^ -> Y v    CLKINVX3   0.060   0.684    0.800  
      IFU_module/instr_mem/g712                                   -             OAI21X4    0.000   0.684    0.800  
      IFU_module/instr_mem/g712                                   B0 v -> Y ^   OAI21X4    0.060   0.744    0.861  
      IFU_module/instr_mem/g702                                   -             NAND2X6    0.000   0.744    0.861  
      IFU_module/instr_mem/g702                                   B ^ -> Y v    NAND2X6    0.077   0.821    0.937  
      datapath_module/reg_file_module/g38908                      -             CLKINVX1   0.000   0.821    0.937  
      datapath_module/reg_file_module/g38908                      A v -> Y ^    CLKINVX1   0.070   0.891    1.007  
      datapath_module/reg_file_module/g38861                      -             NOR2X2     0.000   0.891    1.007  
      datapath_module/reg_file_module/g38861                      B ^ -> Y v    NOR2X2     0.042   0.933    1.049  
      datapath_module/reg_file_module/g38860                      -             CLKINVX1   0.000   0.933    1.049  
      datapath_module/reg_file_module/g38860                      A v -> Y ^    CLKINVX1   0.049   0.982    1.098  
      datapath_module/reg_file_module/g38666                      -             NOR2XL     0.000   0.982    1.098  
      datapath_module/reg_file_module/g38666                      B ^ -> Y v    NOR2XL     0.062   1.044    1.160  
      datapath_module/reg_file_module/g38665                      -             CLKINVX1   0.000   1.044    1.160  
      datapath_module/reg_file_module/g38665                      A v -> Y ^    CLKINVX1   0.065   1.109    1.225  
      datapath_module/reg_file_module/g38417                      -             OAI22X1    0.000   1.109    1.225  
      datapath_module/reg_file_module/g38417                      A1 ^ -> Y v   OAI22X1    0.076   1.185    1.302  
      datapath_module/reg_file_module/g38128                      -             NOR2XL     0.000   1.185    1.302  
      datapath_module/reg_file_module/g38128                      A v -> Y ^    NOR2XL     0.086   1.271    1.388  
      datapath_module/reg_file_module/g38115                      -             AND2X1     0.000   1.271    1.388  
      datapath_module/reg_file_module/g38115                      A ^ -> Y ^    AND2X1     0.160   1.431    1.547  
      datapath_module/reg_file_module/g37968                      -             NAND3X2    0.000   1.431    1.547  
      datapath_module/reg_file_module/g37968                      C ^ -> Y v    NAND3X2    0.104   1.534    1.651  
      datapath_module/alu_module/g1099                            -             BUFX2      0.000   1.534    1.651  
      datapath_module/alu_module/g1099                            A v -> Y v    BUFX2      0.153   1.687    1.803  
      datapath_module/alu_module/sub_35_34_g2799                  -             NAND2BX1   0.000   1.687    1.803  
      datapath_module/alu_module/sub_35_34_g2799                  B v -> Y ^    NAND2BX1   0.069   1.756    1.872  
      datapath_module/alu_module/sub_35_34_g2713                  -             OAI2BB1X1  0.000   1.756    1.872  
      datapath_module/alu_module/sub_35_34_g2713                  A1N ^ -> Y ^  OAI2BB1X1  0.166   1.921    2.038  
      datapath_module/alu_module/sub_35_34_g2704                  -             ADDFHX1    0.000   1.921    2.038  
      datapath_module/alu_module/sub_35_34_g2704                  CI ^ -> CO ^  ADDFHX1    0.223   2.144    2.260  
      datapath_module/alu_module/sub_35_34_g2703                  -             ADDFHX1    0.000   2.144    2.260  
      datapath_module/alu_module/sub_35_34_g2703                  CI ^ -> CO ^  ADDFHX1    0.220   2.364    2.480  
      datapath_module/alu_module/sub_35_34_g2701                  -             NAND2X1    0.000   2.364    2.480  
      datapath_module/alu_module/sub_35_34_g2701                  B ^ -> Y v    NAND2X1    0.094   2.458    2.574  
      datapath_module/alu_module/sub_35_34_g2698                  -             NAND2X2    0.000   2.458    2.574  
      datapath_module/alu_module/sub_35_34_g2698                  B v -> Y ^    NAND2X2    0.066   2.524    2.641  
      datapath_module/alu_module/sub_35_34_g2697                  -             NAND2X1    0.000   2.524    2.641  
      datapath_module/alu_module/sub_35_34_g2697                  B ^ -> Y v    NAND2X1    0.085   2.610    2.726  
      datapath_module/alu_module/sub_35_34_g2695                  -             NAND2X2    0.000   2.610    2.726  
      datapath_module/alu_module/sub_35_34_g2695                  B v -> Y ^    NAND2X2    0.068   2.678    2.794  
      datapath_module/alu_module/sub_35_34_g2692                  -             NAND2X2    0.000   2.678    2.794  
      datapath_module/alu_module/sub_35_34_g2692                  B ^ -> Y v    NAND2X2    0.061   2.739    2.855  
      datapath_module/alu_module/sub_35_34_g2690                  -             NAND2X2    0.000   2.739    2.855  
      datapath_module/alu_module/sub_35_34_g2690                  B v -> Y ^    NAND2X2    0.062   2.801    2.917  
      datapath_module/alu_module/sub_35_34_g2687                  -             NAND2X2    0.000   2.801    2.917  
      datapath_module/alu_module/sub_35_34_g2687                  B ^ -> Y v    NAND2X2    0.060   2.861    2.977  
      datapath_module/alu_module/sub_35_34_g2685                  -             NAND2X2    0.000   2.861    2.977  
      datapath_module/alu_module/sub_35_34_g2685                  B v -> Y ^    NAND2X2    0.075   2.936    3.052  
      datapath_module/alu_module/sub_35_34_g2680                  -             AOI31X2    0.000   2.936    3.052  
      datapath_module/alu_module/sub_35_34_g2680                  A2 ^ -> Y v   AOI31X2    0.111   3.047    3.163  
      datapath_module/alu_module/sub_35_34_g2672                  -             NOR2X1     0.000   3.047    3.163  
      datapath_module/alu_module/sub_35_34_g2672                  B v -> Y ^    NOR2X1     0.119   3.166    3.283  
      datapath_module/alu_module/sub_35_34_g2670                  -             NOR2X2     0.000   3.166    3.283  
      datapath_module/alu_module/sub_35_34_g2670                  B ^ -> Y v    NOR2X2     0.053   3.219    3.335  
      datapath_module/alu_module/g25560                           -             AOI2BB1X1  0.000   3.219    3.335  
      datapath_module/alu_module/g25560                           A1N v -> Y v  AOI2BB1X1  0.170   3.389    3.505  
      datapath_module/alu_module/sub_35_34_g2661                  -             OAI21X2    0.000   3.389    3.505  
      datapath_module/alu_module/sub_35_34_g2661                  A1 v -> Y ^   OAI21X2    0.110   3.499    3.615  
      datapath_module/alu_module/sub_35_34_g2658                  -             AOI21X2    0.000   3.499    3.615  
      datapath_module/alu_module/sub_35_34_g2658                  A1 ^ -> Y v   AOI21X2    0.101   3.599    3.716  
      datapath_module/alu_module/sub_35_34_g2653                  -             OAI21X2    0.000   3.599    3.716  
      datapath_module/alu_module/sub_35_34_g2653                  A1 v -> Y ^   OAI21X2    0.111   3.710    3.826  
      datapath_module/alu_module/sub_35_34_g2643                  -             NAND2XL    0.000   3.710    3.826  
      datapath_module/alu_module/sub_35_34_g2643                  B ^ -> Y v    NAND2XL    0.097   3.807    3.923  
      datapath_module/alu_module/sub_35_34_g2641                  -             NAND2X1    0.000   3.807    3.923  
      datapath_module/alu_module/sub_35_34_g2641                  B v -> Y ^    NAND2X1    0.100   3.907    4.023  
      datapath_module/alu_module/sub_35_34_g2627                  -             AOI21X1    0.000   3.907    4.023  
      datapath_module/alu_module/sub_35_34_g2627                  A1 ^ -> Y v   AOI21X1    0.110   4.016    4.133  
      datapath_module/alu_module/sub_35_34_g2612                  -             OAI21X1    0.000   4.016    4.133  
      datapath_module/alu_module/sub_35_34_g2612                  A1 v -> Y ^   OAI21X1    0.151   4.168    4.284  
      datapath_module/alu_module/sub_35_34_g2607                  -             CLKINVX1   0.000   4.168    4.284  
      datapath_module/alu_module/sub_35_34_g2607                  A ^ -> Y v    CLKINVX1   0.052   4.220    4.336  
      datapath_module/alu_module/sub_35_34_g2601                  -             OAI21X1    0.000   4.220    4.336  
      datapath_module/alu_module/sub_35_34_g2601                  A1 v -> Y ^   OAI21X1    0.136   4.356    4.472  
      datapath_module/alu_module/sub_35_34_g2597                  -             OAI21X1    0.000   4.356    4.472  
      datapath_module/alu_module/sub_35_34_g2597                  A1 ^ -> Y v   OAI21X1    0.074   4.430    4.546  
      datapath_module/alu_module/g7162                            -             OAI2BB1X1  0.000   4.430    4.546  
      datapath_module/alu_module/g7162                            A1N v -> Y v  OAI2BB1X1  0.116   4.546    4.662  
      datapath_module/alu_module/g7108                            -             AO21X2     0.000   4.546    4.662  
      datapath_module/alu_module/g7108                            B0 v -> Y v   AO21X2     0.431   4.977    5.094  
      datapath_module/reg_file_module/reg_memory_reg[20][30]1376  -             MDFFHQX1   0.000   4.977    5.094  
      --------------------------------------------------------------------------------------------------------------
Path 46: MET Setup Check with Pin datapath_module/reg_file_module/reg_memory_reg[1][30]160/CK 
Endpoint:   datapath_module/reg_file_module/reg_memory_reg[1][30]160/D1 (v) checked with  leading edge of 'clock'
Beginpoint: IFU_module/PC_reg[3]/Q                                      (^) triggered by  leading edge of 'clock'
Path Groups: {clock}
Retime Analysis { Data Path-Slew }
Other End Arrival Time          0.000
- Setup                         0.006
+ Phase Shift                   7.100
- Uncertainty                   2.000
= Required Time                 5.094
- Arrival Time                  4.977
= Slack Time                    0.116
= Slack Time(original)          0.075
     Clock Rise Edge                 0.000
     + Clock Network Latency (Ideal) 0.000
     = Beginpoint Arrival Time       0.000
      ------------------------------------------------------------------------------------------------------------
      Instance                                                  Arc           Cell       Retime  Arrival  Required  
                                                                                         Delay   Time     Time  
      ------------------------------------------------------------------------------------------------------------
      IFU_module/PC_reg[3]                                      CK ^          -          -       0.000    0.116  
      IFU_module/PC_reg[3]                                      CK ^ -> Q ^   SDFFRHQX4  0.624   0.624    0.741  
      IFU_module/instr_mem/g733                                 -             CLKINVX3   0.000   0.624    0.741  
      IFU_module/instr_mem/g733                                 A ^ -> Y v    CLKINVX3   0.060   0.684    0.800  
      IFU_module/instr_mem/g712                                 -             OAI21X4    0.000   0.684    0.800  
      IFU_module/instr_mem/g712                                 B0 v -> Y ^   OAI21X4    0.060   0.744    0.861  
      IFU_module/instr_mem/g702                                 -             NAND2X6    0.000   0.744    0.861  
      IFU_module/instr_mem/g702                                 B ^ -> Y v    NAND2X6    0.077   0.821    0.937  
      datapath_module/reg_file_module/g38908                    -             CLKINVX1   0.000   0.821    0.937  
      datapath_module/reg_file_module/g38908                    A v -> Y ^    CLKINVX1   0.070   0.891    1.007  
      datapath_module/reg_file_module/g38861                    -             NOR2X2     0.000   0.891    1.007  
      datapath_module/reg_file_module/g38861                    B ^ -> Y v    NOR2X2     0.042   0.933    1.049  
      datapath_module/reg_file_module/g38860                    -             CLKINVX1   0.000   0.933    1.049  
      datapath_module/reg_file_module/g38860                    A v -> Y ^    CLKINVX1   0.049   0.982    1.098  
      datapath_module/reg_file_module/g38666                    -             NOR2XL     0.000   0.982    1.098  
      datapath_module/reg_file_module/g38666                    B ^ -> Y v    NOR2XL     0.062   1.044    1.160  
      datapath_module/reg_file_module/g38665                    -             CLKINVX1   0.000   1.044    1.160  
      datapath_module/reg_file_module/g38665                    A v -> Y ^    CLKINVX1   0.065   1.109    1.225  
      datapath_module/reg_file_module/g38417                    -             OAI22X1    0.000   1.109    1.225  
      datapath_module/reg_file_module/g38417                    A1 ^ -> Y v   OAI22X1    0.076   1.185    1.302  
      datapath_module/reg_file_module/g38128                    -             NOR2XL     0.000   1.185    1.302  
      datapath_module/reg_file_module/g38128                    A v -> Y ^    NOR2XL     0.086   1.271    1.388  
      datapath_module/reg_file_module/g38115                    -             AND2X1     0.000   1.271    1.388  
      datapath_module/reg_file_module/g38115                    A ^ -> Y ^    AND2X1     0.160   1.431    1.547  
      datapath_module/reg_file_module/g37968                    -             NAND3X2    0.000   1.431    1.547  
      datapath_module/reg_file_module/g37968                    C ^ -> Y v    NAND3X2    0.104   1.534    1.651  
      datapath_module/alu_module/g1099                          -             BUFX2      0.000   1.534    1.651  
      datapath_module/alu_module/g1099                          A v -> Y v    BUFX2      0.153   1.687    1.803  
      datapath_module/alu_module/sub_35_34_g2799                -             NAND2BX1   0.000   1.687    1.803  
      datapath_module/alu_module/sub_35_34_g2799                B v -> Y ^    NAND2BX1   0.069   1.756    1.872  
      datapath_module/alu_module/sub_35_34_g2713                -             OAI2BB1X1  0.000   1.756    1.872  
      datapath_module/alu_module/sub_35_34_g2713                A1N ^ -> Y ^  OAI2BB1X1  0.166   1.921    2.038  
      datapath_module/alu_module/sub_35_34_g2704                -             ADDFHX1    0.000   1.921    2.038  
      datapath_module/alu_module/sub_35_34_g2704                CI ^ -> CO ^  ADDFHX1    0.223   2.144    2.260  
      datapath_module/alu_module/sub_35_34_g2703                -             ADDFHX1    0.000   2.144    2.260  
      datapath_module/alu_module/sub_35_34_g2703                CI ^ -> CO ^  ADDFHX1    0.220   2.364    2.480  
      datapath_module/alu_module/sub_35_34_g2701                -             NAND2X1    0.000   2.364    2.480  
      datapath_module/alu_module/sub_35_34_g2701                B ^ -> Y v    NAND2X1    0.094   2.458    2.574  
      datapath_module/alu_module/sub_35_34_g2698                -             NAND2X2    0.000   2.458    2.574  
      datapath_module/alu_module/sub_35_34_g2698                B v -> Y ^    NAND2X2    0.066   2.524    2.641  
      datapath_module/alu_module/sub_35_34_g2697                -             NAND2X1    0.000   2.524    2.641  
      datapath_module/alu_module/sub_35_34_g2697                B ^ -> Y v    NAND2X1    0.085   2.610    2.726  
      datapath_module/alu_module/sub_35_34_g2695                -             NAND2X2    0.000   2.610    2.726  
      datapath_module/alu_module/sub_35_34_g2695                B v -> Y ^    NAND2X2    0.068   2.678    2.794  
      datapath_module/alu_module/sub_35_34_g2692                -             NAND2X2    0.000   2.678    2.794  
      datapath_module/alu_module/sub_35_34_g2692                B ^ -> Y v    NAND2X2    0.061   2.739    2.855  
      datapath_module/alu_module/sub_35_34_g2690                -             NAND2X2    0.000   2.739    2.855  
      datapath_module/alu_module/sub_35_34_g2690                B v -> Y ^    NAND2X2    0.062   2.801    2.917  
      datapath_module/alu_module/sub_35_34_g2687                -             NAND2X2    0.000   2.801    2.917  
      datapath_module/alu_module/sub_35_34_g2687                B ^ -> Y v    NAND2X2    0.060   2.861    2.977  
      datapath_module/alu_module/sub_35_34_g2685                -             NAND2X2    0.000   2.861    2.977  
      datapath_module/alu_module/sub_35_34_g2685                B v -> Y ^    NAND2X2    0.075   2.936    3.052  
      datapath_module/alu_module/sub_35_34_g2680                -             AOI31X2    0.000   2.936    3.052  
      datapath_module/alu_module/sub_35_34_g2680                A2 ^ -> Y v   AOI31X2    0.111   3.047    3.163  
      datapath_module/alu_module/sub_35_34_g2672                -             NOR2X1     0.000   3.047    3.163  
      datapath_module/alu_module/sub_35_34_g2672                B v -> Y ^    NOR2X1     0.119   3.166    3.283  
      datapath_module/alu_module/sub_35_34_g2670                -             NOR2X2     0.000   3.166    3.283  
      datapath_module/alu_module/sub_35_34_g2670                B ^ -> Y v    NOR2X2     0.053   3.219    3.335  
      datapath_module/alu_module/g25560                         -             AOI2BB1X1  0.000   3.219    3.335  
      datapath_module/alu_module/g25560                         A1N v -> Y v  AOI2BB1X1  0.170   3.389    3.505  
      datapath_module/alu_module/sub_35_34_g2661                -             OAI21X2    0.000   3.389    3.505  
      datapath_module/alu_module/sub_35_34_g2661                A1 v -> Y ^   OAI21X2    0.110   3.499    3.615  
      datapath_module/alu_module/sub_35_34_g2658                -             AOI21X2    0.000   3.499    3.615  
      datapath_module/alu_module/sub_35_34_g2658                A1 ^ -> Y v   AOI21X2    0.101   3.599    3.716  
      datapath_module/alu_module/sub_35_34_g2653                -             OAI21X2    0.000   3.599    3.716  
      datapath_module/alu_module/sub_35_34_g2653                A1 v -> Y ^   OAI21X2    0.111   3.710    3.826  
      datapath_module/alu_module/sub_35_34_g2643                -             NAND2XL    0.000   3.710    3.826  
      datapath_module/alu_module/sub_35_34_g2643                B ^ -> Y v    NAND2XL    0.097   3.807    3.923  
      datapath_module/alu_module/sub_35_34_g2641                -             NAND2X1    0.000   3.807    3.923  
      datapath_module/alu_module/sub_35_34_g2641                B v -> Y ^    NAND2X1    0.100   3.907    4.023  
      datapath_module/alu_module/sub_35_34_g2627                -             AOI21X1    0.000   3.907    4.023  
      datapath_module/alu_module/sub_35_34_g2627                A1 ^ -> Y v   AOI21X1    0.110   4.016    4.133  
      datapath_module/alu_module/sub_35_34_g2612                -             OAI21X1    0.000   4.016    4.133  
      datapath_module/alu_module/sub_35_34_g2612                A1 v -> Y ^   OAI21X1    0.151   4.168    4.284  
      datapath_module/alu_module/sub_35_34_g2607                -             CLKINVX1   0.000   4.168    4.284  
      datapath_module/alu_module/sub_35_34_g2607                A ^ -> Y v    CLKINVX1   0.052   4.220    4.336  
      datapath_module/alu_module/sub_35_34_g2601                -             OAI21X1    0.000   4.220    4.336  
      datapath_module/alu_module/sub_35_34_g2601                A1 v -> Y ^   OAI21X1    0.136   4.356    4.472  
      datapath_module/alu_module/sub_35_34_g2597                -             OAI21X1    0.000   4.356    4.472  
      datapath_module/alu_module/sub_35_34_g2597                A1 ^ -> Y v   OAI21X1    0.074   4.430    4.546  
      datapath_module/alu_module/g7162                          -             OAI2BB1X1  0.000   4.430    4.546  
      datapath_module/alu_module/g7162                          A1N v -> Y v  OAI2BB1X1  0.116   4.546    4.662  
      datapath_module/alu_module/g7108                          -             AO21X2     0.000   4.546    4.662  
      datapath_module/alu_module/g7108                          B0 v -> Y v   AO21X2     0.431   4.977    5.094  
      datapath_module/reg_file_module/reg_memory_reg[1][30]160  -             MDFFHQX1   0.000   4.977    5.094  
      ------------------------------------------------------------------------------------------------------------
Path 47: MET Setup Check with Pin datapath_module/reg_file_module/reg_memory_reg[19][30]1312/CK 
Endpoint:   datapath_module/reg_file_module/reg_memory_reg[19][30]1312/D1 (v) checked with  leading edge of 'clock'
Beginpoint: IFU_module/PC_reg[3]/Q                                        (^) triggered by  leading edge of 'clock'
Path Groups: {clock}
Retime Analysis { Data Path-Slew }
Other End Arrival Time          0.000
- Setup                         0.006
+ Phase Shift                   7.100
- Uncertainty                   2.000
= Required Time                 5.094
- Arrival Time                  4.977
= Slack Time                    0.116
= Slack Time(original)          0.075
     Clock Rise Edge                 0.000
     + Clock Network Latency (Ideal) 0.000
     = Beginpoint Arrival Time       0.000
      --------------------------------------------------------------------------------------------------------------
      Instance                                                    Arc           Cell       Retime  Arrival  Required  
                                                                                           Delay   Time     Time  
      --------------------------------------------------------------------------------------------------------------
      IFU_module/PC_reg[3]                                        CK ^          -          -       0.000    0.116  
      IFU_module/PC_reg[3]                                        CK ^ -> Q ^   SDFFRHQX4  0.624   0.624    0.741  
      IFU_module/instr_mem/g733                                   -             CLKINVX3   0.000   0.624    0.741  
      IFU_module/instr_mem/g733                                   A ^ -> Y v    CLKINVX3   0.060   0.684    0.800  
      IFU_module/instr_mem/g712                                   -             OAI21X4    0.000   0.684    0.800  
      IFU_module/instr_mem/g712                                   B0 v -> Y ^   OAI21X4    0.060   0.744    0.861  
      IFU_module/instr_mem/g702                                   -             NAND2X6    0.000   0.744    0.861  
      IFU_module/instr_mem/g702                                   B ^ -> Y v    NAND2X6    0.077   0.821    0.937  
      datapath_module/reg_file_module/g38908                      -             CLKINVX1   0.000   0.821    0.937  
      datapath_module/reg_file_module/g38908                      A v -> Y ^    CLKINVX1   0.070   0.891    1.007  
      datapath_module/reg_file_module/g38861                      -             NOR2X2     0.000   0.891    1.007  
      datapath_module/reg_file_module/g38861                      B ^ -> Y v    NOR2X2     0.042   0.933    1.049  
      datapath_module/reg_file_module/g38860                      -             CLKINVX1   0.000   0.933    1.049  
      datapath_module/reg_file_module/g38860                      A v -> Y ^    CLKINVX1   0.049   0.982    1.098  
      datapath_module/reg_file_module/g38666                      -             NOR2XL     0.000   0.982    1.098  
      datapath_module/reg_file_module/g38666                      B ^ -> Y v    NOR2XL     0.062   1.044    1.160  
      datapath_module/reg_file_module/g38665                      -             CLKINVX1   0.000   1.044    1.160  
      datapath_module/reg_file_module/g38665                      A v -> Y ^    CLKINVX1   0.065   1.109    1.225  
      datapath_module/reg_file_module/g38417                      -             OAI22X1    0.000   1.109    1.225  
      datapath_module/reg_file_module/g38417                      A1 ^ -> Y v   OAI22X1    0.076   1.185    1.302  
      datapath_module/reg_file_module/g38128                      -             NOR2XL     0.000   1.185    1.302  
      datapath_module/reg_file_module/g38128                      A v -> Y ^    NOR2XL     0.086   1.271    1.388  
      datapath_module/reg_file_module/g38115                      -             AND2X1     0.000   1.271    1.388  
      datapath_module/reg_file_module/g38115                      A ^ -> Y ^    AND2X1     0.160   1.431    1.547  
      datapath_module/reg_file_module/g37968                      -             NAND3X2    0.000   1.431    1.547  
      datapath_module/reg_file_module/g37968                      C ^ -> Y v    NAND3X2    0.104   1.534    1.651  
      datapath_module/alu_module/g1099                            -             BUFX2      0.000   1.534    1.651  
      datapath_module/alu_module/g1099                            A v -> Y v    BUFX2      0.153   1.687    1.803  
      datapath_module/alu_module/sub_35_34_g2799                  -             NAND2BX1   0.000   1.687    1.803  
      datapath_module/alu_module/sub_35_34_g2799                  B v -> Y ^    NAND2BX1   0.069   1.756    1.872  
      datapath_module/alu_module/sub_35_34_g2713                  -             OAI2BB1X1  0.000   1.756    1.872  
      datapath_module/alu_module/sub_35_34_g2713                  A1N ^ -> Y ^  OAI2BB1X1  0.166   1.921    2.038  
      datapath_module/alu_module/sub_35_34_g2704                  -             ADDFHX1    0.000   1.921    2.038  
      datapath_module/alu_module/sub_35_34_g2704                  CI ^ -> CO ^  ADDFHX1    0.223   2.144    2.260  
      datapath_module/alu_module/sub_35_34_g2703                  -             ADDFHX1    0.000   2.144    2.260  
      datapath_module/alu_module/sub_35_34_g2703                  CI ^ -> CO ^  ADDFHX1    0.220   2.364    2.480  
      datapath_module/alu_module/sub_35_34_g2701                  -             NAND2X1    0.000   2.364    2.480  
      datapath_module/alu_module/sub_35_34_g2701                  B ^ -> Y v    NAND2X1    0.094   2.458    2.574  
      datapath_module/alu_module/sub_35_34_g2698                  -             NAND2X2    0.000   2.458    2.574  
      datapath_module/alu_module/sub_35_34_g2698                  B v -> Y ^    NAND2X2    0.066   2.524    2.641  
      datapath_module/alu_module/sub_35_34_g2697                  -             NAND2X1    0.000   2.524    2.641  
      datapath_module/alu_module/sub_35_34_g2697                  B ^ -> Y v    NAND2X1    0.085   2.610    2.726  
      datapath_module/alu_module/sub_35_34_g2695                  -             NAND2X2    0.000   2.610    2.726  
      datapath_module/alu_module/sub_35_34_g2695                  B v -> Y ^    NAND2X2    0.068   2.678    2.794  
      datapath_module/alu_module/sub_35_34_g2692                  -             NAND2X2    0.000   2.678    2.794  
      datapath_module/alu_module/sub_35_34_g2692                  B ^ -> Y v    NAND2X2    0.061   2.739    2.855  
      datapath_module/alu_module/sub_35_34_g2690                  -             NAND2X2    0.000   2.739    2.855  
      datapath_module/alu_module/sub_35_34_g2690                  B v -> Y ^    NAND2X2    0.062   2.801    2.917  
      datapath_module/alu_module/sub_35_34_g2687                  -             NAND2X2    0.000   2.801    2.917  
      datapath_module/alu_module/sub_35_34_g2687                  B ^ -> Y v    NAND2X2    0.060   2.861    2.977  
      datapath_module/alu_module/sub_35_34_g2685                  -             NAND2X2    0.000   2.861    2.977  
      datapath_module/alu_module/sub_35_34_g2685                  B v -> Y ^    NAND2X2    0.075   2.936    3.052  
      datapath_module/alu_module/sub_35_34_g2680                  -             AOI31X2    0.000   2.936    3.052  
      datapath_module/alu_module/sub_35_34_g2680                  A2 ^ -> Y v   AOI31X2    0.111   3.047    3.163  
      datapath_module/alu_module/sub_35_34_g2672                  -             NOR2X1     0.000   3.047    3.163  
      datapath_module/alu_module/sub_35_34_g2672                  B v -> Y ^    NOR2X1     0.119   3.166    3.283  
      datapath_module/alu_module/sub_35_34_g2670                  -             NOR2X2     0.000   3.166    3.283  
      datapath_module/alu_module/sub_35_34_g2670                  B ^ -> Y v    NOR2X2     0.053   3.219    3.335  
      datapath_module/alu_module/g25560                           -             AOI2BB1X1  0.000   3.219    3.335  
      datapath_module/alu_module/g25560                           A1N v -> Y v  AOI2BB1X1  0.170   3.389    3.505  
      datapath_module/alu_module/sub_35_34_g2661                  -             OAI21X2    0.000   3.389    3.505  
      datapath_module/alu_module/sub_35_34_g2661                  A1 v -> Y ^   OAI21X2    0.110   3.499    3.615  
      datapath_module/alu_module/sub_35_34_g2658                  -             AOI21X2    0.000   3.499    3.615  
      datapath_module/alu_module/sub_35_34_g2658                  A1 ^ -> Y v   AOI21X2    0.101   3.599    3.716  
      datapath_module/alu_module/sub_35_34_g2653                  -             OAI21X2    0.000   3.599    3.716  
      datapath_module/alu_module/sub_35_34_g2653                  A1 v -> Y ^   OAI21X2    0.111   3.710    3.826  
      datapath_module/alu_module/sub_35_34_g2643                  -             NAND2XL    0.000   3.710    3.826  
      datapath_module/alu_module/sub_35_34_g2643                  B ^ -> Y v    NAND2XL    0.097   3.807    3.923  
      datapath_module/alu_module/sub_35_34_g2641                  -             NAND2X1    0.000   3.807    3.923  
      datapath_module/alu_module/sub_35_34_g2641                  B v -> Y ^    NAND2X1    0.100   3.907    4.023  
      datapath_module/alu_module/sub_35_34_g2627                  -             AOI21X1    0.000   3.907    4.023  
      datapath_module/alu_module/sub_35_34_g2627                  A1 ^ -> Y v   AOI21X1    0.110   4.016    4.133  
      datapath_module/alu_module/sub_35_34_g2612                  -             OAI21X1    0.000   4.016    4.133  
      datapath_module/alu_module/sub_35_34_g2612                  A1 v -> Y ^   OAI21X1    0.151   4.168    4.284  
      datapath_module/alu_module/sub_35_34_g2607                  -             CLKINVX1   0.000   4.168    4.284  
      datapath_module/alu_module/sub_35_34_g2607                  A ^ -> Y v    CLKINVX1   0.052   4.220    4.336  
      datapath_module/alu_module/sub_35_34_g2601                  -             OAI21X1    0.000   4.220    4.336  
      datapath_module/alu_module/sub_35_34_g2601                  A1 v -> Y ^   OAI21X1    0.136   4.356    4.472  
      datapath_module/alu_module/sub_35_34_g2597                  -             OAI21X1    0.000   4.356    4.472  
      datapath_module/alu_module/sub_35_34_g2597                  A1 ^ -> Y v   OAI21X1    0.074   4.430    4.546  
      datapath_module/alu_module/g7162                            -             OAI2BB1X1  0.000   4.430    4.546  
      datapath_module/alu_module/g7162                            A1N v -> Y v  OAI2BB1X1  0.116   4.546    4.662  
      datapath_module/alu_module/g7108                            -             AO21X2     0.000   4.546    4.662  
      datapath_module/alu_module/g7108                            B0 v -> Y v   AO21X2     0.431   4.977    5.094  
      datapath_module/reg_file_module/reg_memory_reg[19][30]1312  -             MDFFHQX1   0.000   4.977    5.094  
      --------------------------------------------------------------------------------------------------------------
Path 48: MET Setup Check with Pin datapath_module/reg_file_module/reg_memory_reg[18][30]1248/CK 
Endpoint:   datapath_module/reg_file_module/reg_memory_reg[18][30]1248/D0 (v) checked with  leading edge of 'clock'
Beginpoint: IFU_module/PC_reg[3]/Q                                        (^) triggered by  leading edge of 'clock'
Path Groups: {clock}
Retime Analysis { Data Path-Slew }
Other End Arrival Time          0.000
- Setup                         0.006
+ Phase Shift                   7.100
- Uncertainty                   2.000
= Required Time                 5.094
- Arrival Time                  4.977
= Slack Time                    0.116
= Slack Time(original)          0.075
     Clock Rise Edge                 0.000
     + Clock Network Latency (Ideal) 0.000
     = Beginpoint Arrival Time       0.000
      --------------------------------------------------------------------------------------------------------------
      Instance                                                    Arc           Cell       Retime  Arrival  Required  
                                                                                           Delay   Time     Time  
      --------------------------------------------------------------------------------------------------------------
      IFU_module/PC_reg[3]                                        CK ^          -          -       0.000    0.116  
      IFU_module/PC_reg[3]                                        CK ^ -> Q ^   SDFFRHQX4  0.624   0.624    0.741  
      IFU_module/instr_mem/g733                                   -             CLKINVX3   0.000   0.624    0.741  
      IFU_module/instr_mem/g733                                   A ^ -> Y v    CLKINVX3   0.060   0.684    0.800  
      IFU_module/instr_mem/g712                                   -             OAI21X4    0.000   0.684    0.800  
      IFU_module/instr_mem/g712                                   B0 v -> Y ^   OAI21X4    0.060   0.744    0.861  
      IFU_module/instr_mem/g702                                   -             NAND2X6    0.000   0.744    0.861  
      IFU_module/instr_mem/g702                                   B ^ -> Y v    NAND2X6    0.077   0.821    0.937  
      datapath_module/reg_file_module/g38908                      -             CLKINVX1   0.000   0.821    0.937  
      datapath_module/reg_file_module/g38908                      A v -> Y ^    CLKINVX1   0.070   0.891    1.007  
      datapath_module/reg_file_module/g38861                      -             NOR2X2     0.000   0.891    1.007  
      datapath_module/reg_file_module/g38861                      B ^ -> Y v    NOR2X2     0.042   0.933    1.049  
      datapath_module/reg_file_module/g38860                      -             CLKINVX1   0.000   0.933    1.049  
      datapath_module/reg_file_module/g38860                      A v -> Y ^    CLKINVX1   0.049   0.982    1.098  
      datapath_module/reg_file_module/g38666                      -             NOR2XL     0.000   0.982    1.098  
      datapath_module/reg_file_module/g38666                      B ^ -> Y v    NOR2XL     0.062   1.044    1.160  
      datapath_module/reg_file_module/g38665                      -             CLKINVX1   0.000   1.044    1.160  
      datapath_module/reg_file_module/g38665                      A v -> Y ^    CLKINVX1   0.065   1.109    1.225  
      datapath_module/reg_file_module/g38417                      -             OAI22X1    0.000   1.109    1.225  
      datapath_module/reg_file_module/g38417                      A1 ^ -> Y v   OAI22X1    0.076   1.185    1.302  
      datapath_module/reg_file_module/g38128                      -             NOR2XL     0.000   1.185    1.302  
      datapath_module/reg_file_module/g38128                      A v -> Y ^    NOR2XL     0.086   1.271    1.388  
      datapath_module/reg_file_module/g38115                      -             AND2X1     0.000   1.271    1.388  
      datapath_module/reg_file_module/g38115                      A ^ -> Y ^    AND2X1     0.160   1.431    1.547  
      datapath_module/reg_file_module/g37968                      -             NAND3X2    0.000   1.431    1.547  
      datapath_module/reg_file_module/g37968                      C ^ -> Y v    NAND3X2    0.104   1.534    1.651  
      datapath_module/alu_module/g1099                            -             BUFX2      0.000   1.534    1.651  
      datapath_module/alu_module/g1099                            A v -> Y v    BUFX2      0.153   1.687    1.803  
      datapath_module/alu_module/sub_35_34_g2799                  -             NAND2BX1   0.000   1.687    1.803  
      datapath_module/alu_module/sub_35_34_g2799                  B v -> Y ^    NAND2BX1   0.069   1.756    1.872  
      datapath_module/alu_module/sub_35_34_g2713                  -             OAI2BB1X1  0.000   1.756    1.872  
      datapath_module/alu_module/sub_35_34_g2713                  A1N ^ -> Y ^  OAI2BB1X1  0.166   1.921    2.038  
      datapath_module/alu_module/sub_35_34_g2704                  -             ADDFHX1    0.000   1.921    2.038  
      datapath_module/alu_module/sub_35_34_g2704                  CI ^ -> CO ^  ADDFHX1    0.223   2.144    2.260  
      datapath_module/alu_module/sub_35_34_g2703                  -             ADDFHX1    0.000   2.144    2.260  
      datapath_module/alu_module/sub_35_34_g2703                  CI ^ -> CO ^  ADDFHX1    0.220   2.364    2.480  
      datapath_module/alu_module/sub_35_34_g2701                  -             NAND2X1    0.000   2.364    2.480  
      datapath_module/alu_module/sub_35_34_g2701                  B ^ -> Y v    NAND2X1    0.094   2.458    2.574  
      datapath_module/alu_module/sub_35_34_g2698                  -             NAND2X2    0.000   2.458    2.574  
      datapath_module/alu_module/sub_35_34_g2698                  B v -> Y ^    NAND2X2    0.066   2.524    2.641  
      datapath_module/alu_module/sub_35_34_g2697                  -             NAND2X1    0.000   2.524    2.641  
      datapath_module/alu_module/sub_35_34_g2697                  B ^ -> Y v    NAND2X1    0.085   2.610    2.726  
      datapath_module/alu_module/sub_35_34_g2695                  -             NAND2X2    0.000   2.610    2.726  
      datapath_module/alu_module/sub_35_34_g2695                  B v -> Y ^    NAND2X2    0.068   2.678    2.794  
      datapath_module/alu_module/sub_35_34_g2692                  -             NAND2X2    0.000   2.678    2.794  
      datapath_module/alu_module/sub_35_34_g2692                  B ^ -> Y v    NAND2X2    0.061   2.739    2.855  
      datapath_module/alu_module/sub_35_34_g2690                  -             NAND2X2    0.000   2.739    2.855  
      datapath_module/alu_module/sub_35_34_g2690                  B v -> Y ^    NAND2X2    0.062   2.801    2.917  
      datapath_module/alu_module/sub_35_34_g2687                  -             NAND2X2    0.000   2.801    2.917  
      datapath_module/alu_module/sub_35_34_g2687                  B ^ -> Y v    NAND2X2    0.060   2.861    2.977  
      datapath_module/alu_module/sub_35_34_g2685                  -             NAND2X2    0.000   2.861    2.977  
      datapath_module/alu_module/sub_35_34_g2685                  B v -> Y ^    NAND2X2    0.075   2.936    3.052  
      datapath_module/alu_module/sub_35_34_g2680                  -             AOI31X2    0.000   2.936    3.052  
      datapath_module/alu_module/sub_35_34_g2680                  A2 ^ -> Y v   AOI31X2    0.111   3.047    3.163  
      datapath_module/alu_module/sub_35_34_g2672                  -             NOR2X1     0.000   3.047    3.163  
      datapath_module/alu_module/sub_35_34_g2672                  B v -> Y ^    NOR2X1     0.119   3.166    3.283  
      datapath_module/alu_module/sub_35_34_g2670                  -             NOR2X2     0.000   3.166    3.283  
      datapath_module/alu_module/sub_35_34_g2670                  B ^ -> Y v    NOR2X2     0.053   3.219    3.335  
      datapath_module/alu_module/g25560                           -             AOI2BB1X1  0.000   3.219    3.335  
      datapath_module/alu_module/g25560                           A1N v -> Y v  AOI2BB1X1  0.170   3.389    3.505  
      datapath_module/alu_module/sub_35_34_g2661                  -             OAI21X2    0.000   3.389    3.505  
      datapath_module/alu_module/sub_35_34_g2661                  A1 v -> Y ^   OAI21X2    0.110   3.499    3.615  
      datapath_module/alu_module/sub_35_34_g2658                  -             AOI21X2    0.000   3.499    3.615  
      datapath_module/alu_module/sub_35_34_g2658                  A1 ^ -> Y v   AOI21X2    0.101   3.599    3.716  
      datapath_module/alu_module/sub_35_34_g2653                  -             OAI21X2    0.000   3.599    3.716  
      datapath_module/alu_module/sub_35_34_g2653                  A1 v -> Y ^   OAI21X2    0.111   3.710    3.826  
      datapath_module/alu_module/sub_35_34_g2643                  -             NAND2XL    0.000   3.710    3.826  
      datapath_module/alu_module/sub_35_34_g2643                  B ^ -> Y v    NAND2XL    0.097   3.807    3.923  
      datapath_module/alu_module/sub_35_34_g2641                  -             NAND2X1    0.000   3.807    3.923  
      datapath_module/alu_module/sub_35_34_g2641                  B v -> Y ^    NAND2X1    0.100   3.907    4.023  
      datapath_module/alu_module/sub_35_34_g2627                  -             AOI21X1    0.000   3.907    4.023  
      datapath_module/alu_module/sub_35_34_g2627                  A1 ^ -> Y v   AOI21X1    0.110   4.016    4.133  
      datapath_module/alu_module/sub_35_34_g2612                  -             OAI21X1    0.000   4.016    4.133  
      datapath_module/alu_module/sub_35_34_g2612                  A1 v -> Y ^   OAI21X1    0.151   4.168    4.284  
      datapath_module/alu_module/sub_35_34_g2607                  -             CLKINVX1   0.000   4.168    4.284  
      datapath_module/alu_module/sub_35_34_g2607                  A ^ -> Y v    CLKINVX1   0.052   4.220    4.336  
      datapath_module/alu_module/sub_35_34_g2601                  -             OAI21X1    0.000   4.220    4.336  
      datapath_module/alu_module/sub_35_34_g2601                  A1 v -> Y ^   OAI21X1    0.136   4.356    4.472  
      datapath_module/alu_module/sub_35_34_g2597                  -             OAI21X1    0.000   4.356    4.472  
      datapath_module/alu_module/sub_35_34_g2597                  A1 ^ -> Y v   OAI21X1    0.074   4.430    4.546  
      datapath_module/alu_module/g7162                            -             OAI2BB1X1  0.000   4.430    4.546  
      datapath_module/alu_module/g7162                            A1N v -> Y v  OAI2BB1X1  0.116   4.546    4.662  
      datapath_module/alu_module/g7108                            -             AO21X2     0.000   4.546    4.662  
      datapath_module/alu_module/g7108                            B0 v -> Y v   AO21X2     0.431   4.977    5.094  
      datapath_module/reg_file_module/reg_memory_reg[18][30]1248  -             MDFFHQX1   0.000   4.977    5.094  
      --------------------------------------------------------------------------------------------------------------
Path 49: MET Setup Check with Pin datapath_module/reg_file_module/reg_memory_reg[17][30]1184/CK 
Endpoint:   datapath_module/reg_file_module/reg_memory_reg[17][30]1184/D0 (v) checked with  leading edge of 'clock'
Beginpoint: IFU_module/PC_reg[3]/Q                                        (^) triggered by  leading edge of 'clock'
Path Groups: {clock}
Retime Analysis { Data Path-Slew }
Other End Arrival Time          0.000
- Setup                         0.006
+ Phase Shift                   7.100
- Uncertainty                   2.000
= Required Time                 5.094
- Arrival Time                  4.977
= Slack Time                    0.116
= Slack Time(original)          0.075
     Clock Rise Edge                 0.000
     + Clock Network Latency (Ideal) 0.000
     = Beginpoint Arrival Time       0.000
      --------------------------------------------------------------------------------------------------------------
      Instance                                                    Arc           Cell       Retime  Arrival  Required  
                                                                                           Delay   Time     Time  
      --------------------------------------------------------------------------------------------------------------
      IFU_module/PC_reg[3]                                        CK ^          -          -       0.000    0.116  
      IFU_module/PC_reg[3]                                        CK ^ -> Q ^   SDFFRHQX4  0.624   0.624    0.741  
      IFU_module/instr_mem/g733                                   -             CLKINVX3   0.000   0.624    0.741  
      IFU_module/instr_mem/g733                                   A ^ -> Y v    CLKINVX3   0.060   0.684    0.800  
      IFU_module/instr_mem/g712                                   -             OAI21X4    0.000   0.684    0.800  
      IFU_module/instr_mem/g712                                   B0 v -> Y ^   OAI21X4    0.060   0.744    0.861  
      IFU_module/instr_mem/g702                                   -             NAND2X6    0.000   0.744    0.861  
      IFU_module/instr_mem/g702                                   B ^ -> Y v    NAND2X6    0.077   0.821    0.937  
      datapath_module/reg_file_module/g38908                      -             CLKINVX1   0.000   0.821    0.937  
      datapath_module/reg_file_module/g38908                      A v -> Y ^    CLKINVX1   0.070   0.891    1.007  
      datapath_module/reg_file_module/g38861                      -             NOR2X2     0.000   0.891    1.007  
      datapath_module/reg_file_module/g38861                      B ^ -> Y v    NOR2X2     0.042   0.933    1.049  
      datapath_module/reg_file_module/g38860                      -             CLKINVX1   0.000   0.933    1.049  
      datapath_module/reg_file_module/g38860                      A v -> Y ^    CLKINVX1   0.049   0.982    1.098  
      datapath_module/reg_file_module/g38666                      -             NOR2XL     0.000   0.982    1.098  
      datapath_module/reg_file_module/g38666                      B ^ -> Y v    NOR2XL     0.062   1.044    1.160  
      datapath_module/reg_file_module/g38665                      -             CLKINVX1   0.000   1.044    1.160  
      datapath_module/reg_file_module/g38665                      A v -> Y ^    CLKINVX1   0.065   1.109    1.225  
      datapath_module/reg_file_module/g38417                      -             OAI22X1    0.000   1.109    1.225  
      datapath_module/reg_file_module/g38417                      A1 ^ -> Y v   OAI22X1    0.076   1.185    1.302  
      datapath_module/reg_file_module/g38128                      -             NOR2XL     0.000   1.185    1.302  
      datapath_module/reg_file_module/g38128                      A v -> Y ^    NOR2XL     0.086   1.271    1.388  
      datapath_module/reg_file_module/g38115                      -             AND2X1     0.000   1.271    1.388  
      datapath_module/reg_file_module/g38115                      A ^ -> Y ^    AND2X1     0.160   1.431    1.547  
      datapath_module/reg_file_module/g37968                      -             NAND3X2    0.000   1.431    1.547  
      datapath_module/reg_file_module/g37968                      C ^ -> Y v    NAND3X2    0.104   1.534    1.651  
      datapath_module/alu_module/g1099                            -             BUFX2      0.000   1.534    1.651  
      datapath_module/alu_module/g1099                            A v -> Y v    BUFX2      0.153   1.687    1.803  
      datapath_module/alu_module/sub_35_34_g2799                  -             NAND2BX1   0.000   1.687    1.803  
      datapath_module/alu_module/sub_35_34_g2799                  B v -> Y ^    NAND2BX1   0.069   1.756    1.872  
      datapath_module/alu_module/sub_35_34_g2713                  -             OAI2BB1X1  0.000   1.756    1.872  
      datapath_module/alu_module/sub_35_34_g2713                  A1N ^ -> Y ^  OAI2BB1X1  0.166   1.921    2.038  
      datapath_module/alu_module/sub_35_34_g2704                  -             ADDFHX1    0.000   1.921    2.038  
      datapath_module/alu_module/sub_35_34_g2704                  CI ^ -> CO ^  ADDFHX1    0.223   2.144    2.260  
      datapath_module/alu_module/sub_35_34_g2703                  -             ADDFHX1    0.000   2.144    2.260  
      datapath_module/alu_module/sub_35_34_g2703                  CI ^ -> CO ^  ADDFHX1    0.220   2.364    2.480  
      datapath_module/alu_module/sub_35_34_g2701                  -             NAND2X1    0.000   2.364    2.480  
      datapath_module/alu_module/sub_35_34_g2701                  B ^ -> Y v    NAND2X1    0.094   2.458    2.574  
      datapath_module/alu_module/sub_35_34_g2698                  -             NAND2X2    0.000   2.458    2.574  
      datapath_module/alu_module/sub_35_34_g2698                  B v -> Y ^    NAND2X2    0.066   2.524    2.641  
      datapath_module/alu_module/sub_35_34_g2697                  -             NAND2X1    0.000   2.524    2.641  
      datapath_module/alu_module/sub_35_34_g2697                  B ^ -> Y v    NAND2X1    0.085   2.610    2.726  
      datapath_module/alu_module/sub_35_34_g2695                  -             NAND2X2    0.000   2.610    2.726  
      datapath_module/alu_module/sub_35_34_g2695                  B v -> Y ^    NAND2X2    0.068   2.678    2.794  
      datapath_module/alu_module/sub_35_34_g2692                  -             NAND2X2    0.000   2.678    2.794  
      datapath_module/alu_module/sub_35_34_g2692                  B ^ -> Y v    NAND2X2    0.061   2.739    2.855  
      datapath_module/alu_module/sub_35_34_g2690                  -             NAND2X2    0.000   2.739    2.855  
      datapath_module/alu_module/sub_35_34_g2690                  B v -> Y ^    NAND2X2    0.062   2.801    2.917  
      datapath_module/alu_module/sub_35_34_g2687                  -             NAND2X2    0.000   2.801    2.917  
      datapath_module/alu_module/sub_35_34_g2687                  B ^ -> Y v    NAND2X2    0.060   2.861    2.977  
      datapath_module/alu_module/sub_35_34_g2685                  -             NAND2X2    0.000   2.861    2.977  
      datapath_module/alu_module/sub_35_34_g2685                  B v -> Y ^    NAND2X2    0.075   2.936    3.052  
      datapath_module/alu_module/sub_35_34_g2680                  -             AOI31X2    0.000   2.936    3.052  
      datapath_module/alu_module/sub_35_34_g2680                  A2 ^ -> Y v   AOI31X2    0.111   3.047    3.163  
      datapath_module/alu_module/sub_35_34_g2672                  -             NOR2X1     0.000   3.047    3.163  
      datapath_module/alu_module/sub_35_34_g2672                  B v -> Y ^    NOR2X1     0.119   3.166    3.283  
      datapath_module/alu_module/sub_35_34_g2670                  -             NOR2X2     0.000   3.166    3.283  
      datapath_module/alu_module/sub_35_34_g2670                  B ^ -> Y v    NOR2X2     0.053   3.219    3.335  
      datapath_module/alu_module/g25560                           -             AOI2BB1X1  0.000   3.219    3.335  
      datapath_module/alu_module/g25560                           A1N v -> Y v  AOI2BB1X1  0.170   3.389    3.505  
      datapath_module/alu_module/sub_35_34_g2661                  -             OAI21X2    0.000   3.389    3.505  
      datapath_module/alu_module/sub_35_34_g2661                  A1 v -> Y ^   OAI21X2    0.110   3.499    3.615  
      datapath_module/alu_module/sub_35_34_g2658                  -             AOI21X2    0.000   3.499    3.615  
      datapath_module/alu_module/sub_35_34_g2658                  A1 ^ -> Y v   AOI21X2    0.101   3.599    3.716  
      datapath_module/alu_module/sub_35_34_g2653                  -             OAI21X2    0.000   3.599    3.716  
      datapath_module/alu_module/sub_35_34_g2653                  A1 v -> Y ^   OAI21X2    0.111   3.710    3.826  
      datapath_module/alu_module/sub_35_34_g2643                  -             NAND2XL    0.000   3.710    3.826  
      datapath_module/alu_module/sub_35_34_g2643                  B ^ -> Y v    NAND2XL    0.097   3.807    3.923  
      datapath_module/alu_module/sub_35_34_g2641                  -             NAND2X1    0.000   3.807    3.923  
      datapath_module/alu_module/sub_35_34_g2641                  B v -> Y ^    NAND2X1    0.100   3.907    4.023  
      datapath_module/alu_module/sub_35_34_g2627                  -             AOI21X1    0.000   3.907    4.023  
      datapath_module/alu_module/sub_35_34_g2627                  A1 ^ -> Y v   AOI21X1    0.110   4.016    4.133  
      datapath_module/alu_module/sub_35_34_g2612                  -             OAI21X1    0.000   4.016    4.133  
      datapath_module/alu_module/sub_35_34_g2612                  A1 v -> Y ^   OAI21X1    0.151   4.168    4.284  
      datapath_module/alu_module/sub_35_34_g2607                  -             CLKINVX1   0.000   4.168    4.284  
      datapath_module/alu_module/sub_35_34_g2607                  A ^ -> Y v    CLKINVX1   0.052   4.220    4.336  
      datapath_module/alu_module/sub_35_34_g2601                  -             OAI21X1    0.000   4.220    4.336  
      datapath_module/alu_module/sub_35_34_g2601                  A1 v -> Y ^   OAI21X1    0.136   4.356    4.472  
      datapath_module/alu_module/sub_35_34_g2597                  -             OAI21X1    0.000   4.356    4.472  
      datapath_module/alu_module/sub_35_34_g2597                  A1 ^ -> Y v   OAI21X1    0.074   4.430    4.546  
      datapath_module/alu_module/g7162                            -             OAI2BB1X1  0.000   4.430    4.546  
      datapath_module/alu_module/g7162                            A1N v -> Y v  OAI2BB1X1  0.116   4.546    4.662  
      datapath_module/alu_module/g7108                            -             AO21X2     0.000   4.546    4.662  
      datapath_module/alu_module/g7108                            B0 v -> Y v   AO21X2     0.431   4.977    5.094  
      datapath_module/reg_file_module/reg_memory_reg[17][30]1184  -             MDFFHQX1   0.000   4.977    5.094  
      --------------------------------------------------------------------------------------------------------------
Path 50: MET Setup Check with Pin datapath_module/reg_file_module/reg_memory_reg[16][30]1120/CK 
Endpoint:   datapath_module/reg_file_module/reg_memory_reg[16][30]1120/D0 (v) checked with  leading edge of 'clock'
Beginpoint: IFU_module/PC_reg[3]/Q                                        (^) triggered by  leading edge of 'clock'
Path Groups: {clock}
Retime Analysis { Data Path-Slew }
Other End Arrival Time          0.000
- Setup                         0.006
+ Phase Shift                   7.100
- Uncertainty                   2.000
= Required Time                 5.094
- Arrival Time                  4.977
= Slack Time                    0.116
= Slack Time(original)          0.075
     Clock Rise Edge                 0.000
     + Clock Network Latency (Ideal) 0.000
     = Beginpoint Arrival Time       0.000
      --------------------------------------------------------------------------------------------------------------
      Instance                                                    Arc           Cell       Retime  Arrival  Required  
                                                                                           Delay   Time     Time  
      --------------------------------------------------------------------------------------------------------------
      IFU_module/PC_reg[3]                                        CK ^          -          -       0.000    0.116  
      IFU_module/PC_reg[3]                                        CK ^ -> Q ^   SDFFRHQX4  0.624   0.624    0.741  
      IFU_module/instr_mem/g733                                   -             CLKINVX3   0.000   0.624    0.741  
      IFU_module/instr_mem/g733                                   A ^ -> Y v    CLKINVX3   0.060   0.684    0.800  
      IFU_module/instr_mem/g712                                   -             OAI21X4    0.000   0.684    0.800  
      IFU_module/instr_mem/g712                                   B0 v -> Y ^   OAI21X4    0.060   0.744    0.861  
      IFU_module/instr_mem/g702                                   -             NAND2X6    0.000   0.744    0.861  
      IFU_module/instr_mem/g702                                   B ^ -> Y v    NAND2X6    0.077   0.821    0.937  
      datapath_module/reg_file_module/g38908                      -             CLKINVX1   0.000   0.821    0.937  
      datapath_module/reg_file_module/g38908                      A v -> Y ^    CLKINVX1   0.070   0.891    1.007  
      datapath_module/reg_file_module/g38861                      -             NOR2X2     0.000   0.891    1.007  
      datapath_module/reg_file_module/g38861                      B ^ -> Y v    NOR2X2     0.042   0.933    1.049  
      datapath_module/reg_file_module/g38860                      -             CLKINVX1   0.000   0.933    1.049  
      datapath_module/reg_file_module/g38860                      A v -> Y ^    CLKINVX1   0.049   0.982    1.098  
      datapath_module/reg_file_module/g38666                      -             NOR2XL     0.000   0.982    1.098  
      datapath_module/reg_file_module/g38666                      B ^ -> Y v    NOR2XL     0.062   1.044    1.160  
      datapath_module/reg_file_module/g38665                      -             CLKINVX1   0.000   1.044    1.160  
      datapath_module/reg_file_module/g38665                      A v -> Y ^    CLKINVX1   0.065   1.109    1.225  
      datapath_module/reg_file_module/g38417                      -             OAI22X1    0.000   1.109    1.225  
      datapath_module/reg_file_module/g38417                      A1 ^ -> Y v   OAI22X1    0.076   1.185    1.302  
      datapath_module/reg_file_module/g38128                      -             NOR2XL     0.000   1.185    1.302  
      datapath_module/reg_file_module/g38128                      A v -> Y ^    NOR2XL     0.086   1.271    1.388  
      datapath_module/reg_file_module/g38115                      -             AND2X1     0.000   1.271    1.388  
      datapath_module/reg_file_module/g38115                      A ^ -> Y ^    AND2X1     0.160   1.431    1.547  
      datapath_module/reg_file_module/g37968                      -             NAND3X2    0.000   1.431    1.547  
      datapath_module/reg_file_module/g37968                      C ^ -> Y v    NAND3X2    0.104   1.534    1.651  
      datapath_module/alu_module/g1099                            -             BUFX2      0.000   1.534    1.651  
      datapath_module/alu_module/g1099                            A v -> Y v    BUFX2      0.153   1.687    1.803  
      datapath_module/alu_module/sub_35_34_g2799                  -             NAND2BX1   0.000   1.687    1.803  
      datapath_module/alu_module/sub_35_34_g2799                  B v -> Y ^    NAND2BX1   0.069   1.756    1.872  
      datapath_module/alu_module/sub_35_34_g2713                  -             OAI2BB1X1  0.000   1.756    1.872  
      datapath_module/alu_module/sub_35_34_g2713                  A1N ^ -> Y ^  OAI2BB1X1  0.166   1.921    2.038  
      datapath_module/alu_module/sub_35_34_g2704                  -             ADDFHX1    0.000   1.921    2.038  
      datapath_module/alu_module/sub_35_34_g2704                  CI ^ -> CO ^  ADDFHX1    0.223   2.144    2.260  
      datapath_module/alu_module/sub_35_34_g2703                  -             ADDFHX1    0.000   2.144    2.260  
      datapath_module/alu_module/sub_35_34_g2703                  CI ^ -> CO ^  ADDFHX1    0.220   2.364    2.480  
      datapath_module/alu_module/sub_35_34_g2701                  -             NAND2X1    0.000   2.364    2.480  
      datapath_module/alu_module/sub_35_34_g2701                  B ^ -> Y v    NAND2X1    0.094   2.458    2.574  
      datapath_module/alu_module/sub_35_34_g2698                  -             NAND2X2    0.000   2.458    2.574  
      datapath_module/alu_module/sub_35_34_g2698                  B v -> Y ^    NAND2X2    0.066   2.524    2.641  
      datapath_module/alu_module/sub_35_34_g2697                  -             NAND2X1    0.000   2.524    2.641  
      datapath_module/alu_module/sub_35_34_g2697                  B ^ -> Y v    NAND2X1    0.085   2.610    2.726  
      datapath_module/alu_module/sub_35_34_g2695                  -             NAND2X2    0.000   2.610    2.726  
      datapath_module/alu_module/sub_35_34_g2695                  B v -> Y ^    NAND2X2    0.068   2.678    2.794  
      datapath_module/alu_module/sub_35_34_g2692                  -             NAND2X2    0.000   2.678    2.794  
      datapath_module/alu_module/sub_35_34_g2692                  B ^ -> Y v    NAND2X2    0.061   2.739    2.855  
      datapath_module/alu_module/sub_35_34_g2690                  -             NAND2X2    0.000   2.739    2.855  
      datapath_module/alu_module/sub_35_34_g2690                  B v -> Y ^    NAND2X2    0.062   2.801    2.917  
      datapath_module/alu_module/sub_35_34_g2687                  -             NAND2X2    0.000   2.801    2.917  
      datapath_module/alu_module/sub_35_34_g2687                  B ^ -> Y v    NAND2X2    0.060   2.861    2.977  
      datapath_module/alu_module/sub_35_34_g2685                  -             NAND2X2    0.000   2.861    2.977  
      datapath_module/alu_module/sub_35_34_g2685                  B v -> Y ^    NAND2X2    0.075   2.936    3.052  
      datapath_module/alu_module/sub_35_34_g2680                  -             AOI31X2    0.000   2.936    3.052  
      datapath_module/alu_module/sub_35_34_g2680                  A2 ^ -> Y v   AOI31X2    0.111   3.047    3.163  
      datapath_module/alu_module/sub_35_34_g2672                  -             NOR2X1     0.000   3.047    3.163  
      datapath_module/alu_module/sub_35_34_g2672                  B v -> Y ^    NOR2X1     0.119   3.166    3.283  
      datapath_module/alu_module/sub_35_34_g2670                  -             NOR2X2     0.000   3.166    3.283  
      datapath_module/alu_module/sub_35_34_g2670                  B ^ -> Y v    NOR2X2     0.053   3.219    3.335  
      datapath_module/alu_module/g25560                           -             AOI2BB1X1  0.000   3.219    3.335  
      datapath_module/alu_module/g25560                           A1N v -> Y v  AOI2BB1X1  0.170   3.389    3.505  
      datapath_module/alu_module/sub_35_34_g2661                  -             OAI21X2    0.000   3.389    3.505  
      datapath_module/alu_module/sub_35_34_g2661                  A1 v -> Y ^   OAI21X2    0.110   3.499    3.615  
      datapath_module/alu_module/sub_35_34_g2658                  -             AOI21X2    0.000   3.499    3.615  
      datapath_module/alu_module/sub_35_34_g2658                  A1 ^ -> Y v   AOI21X2    0.101   3.599    3.716  
      datapath_module/alu_module/sub_35_34_g2653                  -             OAI21X2    0.000   3.599    3.716  
      datapath_module/alu_module/sub_35_34_g2653                  A1 v -> Y ^   OAI21X2    0.111   3.710    3.826  
      datapath_module/alu_module/sub_35_34_g2643                  -             NAND2XL    0.000   3.710    3.826  
      datapath_module/alu_module/sub_35_34_g2643                  B ^ -> Y v    NAND2XL    0.097   3.807    3.923  
      datapath_module/alu_module/sub_35_34_g2641                  -             NAND2X1    0.000   3.807    3.923  
      datapath_module/alu_module/sub_35_34_g2641                  B v -> Y ^    NAND2X1    0.100   3.907    4.023  
      datapath_module/alu_module/sub_35_34_g2627                  -             AOI21X1    0.000   3.907    4.023  
      datapath_module/alu_module/sub_35_34_g2627                  A1 ^ -> Y v   AOI21X1    0.110   4.016    4.133  
      datapath_module/alu_module/sub_35_34_g2612                  -             OAI21X1    0.000   4.016    4.133  
      datapath_module/alu_module/sub_35_34_g2612                  A1 v -> Y ^   OAI21X1    0.151   4.168    4.284  
      datapath_module/alu_module/sub_35_34_g2607                  -             CLKINVX1   0.000   4.168    4.284  
      datapath_module/alu_module/sub_35_34_g2607                  A ^ -> Y v    CLKINVX1   0.052   4.220    4.336  
      datapath_module/alu_module/sub_35_34_g2601                  -             OAI21X1    0.000   4.220    4.336  
      datapath_module/alu_module/sub_35_34_g2601                  A1 v -> Y ^   OAI21X1    0.136   4.356    4.472  
      datapath_module/alu_module/sub_35_34_g2597                  -             OAI21X1    0.000   4.356    4.472  
      datapath_module/alu_module/sub_35_34_g2597                  A1 ^ -> Y v   OAI21X1    0.074   4.430    4.546  
      datapath_module/alu_module/g7162                            -             OAI2BB1X1  0.000   4.430    4.546  
      datapath_module/alu_module/g7162                            A1N v -> Y v  OAI2BB1X1  0.116   4.546    4.662  
      datapath_module/alu_module/g7108                            -             AO21X2     0.000   4.546    4.662  
      datapath_module/alu_module/g7108                            B0 v -> Y v   AO21X2     0.431   4.977    5.094  
      datapath_module/reg_file_module/reg_memory_reg[16][30]1120  -             MDFFHQX1   0.000   4.977    5.094  
      --------------------------------------------------------------------------------------------------------------

###############################################################
#  Generated by:      Cadence Tempus 20.10-p003_1
#  OS:                Linux x86_64(Host ID edatools-server1.iiitd.edu.in)
#  Generated on:      Sun Mar 30 23:06:20 2025
#  Design:            PROCESSOR
#  Command:           report_timing -late -early -max_paths 50 -retime path_slew_propagation > $report_dir/timing_report_besttiming_PBA.rpt
###############################################################
Path 1: MET Hold Check with Pin IFU_module/PC_reg[3]/CK 
Endpoint:   IFU_module/PC_reg[3]/SI (v) checked with  leading edge of 'clock'
Beginpoint: IFU_module/PC_reg[2]/Q  (^) triggered by  leading edge of 'clock'
Path Groups: {clock}
Retime Analysis { Data Path-Slew }
Other End Arrival Time          0.000
+ Hold                          0.568
+ Phase Shift                   0.000
= Required Time                 0.568
  Arrival Time                  0.676
  Slack Time                    0.108
= Slack Time(original)          0.108
     Clock Rise Edge                 0.000
     + Clock Network Latency (Ideal) 0.000
     = Beginpoint Arrival Time       0.000
      -----------------------------------------------------------------------
      Instance              Arc          Cell       Retime  Arrival  Required  
                                                    Delay   Time     Time  
      -----------------------------------------------------------------------
      IFU_module/PC_reg[2]  CK ^         -          -       0.000    -0.108  
      IFU_module/PC_reg[2]  CK ^ -> Q ^  DFFRHQX4   0.614   0.614    0.505  
      IFU_module/g554       -            CLKINVX1   0.000   0.614    0.505  
      IFU_module/g554       A ^ -> Y v   CLKINVX1   0.062   0.676    0.568  
      IFU_module/PC_reg[3]  -            SDFFRHQX4  0.000   0.676    0.568  
      -----------------------------------------------------------------------
Path 2: MET Hold Check with Pin IFU_module/PC_reg[2]/CK 
Endpoint:   IFU_module/PC_reg[2]/D (v) checked with  leading edge of 'clock'
Beginpoint: IFU_module/PC_reg[2]/Q (^) triggered by  leading edge of 'clock'
Path Groups: {clock}
Retime Analysis { Data Path-Slew }
Other End Arrival Time          0.000
+ Hold                          0.353
+ Phase Shift                   0.000
= Required Time                 0.353
  Arrival Time                  0.676
  Slack Time                    0.323
= Slack Time(original)          0.323
     Clock Rise Edge                 0.000
     + Clock Network Latency (Ideal) 0.000
     = Beginpoint Arrival Time       0.000
      ----------------------------------------------------------------------
      Instance              Arc          Cell      Retime  Arrival  Required  
                                                   Delay   Time     Time  
      ----------------------------------------------------------------------
      IFU_module/PC_reg[2]  CK ^         -         -       0.000    -0.323  
      IFU_module/PC_reg[2]  CK ^ -> Q ^  DFFRHQX4  0.614   0.614    0.291  
      IFU_module/g554       -            CLKINVX1  0.000   0.614    0.291  
      IFU_module/g554       A ^ -> Y v   CLKINVX1  0.062   0.676    0.353  
      IFU_module/PC_reg[2]  -            DFFRHQX4  0.000   0.676    0.353  
      ----------------------------------------------------------------------
Path 3: MET Removal Check with Pin IFU_module/PC_reg[2]/CK 
Endpoint:   IFU_module/PC_reg[2]/RN (^) checked with  leading edge of 'clock'
Beginpoint: reset                   (v) triggered by  leading edge of '@'
Path Groups: {async_default}
Retime Analysis { Data Path-Slew }
Other End Arrival Time          0.000
+ Removal                       0.555
+ Phase Shift                   0.000
= Required Time                 0.555
  Arrival Time                  0.879
  Slack Time                    0.325
= Slack Time(original)          0.325
     Clock Rise Edge                      0.000
     + Input Delay                        0.000
     = Beginpoint Arrival Time            0.000
      ---------------------------------------------------------------------
      Instance              Arc         Cell      Retime  Arrival  Required  
                                                  Delay   Time     Time  
      ---------------------------------------------------------------------
      -                     reset v     -         -       0.000    -0.325  
      IFU_module/g553       -           INVXL     0.000   0.000    -0.325  
      IFU_module/g553       A v -> Y ^  INVXL     0.879   0.879    0.555  
      IFU_module/PC_reg[2]  -           DFFRHQX4  0.000   0.879    0.555  
      ---------------------------------------------------------------------
Path 4: MET Removal Check with Pin IFU_module/PC_reg[3]/CK 
Endpoint:   IFU_module/PC_reg[3]/RN (^) checked with  leading edge of 'clock'
Beginpoint: reset                   (v) triggered by  leading edge of '@'
Path Groups: {async_default}
Retime Analysis { Data Path-Slew }
Other End Arrival Time          0.000
+ Removal                       0.555
+ Phase Shift                   0.000
= Required Time                 0.555
  Arrival Time                  0.879
  Slack Time                    0.325
= Slack Time(original)          0.325
     Clock Rise Edge                      0.000
     + Input Delay                        0.000
     = Beginpoint Arrival Time            0.000
      ----------------------------------------------------------------------
      Instance              Arc         Cell       Retime  Arrival  Required  
                                                   Delay   Time     Time  
      ----------------------------------------------------------------------
      -                     reset v     -          -       0.000    -0.325  
      IFU_module/g553       -           INVXL      0.000   0.000    -0.325  
      IFU_module/g553       A v -> Y ^  INVXL      0.879   0.879    0.555  
      IFU_module/PC_reg[3]  -           SDFFRHQX4  0.000   0.879    0.555  
      ----------------------------------------------------------------------
Path 5: MET Removal Check with Pin IFU_module/PC_reg[4]/CK 
Endpoint:   IFU_module/PC_reg[4]/RN (^) checked with  leading edge of 'clock'
Beginpoint: reset                   (v) triggered by  leading edge of '@'
Path Groups: {async_default}
Retime Analysis { Data Path-Slew }
Other End Arrival Time          0.000
+ Removal                       0.555
+ Phase Shift                   0.000
= Required Time                 0.555
  Arrival Time                  0.879
  Slack Time                    0.325
= Slack Time(original)          0.325
     Clock Rise Edge                      0.000
     + Input Delay                        0.000
     = Beginpoint Arrival Time            0.000
      ---------------------------------------------------------------------
      Instance              Arc         Cell      Retime  Arrival  Required  
                                                  Delay   Time     Time  
      ---------------------------------------------------------------------
      -                     reset v     -         -       0.000    -0.325  
      IFU_module/g553       -           INVXL     0.000   0.000    -0.325  
      IFU_module/g553       A v -> Y ^  INVXL     0.879   0.879    0.555  
      IFU_module/PC_reg[4]  -           DFFRHQX4  0.000   0.879    0.555  
      ---------------------------------------------------------------------
Path 6: MET Hold Check with Pin IFU_module/PC_reg[3]/CK 
Endpoint:   IFU_module/PC_reg[3]/D (v) checked with  leading edge of 'clock'
Beginpoint: IFU_module/PC_reg[2]/Q (v) triggered by  leading edge of 'clock'
Path Groups: {clock}
Retime Analysis { Data Path-Slew }
Other End Arrival Time          0.000
+ Hold                          0.281
+ Phase Shift                   0.000
= Required Time                 0.281
  Arrival Time                  0.617
  Slack Time                    0.336
= Slack Time(original)          0.336
     Clock Rise Edge                 0.000
     + Clock Network Latency (Ideal) 0.000
     = Beginpoint Arrival Time       0.000
      -----------------------------------------------------------------------
      Instance              Arc          Cell       Retime  Arrival  Required  
                                                    Delay   Time     Time  
      -----------------------------------------------------------------------
      IFU_module/PC_reg[2]  CK ^         -          -       0.000    -0.336  
      IFU_module/PC_reg[2]  CK ^ -> Q v  DFFRHQX4   0.617   0.617    0.281  
      IFU_module/PC_reg[3]  -            SDFFRHQX4  0.000   0.617    0.281  
      -----------------------------------------------------------------------
Path 7: MET Hold Check with Pin IFU_module/PC_reg[3]/CK 
Endpoint:   IFU_module/PC_reg[3]/SE (v) checked with  leading edge of 'clock'
Beginpoint: IFU_module/PC_reg[3]/Q  (v) triggered by  leading edge of 'clock'
Path Groups: {clock}
Retime Analysis { Data Path-Slew }
Other End Arrival Time          0.000
+ Hold                          0.281
+ Phase Shift                   0.000
= Required Time                 0.281
  Arrival Time                  0.621
  Slack Time                    0.340
= Slack Time(original)          0.340
     Clock Rise Edge                 0.000
     + Clock Network Latency (Ideal) 0.000
     = Beginpoint Arrival Time       0.000
      -----------------------------------------------------------------------
      Instance              Arc          Cell       Retime  Arrival  Required  
                                                    Delay   Time     Time  
      -----------------------------------------------------------------------
      IFU_module/PC_reg[3]  CK ^         -          -       0.000    -0.340  
      IFU_module/PC_reg[3]  CK ^ -> Q v  SDFFRHQX4  0.621   0.621    0.281  
      IFU_module/PC_reg[3]  -            SDFFRHQX4  0.000   0.621    0.281  
      -----------------------------------------------------------------------
Path 8: MET Hold Check with Pin IFU_module/PC_reg[4]/CK 
Endpoint:   IFU_module/PC_reg[4]/D (v) checked with  leading edge of 'clock'
Beginpoint: IFU_module/PC_reg[4]/Q (^) triggered by  leading edge of 'clock'
Path Groups: {clock}
Retime Analysis { Data Path-Slew }
Other End Arrival Time          0.000
+ Hold                          0.366
+ Phase Shift                   0.000
= Required Time                 0.366
  Arrival Time                  0.717
  Slack Time                    0.351
= Slack Time(original)          0.365
     Clock Rise Edge                 0.000
     + Clock Network Latency (Ideal) 0.000
     = Beginpoint Arrival Time       0.000
      ----------------------------------------------------------------------
      Instance              Arc          Cell      Retime  Arrival  Required  
                                                   Delay   Time     Time  
      ----------------------------------------------------------------------
      IFU_module/PC_reg[4]  CK ^         -         -       0.000    -0.351  
      IFU_module/PC_reg[4]  CK ^ -> Q ^  DFFRHQX4  0.613   0.613    0.262  
      IFU_module/g548       -            OAI21XL   0.000   0.613    0.262  
      IFU_module/g548       A0 ^ -> Y v  OAI21XL   0.104   0.717    0.366  
      IFU_module/PC_reg[4]  -            DFFRHQX4  0.000   0.717    0.366  
      ----------------------------------------------------------------------
Path 9: MET Hold Check with Pin datapath_module/reg_file_module/reg_memory_reg[15][9]1035/CK 
Endpoint:   datapath_module/reg_file_module/reg_memory_reg[15][9]1035/SE (^) checked with  leading edge of 'clock'
Beginpoint: IFU_module/PC_reg[4]/Q                                       (^) triggered by  leading edge of 'clock'
Path Groups: {clock}
Retime Analysis { Data Path-Slew }
Other End Arrival Time          0.000
+ Hold                          0.168
+ Phase Shift                   0.000
= Required Time                 0.168
  Arrival Time                  1.384
  Slack Time                    1.217
= Slack Time(original)          1.213
     Clock Rise Edge                 0.000
     + Clock Network Latency (Ideal) 0.000
     = Beginpoint Arrival Time       0.000
      -----------------------------------------------------------------------------------------------------------
      Instance                                                   Arc          Cell      Retime  Arrival  Required  
                                                                                        Delay   Time     Time  
      -----------------------------------------------------------------------------------------------------------
      IFU_module/PC_reg[4]                                       CK ^         -         -       0.000    -1.217  
      IFU_module/PC_reg[4]                                       CK ^ -> Q ^  DFFRHQX4  0.613   0.613    -0.603  
      IFU_module/instr_mem/g726                                  -            CLKINVX3  0.000   0.613    -0.603  
      IFU_module/instr_mem/g726                                  A ^ -> Y v   CLKINVX3  0.069   0.683    -0.534  
      IFU_module/instr_mem/g704                                  -            NAND2XL   0.000   0.683    -0.534  
      IFU_module/instr_mem/g704                                  A v -> Y ^   NAND2XL   0.121   0.803    -0.413  
      datapath_module/reg_file_module/g6119                      -            NOR2BX1   0.000   0.803    -0.413  
      datapath_module/reg_file_module/g6119                      B ^ -> Y v   NOR2BX1   0.058   0.861    -0.356  
      datapath_module/reg_file_module/g6115                      -            NAND2XL   0.000   0.861    -0.356  
      datapath_module/reg_file_module/g6115                      B v -> Y ^   NAND2XL   0.105   0.966    -0.251  
      datapath_module/reg_file_module/g6079                      -            OR2X1     0.000   0.966    -0.251  
      datapath_module/reg_file_module/g6079                      B ^ -> Y ^   OR2X1     0.419   1.384    0.168  
      datapath_module/reg_file_module/reg_memory_reg[15][9]1035  -            SDFFQX1   0.000   1.384    0.168  
      -----------------------------------------------------------------------------------------------------------
Path 10: MET Hold Check with Pin datapath_module/reg_file_module/reg_memory_reg[15][8]1034/CK 
Endpoint:   datapath_module/reg_file_module/reg_memory_reg[15][8]1034/SE (^) checked with  leading edge of 'clock'
Beginpoint: IFU_module/PC_reg[4]/Q                                       (^) triggered by  leading edge of 'clock'
Path Groups: {clock}
Retime Analysis { Data Path-Slew }
Other End Arrival Time          0.000
+ Hold                          0.168
+ Phase Shift                   0.000
= Required Time                 0.168
  Arrival Time                  1.384
  Slack Time                    1.217
= Slack Time(original)          1.213
     Clock Rise Edge                 0.000
     + Clock Network Latency (Ideal) 0.000
     = Beginpoint Arrival Time       0.000
      -----------------------------------------------------------------------------------------------------------
      Instance                                                   Arc          Cell      Retime  Arrival  Required  
                                                                                        Delay   Time     Time  
      -----------------------------------------------------------------------------------------------------------
      IFU_module/PC_reg[4]                                       CK ^         -         -       0.000    -1.217  
      IFU_module/PC_reg[4]                                       CK ^ -> Q ^  DFFRHQX4  0.613   0.613    -0.603  
      IFU_module/instr_mem/g726                                  -            CLKINVX3  0.000   0.613    -0.603  
      IFU_module/instr_mem/g726                                  A ^ -> Y v   CLKINVX3  0.069   0.683    -0.534  
      IFU_module/instr_mem/g704                                  -            NAND2XL   0.000   0.683    -0.534  
      IFU_module/instr_mem/g704                                  A v -> Y ^   NAND2XL   0.121   0.803    -0.413  
      datapath_module/reg_file_module/g6119                      -            NOR2BX1   0.000   0.803    -0.413  
      datapath_module/reg_file_module/g6119                      B ^ -> Y v   NOR2BX1   0.058   0.861    -0.356  
      datapath_module/reg_file_module/g6115                      -            NAND2XL   0.000   0.861    -0.356  
      datapath_module/reg_file_module/g6115                      B v -> Y ^   NAND2XL   0.105   0.966    -0.251  
      datapath_module/reg_file_module/g6079                      -            OR2X1     0.000   0.966    -0.251  
      datapath_module/reg_file_module/g6079                      B ^ -> Y ^   OR2X1     0.419   1.384    0.168  
      datapath_module/reg_file_module/reg_memory_reg[15][8]1034  -            SDFFQX1   0.000   1.384    0.168  
      -----------------------------------------------------------------------------------------------------------
Path 11: MET Hold Check with Pin datapath_module/reg_file_module/reg_memory_reg[15][7]1033/CK 
Endpoint:   datapath_module/reg_file_module/reg_memory_reg[15][7]1033/SE (^) checked with  leading edge of 'clock'
Beginpoint: IFU_module/PC_reg[4]/Q                                       (^) triggered by  leading edge of 'clock'
Path Groups: {clock}
Retime Analysis { Data Path-Slew }
Other End Arrival Time          0.000
+ Hold                          0.168
+ Phase Shift                   0.000
= Required Time                 0.168
  Arrival Time                  1.384
  Slack Time                    1.217
= Slack Time(original)          1.213
     Clock Rise Edge                 0.000
     + Clock Network Latency (Ideal) 0.000
     = Beginpoint Arrival Time       0.000
      -----------------------------------------------------------------------------------------------------------
      Instance                                                   Arc          Cell      Retime  Arrival  Required  
                                                                                        Delay   Time     Time  
      -----------------------------------------------------------------------------------------------------------
      IFU_module/PC_reg[4]                                       CK ^         -         -       0.000    -1.217  
      IFU_module/PC_reg[4]                                       CK ^ -> Q ^  DFFRHQX4  0.613   0.613    -0.603  
      IFU_module/instr_mem/g726                                  -            CLKINVX3  0.000   0.613    -0.603  
      IFU_module/instr_mem/g726                                  A ^ -> Y v   CLKINVX3  0.069   0.683    -0.534  
      IFU_module/instr_mem/g704                                  -            NAND2XL   0.000   0.683    -0.534  
      IFU_module/instr_mem/g704                                  A v -> Y ^   NAND2XL   0.121   0.803    -0.413  
      datapath_module/reg_file_module/g6119                      -            NOR2BX1   0.000   0.803    -0.413  
      datapath_module/reg_file_module/g6119                      B ^ -> Y v   NOR2BX1   0.058   0.861    -0.356  
      datapath_module/reg_file_module/g6115                      -            NAND2XL   0.000   0.861    -0.356  
      datapath_module/reg_file_module/g6115                      B v -> Y ^   NAND2XL   0.105   0.966    -0.251  
      datapath_module/reg_file_module/g6079                      -            OR2X1     0.000   0.966    -0.251  
      datapath_module/reg_file_module/g6079                      B ^ -> Y ^   OR2X1     0.419   1.384    0.168  
      datapath_module/reg_file_module/reg_memory_reg[15][7]1033  -            SDFFQX1   0.000   1.384    0.168  
      -----------------------------------------------------------------------------------------------------------
Path 12: MET Hold Check with Pin datapath_module/reg_file_module/reg_memory_reg[15][6]1032/CK 
Endpoint:   datapath_module/reg_file_module/reg_memory_reg[15][6]1032/SE (^) checked with  leading edge of 'clock'
Beginpoint: IFU_module/PC_reg[4]/Q                                       (^) triggered by  leading edge of 'clock'
Path Groups: {clock}
Retime Analysis { Data Path-Slew }
Other End Arrival Time          0.000
+ Hold                          0.168
+ Phase Shift                   0.000
= Required Time                 0.168
  Arrival Time                  1.384
  Slack Time                    1.217
= Slack Time(original)          1.213
     Clock Rise Edge                 0.000
     + Clock Network Latency (Ideal) 0.000
     = Beginpoint Arrival Time       0.000
      -----------------------------------------------------------------------------------------------------------
      Instance                                                   Arc          Cell      Retime  Arrival  Required  
                                                                                        Delay   Time     Time  
      -----------------------------------------------------------------------------------------------------------
      IFU_module/PC_reg[4]                                       CK ^         -         -       0.000    -1.217  
      IFU_module/PC_reg[4]                                       CK ^ -> Q ^  DFFRHQX4  0.613   0.613    -0.603  
      IFU_module/instr_mem/g726                                  -            CLKINVX3  0.000   0.613    -0.603  
      IFU_module/instr_mem/g726                                  A ^ -> Y v   CLKINVX3  0.069   0.683    -0.534  
      IFU_module/instr_mem/g704                                  -            NAND2XL   0.000   0.683    -0.534  
      IFU_module/instr_mem/g704                                  A v -> Y ^   NAND2XL   0.121   0.803    -0.413  
      datapath_module/reg_file_module/g6119                      -            NOR2BX1   0.000   0.803    -0.413  
      datapath_module/reg_file_module/g6119                      B ^ -> Y v   NOR2BX1   0.058   0.861    -0.356  
      datapath_module/reg_file_module/g6115                      -            NAND2XL   0.000   0.861    -0.356  
      datapath_module/reg_file_module/g6115                      B v -> Y ^   NAND2XL   0.105   0.966    -0.251  
      datapath_module/reg_file_module/g6079                      -            OR2X1     0.000   0.966    -0.251  
      datapath_module/reg_file_module/g6079                      B ^ -> Y ^   OR2X1     0.419   1.384    0.168  
      datapath_module/reg_file_module/reg_memory_reg[15][6]1032  -            SDFFQX1   0.000   1.384    0.168  
      -----------------------------------------------------------------------------------------------------------
Path 13: MET Hold Check with Pin datapath_module/reg_file_module/reg_memory_reg[15][5]1031/CK 
Endpoint:   datapath_module/reg_file_module/reg_memory_reg[15][5]1031/SE (^) checked with  leading edge of 'clock'
Beginpoint: IFU_module/PC_reg[4]/Q                                       (^) triggered by  leading edge of 'clock'
Path Groups: {clock}
Retime Analysis { Data Path-Slew }
Other End Arrival Time          0.000
+ Hold                          0.168
+ Phase Shift                   0.000
= Required Time                 0.168
  Arrival Time                  1.384
  Slack Time                    1.217
= Slack Time(original)          1.213
     Clock Rise Edge                 0.000
     + Clock Network Latency (Ideal) 0.000
     = Beginpoint Arrival Time       0.000
      -----------------------------------------------------------------------------------------------------------
      Instance                                                   Arc          Cell      Retime  Arrival  Required  
                                                                                        Delay   Time     Time  
      -----------------------------------------------------------------------------------------------------------
      IFU_module/PC_reg[4]                                       CK ^         -         -       0.000    -1.217  
      IFU_module/PC_reg[4]                                       CK ^ -> Q ^  DFFRHQX4  0.613   0.613    -0.603  
      IFU_module/instr_mem/g726                                  -            CLKINVX3  0.000   0.613    -0.603  
      IFU_module/instr_mem/g726                                  A ^ -> Y v   CLKINVX3  0.069   0.683    -0.534  
      IFU_module/instr_mem/g704                                  -            NAND2XL   0.000   0.683    -0.534  
      IFU_module/instr_mem/g704                                  A v -> Y ^   NAND2XL   0.121   0.803    -0.413  
      datapath_module/reg_file_module/g6119                      -            NOR2BX1   0.000   0.803    -0.413  
      datapath_module/reg_file_module/g6119                      B ^ -> Y v   NOR2BX1   0.058   0.861    -0.356  
      datapath_module/reg_file_module/g6115                      -            NAND2XL   0.000   0.861    -0.356  
      datapath_module/reg_file_module/g6115                      B v -> Y ^   NAND2XL   0.105   0.966    -0.251  
      datapath_module/reg_file_module/g6079                      -            OR2X1     0.000   0.966    -0.251  
      datapath_module/reg_file_module/g6079                      B ^ -> Y ^   OR2X1     0.419   1.384    0.168  
      datapath_module/reg_file_module/reg_memory_reg[15][5]1031  -            SDFFQX1   0.000   1.384    0.168  
      -----------------------------------------------------------------------------------------------------------
Path 14: MET Hold Check with Pin datapath_module/reg_file_module/reg_memory_reg[15][4]1030/CK 
Endpoint:   datapath_module/reg_file_module/reg_memory_reg[15][4]1030/SE (^) checked with  leading edge of 'clock'
Beginpoint: IFU_module/PC_reg[4]/Q                                       (^) triggered by  leading edge of 'clock'
Path Groups: {clock}
Retime Analysis { Data Path-Slew }
Other End Arrival Time          0.000
+ Hold                          0.168
+ Phase Shift                   0.000
= Required Time                 0.168
  Arrival Time                  1.384
  Slack Time                    1.217
= Slack Time(original)          1.213
     Clock Rise Edge                 0.000
     + Clock Network Latency (Ideal) 0.000
     = Beginpoint Arrival Time       0.000
      -----------------------------------------------------------------------------------------------------------
      Instance                                                   Arc          Cell      Retime  Arrival  Required  
                                                                                        Delay   Time     Time  
      -----------------------------------------------------------------------------------------------------------
      IFU_module/PC_reg[4]                                       CK ^         -         -       0.000    -1.217  
      IFU_module/PC_reg[4]                                       CK ^ -> Q ^  DFFRHQX4  0.613   0.613    -0.603  
      IFU_module/instr_mem/g726                                  -            CLKINVX3  0.000   0.613    -0.603  
      IFU_module/instr_mem/g726                                  A ^ -> Y v   CLKINVX3  0.069   0.683    -0.534  
      IFU_module/instr_mem/g704                                  -            NAND2XL   0.000   0.683    -0.534  
      IFU_module/instr_mem/g704                                  A v -> Y ^   NAND2XL   0.121   0.803    -0.413  
      datapath_module/reg_file_module/g6119                      -            NOR2BX1   0.000   0.803    -0.413  
      datapath_module/reg_file_module/g6119                      B ^ -> Y v   NOR2BX1   0.058   0.861    -0.356  
      datapath_module/reg_file_module/g6115                      -            NAND2XL   0.000   0.861    -0.356  
      datapath_module/reg_file_module/g6115                      B v -> Y ^   NAND2XL   0.105   0.966    -0.251  
      datapath_module/reg_file_module/g6079                      -            OR2X1     0.000   0.966    -0.251  
      datapath_module/reg_file_module/g6079                      B ^ -> Y ^   OR2X1     0.419   1.384    0.168  
      datapath_module/reg_file_module/reg_memory_reg[15][4]1030  -            SDFFQX1   0.000   1.384    0.168  
      -----------------------------------------------------------------------------------------------------------
Path 15: MET Hold Check with Pin datapath_module/reg_file_module/reg_memory_reg[15][3]1029/CK 
Endpoint:   datapath_module/reg_file_module/reg_memory_reg[15][3]1029/SE (^) checked with  leading edge of 'clock'
Beginpoint: IFU_module/PC_reg[4]/Q                                       (^) triggered by  leading edge of 'clock'
Path Groups: {clock}
Retime Analysis { Data Path-Slew }
Other End Arrival Time          0.000
+ Hold                          0.168
+ Phase Shift                   0.000
= Required Time                 0.168
  Arrival Time                  1.384
  Slack Time                    1.217
= Slack Time(original)          1.213
     Clock Rise Edge                 0.000
     + Clock Network Latency (Ideal) 0.000
     = Beginpoint Arrival Time       0.000
      -----------------------------------------------------------------------------------------------------------
      Instance                                                   Arc          Cell      Retime  Arrival  Required  
                                                                                        Delay   Time     Time  
      -----------------------------------------------------------------------------------------------------------
      IFU_module/PC_reg[4]                                       CK ^         -         -       0.000    -1.217  
      IFU_module/PC_reg[4]                                       CK ^ -> Q ^  DFFRHQX4  0.613   0.613    -0.603  
      IFU_module/instr_mem/g726                                  -            CLKINVX3  0.000   0.613    -0.603  
      IFU_module/instr_mem/g726                                  A ^ -> Y v   CLKINVX3  0.069   0.683    -0.534  
      IFU_module/instr_mem/g704                                  -            NAND2XL   0.000   0.683    -0.534  
      IFU_module/instr_mem/g704                                  A v -> Y ^   NAND2XL   0.121   0.803    -0.413  
      datapath_module/reg_file_module/g6119                      -            NOR2BX1   0.000   0.803    -0.413  
      datapath_module/reg_file_module/g6119                      B ^ -> Y v   NOR2BX1   0.058   0.861    -0.356  
      datapath_module/reg_file_module/g6115                      -            NAND2XL   0.000   0.861    -0.356  
      datapath_module/reg_file_module/g6115                      B v -> Y ^   NAND2XL   0.105   0.966    -0.251  
      datapath_module/reg_file_module/g6079                      -            OR2X1     0.000   0.966    -0.251  
      datapath_module/reg_file_module/g6079                      B ^ -> Y ^   OR2X1     0.419   1.384    0.168  
      datapath_module/reg_file_module/reg_memory_reg[15][3]1029  -            SDFFQX1   0.000   1.384    0.168  
      -----------------------------------------------------------------------------------------------------------
Path 16: MET Hold Check with Pin datapath_module/reg_file_module/reg_memory_reg[15][2]1028/CK 
Endpoint:   datapath_module/reg_file_module/reg_memory_reg[15][2]1028/SE (^) checked with  leading edge of 'clock'
Beginpoint: IFU_module/PC_reg[4]/Q                                       (^) triggered by  leading edge of 'clock'
Path Groups: {clock}
Retime Analysis { Data Path-Slew }
Other End Arrival Time          0.000
+ Hold                          0.168
+ Phase Shift                   0.000
= Required Time                 0.168
  Arrival Time                  1.384
  Slack Time                    1.217
= Slack Time(original)          1.213
     Clock Rise Edge                 0.000
     + Clock Network Latency (Ideal) 0.000
     = Beginpoint Arrival Time       0.000
      -----------------------------------------------------------------------------------------------------------
      Instance                                                   Arc          Cell      Retime  Arrival  Required  
                                                                                        Delay   Time     Time  
      -----------------------------------------------------------------------------------------------------------
      IFU_module/PC_reg[4]                                       CK ^         -         -       0.000    -1.217  
      IFU_module/PC_reg[4]                                       CK ^ -> Q ^  DFFRHQX4  0.613   0.613    -0.603  
      IFU_module/instr_mem/g726                                  -            CLKINVX3  0.000   0.613    -0.603  
      IFU_module/instr_mem/g726                                  A ^ -> Y v   CLKINVX3  0.069   0.683    -0.534  
      IFU_module/instr_mem/g704                                  -            NAND2XL   0.000   0.683    -0.534  
      IFU_module/instr_mem/g704                                  A v -> Y ^   NAND2XL   0.121   0.803    -0.413  
      datapath_module/reg_file_module/g6119                      -            NOR2BX1   0.000   0.803    -0.413  
      datapath_module/reg_file_module/g6119                      B ^ -> Y v   NOR2BX1   0.058   0.861    -0.356  
      datapath_module/reg_file_module/g6115                      -            NAND2XL   0.000   0.861    -0.356  
      datapath_module/reg_file_module/g6115                      B v -> Y ^   NAND2XL   0.105   0.966    -0.251  
      datapath_module/reg_file_module/g6079                      -            OR2X1     0.000   0.966    -0.251  
      datapath_module/reg_file_module/g6079                      B ^ -> Y ^   OR2X1     0.419   1.384    0.168  
      datapath_module/reg_file_module/reg_memory_reg[15][2]1028  -            SDFFQX1   0.000   1.384    0.168  
      -----------------------------------------------------------------------------------------------------------
Path 17: MET Hold Check with Pin datapath_module/reg_file_module/reg_memory_reg[15][29]1055/CK 
Endpoint:   datapath_module/reg_file_module/reg_memory_reg[15][29]1055/SE (^) checked with  leading edge of 'clock'
Beginpoint: IFU_module/PC_reg[4]/Q                                        (^) triggered by  leading edge of 'clock'
Path Groups: {clock}
Retime Analysis { Data Path-Slew }
Other End Arrival Time          0.000
+ Hold                          0.168
+ Phase Shift                   0.000
= Required Time                 0.168
  Arrival Time                  1.384
  Slack Time                    1.217
= Slack Time(original)          1.213
     Clock Rise Edge                 0.000
     + Clock Network Latency (Ideal) 0.000
     = Beginpoint Arrival Time       0.000
      ------------------------------------------------------------------------------------------------------------
      Instance                                                    Arc          Cell      Retime  Arrival  Required  
                                                                                         Delay   Time     Time  
      ------------------------------------------------------------------------------------------------------------
      IFU_module/PC_reg[4]                                        CK ^         -         -       0.000    -1.217  
      IFU_module/PC_reg[4]                                        CK ^ -> Q ^  DFFRHQX4  0.613   0.613    -0.603  
      IFU_module/instr_mem/g726                                   -            CLKINVX3  0.000   0.613    -0.603  
      IFU_module/instr_mem/g726                                   A ^ -> Y v   CLKINVX3  0.069   0.683    -0.534  
      IFU_module/instr_mem/g704                                   -            NAND2XL   0.000   0.683    -0.534  
      IFU_module/instr_mem/g704                                   A v -> Y ^   NAND2XL   0.121   0.803    -0.413  
      datapath_module/reg_file_module/g6119                       -            NOR2BX1   0.000   0.803    -0.413  
      datapath_module/reg_file_module/g6119                       B ^ -> Y v   NOR2BX1   0.058   0.861    -0.356  
      datapath_module/reg_file_module/g6115                       -            NAND2XL   0.000   0.861    -0.356  
      datapath_module/reg_file_module/g6115                       B v -> Y ^   NAND2XL   0.105   0.966    -0.251  
      datapath_module/reg_file_module/g6079                       -            OR2X1     0.000   0.966    -0.251  
      datapath_module/reg_file_module/g6079                       B ^ -> Y ^   OR2X1     0.419   1.384    0.168  
      datapath_module/reg_file_module/reg_memory_reg[15][29]1055  -            SDFFQX1   0.000   1.384    0.168  
      ------------------------------------------------------------------------------------------------------------
Path 18: MET Hold Check with Pin datapath_module/reg_file_module/reg_memory_reg[15][28]1054/CK 
Endpoint:   datapath_module/reg_file_module/reg_memory_reg[15][28]1054/SE (^) checked with  leading edge of 'clock'
Beginpoint: IFU_module/PC_reg[4]/Q                                        (^) triggered by  leading edge of 'clock'
Path Groups: {clock}
Retime Analysis { Data Path-Slew }
Other End Arrival Time          0.000
+ Hold                          0.168
+ Phase Shift                   0.000
= Required Time                 0.168
  Arrival Time                  1.384
  Slack Time                    1.217
= Slack Time(original)          1.213
     Clock Rise Edge                 0.000
     + Clock Network Latency (Ideal) 0.000
     = Beginpoint Arrival Time       0.000
      ------------------------------------------------------------------------------------------------------------
      Instance                                                    Arc          Cell      Retime  Arrival  Required  
                                                                                         Delay   Time     Time  
      ------------------------------------------------------------------------------------------------------------
      IFU_module/PC_reg[4]                                        CK ^         -         -       0.000    -1.217  
      IFU_module/PC_reg[4]                                        CK ^ -> Q ^  DFFRHQX4  0.613   0.613    -0.603  
      IFU_module/instr_mem/g726                                   -            CLKINVX3  0.000   0.613    -0.603  
      IFU_module/instr_mem/g726                                   A ^ -> Y v   CLKINVX3  0.069   0.683    -0.534  
      IFU_module/instr_mem/g704                                   -            NAND2XL   0.000   0.683    -0.534  
      IFU_module/instr_mem/g704                                   A v -> Y ^   NAND2XL   0.121   0.803    -0.413  
      datapath_module/reg_file_module/g6119                       -            NOR2BX1   0.000   0.803    -0.413  
      datapath_module/reg_file_module/g6119                       B ^ -> Y v   NOR2BX1   0.058   0.861    -0.356  
      datapath_module/reg_file_module/g6115                       -            NAND2XL   0.000   0.861    -0.356  
      datapath_module/reg_file_module/g6115                       B v -> Y ^   NAND2XL   0.105   0.966    -0.251  
      datapath_module/reg_file_module/g6079                       -            OR2X1     0.000   0.966    -0.251  
      datapath_module/reg_file_module/g6079                       B ^ -> Y ^   OR2X1     0.419   1.384    0.168  
      datapath_module/reg_file_module/reg_memory_reg[15][28]1054  -            SDFFQX1   0.000   1.384    0.168  
      ------------------------------------------------------------------------------------------------------------
Path 19: MET Hold Check with Pin datapath_module/reg_file_module/reg_memory_reg[15][27]1053/CK 
Endpoint:   datapath_module/reg_file_module/reg_memory_reg[15][27]1053/SE (^) checked with  leading edge of 'clock'
Beginpoint: IFU_module/PC_reg[4]/Q                                        (^) triggered by  leading edge of 'clock'
Path Groups: {clock}
Retime Analysis { Data Path-Slew }
Other End Arrival Time          0.000
+ Hold                          0.168
+ Phase Shift                   0.000
= Required Time                 0.168
  Arrival Time                  1.384
  Slack Time                    1.217
= Slack Time(original)          1.213
     Clock Rise Edge                 0.000
     + Clock Network Latency (Ideal) 0.000
     = Beginpoint Arrival Time       0.000
      ------------------------------------------------------------------------------------------------------------
      Instance                                                    Arc          Cell      Retime  Arrival  Required  
                                                                                         Delay   Time     Time  
      ------------------------------------------------------------------------------------------------------------
      IFU_module/PC_reg[4]                                        CK ^         -         -       0.000    -1.217  
      IFU_module/PC_reg[4]                                        CK ^ -> Q ^  DFFRHQX4  0.613   0.613    -0.603  
      IFU_module/instr_mem/g726                                   -            CLKINVX3  0.000   0.613    -0.603  
      IFU_module/instr_mem/g726                                   A ^ -> Y v   CLKINVX3  0.069   0.683    -0.534  
      IFU_module/instr_mem/g704                                   -            NAND2XL   0.000   0.683    -0.534  
      IFU_module/instr_mem/g704                                   A v -> Y ^   NAND2XL   0.121   0.803    -0.413  
      datapath_module/reg_file_module/g6119                       -            NOR2BX1   0.000   0.803    -0.413  
      datapath_module/reg_file_module/g6119                       B ^ -> Y v   NOR2BX1   0.058   0.861    -0.356  
      datapath_module/reg_file_module/g6115                       -            NAND2XL   0.000   0.861    -0.356  
      datapath_module/reg_file_module/g6115                       B v -> Y ^   NAND2XL   0.105   0.966    -0.251  
      datapath_module/reg_file_module/g6079                       -            OR2X1     0.000   0.966    -0.251  
      datapath_module/reg_file_module/g6079                       B ^ -> Y ^   OR2X1     0.419   1.384    0.168  
      datapath_module/reg_file_module/reg_memory_reg[15][27]1053  -            SDFFQX1   0.000   1.384    0.168  
      ------------------------------------------------------------------------------------------------------------
Path 20: MET Hold Check with Pin datapath_module/reg_file_module/reg_memory_reg[15][25]1051/CK 
Endpoint:   datapath_module/reg_file_module/reg_memory_reg[15][25]1051/SE (^) checked with  leading edge of 'clock'
Beginpoint: IFU_module/PC_reg[4]/Q                                        (^) triggered by  leading edge of 'clock'
Path Groups: {clock}
Retime Analysis { Data Path-Slew }
Other End Arrival Time          0.000
+ Hold                          0.168
+ Phase Shift                   0.000
= Required Time                 0.168
  Arrival Time                  1.384
  Slack Time                    1.217
= Slack Time(original)          1.213
     Clock Rise Edge                 0.000
     + Clock Network Latency (Ideal) 0.000
     = Beginpoint Arrival Time       0.000
      ------------------------------------------------------------------------------------------------------------
      Instance                                                    Arc          Cell      Retime  Arrival  Required  
                                                                                         Delay   Time     Time  
      ------------------------------------------------------------------------------------------------------------
      IFU_module/PC_reg[4]                                        CK ^         -         -       0.000    -1.217  
      IFU_module/PC_reg[4]                                        CK ^ -> Q ^  DFFRHQX4  0.613   0.613    -0.603  
      IFU_module/instr_mem/g726                                   -            CLKINVX3  0.000   0.613    -0.603  
      IFU_module/instr_mem/g726                                   A ^ -> Y v   CLKINVX3  0.069   0.683    -0.534  
      IFU_module/instr_mem/g704                                   -            NAND2XL   0.000   0.683    -0.534  
      IFU_module/instr_mem/g704                                   A v -> Y ^   NAND2XL   0.121   0.803    -0.413  
      datapath_module/reg_file_module/g6119                       -            NOR2BX1   0.000   0.803    -0.413  
      datapath_module/reg_file_module/g6119                       B ^ -> Y v   NOR2BX1   0.058   0.861    -0.356  
      datapath_module/reg_file_module/g6115                       -            NAND2XL   0.000   0.861    -0.356  
      datapath_module/reg_file_module/g6115                       B v -> Y ^   NAND2XL   0.105   0.966    -0.251  
      datapath_module/reg_file_module/g6079                       -            OR2X1     0.000   0.966    -0.251  
      datapath_module/reg_file_module/g6079                       B ^ -> Y ^   OR2X1     0.419   1.384    0.168  
      datapath_module/reg_file_module/reg_memory_reg[15][25]1051  -            SDFFQX1   0.000   1.384    0.168  
      ------------------------------------------------------------------------------------------------------------
Path 21: MET Hold Check with Pin datapath_module/reg_file_module/reg_memory_reg[15][24]1050/CK 
Endpoint:   datapath_module/reg_file_module/reg_memory_reg[15][24]1050/SE (^) checked with  leading edge of 'clock'
Beginpoint: IFU_module/PC_reg[4]/Q                                        (^) triggered by  leading edge of 'clock'
Path Groups: {clock}
Retime Analysis { Data Path-Slew }
Other End Arrival Time          0.000
+ Hold                          0.168
+ Phase Shift                   0.000
= Required Time                 0.168
  Arrival Time                  1.384
  Slack Time                    1.217
= Slack Time(original)          1.213
     Clock Rise Edge                 0.000
     + Clock Network Latency (Ideal) 0.000
     = Beginpoint Arrival Time       0.000
      ------------------------------------------------------------------------------------------------------------
      Instance                                                    Arc          Cell      Retime  Arrival  Required  
                                                                                         Delay   Time     Time  
      ------------------------------------------------------------------------------------------------------------
      IFU_module/PC_reg[4]                                        CK ^         -         -       0.000    -1.217  
      IFU_module/PC_reg[4]                                        CK ^ -> Q ^  DFFRHQX4  0.613   0.613    -0.603  
      IFU_module/instr_mem/g726                                   -            CLKINVX3  0.000   0.613    -0.603  
      IFU_module/instr_mem/g726                                   A ^ -> Y v   CLKINVX3  0.069   0.683    -0.534  
      IFU_module/instr_mem/g704                                   -            NAND2XL   0.000   0.683    -0.534  
      IFU_module/instr_mem/g704                                   A v -> Y ^   NAND2XL   0.121   0.803    -0.413  
      datapath_module/reg_file_module/g6119                       -            NOR2BX1   0.000   0.803    -0.413  
      datapath_module/reg_file_module/g6119                       B ^ -> Y v   NOR2BX1   0.058   0.861    -0.356  
      datapath_module/reg_file_module/g6115                       -            NAND2XL   0.000   0.861    -0.356  
      datapath_module/reg_file_module/g6115                       B v -> Y ^   NAND2XL   0.105   0.966    -0.251  
      datapath_module/reg_file_module/g6079                       -            OR2X1     0.000   0.966    -0.251  
      datapath_module/reg_file_module/g6079                       B ^ -> Y ^   OR2X1     0.419   1.384    0.168  
      datapath_module/reg_file_module/reg_memory_reg[15][24]1050  -            SDFFQX1   0.000   1.384    0.168  
      ------------------------------------------------------------------------------------------------------------
Path 22: MET Hold Check with Pin datapath_module/reg_file_module/reg_memory_reg[15][23]1049/CK 
Endpoint:   datapath_module/reg_file_module/reg_memory_reg[15][23]1049/SE (^) checked with  leading edge of 'clock'
Beginpoint: IFU_module/PC_reg[4]/Q                                        (^) triggered by  leading edge of 'clock'
Path Groups: {clock}
Retime Analysis { Data Path-Slew }
Other End Arrival Time          0.000
+ Hold                          0.168
+ Phase Shift                   0.000
= Required Time                 0.168
  Arrival Time                  1.384
  Slack Time                    1.217
= Slack Time(original)          1.213
     Clock Rise Edge                 0.000
     + Clock Network Latency (Ideal) 0.000
     = Beginpoint Arrival Time       0.000
      ------------------------------------------------------------------------------------------------------------
      Instance                                                    Arc          Cell      Retime  Arrival  Required  
                                                                                         Delay   Time     Time  
      ------------------------------------------------------------------------------------------------------------
      IFU_module/PC_reg[4]                                        CK ^         -         -       0.000    -1.217  
      IFU_module/PC_reg[4]                                        CK ^ -> Q ^  DFFRHQX4  0.613   0.613    -0.603  
      IFU_module/instr_mem/g726                                   -            CLKINVX3  0.000   0.613    -0.603  
      IFU_module/instr_mem/g726                                   A ^ -> Y v   CLKINVX3  0.069   0.683    -0.534  
      IFU_module/instr_mem/g704                                   -            NAND2XL   0.000   0.683    -0.534  
      IFU_module/instr_mem/g704                                   A v -> Y ^   NAND2XL   0.121   0.803    -0.413  
      datapath_module/reg_file_module/g6119                       -            NOR2BX1   0.000   0.803    -0.413  
      datapath_module/reg_file_module/g6119                       B ^ -> Y v   NOR2BX1   0.058   0.861    -0.356  
      datapath_module/reg_file_module/g6115                       -            NAND2XL   0.000   0.861    -0.356  
      datapath_module/reg_file_module/g6115                       B v -> Y ^   NAND2XL   0.105   0.966    -0.251  
      datapath_module/reg_file_module/g6079                       -            OR2X1     0.000   0.966    -0.251  
      datapath_module/reg_file_module/g6079                       B ^ -> Y ^   OR2X1     0.419   1.384    0.168  
      datapath_module/reg_file_module/reg_memory_reg[15][23]1049  -            SDFFQX1   0.000   1.384    0.168  
      ------------------------------------------------------------------------------------------------------------
Path 23: MET Hold Check with Pin datapath_module/reg_file_module/reg_memory_reg[15][20]1046/CK 
Endpoint:   datapath_module/reg_file_module/reg_memory_reg[15][20]1046/SE (^) checked with  leading edge of 'clock'
Beginpoint: IFU_module/PC_reg[4]/Q                                        (^) triggered by  leading edge of 'clock'
Path Groups: {clock}
Retime Analysis { Data Path-Slew }
Other End Arrival Time          0.000
+ Hold                          0.168
+ Phase Shift                   0.000
= Required Time                 0.168
  Arrival Time                  1.384
  Slack Time                    1.217
= Slack Time(original)          1.213
     Clock Rise Edge                 0.000
     + Clock Network Latency (Ideal) 0.000
     = Beginpoint Arrival Time       0.000
      ------------------------------------------------------------------------------------------------------------
      Instance                                                    Arc          Cell      Retime  Arrival  Required  
                                                                                         Delay   Time     Time  
      ------------------------------------------------------------------------------------------------------------
      IFU_module/PC_reg[4]                                        CK ^         -         -       0.000    -1.217  
      IFU_module/PC_reg[4]                                        CK ^ -> Q ^  DFFRHQX4  0.613   0.613    -0.603  
      IFU_module/instr_mem/g726                                   -            CLKINVX3  0.000   0.613    -0.603  
      IFU_module/instr_mem/g726                                   A ^ -> Y v   CLKINVX3  0.069   0.683    -0.534  
      IFU_module/instr_mem/g704                                   -            NAND2XL   0.000   0.683    -0.534  
      IFU_module/instr_mem/g704                                   A v -> Y ^   NAND2XL   0.121   0.803    -0.413  
      datapath_module/reg_file_module/g6119                       -            NOR2BX1   0.000   0.803    -0.413  
      datapath_module/reg_file_module/g6119                       B ^ -> Y v   NOR2BX1   0.058   0.861    -0.356  
      datapath_module/reg_file_module/g6115                       -            NAND2XL   0.000   0.861    -0.356  
      datapath_module/reg_file_module/g6115                       B v -> Y ^   NAND2XL   0.105   0.966    -0.251  
      datapath_module/reg_file_module/g6079                       -            OR2X1     0.000   0.966    -0.251  
      datapath_module/reg_file_module/g6079                       B ^ -> Y ^   OR2X1     0.419   1.384    0.168  
      datapath_module/reg_file_module/reg_memory_reg[15][20]1046  -            SDFFQX1   0.000   1.384    0.168  
      ------------------------------------------------------------------------------------------------------------
Path 24: MET Hold Check with Pin datapath_module/reg_file_module/reg_memory_reg[15][1]1027/CK 
Endpoint:   datapath_module/reg_file_module/reg_memory_reg[15][1]1027/SE (^) checked with  leading edge of 'clock'
Beginpoint: IFU_module/PC_reg[4]/Q                                       (^) triggered by  leading edge of 'clock'
Path Groups: {clock}
Retime Analysis { Data Path-Slew }
Other End Arrival Time          0.000
+ Hold                          0.168
+ Phase Shift                   0.000
= Required Time                 0.168
  Arrival Time                  1.384
  Slack Time                    1.217
= Slack Time(original)          1.213
     Clock Rise Edge                 0.000
     + Clock Network Latency (Ideal) 0.000
     = Beginpoint Arrival Time       0.000
      -----------------------------------------------------------------------------------------------------------
      Instance                                                   Arc          Cell      Retime  Arrival  Required  
                                                                                        Delay   Time     Time  
      -----------------------------------------------------------------------------------------------------------
      IFU_module/PC_reg[4]                                       CK ^         -         -       0.000    -1.217  
      IFU_module/PC_reg[4]                                       CK ^ -> Q ^  DFFRHQX4  0.613   0.613    -0.603  
      IFU_module/instr_mem/g726                                  -            CLKINVX3  0.000   0.613    -0.603  
      IFU_module/instr_mem/g726                                  A ^ -> Y v   CLKINVX3  0.069   0.683    -0.534  
      IFU_module/instr_mem/g704                                  -            NAND2XL   0.000   0.683    -0.534  
      IFU_module/instr_mem/g704                                  A v -> Y ^   NAND2XL   0.121   0.803    -0.413  
      datapath_module/reg_file_module/g6119                      -            NOR2BX1   0.000   0.803    -0.413  
      datapath_module/reg_file_module/g6119                      B ^ -> Y v   NOR2BX1   0.058   0.861    -0.356  
      datapath_module/reg_file_module/g6115                      -            NAND2XL   0.000   0.861    -0.356  
      datapath_module/reg_file_module/g6115                      B v -> Y ^   NAND2XL   0.105   0.966    -0.251  
      datapath_module/reg_file_module/g6079                      -            OR2X1     0.000   0.966    -0.251  
      datapath_module/reg_file_module/g6079                      B ^ -> Y ^   OR2X1     0.419   1.384    0.168  
      datapath_module/reg_file_module/reg_memory_reg[15][1]1027  -            SDFFQX1   0.000   1.384    0.168  
      -----------------------------------------------------------------------------------------------------------
Path 25: MET Hold Check with Pin datapath_module/reg_file_module/reg_memory_reg[15][16]1042/CK 
Endpoint:   datapath_module/reg_file_module/reg_memory_reg[15][16]1042/SE (^) checked with  leading edge of 'clock'
Beginpoint: IFU_module/PC_reg[4]/Q                                        (^) triggered by  leading edge of 'clock'
Path Groups: {clock}
Retime Analysis { Data Path-Slew }
Other End Arrival Time          0.000
+ Hold                          0.168
+ Phase Shift                   0.000
= Required Time                 0.168
  Arrival Time                  1.384
  Slack Time                    1.217
= Slack Time(original)          1.213
     Clock Rise Edge                 0.000
     + Clock Network Latency (Ideal) 0.000
     = Beginpoint Arrival Time       0.000
      ------------------------------------------------------------------------------------------------------------
      Instance                                                    Arc          Cell      Retime  Arrival  Required  
                                                                                         Delay   Time     Time  
      ------------------------------------------------------------------------------------------------------------
      IFU_module/PC_reg[4]                                        CK ^         -         -       0.000    -1.217  
      IFU_module/PC_reg[4]                                        CK ^ -> Q ^  DFFRHQX4  0.613   0.613    -0.603  
      IFU_module/instr_mem/g726                                   -            CLKINVX3  0.000   0.613    -0.603  
      IFU_module/instr_mem/g726                                   A ^ -> Y v   CLKINVX3  0.069   0.683    -0.534  
      IFU_module/instr_mem/g704                                   -            NAND2XL   0.000   0.683    -0.534  
      IFU_module/instr_mem/g704                                   A v -> Y ^   NAND2XL   0.121   0.803    -0.413  
      datapath_module/reg_file_module/g6119                       -            NOR2BX1   0.000   0.803    -0.413  
      datapath_module/reg_file_module/g6119                       B ^ -> Y v   NOR2BX1   0.058   0.861    -0.356  
      datapath_module/reg_file_module/g6115                       -            NAND2XL   0.000   0.861    -0.356  
      datapath_module/reg_file_module/g6115                       B v -> Y ^   NAND2XL   0.105   0.966    -0.251  
      datapath_module/reg_file_module/g6079                       -            OR2X1     0.000   0.966    -0.251  
      datapath_module/reg_file_module/g6079                       B ^ -> Y ^   OR2X1     0.419   1.384    0.168  
      datapath_module/reg_file_module/reg_memory_reg[15][16]1042  -            SDFFQX1   0.000   1.384    0.168  
      ------------------------------------------------------------------------------------------------------------
Path 26: MET Hold Check with Pin datapath_module/reg_file_module/reg_memory_reg[15][15]1041/CK 
Endpoint:   datapath_module/reg_file_module/reg_memory_reg[15][15]1041/SE (^) checked with  leading edge of 'clock'
Beginpoint: IFU_module/PC_reg[4]/Q                                        (^) triggered by  leading edge of 'clock'
Path Groups: {clock}
Retime Analysis { Data Path-Slew }
Other End Arrival Time          0.000
+ Hold                          0.168
+ Phase Shift                   0.000
= Required Time                 0.168
  Arrival Time                  1.384
  Slack Time                    1.217
= Slack Time(original)          1.213
     Clock Rise Edge                 0.000
     + Clock Network Latency (Ideal) 0.000
     = Beginpoint Arrival Time       0.000
      ------------------------------------------------------------------------------------------------------------
      Instance                                                    Arc          Cell      Retime  Arrival  Required  
                                                                                         Delay   Time     Time  
      ------------------------------------------------------------------------------------------------------------
      IFU_module/PC_reg[4]                                        CK ^         -         -       0.000    -1.217  
      IFU_module/PC_reg[4]                                        CK ^ -> Q ^  DFFRHQX4  0.613   0.613    -0.603  
      IFU_module/instr_mem/g726                                   -            CLKINVX3  0.000   0.613    -0.603  
      IFU_module/instr_mem/g726                                   A ^ -> Y v   CLKINVX3  0.069   0.683    -0.534  
      IFU_module/instr_mem/g704                                   -            NAND2XL   0.000   0.683    -0.534  
      IFU_module/instr_mem/g704                                   A v -> Y ^   NAND2XL   0.121   0.803    -0.413  
      datapath_module/reg_file_module/g6119                       -            NOR2BX1   0.000   0.803    -0.413  
      datapath_module/reg_file_module/g6119                       B ^ -> Y v   NOR2BX1   0.058   0.861    -0.356  
      datapath_module/reg_file_module/g6115                       -            NAND2XL   0.000   0.861    -0.356  
      datapath_module/reg_file_module/g6115                       B v -> Y ^   NAND2XL   0.105   0.966    -0.251  
      datapath_module/reg_file_module/g6079                       -            OR2X1     0.000   0.966    -0.251  
      datapath_module/reg_file_module/g6079                       B ^ -> Y ^   OR2X1     0.419   1.384    0.168  
      datapath_module/reg_file_module/reg_memory_reg[15][15]1041  -            SDFFQX1   0.000   1.384    0.168  
      ------------------------------------------------------------------------------------------------------------
Path 27: MET Hold Check with Pin datapath_module/reg_file_module/reg_memory_reg[15][14]1040/CK 
Endpoint:   datapath_module/reg_file_module/reg_memory_reg[15][14]1040/SE (^) checked with  leading edge of 'clock'
Beginpoint: IFU_module/PC_reg[4]/Q                                        (^) triggered by  leading edge of 'clock'
Path Groups: {clock}
Retime Analysis { Data Path-Slew }
Other End Arrival Time          0.000
+ Hold                          0.168
+ Phase Shift                   0.000
= Required Time                 0.168
  Arrival Time                  1.384
  Slack Time                    1.217
= Slack Time(original)          1.213
     Clock Rise Edge                 0.000
     + Clock Network Latency (Ideal) 0.000
     = Beginpoint Arrival Time       0.000
      ------------------------------------------------------------------------------------------------------------
      Instance                                                    Arc          Cell      Retime  Arrival  Required  
                                                                                         Delay   Time     Time  
      ------------------------------------------------------------------------------------------------------------
      IFU_module/PC_reg[4]                                        CK ^         -         -       0.000    -1.217  
      IFU_module/PC_reg[4]                                        CK ^ -> Q ^  DFFRHQX4  0.613   0.613    -0.603  
      IFU_module/instr_mem/g726                                   -            CLKINVX3  0.000   0.613    -0.603  
      IFU_module/instr_mem/g726                                   A ^ -> Y v   CLKINVX3  0.069   0.683    -0.534  
      IFU_module/instr_mem/g704                                   -            NAND2XL   0.000   0.683    -0.534  
      IFU_module/instr_mem/g704                                   A v -> Y ^   NAND2XL   0.121   0.803    -0.413  
      datapath_module/reg_file_module/g6119                       -            NOR2BX1   0.000   0.803    -0.413  
      datapath_module/reg_file_module/g6119                       B ^ -> Y v   NOR2BX1   0.058   0.861    -0.356  
      datapath_module/reg_file_module/g6115                       -            NAND2XL   0.000   0.861    -0.356  
      datapath_module/reg_file_module/g6115                       B v -> Y ^   NAND2XL   0.105   0.966    -0.251  
      datapath_module/reg_file_module/g6079                       -            OR2X1     0.000   0.966    -0.251  
      datapath_module/reg_file_module/g6079                       B ^ -> Y ^   OR2X1     0.419   1.384    0.168  
      datapath_module/reg_file_module/reg_memory_reg[15][14]1040  -            SDFFQX1   0.000   1.384    0.168  
      ------------------------------------------------------------------------------------------------------------
Path 28: MET Hold Check with Pin datapath_module/reg_file_module/reg_memory_reg[15][13]1039/CK 
Endpoint:   datapath_module/reg_file_module/reg_memory_reg[15][13]1039/SE (^) checked with  leading edge of 'clock'
Beginpoint: IFU_module/PC_reg[4]/Q                                        (^) triggered by  leading edge of 'clock'
Path Groups: {clock}
Retime Analysis { Data Path-Slew }
Other End Arrival Time          0.000
+ Hold                          0.168
+ Phase Shift                   0.000
= Required Time                 0.168
  Arrival Time                  1.384
  Slack Time                    1.217
= Slack Time(original)          1.213
     Clock Rise Edge                 0.000
     + Clock Network Latency (Ideal) 0.000
     = Beginpoint Arrival Time       0.000
      ------------------------------------------------------------------------------------------------------------
      Instance                                                    Arc          Cell      Retime  Arrival  Required  
                                                                                         Delay   Time     Time  
      ------------------------------------------------------------------------------------------------------------
      IFU_module/PC_reg[4]                                        CK ^         -         -       0.000    -1.217  
      IFU_module/PC_reg[4]                                        CK ^ -> Q ^  DFFRHQX4  0.613   0.613    -0.603  
      IFU_module/instr_mem/g726                                   -            CLKINVX3  0.000   0.613    -0.603  
      IFU_module/instr_mem/g726                                   A ^ -> Y v   CLKINVX3  0.069   0.683    -0.534  
      IFU_module/instr_mem/g704                                   -            NAND2XL   0.000   0.683    -0.534  
      IFU_module/instr_mem/g704                                   A v -> Y ^   NAND2XL   0.121   0.803    -0.413  
      datapath_module/reg_file_module/g6119                       -            NOR2BX1   0.000   0.803    -0.413  
      datapath_module/reg_file_module/g6119                       B ^ -> Y v   NOR2BX1   0.058   0.861    -0.356  
      datapath_module/reg_file_module/g6115                       -            NAND2XL   0.000   0.861    -0.356  
      datapath_module/reg_file_module/g6115                       B v -> Y ^   NAND2XL   0.105   0.966    -0.251  
      datapath_module/reg_file_module/g6079                       -            OR2X1     0.000   0.966    -0.251  
      datapath_module/reg_file_module/g6079                       B ^ -> Y ^   OR2X1     0.419   1.384    0.168  
      datapath_module/reg_file_module/reg_memory_reg[15][13]1039  -            SDFFQX1   0.000   1.384    0.168  
      ------------------------------------------------------------------------------------------------------------
Path 29: MET Hold Check with Pin datapath_module/reg_file_module/reg_memory_reg[15][12]1038/CK 
Endpoint:   datapath_module/reg_file_module/reg_memory_reg[15][12]1038/SE (^) checked with  leading edge of 'clock'
Beginpoint: IFU_module/PC_reg[4]/Q                                        (^) triggered by  leading edge of 'clock'
Path Groups: {clock}
Retime Analysis { Data Path-Slew }
Other End Arrival Time          0.000
+ Hold                          0.168
+ Phase Shift                   0.000
= Required Time                 0.168
  Arrival Time                  1.384
  Slack Time                    1.217
= Slack Time(original)          1.213
     Clock Rise Edge                 0.000
     + Clock Network Latency (Ideal) 0.000
     = Beginpoint Arrival Time       0.000
      ------------------------------------------------------------------------------------------------------------
      Instance                                                    Arc          Cell      Retime  Arrival  Required  
                                                                                         Delay   Time     Time  
      ------------------------------------------------------------------------------------------------------------
      IFU_module/PC_reg[4]                                        CK ^         -         -       0.000    -1.217  
      IFU_module/PC_reg[4]                                        CK ^ -> Q ^  DFFRHQX4  0.613   0.613    -0.603  
      IFU_module/instr_mem/g726                                   -            CLKINVX3  0.000   0.613    -0.603  
      IFU_module/instr_mem/g726                                   A ^ -> Y v   CLKINVX3  0.069   0.683    -0.534  
      IFU_module/instr_mem/g704                                   -            NAND2XL   0.000   0.683    -0.534  
      IFU_module/instr_mem/g704                                   A v -> Y ^   NAND2XL   0.121   0.803    -0.413  
      datapath_module/reg_file_module/g6119                       -            NOR2BX1   0.000   0.803    -0.413  
      datapath_module/reg_file_module/g6119                       B ^ -> Y v   NOR2BX1   0.058   0.861    -0.356  
      datapath_module/reg_file_module/g6115                       -            NAND2XL   0.000   0.861    -0.356  
      datapath_module/reg_file_module/g6115                       B v -> Y ^   NAND2XL   0.105   0.966    -0.251  
      datapath_module/reg_file_module/g6079                       -            OR2X1     0.000   0.966    -0.251  
      datapath_module/reg_file_module/g6079                       B ^ -> Y ^   OR2X1     0.419   1.384    0.168  
      datapath_module/reg_file_module/reg_memory_reg[15][12]1038  -            SDFFQX1   0.000   1.384    0.168  
      ------------------------------------------------------------------------------------------------------------
Path 30: MET Hold Check with Pin datapath_module/reg_file_module/reg_memory_reg[15][11]1037/CK 
Endpoint:   datapath_module/reg_file_module/reg_memory_reg[15][11]1037/SE (^) checked with  leading edge of 'clock'
Beginpoint: IFU_module/PC_reg[4]/Q                                        (^) triggered by  leading edge of 'clock'
Path Groups: {clock}
Retime Analysis { Data Path-Slew }
Other End Arrival Time          0.000
+ Hold                          0.168
+ Phase Shift                   0.000
= Required Time                 0.168
  Arrival Time                  1.384
  Slack Time                    1.217
= Slack Time(original)          1.213
     Clock Rise Edge                 0.000
     + Clock Network Latency (Ideal) 0.000
     = Beginpoint Arrival Time       0.000
      ------------------------------------------------------------------------------------------------------------
      Instance                                                    Arc          Cell      Retime  Arrival  Required  
                                                                                         Delay   Time     Time  
      ------------------------------------------------------------------------------------------------------------
      IFU_module/PC_reg[4]                                        CK ^         -         -       0.000    -1.217  
      IFU_module/PC_reg[4]                                        CK ^ -> Q ^  DFFRHQX4  0.613   0.613    -0.603  
      IFU_module/instr_mem/g726                                   -            CLKINVX3  0.000   0.613    -0.603  
      IFU_module/instr_mem/g726                                   A ^ -> Y v   CLKINVX3  0.069   0.683    -0.534  
      IFU_module/instr_mem/g704                                   -            NAND2XL   0.000   0.683    -0.534  
      IFU_module/instr_mem/g704                                   A v -> Y ^   NAND2XL   0.121   0.803    -0.413  
      datapath_module/reg_file_module/g6119                       -            NOR2BX1   0.000   0.803    -0.413  
      datapath_module/reg_file_module/g6119                       B ^ -> Y v   NOR2BX1   0.058   0.861    -0.356  
      datapath_module/reg_file_module/g6115                       -            NAND2XL   0.000   0.861    -0.356  
      datapath_module/reg_file_module/g6115                       B v -> Y ^   NAND2XL   0.105   0.966    -0.251  
      datapath_module/reg_file_module/g6079                       -            OR2X1     0.000   0.966    -0.251  
      datapath_module/reg_file_module/g6079                       B ^ -> Y ^   OR2X1     0.419   1.384    0.168  
      datapath_module/reg_file_module/reg_memory_reg[15][11]1037  -            SDFFQX1   0.000   1.384    0.168  
      ------------------------------------------------------------------------------------------------------------
Path 31: MET Hold Check with Pin datapath_module/reg_file_module/reg_memory_reg[15][10]1036/CK 
Endpoint:   datapath_module/reg_file_module/reg_memory_reg[15][10]1036/SE (^) checked with  leading edge of 'clock'
Beginpoint: IFU_module/PC_reg[4]/Q                                        (^) triggered by  leading edge of 'clock'
Path Groups: {clock}
Retime Analysis { Data Path-Slew }
Other End Arrival Time          0.000
+ Hold                          0.168
+ Phase Shift                   0.000
= Required Time                 0.168
  Arrival Time                  1.384
  Slack Time                    1.217
= Slack Time(original)          1.213
     Clock Rise Edge                 0.000
     + Clock Network Latency (Ideal) 0.000
     = Beginpoint Arrival Time       0.000
      ------------------------------------------------------------------------------------------------------------
      Instance                                                    Arc          Cell      Retime  Arrival  Required  
                                                                                         Delay   Time     Time  
      ------------------------------------------------------------------------------------------------------------
      IFU_module/PC_reg[4]                                        CK ^         -         -       0.000    -1.217  
      IFU_module/PC_reg[4]                                        CK ^ -> Q ^  DFFRHQX4  0.613   0.613    -0.603  
      IFU_module/instr_mem/g726                                   -            CLKINVX3  0.000   0.613    -0.603  
      IFU_module/instr_mem/g726                                   A ^ -> Y v   CLKINVX3  0.069   0.683    -0.534  
      IFU_module/instr_mem/g704                                   -            NAND2XL   0.000   0.683    -0.534  
      IFU_module/instr_mem/g704                                   A v -> Y ^   NAND2XL   0.121   0.803    -0.413  
      datapath_module/reg_file_module/g6119                       -            NOR2BX1   0.000   0.803    -0.413  
      datapath_module/reg_file_module/g6119                       B ^ -> Y v   NOR2BX1   0.058   0.861    -0.356  
      datapath_module/reg_file_module/g6115                       -            NAND2XL   0.000   0.861    -0.356  
      datapath_module/reg_file_module/g6115                       B v -> Y ^   NAND2XL   0.105   0.966    -0.251  
      datapath_module/reg_file_module/g6079                       -            OR2X1     0.000   0.966    -0.251  
      datapath_module/reg_file_module/g6079                       B ^ -> Y ^   OR2X1     0.419   1.384    0.168  
      datapath_module/reg_file_module/reg_memory_reg[15][10]1036  -            SDFFQX1   0.000   1.384    0.168  
      ------------------------------------------------------------------------------------------------------------
Path 32: MET Hold Check with Pin datapath_module/reg_file_module/reg_memory_reg[11][9]779/CK 
Endpoint:   datapath_module/reg_file_module/reg_memory_reg[11][9]779/SE (^) checked with  leading edge of 'clock'
Beginpoint: IFU_module/PC_reg[4]/Q                                      (^) triggered by  leading edge of 'clock'
Path Groups: {clock}
Retime Analysis { Data Path-Slew }
Other End Arrival Time          0.000
+ Hold                          0.168
+ Phase Shift                   0.000
= Required Time                 0.168
  Arrival Time                  1.384
  Slack Time                    1.217
= Slack Time(original)          1.213
     Clock Rise Edge                 0.000
     + Clock Network Latency (Ideal) 0.000
     = Beginpoint Arrival Time       0.000
      ----------------------------------------------------------------------------------------------------------
      Instance                                                  Arc          Cell      Retime  Arrival  Required  
                                                                                       Delay   Time     Time  
      ----------------------------------------------------------------------------------------------------------
      IFU_module/PC_reg[4]                                      CK ^         -         -       0.000    -1.217  
      IFU_module/PC_reg[4]                                      CK ^ -> Q ^  DFFRHQX4  0.613   0.613    -0.603  
      IFU_module/instr_mem/g726                                 -            CLKINVX3  0.000   0.613    -0.603  
      IFU_module/instr_mem/g726                                 A ^ -> Y v   CLKINVX3  0.069   0.683    -0.534  
      IFU_module/instr_mem/g704                                 -            NAND2XL   0.000   0.683    -0.534  
      IFU_module/instr_mem/g704                                 A v -> Y ^   NAND2XL   0.121   0.803    -0.414  
      datapath_module/reg_file_module/g6119                     -            NOR2BX1   0.000   0.803    -0.414  
      datapath_module/reg_file_module/g6119                     B ^ -> Y v   NOR2BX1   0.058   0.861    -0.356  
      datapath_module/reg_file_module/g6115                     -            NAND2XL   0.000   0.861    -0.356  
      datapath_module/reg_file_module/g6115                     B v -> Y ^   NAND2XL   0.105   0.966    -0.251  
      datapath_module/reg_file_module/g6095                     -            OR2X1     0.000   0.966    -0.251  
      datapath_module/reg_file_module/g6095                     B ^ -> Y ^   OR2X1     0.419   1.384    0.168  
      datapath_module/reg_file_module/reg_memory_reg[11][9]779  -            SDFFQX1   0.000   1.384    0.168  
      ----------------------------------------------------------------------------------------------------------
Path 33: MET Hold Check with Pin datapath_module/reg_file_module/reg_memory_reg[11][8]778/CK 
Endpoint:   datapath_module/reg_file_module/reg_memory_reg[11][8]778/SE (^) checked with  leading edge of 'clock'
Beginpoint: IFU_module/PC_reg[4]/Q                                      (^) triggered by  leading edge of 'clock'
Path Groups: {clock}
Retime Analysis { Data Path-Slew }
Other End Arrival Time          0.000
+ Hold                          0.168
+ Phase Shift                   0.000
= Required Time                 0.168
  Arrival Time                  1.384
  Slack Time                    1.217
= Slack Time(original)          1.213
     Clock Rise Edge                 0.000
     + Clock Network Latency (Ideal) 0.000
     = Beginpoint Arrival Time       0.000
      ----------------------------------------------------------------------------------------------------------
      Instance                                                  Arc          Cell      Retime  Arrival  Required  
                                                                                       Delay   Time     Time  
      ----------------------------------------------------------------------------------------------------------
      IFU_module/PC_reg[4]                                      CK ^         -         -       0.000    -1.217  
      IFU_module/PC_reg[4]                                      CK ^ -> Q ^  DFFRHQX4  0.613   0.613    -0.603  
      IFU_module/instr_mem/g726                                 -            CLKINVX3  0.000   0.613    -0.603  
      IFU_module/instr_mem/g726                                 A ^ -> Y v   CLKINVX3  0.069   0.683    -0.534  
      IFU_module/instr_mem/g704                                 -            NAND2XL   0.000   0.683    -0.534  
      IFU_module/instr_mem/g704                                 A v -> Y ^   NAND2XL   0.121   0.803    -0.414  
      datapath_module/reg_file_module/g6119                     -            NOR2BX1   0.000   0.803    -0.414  
      datapath_module/reg_file_module/g6119                     B ^ -> Y v   NOR2BX1   0.058   0.861    -0.356  
      datapath_module/reg_file_module/g6115                     -            NAND2XL   0.000   0.861    -0.356  
      datapath_module/reg_file_module/g6115                     B v -> Y ^   NAND2XL   0.105   0.966    -0.251  
      datapath_module/reg_file_module/g6095                     -            OR2X1     0.000   0.966    -0.251  
      datapath_module/reg_file_module/g6095                     B ^ -> Y ^   OR2X1     0.419   1.384    0.168  
      datapath_module/reg_file_module/reg_memory_reg[11][8]778  -            SDFFQX1   0.000   1.384    0.168  
      ----------------------------------------------------------------------------------------------------------
Path 34: MET Hold Check with Pin datapath_module/reg_file_module/reg_memory_reg[11][7]777/CK 
Endpoint:   datapath_module/reg_file_module/reg_memory_reg[11][7]777/SE (^) checked with  leading edge of 'clock'
Beginpoint: IFU_module/PC_reg[4]/Q                                      (^) triggered by  leading edge of 'clock'
Path Groups: {clock}
Retime Analysis { Data Path-Slew }
Other End Arrival Time          0.000
+ Hold                          0.168
+ Phase Shift                   0.000
= Required Time                 0.168
  Arrival Time                  1.384
  Slack Time                    1.217
= Slack Time(original)          1.213
     Clock Rise Edge                 0.000
     + Clock Network Latency (Ideal) 0.000
     = Beginpoint Arrival Time       0.000
      ----------------------------------------------------------------------------------------------------------
      Instance                                                  Arc          Cell      Retime  Arrival  Required  
                                                                                       Delay   Time     Time  
      ----------------------------------------------------------------------------------------------------------
      IFU_module/PC_reg[4]                                      CK ^         -         -       0.000    -1.217  
      IFU_module/PC_reg[4]                                      CK ^ -> Q ^  DFFRHQX4  0.613   0.613    -0.603  
      IFU_module/instr_mem/g726                                 -            CLKINVX3  0.000   0.613    -0.603  
      IFU_module/instr_mem/g726                                 A ^ -> Y v   CLKINVX3  0.069   0.683    -0.534  
      IFU_module/instr_mem/g704                                 -            NAND2XL   0.000   0.683    -0.534  
      IFU_module/instr_mem/g704                                 A v -> Y ^   NAND2XL   0.121   0.803    -0.414  
      datapath_module/reg_file_module/g6119                     -            NOR2BX1   0.000   0.803    -0.414  
      datapath_module/reg_file_module/g6119                     B ^ -> Y v   NOR2BX1   0.058   0.861    -0.356  
      datapath_module/reg_file_module/g6115                     -            NAND2XL   0.000   0.861    -0.356  
      datapath_module/reg_file_module/g6115                     B v -> Y ^   NAND2XL   0.105   0.966    -0.251  
      datapath_module/reg_file_module/g6095                     -            OR2X1     0.000   0.966    -0.251  
      datapath_module/reg_file_module/g6095                     B ^ -> Y ^   OR2X1     0.419   1.384    0.168  
      datapath_module/reg_file_module/reg_memory_reg[11][7]777  -            SDFFQX1   0.000   1.384    0.168  
      ----------------------------------------------------------------------------------------------------------
Path 35: MET Hold Check with Pin datapath_module/reg_file_module/reg_memory_reg[11][6]776/CK 
Endpoint:   datapath_module/reg_file_module/reg_memory_reg[11][6]776/SE (^) checked with  leading edge of 'clock'
Beginpoint: IFU_module/PC_reg[4]/Q                                      (^) triggered by  leading edge of 'clock'
Path Groups: {clock}
Retime Analysis { Data Path-Slew }
Other End Arrival Time          0.000
+ Hold                          0.168
+ Phase Shift                   0.000
= Required Time                 0.168
  Arrival Time                  1.384
  Slack Time                    1.217
= Slack Time(original)          1.213
     Clock Rise Edge                 0.000
     + Clock Network Latency (Ideal) 0.000
     = Beginpoint Arrival Time       0.000
      ----------------------------------------------------------------------------------------------------------
      Instance                                                  Arc          Cell      Retime  Arrival  Required  
                                                                                       Delay   Time     Time  
      ----------------------------------------------------------------------------------------------------------
      IFU_module/PC_reg[4]                                      CK ^         -         -       0.000    -1.217  
      IFU_module/PC_reg[4]                                      CK ^ -> Q ^  DFFRHQX4  0.613   0.613    -0.603  
      IFU_module/instr_mem/g726                                 -            CLKINVX3  0.000   0.613    -0.603  
      IFU_module/instr_mem/g726                                 A ^ -> Y v   CLKINVX3  0.069   0.683    -0.534  
      IFU_module/instr_mem/g704                                 -            NAND2XL   0.000   0.683    -0.534  
      IFU_module/instr_mem/g704                                 A v -> Y ^   NAND2XL   0.121   0.803    -0.414  
      datapath_module/reg_file_module/g6119                     -            NOR2BX1   0.000   0.803    -0.414  
      datapath_module/reg_file_module/g6119                     B ^ -> Y v   NOR2BX1   0.058   0.861    -0.356  
      datapath_module/reg_file_module/g6115                     -            NAND2XL   0.000   0.861    -0.356  
      datapath_module/reg_file_module/g6115                     B v -> Y ^   NAND2XL   0.105   0.966    -0.251  
      datapath_module/reg_file_module/g6095                     -            OR2X1     0.000   0.966    -0.251  
      datapath_module/reg_file_module/g6095                     B ^ -> Y ^   OR2X1     0.419   1.384    0.168  
      datapath_module/reg_file_module/reg_memory_reg[11][6]776  -            SDFFQX1   0.000   1.384    0.168  
      ----------------------------------------------------------------------------------------------------------
Path 36: MET Hold Check with Pin datapath_module/reg_file_module/reg_memory_reg[11][5]775/CK 
Endpoint:   datapath_module/reg_file_module/reg_memory_reg[11][5]775/SE (^) checked with  leading edge of 'clock'
Beginpoint: IFU_module/PC_reg[4]/Q                                      (^) triggered by  leading edge of 'clock'
Path Groups: {clock}
Retime Analysis { Data Path-Slew }
Other End Arrival Time          0.000
+ Hold                          0.168
+ Phase Shift                   0.000
= Required Time                 0.168
  Arrival Time                  1.384
  Slack Time                    1.217
= Slack Time(original)          1.213
     Clock Rise Edge                 0.000
     + Clock Network Latency (Ideal) 0.000
     = Beginpoint Arrival Time       0.000
      ----------------------------------------------------------------------------------------------------------
      Instance                                                  Arc          Cell      Retime  Arrival  Required  
                                                                                       Delay   Time     Time  
      ----------------------------------------------------------------------------------------------------------
      IFU_module/PC_reg[4]                                      CK ^         -         -       0.000    -1.217  
      IFU_module/PC_reg[4]                                      CK ^ -> Q ^  DFFRHQX4  0.613   0.613    -0.603  
      IFU_module/instr_mem/g726                                 -            CLKINVX3  0.000   0.613    -0.603  
      IFU_module/instr_mem/g726                                 A ^ -> Y v   CLKINVX3  0.069   0.683    -0.534  
      IFU_module/instr_mem/g704                                 -            NAND2XL   0.000   0.683    -0.534  
      IFU_module/instr_mem/g704                                 A v -> Y ^   NAND2XL   0.121   0.803    -0.414  
      datapath_module/reg_file_module/g6119                     -            NOR2BX1   0.000   0.803    -0.414  
      datapath_module/reg_file_module/g6119                     B ^ -> Y v   NOR2BX1   0.058   0.861    -0.356  
      datapath_module/reg_file_module/g6115                     -            NAND2XL   0.000   0.861    -0.356  
      datapath_module/reg_file_module/g6115                     B v -> Y ^   NAND2XL   0.105   0.966    -0.251  
      datapath_module/reg_file_module/g6095                     -            OR2X1     0.000   0.966    -0.251  
      datapath_module/reg_file_module/g6095                     B ^ -> Y ^   OR2X1     0.419   1.384    0.168  
      datapath_module/reg_file_module/reg_memory_reg[11][5]775  -            SDFFQX1   0.000   1.384    0.168  
      ----------------------------------------------------------------------------------------------------------
Path 37: MET Hold Check with Pin datapath_module/reg_file_module/reg_memory_reg[11][4]774/CK 
Endpoint:   datapath_module/reg_file_module/reg_memory_reg[11][4]774/SE (^) checked with  leading edge of 'clock'
Beginpoint: IFU_module/PC_reg[4]/Q                                      (^) triggered by  leading edge of 'clock'
Path Groups: {clock}
Retime Analysis { Data Path-Slew }
Other End Arrival Time          0.000
+ Hold                          0.168
+ Phase Shift                   0.000
= Required Time                 0.168
  Arrival Time                  1.384
  Slack Time                    1.217
= Slack Time(original)          1.213
     Clock Rise Edge                 0.000
     + Clock Network Latency (Ideal) 0.000
     = Beginpoint Arrival Time       0.000
      ----------------------------------------------------------------------------------------------------------
      Instance                                                  Arc          Cell      Retime  Arrival  Required  
                                                                                       Delay   Time     Time  
      ----------------------------------------------------------------------------------------------------------
      IFU_module/PC_reg[4]                                      CK ^         -         -       0.000    -1.217  
      IFU_module/PC_reg[4]                                      CK ^ -> Q ^  DFFRHQX4  0.613   0.613    -0.603  
      IFU_module/instr_mem/g726                                 -            CLKINVX3  0.000   0.613    -0.603  
      IFU_module/instr_mem/g726                                 A ^ -> Y v   CLKINVX3  0.069   0.683    -0.534  
      IFU_module/instr_mem/g704                                 -            NAND2XL   0.000   0.683    -0.534  
      IFU_module/instr_mem/g704                                 A v -> Y ^   NAND2XL   0.121   0.803    -0.414  
      datapath_module/reg_file_module/g6119                     -            NOR2BX1   0.000   0.803    -0.414  
      datapath_module/reg_file_module/g6119                     B ^ -> Y v   NOR2BX1   0.058   0.861    -0.356  
      datapath_module/reg_file_module/g6115                     -            NAND2XL   0.000   0.861    -0.356  
      datapath_module/reg_file_module/g6115                     B v -> Y ^   NAND2XL   0.105   0.966    -0.251  
      datapath_module/reg_file_module/g6095                     -            OR2X1     0.000   0.966    -0.251  
      datapath_module/reg_file_module/g6095                     B ^ -> Y ^   OR2X1     0.419   1.384    0.168  
      datapath_module/reg_file_module/reg_memory_reg[11][4]774  -            SDFFQX1   0.000   1.384    0.168  
      ----------------------------------------------------------------------------------------------------------
Path 38: MET Hold Check with Pin datapath_module/reg_file_module/reg_memory_reg[11][3]773/CK 
Endpoint:   datapath_module/reg_file_module/reg_memory_reg[11][3]773/SE (^) checked with  leading edge of 'clock'
Beginpoint: IFU_module/PC_reg[4]/Q                                      (^) triggered by  leading edge of 'clock'
Path Groups: {clock}
Retime Analysis { Data Path-Slew }
Other End Arrival Time          0.000
+ Hold                          0.168
+ Phase Shift                   0.000
= Required Time                 0.168
  Arrival Time                  1.384
  Slack Time                    1.217
= Slack Time(original)          1.213
     Clock Rise Edge                 0.000
     + Clock Network Latency (Ideal) 0.000
     = Beginpoint Arrival Time       0.000
      ----------------------------------------------------------------------------------------------------------
      Instance                                                  Arc          Cell      Retime  Arrival  Required  
                                                                                       Delay   Time     Time  
      ----------------------------------------------------------------------------------------------------------
      IFU_module/PC_reg[4]                                      CK ^         -         -       0.000    -1.217  
      IFU_module/PC_reg[4]                                      CK ^ -> Q ^  DFFRHQX4  0.613   0.613    -0.603  
      IFU_module/instr_mem/g726                                 -            CLKINVX3  0.000   0.613    -0.603  
      IFU_module/instr_mem/g726                                 A ^ -> Y v   CLKINVX3  0.069   0.683    -0.534  
      IFU_module/instr_mem/g704                                 -            NAND2XL   0.000   0.683    -0.534  
      IFU_module/instr_mem/g704                                 A v -> Y ^   NAND2XL   0.121   0.803    -0.414  
      datapath_module/reg_file_module/g6119                     -            NOR2BX1   0.000   0.803    -0.414  
      datapath_module/reg_file_module/g6119                     B ^ -> Y v   NOR2BX1   0.058   0.861    -0.356  
      datapath_module/reg_file_module/g6115                     -            NAND2XL   0.000   0.861    -0.356  
      datapath_module/reg_file_module/g6115                     B v -> Y ^   NAND2XL   0.105   0.966    -0.251  
      datapath_module/reg_file_module/g6095                     -            OR2X1     0.000   0.966    -0.251  
      datapath_module/reg_file_module/g6095                     B ^ -> Y ^   OR2X1     0.419   1.384    0.168  
      datapath_module/reg_file_module/reg_memory_reg[11][3]773  -            SDFFQX1   0.000   1.384    0.168  
      ----------------------------------------------------------------------------------------------------------
Path 39: MET Hold Check with Pin datapath_module/reg_file_module/reg_memory_reg[11][2]772/CK 
Endpoint:   datapath_module/reg_file_module/reg_memory_reg[11][2]772/SE (^) checked with  leading edge of 'clock'
Beginpoint: IFU_module/PC_reg[4]/Q                                      (^) triggered by  leading edge of 'clock'
Path Groups: {clock}
Retime Analysis { Data Path-Slew }
Other End Arrival Time          0.000
+ Hold                          0.168
+ Phase Shift                   0.000
= Required Time                 0.168
  Arrival Time                  1.384
  Slack Time                    1.217
= Slack Time(original)          1.213
     Clock Rise Edge                 0.000
     + Clock Network Latency (Ideal) 0.000
     = Beginpoint Arrival Time       0.000
      ----------------------------------------------------------------------------------------------------------
      Instance                                                  Arc          Cell      Retime  Arrival  Required  
                                                                                       Delay   Time     Time  
      ----------------------------------------------------------------------------------------------------------
      IFU_module/PC_reg[4]                                      CK ^         -         -       0.000    -1.217  
      IFU_module/PC_reg[4]                                      CK ^ -> Q ^  DFFRHQX4  0.613   0.613    -0.603  
      IFU_module/instr_mem/g726                                 -            CLKINVX3  0.000   0.613    -0.603  
      IFU_module/instr_mem/g726                                 A ^ -> Y v   CLKINVX3  0.069   0.683    -0.534  
      IFU_module/instr_mem/g704                                 -            NAND2XL   0.000   0.683    -0.534  
      IFU_module/instr_mem/g704                                 A v -> Y ^   NAND2XL   0.121   0.803    -0.414  
      datapath_module/reg_file_module/g6119                     -            NOR2BX1   0.000   0.803    -0.414  
      datapath_module/reg_file_module/g6119                     B ^ -> Y v   NOR2BX1   0.058   0.861    -0.356  
      datapath_module/reg_file_module/g6115                     -            NAND2XL   0.000   0.861    -0.356  
      datapath_module/reg_file_module/g6115                     B v -> Y ^   NAND2XL   0.105   0.966    -0.251  
      datapath_module/reg_file_module/g6095                     -            OR2X1     0.000   0.966    -0.251  
      datapath_module/reg_file_module/g6095                     B ^ -> Y ^   OR2X1     0.419   1.384    0.168  
      datapath_module/reg_file_module/reg_memory_reg[11][2]772  -            SDFFQX1   0.000   1.384    0.168  
      ----------------------------------------------------------------------------------------------------------
Path 40: MET Hold Check with Pin datapath_module/reg_file_module/reg_memory_reg[11][29]799/CK 
Endpoint:   datapath_module/reg_file_module/reg_memory_reg[11][29]799/SE (^) checked with  leading edge of 'clock'
Beginpoint: IFU_module/PC_reg[4]/Q                                       (^) triggered by  leading edge of 'clock'
Path Groups: {clock}
Retime Analysis { Data Path-Slew }
Other End Arrival Time          0.000
+ Hold                          0.168
+ Phase Shift                   0.000
= Required Time                 0.168
  Arrival Time                  1.384
  Slack Time                    1.217
= Slack Time(original)          1.213
     Clock Rise Edge                 0.000
     + Clock Network Latency (Ideal) 0.000
     = Beginpoint Arrival Time       0.000
      -----------------------------------------------------------------------------------------------------------
      Instance                                                   Arc          Cell      Retime  Arrival  Required  
                                                                                        Delay   Time     Time  
      -----------------------------------------------------------------------------------------------------------
      IFU_module/PC_reg[4]                                       CK ^         -         -       0.000    -1.217  
      IFU_module/PC_reg[4]                                       CK ^ -> Q ^  DFFRHQX4  0.613   0.613    -0.603  
      IFU_module/instr_mem/g726                                  -            CLKINVX3  0.000   0.613    -0.603  
      IFU_module/instr_mem/g726                                  A ^ -> Y v   CLKINVX3  0.069   0.683    -0.534  
      IFU_module/instr_mem/g704                                  -            NAND2XL   0.000   0.683    -0.534  
      IFU_module/instr_mem/g704                                  A v -> Y ^   NAND2XL   0.121   0.803    -0.414  
      datapath_module/reg_file_module/g6119                      -            NOR2BX1   0.000   0.803    -0.414  
      datapath_module/reg_file_module/g6119                      B ^ -> Y v   NOR2BX1   0.058   0.861    -0.356  
      datapath_module/reg_file_module/g6115                      -            NAND2XL   0.000   0.861    -0.356  
      datapath_module/reg_file_module/g6115                      B v -> Y ^   NAND2XL   0.105   0.966    -0.251  
      datapath_module/reg_file_module/g6095                      -            OR2X1     0.000   0.966    -0.251  
      datapath_module/reg_file_module/g6095                      B ^ -> Y ^   OR2X1     0.419   1.384    0.168  
      datapath_module/reg_file_module/reg_memory_reg[11][29]799  -            SDFFQX1   0.000   1.384    0.168  
      -----------------------------------------------------------------------------------------------------------
Path 41: MET Hold Check with Pin datapath_module/reg_file_module/reg_memory_reg[11][28]798/CK 
Endpoint:   datapath_module/reg_file_module/reg_memory_reg[11][28]798/SE (^) checked with  leading edge of 'clock'
Beginpoint: IFU_module/PC_reg[4]/Q                                       (^) triggered by  leading edge of 'clock'
Path Groups: {clock}
Retime Analysis { Data Path-Slew }
Other End Arrival Time          0.000
+ Hold                          0.168
+ Phase Shift                   0.000
= Required Time                 0.168
  Arrival Time                  1.384
  Slack Time                    1.217
= Slack Time(original)          1.213
     Clock Rise Edge                 0.000
     + Clock Network Latency (Ideal) 0.000
     = Beginpoint Arrival Time       0.000
      -----------------------------------------------------------------------------------------------------------
      Instance                                                   Arc          Cell      Retime  Arrival  Required  
                                                                                        Delay   Time     Time  
      -----------------------------------------------------------------------------------------------------------
      IFU_module/PC_reg[4]                                       CK ^         -         -       0.000    -1.217  
      IFU_module/PC_reg[4]                                       CK ^ -> Q ^  DFFRHQX4  0.613   0.613    -0.603  
      IFU_module/instr_mem/g726                                  -            CLKINVX3  0.000   0.613    -0.603  
      IFU_module/instr_mem/g726                                  A ^ -> Y v   CLKINVX3  0.069   0.683    -0.534  
      IFU_module/instr_mem/g704                                  -            NAND2XL   0.000   0.683    -0.534  
      IFU_module/instr_mem/g704                                  A v -> Y ^   NAND2XL   0.121   0.803    -0.414  
      datapath_module/reg_file_module/g6119                      -            NOR2BX1   0.000   0.803    -0.414  
      datapath_module/reg_file_module/g6119                      B ^ -> Y v   NOR2BX1   0.058   0.861    -0.356  
      datapath_module/reg_file_module/g6115                      -            NAND2XL   0.000   0.861    -0.356  
      datapath_module/reg_file_module/g6115                      B v -> Y ^   NAND2XL   0.105   0.966    -0.251  
      datapath_module/reg_file_module/g6095                      -            OR2X1     0.000   0.966    -0.251  
      datapath_module/reg_file_module/g6095                      B ^ -> Y ^   OR2X1     0.419   1.384    0.168  
      datapath_module/reg_file_module/reg_memory_reg[11][28]798  -            SDFFQX1   0.000   1.384    0.168  
      -----------------------------------------------------------------------------------------------------------
Path 42: MET Hold Check with Pin datapath_module/reg_file_module/reg_memory_reg[11][27]797/CK 
Endpoint:   datapath_module/reg_file_module/reg_memory_reg[11][27]797/SE (^) checked with  leading edge of 'clock'
Beginpoint: IFU_module/PC_reg[4]/Q                                       (^) triggered by  leading edge of 'clock'
Path Groups: {clock}
Retime Analysis { Data Path-Slew }
Other End Arrival Time          0.000
+ Hold                          0.168
+ Phase Shift                   0.000
= Required Time                 0.168
  Arrival Time                  1.384
  Slack Time                    1.217
= Slack Time(original)          1.213
     Clock Rise Edge                 0.000
     + Clock Network Latency (Ideal) 0.000
     = Beginpoint Arrival Time       0.000
      -----------------------------------------------------------------------------------------------------------
      Instance                                                   Arc          Cell      Retime  Arrival  Required  
                                                                                        Delay   Time     Time  
      -----------------------------------------------------------------------------------------------------------
      IFU_module/PC_reg[4]                                       CK ^         -         -       0.000    -1.217  
      IFU_module/PC_reg[4]                                       CK ^ -> Q ^  DFFRHQX4  0.613   0.613    -0.603  
      IFU_module/instr_mem/g726                                  -            CLKINVX3  0.000   0.613    -0.603  
      IFU_module/instr_mem/g726                                  A ^ -> Y v   CLKINVX3  0.069   0.683    -0.534  
      IFU_module/instr_mem/g704                                  -            NAND2XL   0.000   0.683    -0.534  
      IFU_module/instr_mem/g704                                  A v -> Y ^   NAND2XL   0.121   0.803    -0.414  
      datapath_module/reg_file_module/g6119                      -            NOR2BX1   0.000   0.803    -0.414  
      datapath_module/reg_file_module/g6119                      B ^ -> Y v   NOR2BX1   0.058   0.861    -0.356  
      datapath_module/reg_file_module/g6115                      -            NAND2XL   0.000   0.861    -0.356  
      datapath_module/reg_file_module/g6115                      B v -> Y ^   NAND2XL   0.105   0.966    -0.251  
      datapath_module/reg_file_module/g6095                      -            OR2X1     0.000   0.966    -0.251  
      datapath_module/reg_file_module/g6095                      B ^ -> Y ^   OR2X1     0.419   1.384    0.168  
      datapath_module/reg_file_module/reg_memory_reg[11][27]797  -            SDFFQX1   0.000   1.384    0.168  
      -----------------------------------------------------------------------------------------------------------
Path 43: MET Hold Check with Pin datapath_module/reg_file_module/reg_memory_reg[11][25]795/CK 
Endpoint:   datapath_module/reg_file_module/reg_memory_reg[11][25]795/SE (^) checked with  leading edge of 'clock'
Beginpoint: IFU_module/PC_reg[4]/Q                                       (^) triggered by  leading edge of 'clock'
Path Groups: {clock}
Retime Analysis { Data Path-Slew }
Other End Arrival Time          0.000
+ Hold                          0.168
+ Phase Shift                   0.000
= Required Time                 0.168
  Arrival Time                  1.384
  Slack Time                    1.217
= Slack Time(original)          1.213
     Clock Rise Edge                 0.000
     + Clock Network Latency (Ideal) 0.000
     = Beginpoint Arrival Time       0.000
      -----------------------------------------------------------------------------------------------------------
      Instance                                                   Arc          Cell      Retime  Arrival  Required  
                                                                                        Delay   Time     Time  
      -----------------------------------------------------------------------------------------------------------
      IFU_module/PC_reg[4]                                       CK ^         -         -       0.000    -1.217  
      IFU_module/PC_reg[4]                                       CK ^ -> Q ^  DFFRHQX4  0.613   0.613    -0.603  
      IFU_module/instr_mem/g726                                  -            CLKINVX3  0.000   0.613    -0.603  
      IFU_module/instr_mem/g726                                  A ^ -> Y v   CLKINVX3  0.069   0.683    -0.534  
      IFU_module/instr_mem/g704                                  -            NAND2XL   0.000   0.683    -0.534  
      IFU_module/instr_mem/g704                                  A v -> Y ^   NAND2XL   0.121   0.803    -0.414  
      datapath_module/reg_file_module/g6119                      -            NOR2BX1   0.000   0.803    -0.414  
      datapath_module/reg_file_module/g6119                      B ^ -> Y v   NOR2BX1   0.058   0.861    -0.356  
      datapath_module/reg_file_module/g6115                      -            NAND2XL   0.000   0.861    -0.356  
      datapath_module/reg_file_module/g6115                      B v -> Y ^   NAND2XL   0.105   0.966    -0.251  
      datapath_module/reg_file_module/g6095                      -            OR2X1     0.000   0.966    -0.251  
      datapath_module/reg_file_module/g6095                      B ^ -> Y ^   OR2X1     0.419   1.384    0.168  
      datapath_module/reg_file_module/reg_memory_reg[11][25]795  -            SDFFQX1   0.000   1.384    0.168  
      -----------------------------------------------------------------------------------------------------------
Path 44: MET Hold Check with Pin datapath_module/reg_file_module/reg_memory_reg[11][24]794/CK 
Endpoint:   datapath_module/reg_file_module/reg_memory_reg[11][24]794/SE (^) checked with  leading edge of 'clock'
Beginpoint: IFU_module/PC_reg[4]/Q                                       (^) triggered by  leading edge of 'clock'
Path Groups: {clock}
Retime Analysis { Data Path-Slew }
Other End Arrival Time          0.000
+ Hold                          0.168
+ Phase Shift                   0.000
= Required Time                 0.168
  Arrival Time                  1.384
  Slack Time                    1.217
= Slack Time(original)          1.213
     Clock Rise Edge                 0.000
     + Clock Network Latency (Ideal) 0.000
     = Beginpoint Arrival Time       0.000
      -----------------------------------------------------------------------------------------------------------
      Instance                                                   Arc          Cell      Retime  Arrival  Required  
                                                                                        Delay   Time     Time  
      -----------------------------------------------------------------------------------------------------------
      IFU_module/PC_reg[4]                                       CK ^         -         -       0.000    -1.217  
      IFU_module/PC_reg[4]                                       CK ^ -> Q ^  DFFRHQX4  0.613   0.613    -0.603  
      IFU_module/instr_mem/g726                                  -            CLKINVX3  0.000   0.613    -0.603  
      IFU_module/instr_mem/g726                                  A ^ -> Y v   CLKINVX3  0.069   0.683    -0.534  
      IFU_module/instr_mem/g704                                  -            NAND2XL   0.000   0.683    -0.534  
      IFU_module/instr_mem/g704                                  A v -> Y ^   NAND2XL   0.121   0.803    -0.414  
      datapath_module/reg_file_module/g6119                      -            NOR2BX1   0.000   0.803    -0.414  
      datapath_module/reg_file_module/g6119                      B ^ -> Y v   NOR2BX1   0.058   0.861    -0.356  
      datapath_module/reg_file_module/g6115                      -            NAND2XL   0.000   0.861    -0.356  
      datapath_module/reg_file_module/g6115                      B v -> Y ^   NAND2XL   0.105   0.966    -0.251  
      datapath_module/reg_file_module/g6095                      -            OR2X1     0.000   0.966    -0.251  
      datapath_module/reg_file_module/g6095                      B ^ -> Y ^   OR2X1     0.419   1.384    0.168  
      datapath_module/reg_file_module/reg_memory_reg[11][24]794  -            SDFFQX1   0.000   1.384    0.168  
      -----------------------------------------------------------------------------------------------------------
Path 45: MET Hold Check with Pin datapath_module/reg_file_module/reg_memory_reg[11][23]793/CK 
Endpoint:   datapath_module/reg_file_module/reg_memory_reg[11][23]793/SE (^) checked with  leading edge of 'clock'
Beginpoint: IFU_module/PC_reg[4]/Q                                       (^) triggered by  leading edge of 'clock'
Path Groups: {clock}
Retime Analysis { Data Path-Slew }
Other End Arrival Time          0.000
+ Hold                          0.168
+ Phase Shift                   0.000
= Required Time                 0.168
  Arrival Time                  1.384
  Slack Time                    1.217
= Slack Time(original)          1.213
     Clock Rise Edge                 0.000
     + Clock Network Latency (Ideal) 0.000
     = Beginpoint Arrival Time       0.000
      -----------------------------------------------------------------------------------------------------------
      Instance                                                   Arc          Cell      Retime  Arrival  Required  
                                                                                        Delay   Time     Time  
      -----------------------------------------------------------------------------------------------------------
      IFU_module/PC_reg[4]                                       CK ^         -         -       0.000    -1.217  
      IFU_module/PC_reg[4]                                       CK ^ -> Q ^  DFFRHQX4  0.613   0.613    -0.603  
      IFU_module/instr_mem/g726                                  -            CLKINVX3  0.000   0.613    -0.603  
      IFU_module/instr_mem/g726                                  A ^ -> Y v   CLKINVX3  0.069   0.683    -0.534  
      IFU_module/instr_mem/g704                                  -            NAND2XL   0.000   0.683    -0.534  
      IFU_module/instr_mem/g704                                  A v -> Y ^   NAND2XL   0.121   0.803    -0.414  
      datapath_module/reg_file_module/g6119                      -            NOR2BX1   0.000   0.803    -0.414  
      datapath_module/reg_file_module/g6119                      B ^ -> Y v   NOR2BX1   0.058   0.861    -0.356  
      datapath_module/reg_file_module/g6115                      -            NAND2XL   0.000   0.861    -0.356  
      datapath_module/reg_file_module/g6115                      B v -> Y ^   NAND2XL   0.105   0.966    -0.251  
      datapath_module/reg_file_module/g6095                      -            OR2X1     0.000   0.966    -0.251  
      datapath_module/reg_file_module/g6095                      B ^ -> Y ^   OR2X1     0.419   1.384    0.168  
      datapath_module/reg_file_module/reg_memory_reg[11][23]793  -            SDFFQX1   0.000   1.384    0.168  
      -----------------------------------------------------------------------------------------------------------
Path 46: MET Hold Check with Pin datapath_module/reg_file_module/reg_memory_reg[11][20]790/CK 
Endpoint:   datapath_module/reg_file_module/reg_memory_reg[11][20]790/SE (^) checked with  leading edge of 'clock'
Beginpoint: IFU_module/PC_reg[4]/Q                                       (^) triggered by  leading edge of 'clock'
Path Groups: {clock}
Retime Analysis { Data Path-Slew }
Other End Arrival Time          0.000
+ Hold                          0.168
+ Phase Shift                   0.000
= Required Time                 0.168
  Arrival Time                  1.384
  Slack Time                    1.217
= Slack Time(original)          1.213
     Clock Rise Edge                 0.000
     + Clock Network Latency (Ideal) 0.000
     = Beginpoint Arrival Time       0.000
      -----------------------------------------------------------------------------------------------------------
      Instance                                                   Arc          Cell      Retime  Arrival  Required  
                                                                                        Delay   Time     Time  
      -----------------------------------------------------------------------------------------------------------
      IFU_module/PC_reg[4]                                       CK ^         -         -       0.000    -1.217  
      IFU_module/PC_reg[4]                                       CK ^ -> Q ^  DFFRHQX4  0.613   0.613    -0.603  
      IFU_module/instr_mem/g726                                  -            CLKINVX3  0.000   0.613    -0.603  
      IFU_module/instr_mem/g726                                  A ^ -> Y v   CLKINVX3  0.069   0.683    -0.534  
      IFU_module/instr_mem/g704                                  -            NAND2XL   0.000   0.683    -0.534  
      IFU_module/instr_mem/g704                                  A v -> Y ^   NAND2XL   0.121   0.803    -0.414  
      datapath_module/reg_file_module/g6119                      -            NOR2BX1   0.000   0.803    -0.414  
      datapath_module/reg_file_module/g6119                      B ^ -> Y v   NOR2BX1   0.058   0.861    -0.356  
      datapath_module/reg_file_module/g6115                      -            NAND2XL   0.000   0.861    -0.356  
      datapath_module/reg_file_module/g6115                      B v -> Y ^   NAND2XL   0.105   0.966    -0.251  
      datapath_module/reg_file_module/g6095                      -            OR2X1     0.000   0.966    -0.251  
      datapath_module/reg_file_module/g6095                      B ^ -> Y ^   OR2X1     0.419   1.384    0.168  
      datapath_module/reg_file_module/reg_memory_reg[11][20]790  -            SDFFQX1   0.000   1.384    0.168  
      -----------------------------------------------------------------------------------------------------------
Path 47: MET Hold Check with Pin datapath_module/reg_file_module/reg_memory_reg[11][1]771/CK 
Endpoint:   datapath_module/reg_file_module/reg_memory_reg[11][1]771/SE (^) checked with  leading edge of 'clock'
Beginpoint: IFU_module/PC_reg[4]/Q                                      (^) triggered by  leading edge of 'clock'
Path Groups: {clock}
Retime Analysis { Data Path-Slew }
Other End Arrival Time          0.000
+ Hold                          0.168
+ Phase Shift                   0.000
= Required Time                 0.168
  Arrival Time                  1.384
  Slack Time                    1.217
= Slack Time(original)          1.213
     Clock Rise Edge                 0.000
     + Clock Network Latency (Ideal) 0.000
     = Beginpoint Arrival Time       0.000
      ----------------------------------------------------------------------------------------------------------
      Instance                                                  Arc          Cell      Retime  Arrival  Required  
                                                                                       Delay   Time     Time  
      ----------------------------------------------------------------------------------------------------------
      IFU_module/PC_reg[4]                                      CK ^         -         -       0.000    -1.217  
      IFU_module/PC_reg[4]                                      CK ^ -> Q ^  DFFRHQX4  0.613   0.613    -0.603  
      IFU_module/instr_mem/g726                                 -            CLKINVX3  0.000   0.613    -0.603  
      IFU_module/instr_mem/g726                                 A ^ -> Y v   CLKINVX3  0.069   0.683    -0.534  
      IFU_module/instr_mem/g704                                 -            NAND2XL   0.000   0.683    -0.534  
      IFU_module/instr_mem/g704                                 A v -> Y ^   NAND2XL   0.121   0.803    -0.414  
      datapath_module/reg_file_module/g6119                     -            NOR2BX1   0.000   0.803    -0.414  
      datapath_module/reg_file_module/g6119                     B ^ -> Y v   NOR2BX1   0.058   0.861    -0.356  
      datapath_module/reg_file_module/g6115                     -            NAND2XL   0.000   0.861    -0.356  
      datapath_module/reg_file_module/g6115                     B v -> Y ^   NAND2XL   0.105   0.966    -0.251  
      datapath_module/reg_file_module/g6095                     -            OR2X1     0.000   0.966    -0.251  
      datapath_module/reg_file_module/g6095                     B ^ -> Y ^   OR2X1     0.419   1.384    0.168  
      datapath_module/reg_file_module/reg_memory_reg[11][1]771  -            SDFFQX1   0.000   1.384    0.168  
      ----------------------------------------------------------------------------------------------------------
Path 48: MET Hold Check with Pin datapath_module/reg_file_module/reg_memory_reg[11][16]786/CK 
Endpoint:   datapath_module/reg_file_module/reg_memory_reg[11][16]786/SE (^) checked with  leading edge of 'clock'
Beginpoint: IFU_module/PC_reg[4]/Q                                       (^) triggered by  leading edge of 'clock'
Path Groups: {clock}
Retime Analysis { Data Path-Slew }
Other End Arrival Time          0.000
+ Hold                          0.168
+ Phase Shift                   0.000
= Required Time                 0.168
  Arrival Time                  1.384
  Slack Time                    1.217
= Slack Time(original)          1.213
     Clock Rise Edge                 0.000
     + Clock Network Latency (Ideal) 0.000
     = Beginpoint Arrival Time       0.000
      -----------------------------------------------------------------------------------------------------------
      Instance                                                   Arc          Cell      Retime  Arrival  Required  
                                                                                        Delay   Time     Time  
      -----------------------------------------------------------------------------------------------------------
      IFU_module/PC_reg[4]                                       CK ^         -         -       0.000    -1.217  
      IFU_module/PC_reg[4]                                       CK ^ -> Q ^  DFFRHQX4  0.613   0.613    -0.603  
      IFU_module/instr_mem/g726                                  -            CLKINVX3  0.000   0.613    -0.603  
      IFU_module/instr_mem/g726                                  A ^ -> Y v   CLKINVX3  0.069   0.683    -0.534  
      IFU_module/instr_mem/g704                                  -            NAND2XL   0.000   0.683    -0.534  
      IFU_module/instr_mem/g704                                  A v -> Y ^   NAND2XL   0.121   0.803    -0.414  
      datapath_module/reg_file_module/g6119                      -            NOR2BX1   0.000   0.803    -0.414  
      datapath_module/reg_file_module/g6119                      B ^ -> Y v   NOR2BX1   0.058   0.861    -0.356  
      datapath_module/reg_file_module/g6115                      -            NAND2XL   0.000   0.861    -0.356  
      datapath_module/reg_file_module/g6115                      B v -> Y ^   NAND2XL   0.105   0.966    -0.251  
      datapath_module/reg_file_module/g6095                      -            OR2X1     0.000   0.966    -0.251  
      datapath_module/reg_file_module/g6095                      B ^ -> Y ^   OR2X1     0.419   1.384    0.168  
      datapath_module/reg_file_module/reg_memory_reg[11][16]786  -            SDFFQX1   0.000   1.384    0.168  
      -----------------------------------------------------------------------------------------------------------
Path 49: MET Hold Check with Pin datapath_module/reg_file_module/reg_memory_reg[11][15]785/CK 
Endpoint:   datapath_module/reg_file_module/reg_memory_reg[11][15]785/SE (^) checked with  leading edge of 'clock'
Beginpoint: IFU_module/PC_reg[4]/Q                                       (^) triggered by  leading edge of 'clock'
Path Groups: {clock}
Retime Analysis { Data Path-Slew }
Other End Arrival Time          0.000
+ Hold                          0.168
+ Phase Shift                   0.000
= Required Time                 0.168
  Arrival Time                  1.384
  Slack Time                    1.217
= Slack Time(original)          1.213
     Clock Rise Edge                 0.000
     + Clock Network Latency (Ideal) 0.000
     = Beginpoint Arrival Time       0.000
      -----------------------------------------------------------------------------------------------------------
      Instance                                                   Arc          Cell      Retime  Arrival  Required  
                                                                                        Delay   Time     Time  
      -----------------------------------------------------------------------------------------------------------
      IFU_module/PC_reg[4]                                       CK ^         -         -       0.000    -1.217  
      IFU_module/PC_reg[4]                                       CK ^ -> Q ^  DFFRHQX4  0.613   0.613    -0.603  
      IFU_module/instr_mem/g726                                  -            CLKINVX3  0.000   0.613    -0.603  
      IFU_module/instr_mem/g726                                  A ^ -> Y v   CLKINVX3  0.069   0.683    -0.534  
      IFU_module/instr_mem/g704                                  -            NAND2XL   0.000   0.683    -0.534  
      IFU_module/instr_mem/g704                                  A v -> Y ^   NAND2XL   0.121   0.803    -0.414  
      datapath_module/reg_file_module/g6119                      -            NOR2BX1   0.000   0.803    -0.414  
      datapath_module/reg_file_module/g6119                      B ^ -> Y v   NOR2BX1   0.058   0.861    -0.356  
      datapath_module/reg_file_module/g6115                      -            NAND2XL   0.000   0.861    -0.356  
      datapath_module/reg_file_module/g6115                      B v -> Y ^   NAND2XL   0.105   0.966    -0.251  
      datapath_module/reg_file_module/g6095                      -            OR2X1     0.000   0.966    -0.251  
      datapath_module/reg_file_module/g6095                      B ^ -> Y ^   OR2X1     0.419   1.384    0.168  
      datapath_module/reg_file_module/reg_memory_reg[11][15]785  -            SDFFQX1   0.000   1.384    0.168  
      -----------------------------------------------------------------------------------------------------------
Path 50: MET Hold Check with Pin datapath_module/reg_file_module/reg_memory_reg[11][14]784/CK 
Endpoint:   datapath_module/reg_file_module/reg_memory_reg[11][14]784/SE (^) checked with  leading edge of 'clock'
Beginpoint: IFU_module/PC_reg[4]/Q                                       (^) triggered by  leading edge of 'clock'
Path Groups: {clock}
Retime Analysis { Data Path-Slew }
Other End Arrival Time          0.000
+ Hold                          0.168
+ Phase Shift                   0.000
= Required Time                 0.168
  Arrival Time                  1.384
  Slack Time                    1.217
= Slack Time(original)          1.213
     Clock Rise Edge                 0.000
     + Clock Network Latency (Ideal) 0.000
     = Beginpoint Arrival Time       0.000
      -----------------------------------------------------------------------------------------------------------
      Instance                                                   Arc          Cell      Retime  Arrival  Required  
                                                                                        Delay   Time     Time  
      -----------------------------------------------------------------------------------------------------------
      IFU_module/PC_reg[4]                                       CK ^         -         -       0.000    -1.217  
      IFU_module/PC_reg[4]                                       CK ^ -> Q ^  DFFRHQX4  0.613   0.613    -0.603  
      IFU_module/instr_mem/g726                                  -            CLKINVX3  0.000   0.613    -0.603  
      IFU_module/instr_mem/g726                                  A ^ -> Y v   CLKINVX3  0.069   0.683    -0.534  
      IFU_module/instr_mem/g704                                  -            NAND2XL   0.000   0.683    -0.534  
      IFU_module/instr_mem/g704                                  A v -> Y ^   NAND2XL   0.121   0.803    -0.414  
      datapath_module/reg_file_module/g6119                      -            NOR2BX1   0.000   0.803    -0.414  
      datapath_module/reg_file_module/g6119                      B ^ -> Y v   NOR2BX1   0.058   0.861    -0.356  
      datapath_module/reg_file_module/g6115                      -            NAND2XL   0.000   0.861    -0.356  
      datapath_module/reg_file_module/g6115                      B v -> Y ^   NAND2XL   0.105   0.966    -0.251  
      datapath_module/reg_file_module/g6095                      -            OR2X1     0.000   0.966    -0.251  
      datapath_module/reg_file_module/g6095                      B ^ -> Y ^   OR2X1     0.419   1.384    0.168  
      datapath_module/reg_file_module/reg_memory_reg[11][14]784  -            SDFFQX1   0.000   1.384    0.168  
      -----------------------------------------------------------------------------------------------------------

