###############################################################
#  Generated by:      Cadence Tempus 20.10-p003_1
#  OS:                Linux x86_64(Host ID edatools-server1.iiitd.edu.in)
#  Generated on:      Sat Apr 12 19:18:46 2025
#  Design:            PROCESSOR
#  Command:           report_constraints -all_violators > sta_after_synthesis_bc/reports/allviolations_best_time_sta.rpt
###############################################################
# format : frame 0 : split 1

max_delay/setup
---------------------------
      ------------------------------------------------------------------------------------------------  
       End Point                                  Slack      Cause                                      
      ------------------------------------------------------------------------------------------------  
      datapath_module/reg_file_module/reg_memory_reg[9][30]672/D r
                                                 -0.167     VIOLATED
      datapath_module/reg_file_module/reg_memory_reg[8][30]608/D r
                                                 -0.167     VIOLATED
      datapath_module/reg_file_module/reg_memory_reg[7][30]544/D r
                                                 -0.167     VIOLATED
      datapath_module/reg_file_module/reg_memory_reg[6][30]480/D r
                                                 -0.167     VIOLATED
      datapath_module/reg_file_module/reg_memory_reg[5][30]416/D r
                                                 -0.167     VIOLATED
      datapath_module/reg_file_module/reg_memory_reg[4][30]352/D r
                                                 -0.167     VIOLATED
      datapath_module/reg_file_module/reg_memory_reg[3][30]288/D r
                                                 -0.167     VIOLATED
      datapath_module/reg_file_module/reg_memory_reg[31][30]2080/D r
                                                 -0.167     VIOLATED
      datapath_module/reg_file_module/reg_memory_reg[30][30]2016/D r
                                                 -0.167     VIOLATED
      datapath_module/reg_file_module/reg_memory_reg[2][30]224/D r
                                                 -0.167     VIOLATED
      datapath_module/reg_file_module/reg_memory_reg[29][30]1952/D r
                                                 -0.167     VIOLATED
      datapath_module/reg_file_module/reg_memory_reg[28][30]1888/D r
                                                 -0.167     VIOLATED
      datapath_module/reg_file_module/reg_memory_reg[27][30]1824/D r
                                                 -0.167     VIOLATED
      datapath_module/reg_file_module/reg_memory_reg[26][30]1760/D r
                                                 -0.167     VIOLATED
      datapath_module/reg_file_module/reg_memory_reg[25][30]1696/D r
                                                 -0.167     VIOLATED
      datapath_module/reg_file_module/reg_memory_reg[24][30]1632/D r
                                                 -0.167     VIOLATED
      datapath_module/reg_file_module/reg_memory_reg[23][30]1568/D r
                                                 -0.167     VIOLATED
      datapath_module/reg_file_module/reg_memory_reg[22][30]1504/D r
                                                 -0.167     VIOLATED
      datapath_module/reg_file_module/reg_memory_reg[21][30]1440/D r
                                                 -0.167     VIOLATED
      datapath_module/reg_file_module/reg_memory_reg[20][30]1376/D r
                                                 -0.167     VIOLATED
      datapath_module/reg_file_module/reg_memory_reg[1][30]160/D r
                                                 -0.167     VIOLATED
      datapath_module/reg_file_module/reg_memory_reg[19][30]1312/D r
                                                 -0.167     VIOLATED
      datapath_module/reg_file_module/reg_memory_reg[18][30]1248/D r
                                                 -0.167     VIOLATED
      datapath_module/reg_file_module/reg_memory_reg[17][30]1184/D r
                                                 -0.167     VIOLATED
      datapath_module/reg_file_module/reg_memory_reg[16][30]1120/D r
                                                 -0.167     VIOLATED
      datapath_module/reg_file_module/reg_memory_reg[15][30]1056/D r
                                                 -0.167     VIOLATED
      datapath_module/reg_file_module/reg_memory_reg[14][30]992/D r
                                                 -0.167     VIOLATED
      datapath_module/reg_file_module/reg_memory_reg[13][30]928/D r
                                                 -0.167     VIOLATED
      datapath_module/reg_file_module/reg_memory_reg[12][30]864/D r
                                                 -0.167     VIOLATED
      datapath_module/reg_file_module/reg_memory_reg[11][30]800/D r
                                                 -0.167     VIOLATED
      datapath_module/reg_file_module/reg_memory_reg[10][30]736/D r
                                                 -0.167     VIOLATED
      datapath_module/reg_file_module/reg_memory_reg[0][30]128/D r
                                                 -0.167     VIOLATED
      datapath_module/reg_file_module/reg_memory_reg[9][31]673/D r
                                                 -0.121     VIOLATED
      datapath_module/reg_file_module/reg_memory_reg[8][31]609/D r
                                                 -0.121     VIOLATED
      datapath_module/reg_file_module/reg_memory_reg[7][31]545/D r
                                                 -0.121     VIOLATED
      datapath_module/reg_file_module/reg_memory_reg[6][31]481/D r
                                                 -0.121     VIOLATED
      datapath_module/reg_file_module/reg_memory_reg[5][31]417/D r
                                                 -0.121     VIOLATED
      datapath_module/reg_file_module/reg_memory_reg[4][31]353/D r
                                                 -0.121     VIOLATED
      datapath_module/reg_file_module/reg_memory_reg[3][31]289/D r
                                                 -0.121     VIOLATED
      datapath_module/reg_file_module/reg_memory_reg[31][31]2081/D r
                                                 -0.121     VIOLATED
      datapath_module/reg_file_module/reg_memory_reg[30][31]2017/D r
                                                 -0.121     VIOLATED
      datapath_module/reg_file_module/reg_memory_reg[2][31]225/D r
                                                 -0.121     VIOLATED
      datapath_module/reg_file_module/reg_memory_reg[29][31]1953/D r
                                                 -0.121     VIOLATED
      datapath_module/reg_file_module/reg_memory_reg[28][31]1889/D r
                                                 -0.121     VIOLATED
      datapath_module/reg_file_module/reg_memory_reg[27][31]1825/D r
                                                 -0.121     VIOLATED
      datapath_module/reg_file_module/reg_memory_reg[26][31]1761/D r
                                                 -0.121     VIOLATED
      datapath_module/reg_file_module/reg_memory_reg[25][31]1697/D r
                                                 -0.121     VIOLATED
      datapath_module/reg_file_module/reg_memory_reg[24][31]1633/D r
                                                 -0.121     VIOLATED
      datapath_module/reg_file_module/reg_memory_reg[23][31]1569/D r
                                                 -0.121     VIOLATED
      datapath_module/reg_file_module/reg_memory_reg[22][31]1505/D r
                                                 -0.121     VIOLATED
      datapath_module/reg_file_module/reg_memory_reg[21][31]1441/D r
                                                 -0.121     VIOLATED
      datapath_module/reg_file_module/reg_memory_reg[20][31]1377/D r
                                                 -0.121     VIOLATED
      datapath_module/reg_file_module/reg_memory_reg[1][31]161/D r
                                                 -0.121     VIOLATED
      datapath_module/reg_file_module/reg_memory_reg[19][31]1313/D r
                                                 -0.121     VIOLATED
      datapath_module/reg_file_module/reg_memory_reg[18][31]1249/D r
                                                 -0.121     VIOLATED
      datapath_module/reg_file_module/reg_memory_reg[17][31]1185/D r
                                                 -0.121     VIOLATED
      datapath_module/reg_file_module/reg_memory_reg[16][31]1121/D r
                                                 -0.121     VIOLATED
      datapath_module/reg_file_module/reg_memory_reg[15][31]1057/D r
                                                 -0.121     VIOLATED
      datapath_module/reg_file_module/reg_memory_reg[14][31]993/D r
                                                 -0.121     VIOLATED
      datapath_module/reg_file_module/reg_memory_reg[13][31]929/D r
                                                 -0.121     VIOLATED
      datapath_module/reg_file_module/reg_memory_reg[12][31]865/D r
                                                 -0.121     VIOLATED
      datapath_module/reg_file_module/reg_memory_reg[11][31]801/D r
                                                 -0.121     VIOLATED
      datapath_module/reg_file_module/reg_memory_reg[10][31]737/D r
                                                 -0.121     VIOLATED
      datapath_module/reg_file_module/reg_memory_reg[0][31]129/D r
                                                 -0.121     VIOLATED
      datapath_module/reg_file_module/reg_memory_reg[9][29]671/D r
                                                 -0.011     VIOLATED
      datapath_module/reg_file_module/reg_memory_reg[8][29]607/D r
                                                 -0.011     VIOLATED
      datapath_module/reg_file_module/reg_memory_reg[7][29]543/D r
                                                 -0.011     VIOLATED
      datapath_module/reg_file_module/reg_memory_reg[6][29]479/D r
                                                 -0.011     VIOLATED
      datapath_module/reg_file_module/reg_memory_reg[5][29]415/D r
                                                 -0.011     VIOLATED
      datapath_module/reg_file_module/reg_memory_reg[4][29]351/D r
                                                 -0.011     VIOLATED
      datapath_module/reg_file_module/reg_memory_reg[3][29]287/D r
                                                 -0.011     VIOLATED
      datapath_module/reg_file_module/reg_memory_reg[31][29]2079/D r
                                                 -0.011     VIOLATED
      datapath_module/reg_file_module/reg_memory_reg[30][29]2015/D r
                                                 -0.011     VIOLATED
      datapath_module/reg_file_module/reg_memory_reg[2][29]223/D r
                                                 -0.011     VIOLATED
      datapath_module/reg_file_module/reg_memory_reg[29][29]1951/D r
                                                 -0.011     VIOLATED
      datapath_module/reg_file_module/reg_memory_reg[28][29]1887/D r
                                                 -0.011     VIOLATED
      datapath_module/reg_file_module/reg_memory_reg[27][29]1823/D r
                                                 -0.011     VIOLATED
      datapath_module/reg_file_module/reg_memory_reg[26][29]1759/D r
                                                 -0.011     VIOLATED
      datapath_module/reg_file_module/reg_memory_reg[25][29]1695/D r
                                                 -0.011     VIOLATED
      datapath_module/reg_file_module/reg_memory_reg[24][29]1631/D r
                                                 -0.011     VIOLATED
      datapath_module/reg_file_module/reg_memory_reg[23][29]1567/D r
                                                 -0.011     VIOLATED
      datapath_module/reg_file_module/reg_memory_reg[22][29]1503/D r
                                                 -0.011     VIOLATED
      datapath_module/reg_file_module/reg_memory_reg[21][29]1439/D r
                                                 -0.011     VIOLATED
      datapath_module/reg_file_module/reg_memory_reg[20][29]1375/D r
                                                 -0.011     VIOLATED
      datapath_module/reg_file_module/reg_memory_reg[1][29]159/D r
                                                 -0.011     VIOLATED
      datapath_module/reg_file_module/reg_memory_reg[19][29]1311/D r
                                                 -0.011     VIOLATED
      datapath_module/reg_file_module/reg_memory_reg[18][29]1247/D r
                                                 -0.011     VIOLATED
      datapath_module/reg_file_module/reg_memory_reg[17][29]1183/D r
                                                 -0.011     VIOLATED
      datapath_module/reg_file_module/reg_memory_reg[16][29]1119/D r
                                                 -0.011     VIOLATED
      datapath_module/reg_file_module/reg_memory_reg[15][29]1055/D r
                                                 -0.011     VIOLATED
      datapath_module/reg_file_module/reg_memory_reg[14][29]991/D r
                                                 -0.011     VIOLATED
      datapath_module/reg_file_module/reg_memory_reg[13][29]927/D r
                                                 -0.011     VIOLATED
      datapath_module/reg_file_module/reg_memory_reg[12][29]863/D r
                                                 -0.011     VIOLATED
      datapath_module/reg_file_module/reg_memory_reg[11][29]799/D r
                                                 -0.011     VIOLATED
      datapath_module/reg_file_module/reg_memory_reg[10][29]735/D r
                                                 -0.011     VIOLATED
      datapath_module/reg_file_module/reg_memory_reg[0][29]127/D r
                                                 -0.011     VIOLATED
      ------------------------------------------------------------------------------------------------

min_delay/hold
---------------------------
      ------------------------------------------------------------------------------------------------  
       End Point                                  Slack      Cause                                      
      ------------------------------------------------------------------------------------------------  
      IFU_module/PC_reg[2]/TE f                  -0.593     VIOLATED
      IFU_module/PC_reg[3]/TE f                  -0.593     VIOLATED
      IFU_module/PC_reg[4]/TE f                  -0.593     VIOLATED
      datapath_module/reg_file_module/reg_memory_reg[18][7]1225/TI f
                                                 -0.439     VIOLATED
      IFU_module/PC_reg[2]/RN r                  -0.432     VIOLATED
      IFU_module/PC_reg[3]/RN r                  -0.432     VIOLATED
      IFU_module/PC_reg[4]/RN r                  -0.432     VIOLATED
      IFU_module/PC_reg[2]/TI f                  -0.407     VIOLATED
      datapath_module/reg_file_module/reg_memory_reg[9][9]651/TE f
                                                 -0.362     VIOLATED
      datapath_module/reg_file_module/reg_memory_reg[9][8]650/TE f
                                                 -0.362     VIOLATED
      datapath_module/reg_file_module/reg_memory_reg[9][7]649/TE f
                                                 -0.362     VIOLATED
      datapath_module/reg_file_module/reg_memory_reg[9][6]648/TE f
                                                 -0.362     VIOLATED
      datapath_module/reg_file_module/reg_memory_reg[9][5]647/TE f
                                                 -0.362     VIOLATED
      datapath_module/reg_file_module/reg_memory_reg[9][4]646/TE f
                                                 -0.362     VIOLATED
      datapath_module/reg_file_module/reg_memory_reg[9][3]645/TE f
                                                 -0.362     VIOLATED
      datapath_module/reg_file_module/reg_memory_reg[9][31]673/TE f
                                                 -0.362     VIOLATED
      datapath_module/reg_file_module/reg_memory_reg[9][30]672/TE f
                                                 -0.362     VIOLATED
      datapath_module/reg_file_module/reg_memory_reg[9][2]644/TE f
                                                 -0.362     VIOLATED
      datapath_module/reg_file_module/reg_memory_reg[9][29]671/TE f
                                                 -0.362     VIOLATED
      datapath_module/reg_file_module/reg_memory_reg[9][28]670/TE f
                                                 -0.362     VIOLATED
      datapath_module/reg_file_module/reg_memory_reg[9][27]669/TE f
                                                 -0.362     VIOLATED
      datapath_module/reg_file_module/reg_memory_reg[9][26]668/TE f
                                                 -0.362     VIOLATED
      datapath_module/reg_file_module/reg_memory_reg[9][25]667/TE f
                                                 -0.362     VIOLATED
      datapath_module/reg_file_module/reg_memory_reg[9][24]666/TE f
                                                 -0.362     VIOLATED
      datapath_module/reg_file_module/reg_memory_reg[9][23]665/TE f
                                                 -0.362     VIOLATED
      datapath_module/reg_file_module/reg_memory_reg[9][22]664/TE f
                                                 -0.362     VIOLATED
      datapath_module/reg_file_module/reg_memory_reg[9][21]663/TE f
                                                 -0.362     VIOLATED
      datapath_module/reg_file_module/reg_memory_reg[9][20]662/TE f
                                                 -0.362     VIOLATED
      datapath_module/reg_file_module/reg_memory_reg[9][1]643/TE f
                                                 -0.362     VIOLATED
      datapath_module/reg_file_module/reg_memory_reg[9][19]661/TE f
                                                 -0.362     VIOLATED
      datapath_module/reg_file_module/reg_memory_reg[9][18]660/TE f
                                                 -0.362     VIOLATED
      datapath_module/reg_file_module/reg_memory_reg[9][17]659/TE f
                                                 -0.362     VIOLATED
      datapath_module/reg_file_module/reg_memory_reg[9][16]658/TE f
                                                 -0.362     VIOLATED
      datapath_module/reg_file_module/reg_memory_reg[9][15]657/TE f
                                                 -0.362     VIOLATED
      datapath_module/reg_file_module/reg_memory_reg[9][14]656/TE f
                                                 -0.362     VIOLATED
      datapath_module/reg_file_module/reg_memory_reg[9][13]655/TE f
                                                 -0.362     VIOLATED
      datapath_module/reg_file_module/reg_memory_reg[9][12]654/TE f
                                                 -0.362     VIOLATED
      datapath_module/reg_file_module/reg_memory_reg[9][11]653/TE f
                                                 -0.362     VIOLATED
      datapath_module/reg_file_module/reg_memory_reg[9][10]652/TE f
                                                 -0.362     VIOLATED
      datapath_module/reg_file_module/reg_memory_reg[9][0]642/TE f
                                                 -0.362     VIOLATED
      datapath_module/reg_file_module/reg_memory_reg[8][9]587/TE f
                                                 -0.362     VIOLATED
      datapath_module/reg_file_module/reg_memory_reg[8][8]586/TE f
                                                 -0.362     VIOLATED
      datapath_module/reg_file_module/reg_memory_reg[8][7]585/TE f
                                                 -0.362     VIOLATED
      datapath_module/reg_file_module/reg_memory_reg[8][6]584/TE f
                                                 -0.362     VIOLATED
      datapath_module/reg_file_module/reg_memory_reg[8][5]583/TE f
                                                 -0.362     VIOLATED
      datapath_module/reg_file_module/reg_memory_reg[8][4]582/TE f
                                                 -0.362     VIOLATED
      datapath_module/reg_file_module/reg_memory_reg[8][3]581/TE f
                                                 -0.362     VIOLATED
      datapath_module/reg_file_module/reg_memory_reg[8][31]609/TE f
                                                 -0.362     VIOLATED
      datapath_module/reg_file_module/reg_memory_reg[8][30]608/TE f
                                                 -0.362     VIOLATED
      datapath_module/reg_file_module/reg_memory_reg[8][2]580/TE f
                                                 -0.362     VIOLATED
      datapath_module/reg_file_module/reg_memory_reg[8][29]607/TE f
                                                 -0.362     VIOLATED
      datapath_module/reg_file_module/reg_memory_reg[8][28]606/TE f
                                                 -0.362     VIOLATED
      datapath_module/reg_file_module/reg_memory_reg[8][27]605/TE f
                                                 -0.362     VIOLATED
      datapath_module/reg_file_module/reg_memory_reg[8][26]604/TE f
                                                 -0.362     VIOLATED
      datapath_module/reg_file_module/reg_memory_reg[8][25]603/TE f
                                                 -0.362     VIOLATED
      datapath_module/reg_file_module/reg_memory_reg[8][24]602/TE f
                                                 -0.362     VIOLATED
      datapath_module/reg_file_module/reg_memory_reg[8][23]601/TE f
                                                 -0.362     VIOLATED
      datapath_module/reg_file_module/reg_memory_reg[8][22]600/TE f
                                                 -0.362     VIOLATED
      datapath_module/reg_file_module/reg_memory_reg[8][21]599/TE f
                                                 -0.362     VIOLATED
      datapath_module/reg_file_module/reg_memory_reg[8][20]598/TE f
                                                 -0.362     VIOLATED
      datapath_module/reg_file_module/reg_memory_reg[8][1]579/TE f
                                                 -0.362     VIOLATED
      datapath_module/reg_file_module/reg_memory_reg[8][19]597/TE f
                                                 -0.362     VIOLATED
      datapath_module/reg_file_module/reg_memory_reg[8][18]596/TE f
                                                 -0.362     VIOLATED
      datapath_module/reg_file_module/reg_memory_reg[8][17]595/TE f
                                                 -0.362     VIOLATED
      datapath_module/reg_file_module/reg_memory_reg[8][16]594/TE f
                                                 -0.362     VIOLATED
      datapath_module/reg_file_module/reg_memory_reg[8][15]593/TE f
                                                 -0.362     VIOLATED
      datapath_module/reg_file_module/reg_memory_reg[8][14]592/TE f
                                                 -0.362     VIOLATED
      datapath_module/reg_file_module/reg_memory_reg[8][13]591/TE f
                                                 -0.362     VIOLATED
      datapath_module/reg_file_module/reg_memory_reg[8][12]590/TE f
                                                 -0.362     VIOLATED
      datapath_module/reg_file_module/reg_memory_reg[8][11]589/TE f
                                                 -0.362     VIOLATED
      datapath_module/reg_file_module/reg_memory_reg[8][10]588/TE f
                                                 -0.362     VIOLATED
      datapath_module/reg_file_module/reg_memory_reg[8][0]578/TE f
                                                 -0.362     VIOLATED
      datapath_module/reg_file_module/reg_memory_reg[7][9]523/TE f
                                                 -0.362     VIOLATED
      datapath_module/reg_file_module/reg_memory_reg[7][8]522/TE f
                                                 -0.362     VIOLATED
      datapath_module/reg_file_module/reg_memory_reg[7][7]521/TE f
                                                 -0.362     VIOLATED
      datapath_module/reg_file_module/reg_memory_reg[7][6]520/TE f
                                                 -0.362     VIOLATED
      datapath_module/reg_file_module/reg_memory_reg[7][5]519/TE f
                                                 -0.362     VIOLATED
      datapath_module/reg_file_module/reg_memory_reg[7][4]518/TE f
                                                 -0.362     VIOLATED
      datapath_module/reg_file_module/reg_memory_reg[7][3]517/TE f
                                                 -0.362     VIOLATED
      datapath_module/reg_file_module/reg_memory_reg[7][31]545/TE f
                                                 -0.362     VIOLATED
      datapath_module/reg_file_module/reg_memory_reg[7][30]544/TE f
                                                 -0.362     VIOLATED
      datapath_module/reg_file_module/reg_memory_reg[7][2]516/TE f
                                                 -0.362     VIOLATED
      datapath_module/reg_file_module/reg_memory_reg[7][29]543/TE f
                                                 -0.362     VIOLATED
      datapath_module/reg_file_module/reg_memory_reg[7][28]542/TE f
                                                 -0.362     VIOLATED
      datapath_module/reg_file_module/reg_memory_reg[7][27]541/TE f
                                                 -0.362     VIOLATED
      datapath_module/reg_file_module/reg_memory_reg[7][26]540/TE f
                                                 -0.362     VIOLATED
      datapath_module/reg_file_module/reg_memory_reg[7][25]539/TE f
                                                 -0.362     VIOLATED
      datapath_module/reg_file_module/reg_memory_reg[7][24]538/TE f
                                                 -0.362     VIOLATED
      datapath_module/reg_file_module/reg_memory_reg[7][23]537/TE f
                                                 -0.362     VIOLATED
      datapath_module/reg_file_module/reg_memory_reg[7][22]536/TE f
                                                 -0.362     VIOLATED
      datapath_module/reg_file_module/reg_memory_reg[7][21]535/TE f
                                                 -0.362     VIOLATED
      datapath_module/reg_file_module/reg_memory_reg[7][20]534/TE f
                                                 -0.362     VIOLATED
      datapath_module/reg_file_module/reg_memory_reg[7][1]515/TE f
                                                 -0.362     VIOLATED
      datapath_module/reg_file_module/reg_memory_reg[7][19]533/TE f
                                                 -0.362     VIOLATED
      datapath_module/reg_file_module/reg_memory_reg[7][18]532/TE f
                                                 -0.362     VIOLATED
      datapath_module/reg_file_module/reg_memory_reg[7][17]531/TE f
                                                 -0.362     VIOLATED
      datapath_module/reg_file_module/reg_memory_reg[7][16]530/TE f
                                                 -0.362     VIOLATED
      datapath_module/reg_file_module/reg_memory_reg[7][15]529/TE f
                                                 -0.362     VIOLATED
      datapath_module/reg_file_module/reg_memory_reg[7][14]528/TE f
                                                 -0.362     VIOLATED
      datapath_module/reg_file_module/reg_memory_reg[7][13]527/TE f
                                                 -0.362     VIOLATED
      datapath_module/reg_file_module/reg_memory_reg[7][12]526/TE f
                                                 -0.362     VIOLATED
      datapath_module/reg_file_module/reg_memory_reg[7][11]525/TE f
                                                 -0.362     VIOLATED
      datapath_module/reg_file_module/reg_memory_reg[7][10]524/TE f
                                                 -0.362     VIOLATED
      datapath_module/reg_file_module/reg_memory_reg[7][0]514/TE f
                                                 -0.362     VIOLATED
      datapath_module/reg_file_module/reg_memory_reg[6][9]459/TE f
                                                 -0.362     VIOLATED
      datapath_module/reg_file_module/reg_memory_reg[6][8]458/TE f
                                                 -0.362     VIOLATED
      datapath_module/reg_file_module/reg_memory_reg[6][7]457/TE f
                                                 -0.362     VIOLATED
      datapath_module/reg_file_module/reg_memory_reg[6][6]456/TE f
                                                 -0.362     VIOLATED
      datapath_module/reg_file_module/reg_memory_reg[6][5]455/TE f
                                                 -0.362     VIOLATED
      datapath_module/reg_file_module/reg_memory_reg[6][4]454/TE f
                                                 -0.362     VIOLATED
      datapath_module/reg_file_module/reg_memory_reg[6][3]453/TE f
                                                 -0.362     VIOLATED
      datapath_module/reg_file_module/reg_memory_reg[6][31]481/TE f
                                                 -0.362     VIOLATED
      datapath_module/reg_file_module/reg_memory_reg[6][30]480/TE f
                                                 -0.362     VIOLATED
      datapath_module/reg_file_module/reg_memory_reg[6][2]452/TE f
                                                 -0.362     VIOLATED
      datapath_module/reg_file_module/reg_memory_reg[6][29]479/TE f
                                                 -0.362     VIOLATED
      datapath_module/reg_file_module/reg_memory_reg[6][28]478/TE f
                                                 -0.362     VIOLATED
      datapath_module/reg_file_module/reg_memory_reg[6][27]477/TE f
                                                 -0.362     VIOLATED
      datapath_module/reg_file_module/reg_memory_reg[6][26]476/TE f
                                                 -0.362     VIOLATED
      datapath_module/reg_file_module/reg_memory_reg[6][25]475/TE f
                                                 -0.362     VIOLATED
      datapath_module/reg_file_module/reg_memory_reg[6][24]474/TE f
                                                 -0.362     VIOLATED
      datapath_module/reg_file_module/reg_memory_reg[6][23]473/TE f
                                                 -0.362     VIOLATED
      datapath_module/reg_file_module/reg_memory_reg[6][22]472/TE f
                                                 -0.362     VIOLATED
      datapath_module/reg_file_module/reg_memory_reg[6][21]471/TE f
                                                 -0.362     VIOLATED
      datapath_module/reg_file_module/reg_memory_reg[6][20]470/TE f
                                                 -0.362     VIOLATED
      datapath_module/reg_file_module/reg_memory_reg[6][1]451/TE f
                                                 -0.362     VIOLATED
      datapath_module/reg_file_module/reg_memory_reg[6][19]469/TE f
                                                 -0.362     VIOLATED
      datapath_module/reg_file_module/reg_memory_reg[6][18]468/TE f
                                                 -0.362     VIOLATED
      datapath_module/reg_file_module/reg_memory_reg[6][17]467/TE f
                                                 -0.362     VIOLATED
      datapath_module/reg_file_module/reg_memory_reg[6][16]466/TE f
                                                 -0.362     VIOLATED
      datapath_module/reg_file_module/reg_memory_reg[6][15]465/TE f
                                                 -0.362     VIOLATED
      datapath_module/reg_file_module/reg_memory_reg[6][14]464/TE f
                                                 -0.362     VIOLATED
      datapath_module/reg_file_module/reg_memory_reg[6][13]463/TE f
                                                 -0.362     VIOLATED
      datapath_module/reg_file_module/reg_memory_reg[6][12]462/TE f
                                                 -0.362     VIOLATED
      datapath_module/reg_file_module/reg_memory_reg[6][11]461/TE f
                                                 -0.362     VIOLATED
      datapath_module/reg_file_module/reg_memory_reg[6][10]460/TE f
                                                 -0.362     VIOLATED
      datapath_module/reg_file_module/reg_memory_reg[6][0]450/TE f
                                                 -0.362     VIOLATED
      datapath_module/reg_file_module/reg_memory_reg[5][9]395/TE f
                                                 -0.362     VIOLATED
      datapath_module/reg_file_module/reg_memory_reg[5][8]394/TE f
                                                 -0.362     VIOLATED
      datapath_module/reg_file_module/reg_memory_reg[5][7]393/TE f
                                                 -0.362     VIOLATED
      datapath_module/reg_file_module/reg_memory_reg[5][6]392/TE f
                                                 -0.362     VIOLATED
      datapath_module/reg_file_module/reg_memory_reg[5][5]391/TE f
                                                 -0.362     VIOLATED
      datapath_module/reg_file_module/reg_memory_reg[5][4]390/TE f
                                                 -0.362     VIOLATED
      datapath_module/reg_file_module/reg_memory_reg[5][3]389/TE f
                                                 -0.362     VIOLATED
      datapath_module/reg_file_module/reg_memory_reg[5][31]417/TE f
                                                 -0.362     VIOLATED
      datapath_module/reg_file_module/reg_memory_reg[5][30]416/TE f
                                                 -0.362     VIOLATED
      datapath_module/reg_file_module/reg_memory_reg[5][2]388/TE f
                                                 -0.362     VIOLATED
      datapath_module/reg_file_module/reg_memory_reg[5][29]415/TE f
                                                 -0.362     VIOLATED
      datapath_module/reg_file_module/reg_memory_reg[5][28]414/TE f
                                                 -0.362     VIOLATED
      datapath_module/reg_file_module/reg_memory_reg[5][27]413/TE f
                                                 -0.362     VIOLATED
      datapath_module/reg_file_module/reg_memory_reg[5][26]412/TE f
                                                 -0.362     VIOLATED
      datapath_module/reg_file_module/reg_memory_reg[5][25]411/TE f
                                                 -0.362     VIOLATED
      datapath_module/reg_file_module/reg_memory_reg[5][24]410/TE f
                                                 -0.362     VIOLATED
      datapath_module/reg_file_module/reg_memory_reg[5][23]409/TE f
                                                 -0.362     VIOLATED
      datapath_module/reg_file_module/reg_memory_reg[5][22]408/TE f
                                                 -0.362     VIOLATED
      datapath_module/reg_file_module/reg_memory_reg[5][21]407/TE f
                                                 -0.362     VIOLATED
      datapath_module/reg_file_module/reg_memory_reg[5][20]406/TE f
                                                 -0.362     VIOLATED
      datapath_module/reg_file_module/reg_memory_reg[5][1]387/TE f
                                                 -0.362     VIOLATED
      datapath_module/reg_file_module/reg_memory_reg[5][19]405/TE f
                                                 -0.362     VIOLATED
      datapath_module/reg_file_module/reg_memory_reg[5][18]404/TE f
                                                 -0.362     VIOLATED
      datapath_module/reg_file_module/reg_memory_reg[5][17]403/TE f
                                                 -0.362     VIOLATED
      datapath_module/reg_file_module/reg_memory_reg[5][16]402/TE f
                                                 -0.362     VIOLATED
      datapath_module/reg_file_module/reg_memory_reg[5][15]401/TE f
                                                 -0.362     VIOLATED
      datapath_module/reg_file_module/reg_memory_reg[5][14]400/TE f
                                                 -0.362     VIOLATED
      datapath_module/reg_file_module/reg_memory_reg[5][13]399/TE f
                                                 -0.362     VIOLATED
      datapath_module/reg_file_module/reg_memory_reg[5][12]398/TE f
                                                 -0.362     VIOLATED
      datapath_module/reg_file_module/reg_memory_reg[5][11]397/TE f
                                                 -0.362     VIOLATED
      datapath_module/reg_file_module/reg_memory_reg[5][10]396/TE f
                                                 -0.362     VIOLATED
      datapath_module/reg_file_module/reg_memory_reg[5][0]386/TE f
                                                 -0.362     VIOLATED
      datapath_module/reg_file_module/reg_memory_reg[4][9]331/TE f
                                                 -0.362     VIOLATED
      datapath_module/reg_file_module/reg_memory_reg[4][8]330/TE f
                                                 -0.362     VIOLATED
      datapath_module/reg_file_module/reg_memory_reg[4][7]329/TE f
                                                 -0.362     VIOLATED
      datapath_module/reg_file_module/reg_memory_reg[4][6]328/TE f
                                                 -0.362     VIOLATED
      datapath_module/reg_file_module/reg_memory_reg[4][5]327/TE f
                                                 -0.362     VIOLATED
      datapath_module/reg_file_module/reg_memory_reg[4][4]326/TE f
                                                 -0.362     VIOLATED
      datapath_module/reg_file_module/reg_memory_reg[4][3]325/TE f
                                                 -0.362     VIOLATED
      datapath_module/reg_file_module/reg_memory_reg[4][31]353/TE f
                                                 -0.362     VIOLATED
      datapath_module/reg_file_module/reg_memory_reg[4][30]352/TE f
                                                 -0.362     VIOLATED
      datapath_module/reg_file_module/reg_memory_reg[4][2]324/TE f
                                                 -0.362     VIOLATED
      datapath_module/reg_file_module/reg_memory_reg[4][29]351/TE f
                                                 -0.362     VIOLATED
      datapath_module/reg_file_module/reg_memory_reg[4][28]350/TE f
                                                 -0.362     VIOLATED
      datapath_module/reg_file_module/reg_memory_reg[4][27]349/TE f
                                                 -0.362     VIOLATED
      datapath_module/reg_file_module/reg_memory_reg[4][26]348/TE f
                                                 -0.362     VIOLATED
      datapath_module/reg_file_module/reg_memory_reg[4][25]347/TE f
                                                 -0.362     VIOLATED
      datapath_module/reg_file_module/reg_memory_reg[4][24]346/TE f
                                                 -0.362     VIOLATED
      datapath_module/reg_file_module/reg_memory_reg[4][23]345/TE f
                                                 -0.362     VIOLATED
      datapath_module/reg_file_module/reg_memory_reg[4][22]344/TE f
                                                 -0.362     VIOLATED
      datapath_module/reg_file_module/reg_memory_reg[4][21]343/TE f
                                                 -0.362     VIOLATED
      datapath_module/reg_file_module/reg_memory_reg[4][20]342/TE f
                                                 -0.362     VIOLATED
      datapath_module/reg_file_module/reg_memory_reg[4][1]323/TE f
                                                 -0.362     VIOLATED
      datapath_module/reg_file_module/reg_memory_reg[4][19]341/TE f
                                                 -0.362     VIOLATED
      datapath_module/reg_file_module/reg_memory_reg[4][18]340/TE f
                                                 -0.362     VIOLATED
      datapath_module/reg_file_module/reg_memory_reg[4][17]339/TE f
                                                 -0.362     VIOLATED
      datapath_module/reg_file_module/reg_memory_reg[4][16]338/TE f
                                                 -0.362     VIOLATED
      datapath_module/reg_file_module/reg_memory_reg[4][15]337/TE f
                                                 -0.362     VIOLATED
      datapath_module/reg_file_module/reg_memory_reg[4][14]336/TE f
                                                 -0.362     VIOLATED
      datapath_module/reg_file_module/reg_memory_reg[4][13]335/TE f
                                                 -0.362     VIOLATED
      datapath_module/reg_file_module/reg_memory_reg[4][12]334/TE f
                                                 -0.362     VIOLATED
      datapath_module/reg_file_module/reg_memory_reg[4][11]333/TE f
                                                 -0.362     VIOLATED
      datapath_module/reg_file_module/reg_memory_reg[4][10]332/TE f
                                                 -0.362     VIOLATED
      datapath_module/reg_file_module/reg_memory_reg[4][0]322/TE f
                                                 -0.362     VIOLATED
      datapath_module/reg_file_module/reg_memory_reg[3][9]267/TE f
                                                 -0.362     VIOLATED
      datapath_module/reg_file_module/reg_memory_reg[3][8]266/TE f
                                                 -0.362     VIOLATED
      datapath_module/reg_file_module/reg_memory_reg[3][7]265/TE f
                                                 -0.362     VIOLATED
      datapath_module/reg_file_module/reg_memory_reg[3][6]264/TE f
                                                 -0.362     VIOLATED
      datapath_module/reg_file_module/reg_memory_reg[3][5]263/TE f
                                                 -0.362     VIOLATED
      datapath_module/reg_file_module/reg_memory_reg[3][4]262/TE f
                                                 -0.362     VIOLATED
      datapath_module/reg_file_module/reg_memory_reg[3][3]261/TE f
                                                 -0.362     VIOLATED
      datapath_module/reg_file_module/reg_memory_reg[3][31]289/TE f
                                                 -0.362     VIOLATED
      datapath_module/reg_file_module/reg_memory_reg[3][30]288/TE f
                                                 -0.362     VIOLATED
      datapath_module/reg_file_module/reg_memory_reg[3][2]260/TE f
                                                 -0.362     VIOLATED
      datapath_module/reg_file_module/reg_memory_reg[3][29]287/TE f
                                                 -0.362     VIOLATED
      datapath_module/reg_file_module/reg_memory_reg[3][28]286/TE f
                                                 -0.362     VIOLATED
      datapath_module/reg_file_module/reg_memory_reg[3][27]285/TE f
                                                 -0.362     VIOLATED
      datapath_module/reg_file_module/reg_memory_reg[3][26]284/TE f
                                                 -0.362     VIOLATED
      datapath_module/reg_file_module/reg_memory_reg[3][25]283/TE f
                                                 -0.362     VIOLATED
      datapath_module/reg_file_module/reg_memory_reg[3][24]282/TE f
                                                 -0.362     VIOLATED
      datapath_module/reg_file_module/reg_memory_reg[3][23]281/TE f
                                                 -0.362     VIOLATED
      datapath_module/reg_file_module/reg_memory_reg[3][22]280/TE f
                                                 -0.362     VIOLATED
      datapath_module/reg_file_module/reg_memory_reg[3][21]279/TE f
                                                 -0.362     VIOLATED
      datapath_module/reg_file_module/reg_memory_reg[3][20]278/TE f
                                                 -0.362     VIOLATED
      datapath_module/reg_file_module/reg_memory_reg[3][1]259/TE f
                                                 -0.362     VIOLATED
      datapath_module/reg_file_module/reg_memory_reg[3][19]277/TE f
                                                 -0.362     VIOLATED
      datapath_module/reg_file_module/reg_memory_reg[3][18]276/TE f
                                                 -0.362     VIOLATED
      datapath_module/reg_file_module/reg_memory_reg[3][17]275/TE f
                                                 -0.362     VIOLATED
      datapath_module/reg_file_module/reg_memory_reg[3][16]274/TE f
                                                 -0.362     VIOLATED
      datapath_module/reg_file_module/reg_memory_reg[3][15]273/TE f
                                                 -0.362     VIOLATED
      datapath_module/reg_file_module/reg_memory_reg[3][14]272/TE f
                                                 -0.362     VIOLATED
      datapath_module/reg_file_module/reg_memory_reg[3][13]271/TE f
                                                 -0.362     VIOLATED
      datapath_module/reg_file_module/reg_memory_reg[3][12]270/TE f
                                                 -0.362     VIOLATED
      datapath_module/reg_file_module/reg_memory_reg[3][11]269/TE f
                                                 -0.362     VIOLATED
      datapath_module/reg_file_module/reg_memory_reg[3][10]268/TE f
                                                 -0.362     VIOLATED
      datapath_module/reg_file_module/reg_memory_reg[3][0]258/TE f
                                                 -0.362     VIOLATED
      datapath_module/reg_file_module/reg_memory_reg[31][9]2059/TE f
                                                 -0.362     VIOLATED
      datapath_module/reg_file_module/reg_memory_reg[31][8]2058/TE f
                                                 -0.362     VIOLATED
      datapath_module/reg_file_module/reg_memory_reg[31][7]2057/TE f
                                                 -0.362     VIOLATED
      datapath_module/reg_file_module/reg_memory_reg[31][6]2056/TE f
                                                 -0.362     VIOLATED
      datapath_module/reg_file_module/reg_memory_reg[31][5]2055/TE f
                                                 -0.362     VIOLATED
      datapath_module/reg_file_module/reg_memory_reg[31][4]2054/TE f
                                                 -0.362     VIOLATED
      datapath_module/reg_file_module/reg_memory_reg[31][3]2053/TE f
                                                 -0.362     VIOLATED
      datapath_module/reg_file_module/reg_memory_reg[31][31]2081/TE f
                                                 -0.362     VIOLATED
      datapath_module/reg_file_module/reg_memory_reg[31][30]2080/TE f
                                                 -0.362     VIOLATED
      datapath_module/reg_file_module/reg_memory_reg[31][2]2052/TE f
                                                 -0.362     VIOLATED
      datapath_module/reg_file_module/reg_memory_reg[31][29]2079/TE f
                                                 -0.362     VIOLATED
      datapath_module/reg_file_module/reg_memory_reg[31][28]2078/TE f
                                                 -0.362     VIOLATED
      datapath_module/reg_file_module/reg_memory_reg[31][27]2077/TE f
                                                 -0.362     VIOLATED
      datapath_module/reg_file_module/reg_memory_reg[31][26]2076/TE f
                                                 -0.362     VIOLATED
      datapath_module/reg_file_module/reg_memory_reg[31][25]2075/TE f
                                                 -0.362     VIOLATED
      datapath_module/reg_file_module/reg_memory_reg[31][24]2074/TE f
                                                 -0.362     VIOLATED
      datapath_module/reg_file_module/reg_memory_reg[31][23]2073/TE f
                                                 -0.362     VIOLATED
      datapath_module/reg_file_module/reg_memory_reg[31][22]2072/TE f
                                                 -0.362     VIOLATED
      datapath_module/reg_file_module/reg_memory_reg[31][21]2071/TE f
                                                 -0.362     VIOLATED
      datapath_module/reg_file_module/reg_memory_reg[31][20]2070/TE f
                                                 -0.362     VIOLATED
      datapath_module/reg_file_module/reg_memory_reg[31][1]2051/TE f
                                                 -0.362     VIOLATED
      datapath_module/reg_file_module/reg_memory_reg[31][19]2069/TE f
                                                 -0.362     VIOLATED
      datapath_module/reg_file_module/reg_memory_reg[31][18]2068/TE f
                                                 -0.362     VIOLATED
      datapath_module/reg_file_module/reg_memory_reg[31][17]2067/TE f
                                                 -0.362     VIOLATED
      datapath_module/reg_file_module/reg_memory_reg[31][16]2066/TE f
                                                 -0.362     VIOLATED
      datapath_module/reg_file_module/reg_memory_reg[31][15]2065/TE f
                                                 -0.362     VIOLATED
      datapath_module/reg_file_module/reg_memory_reg[31][14]2064/TE f
                                                 -0.362     VIOLATED
      datapath_module/reg_file_module/reg_memory_reg[31][13]2063/TE f
                                                 -0.362     VIOLATED
      datapath_module/reg_file_module/reg_memory_reg[31][12]2062/TE f
                                                 -0.362     VIOLATED
      datapath_module/reg_file_module/reg_memory_reg[31][11]2061/TE f
                                                 -0.362     VIOLATED
      datapath_module/reg_file_module/reg_memory_reg[31][10]2060/TE f
                                                 -0.362     VIOLATED
      datapath_module/reg_file_module/reg_memory_reg[31][0]2050/TE f
                                                 -0.362     VIOLATED
      datapath_module/reg_file_module/reg_memory_reg[30][9]1995/TE f
                                                 -0.362     VIOLATED
      datapath_module/reg_file_module/reg_memory_reg[30][8]1994/TE f
                                                 -0.362     VIOLATED
      datapath_module/reg_file_module/reg_memory_reg[30][7]1993/TE f
                                                 -0.362     VIOLATED
      datapath_module/reg_file_module/reg_memory_reg[30][6]1992/TE f
                                                 -0.362     VIOLATED
      datapath_module/reg_file_module/reg_memory_reg[30][5]1991/TE f
                                                 -0.362     VIOLATED
      datapath_module/reg_file_module/reg_memory_reg[30][4]1990/TE f
                                                 -0.362     VIOLATED
      datapath_module/reg_file_module/reg_memory_reg[30][3]1989/TE f
                                                 -0.362     VIOLATED
      datapath_module/reg_file_module/reg_memory_reg[30][31]2017/TE f
                                                 -0.362     VIOLATED
      datapath_module/reg_file_module/reg_memory_reg[30][30]2016/TE f
                                                 -0.362     VIOLATED
      datapath_module/reg_file_module/reg_memory_reg[30][2]1988/TE f
                                                 -0.362     VIOLATED
      datapath_module/reg_file_module/reg_memory_reg[30][29]2015/TE f
                                                 -0.362     VIOLATED
      datapath_module/reg_file_module/reg_memory_reg[30][28]2014/TE f
                                                 -0.362     VIOLATED
      datapath_module/reg_file_module/reg_memory_reg[30][27]2013/TE f
                                                 -0.362     VIOLATED
      datapath_module/reg_file_module/reg_memory_reg[30][26]2012/TE f
                                                 -0.362     VIOLATED
      datapath_module/reg_file_module/reg_memory_reg[30][25]2011/TE f
                                                 -0.362     VIOLATED
      datapath_module/reg_file_module/reg_memory_reg[30][24]2010/TE f
                                                 -0.362     VIOLATED
      datapath_module/reg_file_module/reg_memory_reg[30][23]2009/TE f
                                                 -0.362     VIOLATED
      datapath_module/reg_file_module/reg_memory_reg[30][22]2008/TE f
                                                 -0.362     VIOLATED
      datapath_module/reg_file_module/reg_memory_reg[30][21]2007/TE f
                                                 -0.362     VIOLATED
      datapath_module/reg_file_module/reg_memory_reg[30][20]2006/TE f
                                                 -0.362     VIOLATED
      datapath_module/reg_file_module/reg_memory_reg[30][1]1987/TE f
                                                 -0.362     VIOLATED
      datapath_module/reg_file_module/reg_memory_reg[30][19]2005/TE f
                                                 -0.362     VIOLATED
      datapath_module/reg_file_module/reg_memory_reg[30][18]2004/TE f
                                                 -0.362     VIOLATED
      datapath_module/reg_file_module/reg_memory_reg[30][17]2003/TE f
                                                 -0.362     VIOLATED
      datapath_module/reg_file_module/reg_memory_reg[30][16]2002/TE f
                                                 -0.362     VIOLATED
      datapath_module/reg_file_module/reg_memory_reg[30][15]2001/TE f
                                                 -0.362     VIOLATED
      datapath_module/reg_file_module/reg_memory_reg[30][14]2000/TE f
                                                 -0.362     VIOLATED
      datapath_module/reg_file_module/reg_memory_reg[30][13]1999/TE f
                                                 -0.362     VIOLATED
      datapath_module/reg_file_module/reg_memory_reg[30][12]1998/TE f
                                                 -0.362     VIOLATED
      datapath_module/reg_file_module/reg_memory_reg[30][11]1997/TE f
                                                 -0.362     VIOLATED
      datapath_module/reg_file_module/reg_memory_reg[30][10]1996/TE f
                                                 -0.362     VIOLATED
      datapath_module/reg_file_module/reg_memory_reg[30][0]1986/TE f
                                                 -0.362     VIOLATED
      datapath_module/reg_file_module/reg_memory_reg[2][9]203/TE f
                                                 -0.362     VIOLATED
      datapath_module/reg_file_module/reg_memory_reg[2][8]202/TE f
                                                 -0.362     VIOLATED
      datapath_module/reg_file_module/reg_memory_reg[2][7]201/TE f
                                                 -0.362     VIOLATED
      datapath_module/reg_file_module/reg_memory_reg[2][6]200/TE f
                                                 -0.362     VIOLATED
      datapath_module/reg_file_module/reg_memory_reg[2][5]199/TE f
                                                 -0.362     VIOLATED
      datapath_module/reg_file_module/reg_memory_reg[2][4]198/TE f
                                                 -0.362     VIOLATED
      datapath_module/reg_file_module/reg_memory_reg[2][3]197/TE f
                                                 -0.362     VIOLATED
      datapath_module/reg_file_module/reg_memory_reg[2][31]225/TE f
                                                 -0.362     VIOLATED
      datapath_module/reg_file_module/reg_memory_reg[2][30]224/TE f
                                                 -0.362     VIOLATED
      datapath_module/reg_file_module/reg_memory_reg[2][2]196/TE f
                                                 -0.362     VIOLATED
      datapath_module/reg_file_module/reg_memory_reg[2][29]223/TE f
                                                 -0.362     VIOLATED
      datapath_module/reg_file_module/reg_memory_reg[2][28]222/TE f
                                                 -0.362     VIOLATED
      datapath_module/reg_file_module/reg_memory_reg[2][27]221/TE f
                                                 -0.362     VIOLATED
      datapath_module/reg_file_module/reg_memory_reg[2][26]220/TE f
                                                 -0.362     VIOLATED
      datapath_module/reg_file_module/reg_memory_reg[2][25]219/TE f
                                                 -0.362     VIOLATED
      datapath_module/reg_file_module/reg_memory_reg[2][24]218/TE f
                                                 -0.362     VIOLATED
      datapath_module/reg_file_module/reg_memory_reg[2][23]217/TE f
                                                 -0.362     VIOLATED
      datapath_module/reg_file_module/reg_memory_reg[2][22]216/TE f
                                                 -0.362     VIOLATED
      datapath_module/reg_file_module/reg_memory_reg[2][21]215/TE f
                                                 -0.362     VIOLATED
      datapath_module/reg_file_module/reg_memory_reg[2][20]214/TE f
                                                 -0.362     VIOLATED
      datapath_module/reg_file_module/reg_memory_reg[2][1]195/TE f
                                                 -0.362     VIOLATED
      datapath_module/reg_file_module/reg_memory_reg[2][19]213/TE f
                                                 -0.362     VIOLATED
      datapath_module/reg_file_module/reg_memory_reg[2][18]212/TE f
                                                 -0.362     VIOLATED
      datapath_module/reg_file_module/reg_memory_reg[2][17]211/TE f
                                                 -0.362     VIOLATED
      datapath_module/reg_file_module/reg_memory_reg[2][16]210/TE f
                                                 -0.362     VIOLATED
      datapath_module/reg_file_module/reg_memory_reg[2][15]209/TE f
                                                 -0.362     VIOLATED
      datapath_module/reg_file_module/reg_memory_reg[2][14]208/TE f
                                                 -0.362     VIOLATED
      datapath_module/reg_file_module/reg_memory_reg[2][13]207/TE f
                                                 -0.362     VIOLATED
      datapath_module/reg_file_module/reg_memory_reg[2][12]206/TE f
                                                 -0.362     VIOLATED
      datapath_module/reg_file_module/reg_memory_reg[2][11]205/TE f
                                                 -0.362     VIOLATED
      datapath_module/reg_file_module/reg_memory_reg[2][10]204/TE f
                                                 -0.362     VIOLATED
      datapath_module/reg_file_module/reg_memory_reg[2][0]194/TE f
                                                 -0.362     VIOLATED
      datapath_module/reg_file_module/reg_memory_reg[29][9]1931/TE f
                                                 -0.362     VIOLATED
      datapath_module/reg_file_module/reg_memory_reg[29][8]1930/TE f
                                                 -0.362     VIOLATED
      datapath_module/reg_file_module/reg_memory_reg[29][7]1929/TE f
                                                 -0.362     VIOLATED
      datapath_module/reg_file_module/reg_memory_reg[29][6]1928/TE f
                                                 -0.362     VIOLATED
      datapath_module/reg_file_module/reg_memory_reg[29][5]1927/TE f
                                                 -0.362     VIOLATED
      datapath_module/reg_file_module/reg_memory_reg[29][4]1926/TE f
                                                 -0.362     VIOLATED
      datapath_module/reg_file_module/reg_memory_reg[29][3]1925/TE f
                                                 -0.362     VIOLATED
      datapath_module/reg_file_module/reg_memory_reg[29][31]1953/TE f
                                                 -0.362     VIOLATED
      datapath_module/reg_file_module/reg_memory_reg[29][30]1952/TE f
                                                 -0.362     VIOLATED
      datapath_module/reg_file_module/reg_memory_reg[29][2]1924/TE f
                                                 -0.362     VIOLATED
      datapath_module/reg_file_module/reg_memory_reg[29][29]1951/TE f
                                                 -0.362     VIOLATED
      datapath_module/reg_file_module/reg_memory_reg[29][28]1950/TE f
                                                 -0.362     VIOLATED
      datapath_module/reg_file_module/reg_memory_reg[29][27]1949/TE f
                                                 -0.362     VIOLATED
      datapath_module/reg_file_module/reg_memory_reg[29][26]1948/TE f
                                                 -0.362     VIOLATED
      datapath_module/reg_file_module/reg_memory_reg[29][25]1947/TE f
                                                 -0.362     VIOLATED
      datapath_module/reg_file_module/reg_memory_reg[29][24]1946/TE f
                                                 -0.362     VIOLATED
      datapath_module/reg_file_module/reg_memory_reg[29][23]1945/TE f
                                                 -0.362     VIOLATED
      datapath_module/reg_file_module/reg_memory_reg[29][22]1944/TE f
                                                 -0.362     VIOLATED
      datapath_module/reg_file_module/reg_memory_reg[29][21]1943/TE f
                                                 -0.362     VIOLATED
      datapath_module/reg_file_module/reg_memory_reg[29][20]1942/TE f
                                                 -0.362     VIOLATED
      datapath_module/reg_file_module/reg_memory_reg[29][1]1923/TE f
                                                 -0.362     VIOLATED
      datapath_module/reg_file_module/reg_memory_reg[29][19]1941/TE f
                                                 -0.362     VIOLATED
      datapath_module/reg_file_module/reg_memory_reg[29][18]1940/TE f
                                                 -0.362     VIOLATED
      datapath_module/reg_file_module/reg_memory_reg[29][17]1939/TE f
                                                 -0.362     VIOLATED
      datapath_module/reg_file_module/reg_memory_reg[29][16]1938/TE f
                                                 -0.362     VIOLATED
      datapath_module/reg_file_module/reg_memory_reg[29][15]1937/TE f
                                                 -0.362     VIOLATED
      datapath_module/reg_file_module/reg_memory_reg[29][14]1936/TE f
                                                 -0.362     VIOLATED
      datapath_module/reg_file_module/reg_memory_reg[29][13]1935/TE f
                                                 -0.362     VIOLATED
      datapath_module/reg_file_module/reg_memory_reg[29][12]1934/TE f
                                                 -0.362     VIOLATED
      datapath_module/reg_file_module/reg_memory_reg[29][11]1933/TE f
                                                 -0.362     VIOLATED
      datapath_module/reg_file_module/reg_memory_reg[29][10]1932/TE f
                                                 -0.362     VIOLATED
      datapath_module/reg_file_module/reg_memory_reg[29][0]1922/TE f
                                                 -0.362     VIOLATED
      datapath_module/reg_file_module/reg_memory_reg[28][9]1867/TE f
                                                 -0.362     VIOLATED
      datapath_module/reg_file_module/reg_memory_reg[28][8]1866/TE f
                                                 -0.362     VIOLATED
      datapath_module/reg_file_module/reg_memory_reg[28][7]1865/TE f
                                                 -0.362     VIOLATED
      datapath_module/reg_file_module/reg_memory_reg[28][6]1864/TE f
                                                 -0.362     VIOLATED
      datapath_module/reg_file_module/reg_memory_reg[28][5]1863/TE f
                                                 -0.362     VIOLATED
      datapath_module/reg_file_module/reg_memory_reg[28][4]1862/TE f
                                                 -0.362     VIOLATED
      datapath_module/reg_file_module/reg_memory_reg[28][3]1861/TE f
                                                 -0.362     VIOLATED
      datapath_module/reg_file_module/reg_memory_reg[28][31]1889/TE f
                                                 -0.362     VIOLATED
      datapath_module/reg_file_module/reg_memory_reg[28][30]1888/TE f
                                                 -0.362     VIOLATED
      datapath_module/reg_file_module/reg_memory_reg[28][2]1860/TE f
                                                 -0.362     VIOLATED
      datapath_module/reg_file_module/reg_memory_reg[28][29]1887/TE f
                                                 -0.362     VIOLATED
      datapath_module/reg_file_module/reg_memory_reg[28][28]1886/TE f
                                                 -0.362     VIOLATED
      datapath_module/reg_file_module/reg_memory_reg[28][27]1885/TE f
                                                 -0.362     VIOLATED
      datapath_module/reg_file_module/reg_memory_reg[28][26]1884/TE f
                                                 -0.362     VIOLATED
      datapath_module/reg_file_module/reg_memory_reg[28][25]1883/TE f
                                                 -0.362     VIOLATED
      datapath_module/reg_file_module/reg_memory_reg[28][24]1882/TE f
                                                 -0.362     VIOLATED
      datapath_module/reg_file_module/reg_memory_reg[28][23]1881/TE f
                                                 -0.362     VIOLATED
      datapath_module/reg_file_module/reg_memory_reg[28][22]1880/TE f
                                                 -0.362     VIOLATED
      datapath_module/reg_file_module/reg_memory_reg[28][21]1879/TE f
                                                 -0.362     VIOLATED
      datapath_module/reg_file_module/reg_memory_reg[28][20]1878/TE f
                                                 -0.362     VIOLATED
      datapath_module/reg_file_module/reg_memory_reg[28][1]1859/TE f
                                                 -0.362     VIOLATED
      datapath_module/reg_file_module/reg_memory_reg[28][19]1877/TE f
                                                 -0.362     VIOLATED
      datapath_module/reg_file_module/reg_memory_reg[28][18]1876/TE f
                                                 -0.362     VIOLATED
      datapath_module/reg_file_module/reg_memory_reg[28][17]1875/TE f
                                                 -0.362     VIOLATED
      datapath_module/reg_file_module/reg_memory_reg[28][16]1874/TE f
                                                 -0.362     VIOLATED
      datapath_module/reg_file_module/reg_memory_reg[28][15]1873/TE f
                                                 -0.362     VIOLATED
      datapath_module/reg_file_module/reg_memory_reg[28][14]1872/TE f
                                                 -0.362     VIOLATED
      datapath_module/reg_file_module/reg_memory_reg[28][13]1871/TE f
                                                 -0.362     VIOLATED
      datapath_module/reg_file_module/reg_memory_reg[28][12]1870/TE f
                                                 -0.362     VIOLATED
      datapath_module/reg_file_module/reg_memory_reg[28][11]1869/TE f
                                                 -0.362     VIOLATED
      datapath_module/reg_file_module/reg_memory_reg[28][10]1868/TE f
                                                 -0.362     VIOLATED
      datapath_module/reg_file_module/reg_memory_reg[28][0]1858/TE f
                                                 -0.362     VIOLATED
      datapath_module/reg_file_module/reg_memory_reg[27][9]1803/TE f
                                                 -0.362     VIOLATED
      datapath_module/reg_file_module/reg_memory_reg[27][8]1802/TE f
                                                 -0.362     VIOLATED
      datapath_module/reg_file_module/reg_memory_reg[27][7]1801/TE f
                                                 -0.362     VIOLATED
      datapath_module/reg_file_module/reg_memory_reg[27][6]1800/TE f
                                                 -0.362     VIOLATED
      datapath_module/reg_file_module/reg_memory_reg[27][5]1799/TE f
                                                 -0.362     VIOLATED
      datapath_module/reg_file_module/reg_memory_reg[27][4]1798/TE f
                                                 -0.362     VIOLATED
      datapath_module/reg_file_module/reg_memory_reg[27][3]1797/TE f
                                                 -0.362     VIOLATED
      datapath_module/reg_file_module/reg_memory_reg[27][31]1825/TE f
                                                 -0.362     VIOLATED
      datapath_module/reg_file_module/reg_memory_reg[27][30]1824/TE f
                                                 -0.362     VIOLATED
      datapath_module/reg_file_module/reg_memory_reg[27][2]1796/TE f
                                                 -0.362     VIOLATED
      datapath_module/reg_file_module/reg_memory_reg[27][29]1823/TE f
                                                 -0.362     VIOLATED
      datapath_module/reg_file_module/reg_memory_reg[27][28]1822/TE f
                                                 -0.362     VIOLATED
      datapath_module/reg_file_module/reg_memory_reg[27][27]1821/TE f
                                                 -0.362     VIOLATED
      datapath_module/reg_file_module/reg_memory_reg[27][26]1820/TE f
                                                 -0.362     VIOLATED
      datapath_module/reg_file_module/reg_memory_reg[27][25]1819/TE f
                                                 -0.362     VIOLATED
      datapath_module/reg_file_module/reg_memory_reg[27][24]1818/TE f
                                                 -0.362     VIOLATED
      datapath_module/reg_file_module/reg_memory_reg[27][23]1817/TE f
                                                 -0.362     VIOLATED
      datapath_module/reg_file_module/reg_memory_reg[27][22]1816/TE f
                                                 -0.362     VIOLATED
      datapath_module/reg_file_module/reg_memory_reg[27][21]1815/TE f
                                                 -0.362     VIOLATED
      datapath_module/reg_file_module/reg_memory_reg[27][20]1814/TE f
                                                 -0.362     VIOLATED
      datapath_module/reg_file_module/reg_memory_reg[27][1]1795/TE f
                                                 -0.362     VIOLATED
      datapath_module/reg_file_module/reg_memory_reg[27][19]1813/TE f
                                                 -0.362     VIOLATED
      datapath_module/reg_file_module/reg_memory_reg[27][18]1812/TE f
                                                 -0.362     VIOLATED
      datapath_module/reg_file_module/reg_memory_reg[27][17]1811/TE f
                                                 -0.362     VIOLATED
      datapath_module/reg_file_module/reg_memory_reg[27][16]1810/TE f
                                                 -0.362     VIOLATED
      datapath_module/reg_file_module/reg_memory_reg[27][15]1809/TE f
                                                 -0.362     VIOLATED
      datapath_module/reg_file_module/reg_memory_reg[27][14]1808/TE f
                                                 -0.362     VIOLATED
      datapath_module/reg_file_module/reg_memory_reg[27][13]1807/TE f
                                                 -0.362     VIOLATED
      datapath_module/reg_file_module/reg_memory_reg[27][12]1806/TE f
                                                 -0.362     VIOLATED
      datapath_module/reg_file_module/reg_memory_reg[27][11]1805/TE f
                                                 -0.362     VIOLATED
      datapath_module/reg_file_module/reg_memory_reg[27][10]1804/TE f
                                                 -0.362     VIOLATED
      datapath_module/reg_file_module/reg_memory_reg[27][0]1794/TE f
                                                 -0.362     VIOLATED
      datapath_module/reg_file_module/reg_memory_reg[26][9]1739/TE f
                                                 -0.362     VIOLATED
      datapath_module/reg_file_module/reg_memory_reg[26][8]1738/TE f
                                                 -0.362     VIOLATED
      datapath_module/reg_file_module/reg_memory_reg[26][7]1737/TE f
                                                 -0.362     VIOLATED
      datapath_module/reg_file_module/reg_memory_reg[26][6]1736/TE f
                                                 -0.362     VIOLATED
      datapath_module/reg_file_module/reg_memory_reg[26][5]1735/TE f
                                                 -0.362     VIOLATED
      datapath_module/reg_file_module/reg_memory_reg[26][4]1734/TE f
                                                 -0.362     VIOLATED
      datapath_module/reg_file_module/reg_memory_reg[26][3]1733/TE f
                                                 -0.362     VIOLATED
      datapath_module/reg_file_module/reg_memory_reg[26][31]1761/TE f
                                                 -0.362     VIOLATED
      datapath_module/reg_file_module/reg_memory_reg[26][30]1760/TE f
                                                 -0.362     VIOLATED
      datapath_module/reg_file_module/reg_memory_reg[26][2]1732/TE f
                                                 -0.362     VIOLATED
      datapath_module/reg_file_module/reg_memory_reg[26][29]1759/TE f
                                                 -0.362     VIOLATED
      datapath_module/reg_file_module/reg_memory_reg[26][28]1758/TE f
                                                 -0.362     VIOLATED
      datapath_module/reg_file_module/reg_memory_reg[26][27]1757/TE f
                                                 -0.362     VIOLATED
      datapath_module/reg_file_module/reg_memory_reg[26][26]1756/TE f
                                                 -0.362     VIOLATED
      datapath_module/reg_file_module/reg_memory_reg[26][25]1755/TE f
                                                 -0.362     VIOLATED
      datapath_module/reg_file_module/reg_memory_reg[26][24]1754/TE f
                                                 -0.362     VIOLATED
      datapath_module/reg_file_module/reg_memory_reg[26][23]1753/TE f
                                                 -0.362     VIOLATED
      datapath_module/reg_file_module/reg_memory_reg[26][22]1752/TE f
                                                 -0.362     VIOLATED
      datapath_module/reg_file_module/reg_memory_reg[26][21]1751/TE f
                                                 -0.362     VIOLATED
      datapath_module/reg_file_module/reg_memory_reg[26][20]1750/TE f
                                                 -0.362     VIOLATED
      datapath_module/reg_file_module/reg_memory_reg[26][1]1731/TE f
                                                 -0.362     VIOLATED
      datapath_module/reg_file_module/reg_memory_reg[26][19]1749/TE f
                                                 -0.362     VIOLATED
      datapath_module/reg_file_module/reg_memory_reg[26][18]1748/TE f
                                                 -0.362     VIOLATED
      datapath_module/reg_file_module/reg_memory_reg[26][17]1747/TE f
                                                 -0.362     VIOLATED
      datapath_module/reg_file_module/reg_memory_reg[26][16]1746/TE f
                                                 -0.362     VIOLATED
      datapath_module/reg_file_module/reg_memory_reg[26][15]1745/TE f
                                                 -0.362     VIOLATED
      datapath_module/reg_file_module/reg_memory_reg[26][14]1744/TE f
                                                 -0.362     VIOLATED
      datapath_module/reg_file_module/reg_memory_reg[26][13]1743/TE f
                                                 -0.362     VIOLATED
      datapath_module/reg_file_module/reg_memory_reg[26][12]1742/TE f
                                                 -0.362     VIOLATED
      datapath_module/reg_file_module/reg_memory_reg[26][11]1741/TE f
                                                 -0.362     VIOLATED
      datapath_module/reg_file_module/reg_memory_reg[26][10]1740/TE f
                                                 -0.362     VIOLATED
      datapath_module/reg_file_module/reg_memory_reg[26][0]1730/TE f
                                                 -0.362     VIOLATED
      datapath_module/reg_file_module/reg_memory_reg[25][9]1675/TE f
                                                 -0.362     VIOLATED
      datapath_module/reg_file_module/reg_memory_reg[25][8]1674/TE f
                                                 -0.362     VIOLATED
      datapath_module/reg_file_module/reg_memory_reg[25][7]1673/TE f
                                                 -0.362     VIOLATED
      datapath_module/reg_file_module/reg_memory_reg[25][6]1672/TE f
                                                 -0.362     VIOLATED
      datapath_module/reg_file_module/reg_memory_reg[25][5]1671/TE f
                                                 -0.362     VIOLATED
      datapath_module/reg_file_module/reg_memory_reg[25][4]1670/TE f
                                                 -0.362     VIOLATED
      datapath_module/reg_file_module/reg_memory_reg[25][3]1669/TE f
                                                 -0.362     VIOLATED
      datapath_module/reg_file_module/reg_memory_reg[25][31]1697/TE f
                                                 -0.362     VIOLATED
      datapath_module/reg_file_module/reg_memory_reg[25][30]1696/TE f
                                                 -0.362     VIOLATED
      datapath_module/reg_file_module/reg_memory_reg[25][2]1668/TE f
                                                 -0.362     VIOLATED
      datapath_module/reg_file_module/reg_memory_reg[25][29]1695/TE f
                                                 -0.362     VIOLATED
      datapath_module/reg_file_module/reg_memory_reg[25][28]1694/TE f
                                                 -0.362     VIOLATED
      datapath_module/reg_file_module/reg_memory_reg[25][27]1693/TE f
                                                 -0.362     VIOLATED
      datapath_module/reg_file_module/reg_memory_reg[25][26]1692/TE f
                                                 -0.362     VIOLATED
      datapath_module/reg_file_module/reg_memory_reg[25][25]1691/TE f
                                                 -0.362     VIOLATED
      datapath_module/reg_file_module/reg_memory_reg[25][24]1690/TE f
                                                 -0.362     VIOLATED
      datapath_module/reg_file_module/reg_memory_reg[25][23]1689/TE f
                                                 -0.362     VIOLATED
      datapath_module/reg_file_module/reg_memory_reg[25][22]1688/TE f
                                                 -0.362     VIOLATED
      datapath_module/reg_file_module/reg_memory_reg[25][21]1687/TE f
                                                 -0.362     VIOLATED
      datapath_module/reg_file_module/reg_memory_reg[25][20]1686/TE f
                                                 -0.362     VIOLATED
      datapath_module/reg_file_module/reg_memory_reg[25][1]1667/TE f
                                                 -0.362     VIOLATED
      datapath_module/reg_file_module/reg_memory_reg[25][19]1685/TE f
                                                 -0.362     VIOLATED
      datapath_module/reg_file_module/reg_memory_reg[25][18]1684/TE f
                                                 -0.362     VIOLATED
      datapath_module/reg_file_module/reg_memory_reg[25][17]1683/TE f
                                                 -0.362     VIOLATED
      datapath_module/reg_file_module/reg_memory_reg[25][16]1682/TE f
                                                 -0.362     VIOLATED
      datapath_module/reg_file_module/reg_memory_reg[25][15]1681/TE f
                                                 -0.362     VIOLATED
      datapath_module/reg_file_module/reg_memory_reg[25][14]1680/TE f
                                                 -0.362     VIOLATED
      datapath_module/reg_file_module/reg_memory_reg[25][13]1679/TE f
                                                 -0.362     VIOLATED
      datapath_module/reg_file_module/reg_memory_reg[25][12]1678/TE f
                                                 -0.362     VIOLATED
      datapath_module/reg_file_module/reg_memory_reg[25][11]1677/TE f
                                                 -0.362     VIOLATED
      datapath_module/reg_file_module/reg_memory_reg[25][10]1676/TE f
                                                 -0.362     VIOLATED
      datapath_module/reg_file_module/reg_memory_reg[25][0]1666/TE f
                                                 -0.362     VIOLATED
      datapath_module/reg_file_module/reg_memory_reg[24][9]1611/TE f
                                                 -0.362     VIOLATED
      datapath_module/reg_file_module/reg_memory_reg[24][8]1610/TE f
                                                 -0.362     VIOLATED
      datapath_module/reg_file_module/reg_memory_reg[24][7]1609/TE f
                                                 -0.362     VIOLATED
      datapath_module/reg_file_module/reg_memory_reg[24][6]1608/TE f
                                                 -0.362     VIOLATED
      datapath_module/reg_file_module/reg_memory_reg[24][5]1607/TE f
                                                 -0.362     VIOLATED
      datapath_module/reg_file_module/reg_memory_reg[24][4]1606/TE f
                                                 -0.362     VIOLATED
      datapath_module/reg_file_module/reg_memory_reg[24][3]1605/TE f
                                                 -0.362     VIOLATED
      datapath_module/reg_file_module/reg_memory_reg[24][31]1633/TE f
                                                 -0.362     VIOLATED
      datapath_module/reg_file_module/reg_memory_reg[24][30]1632/TE f
                                                 -0.362     VIOLATED
      datapath_module/reg_file_module/reg_memory_reg[24][2]1604/TE f
                                                 -0.362     VIOLATED
      datapath_module/reg_file_module/reg_memory_reg[24][29]1631/TE f
                                                 -0.362     VIOLATED
      datapath_module/reg_file_module/reg_memory_reg[24][28]1630/TE f
                                                 -0.362     VIOLATED
      datapath_module/reg_file_module/reg_memory_reg[24][27]1629/TE f
                                                 -0.362     VIOLATED
      datapath_module/reg_file_module/reg_memory_reg[24][26]1628/TE f
                                                 -0.362     VIOLATED
      datapath_module/reg_file_module/reg_memory_reg[24][25]1627/TE f
                                                 -0.362     VIOLATED
      datapath_module/reg_file_module/reg_memory_reg[24][24]1626/TE f
                                                 -0.362     VIOLATED
      datapath_module/reg_file_module/reg_memory_reg[24][23]1625/TE f
                                                 -0.362     VIOLATED
      datapath_module/reg_file_module/reg_memory_reg[24][22]1624/TE f
                                                 -0.362     VIOLATED
      datapath_module/reg_file_module/reg_memory_reg[24][21]1623/TE f
                                                 -0.362     VIOLATED
      datapath_module/reg_file_module/reg_memory_reg[24][20]1622/TE f
                                                 -0.362     VIOLATED
      datapath_module/reg_file_module/reg_memory_reg[24][1]1603/TE f
                                                 -0.362     VIOLATED
      datapath_module/reg_file_module/reg_memory_reg[24][19]1621/TE f
                                                 -0.362     VIOLATED
      datapath_module/reg_file_module/reg_memory_reg[24][18]1620/TE f
                                                 -0.362     VIOLATED
      datapath_module/reg_file_module/reg_memory_reg[24][17]1619/TE f
                                                 -0.362     VIOLATED
      datapath_module/reg_file_module/reg_memory_reg[24][16]1618/TE f
                                                 -0.362     VIOLATED
      datapath_module/reg_file_module/reg_memory_reg[24][15]1617/TE f
                                                 -0.362     VIOLATED
      datapath_module/reg_file_module/reg_memory_reg[24][14]1616/TE f
                                                 -0.362     VIOLATED
      datapath_module/reg_file_module/reg_memory_reg[24][13]1615/TE f
                                                 -0.362     VIOLATED
      datapath_module/reg_file_module/reg_memory_reg[24][12]1614/TE f
                                                 -0.362     VIOLATED
      datapath_module/reg_file_module/reg_memory_reg[24][11]1613/TE f
                                                 -0.362     VIOLATED
      datapath_module/reg_file_module/reg_memory_reg[24][10]1612/TE f
                                                 -0.362     VIOLATED
      datapath_module/reg_file_module/reg_memory_reg[24][0]1602/TE f
                                                 -0.362     VIOLATED
      datapath_module/reg_file_module/reg_memory_reg[23][9]1547/TE f
                                                 -0.362     VIOLATED
      datapath_module/reg_file_module/reg_memory_reg[23][8]1546/TE f
                                                 -0.362     VIOLATED
      datapath_module/reg_file_module/reg_memory_reg[23][7]1545/TE f
                                                 -0.362     VIOLATED
      datapath_module/reg_file_module/reg_memory_reg[23][6]1544/TE f
                                                 -0.362     VIOLATED
      datapath_module/reg_file_module/reg_memory_reg[23][5]1543/TE f
                                                 -0.362     VIOLATED
      datapath_module/reg_file_module/reg_memory_reg[23][4]1542/TE f
                                                 -0.362     VIOLATED
      datapath_module/reg_file_module/reg_memory_reg[23][3]1541/TE f
                                                 -0.362     VIOLATED
      datapath_module/reg_file_module/reg_memory_reg[23][31]1569/TE f
                                                 -0.362     VIOLATED
      datapath_module/reg_file_module/reg_memory_reg[23][30]1568/TE f
                                                 -0.362     VIOLATED
      datapath_module/reg_file_module/reg_memory_reg[23][2]1540/TE f
                                                 -0.362     VIOLATED
      datapath_module/reg_file_module/reg_memory_reg[23][29]1567/TE f
                                                 -0.362     VIOLATED
      datapath_module/reg_file_module/reg_memory_reg[23][28]1566/TE f
                                                 -0.362     VIOLATED
      datapath_module/reg_file_module/reg_memory_reg[23][27]1565/TE f
                                                 -0.362     VIOLATED
      datapath_module/reg_file_module/reg_memory_reg[23][26]1564/TE f
                                                 -0.362     VIOLATED
      datapath_module/reg_file_module/reg_memory_reg[23][25]1563/TE f
                                                 -0.362     VIOLATED
      datapath_module/reg_file_module/reg_memory_reg[23][24]1562/TE f
                                                 -0.362     VIOLATED
      datapath_module/reg_file_module/reg_memory_reg[23][23]1561/TE f
                                                 -0.362     VIOLATED
      datapath_module/reg_file_module/reg_memory_reg[23][22]1560/TE f
                                                 -0.362     VIOLATED
      datapath_module/reg_file_module/reg_memory_reg[23][21]1559/TE f
                                                 -0.362     VIOLATED
      datapath_module/reg_file_module/reg_memory_reg[23][20]1558/TE f
                                                 -0.362     VIOLATED
      datapath_module/reg_file_module/reg_memory_reg[23][1]1539/TE f
                                                 -0.362     VIOLATED
      datapath_module/reg_file_module/reg_memory_reg[23][19]1557/TE f
                                                 -0.362     VIOLATED
      datapath_module/reg_file_module/reg_memory_reg[23][18]1556/TE f
                                                 -0.362     VIOLATED
      datapath_module/reg_file_module/reg_memory_reg[23][17]1555/TE f
                                                 -0.362     VIOLATED
      datapath_module/reg_file_module/reg_memory_reg[23][16]1554/TE f
                                                 -0.362     VIOLATED
      datapath_module/reg_file_module/reg_memory_reg[23][15]1553/TE f
                                                 -0.362     VIOLATED
      datapath_module/reg_file_module/reg_memory_reg[23][14]1552/TE f
                                                 -0.362     VIOLATED
      datapath_module/reg_file_module/reg_memory_reg[23][13]1551/TE f
                                                 -0.362     VIOLATED
      datapath_module/reg_file_module/reg_memory_reg[23][12]1550/TE f
                                                 -0.362     VIOLATED
      datapath_module/reg_file_module/reg_memory_reg[23][11]1549/TE f
                                                 -0.362     VIOLATED
      datapath_module/reg_file_module/reg_memory_reg[23][10]1548/TE f
                                                 -0.362     VIOLATED
      datapath_module/reg_file_module/reg_memory_reg[23][0]1538/TE f
                                                 -0.362     VIOLATED
      datapath_module/reg_file_module/reg_memory_reg[22][9]1483/TE f
                                                 -0.362     VIOLATED
      datapath_module/reg_file_module/reg_memory_reg[22][8]1482/TE f
                                                 -0.362     VIOLATED
      datapath_module/reg_file_module/reg_memory_reg[22][7]1481/TE f
                                                 -0.362     VIOLATED
      datapath_module/reg_file_module/reg_memory_reg[22][6]1480/TE f
                                                 -0.362     VIOLATED
      datapath_module/reg_file_module/reg_memory_reg[22][5]1479/TE f
                                                 -0.362     VIOLATED
      datapath_module/reg_file_module/reg_memory_reg[22][4]1478/TE f
                                                 -0.362     VIOLATED
      datapath_module/reg_file_module/reg_memory_reg[22][3]1477/TE f
                                                 -0.362     VIOLATED
      datapath_module/reg_file_module/reg_memory_reg[22][31]1505/TE f
                                                 -0.362     VIOLATED
      datapath_module/reg_file_module/reg_memory_reg[22][30]1504/TE f
                                                 -0.362     VIOLATED
      datapath_module/reg_file_module/reg_memory_reg[22][2]1476/TE f
                                                 -0.362     VIOLATED
      datapath_module/reg_file_module/reg_memory_reg[22][29]1503/TE f
                                                 -0.362     VIOLATED
      datapath_module/reg_file_module/reg_memory_reg[22][28]1502/TE f
                                                 -0.362     VIOLATED
      datapath_module/reg_file_module/reg_memory_reg[22][27]1501/TE f
                                                 -0.362     VIOLATED
      datapath_module/reg_file_module/reg_memory_reg[22][26]1500/TE f
                                                 -0.362     VIOLATED
      datapath_module/reg_file_module/reg_memory_reg[22][25]1499/TE f
                                                 -0.362     VIOLATED
      datapath_module/reg_file_module/reg_memory_reg[22][24]1498/TE f
                                                 -0.362     VIOLATED
      datapath_module/reg_file_module/reg_memory_reg[22][23]1497/TE f
                                                 -0.362     VIOLATED
      datapath_module/reg_file_module/reg_memory_reg[22][22]1496/TE f
                                                 -0.362     VIOLATED
      datapath_module/reg_file_module/reg_memory_reg[22][21]1495/TE f
                                                 -0.362     VIOLATED
      datapath_module/reg_file_module/reg_memory_reg[22][20]1494/TE f
                                                 -0.362     VIOLATED
      datapath_module/reg_file_module/reg_memory_reg[22][1]1475/TE f
                                                 -0.362     VIOLATED
      datapath_module/reg_file_module/reg_memory_reg[22][19]1493/TE f
                                                 -0.362     VIOLATED
      datapath_module/reg_file_module/reg_memory_reg[22][18]1492/TE f
                                                 -0.362     VIOLATED
      datapath_module/reg_file_module/reg_memory_reg[22][17]1491/TE f
                                                 -0.362     VIOLATED
      datapath_module/reg_file_module/reg_memory_reg[22][16]1490/TE f
                                                 -0.362     VIOLATED
      datapath_module/reg_file_module/reg_memory_reg[22][15]1489/TE f
                                                 -0.362     VIOLATED
      datapath_module/reg_file_module/reg_memory_reg[22][14]1488/TE f
                                                 -0.362     VIOLATED
      datapath_module/reg_file_module/reg_memory_reg[22][13]1487/TE f
                                                 -0.362     VIOLATED
      datapath_module/reg_file_module/reg_memory_reg[22][12]1486/TE f
                                                 -0.362     VIOLATED
      datapath_module/reg_file_module/reg_memory_reg[22][11]1485/TE f
                                                 -0.362     VIOLATED
      datapath_module/reg_file_module/reg_memory_reg[22][10]1484/TE f
                                                 -0.362     VIOLATED
      datapath_module/reg_file_module/reg_memory_reg[22][0]1474/TE f
                                                 -0.362     VIOLATED
      datapath_module/reg_file_module/reg_memory_reg[21][9]1419/TE f
                                                 -0.362     VIOLATED
      datapath_module/reg_file_module/reg_memory_reg[21][8]1418/TE f
                                                 -0.362     VIOLATED
      datapath_module/reg_file_module/reg_memory_reg[21][7]1417/TE f
                                                 -0.362     VIOLATED
      datapath_module/reg_file_module/reg_memory_reg[21][6]1416/TE f
                                                 -0.362     VIOLATED
      datapath_module/reg_file_module/reg_memory_reg[21][5]1415/TE f
                                                 -0.362     VIOLATED
      datapath_module/reg_file_module/reg_memory_reg[21][4]1414/TE f
                                                 -0.362     VIOLATED
      datapath_module/reg_file_module/reg_memory_reg[21][3]1413/TE f
                                                 -0.362     VIOLATED
      datapath_module/reg_file_module/reg_memory_reg[21][31]1441/TE f
                                                 -0.362     VIOLATED
      datapath_module/reg_file_module/reg_memory_reg[21][30]1440/TE f
                                                 -0.362     VIOLATED
      datapath_module/reg_file_module/reg_memory_reg[21][2]1412/TE f
                                                 -0.362     VIOLATED
      datapath_module/reg_file_module/reg_memory_reg[21][29]1439/TE f
                                                 -0.362     VIOLATED
      datapath_module/reg_file_module/reg_memory_reg[21][28]1438/TE f
                                                 -0.362     VIOLATED
      datapath_module/reg_file_module/reg_memory_reg[21][27]1437/TE f
                                                 -0.362     VIOLATED
      datapath_module/reg_file_module/reg_memory_reg[21][26]1436/TE f
                                                 -0.362     VIOLATED
      datapath_module/reg_file_module/reg_memory_reg[21][25]1435/TE f
                                                 -0.362     VIOLATED
      datapath_module/reg_file_module/reg_memory_reg[21][24]1434/TE f
                                                 -0.362     VIOLATED
      datapath_module/reg_file_module/reg_memory_reg[21][23]1433/TE f
                                                 -0.362     VIOLATED
      datapath_module/reg_file_module/reg_memory_reg[21][22]1432/TE f
                                                 -0.362     VIOLATED
      datapath_module/reg_file_module/reg_memory_reg[21][21]1431/TE f
                                                 -0.362     VIOLATED
      datapath_module/reg_file_module/reg_memory_reg[21][20]1430/TE f
                                                 -0.362     VIOLATED
      datapath_module/reg_file_module/reg_memory_reg[21][1]1411/TE f
                                                 -0.362     VIOLATED
      datapath_module/reg_file_module/reg_memory_reg[21][19]1429/TE f
                                                 -0.362     VIOLATED
      datapath_module/reg_file_module/reg_memory_reg[21][18]1428/TE f
                                                 -0.362     VIOLATED
      datapath_module/reg_file_module/reg_memory_reg[21][17]1427/TE f
                                                 -0.362     VIOLATED
      datapath_module/reg_file_module/reg_memory_reg[21][16]1426/TE f
                                                 -0.362     VIOLATED
      datapath_module/reg_file_module/reg_memory_reg[21][15]1425/TE f
                                                 -0.362     VIOLATED
      datapath_module/reg_file_module/reg_memory_reg[21][14]1424/TE f
                                                 -0.362     VIOLATED
      datapath_module/reg_file_module/reg_memory_reg[21][13]1423/TE f
                                                 -0.362     VIOLATED
      datapath_module/reg_file_module/reg_memory_reg[21][12]1422/TE f
                                                 -0.362     VIOLATED
      datapath_module/reg_file_module/reg_memory_reg[21][11]1421/TE f
                                                 -0.362     VIOLATED
      datapath_module/reg_file_module/reg_memory_reg[21][10]1420/TE f
                                                 -0.362     VIOLATED
      datapath_module/reg_file_module/reg_memory_reg[21][0]1410/TE f
                                                 -0.362     VIOLATED
      datapath_module/reg_file_module/reg_memory_reg[20][9]1355/TE f
                                                 -0.362     VIOLATED
      datapath_module/reg_file_module/reg_memory_reg[20][8]1354/TE f
                                                 -0.362     VIOLATED
      datapath_module/reg_file_module/reg_memory_reg[20][7]1353/TE f
                                                 -0.362     VIOLATED
      datapath_module/reg_file_module/reg_memory_reg[20][6]1352/TE f
                                                 -0.362     VIOLATED
      datapath_module/reg_file_module/reg_memory_reg[20][5]1351/TE f
                                                 -0.362     VIOLATED
      datapath_module/reg_file_module/reg_memory_reg[20][4]1350/TE f
                                                 -0.362     VIOLATED
      datapath_module/reg_file_module/reg_memory_reg[20][3]1349/TE f
                                                 -0.362     VIOLATED
      datapath_module/reg_file_module/reg_memory_reg[20][31]1377/TE f
                                                 -0.362     VIOLATED
      datapath_module/reg_file_module/reg_memory_reg[20][30]1376/TE f
                                                 -0.362     VIOLATED
      datapath_module/reg_file_module/reg_memory_reg[20][2]1348/TE f
                                                 -0.362     VIOLATED
      datapath_module/reg_file_module/reg_memory_reg[20][29]1375/TE f
                                                 -0.362     VIOLATED
      datapath_module/reg_file_module/reg_memory_reg[20][28]1374/TE f
                                                 -0.362     VIOLATED
      datapath_module/reg_file_module/reg_memory_reg[20][27]1373/TE f
                                                 -0.362     VIOLATED
      datapath_module/reg_file_module/reg_memory_reg[20][26]1372/TE f
                                                 -0.362     VIOLATED
      datapath_module/reg_file_module/reg_memory_reg[20][25]1371/TE f
                                                 -0.362     VIOLATED
      datapath_module/reg_file_module/reg_memory_reg[20][24]1370/TE f
                                                 -0.362     VIOLATED
      datapath_module/reg_file_module/reg_memory_reg[20][23]1369/TE f
                                                 -0.362     VIOLATED
      datapath_module/reg_file_module/reg_memory_reg[20][22]1368/TE f
                                                 -0.362     VIOLATED
      datapath_module/reg_file_module/reg_memory_reg[20][21]1367/TE f
                                                 -0.362     VIOLATED
      datapath_module/reg_file_module/reg_memory_reg[20][20]1366/TE f
                                                 -0.362     VIOLATED
      datapath_module/reg_file_module/reg_memory_reg[20][1]1347/TE f
                                                 -0.362     VIOLATED
      datapath_module/reg_file_module/reg_memory_reg[20][19]1365/TE f
                                                 -0.362     VIOLATED
      datapath_module/reg_file_module/reg_memory_reg[20][18]1364/TE f
                                                 -0.362     VIOLATED
      datapath_module/reg_file_module/reg_memory_reg[20][17]1363/TE f
                                                 -0.362     VIOLATED
      datapath_module/reg_file_module/reg_memory_reg[20][16]1362/TE f
                                                 -0.362     VIOLATED
      datapath_module/reg_file_module/reg_memory_reg[20][15]1361/TE f
                                                 -0.362     VIOLATED
      datapath_module/reg_file_module/reg_memory_reg[20][14]1360/TE f
                                                 -0.362     VIOLATED
      datapath_module/reg_file_module/reg_memory_reg[20][13]1359/TE f
                                                 -0.362     VIOLATED
      datapath_module/reg_file_module/reg_memory_reg[20][12]1358/TE f
                                                 -0.362     VIOLATED
      datapath_module/reg_file_module/reg_memory_reg[20][11]1357/TE f
                                                 -0.362     VIOLATED
      datapath_module/reg_file_module/reg_memory_reg[20][10]1356/TE f
                                                 -0.362     VIOLATED
      datapath_module/reg_file_module/reg_memory_reg[20][0]1346/TE f
                                                 -0.362     VIOLATED
      datapath_module/reg_file_module/reg_memory_reg[1][9]139/TE f
                                                 -0.362     VIOLATED
      datapath_module/reg_file_module/reg_memory_reg[1][8]138/TE f
                                                 -0.362     VIOLATED
      datapath_module/reg_file_module/reg_memory_reg[1][7]137/TE f
                                                 -0.362     VIOLATED
      datapath_module/reg_file_module/reg_memory_reg[1][6]136/TE f
                                                 -0.362     VIOLATED
      datapath_module/reg_file_module/reg_memory_reg[1][5]135/TE f
                                                 -0.362     VIOLATED
      datapath_module/reg_file_module/reg_memory_reg[1][4]134/TE f
                                                 -0.362     VIOLATED
      datapath_module/reg_file_module/reg_memory_reg[1][3]133/TE f
                                                 -0.362     VIOLATED
      datapath_module/reg_file_module/reg_memory_reg[1][31]161/TE f
                                                 -0.362     VIOLATED
      datapath_module/reg_file_module/reg_memory_reg[1][30]160/TE f
                                                 -0.362     VIOLATED
      datapath_module/reg_file_module/reg_memory_reg[1][2]132/TE f
                                                 -0.362     VIOLATED
      datapath_module/reg_file_module/reg_memory_reg[1][29]159/TE f
                                                 -0.362     VIOLATED
      datapath_module/reg_file_module/reg_memory_reg[1][28]158/TE f
                                                 -0.362     VIOLATED
      datapath_module/reg_file_module/reg_memory_reg[1][27]157/TE f
                                                 -0.362     VIOLATED
      datapath_module/reg_file_module/reg_memory_reg[1][26]156/TE f
                                                 -0.362     VIOLATED
      datapath_module/reg_file_module/reg_memory_reg[1][25]155/TE f
                                                 -0.362     VIOLATED
      datapath_module/reg_file_module/reg_memory_reg[1][24]154/TE f
                                                 -0.362     VIOLATED
      datapath_module/reg_file_module/reg_memory_reg[1][23]153/TE f
                                                 -0.362     VIOLATED
      datapath_module/reg_file_module/reg_memory_reg[1][22]152/TE f
                                                 -0.362     VIOLATED
      datapath_module/reg_file_module/reg_memory_reg[1][21]151/TE f
                                                 -0.362     VIOLATED
      datapath_module/reg_file_module/reg_memory_reg[1][20]150/TE f
                                                 -0.362     VIOLATED
      datapath_module/reg_file_module/reg_memory_reg[1][1]131/TE f
                                                 -0.362     VIOLATED
      datapath_module/reg_file_module/reg_memory_reg[1][19]149/TE f
                                                 -0.362     VIOLATED
      datapath_module/reg_file_module/reg_memory_reg[1][18]148/TE f
                                                 -0.362     VIOLATED
      datapath_module/reg_file_module/reg_memory_reg[1][17]147/TE f
                                                 -0.362     VIOLATED
      datapath_module/reg_file_module/reg_memory_reg[1][16]146/TE f
                                                 -0.362     VIOLATED
      datapath_module/reg_file_module/reg_memory_reg[1][15]145/TE f
                                                 -0.362     VIOLATED
      datapath_module/reg_file_module/reg_memory_reg[1][14]144/TE f
                                                 -0.362     VIOLATED
      datapath_module/reg_file_module/reg_memory_reg[1][13]143/TE f
                                                 -0.362     VIOLATED
      datapath_module/reg_file_module/reg_memory_reg[1][12]142/TE f
                                                 -0.362     VIOLATED
      datapath_module/reg_file_module/reg_memory_reg[1][11]141/TE f
                                                 -0.362     VIOLATED
      datapath_module/reg_file_module/reg_memory_reg[1][10]140/TE f
                                                 -0.362     VIOLATED
      datapath_module/reg_file_module/reg_memory_reg[1][0]130/TE f
                                                 -0.362     VIOLATED
      datapath_module/reg_file_module/reg_memory_reg[19][9]1291/TE f
                                                 -0.362     VIOLATED
      datapath_module/reg_file_module/reg_memory_reg[19][8]1290/TE f
                                                 -0.362     VIOLATED
      datapath_module/reg_file_module/reg_memory_reg[19][7]1289/TE f
                                                 -0.362     VIOLATED
      datapath_module/reg_file_module/reg_memory_reg[19][6]1288/TE f
                                                 -0.362     VIOLATED
      datapath_module/reg_file_module/reg_memory_reg[19][5]1287/TE f
                                                 -0.362     VIOLATED
      datapath_module/reg_file_module/reg_memory_reg[19][4]1286/TE f
                                                 -0.362     VIOLATED
      datapath_module/reg_file_module/reg_memory_reg[19][3]1285/TE f
                                                 -0.362     VIOLATED
      datapath_module/reg_file_module/reg_memory_reg[19][31]1313/TE f
                                                 -0.362     VIOLATED
      datapath_module/reg_file_module/reg_memory_reg[19][30]1312/TE f
                                                 -0.362     VIOLATED
      datapath_module/reg_file_module/reg_memory_reg[19][2]1284/TE f
                                                 -0.362     VIOLATED
      datapath_module/reg_file_module/reg_memory_reg[19][29]1311/TE f
                                                 -0.362     VIOLATED
      datapath_module/reg_file_module/reg_memory_reg[19][28]1310/TE f
                                                 -0.362     VIOLATED
      datapath_module/reg_file_module/reg_memory_reg[19][27]1309/TE f
                                                 -0.362     VIOLATED
      datapath_module/reg_file_module/reg_memory_reg[19][26]1308/TE f
                                                 -0.362     VIOLATED
      datapath_module/reg_file_module/reg_memory_reg[19][25]1307/TE f
                                                 -0.362     VIOLATED
      datapath_module/reg_file_module/reg_memory_reg[19][24]1306/TE f
                                                 -0.362     VIOLATED
      datapath_module/reg_file_module/reg_memory_reg[19][23]1305/TE f
                                                 -0.362     VIOLATED
      datapath_module/reg_file_module/reg_memory_reg[19][22]1304/TE f
                                                 -0.362     VIOLATED
      datapath_module/reg_file_module/reg_memory_reg[19][21]1303/TE f
                                                 -0.362     VIOLATED
      datapath_module/reg_file_module/reg_memory_reg[19][20]1302/TE f
                                                 -0.362     VIOLATED
      datapath_module/reg_file_module/reg_memory_reg[19][1]1283/TE f
                                                 -0.362     VIOLATED
      datapath_module/reg_file_module/reg_memory_reg[19][19]1301/TE f
                                                 -0.362     VIOLATED
      datapath_module/reg_file_module/reg_memory_reg[19][18]1300/TE f
                                                 -0.362     VIOLATED
      datapath_module/reg_file_module/reg_memory_reg[19][17]1299/TE f
                                                 -0.362     VIOLATED
      datapath_module/reg_file_module/reg_memory_reg[19][16]1298/TE f
                                                 -0.362     VIOLATED
      datapath_module/reg_file_module/reg_memory_reg[19][15]1297/TE f
                                                 -0.362     VIOLATED
      datapath_module/reg_file_module/reg_memory_reg[19][14]1296/TE f
                                                 -0.362     VIOLATED
      datapath_module/reg_file_module/reg_memory_reg[19][13]1295/TE f
                                                 -0.362     VIOLATED
      datapath_module/reg_file_module/reg_memory_reg[19][12]1294/TE f
                                                 -0.362     VIOLATED
      datapath_module/reg_file_module/reg_memory_reg[19][11]1293/TE f
                                                 -0.362     VIOLATED
      datapath_module/reg_file_module/reg_memory_reg[19][10]1292/TE f
                                                 -0.362     VIOLATED
      datapath_module/reg_file_module/reg_memory_reg[19][0]1282/TE f
                                                 -0.362     VIOLATED
      datapath_module/reg_file_module/reg_memory_reg[18][9]1227/TE f
                                                 -0.362     VIOLATED
      datapath_module/reg_file_module/reg_memory_reg[18][8]1226/TE f
                                                 -0.362     VIOLATED
      datapath_module/reg_file_module/reg_memory_reg[18][7]1225/TE f
                                                 -0.362     VIOLATED
      datapath_module/reg_file_module/reg_memory_reg[18][6]1224/TE f
                                                 -0.362     VIOLATED
      datapath_module/reg_file_module/reg_memory_reg[18][5]1223/TE f
                                                 -0.362     VIOLATED
      datapath_module/reg_file_module/reg_memory_reg[18][4]1222/TE f
                                                 -0.362     VIOLATED
      datapath_module/reg_file_module/reg_memory_reg[18][3]1221/TE f
                                                 -0.362     VIOLATED
      datapath_module/reg_file_module/reg_memory_reg[18][31]1249/TE f
                                                 -0.362     VIOLATED
      datapath_module/reg_file_module/reg_memory_reg[18][30]1248/TE f
                                                 -0.362     VIOLATED
      datapath_module/reg_file_module/reg_memory_reg[18][2]1220/TE f
                                                 -0.362     VIOLATED
      datapath_module/reg_file_module/reg_memory_reg[18][29]1247/TE f
                                                 -0.362     VIOLATED
      datapath_module/reg_file_module/reg_memory_reg[18][28]1246/TE f
                                                 -0.362     VIOLATED
      datapath_module/reg_file_module/reg_memory_reg[18][27]1245/TE f
                                                 -0.362     VIOLATED
      datapath_module/reg_file_module/reg_memory_reg[18][26]1244/TE f
                                                 -0.362     VIOLATED
      datapath_module/reg_file_module/reg_memory_reg[18][25]1243/TE f
                                                 -0.362     VIOLATED
      datapath_module/reg_file_module/reg_memory_reg[18][24]1242/TE f
                                                 -0.362     VIOLATED
      datapath_module/reg_file_module/reg_memory_reg[18][23]1241/TE f
                                                 -0.362     VIOLATED
      datapath_module/reg_file_module/reg_memory_reg[18][22]1240/TE f
                                                 -0.362     VIOLATED
      datapath_module/reg_file_module/reg_memory_reg[18][21]1239/TE f
                                                 -0.362     VIOLATED
      datapath_module/reg_file_module/reg_memory_reg[18][20]1238/TE f
                                                 -0.362     VIOLATED
      datapath_module/reg_file_module/reg_memory_reg[18][1]1219/TE f
                                                 -0.362     VIOLATED
      datapath_module/reg_file_module/reg_memory_reg[18][19]1237/TE f
                                                 -0.362     VIOLATED
      datapath_module/reg_file_module/reg_memory_reg[18][18]1236/TE f
                                                 -0.362     VIOLATED
      datapath_module/reg_file_module/reg_memory_reg[18][17]1235/TE f
                                                 -0.362     VIOLATED
      datapath_module/reg_file_module/reg_memory_reg[18][16]1234/TE f
                                                 -0.362     VIOLATED
      datapath_module/reg_file_module/reg_memory_reg[18][15]1233/TE f
                                                 -0.362     VIOLATED
      datapath_module/reg_file_module/reg_memory_reg[18][14]1232/TE f
                                                 -0.362     VIOLATED
      datapath_module/reg_file_module/reg_memory_reg[18][13]1231/TE f
                                                 -0.362     VIOLATED
      datapath_module/reg_file_module/reg_memory_reg[18][12]1230/TE f
                                                 -0.362     VIOLATED
      datapath_module/reg_file_module/reg_memory_reg[18][11]1229/TE f
                                                 -0.362     VIOLATED
      datapath_module/reg_file_module/reg_memory_reg[18][10]1228/TE f
                                                 -0.362     VIOLATED
      datapath_module/reg_file_module/reg_memory_reg[18][0]1218/TE f
                                                 -0.362     VIOLATED
      datapath_module/reg_file_module/reg_memory_reg[17][9]1163/TE f
                                                 -0.362     VIOLATED
      datapath_module/reg_file_module/reg_memory_reg[17][8]1162/TE f
                                                 -0.362     VIOLATED
      datapath_module/reg_file_module/reg_memory_reg[17][7]1161/TE f
                                                 -0.362     VIOLATED
      datapath_module/reg_file_module/reg_memory_reg[17][6]1160/TE f
                                                 -0.362     VIOLATED
      datapath_module/reg_file_module/reg_memory_reg[17][5]1159/TE f
                                                 -0.362     VIOLATED
      datapath_module/reg_file_module/reg_memory_reg[17][4]1158/TE f
                                                 -0.362     VIOLATED
      datapath_module/reg_file_module/reg_memory_reg[17][3]1157/TE f
                                                 -0.362     VIOLATED
      datapath_module/reg_file_module/reg_memory_reg[17][31]1185/TE f
                                                 -0.362     VIOLATED
      datapath_module/reg_file_module/reg_memory_reg[17][30]1184/TE f
                                                 -0.362     VIOLATED
      datapath_module/reg_file_module/reg_memory_reg[17][2]1156/TE f
                                                 -0.362     VIOLATED
      datapath_module/reg_file_module/reg_memory_reg[17][29]1183/TE f
                                                 -0.362     VIOLATED
      datapath_module/reg_file_module/reg_memory_reg[17][28]1182/TE f
                                                 -0.362     VIOLATED
      datapath_module/reg_file_module/reg_memory_reg[17][27]1181/TE f
                                                 -0.362     VIOLATED
      datapath_module/reg_file_module/reg_memory_reg[17][26]1180/TE f
                                                 -0.362     VIOLATED
      datapath_module/reg_file_module/reg_memory_reg[17][25]1179/TE f
                                                 -0.362     VIOLATED
      datapath_module/reg_file_module/reg_memory_reg[17][24]1178/TE f
                                                 -0.362     VIOLATED
      datapath_module/reg_file_module/reg_memory_reg[17][23]1177/TE f
                                                 -0.362     VIOLATED
      datapath_module/reg_file_module/reg_memory_reg[17][22]1176/TE f
                                                 -0.362     VIOLATED
      datapath_module/reg_file_module/reg_memory_reg[17][21]1175/TE f
                                                 -0.362     VIOLATED
      datapath_module/reg_file_module/reg_memory_reg[17][20]1174/TE f
                                                 -0.362     VIOLATED
      datapath_module/reg_file_module/reg_memory_reg[17][1]1155/TE f
                                                 -0.362     VIOLATED
      datapath_module/reg_file_module/reg_memory_reg[17][19]1173/TE f
                                                 -0.362     VIOLATED
      datapath_module/reg_file_module/reg_memory_reg[17][18]1172/TE f
                                                 -0.362     VIOLATED
      datapath_module/reg_file_module/reg_memory_reg[17][17]1171/TE f
                                                 -0.362     VIOLATED
      datapath_module/reg_file_module/reg_memory_reg[17][16]1170/TE f
                                                 -0.362     VIOLATED
      datapath_module/reg_file_module/reg_memory_reg[17][15]1169/TE f
                                                 -0.362     VIOLATED
      datapath_module/reg_file_module/reg_memory_reg[17][14]1168/TE f
                                                 -0.362     VIOLATED
      datapath_module/reg_file_module/reg_memory_reg[17][13]1167/TE f
                                                 -0.362     VIOLATED
      datapath_module/reg_file_module/reg_memory_reg[17][12]1166/TE f
                                                 -0.362     VIOLATED
      datapath_module/reg_file_module/reg_memory_reg[17][11]1165/TE f
                                                 -0.362     VIOLATED
      datapath_module/reg_file_module/reg_memory_reg[17][10]1164/TE f
                                                 -0.362     VIOLATED
      datapath_module/reg_file_module/reg_memory_reg[17][0]1154/TE f
                                                 -0.362     VIOLATED
      datapath_module/reg_file_module/reg_memory_reg[16][9]1099/TE f
                                                 -0.362     VIOLATED
      datapath_module/reg_file_module/reg_memory_reg[16][8]1098/TE f
                                                 -0.362     VIOLATED
      datapath_module/reg_file_module/reg_memory_reg[16][7]1097/TE f
                                                 -0.362     VIOLATED
      datapath_module/reg_file_module/reg_memory_reg[16][6]1096/TE f
                                                 -0.362     VIOLATED
      datapath_module/reg_file_module/reg_memory_reg[16][5]1095/TE f
                                                 -0.362     VIOLATED
      datapath_module/reg_file_module/reg_memory_reg[16][4]1094/TE f
                                                 -0.362     VIOLATED
      datapath_module/reg_file_module/reg_memory_reg[16][3]1093/TE f
                                                 -0.362     VIOLATED
      datapath_module/reg_file_module/reg_memory_reg[16][31]1121/TE f
                                                 -0.362     VIOLATED
      datapath_module/reg_file_module/reg_memory_reg[16][30]1120/TE f
                                                 -0.362     VIOLATED
      datapath_module/reg_file_module/reg_memory_reg[16][2]1092/TE f
                                                 -0.362     VIOLATED
      datapath_module/reg_file_module/reg_memory_reg[16][29]1119/TE f
                                                 -0.362     VIOLATED
      datapath_module/reg_file_module/reg_memory_reg[16][28]1118/TE f
                                                 -0.362     VIOLATED
      datapath_module/reg_file_module/reg_memory_reg[16][27]1117/TE f
                                                 -0.362     VIOLATED
      datapath_module/reg_file_module/reg_memory_reg[16][26]1116/TE f
                                                 -0.362     VIOLATED
      datapath_module/reg_file_module/reg_memory_reg[16][25]1115/TE f
                                                 -0.362     VIOLATED
      datapath_module/reg_file_module/reg_memory_reg[16][24]1114/TE f
                                                 -0.362     VIOLATED
      datapath_module/reg_file_module/reg_memory_reg[16][23]1113/TE f
                                                 -0.362     VIOLATED
      datapath_module/reg_file_module/reg_memory_reg[16][22]1112/TE f
                                                 -0.362     VIOLATED
      datapath_module/reg_file_module/reg_memory_reg[16][21]1111/TE f
                                                 -0.362     VIOLATED
      datapath_module/reg_file_module/reg_memory_reg[16][20]1110/TE f
                                                 -0.362     VIOLATED
      datapath_module/reg_file_module/reg_memory_reg[16][1]1091/TE f
                                                 -0.362     VIOLATED
      datapath_module/reg_file_module/reg_memory_reg[16][19]1109/TE f
                                                 -0.362     VIOLATED
      datapath_module/reg_file_module/reg_memory_reg[16][18]1108/TE f
                                                 -0.362     VIOLATED
      datapath_module/reg_file_module/reg_memory_reg[16][17]1107/TE f
                                                 -0.362     VIOLATED
      datapath_module/reg_file_module/reg_memory_reg[16][16]1106/TE f
                                                 -0.362     VIOLATED
      datapath_module/reg_file_module/reg_memory_reg[16][15]1105/TE f
                                                 -0.362     VIOLATED
      datapath_module/reg_file_module/reg_memory_reg[16][14]1104/TE f
                                                 -0.362     VIOLATED
      datapath_module/reg_file_module/reg_memory_reg[16][13]1103/TE f
                                                 -0.362     VIOLATED
      datapath_module/reg_file_module/reg_memory_reg[16][12]1102/TE f
                                                 -0.362     VIOLATED
      datapath_module/reg_file_module/reg_memory_reg[16][11]1101/TE f
                                                 -0.362     VIOLATED
      datapath_module/reg_file_module/reg_memory_reg[16][10]1100/TE f
                                                 -0.362     VIOLATED
      datapath_module/reg_file_module/reg_memory_reg[16][0]1090/TE f
                                                 -0.362     VIOLATED
      datapath_module/reg_file_module/reg_memory_reg[15][9]1035/TE f
                                                 -0.362     VIOLATED
      datapath_module/reg_file_module/reg_memory_reg[15][8]1034/TE f
                                                 -0.362     VIOLATED
      datapath_module/reg_file_module/reg_memory_reg[15][7]1033/TE f
                                                 -0.362     VIOLATED
      datapath_module/reg_file_module/reg_memory_reg[15][6]1032/TE f
                                                 -0.362     VIOLATED
      datapath_module/reg_file_module/reg_memory_reg[15][5]1031/TE f
                                                 -0.362     VIOLATED
      datapath_module/reg_file_module/reg_memory_reg[15][4]1030/TE f
                                                 -0.362     VIOLATED
      datapath_module/reg_file_module/reg_memory_reg[15][3]1029/TE f
                                                 -0.362     VIOLATED
      datapath_module/reg_file_module/reg_memory_reg[15][31]1057/TE f
                                                 -0.362     VIOLATED
      datapath_module/reg_file_module/reg_memory_reg[15][30]1056/TE f
                                                 -0.362     VIOLATED
      datapath_module/reg_file_module/reg_memory_reg[15][2]1028/TE f
                                                 -0.362     VIOLATED
      datapath_module/reg_file_module/reg_memory_reg[15][29]1055/TE f
                                                 -0.362     VIOLATED
      datapath_module/reg_file_module/reg_memory_reg[15][28]1054/TE f
                                                 -0.362     VIOLATED
      datapath_module/reg_file_module/reg_memory_reg[15][27]1053/TE f
                                                 -0.362     VIOLATED
      datapath_module/reg_file_module/reg_memory_reg[15][26]1052/TE f
                                                 -0.362     VIOLATED
      datapath_module/reg_file_module/reg_memory_reg[15][25]1051/TE f
                                                 -0.362     VIOLATED
      datapath_module/reg_file_module/reg_memory_reg[15][24]1050/TE f
                                                 -0.362     VIOLATED
      datapath_module/reg_file_module/reg_memory_reg[15][23]1049/TE f
                                                 -0.362     VIOLATED
      datapath_module/reg_file_module/reg_memory_reg[15][22]1048/TE f
                                                 -0.362     VIOLATED
      datapath_module/reg_file_module/reg_memory_reg[15][21]1047/TE f
                                                 -0.362     VIOLATED
      datapath_module/reg_file_module/reg_memory_reg[15][20]1046/TE f
                                                 -0.362     VIOLATED
      datapath_module/reg_file_module/reg_memory_reg[15][1]1027/TE f
                                                 -0.362     VIOLATED
      datapath_module/reg_file_module/reg_memory_reg[15][19]1045/TE f
                                                 -0.362     VIOLATED
      datapath_module/reg_file_module/reg_memory_reg[15][18]1044/TE f
                                                 -0.362     VIOLATED
      datapath_module/reg_file_module/reg_memory_reg[15][17]1043/TE f
                                                 -0.362     VIOLATED
      datapath_module/reg_file_module/reg_memory_reg[15][16]1042/TE f
                                                 -0.362     VIOLATED
      datapath_module/reg_file_module/reg_memory_reg[15][15]1041/TE f
                                                 -0.362     VIOLATED
      datapath_module/reg_file_module/reg_memory_reg[15][14]1040/TE f
                                                 -0.362     VIOLATED
      datapath_module/reg_file_module/reg_memory_reg[15][13]1039/TE f
                                                 -0.362     VIOLATED
      datapath_module/reg_file_module/reg_memory_reg[15][12]1038/TE f
                                                 -0.362     VIOLATED
      datapath_module/reg_file_module/reg_memory_reg[15][11]1037/TE f
                                                 -0.362     VIOLATED
      datapath_module/reg_file_module/reg_memory_reg[15][10]1036/TE f
                                                 -0.362     VIOLATED
      datapath_module/reg_file_module/reg_memory_reg[15][0]1026/TE f
                                                 -0.362     VIOLATED
      datapath_module/reg_file_module/reg_memory_reg[14][9]971/TE f
                                                 -0.362     VIOLATED
      datapath_module/reg_file_module/reg_memory_reg[14][8]970/TE f
                                                 -0.362     VIOLATED
      datapath_module/reg_file_module/reg_memory_reg[14][7]969/TE f
                                                 -0.362     VIOLATED
      datapath_module/reg_file_module/reg_memory_reg[14][6]968/TE f
                                                 -0.362     VIOLATED
      datapath_module/reg_file_module/reg_memory_reg[14][5]967/TE f
                                                 -0.362     VIOLATED
      datapath_module/reg_file_module/reg_memory_reg[14][4]966/TE f
                                                 -0.362     VIOLATED
      datapath_module/reg_file_module/reg_memory_reg[14][3]965/TE f
                                                 -0.362     VIOLATED
      datapath_module/reg_file_module/reg_memory_reg[14][31]993/TE f
                                                 -0.362     VIOLATED
      datapath_module/reg_file_module/reg_memory_reg[14][30]992/TE f
                                                 -0.362     VIOLATED
      datapath_module/reg_file_module/reg_memory_reg[14][2]964/TE f
                                                 -0.362     VIOLATED
      datapath_module/reg_file_module/reg_memory_reg[14][29]991/TE f
                                                 -0.362     VIOLATED
      datapath_module/reg_file_module/reg_memory_reg[14][28]990/TE f
                                                 -0.362     VIOLATED
      datapath_module/reg_file_module/reg_memory_reg[14][27]989/TE f
                                                 -0.362     VIOLATED
      datapath_module/reg_file_module/reg_memory_reg[14][26]988/TE f
                                                 -0.362     VIOLATED
      datapath_module/reg_file_module/reg_memory_reg[14][25]987/TE f
                                                 -0.362     VIOLATED
      datapath_module/reg_file_module/reg_memory_reg[14][24]986/TE f
                                                 -0.362     VIOLATED
      datapath_module/reg_file_module/reg_memory_reg[14][23]985/TE f
                                                 -0.362     VIOLATED
      datapath_module/reg_file_module/reg_memory_reg[14][22]984/TE f
                                                 -0.362     VIOLATED
      datapath_module/reg_file_module/reg_memory_reg[14][21]983/TE f
                                                 -0.362     VIOLATED
      datapath_module/reg_file_module/reg_memory_reg[14][20]982/TE f
                                                 -0.362     VIOLATED
      datapath_module/reg_file_module/reg_memory_reg[14][1]963/TE f
                                                 -0.362     VIOLATED
      datapath_module/reg_file_module/reg_memory_reg[14][19]981/TE f
                                                 -0.362     VIOLATED
      datapath_module/reg_file_module/reg_memory_reg[14][18]980/TE f
                                                 -0.362     VIOLATED
      datapath_module/reg_file_module/reg_memory_reg[14][17]979/TE f
                                                 -0.362     VIOLATED
      datapath_module/reg_file_module/reg_memory_reg[14][16]978/TE f
                                                 -0.362     VIOLATED
      datapath_module/reg_file_module/reg_memory_reg[14][15]977/TE f
                                                 -0.362     VIOLATED
      datapath_module/reg_file_module/reg_memory_reg[14][14]976/TE f
                                                 -0.362     VIOLATED
      datapath_module/reg_file_module/reg_memory_reg[14][13]975/TE f
                                                 -0.362     VIOLATED
      datapath_module/reg_file_module/reg_memory_reg[14][12]974/TE f
                                                 -0.362     VIOLATED
      datapath_module/reg_file_module/reg_memory_reg[14][11]973/TE f
                                                 -0.362     VIOLATED
      datapath_module/reg_file_module/reg_memory_reg[14][10]972/TE f
                                                 -0.362     VIOLATED
      datapath_module/reg_file_module/reg_memory_reg[14][0]962/TE f
                                                 -0.362     VIOLATED
      datapath_module/reg_file_module/reg_memory_reg[13][9]907/TE f
                                                 -0.362     VIOLATED
      datapath_module/reg_file_module/reg_memory_reg[13][8]906/TE f
                                                 -0.362     VIOLATED
      datapath_module/reg_file_module/reg_memory_reg[13][7]905/TE f
                                                 -0.362     VIOLATED
      datapath_module/reg_file_module/reg_memory_reg[13][6]904/TE f
                                                 -0.362     VIOLATED
      datapath_module/reg_file_module/reg_memory_reg[13][5]903/TE f
                                                 -0.362     VIOLATED
      datapath_module/reg_file_module/reg_memory_reg[13][4]902/TE f
                                                 -0.362     VIOLATED
      datapath_module/reg_file_module/reg_memory_reg[13][3]901/TE f
                                                 -0.362     VIOLATED
      datapath_module/reg_file_module/reg_memory_reg[13][31]929/TE f
                                                 -0.362     VIOLATED
      datapath_module/reg_file_module/reg_memory_reg[13][30]928/TE f
                                                 -0.362     VIOLATED
      datapath_module/reg_file_module/reg_memory_reg[13][2]900/TE f
                                                 -0.362     VIOLATED
      datapath_module/reg_file_module/reg_memory_reg[13][29]927/TE f
                                                 -0.362     VIOLATED
      datapath_module/reg_file_module/reg_memory_reg[13][28]926/TE f
                                                 -0.362     VIOLATED
      datapath_module/reg_file_module/reg_memory_reg[13][27]925/TE f
                                                 -0.362     VIOLATED
      datapath_module/reg_file_module/reg_memory_reg[13][26]924/TE f
                                                 -0.362     VIOLATED
      datapath_module/reg_file_module/reg_memory_reg[13][25]923/TE f
                                                 -0.362     VIOLATED
      datapath_module/reg_file_module/reg_memory_reg[13][24]922/TE f
                                                 -0.362     VIOLATED
      datapath_module/reg_file_module/reg_memory_reg[13][23]921/TE f
                                                 -0.362     VIOLATED
      datapath_module/reg_file_module/reg_memory_reg[13][22]920/TE f
                                                 -0.362     VIOLATED
      datapath_module/reg_file_module/reg_memory_reg[13][21]919/TE f
                                                 -0.362     VIOLATED
      datapath_module/reg_file_module/reg_memory_reg[13][20]918/TE f
                                                 -0.362     VIOLATED
      datapath_module/reg_file_module/reg_memory_reg[13][1]899/TE f
                                                 -0.362     VIOLATED
      datapath_module/reg_file_module/reg_memory_reg[13][19]917/TE f
                                                 -0.362     VIOLATED
      datapath_module/reg_file_module/reg_memory_reg[13][18]916/TE f
                                                 -0.362     VIOLATED
      datapath_module/reg_file_module/reg_memory_reg[13][17]915/TE f
                                                 -0.362     VIOLATED
      datapath_module/reg_file_module/reg_memory_reg[13][16]914/TE f
                                                 -0.362     VIOLATED
      datapath_module/reg_file_module/reg_memory_reg[13][15]913/TE f
                                                 -0.362     VIOLATED
      datapath_module/reg_file_module/reg_memory_reg[13][14]912/TE f
                                                 -0.362     VIOLATED
      datapath_module/reg_file_module/reg_memory_reg[13][13]911/TE f
                                                 -0.362     VIOLATED
      datapath_module/reg_file_module/reg_memory_reg[13][12]910/TE f
                                                 -0.362     VIOLATED
      datapath_module/reg_file_module/reg_memory_reg[13][11]909/TE f
                                                 -0.362     VIOLATED
      datapath_module/reg_file_module/reg_memory_reg[13][10]908/TE f
                                                 -0.362     VIOLATED
      datapath_module/reg_file_module/reg_memory_reg[13][0]898/TE f
                                                 -0.362     VIOLATED
      datapath_module/reg_file_module/reg_memory_reg[12][9]843/TE f
                                                 -0.362     VIOLATED
      datapath_module/reg_file_module/reg_memory_reg[12][8]842/TE f
                                                 -0.362     VIOLATED
      datapath_module/reg_file_module/reg_memory_reg[12][7]841/TE f
                                                 -0.362     VIOLATED
      datapath_module/reg_file_module/reg_memory_reg[12][6]840/TE f
                                                 -0.362     VIOLATED
      datapath_module/reg_file_module/reg_memory_reg[12][5]839/TE f
                                                 -0.362     VIOLATED
      datapath_module/reg_file_module/reg_memory_reg[12][4]838/TE f
                                                 -0.362     VIOLATED
      datapath_module/reg_file_module/reg_memory_reg[12][3]837/TE f
                                                 -0.362     VIOLATED
      datapath_module/reg_file_module/reg_memory_reg[12][31]865/TE f
                                                 -0.362     VIOLATED
      datapath_module/reg_file_module/reg_memory_reg[12][30]864/TE f
                                                 -0.362     VIOLATED
      datapath_module/reg_file_module/reg_memory_reg[12][2]836/TE f
                                                 -0.362     VIOLATED
      datapath_module/reg_file_module/reg_memory_reg[12][29]863/TE f
                                                 -0.362     VIOLATED
      datapath_module/reg_file_module/reg_memory_reg[12][28]862/TE f
                                                 -0.362     VIOLATED
      datapath_module/reg_file_module/reg_memory_reg[12][27]861/TE f
                                                 -0.362     VIOLATED
      datapath_module/reg_file_module/reg_memory_reg[12][26]860/TE f
                                                 -0.362     VIOLATED
      datapath_module/reg_file_module/reg_memory_reg[12][25]859/TE f
                                                 -0.362     VIOLATED
      datapath_module/reg_file_module/reg_memory_reg[12][24]858/TE f
                                                 -0.362     VIOLATED
      datapath_module/reg_file_module/reg_memory_reg[12][23]857/TE f
                                                 -0.362     VIOLATED
      datapath_module/reg_file_module/reg_memory_reg[12][22]856/TE f
                                                 -0.362     VIOLATED
      datapath_module/reg_file_module/reg_memory_reg[12][21]855/TE f
                                                 -0.362     VIOLATED
      datapath_module/reg_file_module/reg_memory_reg[12][20]854/TE f
                                                 -0.362     VIOLATED
      datapath_module/reg_file_module/reg_memory_reg[12][1]835/TE f
                                                 -0.362     VIOLATED
      datapath_module/reg_file_module/reg_memory_reg[12][19]853/TE f
                                                 -0.362     VIOLATED
      datapath_module/reg_file_module/reg_memory_reg[12][18]852/TE f
                                                 -0.362     VIOLATED
      datapath_module/reg_file_module/reg_memory_reg[12][17]851/TE f
                                                 -0.362     VIOLATED
      datapath_module/reg_file_module/reg_memory_reg[12][16]850/TE f
                                                 -0.362     VIOLATED
      datapath_module/reg_file_module/reg_memory_reg[12][15]849/TE f
                                                 -0.362     VIOLATED
      datapath_module/reg_file_module/reg_memory_reg[12][14]848/TE f
                                                 -0.362     VIOLATED
      datapath_module/reg_file_module/reg_memory_reg[12][13]847/TE f
                                                 -0.362     VIOLATED
      datapath_module/reg_file_module/reg_memory_reg[12][12]846/TE f
                                                 -0.362     VIOLATED
      datapath_module/reg_file_module/reg_memory_reg[12][11]845/TE f
                                                 -0.362     VIOLATED
      datapath_module/reg_file_module/reg_memory_reg[12][10]844/TE f
                                                 -0.362     VIOLATED
      datapath_module/reg_file_module/reg_memory_reg[12][0]834/TE f
                                                 -0.362     VIOLATED
      datapath_module/reg_file_module/reg_memory_reg[11][9]779/TE f
                                                 -0.362     VIOLATED
      datapath_module/reg_file_module/reg_memory_reg[11][8]778/TE f
                                                 -0.362     VIOLATED
      datapath_module/reg_file_module/reg_memory_reg[11][7]777/TE f
                                                 -0.362     VIOLATED
      datapath_module/reg_file_module/reg_memory_reg[11][6]776/TE f
                                                 -0.362     VIOLATED
      datapath_module/reg_file_module/reg_memory_reg[11][5]775/TE f
                                                 -0.362     VIOLATED
      datapath_module/reg_file_module/reg_memory_reg[11][4]774/TE f
                                                 -0.362     VIOLATED
      datapath_module/reg_file_module/reg_memory_reg[11][3]773/TE f
                                                 -0.362     VIOLATED
      datapath_module/reg_file_module/reg_memory_reg[11][31]801/TE f
                                                 -0.362     VIOLATED
      datapath_module/reg_file_module/reg_memory_reg[11][30]800/TE f
                                                 -0.362     VIOLATED
      datapath_module/reg_file_module/reg_memory_reg[11][2]772/TE f
                                                 -0.362     VIOLATED
      datapath_module/reg_file_module/reg_memory_reg[11][29]799/TE f
                                                 -0.362     VIOLATED
      datapath_module/reg_file_module/reg_memory_reg[11][28]798/TE f
                                                 -0.362     VIOLATED
      datapath_module/reg_file_module/reg_memory_reg[11][27]797/TE f
                                                 -0.362     VIOLATED
      datapath_module/reg_file_module/reg_memory_reg[11][26]796/TE f
                                                 -0.362     VIOLATED
      datapath_module/reg_file_module/reg_memory_reg[11][25]795/TE f
                                                 -0.362     VIOLATED
      datapath_module/reg_file_module/reg_memory_reg[11][24]794/TE f
                                                 -0.362     VIOLATED
      datapath_module/reg_file_module/reg_memory_reg[11][23]793/TE f
                                                 -0.362     VIOLATED
      datapath_module/reg_file_module/reg_memory_reg[11][22]792/TE f
                                                 -0.362     VIOLATED
      datapath_module/reg_file_module/reg_memory_reg[11][21]791/TE f
                                                 -0.362     VIOLATED
      datapath_module/reg_file_module/reg_memory_reg[11][20]790/TE f
                                                 -0.362     VIOLATED
      datapath_module/reg_file_module/reg_memory_reg[11][1]771/TE f
                                                 -0.362     VIOLATED
      datapath_module/reg_file_module/reg_memory_reg[11][19]789/TE f
                                                 -0.362     VIOLATED
      datapath_module/reg_file_module/reg_memory_reg[11][18]788/TE f
                                                 -0.362     VIOLATED
      datapath_module/reg_file_module/reg_memory_reg[11][17]787/TE f
                                                 -0.362     VIOLATED
      datapath_module/reg_file_module/reg_memory_reg[11][16]786/TE f
                                                 -0.362     VIOLATED
      datapath_module/reg_file_module/reg_memory_reg[11][15]785/TE f
                                                 -0.362     VIOLATED
      datapath_module/reg_file_module/reg_memory_reg[11][14]784/TE f
                                                 -0.362     VIOLATED
      datapath_module/reg_file_module/reg_memory_reg[11][13]783/TE f
                                                 -0.362     VIOLATED
      datapath_module/reg_file_module/reg_memory_reg[11][12]782/TE f
                                                 -0.362     VIOLATED
      datapath_module/reg_file_module/reg_memory_reg[11][11]781/TE f
                                                 -0.362     VIOLATED
      datapath_module/reg_file_module/reg_memory_reg[11][10]780/TE f
                                                 -0.362     VIOLATED
      datapath_module/reg_file_module/reg_memory_reg[11][0]770/TE f
                                                 -0.362     VIOLATED
      datapath_module/reg_file_module/reg_memory_reg[10][9]715/TE f
                                                 -0.362     VIOLATED
      datapath_module/reg_file_module/reg_memory_reg[10][8]714/TE f
                                                 -0.362     VIOLATED
      datapath_module/reg_file_module/reg_memory_reg[10][7]713/TE f
                                                 -0.362     VIOLATED
      datapath_module/reg_file_module/reg_memory_reg[10][6]712/TE f
                                                 -0.362     VIOLATED
      datapath_module/reg_file_module/reg_memory_reg[10][5]711/TE f
                                                 -0.362     VIOLATED
      datapath_module/reg_file_module/reg_memory_reg[10][4]710/TE f
                                                 -0.362     VIOLATED
      datapath_module/reg_file_module/reg_memory_reg[10][3]709/TE f
                                                 -0.362     VIOLATED
      datapath_module/reg_file_module/reg_memory_reg[10][31]737/TE f
                                                 -0.362     VIOLATED
      datapath_module/reg_file_module/reg_memory_reg[10][30]736/TE f
                                                 -0.362     VIOLATED
      datapath_module/reg_file_module/reg_memory_reg[10][2]708/TE f
                                                 -0.362     VIOLATED
      datapath_module/reg_file_module/reg_memory_reg[10][29]735/TE f
                                                 -0.362     VIOLATED
      datapath_module/reg_file_module/reg_memory_reg[10][28]734/TE f
                                                 -0.362     VIOLATED
      datapath_module/reg_file_module/reg_memory_reg[10][27]733/TE f
                                                 -0.362     VIOLATED
      datapath_module/reg_file_module/reg_memory_reg[10][26]732/TE f
                                                 -0.362     VIOLATED
      datapath_module/reg_file_module/reg_memory_reg[10][25]731/TE f
                                                 -0.362     VIOLATED
      datapath_module/reg_file_module/reg_memory_reg[10][24]730/TE f
                                                 -0.362     VIOLATED
      datapath_module/reg_file_module/reg_memory_reg[10][23]729/TE f
                                                 -0.362     VIOLATED
      datapath_module/reg_file_module/reg_memory_reg[10][22]728/TE f
                                                 -0.362     VIOLATED
      datapath_module/reg_file_module/reg_memory_reg[10][21]727/TE f
                                                 -0.362     VIOLATED
      datapath_module/reg_file_module/reg_memory_reg[10][20]726/TE f
                                                 -0.362     VIOLATED
      datapath_module/reg_file_module/reg_memory_reg[10][1]707/TE f
                                                 -0.362     VIOLATED
      datapath_module/reg_file_module/reg_memory_reg[10][19]725/TE f
                                                 -0.362     VIOLATED
      datapath_module/reg_file_module/reg_memory_reg[10][18]724/TE f
                                                 -0.362     VIOLATED
      datapath_module/reg_file_module/reg_memory_reg[10][17]723/TE f
                                                 -0.362     VIOLATED
      datapath_module/reg_file_module/reg_memory_reg[10][16]722/TE f
                                                 -0.362     VIOLATED
      datapath_module/reg_file_module/reg_memory_reg[10][15]721/TE f
                                                 -0.362     VIOLATED
      datapath_module/reg_file_module/reg_memory_reg[10][14]720/TE f
                                                 -0.362     VIOLATED
      datapath_module/reg_file_module/reg_memory_reg[10][13]719/TE f
                                                 -0.362     VIOLATED
      datapath_module/reg_file_module/reg_memory_reg[10][12]718/TE f
                                                 -0.362     VIOLATED
      datapath_module/reg_file_module/reg_memory_reg[10][11]717/TE f
                                                 -0.362     VIOLATED
      datapath_module/reg_file_module/reg_memory_reg[10][10]716/TE f
                                                 -0.362     VIOLATED
      datapath_module/reg_file_module/reg_memory_reg[10][0]706/TE f
                                                 -0.362     VIOLATED
      datapath_module/reg_file_module/reg_memory_reg[0][9]107/TE f
                                                 -0.362     VIOLATED
      datapath_module/reg_file_module/reg_memory_reg[0][8]106/TE f
                                                 -0.362     VIOLATED
      datapath_module/reg_file_module/reg_memory_reg[0][7]105/TE f
                                                 -0.362     VIOLATED
      datapath_module/reg_file_module/reg_memory_reg[0][6]104/TE f
                                                 -0.362     VIOLATED
      datapath_module/reg_file_module/reg_memory_reg[0][5]103/TE f
                                                 -0.362     VIOLATED
      datapath_module/reg_file_module/reg_memory_reg[0][4]102/TE f
                                                 -0.362     VIOLATED
      datapath_module/reg_file_module/reg_memory_reg[0][3]101/TE f
                                                 -0.362     VIOLATED
      datapath_module/reg_file_module/reg_memory_reg[0][31]129/TE f
                                                 -0.362     VIOLATED
      datapath_module/reg_file_module/reg_memory_reg[0][30]128/TE f
                                                 -0.362     VIOLATED
      datapath_module/reg_file_module/reg_memory_reg[0][2]100/TE f
                                                 -0.362     VIOLATED
      datapath_module/reg_file_module/reg_memory_reg[0][29]127/TE f
                                                 -0.362     VIOLATED
      datapath_module/reg_file_module/reg_memory_reg[0][28]126/TE f
                                                 -0.362     VIOLATED
      datapath_module/reg_file_module/reg_memory_reg[0][27]125/TE f
                                                 -0.362     VIOLATED
      datapath_module/reg_file_module/reg_memory_reg[0][26]124/TE f
                                                 -0.362     VIOLATED
      datapath_module/reg_file_module/reg_memory_reg[0][25]123/TE f
                                                 -0.362     VIOLATED
      datapath_module/reg_file_module/reg_memory_reg[0][24]122/TE f
                                                 -0.362     VIOLATED
      datapath_module/reg_file_module/reg_memory_reg[0][23]121/TE f
                                                 -0.362     VIOLATED
      datapath_module/reg_file_module/reg_memory_reg[0][22]120/TE f
                                                 -0.362     VIOLATED
      datapath_module/reg_file_module/reg_memory_reg[0][21]119/TE f
                                                 -0.362     VIOLATED
      datapath_module/reg_file_module/reg_memory_reg[0][20]118/TE f
                                                 -0.362     VIOLATED
      datapath_module/reg_file_module/reg_memory_reg[0][1]99/TE f
                                                 -0.362     VIOLATED
      datapath_module/reg_file_module/reg_memory_reg[0][19]117/TE f
                                                 -0.362     VIOLATED
      datapath_module/reg_file_module/reg_memory_reg[0][18]116/TE f
                                                 -0.362     VIOLATED
      datapath_module/reg_file_module/reg_memory_reg[0][17]115/TE f
                                                 -0.362     VIOLATED
      datapath_module/reg_file_module/reg_memory_reg[0][16]114/TE f
                                                 -0.362     VIOLATED
      datapath_module/reg_file_module/reg_memory_reg[0][15]113/TE f
                                                 -0.362     VIOLATED
      datapath_module/reg_file_module/reg_memory_reg[0][14]112/TE f
                                                 -0.362     VIOLATED
      datapath_module/reg_file_module/reg_memory_reg[0][13]111/TE f
                                                 -0.362     VIOLATED
      datapath_module/reg_file_module/reg_memory_reg[0][12]110/TE f
                                                 -0.362     VIOLATED
      datapath_module/reg_file_module/reg_memory_reg[0][11]109/TE f
                                                 -0.362     VIOLATED
      datapath_module/reg_file_module/reg_memory_reg[0][10]108/TE f
                                                 -0.362     VIOLATED
      datapath_module/reg_file_module/reg_memory_reg[0][0]98/TE f
                                                 -0.362     VIOLATED
      ------------------------------------------------------------------------------------------------

Check type : clock_period
---------------------------
No paths found

Check type : skew
---------------------------
No paths found

Check type : pulse_width
---------------------------
 No violating Checks with given description found

Check type : max_transition
---------------------------
     ----------------------------------------------------------------------------  
      Pin Name               Required          Actual            Slack             
     ----------------------------------------------------------------------------  
     datapath_module/reg_file_module/reg_memory_reg[23][6]1544/CP
                           0.210             2.000             -1.790
     datapath_module/reg_file_module/reg_memory_reg[23][5]1543/CP
                           0.210             2.000             -1.790
     datapath_module/reg_file_module/reg_memory_reg[23][4]1542/CP
                           0.210             2.000             -1.790
     datapath_module/reg_file_module/reg_memory_reg[23][3]1541/CP
                           0.210             2.000             -1.790
     datapath_module/reg_file_module/reg_memory_reg[23][31]1569/CP
                           0.210             2.000             -1.790
     datapath_module/reg_file_module/reg_memory_reg[23][30]1568/CP
                           0.210             2.000             -1.790
     datapath_module/reg_file_module/reg_memory_reg[23][2]1540/CP
                           0.210             2.000             -1.790
     datapath_module/reg_file_module/reg_memory_reg[23][29]1567/CP
                           0.210             2.000             -1.790
     datapath_module/reg_file_module/reg_memory_reg[23][28]1566/CP
                           0.210             2.000             -1.790
     datapath_module/reg_file_module/reg_memory_reg[23][27]1565/CP
                           0.210             2.000             -1.790
     datapath_module/reg_file_module/reg_memory_reg[23][26]1564/CP
                           0.210             2.000             -1.790
     datapath_module/reg_file_module/reg_memory_reg[23][25]1563/CP
                           0.210             2.000             -1.790
     datapath_module/reg_file_module/reg_memory_reg[23][24]1562/CP
                           0.210             2.000             -1.790
     datapath_module/reg_file_module/reg_memory_reg[23][23]1561/CP
                           0.210             2.000             -1.790
     datapath_module/reg_file_module/reg_memory_reg[23][22]1560/CP
                           0.210             2.000             -1.790
     datapath_module/reg_file_module/reg_memory_reg[23][21]1559/CP
                           0.210             2.000             -1.790
     datapath_module/reg_file_module/reg_memory_reg[23][20]1558/CP
                           0.210             2.000             -1.790
     datapath_module/reg_file_module/reg_memory_reg[23][1]1539/CP
                           0.210             2.000             -1.790
     datapath_module/reg_file_module/reg_memory_reg[23][19]1557/CP
                           0.210             2.000             -1.790
     datapath_module/reg_file_module/reg_memory_reg[23][18]1556/CP
                           0.210             2.000             -1.790
     datapath_module/reg_file_module/reg_memory_reg[23][17]1555/CP
                           0.210             2.000             -1.790
     datapath_module/reg_file_module/reg_memory_reg[23][16]1554/CP
                           0.210             2.000             -1.790
     datapath_module/reg_file_module/reg_memory_reg[23][15]1553/CP
                           0.210             2.000             -1.790
     datapath_module/reg_file_module/reg_memory_reg[23][14]1552/CP
                           0.210             2.000             -1.790
     datapath_module/reg_file_module/reg_memory_reg[23][13]1551/CP
                           0.210             2.000             -1.790
     datapath_module/reg_file_module/reg_memory_reg[23][12]1550/CP
                           0.210             2.000             -1.790
     datapath_module/reg_file_module/reg_memory_reg[23][11]1549/CP
                           0.210             2.000             -1.790
     datapath_module/reg_file_module/reg_memory_reg[23][10]1548/CP
                           0.210             2.000             -1.790
     datapath_module/reg_file_module/reg_memory_reg[23][0]1538/CP
                           0.210             2.000             -1.790
     datapath_module/reg_file_module/reg_memory_reg[22][9]1483/CP
                           0.210             2.000             -1.790
     datapath_module/reg_file_module/reg_memory_reg[22][8]1482/CP
                           0.210             2.000             -1.790
     datapath_module/reg_file_module/reg_memory_reg[22][7]1481/CP
                           0.210             2.000             -1.790
     datapath_module/reg_file_module/reg_memory_reg[22][6]1480/CP
                           0.210             2.000             -1.790
     datapath_module/reg_file_module/reg_memory_reg[22][5]1479/CP
                           0.210             2.000             -1.790
     datapath_module/reg_file_module/reg_memory_reg[22][4]1478/CP
                           0.210             2.000             -1.790
     datapath_module/reg_file_module/reg_memory_reg[22][3]1477/CP
                           0.210             2.000             -1.790
     datapath_module/reg_file_module/reg_memory_reg[22][31]1505/CP
                           0.210             2.000             -1.790
     datapath_module/reg_file_module/reg_memory_reg[22][30]1504/CP
                           0.210             2.000             -1.790
     datapath_module/reg_file_module/reg_memory_reg[22][2]1476/CP
                           0.210             2.000             -1.790
     datapath_module/reg_file_module/reg_memory_reg[22][29]1503/CP
                           0.210             2.000             -1.790
     datapath_module/reg_file_module/reg_memory_reg[22][28]1502/CP
                           0.210             2.000             -1.790
     datapath_module/reg_file_module/reg_memory_reg[22][27]1501/CP
                           0.210             2.000             -1.790
     datapath_module/reg_file_module/reg_memory_reg[22][26]1500/CP
                           0.210             2.000             -1.790
     datapath_module/reg_file_module/reg_memory_reg[22][25]1499/CP
                           0.210             2.000             -1.790
     datapath_module/reg_file_module/reg_memory_reg[22][24]1498/CP
                           0.210             2.000             -1.790
     datapath_module/reg_file_module/reg_memory_reg[22][23]1497/CP
                           0.210             2.000             -1.790
     datapath_module/reg_file_module/reg_memory_reg[22][22]1496/CP
                           0.210             2.000             -1.790
     datapath_module/reg_file_module/reg_memory_reg[22][21]1495/CP
                           0.210             2.000             -1.790
     datapath_module/reg_file_module/reg_memory_reg[22][20]1494/CP
                           0.210             2.000             -1.790
     datapath_module/reg_file_module/reg_memory_reg[22][1]1475/CP
                           0.210             2.000             -1.790
     datapath_module/reg_file_module/reg_memory_reg[22][19]1493/CP
                           0.210             2.000             -1.790
     datapath_module/reg_file_module/reg_memory_reg[22][18]1492/CP
                           0.210             2.000             -1.790
     datapath_module/reg_file_module/reg_memory_reg[22][17]1491/CP
                           0.210             2.000             -1.790
     datapath_module/reg_file_module/reg_memory_reg[22][16]1490/CP
                           0.210             2.000             -1.790
     datapath_module/reg_file_module/reg_memory_reg[22][15]1489/CP
                           0.210             2.000             -1.790
     datapath_module/reg_file_module/reg_memory_reg[22][14]1488/CP
                           0.210             2.000             -1.790
     datapath_module/reg_file_module/reg_memory_reg[22][13]1487/CP
                           0.210             2.000             -1.790
     datapath_module/reg_file_module/reg_memory_reg[22][12]1486/CP
                           0.210             2.000             -1.790
     datapath_module/reg_file_module/reg_memory_reg[22][11]1485/CP
                           0.210             2.000             -1.790
     datapath_module/reg_file_module/reg_memory_reg[22][10]1484/CP
                           0.210             2.000             -1.790
     datapath_module/reg_file_module/reg_memory_reg[22][0]1474/CP
                           0.210             2.000             -1.790
     datapath_module/reg_file_module/reg_memory_reg[21][9]1419/CP
                           0.210             2.000             -1.790
     datapath_module/reg_file_module/reg_memory_reg[21][8]1418/CP
                           0.210             2.000             -1.790
     datapath_module/reg_file_module/reg_memory_reg[21][7]1417/CP
                           0.210             2.000             -1.790
     datapath_module/reg_file_module/reg_memory_reg[21][6]1416/CP
                           0.210             2.000             -1.790
     datapath_module/reg_file_module/reg_memory_reg[21][5]1415/CP
                           0.210             2.000             -1.790
     datapath_module/reg_file_module/reg_memory_reg[21][4]1414/CP
                           0.210             2.000             -1.790
     datapath_module/reg_file_module/reg_memory_reg[21][3]1413/CP
                           0.210             2.000             -1.790
     datapath_module/reg_file_module/reg_memory_reg[21][31]1441/CP
                           0.210             2.000             -1.790
     datapath_module/reg_file_module/reg_memory_reg[21][30]1440/CP
                           0.210             2.000             -1.790
     datapath_module/reg_file_module/reg_memory_reg[21][2]1412/CP
                           0.210             2.000             -1.790
     datapath_module/reg_file_module/reg_memory_reg[21][29]1439/CP
                           0.210             2.000             -1.790
     datapath_module/reg_file_module/reg_memory_reg[21][28]1438/CP
                           0.210             2.000             -1.790
     datapath_module/reg_file_module/reg_memory_reg[21][27]1437/CP
                           0.210             2.000             -1.790
     datapath_module/reg_file_module/reg_memory_reg[21][26]1436/CP
                           0.210             2.000             -1.790
     datapath_module/reg_file_module/reg_memory_reg[21][25]1435/CP
                           0.210             2.000             -1.790
     datapath_module/reg_file_module/reg_memory_reg[21][24]1434/CP
                           0.210             2.000             -1.790
     datapath_module/reg_file_module/reg_memory_reg[21][23]1433/CP
                           0.210             2.000             -1.790
     datapath_module/reg_file_module/reg_memory_reg[21][22]1432/CP
                           0.210             2.000             -1.790
     datapath_module/reg_file_module/reg_memory_reg[21][21]1431/CP
                           0.210             2.000             -1.790
     datapath_module/reg_file_module/reg_memory_reg[21][20]1430/CP
                           0.210             2.000             -1.790
     datapath_module/reg_file_module/reg_memory_reg[21][1]1411/CP
                           0.210             2.000             -1.790
     datapath_module/reg_file_module/reg_memory_reg[21][19]1429/CP
                           0.210             2.000             -1.790
     datapath_module/reg_file_module/reg_memory_reg[21][18]1428/CP
                           0.210             2.000             -1.790
     datapath_module/reg_file_module/reg_memory_reg[21][17]1427/CP
                           0.210             2.000             -1.790
     datapath_module/reg_file_module/reg_memory_reg[21][16]1426/CP
                           0.210             2.000             -1.790
     datapath_module/reg_file_module/reg_memory_reg[21][15]1425/CP
                           0.210             2.000             -1.790
     datapath_module/reg_file_module/reg_memory_reg[21][14]1424/CP
                           0.210             2.000             -1.790
     datapath_module/reg_file_module/reg_memory_reg[21][13]1423/CP
                           0.210             2.000             -1.790
     datapath_module/reg_file_module/reg_memory_reg[21][12]1422/CP
                           0.210             2.000             -1.790
     datapath_module/reg_file_module/reg_memory_reg[21][11]1421/CP
                           0.210             2.000             -1.790
     datapath_module/reg_file_module/reg_memory_reg[21][10]1420/CP
                           0.210             2.000             -1.790
     datapath_module/reg_file_module/reg_memory_reg[21][0]1410/CP
                           0.210             2.000             -1.790
     datapath_module/reg_file_module/reg_memory_reg[20][9]1355/CP
                           0.210             2.000             -1.790
     datapath_module/reg_file_module/reg_memory_reg[20][8]1354/CP
                           0.210             2.000             -1.790
     datapath_module/reg_file_module/reg_memory_reg[20][7]1353/CP
                           0.210             2.000             -1.790
     datapath_module/reg_file_module/reg_memory_reg[20][6]1352/CP
                           0.210             2.000             -1.790
     datapath_module/reg_file_module/reg_memory_reg[20][5]1351/CP
                           0.210             2.000             -1.790
     datapath_module/reg_file_module/reg_memory_reg[20][4]1350/CP
                           0.210             2.000             -1.790
     datapath_module/reg_file_module/reg_memory_reg[20][3]1349/CP
                           0.210             2.000             -1.790
     datapath_module/reg_file_module/reg_memory_reg[20][31]1377/CP
                           0.210             2.000             -1.790
     datapath_module/reg_file_module/reg_memory_reg[20][30]1376/CP
                           0.210             2.000             -1.790
     datapath_module/reg_file_module/reg_memory_reg[20][2]1348/CP
                           0.210             2.000             -1.790
     datapath_module/reg_file_module/reg_memory_reg[20][29]1375/CP
                           0.210             2.000             -1.790
     datapath_module/reg_file_module/reg_memory_reg[20][28]1374/CP
                           0.210             2.000             -1.790
     datapath_module/reg_file_module/reg_memory_reg[20][27]1373/CP
                           0.210             2.000             -1.790
     datapath_module/reg_file_module/reg_memory_reg[20][26]1372/CP
                           0.210             2.000             -1.790
     datapath_module/reg_file_module/reg_memory_reg[20][25]1371/CP
                           0.210             2.000             -1.790
     datapath_module/reg_file_module/reg_memory_reg[20][24]1370/CP
                           0.210             2.000             -1.790
     datapath_module/reg_file_module/reg_memory_reg[20][23]1369/CP
                           0.210             2.000             -1.790
     datapath_module/reg_file_module/reg_memory_reg[20][22]1368/CP
                           0.210             2.000             -1.790
     datapath_module/reg_file_module/reg_memory_reg[20][21]1367/CP
                           0.210             2.000             -1.790
     datapath_module/reg_file_module/reg_memory_reg[20][20]1366/CP
                           0.210             2.000             -1.790
     datapath_module/reg_file_module/reg_memory_reg[20][1]1347/CP
                           0.210             2.000             -1.790
     datapath_module/reg_file_module/reg_memory_reg[20][19]1365/CP
                           0.210             2.000             -1.790
     datapath_module/reg_file_module/reg_memory_reg[20][18]1364/CP
                           0.210             2.000             -1.790
     datapath_module/reg_file_module/reg_memory_reg[20][17]1363/CP
                           0.210             2.000             -1.790
     datapath_module/reg_file_module/reg_memory_reg[20][16]1362/CP
                           0.210             2.000             -1.790
     datapath_module/reg_file_module/reg_memory_reg[20][15]1361/CP
                           0.210             2.000             -1.790
     datapath_module/reg_file_module/reg_memory_reg[20][14]1360/CP
                           0.210             2.000             -1.790
     datapath_module/reg_file_module/reg_memory_reg[20][13]1359/CP
                           0.210             2.000             -1.790
     datapath_module/reg_file_module/reg_memory_reg[20][12]1358/CP
                           0.210             2.000             -1.790
     datapath_module/reg_file_module/reg_memory_reg[20][11]1357/CP
                           0.210             2.000             -1.790
     datapath_module/reg_file_module/reg_memory_reg[20][10]1356/CP
                           0.210             2.000             -1.790
     datapath_module/reg_file_module/reg_memory_reg[20][0]1346/CP
                           0.210             2.000             -1.790
     datapath_module/reg_file_module/reg_memory_reg[1][9]139/CP
                           0.210             2.000             -1.790
     datapath_module/reg_file_module/reg_memory_reg[1][8]138/CP
                           0.210             2.000             -1.790
     datapath_module/reg_file_module/reg_memory_reg[1][7]137/CP
                           0.210             2.000             -1.790
     datapath_module/reg_file_module/reg_memory_reg[1][6]136/CP
                           0.210             2.000             -1.790
     datapath_module/reg_file_module/reg_memory_reg[1][5]135/CP
                           0.210             2.000             -1.790
     datapath_module/reg_file_module/reg_memory_reg[1][4]134/CP
                           0.210             2.000             -1.790
     datapath_module/reg_file_module/reg_memory_reg[1][3]133/CP
                           0.210             2.000             -1.790
     datapath_module/reg_file_module/reg_memory_reg[1][31]161/CP
                           0.210             2.000             -1.790
     datapath_module/reg_file_module/reg_memory_reg[1][30]160/CP
                           0.210             2.000             -1.790
     datapath_module/reg_file_module/reg_memory_reg[1][2]132/CP
                           0.210             2.000             -1.790
     datapath_module/reg_file_module/reg_memory_reg[1][29]159/CP
                           0.210             2.000             -1.790
     datapath_module/reg_file_module/reg_memory_reg[1][28]158/CP
                           0.210             2.000             -1.790
     datapath_module/reg_file_module/reg_memory_reg[1][27]157/CP
                           0.210             2.000             -1.790
     datapath_module/reg_file_module/reg_memory_reg[1][26]156/CP
                           0.210             2.000             -1.790
     datapath_module/reg_file_module/reg_memory_reg[1][25]155/CP
                           0.210             2.000             -1.790
     datapath_module/reg_file_module/reg_memory_reg[1][24]154/CP
                           0.210             2.000             -1.790
     datapath_module/reg_file_module/reg_memory_reg[1][23]153/CP
                           0.210             2.000             -1.790
     datapath_module/reg_file_module/reg_memory_reg[1][22]152/CP
                           0.210             2.000             -1.790
     datapath_module/reg_file_module/reg_memory_reg[1][21]151/CP
                           0.210             2.000             -1.790
     datapath_module/reg_file_module/reg_memory_reg[1][20]150/CP
                           0.210             2.000             -1.790
     datapath_module/reg_file_module/reg_memory_reg[1][1]131/CP
                           0.210             2.000             -1.790
     datapath_module/reg_file_module/reg_memory_reg[1][19]149/CP
                           0.210             2.000             -1.790
     datapath_module/reg_file_module/reg_memory_reg[1][18]148/CP
                           0.210             2.000             -1.790
     datapath_module/reg_file_module/reg_memory_reg[1][17]147/CP
                           0.210             2.000             -1.790
     datapath_module/reg_file_module/reg_memory_reg[1][16]146/CP
                           0.210             2.000             -1.790
     datapath_module/reg_file_module/reg_memory_reg[1][15]145/CP
                           0.210             2.000             -1.790
     datapath_module/reg_file_module/reg_memory_reg[1][14]144/CP
                           0.210             2.000             -1.790
     datapath_module/reg_file_module/reg_memory_reg[1][13]143/CP
                           0.210             2.000             -1.790
     datapath_module/reg_file_module/reg_memory_reg[1][12]142/CP
                           0.210             2.000             -1.790
     datapath_module/reg_file_module/reg_memory_reg[1][11]141/CP
                           0.210             2.000             -1.790
     datapath_module/reg_file_module/reg_memory_reg[1][10]140/CP
                           0.210             2.000             -1.790
     datapath_module/reg_file_module/reg_memory_reg[1][0]130/CP
                           0.210             2.000             -1.790
     datapath_module/reg_file_module/reg_memory_reg[19][9]1291/CP
                           0.210             2.000             -1.790
     datapath_module/reg_file_module/reg_memory_reg[19][8]1290/CP
                           0.210             2.000             -1.790
     datapath_module/reg_file_module/reg_memory_reg[19][7]1289/CP
                           0.210             2.000             -1.790
     datapath_module/reg_file_module/reg_memory_reg[19][6]1288/CP
                           0.210             2.000             -1.790
     datapath_module/reg_file_module/reg_memory_reg[19][5]1287/CP
                           0.210             2.000             -1.790
     datapath_module/reg_file_module/reg_memory_reg[19][4]1286/CP
                           0.210             2.000             -1.790
     datapath_module/reg_file_module/reg_memory_reg[19][3]1285/CP
                           0.210             2.000             -1.790
     datapath_module/reg_file_module/reg_memory_reg[19][31]1313/CP
                           0.210             2.000             -1.790
     datapath_module/reg_file_module/reg_memory_reg[19][30]1312/CP
                           0.210             2.000             -1.790
     datapath_module/reg_file_module/reg_memory_reg[19][2]1284/CP
                           0.210             2.000             -1.790
     datapath_module/reg_file_module/reg_memory_reg[19][29]1311/CP
                           0.210             2.000             -1.790
     datapath_module/reg_file_module/reg_memory_reg[19][28]1310/CP
                           0.210             2.000             -1.790
     datapath_module/reg_file_module/reg_memory_reg[19][27]1309/CP
                           0.210             2.000             -1.790
     datapath_module/reg_file_module/reg_memory_reg[19][26]1308/CP
                           0.210             2.000             -1.790
     datapath_module/reg_file_module/reg_memory_reg[19][25]1307/CP
                           0.210             2.000             -1.790
     datapath_module/reg_file_module/reg_memory_reg[19][24]1306/CP
                           0.210             2.000             -1.790
     datapath_module/reg_file_module/reg_memory_reg[19][23]1305/CP
                           0.210             2.000             -1.790
     datapath_module/reg_file_module/reg_memory_reg[19][22]1304/CP
                           0.210             2.000             -1.790
     datapath_module/reg_file_module/reg_memory_reg[19][21]1303/CP
                           0.210             2.000             -1.790
     datapath_module/reg_file_module/reg_memory_reg[19][20]1302/CP
                           0.210             2.000             -1.790
     datapath_module/reg_file_module/reg_memory_reg[19][1]1283/CP
                           0.210             2.000             -1.790
     datapath_module/reg_file_module/reg_memory_reg[19][19]1301/CP
                           0.210             2.000             -1.790
     datapath_module/reg_file_module/reg_memory_reg[19][18]1300/CP
                           0.210             2.000             -1.790
     datapath_module/reg_file_module/reg_memory_reg[19][17]1299/CP
                           0.210             2.000             -1.790
     datapath_module/reg_file_module/reg_memory_reg[19][16]1298/CP
                           0.210             2.000             -1.790
     datapath_module/reg_file_module/reg_memory_reg[19][15]1297/CP
                           0.210             2.000             -1.790
     datapath_module/reg_file_module/reg_memory_reg[19][14]1296/CP
                           0.210             2.000             -1.790
     datapath_module/reg_file_module/reg_memory_reg[19][13]1295/CP
                           0.210             2.000             -1.790
     datapath_module/reg_file_module/reg_memory_reg[19][12]1294/CP
                           0.210             2.000             -1.790
     datapath_module/reg_file_module/reg_memory_reg[19][11]1293/CP
                           0.210             2.000             -1.790
     datapath_module/reg_file_module/reg_memory_reg[19][10]1292/CP
                           0.210             2.000             -1.790
     datapath_module/reg_file_module/reg_memory_reg[19][0]1282/CP
                           0.210             2.000             -1.790
     datapath_module/reg_file_module/reg_memory_reg[18][9]1227/CP
                           0.210             2.000             -1.790
     datapath_module/reg_file_module/reg_memory_reg[18][8]1226/CP
                           0.210             2.000             -1.790
     datapath_module/reg_file_module/reg_memory_reg[18][7]1225/CP
                           0.210             2.000             -1.790
     datapath_module/reg_file_module/reg_memory_reg[18][6]1224/CP
                           0.210             2.000             -1.790
     datapath_module/reg_file_module/reg_memory_reg[18][5]1223/CP
                           0.210             2.000             -1.790
     datapath_module/reg_file_module/reg_memory_reg[18][4]1222/CP
                           0.210             2.000             -1.790
     datapath_module/reg_file_module/reg_memory_reg[18][3]1221/CP
                           0.210             2.000             -1.790
     datapath_module/reg_file_module/reg_memory_reg[18][31]1249/CP
                           0.210             2.000             -1.790
     datapath_module/reg_file_module/reg_memory_reg[18][30]1248/CP
                           0.210             2.000             -1.790
     datapath_module/reg_file_module/reg_memory_reg[18][2]1220/CP
                           0.210             2.000             -1.790
     datapath_module/reg_file_module/reg_memory_reg[18][29]1247/CP
                           0.210             2.000             -1.790
     datapath_module/reg_file_module/reg_memory_reg[18][28]1246/CP
                           0.210             2.000             -1.790
     datapath_module/reg_file_module/reg_memory_reg[18][27]1245/CP
                           0.210             2.000             -1.790
     datapath_module/reg_file_module/reg_memory_reg[18][26]1244/CP
                           0.210             2.000             -1.790
     datapath_module/reg_file_module/reg_memory_reg[18][25]1243/CP
                           0.210             2.000             -1.790
     datapath_module/reg_file_module/reg_memory_reg[18][24]1242/CP
                           0.210             2.000             -1.790
     datapath_module/reg_file_module/reg_memory_reg[18][23]1241/CP
                           0.210             2.000             -1.790
     datapath_module/reg_file_module/reg_memory_reg[18][22]1240/CP
                           0.210             2.000             -1.790
     datapath_module/reg_file_module/reg_memory_reg[18][21]1239/CP
                           0.210             2.000             -1.790
     datapath_module/reg_file_module/reg_memory_reg[18][20]1238/CP
                           0.210             2.000             -1.790
     datapath_module/reg_file_module/reg_memory_reg[18][1]1219/CP
                           0.210             2.000             -1.790
     datapath_module/reg_file_module/reg_memory_reg[18][19]1237/CP
                           0.210             2.000             -1.790
     datapath_module/reg_file_module/reg_memory_reg[18][18]1236/CP
                           0.210             2.000             -1.790
     datapath_module/reg_file_module/reg_memory_reg[18][17]1235/CP
                           0.210             2.000             -1.790
     datapath_module/reg_file_module/reg_memory_reg[18][16]1234/CP
                           0.210             2.000             -1.790
     datapath_module/reg_file_module/reg_memory_reg[18][15]1233/CP
                           0.210             2.000             -1.790
     datapath_module/reg_file_module/reg_memory_reg[18][14]1232/CP
                           0.210             2.000             -1.790
     datapath_module/reg_file_module/reg_memory_reg[18][13]1231/CP
                           0.210             2.000             -1.790
     datapath_module/reg_file_module/reg_memory_reg[18][12]1230/CP
                           0.210             2.000             -1.790
     datapath_module/reg_file_module/reg_memory_reg[18][11]1229/CP
                           0.210             2.000             -1.790
     datapath_module/reg_file_module/reg_memory_reg[18][10]1228/CP
                           0.210             2.000             -1.790
     datapath_module/reg_file_module/reg_memory_reg[18][0]1218/CP
                           0.210             2.000             -1.790
     datapath_module/reg_file_module/reg_memory_reg[17][9]1163/CP
                           0.210             2.000             -1.790
     datapath_module/reg_file_module/reg_memory_reg[17][8]1162/CP
                           0.210             2.000             -1.790
     datapath_module/reg_file_module/reg_memory_reg[17][7]1161/CP
                           0.210             2.000             -1.790
     datapath_module/reg_file_module/reg_memory_reg[17][6]1160/CP
                           0.210             2.000             -1.790
     datapath_module/reg_file_module/reg_memory_reg[17][5]1159/CP
                           0.210             2.000             -1.790
     datapath_module/reg_file_module/reg_memory_reg[17][4]1158/CP
                           0.210             2.000             -1.790
     datapath_module/reg_file_module/reg_memory_reg[17][3]1157/CP
                           0.210             2.000             -1.790
     datapath_module/reg_file_module/reg_memory_reg[17][31]1185/CP
                           0.210             2.000             -1.790
     datapath_module/reg_file_module/reg_memory_reg[17][30]1184/CP
                           0.210             2.000             -1.790
     datapath_module/reg_file_module/reg_memory_reg[17][2]1156/CP
                           0.210             2.000             -1.790
     datapath_module/reg_file_module/reg_memory_reg[17][29]1183/CP
                           0.210             2.000             -1.790
     datapath_module/reg_file_module/reg_memory_reg[17][28]1182/CP
                           0.210             2.000             -1.790
     datapath_module/reg_file_module/reg_memory_reg[17][27]1181/CP
                           0.210             2.000             -1.790
     datapath_module/reg_file_module/reg_memory_reg[17][26]1180/CP
                           0.210             2.000             -1.790
     datapath_module/reg_file_module/reg_memory_reg[17][25]1179/CP
                           0.210             2.000             -1.790
     datapath_module/reg_file_module/reg_memory_reg[17][24]1178/CP
                           0.210             2.000             -1.790
     datapath_module/reg_file_module/reg_memory_reg[17][23]1177/CP
                           0.210             2.000             -1.790
     datapath_module/reg_file_module/reg_memory_reg[17][22]1176/CP
                           0.210             2.000             -1.790
     datapath_module/reg_file_module/reg_memory_reg[17][21]1175/CP
                           0.210             2.000             -1.790
     datapath_module/reg_file_module/reg_memory_reg[17][20]1174/CP
                           0.210             2.000             -1.790
     datapath_module/reg_file_module/reg_memory_reg[17][1]1155/CP
                           0.210             2.000             -1.790
     datapath_module/reg_file_module/reg_memory_reg[17][19]1173/CP
                           0.210             2.000             -1.790
     datapath_module/reg_file_module/reg_memory_reg[17][18]1172/CP
                           0.210             2.000             -1.790
     datapath_module/reg_file_module/reg_memory_reg[17][17]1171/CP
                           0.210             2.000             -1.790
     datapath_module/reg_file_module/reg_memory_reg[17][16]1170/CP
                           0.210             2.000             -1.790
     datapath_module/reg_file_module/reg_memory_reg[17][15]1169/CP
                           0.210             2.000             -1.790
     datapath_module/reg_file_module/reg_memory_reg[17][14]1168/CP
                           0.210             2.000             -1.790
     datapath_module/reg_file_module/reg_memory_reg[17][13]1167/CP
                           0.210             2.000             -1.790
     datapath_module/reg_file_module/reg_memory_reg[17][12]1166/CP
                           0.210             2.000             -1.790
     datapath_module/reg_file_module/reg_memory_reg[17][11]1165/CP
                           0.210             2.000             -1.790
     datapath_module/reg_file_module/reg_memory_reg[17][10]1164/CP
                           0.210             2.000             -1.790
     datapath_module/reg_file_module/reg_memory_reg[17][0]1154/CP
                           0.210             2.000             -1.790
     datapath_module/reg_file_module/reg_memory_reg[16][9]1099/CP
                           0.210             2.000             -1.790
     datapath_module/reg_file_module/reg_memory_reg[16][8]1098/CP
                           0.210             2.000             -1.790
     datapath_module/reg_file_module/reg_memory_reg[16][7]1097/CP
                           0.210             2.000             -1.790
     datapath_module/reg_file_module/reg_memory_reg[30][6]1992/CP
                           0.210             2.000             -1.790
     datapath_module/reg_file_module/reg_memory_reg[30][5]1991/CP
                           0.210             2.000             -1.790
     datapath_module/reg_file_module/reg_memory_reg[30][4]1990/CP
                           0.210             2.000             -1.790
     datapath_module/reg_file_module/reg_memory_reg[30][3]1989/CP
                           0.210             2.000             -1.790
     datapath_module/reg_file_module/reg_memory_reg[30][31]2017/CP
                           0.210             2.000             -1.790
     datapath_module/reg_file_module/reg_memory_reg[30][30]2016/CP
                           0.210             2.000             -1.790
     datapath_module/reg_file_module/reg_memory_reg[30][2]1988/CP
                           0.210             2.000             -1.790
     datapath_module/reg_file_module/reg_memory_reg[30][29]2015/CP
                           0.210             2.000             -1.790
     datapath_module/reg_file_module/reg_memory_reg[30][28]2014/CP
                           0.210             2.000             -1.790
     datapath_module/reg_file_module/reg_memory_reg[30][27]2013/CP
                           0.210             2.000             -1.790
     datapath_module/reg_file_module/reg_memory_reg[30][26]2012/CP
                           0.210             2.000             -1.790
     datapath_module/reg_file_module/reg_memory_reg[30][25]2011/CP
                           0.210             2.000             -1.790
     datapath_module/reg_file_module/reg_memory_reg[30][24]2010/CP
                           0.210             2.000             -1.790
     datapath_module/reg_file_module/reg_memory_reg[30][23]2009/CP
                           0.210             2.000             -1.790
     datapath_module/reg_file_module/reg_memory_reg[30][22]2008/CP
                           0.210             2.000             -1.790
     datapath_module/reg_file_module/reg_memory_reg[30][21]2007/CP
                           0.210             2.000             -1.790
     datapath_module/reg_file_module/reg_memory_reg[30][20]2006/CP
                           0.210             2.000             -1.790
     datapath_module/reg_file_module/reg_memory_reg[30][1]1987/CP
                           0.210             2.000             -1.790
     datapath_module/reg_file_module/reg_memory_reg[30][19]2005/CP
                           0.210             2.000             -1.790
     datapath_module/reg_file_module/reg_memory_reg[30][18]2004/CP
                           0.210             2.000             -1.790
     datapath_module/reg_file_module/reg_memory_reg[30][17]2003/CP
                           0.210             2.000             -1.790
     datapath_module/reg_file_module/reg_memory_reg[30][16]2002/CP
                           0.210             2.000             -1.790
     datapath_module/reg_file_module/reg_memory_reg[30][15]2001/CP
                           0.210             2.000             -1.790
     datapath_module/reg_file_module/reg_memory_reg[30][14]2000/CP
                           0.210             2.000             -1.790
     datapath_module/reg_file_module/reg_memory_reg[30][13]1999/CP
                           0.210             2.000             -1.790
     datapath_module/reg_file_module/reg_memory_reg[30][12]1998/CP
                           0.210             2.000             -1.790
     datapath_module/reg_file_module/reg_memory_reg[30][11]1997/CP
                           0.210             2.000             -1.790
     datapath_module/reg_file_module/reg_memory_reg[30][10]1996/CP
                           0.210             2.000             -1.790
     datapath_module/reg_file_module/reg_memory_reg[30][0]1986/CP
                           0.210             2.000             -1.790
     datapath_module/reg_file_module/reg_memory_reg[2][9]203/CP
                           0.210             2.000             -1.790
     datapath_module/reg_file_module/reg_memory_reg[2][8]202/CP
                           0.210             2.000             -1.790
     datapath_module/reg_file_module/reg_memory_reg[2][7]201/CP
                           0.210             2.000             -1.790
     datapath_module/reg_file_module/reg_memory_reg[2][6]200/CP
                           0.210             2.000             -1.790
     datapath_module/reg_file_module/reg_memory_reg[2][5]199/CP
                           0.210             2.000             -1.790
     datapath_module/reg_file_module/reg_memory_reg[2][4]198/CP
                           0.210             2.000             -1.790
     datapath_module/reg_file_module/reg_memory_reg[2][3]197/CP
                           0.210             2.000             -1.790
     datapath_module/reg_file_module/reg_memory_reg[2][31]225/CP
                           0.210             2.000             -1.790
     datapath_module/reg_file_module/reg_memory_reg[2][30]224/CP
                           0.210             2.000             -1.790
     datapath_module/reg_file_module/reg_memory_reg[2][2]196/CP
                           0.210             2.000             -1.790
     datapath_module/reg_file_module/reg_memory_reg[2][29]223/CP
                           0.210             2.000             -1.790
     datapath_module/reg_file_module/reg_memory_reg[2][28]222/CP
                           0.210             2.000             -1.790
     datapath_module/reg_file_module/reg_memory_reg[2][27]221/CP
                           0.210             2.000             -1.790
     datapath_module/reg_file_module/reg_memory_reg[2][26]220/CP
                           0.210             2.000             -1.790
     datapath_module/reg_file_module/reg_memory_reg[2][25]219/CP
                           0.210             2.000             -1.790
     datapath_module/reg_file_module/reg_memory_reg[2][24]218/CP
                           0.210             2.000             -1.790
     datapath_module/reg_file_module/reg_memory_reg[2][23]217/CP
                           0.210             2.000             -1.790
     datapath_module/reg_file_module/reg_memory_reg[2][22]216/CP
                           0.210             2.000             -1.790
     datapath_module/reg_file_module/reg_memory_reg[2][21]215/CP
                           0.210             2.000             -1.790
     datapath_module/reg_file_module/reg_memory_reg[2][20]214/CP
                           0.210             2.000             -1.790
     datapath_module/reg_file_module/reg_memory_reg[2][1]195/CP
                           0.210             2.000             -1.790
     datapath_module/reg_file_module/reg_memory_reg[2][19]213/CP
                           0.210             2.000             -1.790
     datapath_module/reg_file_module/reg_memory_reg[2][18]212/CP
                           0.210             2.000             -1.790
     datapath_module/reg_file_module/reg_memory_reg[2][17]211/CP
                           0.210             2.000             -1.790
     datapath_module/reg_file_module/reg_memory_reg[2][16]210/CP
                           0.210             2.000             -1.790
     datapath_module/reg_file_module/reg_memory_reg[2][15]209/CP
                           0.210             2.000             -1.790
     datapath_module/reg_file_module/reg_memory_reg[2][14]208/CP
                           0.210             2.000             -1.790
     datapath_module/reg_file_module/reg_memory_reg[2][13]207/CP
                           0.210             2.000             -1.790
     datapath_module/reg_file_module/reg_memory_reg[2][12]206/CP
                           0.210             2.000             -1.790
     datapath_module/reg_file_module/reg_memory_reg[2][11]205/CP
                           0.210             2.000             -1.790
     datapath_module/reg_file_module/reg_memory_reg[2][10]204/CP
                           0.210             2.000             -1.790
     datapath_module/reg_file_module/reg_memory_reg[2][0]194/CP
                           0.210             2.000             -1.790
     datapath_module/reg_file_module/reg_memory_reg[29][9]1931/CP
                           0.210             2.000             -1.790
     datapath_module/reg_file_module/reg_memory_reg[29][8]1930/CP
                           0.210             2.000             -1.790
     datapath_module/reg_file_module/reg_memory_reg[29][7]1929/CP
                           0.210             2.000             -1.790
     datapath_module/reg_file_module/reg_memory_reg[29][6]1928/CP
                           0.210             2.000             -1.790
     datapath_module/reg_file_module/reg_memory_reg[29][5]1927/CP
                           0.210             2.000             -1.790
     datapath_module/reg_file_module/reg_memory_reg[29][4]1926/CP
                           0.210             2.000             -1.790
     datapath_module/reg_file_module/reg_memory_reg[29][3]1925/CP
                           0.210             2.000             -1.790
     datapath_module/reg_file_module/reg_memory_reg[29][31]1953/CP
                           0.210             2.000             -1.790
     datapath_module/reg_file_module/reg_memory_reg[29][30]1952/CP
                           0.210             2.000             -1.790
     datapath_module/reg_file_module/reg_memory_reg[29][2]1924/CP
                           0.210             2.000             -1.790
     datapath_module/reg_file_module/reg_memory_reg[29][29]1951/CP
                           0.210             2.000             -1.790
     datapath_module/reg_file_module/reg_memory_reg[29][28]1950/CP
                           0.210             2.000             -1.790
     datapath_module/reg_file_module/reg_memory_reg[29][27]1949/CP
                           0.210             2.000             -1.790
     datapath_module/reg_file_module/reg_memory_reg[29][26]1948/CP
                           0.210             2.000             -1.790
     datapath_module/reg_file_module/reg_memory_reg[29][25]1947/CP
                           0.210             2.000             -1.790
     datapath_module/reg_file_module/reg_memory_reg[29][24]1946/CP
                           0.210             2.000             -1.790
     datapath_module/reg_file_module/reg_memory_reg[29][23]1945/CP
                           0.210             2.000             -1.790
     datapath_module/reg_file_module/reg_memory_reg[29][22]1944/CP
                           0.210             2.000             -1.790
     datapath_module/reg_file_module/reg_memory_reg[29][21]1943/CP
                           0.210             2.000             -1.790
     datapath_module/reg_file_module/reg_memory_reg[29][20]1942/CP
                           0.210             2.000             -1.790
     datapath_module/reg_file_module/reg_memory_reg[29][1]1923/CP
                           0.210             2.000             -1.790
     datapath_module/reg_file_module/reg_memory_reg[29][19]1941/CP
                           0.210             2.000             -1.790
     datapath_module/reg_file_module/reg_memory_reg[29][18]1940/CP
                           0.210             2.000             -1.790
     datapath_module/reg_file_module/reg_memory_reg[29][17]1939/CP
                           0.210             2.000             -1.790
     datapath_module/reg_file_module/reg_memory_reg[29][16]1938/CP
                           0.210             2.000             -1.790
     datapath_module/reg_file_module/reg_memory_reg[29][15]1937/CP
                           0.210             2.000             -1.790
     datapath_module/reg_file_module/reg_memory_reg[29][14]1936/CP
                           0.210             2.000             -1.790
     datapath_module/reg_file_module/reg_memory_reg[29][13]1935/CP
                           0.210             2.000             -1.790
     datapath_module/reg_file_module/reg_memory_reg[29][12]1934/CP
                           0.210             2.000             -1.790
     datapath_module/reg_file_module/reg_memory_reg[29][11]1933/CP
                           0.210             2.000             -1.790
     datapath_module/reg_file_module/reg_memory_reg[29][10]1932/CP
                           0.210             2.000             -1.790
     datapath_module/reg_file_module/reg_memory_reg[29][0]1922/CP
                           0.210             2.000             -1.790
     datapath_module/reg_file_module/reg_memory_reg[28][9]1867/CP
                           0.210             2.000             -1.790
     datapath_module/reg_file_module/reg_memory_reg[28][8]1866/CP
                           0.210             2.000             -1.790
     datapath_module/reg_file_module/reg_memory_reg[28][7]1865/CP
                           0.210             2.000             -1.790
     datapath_module/reg_file_module/reg_memory_reg[28][6]1864/CP
                           0.210             2.000             -1.790
     datapath_module/reg_file_module/reg_memory_reg[28][5]1863/CP
                           0.210             2.000             -1.790
     datapath_module/reg_file_module/reg_memory_reg[28][4]1862/CP
                           0.210             2.000             -1.790
     datapath_module/reg_file_module/reg_memory_reg[28][3]1861/CP
                           0.210             2.000             -1.790
     datapath_module/reg_file_module/reg_memory_reg[28][31]1889/CP
                           0.210             2.000             -1.790
     datapath_module/reg_file_module/reg_memory_reg[28][30]1888/CP
                           0.210             2.000             -1.790
     datapath_module/reg_file_module/reg_memory_reg[28][2]1860/CP
                           0.210             2.000             -1.790
     datapath_module/reg_file_module/reg_memory_reg[28][29]1887/CP
                           0.210             2.000             -1.790
     datapath_module/reg_file_module/reg_memory_reg[28][28]1886/CP
                           0.210             2.000             -1.790
     datapath_module/reg_file_module/reg_memory_reg[28][27]1885/CP
                           0.210             2.000             -1.790
     datapath_module/reg_file_module/reg_memory_reg[28][26]1884/CP
                           0.210             2.000             -1.790
     datapath_module/reg_file_module/reg_memory_reg[28][25]1883/CP
                           0.210             2.000             -1.790
     datapath_module/reg_file_module/reg_memory_reg[28][24]1882/CP
                           0.210             2.000             -1.790
     datapath_module/reg_file_module/reg_memory_reg[28][23]1881/CP
                           0.210             2.000             -1.790
     datapath_module/reg_file_module/reg_memory_reg[28][22]1880/CP
                           0.210             2.000             -1.790
     datapath_module/reg_file_module/reg_memory_reg[28][21]1879/CP
                           0.210             2.000             -1.790
     datapath_module/reg_file_module/reg_memory_reg[28][20]1878/CP
                           0.210             2.000             -1.790
     datapath_module/reg_file_module/reg_memory_reg[28][1]1859/CP
                           0.210             2.000             -1.790
     datapath_module/reg_file_module/reg_memory_reg[28][19]1877/CP
                           0.210             2.000             -1.790
     datapath_module/reg_file_module/reg_memory_reg[28][18]1876/CP
                           0.210             2.000             -1.790
     datapath_module/reg_file_module/reg_memory_reg[28][17]1875/CP
                           0.210             2.000             -1.790
     datapath_module/reg_file_module/reg_memory_reg[28][16]1874/CP
                           0.210             2.000             -1.790
     datapath_module/reg_file_module/reg_memory_reg[28][15]1873/CP
                           0.210             2.000             -1.790
     datapath_module/reg_file_module/reg_memory_reg[28][14]1872/CP
                           0.210             2.000             -1.790
     datapath_module/reg_file_module/reg_memory_reg[28][13]1871/CP
                           0.210             2.000             -1.790
     datapath_module/reg_file_module/reg_memory_reg[28][12]1870/CP
                           0.210             2.000             -1.790
     datapath_module/reg_file_module/reg_memory_reg[28][11]1869/CP
                           0.210             2.000             -1.790
     datapath_module/reg_file_module/reg_memory_reg[28][10]1868/CP
                           0.210             2.000             -1.790
     datapath_module/reg_file_module/reg_memory_reg[28][0]1858/CP
                           0.210             2.000             -1.790
     datapath_module/reg_file_module/reg_memory_reg[27][9]1803/CP
                           0.210             2.000             -1.790
     datapath_module/reg_file_module/reg_memory_reg[27][8]1802/CP
                           0.210             2.000             -1.790
     datapath_module/reg_file_module/reg_memory_reg[27][7]1801/CP
                           0.210             2.000             -1.790
     datapath_module/reg_file_module/reg_memory_reg[27][6]1800/CP
                           0.210             2.000             -1.790
     datapath_module/reg_file_module/reg_memory_reg[27][5]1799/CP
                           0.210             2.000             -1.790
     datapath_module/reg_file_module/reg_memory_reg[27][4]1798/CP
                           0.210             2.000             -1.790
     datapath_module/reg_file_module/reg_memory_reg[27][3]1797/CP
                           0.210             2.000             -1.790
     datapath_module/reg_file_module/reg_memory_reg[27][31]1825/CP
                           0.210             2.000             -1.790
     datapath_module/reg_file_module/reg_memory_reg[27][30]1824/CP
                           0.210             2.000             -1.790
     datapath_module/reg_file_module/reg_memory_reg[27][2]1796/CP
                           0.210             2.000             -1.790
     datapath_module/reg_file_module/reg_memory_reg[27][29]1823/CP
                           0.210             2.000             -1.790
     datapath_module/reg_file_module/reg_memory_reg[27][28]1822/CP
                           0.210             2.000             -1.790
     datapath_module/reg_file_module/reg_memory_reg[27][27]1821/CP
                           0.210             2.000             -1.790
     datapath_module/reg_file_module/reg_memory_reg[27][26]1820/CP
                           0.210             2.000             -1.790
     datapath_module/reg_file_module/reg_memory_reg[27][25]1819/CP
                           0.210             2.000             -1.790
     datapath_module/reg_file_module/reg_memory_reg[27][24]1818/CP
                           0.210             2.000             -1.790
     datapath_module/reg_file_module/reg_memory_reg[27][23]1817/CP
                           0.210             2.000             -1.790
     datapath_module/reg_file_module/reg_memory_reg[27][22]1816/CP
                           0.210             2.000             -1.790
     datapath_module/reg_file_module/reg_memory_reg[27][21]1815/CP
                           0.210             2.000             -1.790
     datapath_module/reg_file_module/reg_memory_reg[27][20]1814/CP
                           0.210             2.000             -1.790
     datapath_module/reg_file_module/reg_memory_reg[27][1]1795/CP
                           0.210             2.000             -1.790
     datapath_module/reg_file_module/reg_memory_reg[27][19]1813/CP
                           0.210             2.000             -1.790
     datapath_module/reg_file_module/reg_memory_reg[27][18]1812/CP
                           0.210             2.000             -1.790
     datapath_module/reg_file_module/reg_memory_reg[27][17]1811/CP
                           0.210             2.000             -1.790
     datapath_module/reg_file_module/reg_memory_reg[27][16]1810/CP
                           0.210             2.000             -1.790
     datapath_module/reg_file_module/reg_memory_reg[27][15]1809/CP
                           0.210             2.000             -1.790
     datapath_module/reg_file_module/reg_memory_reg[27][14]1808/CP
                           0.210             2.000             -1.790
     datapath_module/reg_file_module/reg_memory_reg[27][13]1807/CP
                           0.210             2.000             -1.790
     datapath_module/reg_file_module/reg_memory_reg[27][12]1806/CP
                           0.210             2.000             -1.790
     datapath_module/reg_file_module/reg_memory_reg[27][11]1805/CP
                           0.210             2.000             -1.790
     datapath_module/reg_file_module/reg_memory_reg[27][10]1804/CP
                           0.210             2.000             -1.790
     datapath_module/reg_file_module/reg_memory_reg[27][0]1794/CP
                           0.210             2.000             -1.790
     datapath_module/reg_file_module/reg_memory_reg[26][9]1739/CP
                           0.210             2.000             -1.790
     datapath_module/reg_file_module/reg_memory_reg[26][8]1738/CP
                           0.210             2.000             -1.790
     datapath_module/reg_file_module/reg_memory_reg[26][7]1737/CP
                           0.210             2.000             -1.790
     datapath_module/reg_file_module/reg_memory_reg[26][6]1736/CP
                           0.210             2.000             -1.790
     datapath_module/reg_file_module/reg_memory_reg[26][5]1735/CP
                           0.210             2.000             -1.790
     datapath_module/reg_file_module/reg_memory_reg[26][4]1734/CP
                           0.210             2.000             -1.790
     datapath_module/reg_file_module/reg_memory_reg[26][3]1733/CP
                           0.210             2.000             -1.790
     datapath_module/reg_file_module/reg_memory_reg[26][31]1761/CP
                           0.210             2.000             -1.790
     datapath_module/reg_file_module/reg_memory_reg[26][30]1760/CP
                           0.210             2.000             -1.790
     datapath_module/reg_file_module/reg_memory_reg[26][2]1732/CP
                           0.210             2.000             -1.790
     datapath_module/reg_file_module/reg_memory_reg[26][29]1759/CP
                           0.210             2.000             -1.790
     datapath_module/reg_file_module/reg_memory_reg[26][28]1758/CP
                           0.210             2.000             -1.790
     datapath_module/reg_file_module/reg_memory_reg[26][27]1757/CP
                           0.210             2.000             -1.790
     datapath_module/reg_file_module/reg_memory_reg[26][26]1756/CP
                           0.210             2.000             -1.790
     datapath_module/reg_file_module/reg_memory_reg[26][25]1755/CP
                           0.210             2.000             -1.790
     datapath_module/reg_file_module/reg_memory_reg[26][24]1754/CP
                           0.210             2.000             -1.790
     datapath_module/reg_file_module/reg_memory_reg[26][23]1753/CP
                           0.210             2.000             -1.790
     datapath_module/reg_file_module/reg_memory_reg[26][22]1752/CP
                           0.210             2.000             -1.790
     datapath_module/reg_file_module/reg_memory_reg[26][21]1751/CP
                           0.210             2.000             -1.790
     datapath_module/reg_file_module/reg_memory_reg[26][20]1750/CP
                           0.210             2.000             -1.790
     datapath_module/reg_file_module/reg_memory_reg[26][1]1731/CP
                           0.210             2.000             -1.790
     datapath_module/reg_file_module/reg_memory_reg[26][19]1749/CP
                           0.210             2.000             -1.790
     datapath_module/reg_file_module/reg_memory_reg[26][18]1748/CP
                           0.210             2.000             -1.790
     datapath_module/reg_file_module/reg_memory_reg[26][17]1747/CP
                           0.210             2.000             -1.790
     datapath_module/reg_file_module/reg_memory_reg[26][16]1746/CP
                           0.210             2.000             -1.790
     datapath_module/reg_file_module/reg_memory_reg[26][15]1745/CP
                           0.210             2.000             -1.790
     datapath_module/reg_file_module/reg_memory_reg[26][14]1744/CP
                           0.210             2.000             -1.790
     datapath_module/reg_file_module/reg_memory_reg[26][13]1743/CP
                           0.210             2.000             -1.790
     datapath_module/reg_file_module/reg_memory_reg[26][12]1742/CP
                           0.210             2.000             -1.790
     datapath_module/reg_file_module/reg_memory_reg[26][11]1741/CP
                           0.210             2.000             -1.790
     datapath_module/reg_file_module/reg_memory_reg[26][10]1740/CP
                           0.210             2.000             -1.790
     datapath_module/reg_file_module/reg_memory_reg[26][0]1730/CP
                           0.210             2.000             -1.790
     datapath_module/reg_file_module/reg_memory_reg[25][9]1675/CP
                           0.210             2.000             -1.790
     datapath_module/reg_file_module/reg_memory_reg[25][8]1674/CP
                           0.210             2.000             -1.790
     datapath_module/reg_file_module/reg_memory_reg[25][7]1673/CP
                           0.210             2.000             -1.790
     datapath_module/reg_file_module/reg_memory_reg[25][6]1672/CP
                           0.210             2.000             -1.790
     datapath_module/reg_file_module/reg_memory_reg[25][5]1671/CP
                           0.210             2.000             -1.790
     datapath_module/reg_file_module/reg_memory_reg[25][4]1670/CP
                           0.210             2.000             -1.790
     datapath_module/reg_file_module/reg_memory_reg[25][3]1669/CP
                           0.210             2.000             -1.790
     datapath_module/reg_file_module/reg_memory_reg[25][31]1697/CP
                           0.210             2.000             -1.790
     datapath_module/reg_file_module/reg_memory_reg[25][30]1696/CP
                           0.210             2.000             -1.790
     datapath_module/reg_file_module/reg_memory_reg[25][2]1668/CP
                           0.210             2.000             -1.790
     datapath_module/reg_file_module/reg_memory_reg[25][29]1695/CP
                           0.210             2.000             -1.790
     datapath_module/reg_file_module/reg_memory_reg[25][28]1694/CP
                           0.210             2.000             -1.790
     datapath_module/reg_file_module/reg_memory_reg[25][27]1693/CP
                           0.210             2.000             -1.790
     datapath_module/reg_file_module/reg_memory_reg[25][26]1692/CP
                           0.210             2.000             -1.790
     datapath_module/reg_file_module/reg_memory_reg[25][25]1691/CP
                           0.210             2.000             -1.790
     datapath_module/reg_file_module/reg_memory_reg[25][24]1690/CP
                           0.210             2.000             -1.790
     datapath_module/reg_file_module/reg_memory_reg[25][23]1689/CP
                           0.210             2.000             -1.790
     datapath_module/reg_file_module/reg_memory_reg[25][22]1688/CP
                           0.210             2.000             -1.790
     datapath_module/reg_file_module/reg_memory_reg[25][21]1687/CP
                           0.210             2.000             -1.790
     datapath_module/reg_file_module/reg_memory_reg[25][20]1686/CP
                           0.210             2.000             -1.790
     datapath_module/reg_file_module/reg_memory_reg[25][1]1667/CP
                           0.210             2.000             -1.790
     datapath_module/reg_file_module/reg_memory_reg[25][19]1685/CP
                           0.210             2.000             -1.790
     datapath_module/reg_file_module/reg_memory_reg[25][18]1684/CP
                           0.210             2.000             -1.790
     datapath_module/reg_file_module/reg_memory_reg[25][17]1683/CP
                           0.210             2.000             -1.790
     datapath_module/reg_file_module/reg_memory_reg[25][16]1682/CP
                           0.210             2.000             -1.790
     datapath_module/reg_file_module/reg_memory_reg[25][15]1681/CP
                           0.210             2.000             -1.790
     datapath_module/reg_file_module/reg_memory_reg[25][14]1680/CP
                           0.210             2.000             -1.790
     datapath_module/reg_file_module/reg_memory_reg[25][13]1679/CP
                           0.210             2.000             -1.790
     datapath_module/reg_file_module/reg_memory_reg[25][12]1678/CP
                           0.210             2.000             -1.790
     datapath_module/reg_file_module/reg_memory_reg[25][11]1677/CP
                           0.210             2.000             -1.790
     datapath_module/reg_file_module/reg_memory_reg[25][10]1676/CP
                           0.210             2.000             -1.790
     datapath_module/reg_file_module/reg_memory_reg[25][0]1666/CP
                           0.210             2.000             -1.790
     datapath_module/reg_file_module/reg_memory_reg[24][9]1611/CP
                           0.210             2.000             -1.790
     datapath_module/reg_file_module/reg_memory_reg[24][8]1610/CP
                           0.210             2.000             -1.790
     datapath_module/reg_file_module/reg_memory_reg[24][7]1609/CP
                           0.210             2.000             -1.790
     datapath_module/reg_file_module/reg_memory_reg[24][6]1608/CP
                           0.210             2.000             -1.790
     datapath_module/reg_file_module/reg_memory_reg[24][5]1607/CP
                           0.210             2.000             -1.790
     datapath_module/reg_file_module/reg_memory_reg[24][4]1606/CP
                           0.210             2.000             -1.790
     datapath_module/reg_file_module/reg_memory_reg[24][3]1605/CP
                           0.210             2.000             -1.790
     datapath_module/reg_file_module/reg_memory_reg[24][31]1633/CP
                           0.210             2.000             -1.790
     datapath_module/reg_file_module/reg_memory_reg[24][30]1632/CP
                           0.210             2.000             -1.790
     datapath_module/reg_file_module/reg_memory_reg[24][2]1604/CP
                           0.210             2.000             -1.790
     datapath_module/reg_file_module/reg_memory_reg[24][29]1631/CP
                           0.210             2.000             -1.790
     datapath_module/reg_file_module/reg_memory_reg[24][28]1630/CP
                           0.210             2.000             -1.790
     datapath_module/reg_file_module/reg_memory_reg[24][27]1629/CP
                           0.210             2.000             -1.790
     datapath_module/reg_file_module/reg_memory_reg[24][26]1628/CP
                           0.210             2.000             -1.790
     datapath_module/reg_file_module/reg_memory_reg[24][25]1627/CP
                           0.210             2.000             -1.790
     datapath_module/reg_file_module/reg_memory_reg[24][24]1626/CP
                           0.210             2.000             -1.790
     datapath_module/reg_file_module/reg_memory_reg[24][23]1625/CP
                           0.210             2.000             -1.790
     datapath_module/reg_file_module/reg_memory_reg[24][22]1624/CP
                           0.210             2.000             -1.790
     datapath_module/reg_file_module/reg_memory_reg[24][21]1623/CP
                           0.210             2.000             -1.790
     datapath_module/reg_file_module/reg_memory_reg[24][20]1622/CP
                           0.210             2.000             -1.790
     datapath_module/reg_file_module/reg_memory_reg[24][1]1603/CP
                           0.210             2.000             -1.790
     datapath_module/reg_file_module/reg_memory_reg[24][19]1621/CP
                           0.210             2.000             -1.790
     datapath_module/reg_file_module/reg_memory_reg[24][18]1620/CP
                           0.210             2.000             -1.790
     datapath_module/reg_file_module/reg_memory_reg[24][17]1619/CP
                           0.210             2.000             -1.790
     datapath_module/reg_file_module/reg_memory_reg[24][16]1618/CP
                           0.210             2.000             -1.790
     datapath_module/reg_file_module/reg_memory_reg[24][15]1617/CP
                           0.210             2.000             -1.790
     datapath_module/reg_file_module/reg_memory_reg[24][14]1616/CP
                           0.210             2.000             -1.790
     datapath_module/reg_file_module/reg_memory_reg[24][13]1615/CP
                           0.210             2.000             -1.790
     datapath_module/reg_file_module/reg_memory_reg[24][12]1614/CP
                           0.210             2.000             -1.790
     datapath_module/reg_file_module/reg_memory_reg[24][11]1613/CP
                           0.210             2.000             -1.790
     datapath_module/reg_file_module/reg_memory_reg[24][10]1612/CP
                           0.210             2.000             -1.790
     datapath_module/reg_file_module/reg_memory_reg[24][0]1602/CP
                           0.210             2.000             -1.790
     datapath_module/reg_file_module/reg_memory_reg[23][9]1547/CP
                           0.210             2.000             -1.790
     datapath_module/reg_file_module/reg_memory_reg[23][8]1546/CP
                           0.210             2.000             -1.790
     datapath_module/reg_file_module/reg_memory_reg[23][7]1545/CP
                           0.210             2.000             -1.790
     datapath_module/reg_file_module/reg_memory_reg[16][6]1096/CP
                           0.210             2.000             -1.790
     datapath_module/reg_file_module/reg_memory_reg[16][5]1095/CP
                           0.210             2.000             -1.790
     datapath_module/reg_file_module/reg_memory_reg[16][4]1094/CP
                           0.210             2.000             -1.790
     datapath_module/reg_file_module/reg_memory_reg[16][3]1093/CP
                           0.210             2.000             -1.790
     datapath_module/reg_file_module/reg_memory_reg[16][31]1121/CP
                           0.210             2.000             -1.790
     datapath_module/reg_file_module/reg_memory_reg[16][30]1120/CP
                           0.210             2.000             -1.790
     datapath_module/reg_file_module/reg_memory_reg[16][2]1092/CP
                           0.210             2.000             -1.790
     datapath_module/reg_file_module/reg_memory_reg[16][29]1119/CP
                           0.210             2.000             -1.790
     datapath_module/reg_file_module/reg_memory_reg[16][28]1118/CP
                           0.210             2.000             -1.790
     datapath_module/reg_file_module/reg_memory_reg[16][27]1117/CP
                           0.210             2.000             -1.790
     datapath_module/reg_file_module/reg_memory_reg[16][26]1116/CP
                           0.210             2.000             -1.790
     datapath_module/reg_file_module/reg_memory_reg[16][25]1115/CP
                           0.210             2.000             -1.790
     datapath_module/reg_file_module/reg_memory_reg[16][24]1114/CP
                           0.210             2.000             -1.790
     datapath_module/reg_file_module/reg_memory_reg[16][23]1113/CP
                           0.210             2.000             -1.790
     datapath_module/reg_file_module/reg_memory_reg[16][22]1112/CP
                           0.210             2.000             -1.790
     datapath_module/reg_file_module/reg_memory_reg[16][21]1111/CP
                           0.210             2.000             -1.790
     datapath_module/reg_file_module/reg_memory_reg[16][20]1110/CP
                           0.210             2.000             -1.790
     datapath_module/reg_file_module/reg_memory_reg[16][1]1091/CP
                           0.210             2.000             -1.790
     datapath_module/reg_file_module/reg_memory_reg[16][19]1109/CP
                           0.210             2.000             -1.790
     datapath_module/reg_file_module/reg_memory_reg[16][18]1108/CP
                           0.210             2.000             -1.790
     datapath_module/reg_file_module/reg_memory_reg[16][17]1107/CP
                           0.210             2.000             -1.790
     datapath_module/reg_file_module/reg_memory_reg[16][16]1106/CP
                           0.210             2.000             -1.790
     datapath_module/reg_file_module/reg_memory_reg[16][15]1105/CP
                           0.210             2.000             -1.790
     datapath_module/reg_file_module/reg_memory_reg[16][14]1104/CP
                           0.210             2.000             -1.790
     datapath_module/reg_file_module/reg_memory_reg[16][13]1103/CP
                           0.210             2.000             -1.790
     datapath_module/reg_file_module/reg_memory_reg[16][12]1102/CP
                           0.210             2.000             -1.790
     datapath_module/reg_file_module/reg_memory_reg[16][11]1101/CP
                           0.210             2.000             -1.790
     datapath_module/reg_file_module/reg_memory_reg[16][10]1100/CP
                           0.210             2.000             -1.790
     datapath_module/reg_file_module/reg_memory_reg[16][0]1090/CP
                           0.210             2.000             -1.790
     datapath_module/reg_file_module/reg_memory_reg[15][9]1035/CP
                           0.210             2.000             -1.790
     datapath_module/reg_file_module/reg_memory_reg[15][8]1034/CP
                           0.210             2.000             -1.790
     datapath_module/reg_file_module/reg_memory_reg[15][7]1033/CP
                           0.210             2.000             -1.790
     datapath_module/reg_file_module/reg_memory_reg[15][6]1032/CP
                           0.210             2.000             -1.790
     datapath_module/reg_file_module/reg_memory_reg[15][5]1031/CP
                           0.210             2.000             -1.790
     datapath_module/reg_file_module/reg_memory_reg[15][4]1030/CP
                           0.210             2.000             -1.790
     datapath_module/reg_file_module/reg_memory_reg[15][3]1029/CP
                           0.210             2.000             -1.790
     datapath_module/reg_file_module/reg_memory_reg[15][31]1057/CP
                           0.210             2.000             -1.790
     datapath_module/reg_file_module/reg_memory_reg[15][30]1056/CP
                           0.210             2.000             -1.790
     datapath_module/reg_file_module/reg_memory_reg[15][2]1028/CP
                           0.210             2.000             -1.790
     datapath_module/reg_file_module/reg_memory_reg[15][29]1055/CP
                           0.210             2.000             -1.790
     datapath_module/reg_file_module/reg_memory_reg[15][28]1054/CP
                           0.210             2.000             -1.790
     datapath_module/reg_file_module/reg_memory_reg[15][27]1053/CP
                           0.210             2.000             -1.790
     datapath_module/reg_file_module/reg_memory_reg[15][26]1052/CP
                           0.210             2.000             -1.790
     datapath_module/reg_file_module/reg_memory_reg[15][25]1051/CP
                           0.210             2.000             -1.790
     datapath_module/reg_file_module/reg_memory_reg[15][24]1050/CP
                           0.210             2.000             -1.790
     datapath_module/reg_file_module/reg_memory_reg[15][23]1049/CP
                           0.210             2.000             -1.790
     datapath_module/reg_file_module/reg_memory_reg[15][22]1048/CP
                           0.210             2.000             -1.790
     datapath_module/reg_file_module/reg_memory_reg[15][21]1047/CP
                           0.210             2.000             -1.790
     datapath_module/reg_file_module/reg_memory_reg[15][20]1046/CP
                           0.210             2.000             -1.790
     datapath_module/reg_file_module/reg_memory_reg[15][1]1027/CP
                           0.210             2.000             -1.790
     datapath_module/reg_file_module/reg_memory_reg[15][19]1045/CP
                           0.210             2.000             -1.790
     datapath_module/reg_file_module/reg_memory_reg[15][18]1044/CP
                           0.210             2.000             -1.790
     datapath_module/reg_file_module/reg_memory_reg[15][17]1043/CP
                           0.210             2.000             -1.790
     datapath_module/reg_file_module/reg_memory_reg[15][16]1042/CP
                           0.210             2.000             -1.790
     datapath_module/reg_file_module/reg_memory_reg[15][15]1041/CP
                           0.210             2.000             -1.790
     datapath_module/reg_file_module/reg_memory_reg[15][14]1040/CP
                           0.210             2.000             -1.790
     datapath_module/reg_file_module/reg_memory_reg[15][13]1039/CP
                           0.210             2.000             -1.790
     datapath_module/reg_file_module/reg_memory_reg[15][12]1038/CP
                           0.210             2.000             -1.790
     datapath_module/reg_file_module/reg_memory_reg[15][11]1037/CP
                           0.210             2.000             -1.790
     datapath_module/reg_file_module/reg_memory_reg[15][10]1036/CP
                           0.210             2.000             -1.790
     datapath_module/reg_file_module/reg_memory_reg[15][0]1026/CP
                           0.210             2.000             -1.790
     datapath_module/reg_file_module/reg_memory_reg[14][9]971/CP
                           0.210             2.000             -1.790
     datapath_module/reg_file_module/reg_memory_reg[14][8]970/CP
                           0.210             2.000             -1.790
     datapath_module/reg_file_module/reg_memory_reg[14][7]969/CP
                           0.210             2.000             -1.790
     datapath_module/reg_file_module/reg_memory_reg[14][6]968/CP
                           0.210             2.000             -1.790
     datapath_module/reg_file_module/reg_memory_reg[14][5]967/CP
                           0.210             2.000             -1.790
     datapath_module/reg_file_module/reg_memory_reg[14][4]966/CP
                           0.210             2.000             -1.790
     datapath_module/reg_file_module/reg_memory_reg[14][3]965/CP
                           0.210             2.000             -1.790
     datapath_module/reg_file_module/reg_memory_reg[14][31]993/CP
                           0.210             2.000             -1.790
     datapath_module/reg_file_module/reg_memory_reg[14][30]992/CP
                           0.210             2.000             -1.790
     datapath_module/reg_file_module/reg_memory_reg[14][2]964/CP
                           0.210             2.000             -1.790
     datapath_module/reg_file_module/reg_memory_reg[14][29]991/CP
                           0.210             2.000             -1.790
     datapath_module/reg_file_module/reg_memory_reg[14][28]990/CP
                           0.210             2.000             -1.790
     datapath_module/reg_file_module/reg_memory_reg[14][27]989/CP
                           0.210             2.000             -1.790
     datapath_module/reg_file_module/reg_memory_reg[14][26]988/CP
                           0.210             2.000             -1.790
     datapath_module/reg_file_module/reg_memory_reg[14][25]987/CP
                           0.210             2.000             -1.790
     datapath_module/reg_file_module/reg_memory_reg[14][24]986/CP
                           0.210             2.000             -1.790
     datapath_module/reg_file_module/reg_memory_reg[14][23]985/CP
                           0.210             2.000             -1.790
     datapath_module/reg_file_module/reg_memory_reg[14][22]984/CP
                           0.210             2.000             -1.790
     datapath_module/reg_file_module/reg_memory_reg[14][21]983/CP
                           0.210             2.000             -1.790
     datapath_module/reg_file_module/reg_memory_reg[14][20]982/CP
                           0.210             2.000             -1.790
     datapath_module/reg_file_module/reg_memory_reg[14][1]963/CP
                           0.210             2.000             -1.790
     datapath_module/reg_file_module/reg_memory_reg[14][19]981/CP
                           0.210             2.000             -1.790
     datapath_module/reg_file_module/reg_memory_reg[14][18]980/CP
                           0.210             2.000             -1.790
     datapath_module/reg_file_module/reg_memory_reg[14][17]979/CP
                           0.210             2.000             -1.790
     datapath_module/reg_file_module/reg_memory_reg[14][16]978/CP
                           0.210             2.000             -1.790
     datapath_module/reg_file_module/reg_memory_reg[14][15]977/CP
                           0.210             2.000             -1.790
     datapath_module/reg_file_module/reg_memory_reg[14][14]976/CP
                           0.210             2.000             -1.790
     datapath_module/reg_file_module/reg_memory_reg[14][13]975/CP
                           0.210             2.000             -1.790
     datapath_module/reg_file_module/reg_memory_reg[14][12]974/CP
                           0.210             2.000             -1.790
     datapath_module/reg_file_module/reg_memory_reg[14][11]973/CP
                           0.210             2.000             -1.790
     datapath_module/reg_file_module/reg_memory_reg[14][10]972/CP
                           0.210             2.000             -1.790
     datapath_module/reg_file_module/reg_memory_reg[14][0]962/CP
                           0.210             2.000             -1.790
     datapath_module/reg_file_module/reg_memory_reg[13][9]907/CP
                           0.210             2.000             -1.790
     datapath_module/reg_file_module/reg_memory_reg[13][8]906/CP
                           0.210             2.000             -1.790
     datapath_module/reg_file_module/reg_memory_reg[13][7]905/CP
                           0.210             2.000             -1.790
     datapath_module/reg_file_module/reg_memory_reg[13][6]904/CP
                           0.210             2.000             -1.790
     datapath_module/reg_file_module/reg_memory_reg[13][5]903/CP
                           0.210             2.000             -1.790
     datapath_module/reg_file_module/reg_memory_reg[13][4]902/CP
                           0.210             2.000             -1.790
     datapath_module/reg_file_module/reg_memory_reg[13][3]901/CP
                           0.210             2.000             -1.790
     datapath_module/reg_file_module/reg_memory_reg[13][31]929/CP
                           0.210             2.000             -1.790
     datapath_module/reg_file_module/reg_memory_reg[13][30]928/CP
                           0.210             2.000             -1.790
     datapath_module/reg_file_module/reg_memory_reg[13][2]900/CP
                           0.210             2.000             -1.790
     datapath_module/reg_file_module/reg_memory_reg[13][29]927/CP
                           0.210             2.000             -1.790
     datapath_module/reg_file_module/reg_memory_reg[13][28]926/CP
                           0.210             2.000             -1.790
     datapath_module/reg_file_module/reg_memory_reg[13][27]925/CP
                           0.210             2.000             -1.790
     datapath_module/reg_file_module/reg_memory_reg[13][26]924/CP
                           0.210             2.000             -1.790
     datapath_module/reg_file_module/reg_memory_reg[13][25]923/CP
                           0.210             2.000             -1.790
     datapath_module/reg_file_module/reg_memory_reg[13][24]922/CP
                           0.210             2.000             -1.790
     datapath_module/reg_file_module/reg_memory_reg[13][23]921/CP
                           0.210             2.000             -1.790
     datapath_module/reg_file_module/reg_memory_reg[13][22]920/CP
                           0.210             2.000             -1.790
     datapath_module/reg_file_module/reg_memory_reg[13][21]919/CP
                           0.210             2.000             -1.790
     datapath_module/reg_file_module/reg_memory_reg[13][20]918/CP
                           0.210             2.000             -1.790
     datapath_module/reg_file_module/reg_memory_reg[13][1]899/CP
                           0.210             2.000             -1.790
     datapath_module/reg_file_module/reg_memory_reg[13][19]917/CP
                           0.210             2.000             -1.790
     datapath_module/reg_file_module/reg_memory_reg[13][18]916/CP
                           0.210             2.000             -1.790
     datapath_module/reg_file_module/reg_memory_reg[13][17]915/CP
                           0.210             2.000             -1.790
     datapath_module/reg_file_module/reg_memory_reg[13][16]914/CP
                           0.210             2.000             -1.790
     datapath_module/reg_file_module/reg_memory_reg[13][15]913/CP
                           0.210             2.000             -1.790
     datapath_module/reg_file_module/reg_memory_reg[13][14]912/CP
                           0.210             2.000             -1.790
     datapath_module/reg_file_module/reg_memory_reg[13][13]911/CP
                           0.210             2.000             -1.790
     datapath_module/reg_file_module/reg_memory_reg[13][12]910/CP
                           0.210             2.000             -1.790
     datapath_module/reg_file_module/reg_memory_reg[13][11]909/CP
                           0.210             2.000             -1.790
     datapath_module/reg_file_module/reg_memory_reg[13][10]908/CP
                           0.210             2.000             -1.790
     datapath_module/reg_file_module/reg_memory_reg[13][0]898/CP
                           0.210             2.000             -1.790
     datapath_module/reg_file_module/reg_memory_reg[12][9]843/CP
                           0.210             2.000             -1.790
     datapath_module/reg_file_module/reg_memory_reg[12][8]842/CP
                           0.210             2.000             -1.790
     datapath_module/reg_file_module/reg_memory_reg[12][7]841/CP
                           0.210             2.000             -1.790
     datapath_module/reg_file_module/reg_memory_reg[5][6]392/CP
                           0.210             2.000             -1.790
     datapath_module/reg_file_module/reg_memory_reg[5][5]391/CP
                           0.210             2.000             -1.790
     datapath_module/reg_file_module/reg_memory_reg[5][4]390/CP
                           0.210             2.000             -1.790
     datapath_module/reg_file_module/reg_memory_reg[5][3]389/CP
                           0.210             2.000             -1.790
     datapath_module/reg_file_module/reg_memory_reg[5][31]417/CP
                           0.210             2.000             -1.790
     datapath_module/reg_file_module/reg_memory_reg[5][30]416/CP
                           0.210             2.000             -1.790
     datapath_module/reg_file_module/reg_memory_reg[5][2]388/CP
                           0.210             2.000             -1.790
     datapath_module/reg_file_module/reg_memory_reg[5][29]415/CP
                           0.210             2.000             -1.790
     datapath_module/reg_file_module/reg_memory_reg[5][28]414/CP
                           0.210             2.000             -1.790
     datapath_module/reg_file_module/reg_memory_reg[5][27]413/CP
                           0.210             2.000             -1.790
     datapath_module/reg_file_module/reg_memory_reg[5][26]412/CP
                           0.210             2.000             -1.790
     datapath_module/reg_file_module/reg_memory_reg[5][25]411/CP
                           0.210             2.000             -1.790
     datapath_module/reg_file_module/reg_memory_reg[5][24]410/CP
                           0.210             2.000             -1.790
     datapath_module/reg_file_module/reg_memory_reg[5][23]409/CP
                           0.210             2.000             -1.790
     datapath_module/reg_file_module/reg_memory_reg[5][22]408/CP
                           0.210             2.000             -1.790
     datapath_module/reg_file_module/reg_memory_reg[5][21]407/CP
                           0.210             2.000             -1.790
     datapath_module/reg_file_module/reg_memory_reg[5][20]406/CP
                           0.210             2.000             -1.790
     datapath_module/reg_file_module/reg_memory_reg[5][1]387/CP
                           0.210             2.000             -1.790
     datapath_module/reg_file_module/reg_memory_reg[5][19]405/CP
                           0.210             2.000             -1.790
     datapath_module/reg_file_module/reg_memory_reg[5][18]404/CP
                           0.210             2.000             -1.790
     datapath_module/reg_file_module/reg_memory_reg[5][17]403/CP
                           0.210             2.000             -1.790
     datapath_module/reg_file_module/reg_memory_reg[5][16]402/CP
                           0.210             2.000             -1.790
     datapath_module/reg_file_module/reg_memory_reg[5][15]401/CP
                           0.210             2.000             -1.790
     datapath_module/reg_file_module/reg_memory_reg[5][14]400/CP
                           0.210             2.000             -1.790
     datapath_module/reg_file_module/reg_memory_reg[5][13]399/CP
                           0.210             2.000             -1.790
     datapath_module/reg_file_module/reg_memory_reg[5][12]398/CP
                           0.210             2.000             -1.790
     datapath_module/reg_file_module/reg_memory_reg[5][11]397/CP
                           0.210             2.000             -1.790
     datapath_module/reg_file_module/reg_memory_reg[5][10]396/CP
                           0.210             2.000             -1.790
     datapath_module/reg_file_module/reg_memory_reg[5][0]386/CP
                           0.210             2.000             -1.790
     datapath_module/reg_file_module/reg_memory_reg[4][9]331/CP
                           0.210             2.000             -1.790
     datapath_module/reg_file_module/reg_memory_reg[4][8]330/CP
                           0.210             2.000             -1.790
     datapath_module/reg_file_module/reg_memory_reg[4][7]329/CP
                           0.210             2.000             -1.790
     datapath_module/reg_file_module/reg_memory_reg[4][6]328/CP
                           0.210             2.000             -1.790
     datapath_module/reg_file_module/reg_memory_reg[4][5]327/CP
                           0.210             2.000             -1.790
     datapath_module/reg_file_module/reg_memory_reg[4][4]326/CP
                           0.210             2.000             -1.790
     datapath_module/reg_file_module/reg_memory_reg[4][3]325/CP
                           0.210             2.000             -1.790
     datapath_module/reg_file_module/reg_memory_reg[4][31]353/CP
                           0.210             2.000             -1.790
     datapath_module/reg_file_module/reg_memory_reg[4][30]352/CP
                           0.210             2.000             -1.790
     datapath_module/reg_file_module/reg_memory_reg[4][2]324/CP
                           0.210             2.000             -1.790
     datapath_module/reg_file_module/reg_memory_reg[4][29]351/CP
                           0.210             2.000             -1.790
     datapath_module/reg_file_module/reg_memory_reg[4][28]350/CP
                           0.210             2.000             -1.790
     datapath_module/reg_file_module/reg_memory_reg[4][27]349/CP
                           0.210             2.000             -1.790
     datapath_module/reg_file_module/reg_memory_reg[4][26]348/CP
                           0.210             2.000             -1.790
     datapath_module/reg_file_module/reg_memory_reg[4][25]347/CP
                           0.210             2.000             -1.790
     datapath_module/reg_file_module/reg_memory_reg[4][24]346/CP
                           0.210             2.000             -1.790
     datapath_module/reg_file_module/reg_memory_reg[4][23]345/CP
                           0.210             2.000             -1.790
     datapath_module/reg_file_module/reg_memory_reg[4][22]344/CP
                           0.210             2.000             -1.790
     datapath_module/reg_file_module/reg_memory_reg[4][21]343/CP
                           0.210             2.000             -1.790
     datapath_module/reg_file_module/reg_memory_reg[4][20]342/CP
                           0.210             2.000             -1.790
     datapath_module/reg_file_module/reg_memory_reg[4][1]323/CP
                           0.210             2.000             -1.790
     datapath_module/reg_file_module/reg_memory_reg[4][19]341/CP
                           0.210             2.000             -1.790
     datapath_module/reg_file_module/reg_memory_reg[4][18]340/CP
                           0.210             2.000             -1.790
     datapath_module/reg_file_module/reg_memory_reg[4][17]339/CP
                           0.210             2.000             -1.790
     datapath_module/reg_file_module/reg_memory_reg[4][16]338/CP
                           0.210             2.000             -1.790
     datapath_module/reg_file_module/reg_memory_reg[4][15]337/CP
                           0.210             2.000             -1.790
     datapath_module/reg_file_module/reg_memory_reg[4][14]336/CP
                           0.210             2.000             -1.790
     datapath_module/reg_file_module/reg_memory_reg[4][13]335/CP
                           0.210             2.000             -1.790
     datapath_module/reg_file_module/reg_memory_reg[4][12]334/CP
                           0.210             2.000             -1.790
     datapath_module/reg_file_module/reg_memory_reg[4][11]333/CP
                           0.210             2.000             -1.790
     datapath_module/reg_file_module/reg_memory_reg[4][10]332/CP
                           0.210             2.000             -1.790
     datapath_module/reg_file_module/reg_memory_reg[4][0]322/CP
                           0.210             2.000             -1.790
     datapath_module/reg_file_module/reg_memory_reg[3][9]267/CP
                           0.210             2.000             -1.790
     datapath_module/reg_file_module/reg_memory_reg[3][8]266/CP
                           0.210             2.000             -1.790
     datapath_module/reg_file_module/reg_memory_reg[3][7]265/CP
                           0.210             2.000             -1.790
     datapath_module/reg_file_module/reg_memory_reg[3][6]264/CP
                           0.210             2.000             -1.790
     datapath_module/reg_file_module/reg_memory_reg[3][5]263/CP
                           0.210             2.000             -1.790
     datapath_module/reg_file_module/reg_memory_reg[3][4]262/CP
                           0.210             2.000             -1.790
     datapath_module/reg_file_module/reg_memory_reg[3][3]261/CP
                           0.210             2.000             -1.790
     datapath_module/reg_file_module/reg_memory_reg[3][31]289/CP
                           0.210             2.000             -1.790
     datapath_module/reg_file_module/reg_memory_reg[3][30]288/CP
                           0.210             2.000             -1.790
     datapath_module/reg_file_module/reg_memory_reg[3][2]260/CP
                           0.210             2.000             -1.790
     datapath_module/reg_file_module/reg_memory_reg[3][29]287/CP
                           0.210             2.000             -1.790
     datapath_module/reg_file_module/reg_memory_reg[3][28]286/CP
                           0.210             2.000             -1.790
     datapath_module/reg_file_module/reg_memory_reg[3][27]285/CP
                           0.210             2.000             -1.790
     datapath_module/reg_file_module/reg_memory_reg[3][26]284/CP
                           0.210             2.000             -1.790
     datapath_module/reg_file_module/reg_memory_reg[3][25]283/CP
                           0.210             2.000             -1.790
     datapath_module/reg_file_module/reg_memory_reg[3][24]282/CP
                           0.210             2.000             -1.790
     datapath_module/reg_file_module/reg_memory_reg[3][23]281/CP
                           0.210             2.000             -1.790
     datapath_module/reg_file_module/reg_memory_reg[3][22]280/CP
                           0.210             2.000             -1.790
     datapath_module/reg_file_module/reg_memory_reg[3][21]279/CP
                           0.210             2.000             -1.790
     datapath_module/reg_file_module/reg_memory_reg[3][20]278/CP
                           0.210             2.000             -1.790
     datapath_module/reg_file_module/reg_memory_reg[3][1]259/CP
                           0.210             2.000             -1.790
     datapath_module/reg_file_module/reg_memory_reg[3][19]277/CP
                           0.210             2.000             -1.790
     datapath_module/reg_file_module/reg_memory_reg[3][18]276/CP
                           0.210             2.000             -1.790
     datapath_module/reg_file_module/reg_memory_reg[3][17]275/CP
                           0.210             2.000             -1.790
     datapath_module/reg_file_module/reg_memory_reg[3][16]274/CP
                           0.210             2.000             -1.790
     datapath_module/reg_file_module/reg_memory_reg[3][15]273/CP
                           0.210             2.000             -1.790
     datapath_module/reg_file_module/reg_memory_reg[3][14]272/CP
                           0.210             2.000             -1.790
     datapath_module/reg_file_module/reg_memory_reg[3][13]271/CP
                           0.210             2.000             -1.790
     datapath_module/reg_file_module/reg_memory_reg[3][12]270/CP
                           0.210             2.000             -1.790
     datapath_module/reg_file_module/reg_memory_reg[3][11]269/CP
                           0.210             2.000             -1.790
     datapath_module/reg_file_module/reg_memory_reg[3][10]268/CP
                           0.210             2.000             -1.790
     datapath_module/reg_file_module/reg_memory_reg[3][0]258/CP
                           0.210             2.000             -1.790
     datapath_module/reg_file_module/reg_memory_reg[31][9]2059/CP
                           0.210             2.000             -1.790
     datapath_module/reg_file_module/reg_memory_reg[31][8]2058/CP
                           0.210             2.000             -1.790
     datapath_module/reg_file_module/reg_memory_reg[31][7]2057/CP
                           0.210             2.000             -1.790
     datapath_module/reg_file_module/reg_memory_reg[31][6]2056/CP
                           0.210             2.000             -1.790
     datapath_module/reg_file_module/reg_memory_reg[31][5]2055/CP
                           0.210             2.000             -1.790
     datapath_module/reg_file_module/reg_memory_reg[31][4]2054/CP
                           0.210             2.000             -1.790
     datapath_module/reg_file_module/reg_memory_reg[31][3]2053/CP
                           0.210             2.000             -1.790
     datapath_module/reg_file_module/reg_memory_reg[31][31]2081/CP
                           0.210             2.000             -1.790
     datapath_module/reg_file_module/reg_memory_reg[31][30]2080/CP
                           0.210             2.000             -1.790
     datapath_module/reg_file_module/reg_memory_reg[31][2]2052/CP
                           0.210             2.000             -1.790
     datapath_module/reg_file_module/reg_memory_reg[31][29]2079/CP
                           0.210             2.000             -1.790
     datapath_module/reg_file_module/reg_memory_reg[31][28]2078/CP
                           0.210             2.000             -1.790
     datapath_module/reg_file_module/reg_memory_reg[31][27]2077/CP
                           0.210             2.000             -1.790
     datapath_module/reg_file_module/reg_memory_reg[31][26]2076/CP
                           0.210             2.000             -1.790
     datapath_module/reg_file_module/reg_memory_reg[31][25]2075/CP
                           0.210             2.000             -1.790
     datapath_module/reg_file_module/reg_memory_reg[31][24]2074/CP
                           0.210             2.000             -1.790
     datapath_module/reg_file_module/reg_memory_reg[31][23]2073/CP
                           0.210             2.000             -1.790
     datapath_module/reg_file_module/reg_memory_reg[31][22]2072/CP
                           0.210             2.000             -1.790
     datapath_module/reg_file_module/reg_memory_reg[31][21]2071/CP
                           0.210             2.000             -1.790
     datapath_module/reg_file_module/reg_memory_reg[31][20]2070/CP
                           0.210             2.000             -1.790
     datapath_module/reg_file_module/reg_memory_reg[31][1]2051/CP
                           0.210             2.000             -1.790
     datapath_module/reg_file_module/reg_memory_reg[31][19]2069/CP
                           0.210             2.000             -1.790
     datapath_module/reg_file_module/reg_memory_reg[31][18]2068/CP
                           0.210             2.000             -1.790
     datapath_module/reg_file_module/reg_memory_reg[31][17]2067/CP
                           0.210             2.000             -1.790
     datapath_module/reg_file_module/reg_memory_reg[31][16]2066/CP
                           0.210             2.000             -1.790
     datapath_module/reg_file_module/reg_memory_reg[31][15]2065/CP
                           0.210             2.000             -1.790
     datapath_module/reg_file_module/reg_memory_reg[31][14]2064/CP
                           0.210             2.000             -1.790
     datapath_module/reg_file_module/reg_memory_reg[31][13]2063/CP
                           0.210             2.000             -1.790
     datapath_module/reg_file_module/reg_memory_reg[31][12]2062/CP
                           0.210             2.000             -1.790
     datapath_module/reg_file_module/reg_memory_reg[31][11]2061/CP
                           0.210             2.000             -1.790
     datapath_module/reg_file_module/reg_memory_reg[31][10]2060/CP
                           0.210             2.000             -1.790
     datapath_module/reg_file_module/reg_memory_reg[31][0]2050/CP
                           0.210             2.000             -1.790
     datapath_module/reg_file_module/reg_memory_reg[30][9]1995/CP
                           0.210             2.000             -1.790
     datapath_module/reg_file_module/reg_memory_reg[30][8]1994/CP
                           0.210             2.000             -1.790
     datapath_module/reg_file_module/reg_memory_reg[30][7]1993/CP
                           0.210             2.000             -1.790
     datapath_module/reg_file_module/reg_memory_reg[12][6]840/CP
                           0.210             2.000             -1.790
     datapath_module/reg_file_module/reg_memory_reg[12][5]839/CP
                           0.210             2.000             -1.790
     datapath_module/reg_file_module/reg_memory_reg[12][4]838/CP
                           0.210             2.000             -1.790
     datapath_module/reg_file_module/reg_memory_reg[12][3]837/CP
                           0.210             2.000             -1.790
     datapath_module/reg_file_module/reg_memory_reg[12][31]865/CP
                           0.210             2.000             -1.790
     datapath_module/reg_file_module/reg_memory_reg[12][30]864/CP
                           0.210             2.000             -1.790
     datapath_module/reg_file_module/reg_memory_reg[12][2]836/CP
                           0.210             2.000             -1.790
     datapath_module/reg_file_module/reg_memory_reg[12][29]863/CP
                           0.210             2.000             -1.790
     datapath_module/reg_file_module/reg_memory_reg[12][28]862/CP
                           0.210             2.000             -1.790
     datapath_module/reg_file_module/reg_memory_reg[12][27]861/CP
                           0.210             2.000             -1.790
     datapath_module/reg_file_module/reg_memory_reg[12][26]860/CP
                           0.210             2.000             -1.790
     datapath_module/reg_file_module/reg_memory_reg[12][25]859/CP
                           0.210             2.000             -1.790
     datapath_module/reg_file_module/reg_memory_reg[12][24]858/CP
                           0.210             2.000             -1.790
     datapath_module/reg_file_module/reg_memory_reg[12][23]857/CP
                           0.210             2.000             -1.790
     datapath_module/reg_file_module/reg_memory_reg[12][22]856/CP
                           0.210             2.000             -1.790
     datapath_module/reg_file_module/reg_memory_reg[12][21]855/CP
                           0.210             2.000             -1.790
     datapath_module/reg_file_module/reg_memory_reg[12][20]854/CP
                           0.210             2.000             -1.790
     datapath_module/reg_file_module/reg_memory_reg[12][1]835/CP
                           0.210             2.000             -1.790
     datapath_module/reg_file_module/reg_memory_reg[12][19]853/CP
                           0.210             2.000             -1.790
     datapath_module/reg_file_module/reg_memory_reg[12][18]852/CP
                           0.210             2.000             -1.790
     datapath_module/reg_file_module/reg_memory_reg[12][17]851/CP
                           0.210             2.000             -1.790
     datapath_module/reg_file_module/reg_memory_reg[12][16]850/CP
                           0.210             2.000             -1.790
     datapath_module/reg_file_module/reg_memory_reg[12][15]849/CP
                           0.210             2.000             -1.790
     datapath_module/reg_file_module/reg_memory_reg[12][14]848/CP
                           0.210             2.000             -1.790
     datapath_module/reg_file_module/reg_memory_reg[12][13]847/CP
                           0.210             2.000             -1.790
     datapath_module/reg_file_module/reg_memory_reg[12][12]846/CP
                           0.210             2.000             -1.790
     datapath_module/reg_file_module/reg_memory_reg[12][11]845/CP
                           0.210             2.000             -1.790
     datapath_module/reg_file_module/reg_memory_reg[12][10]844/CP
                           0.210             2.000             -1.790
     datapath_module/reg_file_module/reg_memory_reg[12][0]834/CP
                           0.210             2.000             -1.790
     datapath_module/reg_file_module/reg_memory_reg[11][9]779/CP
                           0.210             2.000             -1.790
     datapath_module/reg_file_module/reg_memory_reg[11][8]778/CP
                           0.210             2.000             -1.790
     datapath_module/reg_file_module/reg_memory_reg[11][7]777/CP
                           0.210             2.000             -1.790
     datapath_module/reg_file_module/reg_memory_reg[11][6]776/CP
                           0.210             2.000             -1.790
     datapath_module/reg_file_module/reg_memory_reg[11][5]775/CP
                           0.210             2.000             -1.790
     datapath_module/reg_file_module/reg_memory_reg[11][4]774/CP
                           0.210             2.000             -1.790
     datapath_module/reg_file_module/reg_memory_reg[11][3]773/CP
                           0.210             2.000             -1.790
     datapath_module/reg_file_module/reg_memory_reg[11][31]801/CP
                           0.210             2.000             -1.790
     datapath_module/reg_file_module/reg_memory_reg[11][30]800/CP
                           0.210             2.000             -1.790
     datapath_module/reg_file_module/reg_memory_reg[11][2]772/CP
                           0.210             2.000             -1.790
     datapath_module/reg_file_module/reg_memory_reg[11][29]799/CP
                           0.210             2.000             -1.790
     datapath_module/reg_file_module/reg_memory_reg[11][28]798/CP
                           0.210             2.000             -1.790
     datapath_module/reg_file_module/reg_memory_reg[11][27]797/CP
                           0.210             2.000             -1.790
     datapath_module/reg_file_module/reg_memory_reg[11][26]796/CP
                           0.210             2.000             -1.790
     datapath_module/reg_file_module/reg_memory_reg[11][25]795/CP
                           0.210             2.000             -1.790
     datapath_module/reg_file_module/reg_memory_reg[11][24]794/CP
                           0.210             2.000             -1.790
     datapath_module/reg_file_module/reg_memory_reg[11][23]793/CP
                           0.210             2.000             -1.790
     datapath_module/reg_file_module/reg_memory_reg[11][22]792/CP
                           0.210             2.000             -1.790
     datapath_module/reg_file_module/reg_memory_reg[11][21]791/CP
                           0.210             2.000             -1.790
     datapath_module/reg_file_module/reg_memory_reg[11][20]790/CP
                           0.210             2.000             -1.790
     datapath_module/reg_file_module/reg_memory_reg[11][1]771/CP
                           0.210             2.000             -1.790
     datapath_module/reg_file_module/reg_memory_reg[11][19]789/CP
                           0.210             2.000             -1.790
     datapath_module/reg_file_module/reg_memory_reg[11][18]788/CP
                           0.210             2.000             -1.790
     datapath_module/reg_file_module/reg_memory_reg[11][17]787/CP
                           0.210             2.000             -1.790
     datapath_module/reg_file_module/reg_memory_reg[11][16]786/CP
                           0.210             2.000             -1.790
     datapath_module/reg_file_module/reg_memory_reg[11][15]785/CP
                           0.210             2.000             -1.790
     datapath_module/reg_file_module/reg_memory_reg[11][14]784/CP
                           0.210             2.000             -1.790
     datapath_module/reg_file_module/reg_memory_reg[11][13]783/CP
                           0.210             2.000             -1.790
     datapath_module/reg_file_module/reg_memory_reg[11][12]782/CP
                           0.210             2.000             -1.790
     datapath_module/reg_file_module/reg_memory_reg[11][11]781/CP
                           0.210             2.000             -1.790
     datapath_module/reg_file_module/reg_memory_reg[11][10]780/CP
                           0.210             2.000             -1.790
     datapath_module/reg_file_module/reg_memory_reg[11][0]770/CP
                           0.210             2.000             -1.790
     datapath_module/reg_file_module/reg_memory_reg[10][9]715/CP
                           0.210             2.000             -1.790
     datapath_module/reg_file_module/reg_memory_reg[10][8]714/CP
                           0.210             2.000             -1.790
     datapath_module/reg_file_module/reg_memory_reg[10][7]713/CP
                           0.210             2.000             -1.790
     datapath_module/reg_file_module/reg_memory_reg[7][6]520/CP
                           0.210             2.000             -1.790
     datapath_module/reg_file_module/reg_memory_reg[7][5]519/CP
                           0.210             2.000             -1.790
     datapath_module/reg_file_module/reg_memory_reg[7][4]518/CP
                           0.210             2.000             -1.790
     datapath_module/reg_file_module/reg_memory_reg[7][3]517/CP
                           0.210             2.000             -1.790
     datapath_module/reg_file_module/reg_memory_reg[7][31]545/CP
                           0.210             2.000             -1.790
     datapath_module/reg_file_module/reg_memory_reg[7][30]544/CP
                           0.210             2.000             -1.790
     datapath_module/reg_file_module/reg_memory_reg[7][2]516/CP
                           0.210             2.000             -1.790
     datapath_module/reg_file_module/reg_memory_reg[7][29]543/CP
                           0.210             2.000             -1.790
     datapath_module/reg_file_module/reg_memory_reg[7][28]542/CP
                           0.210             2.000             -1.790
     datapath_module/reg_file_module/reg_memory_reg[7][27]541/CP
                           0.210             2.000             -1.790
     datapath_module/reg_file_module/reg_memory_reg[7][26]540/CP
                           0.210             2.000             -1.790
     datapath_module/reg_file_module/reg_memory_reg[7][25]539/CP
                           0.210             2.000             -1.790
     datapath_module/reg_file_module/reg_memory_reg[7][24]538/CP
                           0.210             2.000             -1.790
     datapath_module/reg_file_module/reg_memory_reg[7][23]537/CP
                           0.210             2.000             -1.790
     datapath_module/reg_file_module/reg_memory_reg[7][22]536/CP
                           0.210             2.000             -1.790
     datapath_module/reg_file_module/reg_memory_reg[7][21]535/CP
                           0.210             2.000             -1.790
     datapath_module/reg_file_module/reg_memory_reg[7][20]534/CP
                           0.210             2.000             -1.790
     datapath_module/reg_file_module/reg_memory_reg[7][1]515/CP
                           0.210             2.000             -1.790
     datapath_module/reg_file_module/reg_memory_reg[7][19]533/CP
                           0.210             2.000             -1.790
     datapath_module/reg_file_module/reg_memory_reg[7][18]532/CP
                           0.210             2.000             -1.790
     datapath_module/reg_file_module/reg_memory_reg[7][17]531/CP
                           0.210             2.000             -1.790
     datapath_module/reg_file_module/reg_memory_reg[7][16]530/CP
                           0.210             2.000             -1.790
     datapath_module/reg_file_module/reg_memory_reg[7][15]529/CP
                           0.210             2.000             -1.790
     datapath_module/reg_file_module/reg_memory_reg[7][14]528/CP
                           0.210             2.000             -1.790
     datapath_module/reg_file_module/reg_memory_reg[7][13]527/CP
                           0.210             2.000             -1.790
     datapath_module/reg_file_module/reg_memory_reg[7][12]526/CP
                           0.210             2.000             -1.790
     datapath_module/reg_file_module/reg_memory_reg[7][11]525/CP
                           0.210             2.000             -1.790
     datapath_module/reg_file_module/reg_memory_reg[7][10]524/CP
                           0.210             2.000             -1.790
     datapath_module/reg_file_module/reg_memory_reg[7][0]514/CP
                           0.210             2.000             -1.790
     datapath_module/reg_file_module/reg_memory_reg[6][9]459/CP
                           0.210             2.000             -1.790
     datapath_module/reg_file_module/reg_memory_reg[6][8]458/CP
                           0.210             2.000             -1.790
     datapath_module/reg_file_module/reg_memory_reg[6][7]457/CP
                           0.210             2.000             -1.790
     datapath_module/reg_file_module/reg_memory_reg[6][6]456/CP
                           0.210             2.000             -1.790
     datapath_module/reg_file_module/reg_memory_reg[6][5]455/CP
                           0.210             2.000             -1.790
     datapath_module/reg_file_module/reg_memory_reg[6][4]454/CP
                           0.210             2.000             -1.790
     datapath_module/reg_file_module/reg_memory_reg[6][3]453/CP
                           0.210             2.000             -1.790
     datapath_module/reg_file_module/reg_memory_reg[6][31]481/CP
                           0.210             2.000             -1.790
     datapath_module/reg_file_module/reg_memory_reg[6][30]480/CP
                           0.210             2.000             -1.790
     datapath_module/reg_file_module/reg_memory_reg[6][2]452/CP
                           0.210             2.000             -1.790
     datapath_module/reg_file_module/reg_memory_reg[6][29]479/CP
                           0.210             2.000             -1.790
     datapath_module/reg_file_module/reg_memory_reg[6][28]478/CP
                           0.210             2.000             -1.790
     datapath_module/reg_file_module/reg_memory_reg[6][27]477/CP
                           0.210             2.000             -1.790
     datapath_module/reg_file_module/reg_memory_reg[6][26]476/CP
                           0.210             2.000             -1.790
     datapath_module/reg_file_module/reg_memory_reg[6][25]475/CP
                           0.210             2.000             -1.790
     datapath_module/reg_file_module/reg_memory_reg[6][24]474/CP
                           0.210             2.000             -1.790
     datapath_module/reg_file_module/reg_memory_reg[6][23]473/CP
                           0.210             2.000             -1.790
     datapath_module/reg_file_module/reg_memory_reg[6][22]472/CP
                           0.210             2.000             -1.790
     datapath_module/reg_file_module/reg_memory_reg[6][21]471/CP
                           0.210             2.000             -1.790
     datapath_module/reg_file_module/reg_memory_reg[6][20]470/CP
                           0.210             2.000             -1.790
     datapath_module/reg_file_module/reg_memory_reg[6][1]451/CP
                           0.210             2.000             -1.790
     datapath_module/reg_file_module/reg_memory_reg[6][19]469/CP
                           0.210             2.000             -1.790
     datapath_module/reg_file_module/reg_memory_reg[6][18]468/CP
                           0.210             2.000             -1.790
     datapath_module/reg_file_module/reg_memory_reg[6][17]467/CP
                           0.210             2.000             -1.790
     datapath_module/reg_file_module/reg_memory_reg[6][16]466/CP
                           0.210             2.000             -1.790
     datapath_module/reg_file_module/reg_memory_reg[6][15]465/CP
                           0.210             2.000             -1.790
     datapath_module/reg_file_module/reg_memory_reg[6][14]464/CP
                           0.210             2.000             -1.790
     datapath_module/reg_file_module/reg_memory_reg[6][13]463/CP
                           0.210             2.000             -1.790
     datapath_module/reg_file_module/reg_memory_reg[6][12]462/CP
                           0.210             2.000             -1.790
     datapath_module/reg_file_module/reg_memory_reg[6][11]461/CP
                           0.210             2.000             -1.790
     datapath_module/reg_file_module/reg_memory_reg[6][10]460/CP
                           0.210             2.000             -1.790
     datapath_module/reg_file_module/reg_memory_reg[6][0]450/CP
                           0.210             2.000             -1.790
     datapath_module/reg_file_module/reg_memory_reg[5][9]395/CP
                           0.210             2.000             -1.790
     datapath_module/reg_file_module/reg_memory_reg[5][8]394/CP
                           0.210             2.000             -1.790
     datapath_module/reg_file_module/reg_memory_reg[5][7]393/CP
                           0.210             2.000             -1.790
     datapath_module/reg_file_module/reg_memory_reg[10][6]712/CP
                           0.210             2.000             -1.790
     datapath_module/reg_file_module/reg_memory_reg[10][5]711/CP
                           0.210             2.000             -1.790
     datapath_module/reg_file_module/reg_memory_reg[10][4]710/CP
                           0.210             2.000             -1.790
     datapath_module/reg_file_module/reg_memory_reg[10][3]709/CP
                           0.210             2.000             -1.790
     datapath_module/reg_file_module/reg_memory_reg[10][31]737/CP
                           0.210             2.000             -1.790
     datapath_module/reg_file_module/reg_memory_reg[10][30]736/CP
                           0.210             2.000             -1.790
     datapath_module/reg_file_module/reg_memory_reg[10][2]708/CP
                           0.210             2.000             -1.790
     datapath_module/reg_file_module/reg_memory_reg[10][29]735/CP
                           0.210             2.000             -1.790
     datapath_module/reg_file_module/reg_memory_reg[10][28]734/CP
                           0.210             2.000             -1.790
     datapath_module/reg_file_module/reg_memory_reg[10][27]733/CP
                           0.210             2.000             -1.790
     datapath_module/reg_file_module/reg_memory_reg[10][26]732/CP
                           0.210             2.000             -1.790
     datapath_module/reg_file_module/reg_memory_reg[10][25]731/CP
                           0.210             2.000             -1.790
     datapath_module/reg_file_module/reg_memory_reg[10][24]730/CP
                           0.210             2.000             -1.790
     datapath_module/reg_file_module/reg_memory_reg[10][23]729/CP
                           0.210             2.000             -1.790
     datapath_module/reg_file_module/reg_memory_reg[10][22]728/CP
                           0.210             2.000             -1.790
     datapath_module/reg_file_module/reg_memory_reg[10][21]727/CP
                           0.210             2.000             -1.790
     datapath_module/reg_file_module/reg_memory_reg[10][20]726/CP
                           0.210             2.000             -1.790
     datapath_module/reg_file_module/reg_memory_reg[10][1]707/CP
                           0.210             2.000             -1.790
     datapath_module/reg_file_module/reg_memory_reg[10][19]725/CP
                           0.210             2.000             -1.790
     datapath_module/reg_file_module/reg_memory_reg[10][18]724/CP
                           0.210             2.000             -1.790
     datapath_module/reg_file_module/reg_memory_reg[10][17]723/CP
                           0.210             2.000             -1.790
     datapath_module/reg_file_module/reg_memory_reg[10][16]722/CP
                           0.210             2.000             -1.790
     datapath_module/reg_file_module/reg_memory_reg[10][15]721/CP
                           0.210             2.000             -1.790
     datapath_module/reg_file_module/reg_memory_reg[10][14]720/CP
                           0.210             2.000             -1.790
     datapath_module/reg_file_module/reg_memory_reg[10][13]719/CP
                           0.210             2.000             -1.790
     datapath_module/reg_file_module/reg_memory_reg[10][12]718/CP
                           0.210             2.000             -1.790
     datapath_module/reg_file_module/reg_memory_reg[10][11]717/CP
                           0.210             2.000             -1.790
     datapath_module/reg_file_module/reg_memory_reg[10][10]716/CP
                           0.210             2.000             -1.790
     datapath_module/reg_file_module/reg_memory_reg[10][0]706/CP
                           0.210             2.000             -1.790
     datapath_module/reg_file_module/reg_memory_reg[0][9]107/CP
                           0.210             2.000             -1.790
     datapath_module/reg_file_module/reg_memory_reg[0][8]106/CP
                           0.210             2.000             -1.790
     datapath_module/reg_file_module/reg_memory_reg[0][7]105/CP
                           0.210             2.000             -1.790
     datapath_module/reg_file_module/reg_memory_reg[8][6]584/CP
                           0.210             2.000             -1.790
     datapath_module/reg_file_module/reg_memory_reg[8][5]583/CP
                           0.210             2.000             -1.790
     datapath_module/reg_file_module/reg_memory_reg[8][4]582/CP
                           0.210             2.000             -1.790
     datapath_module/reg_file_module/reg_memory_reg[8][3]581/CP
                           0.210             2.000             -1.790
     datapath_module/reg_file_module/reg_memory_reg[8][31]609/CP
                           0.210             2.000             -1.790
     datapath_module/reg_file_module/reg_memory_reg[8][30]608/CP
                           0.210             2.000             -1.790
     datapath_module/reg_file_module/reg_memory_reg[8][2]580/CP
                           0.210             2.000             -1.790
     datapath_module/reg_file_module/reg_memory_reg[8][29]607/CP
                           0.210             2.000             -1.790
     datapath_module/reg_file_module/reg_memory_reg[8][28]606/CP
                           0.210             2.000             -1.790
     datapath_module/reg_file_module/reg_memory_reg[8][27]605/CP
                           0.210             2.000             -1.790
     datapath_module/reg_file_module/reg_memory_reg[8][26]604/CP
                           0.210             2.000             -1.790
     datapath_module/reg_file_module/reg_memory_reg[8][25]603/CP
                           0.210             2.000             -1.790
     datapath_module/reg_file_module/reg_memory_reg[8][24]602/CP
                           0.210             2.000             -1.790
     datapath_module/reg_file_module/reg_memory_reg[8][23]601/CP
                           0.210             2.000             -1.790
     datapath_module/reg_file_module/reg_memory_reg[8][22]600/CP
                           0.210             2.000             -1.790
     datapath_module/reg_file_module/reg_memory_reg[8][21]599/CP
                           0.210             2.000             -1.790
     datapath_module/reg_file_module/reg_memory_reg[8][20]598/CP
                           0.210             2.000             -1.790
     datapath_module/reg_file_module/reg_memory_reg[8][1]579/CP
                           0.210             2.000             -1.790
     datapath_module/reg_file_module/reg_memory_reg[8][19]597/CP
                           0.210             2.000             -1.790
     datapath_module/reg_file_module/reg_memory_reg[8][18]596/CP
                           0.210             2.000             -1.790
     datapath_module/reg_file_module/reg_memory_reg[8][17]595/CP
                           0.210             2.000             -1.790
     datapath_module/reg_file_module/reg_memory_reg[8][16]594/CP
                           0.210             2.000             -1.790
     datapath_module/reg_file_module/reg_memory_reg[8][15]593/CP
                           0.210             2.000             -1.790
     datapath_module/reg_file_module/reg_memory_reg[8][14]592/CP
                           0.210             2.000             -1.790
     datapath_module/reg_file_module/reg_memory_reg[8][13]591/CP
                           0.210             2.000             -1.790
     datapath_module/reg_file_module/reg_memory_reg[8][12]590/CP
                           0.210             2.000             -1.790
     datapath_module/reg_file_module/reg_memory_reg[8][11]589/CP
                           0.210             2.000             -1.790
     datapath_module/reg_file_module/reg_memory_reg[8][10]588/CP
                           0.210             2.000             -1.790
     datapath_module/reg_file_module/reg_memory_reg[8][0]578/CP
                           0.210             2.000             -1.790
     datapath_module/reg_file_module/reg_memory_reg[7][9]523/CP
                           0.210             2.000             -1.790
     datapath_module/reg_file_module/reg_memory_reg[7][8]522/CP
                           0.210             2.000             -1.790
     datapath_module/reg_file_module/reg_memory_reg[7][7]521/CP
                           0.210             2.000             -1.790
     datapath_module/reg_file_module/reg_memory_reg[0][6]104/CP
                           0.210             2.000             -1.790
     datapath_module/reg_file_module/reg_memory_reg[0][5]103/CP
                           0.210             2.000             -1.790
     datapath_module/reg_file_module/reg_memory_reg[0][4]102/CP
                           0.210             2.000             -1.790
     datapath_module/reg_file_module/reg_memory_reg[0][3]101/CP
                           0.210             2.000             -1.790
     datapath_module/reg_file_module/reg_memory_reg[0][31]129/CP
                           0.210             2.000             -1.790
     datapath_module/reg_file_module/reg_memory_reg[0][30]128/CP
                           0.210             2.000             -1.790
     datapath_module/reg_file_module/reg_memory_reg[0][2]100/CP
                           0.210             2.000             -1.790
     datapath_module/reg_file_module/reg_memory_reg[0][29]127/CP
                           0.210             2.000             -1.790
     datapath_module/reg_file_module/reg_memory_reg[0][28]126/CP
                           0.210             2.000             -1.790
     datapath_module/reg_file_module/reg_memory_reg[0][27]125/CP
                           0.210             2.000             -1.790
     datapath_module/reg_file_module/reg_memory_reg[0][26]124/CP
                           0.210             2.000             -1.790
     datapath_module/reg_file_module/reg_memory_reg[0][25]123/CP
                           0.210             2.000             -1.790
     datapath_module/reg_file_module/reg_memory_reg[0][24]122/CP
                           0.210             2.000             -1.790
     datapath_module/reg_file_module/reg_memory_reg[0][23]121/CP
                           0.210             2.000             -1.790
     datapath_module/reg_file_module/reg_memory_reg[0][22]120/CP
                           0.210             2.000             -1.790
     datapath_module/reg_file_module/reg_memory_reg[0][21]119/CP
                           0.210             2.000             -1.790
     datapath_module/reg_file_module/reg_memory_reg[9][20]662/CP
                           0.210             2.000             -1.790
     datapath_module/reg_file_module/reg_memory_reg[9][1]643/CP
                           0.210             2.000             -1.790
     datapath_module/reg_file_module/reg_memory_reg[9][19]661/CP
                           0.210             2.000             -1.790
     datapath_module/reg_file_module/reg_memory_reg[9][18]660/CP
                           0.210             2.000             -1.790
     datapath_module/reg_file_module/reg_memory_reg[9][17]659/CP
                           0.210             2.000             -1.790
     datapath_module/reg_file_module/reg_memory_reg[9][16]658/CP
                           0.210             2.000             -1.790
     datapath_module/reg_file_module/reg_memory_reg[9][15]657/CP
                           0.210             2.000             -1.790
     datapath_module/reg_file_module/reg_memory_reg[9][14]656/CP
                           0.210             2.000             -1.790
     datapath_module/reg_file_module/reg_memory_reg[9][13]655/CP
                           0.210             2.000             -1.790
     datapath_module/reg_file_module/reg_memory_reg[9][12]654/CP
                           0.210             2.000             -1.790
     datapath_module/reg_file_module/reg_memory_reg[9][11]653/CP
                           0.210             2.000             -1.790
     datapath_module/reg_file_module/reg_memory_reg[9][10]652/CP
                           0.210             2.000             -1.790
     datapath_module/reg_file_module/reg_memory_reg[9][0]642/CP
                           0.210             2.000             -1.790
     datapath_module/reg_file_module/reg_memory_reg[8][9]587/CP
                           0.210             2.000             -1.790
     datapath_module/reg_file_module/reg_memory_reg[8][8]586/CP
                           0.210             2.000             -1.790
     datapath_module/reg_file_module/reg_memory_reg[8][7]585/CP
                           0.210             2.000             -1.790
     datapath_module/reg_file_module/reg_memory_reg[0][20]118/CP
                           0.210             2.000             -1.790
     datapath_module/reg_file_module/reg_memory_reg[0][1]99/CP
                           0.210             2.000             -1.790
     datapath_module/reg_file_module/reg_memory_reg[0][19]117/CP
                           0.210             2.000             -1.790
     datapath_module/reg_file_module/reg_memory_reg[0][18]116/CP
                           0.210             2.000             -1.790
     datapath_module/reg_file_module/reg_memory_reg[0][17]115/CP
                           0.210             2.000             -1.790
     datapath_module/reg_file_module/reg_memory_reg[0][16]114/CP
                           0.210             2.000             -1.790
     datapath_module/reg_file_module/reg_memory_reg[0][15]113/CP
                           0.210             2.000             -1.790
     datapath_module/reg_file_module/reg_memory_reg[0][14]112/CP
                           0.210             2.000             -1.790
     datapath_module/reg_file_module/reg_memory_reg[9][28]670/CP
                           0.210             2.000             -1.790
     datapath_module/reg_file_module/reg_memory_reg[9][27]669/CP
                           0.210             2.000             -1.790
     datapath_module/reg_file_module/reg_memory_reg[9][26]668/CP
                           0.210             2.000             -1.790
     datapath_module/reg_file_module/reg_memory_reg[9][25]667/CP
                           0.210             2.000             -1.790
     datapath_module/reg_file_module/reg_memory_reg[9][24]666/CP
                           0.210             2.000             -1.790
     datapath_module/reg_file_module/reg_memory_reg[9][23]665/CP
                           0.210             2.000             -1.790
     datapath_module/reg_file_module/reg_memory_reg[9][22]664/CP
                           0.210             2.000             -1.790
     datapath_module/reg_file_module/reg_memory_reg[9][21]663/CP
                           0.210             2.000             -1.790
     datapath_module/reg_file_module/reg_memory_reg[0][13]111/CP
                           0.210             2.000             -1.790
     datapath_module/reg_file_module/reg_memory_reg[0][12]110/CP
                           0.210             2.000             -1.790
     datapath_module/reg_file_module/reg_memory_reg[0][11]109/CP
                           0.210             2.000             -1.790
     datapath_module/reg_file_module/reg_memory_reg[0][10]108/CP
                           0.210             2.000             -1.790
     datapath_module/reg_file_module/reg_memory_reg[9][31]673/CP
                           0.210             2.000             -1.790
     datapath_module/reg_file_module/reg_memory_reg[9][30]672/CP
                           0.210             2.000             -1.790
     datapath_module/reg_file_module/reg_memory_reg[9][2]644/CP
                           0.210             2.000             -1.790
     datapath_module/reg_file_module/reg_memory_reg[9][29]671/CP
                           0.210             2.000             -1.790
     datapath_module/reg_file_module/reg_memory_reg[0][0]98/CP
                           0.210             2.000             -1.790
     IFU_module/PC_reg[2]/CP
                           0.210             2.000             -1.790
     datapath_module/reg_file_module/reg_memory_reg[9][6]648/CP
                           0.210             2.000             -1.790
     datapath_module/reg_file_module/reg_memory_reg[9][5]647/CP
                           0.210             2.000             -1.790
     datapath_module/reg_file_module/reg_memory_reg[9][4]646/CP
                           0.210             2.000             -1.790
     datapath_module/reg_file_module/reg_memory_reg[9][3]645/CP
                           0.210             2.000             -1.790
     IFU_module/PC_reg[3]/CP
                           0.210             2.000             -1.790
     datapath_module/reg_file_module/reg_memory_reg[9][8]650/CP
                           0.210             2.000             -1.790
     datapath_module/reg_file_module/reg_memory_reg[9][7]649/CP
                           0.210             2.000             -1.790
     IFU_module/PC_reg[4]/CP
                           0.210             2.000             -1.790
     datapath_module/reg_file_module/reg_memory_reg[9][9]651/CP
                           0.210             2.000             -1.790

Check type : min_transition
---------------------------
 No Violations found

Check type : max_capacitance
---------------------------
     ----------------------------------------------------------------------------  
      Pin Name               Required          Actual            Slack             
     ----------------------------------------------------------------------------  
     datapath_module/alu_module/g6786/Z
                           0.800             1.001             -0.201

Check type : min_capacitance
---------------------------
 No Violations found

Check type : max_fanout
---------------------------
     ----------------------------------------------------------------------------  
      Pin Name               Required          Actual            Slack             
     ----------------------------------------------------------------------------  
     datapath_module/reg_file_module/CTS_ccl_a_buf_00027/Z
                           20.000            97.000            -77.000
     datapath_module/reg_file_module/CTS_ccl_a_buf_00031/Z
                           20.000            97.000            -77.000
     datapath_module/reg_file_module/CTS_ccl_a_buf_00023/Z
                           20.000            96.000            -76.000
     datapath_module/reg_file_module/CTS_ccl_a_buf_00015/Z
                           20.000            96.000            -76.000
     CTS_ccl_a_buf_00025/Z 20.000            95.000            -75.000
     datapath_module/reg_file_module/CTS_ccl_a_buf_00029/Z
                           20.000            95.000            -75.000
     datapath_module/reg_file_module/CTS_ccl_a_buf_00033/Z
                           20.000            94.000            -74.000
     datapath_module/reg_file_module/CTS_ccl_a_buf_00013/Z
                           20.000            91.000            -71.000
     datapath_module/reg_file_module/CTS_ccl_a_buf_00021/Z
                           20.000            89.000            -69.000
     datapath_module/reg_file_module/CTS_ccl_a_buf_00017/Z
                           20.000            89.000            -69.000
     datapath_module/reg_file_module/CTS_ccl_a_buf_00019/Z
                           20.000            88.000            -68.000
     datapath_module/reg_file_module/g21958/Z
                           20.000            48.000            -28.000
     datapath_module/reg_file_module/g21185/Z
                           20.000            45.000            -25.000
     datapath_module/alu_module/g6810/Z
                           20.000            33.000            -13.000
     datapath_module/alu_module/g6809/Z
                           20.000            33.000            -13.000
     datapath_module/alu_module/g6808/Z
                           20.000            33.000            -13.000
     datapath_module/alu_module/g6833/Z
                           20.000            33.000            -13.000
     datapath_module/alu_module/g6831/Z
                           20.000            33.000            -13.000
     datapath_module/alu_module/g6830/Z
                           20.000            33.000            -13.000
     datapath_module/alu_module/g6826/Z
                           20.000            33.000            -13.000
     datapath_module/alu_module/g6822/Z
                           20.000            33.000            -13.000
     datapath_module/alu_module/g6819/Z
                           20.000            33.000            -13.000
     datapath_module/alu_module/g6817/Z
                           20.000            33.000            -13.000
     datapath_module/alu_module/g6814/Z
                           20.000            33.000            -13.000
     datapath_module/alu_module/g6811/Z
                           20.000            33.000            -13.000
     datapath_module/alu_module/g6806/Z
                           20.000            33.000            -13.000
     datapath_module/alu_module/g6832/Z
                           20.000            33.000            -13.000
     datapath_module/alu_module/g6829/Z
                           20.000            33.000            -13.000
     datapath_module/alu_module/g6828/Z
                           20.000            33.000            -13.000
     datapath_module/alu_module/g6801/Z
                           20.000            33.000            -13.000
     datapath_module/alu_module/g6820/Z
                           20.000            33.000            -13.000
     datapath_module/alu_module/g6818/Z
                           20.000            33.000            -13.000
     datapath_module/alu_module/g6816/Z
                           20.000            33.000            -13.000
     datapath_module/alu_module/g6815/Z
                           20.000            33.000            -13.000
     datapath_module/alu_module/g6813/Z
                           20.000            33.000            -13.000
     datapath_module/alu_module/g6812/Z
                           20.000            33.000            -13.000
     datapath_module/alu_module/g6805/Z
                           20.000            33.000            -13.000
     datapath_module/alu_module/g6804/Z
                           20.000            33.000            -13.000
     datapath_module/alu_module/g6824/Z
                           20.000            33.000            -13.000
     datapath_module/alu_module/g6823/Z
                           20.000            33.000            -13.000
     datapath_module/alu_module/g6821/Z
                           20.000            33.000            -13.000
     datapath_module/alu_module/g6799/Z
                           20.000            33.000            -13.000
     datapath_module/alu_module/g6825/Z
                           20.000            33.000            -13.000
     datapath_module/alu_module/g6803/Z
                           20.000            33.000            -13.000
     datapath_module/alu_module/g6827/Z
                           20.000            33.000            -13.000
     datapath_module/reg_file_module/g5122/Z
                           20.000            32.000            -12.000
     datapath_module/reg_file_module/g5123/Z
                           20.000            32.000            -12.000
     datapath_module/reg_file_module/g5124/Z
                           20.000            32.000            -12.000
     datapath_module/reg_file_module/g5125/Z
                           20.000            32.000            -12.000
     datapath_module/reg_file_module/g5126/Z
                           20.000            32.000            -12.000
     datapath_module/reg_file_module/g5127/Z
                           20.000            32.000            -12.000
     datapath_module/reg_file_module/g5128/Z
                           20.000            32.000            -12.000
     datapath_module/reg_file_module/g5129/Z
                           20.000            32.000            -12.000
     datapath_module/reg_file_module/g5130/Z
                           20.000            32.000            -12.000
     datapath_module/reg_file_module/g5131/Z
                           20.000            32.000            -12.000
     datapath_module/reg_file_module/g5132/Z
                           20.000            32.000            -12.000
     datapath_module/reg_file_module/g5133/Z
                           20.000            32.000            -12.000
     datapath_module/reg_file_module/g5134/Z
                           20.000            32.000            -12.000
     datapath_module/reg_file_module/g5135/Z
                           20.000            32.000            -12.000
     datapath_module/reg_file_module/g5136/Z
                           20.000            32.000            -12.000
     datapath_module/reg_file_module/g5137/Z
                           20.000            32.000            -12.000
     datapath_module/reg_file_module/g5138/Z
                           20.000            32.000            -12.000
     datapath_module/reg_file_module/FE_OFC0_n_1220/Z
                           20.000            32.000            -12.000
     datapath_module/reg_file_module/g5111/Z
                           20.000            32.000            -12.000
     datapath_module/reg_file_module/g5112/Z
                           20.000            32.000            -12.000
     datapath_module/reg_file_module/g5113/Z
                           20.000            32.000            -12.000
     datapath_module/reg_file_module/g5114/Z
                           20.000            32.000            -12.000
     datapath_module/reg_file_module/g5116/Z
                           20.000            32.000            -12.000
     datapath_module/reg_file_module/g5118/Z
                           20.000            32.000            -12.000
     datapath_module/reg_file_module/g5119/Z
                           20.000            32.000            -12.000
     datapath_module/reg_file_module/g5121/Z
                           20.000            32.000            -12.000
     datapath_module/reg_file_module/FE_OFC1_n_1223/Z
                           20.000            32.000            -12.000
     datapath_module/reg_file_module/FE_OFC2_n_1225/Z
                           20.000            32.000            -12.000
     datapath_module/alu_module/g6874/Z
                           20.000            32.000            -12.000
     datapath_module/alu_module/g7006/Z
                           20.000            32.000            -12.000
     datapath_module/alu_module/g7007/Z
                           20.000            32.000            -12.000
     datapath_module/reg_file_module/g5109/Z
                           20.000            32.000            -12.000
     datapath_module/reg_file_module/g5110/Z
                           20.000            32.000            -12.000
     datapath_module/alu_module/g7008/Z
                           20.000            32.000            -12.000
     datapath_module/reg_file_module/g5108/Z
                           20.000            32.000            -12.000
     datapath_module/reg_file_module/g21179/Z
                           20.000            32.000            -12.000
     datapath_module/reg_file_module/g5107/Z
                           20.000            32.000            -12.000
     datapath_module/alu_module/g6871/Z
                           20.000            28.000            -8.000
     datapath_module/alu_module/mul_44_34/g12355/Z
                           20.000            26.000            -6.000
     datapath_module/alu_module/mul_44_34/FE_DBTC11_read_data2_3/Z
                           20.000            26.000            -6.000
     datapath_module/alu_module/mul_44_34/g12225/Z
                           20.000            26.000            -6.000
     datapath_module/alu_module/mul_44_34/FE_OFC21_read_data2_1/Z
                           20.000            24.000            -4.000
     datapath_module/alu_module/mul_44_34/FE_OFC23_read_data2_1/Z
                           20.000            23.000            -3.000
     datapath_module/reg_file_module/g21955/Z
                           20.000            22.000            -2.000
     datapath_module/alu_module/FE_DBTC4_read_data2_5/Z
                           20.000            22.000            -2.000

Check type : min_fanout
---------------------------
 No Violations found
