###############################################################
#  Generated by:      Cadence Tempus 20.10-p003_1
#  OS:                Linux x86_64(Host ID edatools-server1.iiitd.edu.in)
#  Generated on:      Sat Apr 12 19:18:45 2025
#  Design:            PROCESSOR
#  Command:           report_timing -retime path_slew_propagation -max_path 50 -nworst 50 -path_type full_clock > $report_dir/PBA_best_time_sta.rpt
###############################################################
Path 1: VIOLATED Setup Check with Pin datapath_module/reg_file_module/reg_memory_reg[9][30]672/CP 
Endpoint:   datapath_module/reg_file_module/reg_memory_reg[9][30]672/D (^) checked with  leading edge of 'clock'
Beginpoint: IFU_module/PC_reg[3]/Q                                     (^) triggered by  leading edge of 'clock'
Path Groups: {clock}
Retime Analysis { Data Path-Slew }
Other End Arrival Time          0.000
- Setup                        -0.171
+ Phase Shift                   7.100
- Uncertainty                   2.000
= Required Time                 5.271
- Arrival Time                  5.401
= Slack Time                   -0.129
= Slack Time(original)         -0.167
     Clock Rise Edge                      0.000
     = Beginpoint Arrival Time            0.000
     Timing Path:
      ---------------------------------------------------------------------------------------------------------------------
      Instance                                                    Arc           Cell              Retime  Arrival  Required  
                                                                                                  Delay   Time     Time  
      ---------------------------------------------------------------------------------------------------------------------
      -                                                           clock ^       -                 -       0.000    -0.129  
      CTS_ccl_a_buf_00036                                         -             HS65_LS_BFX284    0.000   0.000    -0.129  
      CTS_ccl_a_buf_00036                                         A ^ -> Z ^    HS65_LS_BFX284    0.000   0.000    -0.129  
      CTS_ccl_a_buf_00025                                         -             HS65_LS_BFX284    0.000   0.000    -0.129  
      CTS_ccl_a_buf_00025                                         A ^ -> Z ^    HS65_LS_BFX284    0.000   0.000    -0.129  
      IFU_module/PC_reg[3]                                        -             HS65_LS_SDFPRQX4  0.000   0.000    -0.129  
      IFU_module/PC_reg[3]                                        CP ^ -> Q ^   HS65_LS_SDFPRQX4  0.842   0.842    0.712  
      IFU_module/instr_mem/FE_OFC25_instruction_code_22           -             HS65_LS_IVX7      0.004   0.845    0.716  
      IFU_module/instr_mem/FE_OFC25_instruction_code_22           A ^ -> Z v    HS65_LS_IVX7      0.078   0.923    0.793  
      IFU_module/instr_mem/g723                                   -             HS65_LS_AO22X9    0.000   0.923    0.793  
      IFU_module/instr_mem/g723                                   D v -> Z v    HS65_LS_AO22X9    0.127   1.050    0.921  
      datapath_module/reg_file_module/g21715                      -             HS65_LS_NOR2X6    0.001   1.052    0.922  
      datapath_module/reg_file_module/g21715                      B v -> Z ^    HS65_LS_NOR2X6    0.074   1.126    0.996  
      datapath_module/reg_file_module/g21954                      -             HS65_LS_NOR2AX3   0.000   1.126    0.997  
      datapath_module/reg_file_module/g21954                      A ^ -> Z ^    HS65_LS_NOR2AX3   0.157   1.283    1.154  
      datapath_module/reg_file_module/FE_RC_119_0                 -             HS65_LS_NOR2X6    0.000   1.283    1.154  
      datapath_module/reg_file_module/FE_RC_119_0                 A ^ -> Z v    HS65_LS_NOR2X6    0.058   1.341    1.212  
      datapath_module/reg_file_module/g21186                      -             HS65_LS_AND2X4    0.000   1.341    1.212  
      datapath_module/reg_file_module/g21186                      B v -> Z v    HS65_LS_AND2X4    0.062   1.403    1.274  
      datapath_module/reg_file_module/g21955                      -             HS65_LS_OR3ABCX9  0.000   1.403    1.274  
      datapath_module/reg_file_module/g21955                      C v -> Z ^    HS65_LS_OR3ABCX9  0.190   1.593    1.464  
      datapath_module/alu_module/mul_44_34/FE_OFC21_read_data2_1  -             HS65_LS_BFX9      0.010   1.603    1.473  
      datapath_module/alu_module/mul_44_34/FE_OFC21_read_data2_1  A ^ -> Z ^    HS65_LS_BFX9      0.234   1.837    1.707  
      datapath_module/alu_module/mul_44_34/FE_OFC23_read_data2_1  -             HS65_LS_IVX9      0.009   1.846    1.716  
      datapath_module/alu_module/mul_44_34/FE_OFC23_read_data2_1  A ^ -> Z v    HS65_LS_IVX9      0.216   2.062    1.933  
      datapath_module/alu_module/mul_44_34/g12274                 -             HS65_LS_OAI22X6   0.009   2.071    1.941  
      datapath_module/alu_module/mul_44_34/g12274                 C v -> Z ^    HS65_LS_OAI22X6   0.108   2.179    2.050  
      datapath_module/alu_module/mul_44_34/g12765                 -             HS65_LS_AO22X9    0.000   2.179    2.050  
      datapath_module/alu_module/mul_44_34/g12765                 B ^ -> Z ^    HS65_LS_AO22X9    0.092   2.271    2.141  
      datapath_module/alu_module/mul_44_34/g11783                 -             HS65_LS_FA1X4     0.000   2.271    2.142  
      datapath_module/alu_module/mul_44_34/g11783                 B0 ^ -> S0 v  HS65_LS_FA1X4     0.147   2.418    2.289  
      datapath_module/alu_module/mul_44_34/g11716                 -             HS65_LS_FA1X4     0.000   2.418    2.289  
      datapath_module/alu_module/mul_44_34/g11716                 B0 v -> CO v  HS65_LS_FA1X4     0.121   2.540    2.410  
      datapath_module/alu_module/mul_44_34/g11693                 -             HS65_LS_FA1X4     0.000   2.540    2.410  
      datapath_module/alu_module/mul_44_34/g11693                 CI v -> CO v  HS65_LS_FA1X4     0.126   2.666    2.536  
      datapath_module/alu_module/mul_44_34/g12747                 -             HS65_LS_PAO2X9    0.000   2.666    2.537  
      datapath_module/alu_module/mul_44_34/g12747                 P v -> Z v    HS65_LS_PAO2X9    0.083   2.749    2.620  
      datapath_module/alu_module/mul_44_34/g11662                 -             HS65_LS_FA1X4     0.000   2.749    2.620  
      datapath_module/alu_module/mul_44_34/g11662                 CI v -> CO v  HS65_LS_FA1X4     0.104   2.853    2.724  
      datapath_module/alu_module/mul_44_34/g11650                 -             HS65_LS_FA1X4     0.000   2.853    2.724  
      datapath_module/alu_module/mul_44_34/g11650                 CI v -> CO v  HS65_LS_FA1X4     0.112   2.965    2.836  
      datapath_module/alu_module/mul_44_34/g12784                 -             HS65_LS_FA1X4     0.000   2.965    2.836  
      datapath_module/alu_module/mul_44_34/g12784                 CI v -> CO v  HS65_LS_FA1X4     0.112   3.077    2.948  
      datapath_module/alu_module/mul_44_34/g11632                 -             HS65_LS_FA1X4     0.000   3.077    2.948  
      datapath_module/alu_module/mul_44_34/g11632                 CI v -> CO v  HS65_LS_FA1X4     0.112   3.189    3.060  
      datapath_module/alu_module/mul_44_34/g11624                 -             HS65_LS_FA1X4     0.000   3.189    3.060  
      datapath_module/alu_module/mul_44_34/g11624                 CI v -> CO v  HS65_LS_FA1X4     0.112   3.301    3.172  
      datapath_module/alu_module/mul_44_34/g11617                 -             HS65_LS_FA1X4     0.000   3.301    3.172  
      datapath_module/alu_module/mul_44_34/g11617                 CI v -> CO v  HS65_LS_FA1X4     0.112   3.413    3.284  
      datapath_module/alu_module/mul_44_34/g12783                 -             HS65_LS_FA1X4     0.000   3.413    3.284  
      datapath_module/alu_module/mul_44_34/g12783                 CI v -> CO v  HS65_LS_FA1X4     0.112   3.526    3.396  
      datapath_module/alu_module/mul_44_34/g12782                 -             HS65_LS_FA1X4     0.000   3.526    3.396  
      datapath_module/alu_module/mul_44_34/g12782                 CI v -> CO v  HS65_LS_FA1X4     0.112   3.638    3.508  
      datapath_module/alu_module/mul_44_34/g12781                 -             HS65_LS_FA1X4     0.000   3.638    3.508  
      datapath_module/alu_module/mul_44_34/g12781                 CI v -> CO v  HS65_LS_FA1X4     0.112   3.750    3.620  
      datapath_module/alu_module/mul_44_34/g12780                 -             HS65_LS_FA1X4     0.000   3.750    3.620  
      datapath_module/alu_module/mul_44_34/g12780                 CI v -> CO v  HS65_LS_FA1X4     0.112   3.862    3.732  
      datapath_module/alu_module/mul_44_34/g12779                 -             HS65_LS_FA1X4     0.000   3.862    3.732  
      datapath_module/alu_module/mul_44_34/g12779                 CI v -> CO v  HS65_LS_FA1X4     0.112   3.974    3.844  
      datapath_module/alu_module/mul_44_34/g12778                 -             HS65_LS_FA1X4     0.000   3.974    3.844  
      datapath_module/alu_module/mul_44_34/g12778                 CI v -> CO v  HS65_LS_FA1X4     0.117   4.091    3.962  
      datapath_module/alu_module/mul_44_34/g12777                 -             HS65_LS_FA1X9     0.000   4.091    3.962  
      datapath_module/alu_module/mul_44_34/g12777                 CI v -> CO v  HS65_LS_FA1X9     0.097   4.188    4.059  
      datapath_module/alu_module/mul_44_34/g12776                 -             HS65_LS_FA1X9     0.000   4.188    4.059  
      datapath_module/alu_module/mul_44_34/g12776                 CI v -> CO v  HS65_LS_FA1X9     0.090   4.278    4.149  
      datapath_module/alu_module/mul_44_34/g12775                 -             HS65_LS_FA1X9     0.000   4.278    4.149  
      datapath_module/alu_module/mul_44_34/g12775                 CI v -> CO v  HS65_LS_FA1X9     0.090   4.368    4.238  
      datapath_module/alu_module/mul_44_34/g12774                 -             HS65_LS_FA1X9     0.000   4.368    4.238  
      datapath_module/alu_module/mul_44_34/g12774                 CI v -> CO v  HS65_LS_FA1X9     0.090   4.457    4.328  
      datapath_module/alu_module/mul_44_34/g12773                 -             HS65_LS_FA1X9     0.000   4.457    4.328  
      datapath_module/alu_module/mul_44_34/g12773                 CI v -> CO v  HS65_LS_FA1X9     0.090   4.547    4.418  
      datapath_module/alu_module/mul_44_34/g12772                 -             HS65_LS_FA1X9     0.000   4.547    4.418  
      datapath_module/alu_module/mul_44_34/g12772                 CI v -> CO v  HS65_LS_FA1X9     0.090   4.637    4.507  
      datapath_module/alu_module/mul_44_34/g12771                 -             HS65_LS_FA1X9     0.000   4.637    4.507  
      datapath_module/alu_module/mul_44_34/g12771                 CI v -> CO v  HS65_LS_FA1X9     0.090   4.726    4.597  
      datapath_module/alu_module/mul_44_34/g12770                 -             HS65_LS_FA1X9     0.000   4.726    4.597  
      datapath_module/alu_module/mul_44_34/g12770                 CI v -> CO v  HS65_LS_FA1X9     0.090   4.816    4.686  
      datapath_module/alu_module/mul_44_34/g12769                 -             HS65_LS_FA1X9     0.000   4.816    4.686  
      datapath_module/alu_module/mul_44_34/g12769                 CI v -> CO v  HS65_LS_FA1X9     0.090   4.905    4.776  
      datapath_module/alu_module/mul_44_34/g12768                 -             HS65_LS_FA1X9     0.000   4.905    4.776  
      datapath_module/alu_module/mul_44_34/g12768                 CI v -> CO v  HS65_LS_FA1X9     0.090   4.995    4.866  
      datapath_module/alu_module/mul_44_34/g12767                 -             HS65_LS_FA1X9     0.000   4.995    4.866  
      datapath_module/alu_module/mul_44_34/g12767                 CI v -> CO v  HS65_LS_FA1X9     0.087   5.082    4.952  
      datapath_module/alu_module/mul_44_34/g12766                 -             HS65_LS_FA1X4     0.000   5.082    4.952  
      datapath_module/alu_module/mul_44_34/g12766                 CI v -> S0 ^  HS65_LS_FA1X4     0.159   5.241    5.111  
      datapath_module/alu_module/g6799                            -             HS65_LS_AO112X18  0.000   5.241    5.111  
      datapath_module/alu_module/g6799                            B ^ -> Z ^    HS65_LS_AO112X18  0.140   5.381    5.252  
      datapath_module/reg_file_module/reg_memory_reg[9][30]672    -             HS65_LS_SDFPHQX9  0.020   5.401    5.271  
      ---------------------------------------------------------------------------------------------------------------------
     Clock Rise Edge                      0.000
     = Beginpoint Arrival Time            0.000
     Other End Path:
      -----------------------------------------------------------------------------------------------------------------
      Instance                                                  Arc         Cell              Retime  Arrival  Required  
                                                                                              Delay   Time     Time  
      -----------------------------------------------------------------------------------------------------------------
      -                                                         clock ^     -                 -       0.000    0.129  
      CTS_ccl_a_buf_00036                                       -           HS65_LS_BFX284    0.000   0.000    0.129  
      CTS_ccl_a_buf_00036                                       A ^ -> Z ^  HS65_LS_BFX284    0.000   0.000    0.129  
      datapath_module/reg_file_module/CTS_ccl_a_buf_00015       -           HS65_LS_BFX284    0.000   0.000    0.129  
      datapath_module/reg_file_module/CTS_ccl_a_buf_00015       A ^ -> Z ^  HS65_LS_BFX284    0.000   0.000    0.129  
      datapath_module/reg_file_module/reg_memory_reg[9][30]672  -           HS65_LS_SDFPHQX9  0.000   0.000    0.129  
      -----------------------------------------------------------------------------------------------------------------
Path 2: VIOLATED Setup Check with Pin datapath_module/reg_file_module/reg_memory_reg[8][30]608/CP 
Endpoint:   datapath_module/reg_file_module/reg_memory_reg[8][30]608/D (^) checked with  leading edge of 'clock'
Beginpoint: IFU_module/PC_reg[3]/Q                                     (^) triggered by  leading edge of 'clock'
Path Groups: {clock}
Retime Analysis { Data Path-Slew }
Other End Arrival Time          0.000
- Setup                        -0.171
+ Phase Shift                   7.100
- Uncertainty                   2.000
= Required Time                 5.271
- Arrival Time                  5.401
= Slack Time                   -0.129
= Slack Time(original)         -0.167
     Clock Rise Edge                      0.000
     = Beginpoint Arrival Time            0.000
     Timing Path:
      ---------------------------------------------------------------------------------------------------------------------
      Instance                                                    Arc           Cell              Retime  Arrival  Required  
                                                                                                  Delay   Time     Time  
      ---------------------------------------------------------------------------------------------------------------------
      -                                                           clock ^       -                 -       0.000    -0.129  
      CTS_ccl_a_buf_00036                                         -             HS65_LS_BFX284    0.000   0.000    -0.129  
      CTS_ccl_a_buf_00036                                         A ^ -> Z ^    HS65_LS_BFX284    0.000   0.000    -0.129  
      CTS_ccl_a_buf_00025                                         -             HS65_LS_BFX284    0.000   0.000    -0.129  
      CTS_ccl_a_buf_00025                                         A ^ -> Z ^    HS65_LS_BFX284    0.000   0.000    -0.129  
      IFU_module/PC_reg[3]                                        -             HS65_LS_SDFPRQX4  0.000   0.000    -0.129  
      IFU_module/PC_reg[3]                                        CP ^ -> Q ^   HS65_LS_SDFPRQX4  0.842   0.842    0.712  
      IFU_module/instr_mem/FE_OFC25_instruction_code_22           -             HS65_LS_IVX7      0.004   0.845    0.716  
      IFU_module/instr_mem/FE_OFC25_instruction_code_22           A ^ -> Z v    HS65_LS_IVX7      0.078   0.923    0.793  
      IFU_module/instr_mem/g723                                   -             HS65_LS_AO22X9    0.000   0.923    0.793  
      IFU_module/instr_mem/g723                                   D v -> Z v    HS65_LS_AO22X9    0.127   1.050    0.921  
      datapath_module/reg_file_module/g21715                      -             HS65_LS_NOR2X6    0.001   1.052    0.922  
      datapath_module/reg_file_module/g21715                      B v -> Z ^    HS65_LS_NOR2X6    0.074   1.126    0.996  
      datapath_module/reg_file_module/g21954                      -             HS65_LS_NOR2AX3   0.000   1.126    0.997  
      datapath_module/reg_file_module/g21954                      A ^ -> Z ^    HS65_LS_NOR2AX3   0.157   1.283    1.154  
      datapath_module/reg_file_module/FE_RC_119_0                 -             HS65_LS_NOR2X6    0.000   1.283    1.154  
      datapath_module/reg_file_module/FE_RC_119_0                 A ^ -> Z v    HS65_LS_NOR2X6    0.058   1.341    1.212  
      datapath_module/reg_file_module/g21186                      -             HS65_LS_AND2X4    0.000   1.341    1.212  
      datapath_module/reg_file_module/g21186                      B v -> Z v    HS65_LS_AND2X4    0.062   1.403    1.274  
      datapath_module/reg_file_module/g21955                      -             HS65_LS_OR3ABCX9  0.000   1.403    1.274  
      datapath_module/reg_file_module/g21955                      C v -> Z ^    HS65_LS_OR3ABCX9  0.190   1.593    1.464  
      datapath_module/alu_module/mul_44_34/FE_OFC21_read_data2_1  -             HS65_LS_BFX9      0.010   1.603    1.473  
      datapath_module/alu_module/mul_44_34/FE_OFC21_read_data2_1  A ^ -> Z ^    HS65_LS_BFX9      0.234   1.837    1.707  
      datapath_module/alu_module/mul_44_34/FE_OFC23_read_data2_1  -             HS65_LS_IVX9      0.009   1.846    1.716  
      datapath_module/alu_module/mul_44_34/FE_OFC23_read_data2_1  A ^ -> Z v    HS65_LS_IVX9      0.216   2.062    1.933  
      datapath_module/alu_module/mul_44_34/g12274                 -             HS65_LS_OAI22X6   0.009   2.071    1.941  
      datapath_module/alu_module/mul_44_34/g12274                 C v -> Z ^    HS65_LS_OAI22X6   0.108   2.179    2.050  
      datapath_module/alu_module/mul_44_34/g12765                 -             HS65_LS_AO22X9    0.000   2.179    2.050  
      datapath_module/alu_module/mul_44_34/g12765                 B ^ -> Z ^    HS65_LS_AO22X9    0.092   2.271    2.141  
      datapath_module/alu_module/mul_44_34/g11783                 -             HS65_LS_FA1X4     0.000   2.271    2.142  
      datapath_module/alu_module/mul_44_34/g11783                 B0 ^ -> S0 v  HS65_LS_FA1X4     0.147   2.418    2.289  
      datapath_module/alu_module/mul_44_34/g11716                 -             HS65_LS_FA1X4     0.000   2.418    2.289  
      datapath_module/alu_module/mul_44_34/g11716                 B0 v -> CO v  HS65_LS_FA1X4     0.121   2.540    2.410  
      datapath_module/alu_module/mul_44_34/g11693                 -             HS65_LS_FA1X4     0.000   2.540    2.410  
      datapath_module/alu_module/mul_44_34/g11693                 CI v -> CO v  HS65_LS_FA1X4     0.126   2.666    2.536  
      datapath_module/alu_module/mul_44_34/g12747                 -             HS65_LS_PAO2X9    0.000   2.666    2.537  
      datapath_module/alu_module/mul_44_34/g12747                 P v -> Z v    HS65_LS_PAO2X9    0.083   2.749    2.620  
      datapath_module/alu_module/mul_44_34/g11662                 -             HS65_LS_FA1X4     0.000   2.749    2.620  
      datapath_module/alu_module/mul_44_34/g11662                 CI v -> CO v  HS65_LS_FA1X4     0.104   2.853    2.724  
      datapath_module/alu_module/mul_44_34/g11650                 -             HS65_LS_FA1X4     0.000   2.853    2.724  
      datapath_module/alu_module/mul_44_34/g11650                 CI v -> CO v  HS65_LS_FA1X4     0.112   2.965    2.836  
      datapath_module/alu_module/mul_44_34/g12784                 -             HS65_LS_FA1X4     0.000   2.965    2.836  
      datapath_module/alu_module/mul_44_34/g12784                 CI v -> CO v  HS65_LS_FA1X4     0.112   3.077    2.948  
      datapath_module/alu_module/mul_44_34/g11632                 -             HS65_LS_FA1X4     0.000   3.077    2.948  
      datapath_module/alu_module/mul_44_34/g11632                 CI v -> CO v  HS65_LS_FA1X4     0.112   3.189    3.060  
      datapath_module/alu_module/mul_44_34/g11624                 -             HS65_LS_FA1X4     0.000   3.189    3.060  
      datapath_module/alu_module/mul_44_34/g11624                 CI v -> CO v  HS65_LS_FA1X4     0.112   3.301    3.172  
      datapath_module/alu_module/mul_44_34/g11617                 -             HS65_LS_FA1X4     0.000   3.301    3.172  
      datapath_module/alu_module/mul_44_34/g11617                 CI v -> CO v  HS65_LS_FA1X4     0.112   3.413    3.284  
      datapath_module/alu_module/mul_44_34/g12783                 -             HS65_LS_FA1X4     0.000   3.413    3.284  
      datapath_module/alu_module/mul_44_34/g12783                 CI v -> CO v  HS65_LS_FA1X4     0.112   3.526    3.396  
      datapath_module/alu_module/mul_44_34/g12782                 -             HS65_LS_FA1X4     0.000   3.526    3.396  
      datapath_module/alu_module/mul_44_34/g12782                 CI v -> CO v  HS65_LS_FA1X4     0.112   3.638    3.508  
      datapath_module/alu_module/mul_44_34/g12781                 -             HS65_LS_FA1X4     0.000   3.638    3.508  
      datapath_module/alu_module/mul_44_34/g12781                 CI v -> CO v  HS65_LS_FA1X4     0.112   3.750    3.620  
      datapath_module/alu_module/mul_44_34/g12780                 -             HS65_LS_FA1X4     0.000   3.750    3.620  
      datapath_module/alu_module/mul_44_34/g12780                 CI v -> CO v  HS65_LS_FA1X4     0.112   3.862    3.732  
      datapath_module/alu_module/mul_44_34/g12779                 -             HS65_LS_FA1X4     0.000   3.862    3.732  
      datapath_module/alu_module/mul_44_34/g12779                 CI v -> CO v  HS65_LS_FA1X4     0.112   3.974    3.844  
      datapath_module/alu_module/mul_44_34/g12778                 -             HS65_LS_FA1X4     0.000   3.974    3.844  
      datapath_module/alu_module/mul_44_34/g12778                 CI v -> CO v  HS65_LS_FA1X4     0.117   4.091    3.962  
      datapath_module/alu_module/mul_44_34/g12777                 -             HS65_LS_FA1X9     0.000   4.091    3.962  
      datapath_module/alu_module/mul_44_34/g12777                 CI v -> CO v  HS65_LS_FA1X9     0.097   4.188    4.059  
      datapath_module/alu_module/mul_44_34/g12776                 -             HS65_LS_FA1X9     0.000   4.188    4.059  
      datapath_module/alu_module/mul_44_34/g12776                 CI v -> CO v  HS65_LS_FA1X9     0.090   4.278    4.149  
      datapath_module/alu_module/mul_44_34/g12775                 -             HS65_LS_FA1X9     0.000   4.278    4.149  
      datapath_module/alu_module/mul_44_34/g12775                 CI v -> CO v  HS65_LS_FA1X9     0.090   4.368    4.238  
      datapath_module/alu_module/mul_44_34/g12774                 -             HS65_LS_FA1X9     0.000   4.368    4.238  
      datapath_module/alu_module/mul_44_34/g12774                 CI v -> CO v  HS65_LS_FA1X9     0.090   4.457    4.328  
      datapath_module/alu_module/mul_44_34/g12773                 -             HS65_LS_FA1X9     0.000   4.457    4.328  
      datapath_module/alu_module/mul_44_34/g12773                 CI v -> CO v  HS65_LS_FA1X9     0.090   4.547    4.418  
      datapath_module/alu_module/mul_44_34/g12772                 -             HS65_LS_FA1X9     0.000   4.547    4.418  
      datapath_module/alu_module/mul_44_34/g12772                 CI v -> CO v  HS65_LS_FA1X9     0.090   4.637    4.507  
      datapath_module/alu_module/mul_44_34/g12771                 -             HS65_LS_FA1X9     0.000   4.637    4.507  
      datapath_module/alu_module/mul_44_34/g12771                 CI v -> CO v  HS65_LS_FA1X9     0.090   4.726    4.597  
      datapath_module/alu_module/mul_44_34/g12770                 -             HS65_LS_FA1X9     0.000   4.726    4.597  
      datapath_module/alu_module/mul_44_34/g12770                 CI v -> CO v  HS65_LS_FA1X9     0.090   4.816    4.686  
      datapath_module/alu_module/mul_44_34/g12769                 -             HS65_LS_FA1X9     0.000   4.816    4.686  
      datapath_module/alu_module/mul_44_34/g12769                 CI v -> CO v  HS65_LS_FA1X9     0.090   4.905    4.776  
      datapath_module/alu_module/mul_44_34/g12768                 -             HS65_LS_FA1X9     0.000   4.905    4.776  
      datapath_module/alu_module/mul_44_34/g12768                 CI v -> CO v  HS65_LS_FA1X9     0.090   4.995    4.866  
      datapath_module/alu_module/mul_44_34/g12767                 -             HS65_LS_FA1X9     0.000   4.995    4.866  
      datapath_module/alu_module/mul_44_34/g12767                 CI v -> CO v  HS65_LS_FA1X9     0.087   5.082    4.952  
      datapath_module/alu_module/mul_44_34/g12766                 -             HS65_LS_FA1X4     0.000   5.082    4.952  
      datapath_module/alu_module/mul_44_34/g12766                 CI v -> S0 ^  HS65_LS_FA1X4     0.159   5.241    5.111  
      datapath_module/alu_module/g6799                            -             HS65_LS_AO112X18  0.000   5.241    5.111  
      datapath_module/alu_module/g6799                            B ^ -> Z ^    HS65_LS_AO112X18  0.140   5.381    5.252  
      datapath_module/reg_file_module/reg_memory_reg[8][30]608    -             HS65_LS_SDFPHQX9  0.020   5.401    5.271  
      ---------------------------------------------------------------------------------------------------------------------
     Clock Rise Edge                      0.000
     = Beginpoint Arrival Time            0.000
     Other End Path:
      -----------------------------------------------------------------------------------------------------------------
      Instance                                                  Arc         Cell              Retime  Arrival  Required  
                                                                                              Delay   Time     Time  
      -----------------------------------------------------------------------------------------------------------------
      -                                                         clock ^     -                 -       0.000    0.129  
      CTS_ccl_a_buf_00036                                       -           HS65_LS_BFX284    0.000   0.000    0.129  
      CTS_ccl_a_buf_00036                                       A ^ -> Z ^  HS65_LS_BFX284    0.000   0.000    0.129  
      datapath_module/reg_file_module/CTS_ccl_a_buf_00015       -           HS65_LS_BFX284    0.000   0.000    0.129  
      datapath_module/reg_file_module/CTS_ccl_a_buf_00015       A ^ -> Z ^  HS65_LS_BFX284    0.000   0.000    0.129  
      datapath_module/reg_file_module/reg_memory_reg[8][30]608  -           HS65_LS_SDFPHQX9  0.000   0.000    0.129  
      -----------------------------------------------------------------------------------------------------------------
Path 3: VIOLATED Setup Check with Pin datapath_module/reg_file_module/reg_memory_reg[7][30]544/CP 
Endpoint:   datapath_module/reg_file_module/reg_memory_reg[7][30]544/D (^) checked with  leading edge of 'clock'
Beginpoint: IFU_module/PC_reg[3]/Q                                     (^) triggered by  leading edge of 'clock'
Path Groups: {clock}
Retime Analysis { Data Path-Slew }
Other End Arrival Time          0.000
- Setup                        -0.171
+ Phase Shift                   7.100
- Uncertainty                   2.000
= Required Time                 5.271
- Arrival Time                  5.401
= Slack Time                   -0.129
= Slack Time(original)         -0.167
     Clock Rise Edge                      0.000
     = Beginpoint Arrival Time            0.000
     Timing Path:
      ---------------------------------------------------------------------------------------------------------------------
      Instance                                                    Arc           Cell              Retime  Arrival  Required  
                                                                                                  Delay   Time     Time  
      ---------------------------------------------------------------------------------------------------------------------
      -                                                           clock ^       -                 -       0.000    -0.129  
      CTS_ccl_a_buf_00036                                         -             HS65_LS_BFX284    0.000   0.000    -0.129  
      CTS_ccl_a_buf_00036                                         A ^ -> Z ^    HS65_LS_BFX284    0.000   0.000    -0.129  
      CTS_ccl_a_buf_00025                                         -             HS65_LS_BFX284    0.000   0.000    -0.129  
      CTS_ccl_a_buf_00025                                         A ^ -> Z ^    HS65_LS_BFX284    0.000   0.000    -0.129  
      IFU_module/PC_reg[3]                                        -             HS65_LS_SDFPRQX4  0.000   0.000    -0.129  
      IFU_module/PC_reg[3]                                        CP ^ -> Q ^   HS65_LS_SDFPRQX4  0.842   0.842    0.712  
      IFU_module/instr_mem/FE_OFC25_instruction_code_22           -             HS65_LS_IVX7      0.004   0.845    0.716  
      IFU_module/instr_mem/FE_OFC25_instruction_code_22           A ^ -> Z v    HS65_LS_IVX7      0.078   0.923    0.793  
      IFU_module/instr_mem/g723                                   -             HS65_LS_AO22X9    0.000   0.923    0.793  
      IFU_module/instr_mem/g723                                   D v -> Z v    HS65_LS_AO22X9    0.127   1.050    0.921  
      datapath_module/reg_file_module/g21715                      -             HS65_LS_NOR2X6    0.001   1.052    0.922  
      datapath_module/reg_file_module/g21715                      B v -> Z ^    HS65_LS_NOR2X6    0.074   1.126    0.996  
      datapath_module/reg_file_module/g21954                      -             HS65_LS_NOR2AX3   0.000   1.126    0.997  
      datapath_module/reg_file_module/g21954                      A ^ -> Z ^    HS65_LS_NOR2AX3   0.157   1.283    1.154  
      datapath_module/reg_file_module/FE_RC_119_0                 -             HS65_LS_NOR2X6    0.000   1.283    1.154  
      datapath_module/reg_file_module/FE_RC_119_0                 A ^ -> Z v    HS65_LS_NOR2X6    0.058   1.341    1.212  
      datapath_module/reg_file_module/g21186                      -             HS65_LS_AND2X4    0.000   1.341    1.212  
      datapath_module/reg_file_module/g21186                      B v -> Z v    HS65_LS_AND2X4    0.062   1.403    1.274  
      datapath_module/reg_file_module/g21955                      -             HS65_LS_OR3ABCX9  0.000   1.403    1.274  
      datapath_module/reg_file_module/g21955                      C v -> Z ^    HS65_LS_OR3ABCX9  0.190   1.593    1.464  
      datapath_module/alu_module/mul_44_34/FE_OFC21_read_data2_1  -             HS65_LS_BFX9      0.010   1.603    1.473  
      datapath_module/alu_module/mul_44_34/FE_OFC21_read_data2_1  A ^ -> Z ^    HS65_LS_BFX9      0.234   1.837    1.707  
      datapath_module/alu_module/mul_44_34/FE_OFC23_read_data2_1  -             HS65_LS_IVX9      0.009   1.846    1.716  
      datapath_module/alu_module/mul_44_34/FE_OFC23_read_data2_1  A ^ -> Z v    HS65_LS_IVX9      0.216   2.062    1.933  
      datapath_module/alu_module/mul_44_34/g12274                 -             HS65_LS_OAI22X6   0.009   2.071    1.941  
      datapath_module/alu_module/mul_44_34/g12274                 C v -> Z ^    HS65_LS_OAI22X6   0.108   2.179    2.050  
      datapath_module/alu_module/mul_44_34/g12765                 -             HS65_LS_AO22X9    0.000   2.179    2.050  
      datapath_module/alu_module/mul_44_34/g12765                 B ^ -> Z ^    HS65_LS_AO22X9    0.092   2.271    2.141  
      datapath_module/alu_module/mul_44_34/g11783                 -             HS65_LS_FA1X4     0.000   2.271    2.142  
      datapath_module/alu_module/mul_44_34/g11783                 B0 ^ -> S0 v  HS65_LS_FA1X4     0.147   2.418    2.289  
      datapath_module/alu_module/mul_44_34/g11716                 -             HS65_LS_FA1X4     0.000   2.418    2.289  
      datapath_module/alu_module/mul_44_34/g11716                 B0 v -> CO v  HS65_LS_FA1X4     0.121   2.540    2.410  
      datapath_module/alu_module/mul_44_34/g11693                 -             HS65_LS_FA1X4     0.000   2.540    2.410  
      datapath_module/alu_module/mul_44_34/g11693                 CI v -> CO v  HS65_LS_FA1X4     0.126   2.666    2.536  
      datapath_module/alu_module/mul_44_34/g12747                 -             HS65_LS_PAO2X9    0.000   2.666    2.537  
      datapath_module/alu_module/mul_44_34/g12747                 P v -> Z v    HS65_LS_PAO2X9    0.083   2.749    2.620  
      datapath_module/alu_module/mul_44_34/g11662                 -             HS65_LS_FA1X4     0.000   2.749    2.620  
      datapath_module/alu_module/mul_44_34/g11662                 CI v -> CO v  HS65_LS_FA1X4     0.104   2.853    2.724  
      datapath_module/alu_module/mul_44_34/g11650                 -             HS65_LS_FA1X4     0.000   2.853    2.724  
      datapath_module/alu_module/mul_44_34/g11650                 CI v -> CO v  HS65_LS_FA1X4     0.112   2.965    2.836  
      datapath_module/alu_module/mul_44_34/g12784                 -             HS65_LS_FA1X4     0.000   2.965    2.836  
      datapath_module/alu_module/mul_44_34/g12784                 CI v -> CO v  HS65_LS_FA1X4     0.112   3.077    2.948  
      datapath_module/alu_module/mul_44_34/g11632                 -             HS65_LS_FA1X4     0.000   3.077    2.948  
      datapath_module/alu_module/mul_44_34/g11632                 CI v -> CO v  HS65_LS_FA1X4     0.112   3.189    3.060  
      datapath_module/alu_module/mul_44_34/g11624                 -             HS65_LS_FA1X4     0.000   3.189    3.060  
      datapath_module/alu_module/mul_44_34/g11624                 CI v -> CO v  HS65_LS_FA1X4     0.112   3.301    3.172  
      datapath_module/alu_module/mul_44_34/g11617                 -             HS65_LS_FA1X4     0.000   3.301    3.172  
      datapath_module/alu_module/mul_44_34/g11617                 CI v -> CO v  HS65_LS_FA1X4     0.112   3.413    3.284  
      datapath_module/alu_module/mul_44_34/g12783                 -             HS65_LS_FA1X4     0.000   3.413    3.284  
      datapath_module/alu_module/mul_44_34/g12783                 CI v -> CO v  HS65_LS_FA1X4     0.112   3.526    3.396  
      datapath_module/alu_module/mul_44_34/g12782                 -             HS65_LS_FA1X4     0.000   3.526    3.396  
      datapath_module/alu_module/mul_44_34/g12782                 CI v -> CO v  HS65_LS_FA1X4     0.112   3.638    3.508  
      datapath_module/alu_module/mul_44_34/g12781                 -             HS65_LS_FA1X4     0.000   3.638    3.508  
      datapath_module/alu_module/mul_44_34/g12781                 CI v -> CO v  HS65_LS_FA1X4     0.112   3.750    3.620  
      datapath_module/alu_module/mul_44_34/g12780                 -             HS65_LS_FA1X4     0.000   3.750    3.620  
      datapath_module/alu_module/mul_44_34/g12780                 CI v -> CO v  HS65_LS_FA1X4     0.112   3.862    3.732  
      datapath_module/alu_module/mul_44_34/g12779                 -             HS65_LS_FA1X4     0.000   3.862    3.732  
      datapath_module/alu_module/mul_44_34/g12779                 CI v -> CO v  HS65_LS_FA1X4     0.112   3.974    3.844  
      datapath_module/alu_module/mul_44_34/g12778                 -             HS65_LS_FA1X4     0.000   3.974    3.844  
      datapath_module/alu_module/mul_44_34/g12778                 CI v -> CO v  HS65_LS_FA1X4     0.117   4.091    3.962  
      datapath_module/alu_module/mul_44_34/g12777                 -             HS65_LS_FA1X9     0.000   4.091    3.962  
      datapath_module/alu_module/mul_44_34/g12777                 CI v -> CO v  HS65_LS_FA1X9     0.097   4.188    4.059  
      datapath_module/alu_module/mul_44_34/g12776                 -             HS65_LS_FA1X9     0.000   4.188    4.059  
      datapath_module/alu_module/mul_44_34/g12776                 CI v -> CO v  HS65_LS_FA1X9     0.090   4.278    4.149  
      datapath_module/alu_module/mul_44_34/g12775                 -             HS65_LS_FA1X9     0.000   4.278    4.149  
      datapath_module/alu_module/mul_44_34/g12775                 CI v -> CO v  HS65_LS_FA1X9     0.090   4.368    4.238  
      datapath_module/alu_module/mul_44_34/g12774                 -             HS65_LS_FA1X9     0.000   4.368    4.238  
      datapath_module/alu_module/mul_44_34/g12774                 CI v -> CO v  HS65_LS_FA1X9     0.090   4.457    4.328  
      datapath_module/alu_module/mul_44_34/g12773                 -             HS65_LS_FA1X9     0.000   4.457    4.328  
      datapath_module/alu_module/mul_44_34/g12773                 CI v -> CO v  HS65_LS_FA1X9     0.090   4.547    4.418  
      datapath_module/alu_module/mul_44_34/g12772                 -             HS65_LS_FA1X9     0.000   4.547    4.418  
      datapath_module/alu_module/mul_44_34/g12772                 CI v -> CO v  HS65_LS_FA1X9     0.090   4.637    4.507  
      datapath_module/alu_module/mul_44_34/g12771                 -             HS65_LS_FA1X9     0.000   4.637    4.507  
      datapath_module/alu_module/mul_44_34/g12771                 CI v -> CO v  HS65_LS_FA1X9     0.090   4.726    4.597  
      datapath_module/alu_module/mul_44_34/g12770                 -             HS65_LS_FA1X9     0.000   4.726    4.597  
      datapath_module/alu_module/mul_44_34/g12770                 CI v -> CO v  HS65_LS_FA1X9     0.090   4.816    4.686  
      datapath_module/alu_module/mul_44_34/g12769                 -             HS65_LS_FA1X9     0.000   4.816    4.686  
      datapath_module/alu_module/mul_44_34/g12769                 CI v -> CO v  HS65_LS_FA1X9     0.090   4.905    4.776  
      datapath_module/alu_module/mul_44_34/g12768                 -             HS65_LS_FA1X9     0.000   4.905    4.776  
      datapath_module/alu_module/mul_44_34/g12768                 CI v -> CO v  HS65_LS_FA1X9     0.090   4.995    4.866  
      datapath_module/alu_module/mul_44_34/g12767                 -             HS65_LS_FA1X9     0.000   4.995    4.866  
      datapath_module/alu_module/mul_44_34/g12767                 CI v -> CO v  HS65_LS_FA1X9     0.087   5.082    4.952  
      datapath_module/alu_module/mul_44_34/g12766                 -             HS65_LS_FA1X4     0.000   5.082    4.952  
      datapath_module/alu_module/mul_44_34/g12766                 CI v -> S0 ^  HS65_LS_FA1X4     0.159   5.241    5.111  
      datapath_module/alu_module/g6799                            -             HS65_LS_AO112X18  0.000   5.241    5.111  
      datapath_module/alu_module/g6799                            B ^ -> Z ^    HS65_LS_AO112X18  0.140   5.381    5.252  
      datapath_module/reg_file_module/reg_memory_reg[7][30]544    -             HS65_LS_SDFPHQX9  0.020   5.401    5.271  
      ---------------------------------------------------------------------------------------------------------------------
     Clock Rise Edge                      0.000
     = Beginpoint Arrival Time            0.000
     Other End Path:
      -----------------------------------------------------------------------------------------------------------------
      Instance                                                  Arc         Cell              Retime  Arrival  Required  
                                                                                              Delay   Time     Time  
      -----------------------------------------------------------------------------------------------------------------
      -                                                         clock ^     -                 -       0.000    0.129  
      CTS_ccl_a_buf_00036                                       -           HS65_LS_BFX284    0.000   0.000    0.129  
      CTS_ccl_a_buf_00036                                       A ^ -> Z ^  HS65_LS_BFX284    0.000   0.000    0.129  
      CTS_ccl_a_buf_00025                                       -           HS65_LS_BFX284    0.000   0.000    0.129  
      CTS_ccl_a_buf_00025                                       A ^ -> Z ^  HS65_LS_BFX284    0.000   0.000    0.129  
      datapath_module/reg_file_module/reg_memory_reg[7][30]544  -           HS65_LS_SDFPHQX9  0.000   0.000    0.129  
      -----------------------------------------------------------------------------------------------------------------
Path 4: VIOLATED Setup Check with Pin datapath_module/reg_file_module/reg_memory_reg[6][30]480/CP 
Endpoint:   datapath_module/reg_file_module/reg_memory_reg[6][30]480/D (^) checked with  leading edge of 'clock'
Beginpoint: IFU_module/PC_reg[3]/Q                                     (^) triggered by  leading edge of 'clock'
Path Groups: {clock}
Retime Analysis { Data Path-Slew }
Other End Arrival Time          0.000
- Setup                        -0.171
+ Phase Shift                   7.100
- Uncertainty                   2.000
= Required Time                 5.271
- Arrival Time                  5.401
= Slack Time                   -0.129
= Slack Time(original)         -0.167
     Clock Rise Edge                      0.000
     = Beginpoint Arrival Time            0.000
     Timing Path:
      ---------------------------------------------------------------------------------------------------------------------
      Instance                                                    Arc           Cell              Retime  Arrival  Required  
                                                                                                  Delay   Time     Time  
      ---------------------------------------------------------------------------------------------------------------------
      -                                                           clock ^       -                 -       0.000    -0.129  
      CTS_ccl_a_buf_00036                                         -             HS65_LS_BFX284    0.000   0.000    -0.129  
      CTS_ccl_a_buf_00036                                         A ^ -> Z ^    HS65_LS_BFX284    0.000   0.000    -0.129  
      CTS_ccl_a_buf_00025                                         -             HS65_LS_BFX284    0.000   0.000    -0.129  
      CTS_ccl_a_buf_00025                                         A ^ -> Z ^    HS65_LS_BFX284    0.000   0.000    -0.129  
      IFU_module/PC_reg[3]                                        -             HS65_LS_SDFPRQX4  0.000   0.000    -0.129  
      IFU_module/PC_reg[3]                                        CP ^ -> Q ^   HS65_LS_SDFPRQX4  0.842   0.842    0.712  
      IFU_module/instr_mem/FE_OFC25_instruction_code_22           -             HS65_LS_IVX7      0.004   0.845    0.716  
      IFU_module/instr_mem/FE_OFC25_instruction_code_22           A ^ -> Z v    HS65_LS_IVX7      0.078   0.923    0.793  
      IFU_module/instr_mem/g723                                   -             HS65_LS_AO22X9    0.000   0.923    0.793  
      IFU_module/instr_mem/g723                                   D v -> Z v    HS65_LS_AO22X9    0.127   1.050    0.921  
      datapath_module/reg_file_module/g21715                      -             HS65_LS_NOR2X6    0.001   1.052    0.922  
      datapath_module/reg_file_module/g21715                      B v -> Z ^    HS65_LS_NOR2X6    0.074   1.126    0.996  
      datapath_module/reg_file_module/g21954                      -             HS65_LS_NOR2AX3   0.000   1.126    0.997  
      datapath_module/reg_file_module/g21954                      A ^ -> Z ^    HS65_LS_NOR2AX3   0.157   1.283    1.154  
      datapath_module/reg_file_module/FE_RC_119_0                 -             HS65_LS_NOR2X6    0.000   1.283    1.154  
      datapath_module/reg_file_module/FE_RC_119_0                 A ^ -> Z v    HS65_LS_NOR2X6    0.058   1.341    1.212  
      datapath_module/reg_file_module/g21186                      -             HS65_LS_AND2X4    0.000   1.341    1.212  
      datapath_module/reg_file_module/g21186                      B v -> Z v    HS65_LS_AND2X4    0.062   1.403    1.274  
      datapath_module/reg_file_module/g21955                      -             HS65_LS_OR3ABCX9  0.000   1.403    1.274  
      datapath_module/reg_file_module/g21955                      C v -> Z ^    HS65_LS_OR3ABCX9  0.190   1.593    1.464  
      datapath_module/alu_module/mul_44_34/FE_OFC21_read_data2_1  -             HS65_LS_BFX9      0.010   1.603    1.473  
      datapath_module/alu_module/mul_44_34/FE_OFC21_read_data2_1  A ^ -> Z ^    HS65_LS_BFX9      0.234   1.837    1.707  
      datapath_module/alu_module/mul_44_34/FE_OFC23_read_data2_1  -             HS65_LS_IVX9      0.009   1.846    1.716  
      datapath_module/alu_module/mul_44_34/FE_OFC23_read_data2_1  A ^ -> Z v    HS65_LS_IVX9      0.216   2.062    1.933  
      datapath_module/alu_module/mul_44_34/g12274                 -             HS65_LS_OAI22X6   0.009   2.071    1.941  
      datapath_module/alu_module/mul_44_34/g12274                 C v -> Z ^    HS65_LS_OAI22X6   0.108   2.179    2.050  
      datapath_module/alu_module/mul_44_34/g12765                 -             HS65_LS_AO22X9    0.000   2.179    2.050  
      datapath_module/alu_module/mul_44_34/g12765                 B ^ -> Z ^    HS65_LS_AO22X9    0.092   2.271    2.141  
      datapath_module/alu_module/mul_44_34/g11783                 -             HS65_LS_FA1X4     0.000   2.271    2.142  
      datapath_module/alu_module/mul_44_34/g11783                 B0 ^ -> S0 v  HS65_LS_FA1X4     0.147   2.418    2.289  
      datapath_module/alu_module/mul_44_34/g11716                 -             HS65_LS_FA1X4     0.000   2.418    2.289  
      datapath_module/alu_module/mul_44_34/g11716                 B0 v -> CO v  HS65_LS_FA1X4     0.121   2.540    2.410  
      datapath_module/alu_module/mul_44_34/g11693                 -             HS65_LS_FA1X4     0.000   2.540    2.410  
      datapath_module/alu_module/mul_44_34/g11693                 CI v -> CO v  HS65_LS_FA1X4     0.126   2.666    2.536  
      datapath_module/alu_module/mul_44_34/g12747                 -             HS65_LS_PAO2X9    0.000   2.666    2.537  
      datapath_module/alu_module/mul_44_34/g12747                 P v -> Z v    HS65_LS_PAO2X9    0.083   2.749    2.620  
      datapath_module/alu_module/mul_44_34/g11662                 -             HS65_LS_FA1X4     0.000   2.749    2.620  
      datapath_module/alu_module/mul_44_34/g11662                 CI v -> CO v  HS65_LS_FA1X4     0.104   2.853    2.724  
      datapath_module/alu_module/mul_44_34/g11650                 -             HS65_LS_FA1X4     0.000   2.853    2.724  
      datapath_module/alu_module/mul_44_34/g11650                 CI v -> CO v  HS65_LS_FA1X4     0.112   2.965    2.836  
      datapath_module/alu_module/mul_44_34/g12784                 -             HS65_LS_FA1X4     0.000   2.965    2.836  
      datapath_module/alu_module/mul_44_34/g12784                 CI v -> CO v  HS65_LS_FA1X4     0.112   3.077    2.948  
      datapath_module/alu_module/mul_44_34/g11632                 -             HS65_LS_FA1X4     0.000   3.077    2.948  
      datapath_module/alu_module/mul_44_34/g11632                 CI v -> CO v  HS65_LS_FA1X4     0.112   3.189    3.060  
      datapath_module/alu_module/mul_44_34/g11624                 -             HS65_LS_FA1X4     0.000   3.189    3.060  
      datapath_module/alu_module/mul_44_34/g11624                 CI v -> CO v  HS65_LS_FA1X4     0.112   3.301    3.172  
      datapath_module/alu_module/mul_44_34/g11617                 -             HS65_LS_FA1X4     0.000   3.301    3.172  
      datapath_module/alu_module/mul_44_34/g11617                 CI v -> CO v  HS65_LS_FA1X4     0.112   3.413    3.284  
      datapath_module/alu_module/mul_44_34/g12783                 -             HS65_LS_FA1X4     0.000   3.413    3.284  
      datapath_module/alu_module/mul_44_34/g12783                 CI v -> CO v  HS65_LS_FA1X4     0.112   3.526    3.396  
      datapath_module/alu_module/mul_44_34/g12782                 -             HS65_LS_FA1X4     0.000   3.526    3.396  
      datapath_module/alu_module/mul_44_34/g12782                 CI v -> CO v  HS65_LS_FA1X4     0.112   3.638    3.508  
      datapath_module/alu_module/mul_44_34/g12781                 -             HS65_LS_FA1X4     0.000   3.638    3.508  
      datapath_module/alu_module/mul_44_34/g12781                 CI v -> CO v  HS65_LS_FA1X4     0.112   3.750    3.620  
      datapath_module/alu_module/mul_44_34/g12780                 -             HS65_LS_FA1X4     0.000   3.750    3.620  
      datapath_module/alu_module/mul_44_34/g12780                 CI v -> CO v  HS65_LS_FA1X4     0.112   3.862    3.732  
      datapath_module/alu_module/mul_44_34/g12779                 -             HS65_LS_FA1X4     0.000   3.862    3.732  
      datapath_module/alu_module/mul_44_34/g12779                 CI v -> CO v  HS65_LS_FA1X4     0.112   3.974    3.844  
      datapath_module/alu_module/mul_44_34/g12778                 -             HS65_LS_FA1X4     0.000   3.974    3.844  
      datapath_module/alu_module/mul_44_34/g12778                 CI v -> CO v  HS65_LS_FA1X4     0.117   4.091    3.962  
      datapath_module/alu_module/mul_44_34/g12777                 -             HS65_LS_FA1X9     0.000   4.091    3.962  
      datapath_module/alu_module/mul_44_34/g12777                 CI v -> CO v  HS65_LS_FA1X9     0.097   4.188    4.059  
      datapath_module/alu_module/mul_44_34/g12776                 -             HS65_LS_FA1X9     0.000   4.188    4.059  
      datapath_module/alu_module/mul_44_34/g12776                 CI v -> CO v  HS65_LS_FA1X9     0.090   4.278    4.149  
      datapath_module/alu_module/mul_44_34/g12775                 -             HS65_LS_FA1X9     0.000   4.278    4.149  
      datapath_module/alu_module/mul_44_34/g12775                 CI v -> CO v  HS65_LS_FA1X9     0.090   4.368    4.238  
      datapath_module/alu_module/mul_44_34/g12774                 -             HS65_LS_FA1X9     0.000   4.368    4.238  
      datapath_module/alu_module/mul_44_34/g12774                 CI v -> CO v  HS65_LS_FA1X9     0.090   4.457    4.328  
      datapath_module/alu_module/mul_44_34/g12773                 -             HS65_LS_FA1X9     0.000   4.457    4.328  
      datapath_module/alu_module/mul_44_34/g12773                 CI v -> CO v  HS65_LS_FA1X9     0.090   4.547    4.418  
      datapath_module/alu_module/mul_44_34/g12772                 -             HS65_LS_FA1X9     0.000   4.547    4.418  
      datapath_module/alu_module/mul_44_34/g12772                 CI v -> CO v  HS65_LS_FA1X9     0.090   4.637    4.507  
      datapath_module/alu_module/mul_44_34/g12771                 -             HS65_LS_FA1X9     0.000   4.637    4.507  
      datapath_module/alu_module/mul_44_34/g12771                 CI v -> CO v  HS65_LS_FA1X9     0.090   4.726    4.597  
      datapath_module/alu_module/mul_44_34/g12770                 -             HS65_LS_FA1X9     0.000   4.726    4.597  
      datapath_module/alu_module/mul_44_34/g12770                 CI v -> CO v  HS65_LS_FA1X9     0.090   4.816    4.686  
      datapath_module/alu_module/mul_44_34/g12769                 -             HS65_LS_FA1X9     0.000   4.816    4.686  
      datapath_module/alu_module/mul_44_34/g12769                 CI v -> CO v  HS65_LS_FA1X9     0.090   4.905    4.776  
      datapath_module/alu_module/mul_44_34/g12768                 -             HS65_LS_FA1X9     0.000   4.905    4.776  
      datapath_module/alu_module/mul_44_34/g12768                 CI v -> CO v  HS65_LS_FA1X9     0.090   4.995    4.866  
      datapath_module/alu_module/mul_44_34/g12767                 -             HS65_LS_FA1X9     0.000   4.995    4.866  
      datapath_module/alu_module/mul_44_34/g12767                 CI v -> CO v  HS65_LS_FA1X9     0.087   5.082    4.952  
      datapath_module/alu_module/mul_44_34/g12766                 -             HS65_LS_FA1X4     0.000   5.082    4.952  
      datapath_module/alu_module/mul_44_34/g12766                 CI v -> S0 ^  HS65_LS_FA1X4     0.159   5.241    5.111  
      datapath_module/alu_module/g6799                            -             HS65_LS_AO112X18  0.000   5.241    5.111  
      datapath_module/alu_module/g6799                            B ^ -> Z ^    HS65_LS_AO112X18  0.140   5.381    5.252  
      datapath_module/reg_file_module/reg_memory_reg[6][30]480    -             HS65_LS_SDFPHQX9  0.020   5.401    5.271  
      ---------------------------------------------------------------------------------------------------------------------
     Clock Rise Edge                      0.000
     = Beginpoint Arrival Time            0.000
     Other End Path:
      -----------------------------------------------------------------------------------------------------------------
      Instance                                                  Arc         Cell              Retime  Arrival  Required  
                                                                                              Delay   Time     Time  
      -----------------------------------------------------------------------------------------------------------------
      -                                                         clock ^     -                 -       0.000    0.129  
      CTS_ccl_a_buf_00036                                       -           HS65_LS_BFX284    0.000   0.000    0.129  
      CTS_ccl_a_buf_00036                                       A ^ -> Z ^  HS65_LS_BFX284    0.000   0.000    0.129  
      datapath_module/reg_file_module/CTS_ccl_a_buf_00033       -           HS65_LS_BFX284    0.000   0.000    0.129  
      datapath_module/reg_file_module/CTS_ccl_a_buf_00033       A ^ -> Z ^  HS65_LS_BFX284    0.000   0.000    0.129  
      datapath_module/reg_file_module/reg_memory_reg[6][30]480  -           HS65_LS_SDFPHQX9  0.000   0.000    0.129  
      -----------------------------------------------------------------------------------------------------------------
Path 5: VIOLATED Setup Check with Pin datapath_module/reg_file_module/reg_memory_reg[5][30]416/CP 
Endpoint:   datapath_module/reg_file_module/reg_memory_reg[5][30]416/D (^) checked with  leading edge of 'clock'
Beginpoint: IFU_module/PC_reg[3]/Q                                     (^) triggered by  leading edge of 'clock'
Path Groups: {clock}
Retime Analysis { Data Path-Slew }
Other End Arrival Time          0.000
- Setup                        -0.171
+ Phase Shift                   7.100
- Uncertainty                   2.000
= Required Time                 5.271
- Arrival Time                  5.401
= Slack Time                   -0.129
= Slack Time(original)         -0.167
     Clock Rise Edge                      0.000
     = Beginpoint Arrival Time            0.000
     Timing Path:
      ---------------------------------------------------------------------------------------------------------------------
      Instance                                                    Arc           Cell              Retime  Arrival  Required  
                                                                                                  Delay   Time     Time  
      ---------------------------------------------------------------------------------------------------------------------
      -                                                           clock ^       -                 -       0.000    -0.129  
      CTS_ccl_a_buf_00036                                         -             HS65_LS_BFX284    0.000   0.000    -0.129  
      CTS_ccl_a_buf_00036                                         A ^ -> Z ^    HS65_LS_BFX284    0.000   0.000    -0.129  
      CTS_ccl_a_buf_00025                                         -             HS65_LS_BFX284    0.000   0.000    -0.129  
      CTS_ccl_a_buf_00025                                         A ^ -> Z ^    HS65_LS_BFX284    0.000   0.000    -0.129  
      IFU_module/PC_reg[3]                                        -             HS65_LS_SDFPRQX4  0.000   0.000    -0.129  
      IFU_module/PC_reg[3]                                        CP ^ -> Q ^   HS65_LS_SDFPRQX4  0.842   0.842    0.712  
      IFU_module/instr_mem/FE_OFC25_instruction_code_22           -             HS65_LS_IVX7      0.004   0.845    0.716  
      IFU_module/instr_mem/FE_OFC25_instruction_code_22           A ^ -> Z v    HS65_LS_IVX7      0.078   0.923    0.793  
      IFU_module/instr_mem/g723                                   -             HS65_LS_AO22X9    0.000   0.923    0.793  
      IFU_module/instr_mem/g723                                   D v -> Z v    HS65_LS_AO22X9    0.127   1.050    0.921  
      datapath_module/reg_file_module/g21715                      -             HS65_LS_NOR2X6    0.001   1.052    0.922  
      datapath_module/reg_file_module/g21715                      B v -> Z ^    HS65_LS_NOR2X6    0.074   1.126    0.996  
      datapath_module/reg_file_module/g21954                      -             HS65_LS_NOR2AX3   0.000   1.126    0.997  
      datapath_module/reg_file_module/g21954                      A ^ -> Z ^    HS65_LS_NOR2AX3   0.157   1.283    1.154  
      datapath_module/reg_file_module/FE_RC_119_0                 -             HS65_LS_NOR2X6    0.000   1.283    1.154  
      datapath_module/reg_file_module/FE_RC_119_0                 A ^ -> Z v    HS65_LS_NOR2X6    0.058   1.341    1.212  
      datapath_module/reg_file_module/g21186                      -             HS65_LS_AND2X4    0.000   1.341    1.212  
      datapath_module/reg_file_module/g21186                      B v -> Z v    HS65_LS_AND2X4    0.062   1.403    1.274  
      datapath_module/reg_file_module/g21955                      -             HS65_LS_OR3ABCX9  0.000   1.403    1.274  
      datapath_module/reg_file_module/g21955                      C v -> Z ^    HS65_LS_OR3ABCX9  0.190   1.593    1.464  
      datapath_module/alu_module/mul_44_34/FE_OFC21_read_data2_1  -             HS65_LS_BFX9      0.010   1.603    1.473  
      datapath_module/alu_module/mul_44_34/FE_OFC21_read_data2_1  A ^ -> Z ^    HS65_LS_BFX9      0.234   1.837    1.707  
      datapath_module/alu_module/mul_44_34/FE_OFC23_read_data2_1  -             HS65_LS_IVX9      0.009   1.846    1.716  
      datapath_module/alu_module/mul_44_34/FE_OFC23_read_data2_1  A ^ -> Z v    HS65_LS_IVX9      0.216   2.062    1.933  
      datapath_module/alu_module/mul_44_34/g12274                 -             HS65_LS_OAI22X6   0.009   2.071    1.941  
      datapath_module/alu_module/mul_44_34/g12274                 C v -> Z ^    HS65_LS_OAI22X6   0.108   2.179    2.050  
      datapath_module/alu_module/mul_44_34/g12765                 -             HS65_LS_AO22X9    0.000   2.179    2.050  
      datapath_module/alu_module/mul_44_34/g12765                 B ^ -> Z ^    HS65_LS_AO22X9    0.092   2.271    2.141  
      datapath_module/alu_module/mul_44_34/g11783                 -             HS65_LS_FA1X4     0.000   2.271    2.142  
      datapath_module/alu_module/mul_44_34/g11783                 B0 ^ -> S0 v  HS65_LS_FA1X4     0.147   2.418    2.289  
      datapath_module/alu_module/mul_44_34/g11716                 -             HS65_LS_FA1X4     0.000   2.418    2.289  
      datapath_module/alu_module/mul_44_34/g11716                 B0 v -> CO v  HS65_LS_FA1X4     0.121   2.540    2.410  
      datapath_module/alu_module/mul_44_34/g11693                 -             HS65_LS_FA1X4     0.000   2.540    2.410  
      datapath_module/alu_module/mul_44_34/g11693                 CI v -> CO v  HS65_LS_FA1X4     0.126   2.666    2.536  
      datapath_module/alu_module/mul_44_34/g12747                 -             HS65_LS_PAO2X9    0.000   2.666    2.537  
      datapath_module/alu_module/mul_44_34/g12747                 P v -> Z v    HS65_LS_PAO2X9    0.083   2.749    2.620  
      datapath_module/alu_module/mul_44_34/g11662                 -             HS65_LS_FA1X4     0.000   2.749    2.620  
      datapath_module/alu_module/mul_44_34/g11662                 CI v -> CO v  HS65_LS_FA1X4     0.104   2.853    2.724  
      datapath_module/alu_module/mul_44_34/g11650                 -             HS65_LS_FA1X4     0.000   2.853    2.724  
      datapath_module/alu_module/mul_44_34/g11650                 CI v -> CO v  HS65_LS_FA1X4     0.112   2.965    2.836  
      datapath_module/alu_module/mul_44_34/g12784                 -             HS65_LS_FA1X4     0.000   2.965    2.836  
      datapath_module/alu_module/mul_44_34/g12784                 CI v -> CO v  HS65_LS_FA1X4     0.112   3.077    2.948  
      datapath_module/alu_module/mul_44_34/g11632                 -             HS65_LS_FA1X4     0.000   3.077    2.948  
      datapath_module/alu_module/mul_44_34/g11632                 CI v -> CO v  HS65_LS_FA1X4     0.112   3.189    3.060  
      datapath_module/alu_module/mul_44_34/g11624                 -             HS65_LS_FA1X4     0.000   3.189    3.060  
      datapath_module/alu_module/mul_44_34/g11624                 CI v -> CO v  HS65_LS_FA1X4     0.112   3.301    3.172  
      datapath_module/alu_module/mul_44_34/g11617                 -             HS65_LS_FA1X4     0.000   3.301    3.172  
      datapath_module/alu_module/mul_44_34/g11617                 CI v -> CO v  HS65_LS_FA1X4     0.112   3.413    3.284  
      datapath_module/alu_module/mul_44_34/g12783                 -             HS65_LS_FA1X4     0.000   3.413    3.284  
      datapath_module/alu_module/mul_44_34/g12783                 CI v -> CO v  HS65_LS_FA1X4     0.112   3.526    3.396  
      datapath_module/alu_module/mul_44_34/g12782                 -             HS65_LS_FA1X4     0.000   3.526    3.396  
      datapath_module/alu_module/mul_44_34/g12782                 CI v -> CO v  HS65_LS_FA1X4     0.112   3.638    3.508  
      datapath_module/alu_module/mul_44_34/g12781                 -             HS65_LS_FA1X4     0.000   3.638    3.508  
      datapath_module/alu_module/mul_44_34/g12781                 CI v -> CO v  HS65_LS_FA1X4     0.112   3.750    3.620  
      datapath_module/alu_module/mul_44_34/g12780                 -             HS65_LS_FA1X4     0.000   3.750    3.620  
      datapath_module/alu_module/mul_44_34/g12780                 CI v -> CO v  HS65_LS_FA1X4     0.112   3.862    3.732  
      datapath_module/alu_module/mul_44_34/g12779                 -             HS65_LS_FA1X4     0.000   3.862    3.732  
      datapath_module/alu_module/mul_44_34/g12779                 CI v -> CO v  HS65_LS_FA1X4     0.112   3.974    3.844  
      datapath_module/alu_module/mul_44_34/g12778                 -             HS65_LS_FA1X4     0.000   3.974    3.844  
      datapath_module/alu_module/mul_44_34/g12778                 CI v -> CO v  HS65_LS_FA1X4     0.117   4.091    3.962  
      datapath_module/alu_module/mul_44_34/g12777                 -             HS65_LS_FA1X9     0.000   4.091    3.962  
      datapath_module/alu_module/mul_44_34/g12777                 CI v -> CO v  HS65_LS_FA1X9     0.097   4.188    4.059  
      datapath_module/alu_module/mul_44_34/g12776                 -             HS65_LS_FA1X9     0.000   4.188    4.059  
      datapath_module/alu_module/mul_44_34/g12776                 CI v -> CO v  HS65_LS_FA1X9     0.090   4.278    4.149  
      datapath_module/alu_module/mul_44_34/g12775                 -             HS65_LS_FA1X9     0.000   4.278    4.149  
      datapath_module/alu_module/mul_44_34/g12775                 CI v -> CO v  HS65_LS_FA1X9     0.090   4.368    4.238  
      datapath_module/alu_module/mul_44_34/g12774                 -             HS65_LS_FA1X9     0.000   4.368    4.238  
      datapath_module/alu_module/mul_44_34/g12774                 CI v -> CO v  HS65_LS_FA1X9     0.090   4.457    4.328  
      datapath_module/alu_module/mul_44_34/g12773                 -             HS65_LS_FA1X9     0.000   4.457    4.328  
      datapath_module/alu_module/mul_44_34/g12773                 CI v -> CO v  HS65_LS_FA1X9     0.090   4.547    4.418  
      datapath_module/alu_module/mul_44_34/g12772                 -             HS65_LS_FA1X9     0.000   4.547    4.418  
      datapath_module/alu_module/mul_44_34/g12772                 CI v -> CO v  HS65_LS_FA1X9     0.090   4.637    4.507  
      datapath_module/alu_module/mul_44_34/g12771                 -             HS65_LS_FA1X9     0.000   4.637    4.507  
      datapath_module/alu_module/mul_44_34/g12771                 CI v -> CO v  HS65_LS_FA1X9     0.090   4.726    4.597  
      datapath_module/alu_module/mul_44_34/g12770                 -             HS65_LS_FA1X9     0.000   4.726    4.597  
      datapath_module/alu_module/mul_44_34/g12770                 CI v -> CO v  HS65_LS_FA1X9     0.090   4.816    4.686  
      datapath_module/alu_module/mul_44_34/g12769                 -             HS65_LS_FA1X9     0.000   4.816    4.686  
      datapath_module/alu_module/mul_44_34/g12769                 CI v -> CO v  HS65_LS_FA1X9     0.090   4.905    4.776  
      datapath_module/alu_module/mul_44_34/g12768                 -             HS65_LS_FA1X9     0.000   4.905    4.776  
      datapath_module/alu_module/mul_44_34/g12768                 CI v -> CO v  HS65_LS_FA1X9     0.090   4.995    4.866  
      datapath_module/alu_module/mul_44_34/g12767                 -             HS65_LS_FA1X9     0.000   4.995    4.866  
      datapath_module/alu_module/mul_44_34/g12767                 CI v -> CO v  HS65_LS_FA1X9     0.087   5.082    4.952  
      datapath_module/alu_module/mul_44_34/g12766                 -             HS65_LS_FA1X4     0.000   5.082    4.952  
      datapath_module/alu_module/mul_44_34/g12766                 CI v -> S0 ^  HS65_LS_FA1X4     0.159   5.241    5.111  
      datapath_module/alu_module/g6799                            -             HS65_LS_AO112X18  0.000   5.241    5.111  
      datapath_module/alu_module/g6799                            B ^ -> Z ^    HS65_LS_AO112X18  0.140   5.381    5.252  
      datapath_module/reg_file_module/reg_memory_reg[5][30]416    -             HS65_LS_SDFPHQX9  0.020   5.401    5.271  
      ---------------------------------------------------------------------------------------------------------------------
     Clock Rise Edge                      0.000
     = Beginpoint Arrival Time            0.000
     Other End Path:
      -----------------------------------------------------------------------------------------------------------------
      Instance                                                  Arc         Cell              Retime  Arrival  Required  
                                                                                              Delay   Time     Time  
      -----------------------------------------------------------------------------------------------------------------
      -                                                         clock ^     -                 -       0.000    0.129  
      CTS_ccl_a_buf_00036                                       -           HS65_LS_BFX284    0.000   0.000    0.129  
      CTS_ccl_a_buf_00036                                       A ^ -> Z ^  HS65_LS_BFX284    0.000   0.000    0.129  
      datapath_module/reg_file_module/CTS_ccl_a_buf_00021       -           HS65_LS_BFX284    0.000   0.000    0.129  
      datapath_module/reg_file_module/CTS_ccl_a_buf_00021       A ^ -> Z ^  HS65_LS_BFX284    0.000   0.000    0.129  
      datapath_module/reg_file_module/reg_memory_reg[5][30]416  -           HS65_LS_SDFPHQX9  0.000   0.000    0.129  
      -----------------------------------------------------------------------------------------------------------------
Path 6: VIOLATED Setup Check with Pin datapath_module/reg_file_module/reg_memory_reg[4][30]352/CP 
Endpoint:   datapath_module/reg_file_module/reg_memory_reg[4][30]352/D (^) checked with  leading edge of 'clock'
Beginpoint: IFU_module/PC_reg[3]/Q                                     (^) triggered by  leading edge of 'clock'
Path Groups: {clock}
Retime Analysis { Data Path-Slew }
Other End Arrival Time          0.000
- Setup                        -0.171
+ Phase Shift                   7.100
- Uncertainty                   2.000
= Required Time                 5.271
- Arrival Time                  5.401
= Slack Time                   -0.129
= Slack Time(original)         -0.167
     Clock Rise Edge                      0.000
     = Beginpoint Arrival Time            0.000
     Timing Path:
      ---------------------------------------------------------------------------------------------------------------------
      Instance                                                    Arc           Cell              Retime  Arrival  Required  
                                                                                                  Delay   Time     Time  
      ---------------------------------------------------------------------------------------------------------------------
      -                                                           clock ^       -                 -       0.000    -0.129  
      CTS_ccl_a_buf_00036                                         -             HS65_LS_BFX284    0.000   0.000    -0.129  
      CTS_ccl_a_buf_00036                                         A ^ -> Z ^    HS65_LS_BFX284    0.000   0.000    -0.129  
      CTS_ccl_a_buf_00025                                         -             HS65_LS_BFX284    0.000   0.000    -0.129  
      CTS_ccl_a_buf_00025                                         A ^ -> Z ^    HS65_LS_BFX284    0.000   0.000    -0.129  
      IFU_module/PC_reg[3]                                        -             HS65_LS_SDFPRQX4  0.000   0.000    -0.129  
      IFU_module/PC_reg[3]                                        CP ^ -> Q ^   HS65_LS_SDFPRQX4  0.842   0.842    0.712  
      IFU_module/instr_mem/FE_OFC25_instruction_code_22           -             HS65_LS_IVX7      0.004   0.845    0.716  
      IFU_module/instr_mem/FE_OFC25_instruction_code_22           A ^ -> Z v    HS65_LS_IVX7      0.078   0.923    0.793  
      IFU_module/instr_mem/g723                                   -             HS65_LS_AO22X9    0.000   0.923    0.793  
      IFU_module/instr_mem/g723                                   D v -> Z v    HS65_LS_AO22X9    0.127   1.050    0.921  
      datapath_module/reg_file_module/g21715                      -             HS65_LS_NOR2X6    0.001   1.052    0.922  
      datapath_module/reg_file_module/g21715                      B v -> Z ^    HS65_LS_NOR2X6    0.074   1.126    0.996  
      datapath_module/reg_file_module/g21954                      -             HS65_LS_NOR2AX3   0.000   1.126    0.997  
      datapath_module/reg_file_module/g21954                      A ^ -> Z ^    HS65_LS_NOR2AX3   0.157   1.283    1.154  
      datapath_module/reg_file_module/FE_RC_119_0                 -             HS65_LS_NOR2X6    0.000   1.283    1.154  
      datapath_module/reg_file_module/FE_RC_119_0                 A ^ -> Z v    HS65_LS_NOR2X6    0.058   1.341    1.212  
      datapath_module/reg_file_module/g21186                      -             HS65_LS_AND2X4    0.000   1.341    1.212  
      datapath_module/reg_file_module/g21186                      B v -> Z v    HS65_LS_AND2X4    0.062   1.403    1.274  
      datapath_module/reg_file_module/g21955                      -             HS65_LS_OR3ABCX9  0.000   1.403    1.274  
      datapath_module/reg_file_module/g21955                      C v -> Z ^    HS65_LS_OR3ABCX9  0.190   1.593    1.464  
      datapath_module/alu_module/mul_44_34/FE_OFC21_read_data2_1  -             HS65_LS_BFX9      0.010   1.603    1.473  
      datapath_module/alu_module/mul_44_34/FE_OFC21_read_data2_1  A ^ -> Z ^    HS65_LS_BFX9      0.234   1.837    1.707  
      datapath_module/alu_module/mul_44_34/FE_OFC23_read_data2_1  -             HS65_LS_IVX9      0.009   1.846    1.716  
      datapath_module/alu_module/mul_44_34/FE_OFC23_read_data2_1  A ^ -> Z v    HS65_LS_IVX9      0.216   2.062    1.933  
      datapath_module/alu_module/mul_44_34/g12274                 -             HS65_LS_OAI22X6   0.009   2.071    1.941  
      datapath_module/alu_module/mul_44_34/g12274                 C v -> Z ^    HS65_LS_OAI22X6   0.108   2.179    2.050  
      datapath_module/alu_module/mul_44_34/g12765                 -             HS65_LS_AO22X9    0.000   2.179    2.050  
      datapath_module/alu_module/mul_44_34/g12765                 B ^ -> Z ^    HS65_LS_AO22X9    0.092   2.271    2.141  
      datapath_module/alu_module/mul_44_34/g11783                 -             HS65_LS_FA1X4     0.000   2.271    2.142  
      datapath_module/alu_module/mul_44_34/g11783                 B0 ^ -> S0 v  HS65_LS_FA1X4     0.147   2.418    2.289  
      datapath_module/alu_module/mul_44_34/g11716                 -             HS65_LS_FA1X4     0.000   2.418    2.289  
      datapath_module/alu_module/mul_44_34/g11716                 B0 v -> CO v  HS65_LS_FA1X4     0.121   2.540    2.410  
      datapath_module/alu_module/mul_44_34/g11693                 -             HS65_LS_FA1X4     0.000   2.540    2.410  
      datapath_module/alu_module/mul_44_34/g11693                 CI v -> CO v  HS65_LS_FA1X4     0.126   2.666    2.536  
      datapath_module/alu_module/mul_44_34/g12747                 -             HS65_LS_PAO2X9    0.000   2.666    2.537  
      datapath_module/alu_module/mul_44_34/g12747                 P v -> Z v    HS65_LS_PAO2X9    0.083   2.749    2.620  
      datapath_module/alu_module/mul_44_34/g11662                 -             HS65_LS_FA1X4     0.000   2.749    2.620  
      datapath_module/alu_module/mul_44_34/g11662                 CI v -> CO v  HS65_LS_FA1X4     0.104   2.853    2.724  
      datapath_module/alu_module/mul_44_34/g11650                 -             HS65_LS_FA1X4     0.000   2.853    2.724  
      datapath_module/alu_module/mul_44_34/g11650                 CI v -> CO v  HS65_LS_FA1X4     0.112   2.965    2.836  
      datapath_module/alu_module/mul_44_34/g12784                 -             HS65_LS_FA1X4     0.000   2.965    2.836  
      datapath_module/alu_module/mul_44_34/g12784                 CI v -> CO v  HS65_LS_FA1X4     0.112   3.077    2.948  
      datapath_module/alu_module/mul_44_34/g11632                 -             HS65_LS_FA1X4     0.000   3.077    2.948  
      datapath_module/alu_module/mul_44_34/g11632                 CI v -> CO v  HS65_LS_FA1X4     0.112   3.189    3.060  
      datapath_module/alu_module/mul_44_34/g11624                 -             HS65_LS_FA1X4     0.000   3.189    3.060  
      datapath_module/alu_module/mul_44_34/g11624                 CI v -> CO v  HS65_LS_FA1X4     0.112   3.301    3.172  
      datapath_module/alu_module/mul_44_34/g11617                 -             HS65_LS_FA1X4     0.000   3.301    3.172  
      datapath_module/alu_module/mul_44_34/g11617                 CI v -> CO v  HS65_LS_FA1X4     0.112   3.413    3.284  
      datapath_module/alu_module/mul_44_34/g12783                 -             HS65_LS_FA1X4     0.000   3.413    3.284  
      datapath_module/alu_module/mul_44_34/g12783                 CI v -> CO v  HS65_LS_FA1X4     0.112   3.526    3.396  
      datapath_module/alu_module/mul_44_34/g12782                 -             HS65_LS_FA1X4     0.000   3.526    3.396  
      datapath_module/alu_module/mul_44_34/g12782                 CI v -> CO v  HS65_LS_FA1X4     0.112   3.638    3.508  
      datapath_module/alu_module/mul_44_34/g12781                 -             HS65_LS_FA1X4     0.000   3.638    3.508  
      datapath_module/alu_module/mul_44_34/g12781                 CI v -> CO v  HS65_LS_FA1X4     0.112   3.750    3.620  
      datapath_module/alu_module/mul_44_34/g12780                 -             HS65_LS_FA1X4     0.000   3.750    3.620  
      datapath_module/alu_module/mul_44_34/g12780                 CI v -> CO v  HS65_LS_FA1X4     0.112   3.862    3.732  
      datapath_module/alu_module/mul_44_34/g12779                 -             HS65_LS_FA1X4     0.000   3.862    3.732  
      datapath_module/alu_module/mul_44_34/g12779                 CI v -> CO v  HS65_LS_FA1X4     0.112   3.974    3.844  
      datapath_module/alu_module/mul_44_34/g12778                 -             HS65_LS_FA1X4     0.000   3.974    3.844  
      datapath_module/alu_module/mul_44_34/g12778                 CI v -> CO v  HS65_LS_FA1X4     0.117   4.091    3.962  
      datapath_module/alu_module/mul_44_34/g12777                 -             HS65_LS_FA1X9     0.000   4.091    3.962  
      datapath_module/alu_module/mul_44_34/g12777                 CI v -> CO v  HS65_LS_FA1X9     0.097   4.188    4.059  
      datapath_module/alu_module/mul_44_34/g12776                 -             HS65_LS_FA1X9     0.000   4.188    4.059  
      datapath_module/alu_module/mul_44_34/g12776                 CI v -> CO v  HS65_LS_FA1X9     0.090   4.278    4.149  
      datapath_module/alu_module/mul_44_34/g12775                 -             HS65_LS_FA1X9     0.000   4.278    4.149  
      datapath_module/alu_module/mul_44_34/g12775                 CI v -> CO v  HS65_LS_FA1X9     0.090   4.368    4.238  
      datapath_module/alu_module/mul_44_34/g12774                 -             HS65_LS_FA1X9     0.000   4.368    4.238  
      datapath_module/alu_module/mul_44_34/g12774                 CI v -> CO v  HS65_LS_FA1X9     0.090   4.457    4.328  
      datapath_module/alu_module/mul_44_34/g12773                 -             HS65_LS_FA1X9     0.000   4.457    4.328  
      datapath_module/alu_module/mul_44_34/g12773                 CI v -> CO v  HS65_LS_FA1X9     0.090   4.547    4.418  
      datapath_module/alu_module/mul_44_34/g12772                 -             HS65_LS_FA1X9     0.000   4.547    4.418  
      datapath_module/alu_module/mul_44_34/g12772                 CI v -> CO v  HS65_LS_FA1X9     0.090   4.637    4.507  
      datapath_module/alu_module/mul_44_34/g12771                 -             HS65_LS_FA1X9     0.000   4.637    4.507  
      datapath_module/alu_module/mul_44_34/g12771                 CI v -> CO v  HS65_LS_FA1X9     0.090   4.726    4.597  
      datapath_module/alu_module/mul_44_34/g12770                 -             HS65_LS_FA1X9     0.000   4.726    4.597  
      datapath_module/alu_module/mul_44_34/g12770                 CI v -> CO v  HS65_LS_FA1X9     0.090   4.816    4.686  
      datapath_module/alu_module/mul_44_34/g12769                 -             HS65_LS_FA1X9     0.000   4.816    4.686  
      datapath_module/alu_module/mul_44_34/g12769                 CI v -> CO v  HS65_LS_FA1X9     0.090   4.905    4.776  
      datapath_module/alu_module/mul_44_34/g12768                 -             HS65_LS_FA1X9     0.000   4.905    4.776  
      datapath_module/alu_module/mul_44_34/g12768                 CI v -> CO v  HS65_LS_FA1X9     0.090   4.995    4.866  
      datapath_module/alu_module/mul_44_34/g12767                 -             HS65_LS_FA1X9     0.000   4.995    4.866  
      datapath_module/alu_module/mul_44_34/g12767                 CI v -> CO v  HS65_LS_FA1X9     0.087   5.082    4.952  
      datapath_module/alu_module/mul_44_34/g12766                 -             HS65_LS_FA1X4     0.000   5.082    4.952  
      datapath_module/alu_module/mul_44_34/g12766                 CI v -> S0 ^  HS65_LS_FA1X4     0.159   5.241    5.111  
      datapath_module/alu_module/g6799                            -             HS65_LS_AO112X18  0.000   5.241    5.111  
      datapath_module/alu_module/g6799                            B ^ -> Z ^    HS65_LS_AO112X18  0.140   5.381    5.252  
      datapath_module/reg_file_module/reg_memory_reg[4][30]352    -             HS65_LS_SDFPHQX9  0.020   5.401    5.271  
      ---------------------------------------------------------------------------------------------------------------------
     Clock Rise Edge                      0.000
     = Beginpoint Arrival Time            0.000
     Other End Path:
      -----------------------------------------------------------------------------------------------------------------
      Instance                                                  Arc         Cell              Retime  Arrival  Required  
                                                                                              Delay   Time     Time  
      -----------------------------------------------------------------------------------------------------------------
      -                                                         clock ^     -                 -       0.000    0.129  
      CTS_ccl_a_buf_00036                                       -           HS65_LS_BFX284    0.000   0.000    0.129  
      CTS_ccl_a_buf_00036                                       A ^ -> Z ^  HS65_LS_BFX284    0.000   0.000    0.129  
      datapath_module/reg_file_module/CTS_ccl_a_buf_00029       -           HS65_LS_BFX284    0.000   0.000    0.129  
      datapath_module/reg_file_module/CTS_ccl_a_buf_00029       A ^ -> Z ^  HS65_LS_BFX284    0.000   0.000    0.129  
      datapath_module/reg_file_module/reg_memory_reg[4][30]352  -           HS65_LS_SDFPHQX9  0.000   0.000    0.129  
      -----------------------------------------------------------------------------------------------------------------
Path 7: VIOLATED Setup Check with Pin datapath_module/reg_file_module/reg_memory_reg[3][30]288/CP 
Endpoint:   datapath_module/reg_file_module/reg_memory_reg[3][30]288/D (^) checked with  leading edge of 'clock'
Beginpoint: IFU_module/PC_reg[3]/Q                                     (^) triggered by  leading edge of 'clock'
Path Groups: {clock}
Retime Analysis { Data Path-Slew }
Other End Arrival Time          0.000
- Setup                        -0.171
+ Phase Shift                   7.100
- Uncertainty                   2.000
= Required Time                 5.271
- Arrival Time                  5.401
= Slack Time                   -0.129
= Slack Time(original)         -0.167
     Clock Rise Edge                      0.000
     = Beginpoint Arrival Time            0.000
     Timing Path:
      ---------------------------------------------------------------------------------------------------------------------
      Instance                                                    Arc           Cell              Retime  Arrival  Required  
                                                                                                  Delay   Time     Time  
      ---------------------------------------------------------------------------------------------------------------------
      -                                                           clock ^       -                 -       0.000    -0.129  
      CTS_ccl_a_buf_00036                                         -             HS65_LS_BFX284    0.000   0.000    -0.129  
      CTS_ccl_a_buf_00036                                         A ^ -> Z ^    HS65_LS_BFX284    0.000   0.000    -0.129  
      CTS_ccl_a_buf_00025                                         -             HS65_LS_BFX284    0.000   0.000    -0.129  
      CTS_ccl_a_buf_00025                                         A ^ -> Z ^    HS65_LS_BFX284    0.000   0.000    -0.129  
      IFU_module/PC_reg[3]                                        -             HS65_LS_SDFPRQX4  0.000   0.000    -0.129  
      IFU_module/PC_reg[3]                                        CP ^ -> Q ^   HS65_LS_SDFPRQX4  0.842   0.842    0.712  
      IFU_module/instr_mem/FE_OFC25_instruction_code_22           -             HS65_LS_IVX7      0.004   0.845    0.716  
      IFU_module/instr_mem/FE_OFC25_instruction_code_22           A ^ -> Z v    HS65_LS_IVX7      0.078   0.923    0.793  
      IFU_module/instr_mem/g723                                   -             HS65_LS_AO22X9    0.000   0.923    0.793  
      IFU_module/instr_mem/g723                                   D v -> Z v    HS65_LS_AO22X9    0.127   1.050    0.921  
      datapath_module/reg_file_module/g21715                      -             HS65_LS_NOR2X6    0.001   1.052    0.922  
      datapath_module/reg_file_module/g21715                      B v -> Z ^    HS65_LS_NOR2X6    0.074   1.126    0.996  
      datapath_module/reg_file_module/g21954                      -             HS65_LS_NOR2AX3   0.000   1.126    0.997  
      datapath_module/reg_file_module/g21954                      A ^ -> Z ^    HS65_LS_NOR2AX3   0.157   1.283    1.154  
      datapath_module/reg_file_module/FE_RC_119_0                 -             HS65_LS_NOR2X6    0.000   1.283    1.154  
      datapath_module/reg_file_module/FE_RC_119_0                 A ^ -> Z v    HS65_LS_NOR2X6    0.058   1.341    1.212  
      datapath_module/reg_file_module/g21186                      -             HS65_LS_AND2X4    0.000   1.341    1.212  
      datapath_module/reg_file_module/g21186                      B v -> Z v    HS65_LS_AND2X4    0.062   1.403    1.274  
      datapath_module/reg_file_module/g21955                      -             HS65_LS_OR3ABCX9  0.000   1.403    1.274  
      datapath_module/reg_file_module/g21955                      C v -> Z ^    HS65_LS_OR3ABCX9  0.190   1.593    1.464  
      datapath_module/alu_module/mul_44_34/FE_OFC21_read_data2_1  -             HS65_LS_BFX9      0.010   1.603    1.473  
      datapath_module/alu_module/mul_44_34/FE_OFC21_read_data2_1  A ^ -> Z ^    HS65_LS_BFX9      0.234   1.837    1.707  
      datapath_module/alu_module/mul_44_34/FE_OFC23_read_data2_1  -             HS65_LS_IVX9      0.009   1.846    1.716  
      datapath_module/alu_module/mul_44_34/FE_OFC23_read_data2_1  A ^ -> Z v    HS65_LS_IVX9      0.216   2.062    1.933  
      datapath_module/alu_module/mul_44_34/g12274                 -             HS65_LS_OAI22X6   0.009   2.071    1.941  
      datapath_module/alu_module/mul_44_34/g12274                 C v -> Z ^    HS65_LS_OAI22X6   0.108   2.179    2.050  
      datapath_module/alu_module/mul_44_34/g12765                 -             HS65_LS_AO22X9    0.000   2.179    2.050  
      datapath_module/alu_module/mul_44_34/g12765                 B ^ -> Z ^    HS65_LS_AO22X9    0.092   2.271    2.141  
      datapath_module/alu_module/mul_44_34/g11783                 -             HS65_LS_FA1X4     0.000   2.271    2.142  
      datapath_module/alu_module/mul_44_34/g11783                 B0 ^ -> S0 v  HS65_LS_FA1X4     0.147   2.418    2.289  
      datapath_module/alu_module/mul_44_34/g11716                 -             HS65_LS_FA1X4     0.000   2.418    2.289  
      datapath_module/alu_module/mul_44_34/g11716                 B0 v -> CO v  HS65_LS_FA1X4     0.121   2.540    2.410  
      datapath_module/alu_module/mul_44_34/g11693                 -             HS65_LS_FA1X4     0.000   2.540    2.410  
      datapath_module/alu_module/mul_44_34/g11693                 CI v -> CO v  HS65_LS_FA1X4     0.126   2.666    2.536  
      datapath_module/alu_module/mul_44_34/g12747                 -             HS65_LS_PAO2X9    0.000   2.666    2.537  
      datapath_module/alu_module/mul_44_34/g12747                 P v -> Z v    HS65_LS_PAO2X9    0.083   2.749    2.620  
      datapath_module/alu_module/mul_44_34/g11662                 -             HS65_LS_FA1X4     0.000   2.749    2.620  
      datapath_module/alu_module/mul_44_34/g11662                 CI v -> CO v  HS65_LS_FA1X4     0.104   2.853    2.724  
      datapath_module/alu_module/mul_44_34/g11650                 -             HS65_LS_FA1X4     0.000   2.853    2.724  
      datapath_module/alu_module/mul_44_34/g11650                 CI v -> CO v  HS65_LS_FA1X4     0.112   2.965    2.836  
      datapath_module/alu_module/mul_44_34/g12784                 -             HS65_LS_FA1X4     0.000   2.965    2.836  
      datapath_module/alu_module/mul_44_34/g12784                 CI v -> CO v  HS65_LS_FA1X4     0.112   3.077    2.948  
      datapath_module/alu_module/mul_44_34/g11632                 -             HS65_LS_FA1X4     0.000   3.077    2.948  
      datapath_module/alu_module/mul_44_34/g11632                 CI v -> CO v  HS65_LS_FA1X4     0.112   3.189    3.060  
      datapath_module/alu_module/mul_44_34/g11624                 -             HS65_LS_FA1X4     0.000   3.189    3.060  
      datapath_module/alu_module/mul_44_34/g11624                 CI v -> CO v  HS65_LS_FA1X4     0.112   3.301    3.172  
      datapath_module/alu_module/mul_44_34/g11617                 -             HS65_LS_FA1X4     0.000   3.301    3.172  
      datapath_module/alu_module/mul_44_34/g11617                 CI v -> CO v  HS65_LS_FA1X4     0.112   3.413    3.284  
      datapath_module/alu_module/mul_44_34/g12783                 -             HS65_LS_FA1X4     0.000   3.413    3.284  
      datapath_module/alu_module/mul_44_34/g12783                 CI v -> CO v  HS65_LS_FA1X4     0.112   3.526    3.396  
      datapath_module/alu_module/mul_44_34/g12782                 -             HS65_LS_FA1X4     0.000   3.526    3.396  
      datapath_module/alu_module/mul_44_34/g12782                 CI v -> CO v  HS65_LS_FA1X4     0.112   3.638    3.508  
      datapath_module/alu_module/mul_44_34/g12781                 -             HS65_LS_FA1X4     0.000   3.638    3.508  
      datapath_module/alu_module/mul_44_34/g12781                 CI v -> CO v  HS65_LS_FA1X4     0.112   3.750    3.620  
      datapath_module/alu_module/mul_44_34/g12780                 -             HS65_LS_FA1X4     0.000   3.750    3.620  
      datapath_module/alu_module/mul_44_34/g12780                 CI v -> CO v  HS65_LS_FA1X4     0.112   3.862    3.732  
      datapath_module/alu_module/mul_44_34/g12779                 -             HS65_LS_FA1X4     0.000   3.862    3.732  
      datapath_module/alu_module/mul_44_34/g12779                 CI v -> CO v  HS65_LS_FA1X4     0.112   3.974    3.844  
      datapath_module/alu_module/mul_44_34/g12778                 -             HS65_LS_FA1X4     0.000   3.974    3.844  
      datapath_module/alu_module/mul_44_34/g12778                 CI v -> CO v  HS65_LS_FA1X4     0.117   4.091    3.962  
      datapath_module/alu_module/mul_44_34/g12777                 -             HS65_LS_FA1X9     0.000   4.091    3.962  
      datapath_module/alu_module/mul_44_34/g12777                 CI v -> CO v  HS65_LS_FA1X9     0.097   4.188    4.059  
      datapath_module/alu_module/mul_44_34/g12776                 -             HS65_LS_FA1X9     0.000   4.188    4.059  
      datapath_module/alu_module/mul_44_34/g12776                 CI v -> CO v  HS65_LS_FA1X9     0.090   4.278    4.149  
      datapath_module/alu_module/mul_44_34/g12775                 -             HS65_LS_FA1X9     0.000   4.278    4.149  
      datapath_module/alu_module/mul_44_34/g12775                 CI v -> CO v  HS65_LS_FA1X9     0.090   4.368    4.238  
      datapath_module/alu_module/mul_44_34/g12774                 -             HS65_LS_FA1X9     0.000   4.368    4.238  
      datapath_module/alu_module/mul_44_34/g12774                 CI v -> CO v  HS65_LS_FA1X9     0.090   4.457    4.328  
      datapath_module/alu_module/mul_44_34/g12773                 -             HS65_LS_FA1X9     0.000   4.457    4.328  
      datapath_module/alu_module/mul_44_34/g12773                 CI v -> CO v  HS65_LS_FA1X9     0.090   4.547    4.418  
      datapath_module/alu_module/mul_44_34/g12772                 -             HS65_LS_FA1X9     0.000   4.547    4.418  
      datapath_module/alu_module/mul_44_34/g12772                 CI v -> CO v  HS65_LS_FA1X9     0.090   4.637    4.507  
      datapath_module/alu_module/mul_44_34/g12771                 -             HS65_LS_FA1X9     0.000   4.637    4.507  
      datapath_module/alu_module/mul_44_34/g12771                 CI v -> CO v  HS65_LS_FA1X9     0.090   4.726    4.597  
      datapath_module/alu_module/mul_44_34/g12770                 -             HS65_LS_FA1X9     0.000   4.726    4.597  
      datapath_module/alu_module/mul_44_34/g12770                 CI v -> CO v  HS65_LS_FA1X9     0.090   4.816    4.686  
      datapath_module/alu_module/mul_44_34/g12769                 -             HS65_LS_FA1X9     0.000   4.816    4.686  
      datapath_module/alu_module/mul_44_34/g12769                 CI v -> CO v  HS65_LS_FA1X9     0.090   4.905    4.776  
      datapath_module/alu_module/mul_44_34/g12768                 -             HS65_LS_FA1X9     0.000   4.905    4.776  
      datapath_module/alu_module/mul_44_34/g12768                 CI v -> CO v  HS65_LS_FA1X9     0.090   4.995    4.866  
      datapath_module/alu_module/mul_44_34/g12767                 -             HS65_LS_FA1X9     0.000   4.995    4.866  
      datapath_module/alu_module/mul_44_34/g12767                 CI v -> CO v  HS65_LS_FA1X9     0.087   5.082    4.952  
      datapath_module/alu_module/mul_44_34/g12766                 -             HS65_LS_FA1X4     0.000   5.082    4.952  
      datapath_module/alu_module/mul_44_34/g12766                 CI v -> S0 ^  HS65_LS_FA1X4     0.159   5.241    5.111  
      datapath_module/alu_module/g6799                            -             HS65_LS_AO112X18  0.000   5.241    5.111  
      datapath_module/alu_module/g6799                            B ^ -> Z ^    HS65_LS_AO112X18  0.140   5.381    5.252  
      datapath_module/reg_file_module/reg_memory_reg[3][30]288    -             HS65_LS_SDFPHQX9  0.020   5.401    5.271  
      ---------------------------------------------------------------------------------------------------------------------
     Clock Rise Edge                      0.000
     = Beginpoint Arrival Time            0.000
     Other End Path:
      -----------------------------------------------------------------------------------------------------------------
      Instance                                                  Arc         Cell              Retime  Arrival  Required  
                                                                                              Delay   Time     Time  
      -----------------------------------------------------------------------------------------------------------------
      -                                                         clock ^     -                 -       0.000    0.129  
      CTS_ccl_a_buf_00036                                       -           HS65_LS_BFX284    0.000   0.000    0.129  
      CTS_ccl_a_buf_00036                                       A ^ -> Z ^  HS65_LS_BFX284    0.000   0.000    0.129  
      CTS_ccl_a_buf_00025                                       -           HS65_LS_BFX284    0.000   0.000    0.129  
      CTS_ccl_a_buf_00025                                       A ^ -> Z ^  HS65_LS_BFX284    0.000   0.000    0.129  
      datapath_module/reg_file_module/reg_memory_reg[3][30]288  -           HS65_LS_SDFPHQX9  0.000   0.000    0.129  
      -----------------------------------------------------------------------------------------------------------------
Path 8: VIOLATED Setup Check with Pin datapath_module/reg_file_module/reg_memory_reg[31][30]2080/CP 
Endpoint:   datapath_module/reg_file_module/reg_memory_reg[31][30]2080/D (^) checked with  leading edge of 'clock'
Beginpoint: IFU_module/PC_reg[3]/Q                                       (^) triggered by  leading edge of 'clock'
Path Groups: {clock}
Retime Analysis { Data Path-Slew }
Other End Arrival Time          0.000
- Setup                        -0.171
+ Phase Shift                   7.100
- Uncertainty                   2.000
= Required Time                 5.271
- Arrival Time                  5.401
= Slack Time                   -0.129
= Slack Time(original)         -0.167
     Clock Rise Edge                      0.000
     = Beginpoint Arrival Time            0.000
     Timing Path:
      ---------------------------------------------------------------------------------------------------------------------
      Instance                                                    Arc           Cell              Retime  Arrival  Required  
                                                                                                  Delay   Time     Time  
      ---------------------------------------------------------------------------------------------------------------------
      -                                                           clock ^       -                 -       0.000    -0.129  
      CTS_ccl_a_buf_00036                                         -             HS65_LS_BFX284    0.000   0.000    -0.129  
      CTS_ccl_a_buf_00036                                         A ^ -> Z ^    HS65_LS_BFX284    0.000   0.000    -0.129  
      CTS_ccl_a_buf_00025                                         -             HS65_LS_BFX284    0.000   0.000    -0.129  
      CTS_ccl_a_buf_00025                                         A ^ -> Z ^    HS65_LS_BFX284    0.000   0.000    -0.129  
      IFU_module/PC_reg[3]                                        -             HS65_LS_SDFPRQX4  0.000   0.000    -0.129  
      IFU_module/PC_reg[3]                                        CP ^ -> Q ^   HS65_LS_SDFPRQX4  0.842   0.842    0.712  
      IFU_module/instr_mem/FE_OFC25_instruction_code_22           -             HS65_LS_IVX7      0.004   0.845    0.716  
      IFU_module/instr_mem/FE_OFC25_instruction_code_22           A ^ -> Z v    HS65_LS_IVX7      0.078   0.923    0.793  
      IFU_module/instr_mem/g723                                   -             HS65_LS_AO22X9    0.000   0.923    0.793  
      IFU_module/instr_mem/g723                                   D v -> Z v    HS65_LS_AO22X9    0.127   1.050    0.921  
      datapath_module/reg_file_module/g21715                      -             HS65_LS_NOR2X6    0.001   1.052    0.922  
      datapath_module/reg_file_module/g21715                      B v -> Z ^    HS65_LS_NOR2X6    0.074   1.126    0.996  
      datapath_module/reg_file_module/g21954                      -             HS65_LS_NOR2AX3   0.000   1.126    0.997  
      datapath_module/reg_file_module/g21954                      A ^ -> Z ^    HS65_LS_NOR2AX3   0.157   1.283    1.154  
      datapath_module/reg_file_module/FE_RC_119_0                 -             HS65_LS_NOR2X6    0.000   1.283    1.154  
      datapath_module/reg_file_module/FE_RC_119_0                 A ^ -> Z v    HS65_LS_NOR2X6    0.058   1.341    1.212  
      datapath_module/reg_file_module/g21186                      -             HS65_LS_AND2X4    0.000   1.341    1.212  
      datapath_module/reg_file_module/g21186                      B v -> Z v    HS65_LS_AND2X4    0.062   1.403    1.274  
      datapath_module/reg_file_module/g21955                      -             HS65_LS_OR3ABCX9  0.000   1.403    1.274  
      datapath_module/reg_file_module/g21955                      C v -> Z ^    HS65_LS_OR3ABCX9  0.190   1.593    1.464  
      datapath_module/alu_module/mul_44_34/FE_OFC21_read_data2_1  -             HS65_LS_BFX9      0.010   1.603    1.473  
      datapath_module/alu_module/mul_44_34/FE_OFC21_read_data2_1  A ^ -> Z ^    HS65_LS_BFX9      0.234   1.837    1.707  
      datapath_module/alu_module/mul_44_34/FE_OFC23_read_data2_1  -             HS65_LS_IVX9      0.009   1.846    1.716  
      datapath_module/alu_module/mul_44_34/FE_OFC23_read_data2_1  A ^ -> Z v    HS65_LS_IVX9      0.216   2.062    1.933  
      datapath_module/alu_module/mul_44_34/g12274                 -             HS65_LS_OAI22X6   0.009   2.071    1.941  
      datapath_module/alu_module/mul_44_34/g12274                 C v -> Z ^    HS65_LS_OAI22X6   0.108   2.179    2.050  
      datapath_module/alu_module/mul_44_34/g12765                 -             HS65_LS_AO22X9    0.000   2.179    2.050  
      datapath_module/alu_module/mul_44_34/g12765                 B ^ -> Z ^    HS65_LS_AO22X9    0.092   2.271    2.141  
      datapath_module/alu_module/mul_44_34/g11783                 -             HS65_LS_FA1X4     0.000   2.271    2.142  
      datapath_module/alu_module/mul_44_34/g11783                 B0 ^ -> S0 v  HS65_LS_FA1X4     0.147   2.418    2.289  
      datapath_module/alu_module/mul_44_34/g11716                 -             HS65_LS_FA1X4     0.000   2.418    2.289  
      datapath_module/alu_module/mul_44_34/g11716                 B0 v -> CO v  HS65_LS_FA1X4     0.121   2.540    2.410  
      datapath_module/alu_module/mul_44_34/g11693                 -             HS65_LS_FA1X4     0.000   2.540    2.410  
      datapath_module/alu_module/mul_44_34/g11693                 CI v -> CO v  HS65_LS_FA1X4     0.126   2.666    2.536  
      datapath_module/alu_module/mul_44_34/g12747                 -             HS65_LS_PAO2X9    0.000   2.666    2.537  
      datapath_module/alu_module/mul_44_34/g12747                 P v -> Z v    HS65_LS_PAO2X9    0.083   2.749    2.620  
      datapath_module/alu_module/mul_44_34/g11662                 -             HS65_LS_FA1X4     0.000   2.749    2.620  
      datapath_module/alu_module/mul_44_34/g11662                 CI v -> CO v  HS65_LS_FA1X4     0.104   2.853    2.724  
      datapath_module/alu_module/mul_44_34/g11650                 -             HS65_LS_FA1X4     0.000   2.853    2.724  
      datapath_module/alu_module/mul_44_34/g11650                 CI v -> CO v  HS65_LS_FA1X4     0.112   2.965    2.836  
      datapath_module/alu_module/mul_44_34/g12784                 -             HS65_LS_FA1X4     0.000   2.965    2.836  
      datapath_module/alu_module/mul_44_34/g12784                 CI v -> CO v  HS65_LS_FA1X4     0.112   3.077    2.948  
      datapath_module/alu_module/mul_44_34/g11632                 -             HS65_LS_FA1X4     0.000   3.077    2.948  
      datapath_module/alu_module/mul_44_34/g11632                 CI v -> CO v  HS65_LS_FA1X4     0.112   3.189    3.060  
      datapath_module/alu_module/mul_44_34/g11624                 -             HS65_LS_FA1X4     0.000   3.189    3.060  
      datapath_module/alu_module/mul_44_34/g11624                 CI v -> CO v  HS65_LS_FA1X4     0.112   3.301    3.172  
      datapath_module/alu_module/mul_44_34/g11617                 -             HS65_LS_FA1X4     0.000   3.301    3.172  
      datapath_module/alu_module/mul_44_34/g11617                 CI v -> CO v  HS65_LS_FA1X4     0.112   3.413    3.284  
      datapath_module/alu_module/mul_44_34/g12783                 -             HS65_LS_FA1X4     0.000   3.413    3.284  
      datapath_module/alu_module/mul_44_34/g12783                 CI v -> CO v  HS65_LS_FA1X4     0.112   3.526    3.396  
      datapath_module/alu_module/mul_44_34/g12782                 -             HS65_LS_FA1X4     0.000   3.526    3.396  
      datapath_module/alu_module/mul_44_34/g12782                 CI v -> CO v  HS65_LS_FA1X4     0.112   3.638    3.508  
      datapath_module/alu_module/mul_44_34/g12781                 -             HS65_LS_FA1X4     0.000   3.638    3.508  
      datapath_module/alu_module/mul_44_34/g12781                 CI v -> CO v  HS65_LS_FA1X4     0.112   3.750    3.620  
      datapath_module/alu_module/mul_44_34/g12780                 -             HS65_LS_FA1X4     0.000   3.750    3.620  
      datapath_module/alu_module/mul_44_34/g12780                 CI v -> CO v  HS65_LS_FA1X4     0.112   3.862    3.732  
      datapath_module/alu_module/mul_44_34/g12779                 -             HS65_LS_FA1X4     0.000   3.862    3.732  
      datapath_module/alu_module/mul_44_34/g12779                 CI v -> CO v  HS65_LS_FA1X4     0.112   3.974    3.844  
      datapath_module/alu_module/mul_44_34/g12778                 -             HS65_LS_FA1X4     0.000   3.974    3.844  
      datapath_module/alu_module/mul_44_34/g12778                 CI v -> CO v  HS65_LS_FA1X4     0.117   4.091    3.962  
      datapath_module/alu_module/mul_44_34/g12777                 -             HS65_LS_FA1X9     0.000   4.091    3.962  
      datapath_module/alu_module/mul_44_34/g12777                 CI v -> CO v  HS65_LS_FA1X9     0.097   4.188    4.059  
      datapath_module/alu_module/mul_44_34/g12776                 -             HS65_LS_FA1X9     0.000   4.188    4.059  
      datapath_module/alu_module/mul_44_34/g12776                 CI v -> CO v  HS65_LS_FA1X9     0.090   4.278    4.149  
      datapath_module/alu_module/mul_44_34/g12775                 -             HS65_LS_FA1X9     0.000   4.278    4.149  
      datapath_module/alu_module/mul_44_34/g12775                 CI v -> CO v  HS65_LS_FA1X9     0.090   4.368    4.238  
      datapath_module/alu_module/mul_44_34/g12774                 -             HS65_LS_FA1X9     0.000   4.368    4.238  
      datapath_module/alu_module/mul_44_34/g12774                 CI v -> CO v  HS65_LS_FA1X9     0.090   4.457    4.328  
      datapath_module/alu_module/mul_44_34/g12773                 -             HS65_LS_FA1X9     0.000   4.457    4.328  
      datapath_module/alu_module/mul_44_34/g12773                 CI v -> CO v  HS65_LS_FA1X9     0.090   4.547    4.418  
      datapath_module/alu_module/mul_44_34/g12772                 -             HS65_LS_FA1X9     0.000   4.547    4.418  
      datapath_module/alu_module/mul_44_34/g12772                 CI v -> CO v  HS65_LS_FA1X9     0.090   4.637    4.507  
      datapath_module/alu_module/mul_44_34/g12771                 -             HS65_LS_FA1X9     0.000   4.637    4.507  
      datapath_module/alu_module/mul_44_34/g12771                 CI v -> CO v  HS65_LS_FA1X9     0.090   4.726    4.597  
      datapath_module/alu_module/mul_44_34/g12770                 -             HS65_LS_FA1X9     0.000   4.726    4.597  
      datapath_module/alu_module/mul_44_34/g12770                 CI v -> CO v  HS65_LS_FA1X9     0.090   4.816    4.686  
      datapath_module/alu_module/mul_44_34/g12769                 -             HS65_LS_FA1X9     0.000   4.816    4.686  
      datapath_module/alu_module/mul_44_34/g12769                 CI v -> CO v  HS65_LS_FA1X9     0.090   4.905    4.776  
      datapath_module/alu_module/mul_44_34/g12768                 -             HS65_LS_FA1X9     0.000   4.905    4.776  
      datapath_module/alu_module/mul_44_34/g12768                 CI v -> CO v  HS65_LS_FA1X9     0.090   4.995    4.866  
      datapath_module/alu_module/mul_44_34/g12767                 -             HS65_LS_FA1X9     0.000   4.995    4.866  
      datapath_module/alu_module/mul_44_34/g12767                 CI v -> CO v  HS65_LS_FA1X9     0.087   5.082    4.952  
      datapath_module/alu_module/mul_44_34/g12766                 -             HS65_LS_FA1X4     0.000   5.082    4.952  
      datapath_module/alu_module/mul_44_34/g12766                 CI v -> S0 ^  HS65_LS_FA1X4     0.159   5.241    5.111  
      datapath_module/alu_module/g6799                            -             HS65_LS_AO112X18  0.000   5.241    5.111  
      datapath_module/alu_module/g6799                            B ^ -> Z ^    HS65_LS_AO112X18  0.140   5.381    5.252  
      datapath_module/reg_file_module/reg_memory_reg[31][30]2080  -             HS65_LS_SDFPHQX9  0.020   5.401    5.271  
      ---------------------------------------------------------------------------------------------------------------------
     Clock Rise Edge                      0.000
     = Beginpoint Arrival Time            0.000
     Other End Path:
      -------------------------------------------------------------------------------------------------------------------
      Instance                                                    Arc         Cell              Retime  Arrival  Required  
                                                                                                Delay   Time     Time  
      -------------------------------------------------------------------------------------------------------------------
      -                                                           clock ^     -                 -       0.000    0.129  
      CTS_ccl_a_buf_00036                                         -           HS65_LS_BFX284    0.000   0.000    0.129  
      CTS_ccl_a_buf_00036                                         A ^ -> Z ^  HS65_LS_BFX284    0.000   0.000    0.129  
      datapath_module/reg_file_module/CTS_ccl_a_buf_00033         -           HS65_LS_BFX284    0.000   0.000    0.129  
      datapath_module/reg_file_module/CTS_ccl_a_buf_00033         A ^ -> Z ^  HS65_LS_BFX284    0.000   0.000    0.129  
      datapath_module/reg_file_module/reg_memory_reg[31][30]2080  -           HS65_LS_SDFPHQX9  0.000   0.000    0.129  
      -------------------------------------------------------------------------------------------------------------------
Path 9: VIOLATED Setup Check with Pin datapath_module/reg_file_module/reg_memory_reg[30][30]2016/CP 
Endpoint:   datapath_module/reg_file_module/reg_memory_reg[30][30]2016/D (^) checked with  leading edge of 'clock'
Beginpoint: IFU_module/PC_reg[3]/Q                                       (^) triggered by  leading edge of 'clock'
Path Groups: {clock}
Retime Analysis { Data Path-Slew }
Other End Arrival Time          0.000
- Setup                        -0.171
+ Phase Shift                   7.100
- Uncertainty                   2.000
= Required Time                 5.271
- Arrival Time                  5.401
= Slack Time                   -0.129
= Slack Time(original)         -0.167
     Clock Rise Edge                      0.000
     = Beginpoint Arrival Time            0.000
     Timing Path:
      ---------------------------------------------------------------------------------------------------------------------
      Instance                                                    Arc           Cell              Retime  Arrival  Required  
                                                                                                  Delay   Time     Time  
      ---------------------------------------------------------------------------------------------------------------------
      -                                                           clock ^       -                 -       0.000    -0.129  
      CTS_ccl_a_buf_00036                                         -             HS65_LS_BFX284    0.000   0.000    -0.129  
      CTS_ccl_a_buf_00036                                         A ^ -> Z ^    HS65_LS_BFX284    0.000   0.000    -0.129  
      CTS_ccl_a_buf_00025                                         -             HS65_LS_BFX284    0.000   0.000    -0.129  
      CTS_ccl_a_buf_00025                                         A ^ -> Z ^    HS65_LS_BFX284    0.000   0.000    -0.129  
      IFU_module/PC_reg[3]                                        -             HS65_LS_SDFPRQX4  0.000   0.000    -0.129  
      IFU_module/PC_reg[3]                                        CP ^ -> Q ^   HS65_LS_SDFPRQX4  0.842   0.842    0.712  
      IFU_module/instr_mem/FE_OFC25_instruction_code_22           -             HS65_LS_IVX7      0.004   0.845    0.716  
      IFU_module/instr_mem/FE_OFC25_instruction_code_22           A ^ -> Z v    HS65_LS_IVX7      0.078   0.923    0.793  
      IFU_module/instr_mem/g723                                   -             HS65_LS_AO22X9    0.000   0.923    0.793  
      IFU_module/instr_mem/g723                                   D v -> Z v    HS65_LS_AO22X9    0.127   1.050    0.921  
      datapath_module/reg_file_module/g21715                      -             HS65_LS_NOR2X6    0.001   1.052    0.922  
      datapath_module/reg_file_module/g21715                      B v -> Z ^    HS65_LS_NOR2X6    0.074   1.126    0.996  
      datapath_module/reg_file_module/g21954                      -             HS65_LS_NOR2AX3   0.000   1.126    0.997  
      datapath_module/reg_file_module/g21954                      A ^ -> Z ^    HS65_LS_NOR2AX3   0.157   1.283    1.154  
      datapath_module/reg_file_module/FE_RC_119_0                 -             HS65_LS_NOR2X6    0.000   1.283    1.154  
      datapath_module/reg_file_module/FE_RC_119_0                 A ^ -> Z v    HS65_LS_NOR2X6    0.058   1.341    1.212  
      datapath_module/reg_file_module/g21186                      -             HS65_LS_AND2X4    0.000   1.341    1.212  
      datapath_module/reg_file_module/g21186                      B v -> Z v    HS65_LS_AND2X4    0.062   1.403    1.274  
      datapath_module/reg_file_module/g21955                      -             HS65_LS_OR3ABCX9  0.000   1.403    1.274  
      datapath_module/reg_file_module/g21955                      C v -> Z ^    HS65_LS_OR3ABCX9  0.190   1.593    1.464  
      datapath_module/alu_module/mul_44_34/FE_OFC21_read_data2_1  -             HS65_LS_BFX9      0.010   1.603    1.473  
      datapath_module/alu_module/mul_44_34/FE_OFC21_read_data2_1  A ^ -> Z ^    HS65_LS_BFX9      0.234   1.837    1.707  
      datapath_module/alu_module/mul_44_34/FE_OFC23_read_data2_1  -             HS65_LS_IVX9      0.009   1.846    1.716  
      datapath_module/alu_module/mul_44_34/FE_OFC23_read_data2_1  A ^ -> Z v    HS65_LS_IVX9      0.216   2.062    1.933  
      datapath_module/alu_module/mul_44_34/g12274                 -             HS65_LS_OAI22X6   0.009   2.071    1.941  
      datapath_module/alu_module/mul_44_34/g12274                 C v -> Z ^    HS65_LS_OAI22X6   0.108   2.179    2.050  
      datapath_module/alu_module/mul_44_34/g12765                 -             HS65_LS_AO22X9    0.000   2.179    2.050  
      datapath_module/alu_module/mul_44_34/g12765                 B ^ -> Z ^    HS65_LS_AO22X9    0.092   2.271    2.141  
      datapath_module/alu_module/mul_44_34/g11783                 -             HS65_LS_FA1X4     0.000   2.271    2.142  
      datapath_module/alu_module/mul_44_34/g11783                 B0 ^ -> S0 v  HS65_LS_FA1X4     0.147   2.418    2.289  
      datapath_module/alu_module/mul_44_34/g11716                 -             HS65_LS_FA1X4     0.000   2.418    2.289  
      datapath_module/alu_module/mul_44_34/g11716                 B0 v -> CO v  HS65_LS_FA1X4     0.121   2.540    2.410  
      datapath_module/alu_module/mul_44_34/g11693                 -             HS65_LS_FA1X4     0.000   2.540    2.410  
      datapath_module/alu_module/mul_44_34/g11693                 CI v -> CO v  HS65_LS_FA1X4     0.126   2.666    2.536  
      datapath_module/alu_module/mul_44_34/g12747                 -             HS65_LS_PAO2X9    0.000   2.666    2.537  
      datapath_module/alu_module/mul_44_34/g12747                 P v -> Z v    HS65_LS_PAO2X9    0.083   2.749    2.620  
      datapath_module/alu_module/mul_44_34/g11662                 -             HS65_LS_FA1X4     0.000   2.749    2.620  
      datapath_module/alu_module/mul_44_34/g11662                 CI v -> CO v  HS65_LS_FA1X4     0.104   2.853    2.724  
      datapath_module/alu_module/mul_44_34/g11650                 -             HS65_LS_FA1X4     0.000   2.853    2.724  
      datapath_module/alu_module/mul_44_34/g11650                 CI v -> CO v  HS65_LS_FA1X4     0.112   2.965    2.836  
      datapath_module/alu_module/mul_44_34/g12784                 -             HS65_LS_FA1X4     0.000   2.965    2.836  
      datapath_module/alu_module/mul_44_34/g12784                 CI v -> CO v  HS65_LS_FA1X4     0.112   3.077    2.948  
      datapath_module/alu_module/mul_44_34/g11632                 -             HS65_LS_FA1X4     0.000   3.077    2.948  
      datapath_module/alu_module/mul_44_34/g11632                 CI v -> CO v  HS65_LS_FA1X4     0.112   3.189    3.060  
      datapath_module/alu_module/mul_44_34/g11624                 -             HS65_LS_FA1X4     0.000   3.189    3.060  
      datapath_module/alu_module/mul_44_34/g11624                 CI v -> CO v  HS65_LS_FA1X4     0.112   3.301    3.172  
      datapath_module/alu_module/mul_44_34/g11617                 -             HS65_LS_FA1X4     0.000   3.301    3.172  
      datapath_module/alu_module/mul_44_34/g11617                 CI v -> CO v  HS65_LS_FA1X4     0.112   3.413    3.284  
      datapath_module/alu_module/mul_44_34/g12783                 -             HS65_LS_FA1X4     0.000   3.413    3.284  
      datapath_module/alu_module/mul_44_34/g12783                 CI v -> CO v  HS65_LS_FA1X4     0.112   3.526    3.396  
      datapath_module/alu_module/mul_44_34/g12782                 -             HS65_LS_FA1X4     0.000   3.526    3.396  
      datapath_module/alu_module/mul_44_34/g12782                 CI v -> CO v  HS65_LS_FA1X4     0.112   3.638    3.508  
      datapath_module/alu_module/mul_44_34/g12781                 -             HS65_LS_FA1X4     0.000   3.638    3.508  
      datapath_module/alu_module/mul_44_34/g12781                 CI v -> CO v  HS65_LS_FA1X4     0.112   3.750    3.620  
      datapath_module/alu_module/mul_44_34/g12780                 -             HS65_LS_FA1X4     0.000   3.750    3.620  
      datapath_module/alu_module/mul_44_34/g12780                 CI v -> CO v  HS65_LS_FA1X4     0.112   3.862    3.732  
      datapath_module/alu_module/mul_44_34/g12779                 -             HS65_LS_FA1X4     0.000   3.862    3.732  
      datapath_module/alu_module/mul_44_34/g12779                 CI v -> CO v  HS65_LS_FA1X4     0.112   3.974    3.844  
      datapath_module/alu_module/mul_44_34/g12778                 -             HS65_LS_FA1X4     0.000   3.974    3.844  
      datapath_module/alu_module/mul_44_34/g12778                 CI v -> CO v  HS65_LS_FA1X4     0.117   4.091    3.962  
      datapath_module/alu_module/mul_44_34/g12777                 -             HS65_LS_FA1X9     0.000   4.091    3.962  
      datapath_module/alu_module/mul_44_34/g12777                 CI v -> CO v  HS65_LS_FA1X9     0.097   4.188    4.059  
      datapath_module/alu_module/mul_44_34/g12776                 -             HS65_LS_FA1X9     0.000   4.188    4.059  
      datapath_module/alu_module/mul_44_34/g12776                 CI v -> CO v  HS65_LS_FA1X9     0.090   4.278    4.149  
      datapath_module/alu_module/mul_44_34/g12775                 -             HS65_LS_FA1X9     0.000   4.278    4.149  
      datapath_module/alu_module/mul_44_34/g12775                 CI v -> CO v  HS65_LS_FA1X9     0.090   4.368    4.238  
      datapath_module/alu_module/mul_44_34/g12774                 -             HS65_LS_FA1X9     0.000   4.368    4.238  
      datapath_module/alu_module/mul_44_34/g12774                 CI v -> CO v  HS65_LS_FA1X9     0.090   4.457    4.328  
      datapath_module/alu_module/mul_44_34/g12773                 -             HS65_LS_FA1X9     0.000   4.457    4.328  
      datapath_module/alu_module/mul_44_34/g12773                 CI v -> CO v  HS65_LS_FA1X9     0.090   4.547    4.418  
      datapath_module/alu_module/mul_44_34/g12772                 -             HS65_LS_FA1X9     0.000   4.547    4.418  
      datapath_module/alu_module/mul_44_34/g12772                 CI v -> CO v  HS65_LS_FA1X9     0.090   4.637    4.507  
      datapath_module/alu_module/mul_44_34/g12771                 -             HS65_LS_FA1X9     0.000   4.637    4.507  
      datapath_module/alu_module/mul_44_34/g12771                 CI v -> CO v  HS65_LS_FA1X9     0.090   4.726    4.597  
      datapath_module/alu_module/mul_44_34/g12770                 -             HS65_LS_FA1X9     0.000   4.726    4.597  
      datapath_module/alu_module/mul_44_34/g12770                 CI v -> CO v  HS65_LS_FA1X9     0.090   4.816    4.686  
      datapath_module/alu_module/mul_44_34/g12769                 -             HS65_LS_FA1X9     0.000   4.816    4.686  
      datapath_module/alu_module/mul_44_34/g12769                 CI v -> CO v  HS65_LS_FA1X9     0.090   4.905    4.776  
      datapath_module/alu_module/mul_44_34/g12768                 -             HS65_LS_FA1X9     0.000   4.905    4.776  
      datapath_module/alu_module/mul_44_34/g12768                 CI v -> CO v  HS65_LS_FA1X9     0.090   4.995    4.866  
      datapath_module/alu_module/mul_44_34/g12767                 -             HS65_LS_FA1X9     0.000   4.995    4.866  
      datapath_module/alu_module/mul_44_34/g12767                 CI v -> CO v  HS65_LS_FA1X9     0.087   5.082    4.952  
      datapath_module/alu_module/mul_44_34/g12766                 -             HS65_LS_FA1X4     0.000   5.082    4.952  
      datapath_module/alu_module/mul_44_34/g12766                 CI v -> S0 ^  HS65_LS_FA1X4     0.159   5.241    5.111  
      datapath_module/alu_module/g6799                            -             HS65_LS_AO112X18  0.000   5.241    5.111  
      datapath_module/alu_module/g6799                            B ^ -> Z ^    HS65_LS_AO112X18  0.140   5.381    5.252  
      datapath_module/reg_file_module/reg_memory_reg[30][30]2016  -             HS65_LS_SDFPHQX9  0.020   5.401    5.271  
      ---------------------------------------------------------------------------------------------------------------------
     Clock Rise Edge                      0.000
     = Beginpoint Arrival Time            0.000
     Other End Path:
      -------------------------------------------------------------------------------------------------------------------
      Instance                                                    Arc         Cell              Retime  Arrival  Required  
                                                                                                Delay   Time     Time  
      -------------------------------------------------------------------------------------------------------------------
      -                                                           clock ^     -                 -       0.000    0.129  
      CTS_ccl_a_buf_00036                                         -           HS65_LS_BFX284    0.000   0.000    0.129  
      CTS_ccl_a_buf_00036                                         A ^ -> Z ^  HS65_LS_BFX284    0.000   0.000    0.129  
      datapath_module/reg_file_module/CTS_ccl_a_buf_00033         -           HS65_LS_BFX284    0.000   0.000    0.129  
      datapath_module/reg_file_module/CTS_ccl_a_buf_00033         A ^ -> Z ^  HS65_LS_BFX284    0.000   0.000    0.129  
      datapath_module/reg_file_module/reg_memory_reg[30][30]2016  -           HS65_LS_SDFPHQX9  0.000   0.000    0.129  
      -------------------------------------------------------------------------------------------------------------------
Path 10: VIOLATED Setup Check with Pin datapath_module/reg_file_module/reg_memory_reg[2][30]224/CP 
Endpoint:   datapath_module/reg_file_module/reg_memory_reg[2][30]224/D (^) checked with  leading edge of 'clock'
Beginpoint: IFU_module/PC_reg[3]/Q                                     (^) triggered by  leading edge of 'clock'
Path Groups: {clock}
Retime Analysis { Data Path-Slew }
Other End Arrival Time          0.000
- Setup                        -0.171
+ Phase Shift                   7.100
- Uncertainty                   2.000
= Required Time                 5.271
- Arrival Time                  5.401
= Slack Time                   -0.129
= Slack Time(original)         -0.167
     Clock Rise Edge                      0.000
     = Beginpoint Arrival Time            0.000
     Timing Path:
      ---------------------------------------------------------------------------------------------------------------------
      Instance                                                    Arc           Cell              Retime  Arrival  Required  
                                                                                                  Delay   Time     Time  
      ---------------------------------------------------------------------------------------------------------------------
      -                                                           clock ^       -                 -       0.000    -0.129  
      CTS_ccl_a_buf_00036                                         -             HS65_LS_BFX284    0.000   0.000    -0.129  
      CTS_ccl_a_buf_00036                                         A ^ -> Z ^    HS65_LS_BFX284    0.000   0.000    -0.129  
      CTS_ccl_a_buf_00025                                         -             HS65_LS_BFX284    0.000   0.000    -0.129  
      CTS_ccl_a_buf_00025                                         A ^ -> Z ^    HS65_LS_BFX284    0.000   0.000    -0.129  
      IFU_module/PC_reg[3]                                        -             HS65_LS_SDFPRQX4  0.000   0.000    -0.129  
      IFU_module/PC_reg[3]                                        CP ^ -> Q ^   HS65_LS_SDFPRQX4  0.842   0.842    0.712  
      IFU_module/instr_mem/FE_OFC25_instruction_code_22           -             HS65_LS_IVX7      0.004   0.845    0.716  
      IFU_module/instr_mem/FE_OFC25_instruction_code_22           A ^ -> Z v    HS65_LS_IVX7      0.078   0.923    0.793  
      IFU_module/instr_mem/g723                                   -             HS65_LS_AO22X9    0.000   0.923    0.793  
      IFU_module/instr_mem/g723                                   D v -> Z v    HS65_LS_AO22X9    0.127   1.050    0.921  
      datapath_module/reg_file_module/g21715                      -             HS65_LS_NOR2X6    0.001   1.052    0.922  
      datapath_module/reg_file_module/g21715                      B v -> Z ^    HS65_LS_NOR2X6    0.074   1.126    0.996  
      datapath_module/reg_file_module/g21954                      -             HS65_LS_NOR2AX3   0.000   1.126    0.997  
      datapath_module/reg_file_module/g21954                      A ^ -> Z ^    HS65_LS_NOR2AX3   0.157   1.283    1.154  
      datapath_module/reg_file_module/FE_RC_119_0                 -             HS65_LS_NOR2X6    0.000   1.283    1.154  
      datapath_module/reg_file_module/FE_RC_119_0                 A ^ -> Z v    HS65_LS_NOR2X6    0.058   1.341    1.212  
      datapath_module/reg_file_module/g21186                      -             HS65_LS_AND2X4    0.000   1.341    1.212  
      datapath_module/reg_file_module/g21186                      B v -> Z v    HS65_LS_AND2X4    0.062   1.403    1.274  
      datapath_module/reg_file_module/g21955                      -             HS65_LS_OR3ABCX9  0.000   1.403    1.274  
      datapath_module/reg_file_module/g21955                      C v -> Z ^    HS65_LS_OR3ABCX9  0.190   1.593    1.464  
      datapath_module/alu_module/mul_44_34/FE_OFC21_read_data2_1  -             HS65_LS_BFX9      0.010   1.603    1.473  
      datapath_module/alu_module/mul_44_34/FE_OFC21_read_data2_1  A ^ -> Z ^    HS65_LS_BFX9      0.234   1.837    1.707  
      datapath_module/alu_module/mul_44_34/FE_OFC23_read_data2_1  -             HS65_LS_IVX9      0.009   1.846    1.716  
      datapath_module/alu_module/mul_44_34/FE_OFC23_read_data2_1  A ^ -> Z v    HS65_LS_IVX9      0.216   2.062    1.933  
      datapath_module/alu_module/mul_44_34/g12274                 -             HS65_LS_OAI22X6   0.009   2.071    1.941  
      datapath_module/alu_module/mul_44_34/g12274                 C v -> Z ^    HS65_LS_OAI22X6   0.108   2.179    2.050  
      datapath_module/alu_module/mul_44_34/g12765                 -             HS65_LS_AO22X9    0.000   2.179    2.050  
      datapath_module/alu_module/mul_44_34/g12765                 B ^ -> Z ^    HS65_LS_AO22X9    0.092   2.271    2.141  
      datapath_module/alu_module/mul_44_34/g11783                 -             HS65_LS_FA1X4     0.000   2.271    2.142  
      datapath_module/alu_module/mul_44_34/g11783                 B0 ^ -> S0 v  HS65_LS_FA1X4     0.147   2.418    2.289  
      datapath_module/alu_module/mul_44_34/g11716                 -             HS65_LS_FA1X4     0.000   2.418    2.289  
      datapath_module/alu_module/mul_44_34/g11716                 B0 v -> CO v  HS65_LS_FA1X4     0.121   2.540    2.410  
      datapath_module/alu_module/mul_44_34/g11693                 -             HS65_LS_FA1X4     0.000   2.540    2.410  
      datapath_module/alu_module/mul_44_34/g11693                 CI v -> CO v  HS65_LS_FA1X4     0.126   2.666    2.536  
      datapath_module/alu_module/mul_44_34/g12747                 -             HS65_LS_PAO2X9    0.000   2.666    2.537  
      datapath_module/alu_module/mul_44_34/g12747                 P v -> Z v    HS65_LS_PAO2X9    0.083   2.749    2.620  
      datapath_module/alu_module/mul_44_34/g11662                 -             HS65_LS_FA1X4     0.000   2.749    2.620  
      datapath_module/alu_module/mul_44_34/g11662                 CI v -> CO v  HS65_LS_FA1X4     0.104   2.853    2.724  
      datapath_module/alu_module/mul_44_34/g11650                 -             HS65_LS_FA1X4     0.000   2.853    2.724  
      datapath_module/alu_module/mul_44_34/g11650                 CI v -> CO v  HS65_LS_FA1X4     0.112   2.965    2.836  
      datapath_module/alu_module/mul_44_34/g12784                 -             HS65_LS_FA1X4     0.000   2.965    2.836  
      datapath_module/alu_module/mul_44_34/g12784                 CI v -> CO v  HS65_LS_FA1X4     0.112   3.077    2.948  
      datapath_module/alu_module/mul_44_34/g11632                 -             HS65_LS_FA1X4     0.000   3.077    2.948  
      datapath_module/alu_module/mul_44_34/g11632                 CI v -> CO v  HS65_LS_FA1X4     0.112   3.189    3.060  
      datapath_module/alu_module/mul_44_34/g11624                 -             HS65_LS_FA1X4     0.000   3.189    3.060  
      datapath_module/alu_module/mul_44_34/g11624                 CI v -> CO v  HS65_LS_FA1X4     0.112   3.301    3.172  
      datapath_module/alu_module/mul_44_34/g11617                 -             HS65_LS_FA1X4     0.000   3.301    3.172  
      datapath_module/alu_module/mul_44_34/g11617                 CI v -> CO v  HS65_LS_FA1X4     0.112   3.413    3.284  
      datapath_module/alu_module/mul_44_34/g12783                 -             HS65_LS_FA1X4     0.000   3.413    3.284  
      datapath_module/alu_module/mul_44_34/g12783                 CI v -> CO v  HS65_LS_FA1X4     0.112   3.526    3.396  
      datapath_module/alu_module/mul_44_34/g12782                 -             HS65_LS_FA1X4     0.000   3.526    3.396  
      datapath_module/alu_module/mul_44_34/g12782                 CI v -> CO v  HS65_LS_FA1X4     0.112   3.638    3.508  
      datapath_module/alu_module/mul_44_34/g12781                 -             HS65_LS_FA1X4     0.000   3.638    3.508  
      datapath_module/alu_module/mul_44_34/g12781                 CI v -> CO v  HS65_LS_FA1X4     0.112   3.750    3.620  
      datapath_module/alu_module/mul_44_34/g12780                 -             HS65_LS_FA1X4     0.000   3.750    3.620  
      datapath_module/alu_module/mul_44_34/g12780                 CI v -> CO v  HS65_LS_FA1X4     0.112   3.862    3.732  
      datapath_module/alu_module/mul_44_34/g12779                 -             HS65_LS_FA1X4     0.000   3.862    3.732  
      datapath_module/alu_module/mul_44_34/g12779                 CI v -> CO v  HS65_LS_FA1X4     0.112   3.974    3.844  
      datapath_module/alu_module/mul_44_34/g12778                 -             HS65_LS_FA1X4     0.000   3.974    3.844  
      datapath_module/alu_module/mul_44_34/g12778                 CI v -> CO v  HS65_LS_FA1X4     0.117   4.091    3.962  
      datapath_module/alu_module/mul_44_34/g12777                 -             HS65_LS_FA1X9     0.000   4.091    3.962  
      datapath_module/alu_module/mul_44_34/g12777                 CI v -> CO v  HS65_LS_FA1X9     0.097   4.188    4.059  
      datapath_module/alu_module/mul_44_34/g12776                 -             HS65_LS_FA1X9     0.000   4.188    4.059  
      datapath_module/alu_module/mul_44_34/g12776                 CI v -> CO v  HS65_LS_FA1X9     0.090   4.278    4.149  
      datapath_module/alu_module/mul_44_34/g12775                 -             HS65_LS_FA1X9     0.000   4.278    4.149  
      datapath_module/alu_module/mul_44_34/g12775                 CI v -> CO v  HS65_LS_FA1X9     0.090   4.368    4.238  
      datapath_module/alu_module/mul_44_34/g12774                 -             HS65_LS_FA1X9     0.000   4.368    4.238  
      datapath_module/alu_module/mul_44_34/g12774                 CI v -> CO v  HS65_LS_FA1X9     0.090   4.457    4.328  
      datapath_module/alu_module/mul_44_34/g12773                 -             HS65_LS_FA1X9     0.000   4.457    4.328  
      datapath_module/alu_module/mul_44_34/g12773                 CI v -> CO v  HS65_LS_FA1X9     0.090   4.547    4.418  
      datapath_module/alu_module/mul_44_34/g12772                 -             HS65_LS_FA1X9     0.000   4.547    4.418  
      datapath_module/alu_module/mul_44_34/g12772                 CI v -> CO v  HS65_LS_FA1X9     0.090   4.637    4.507  
      datapath_module/alu_module/mul_44_34/g12771                 -             HS65_LS_FA1X9     0.000   4.637    4.507  
      datapath_module/alu_module/mul_44_34/g12771                 CI v -> CO v  HS65_LS_FA1X9     0.090   4.726    4.597  
      datapath_module/alu_module/mul_44_34/g12770                 -             HS65_LS_FA1X9     0.000   4.726    4.597  
      datapath_module/alu_module/mul_44_34/g12770                 CI v -> CO v  HS65_LS_FA1X9     0.090   4.816    4.686  
      datapath_module/alu_module/mul_44_34/g12769                 -             HS65_LS_FA1X9     0.000   4.816    4.686  
      datapath_module/alu_module/mul_44_34/g12769                 CI v -> CO v  HS65_LS_FA1X9     0.090   4.905    4.776  
      datapath_module/alu_module/mul_44_34/g12768                 -             HS65_LS_FA1X9     0.000   4.905    4.776  
      datapath_module/alu_module/mul_44_34/g12768                 CI v -> CO v  HS65_LS_FA1X9     0.090   4.995    4.866  
      datapath_module/alu_module/mul_44_34/g12767                 -             HS65_LS_FA1X9     0.000   4.995    4.866  
      datapath_module/alu_module/mul_44_34/g12767                 CI v -> CO v  HS65_LS_FA1X9     0.087   5.082    4.952  
      datapath_module/alu_module/mul_44_34/g12766                 -             HS65_LS_FA1X4     0.000   5.082    4.952  
      datapath_module/alu_module/mul_44_34/g12766                 CI v -> S0 ^  HS65_LS_FA1X4     0.159   5.241    5.111  
      datapath_module/alu_module/g6799                            -             HS65_LS_AO112X18  0.000   5.241    5.111  
      datapath_module/alu_module/g6799                            B ^ -> Z ^    HS65_LS_AO112X18  0.140   5.381    5.252  
      datapath_module/reg_file_module/reg_memory_reg[2][30]224    -             HS65_LS_SDFPHQX9  0.020   5.401    5.271  
      ---------------------------------------------------------------------------------------------------------------------
     Clock Rise Edge                      0.000
     = Beginpoint Arrival Time            0.000
     Other End Path:
      -----------------------------------------------------------------------------------------------------------------
      Instance                                                  Arc         Cell              Retime  Arrival  Required  
                                                                                              Delay   Time     Time  
      -----------------------------------------------------------------------------------------------------------------
      -                                                         clock ^     -                 -       0.000    0.129  
      CTS_ccl_a_buf_00036                                       -           HS65_LS_BFX284    0.000   0.000    0.129  
      CTS_ccl_a_buf_00036                                       A ^ -> Z ^  HS65_LS_BFX284    0.000   0.000    0.129  
      datapath_module/reg_file_module/CTS_ccl_a_buf_00015       -           HS65_LS_BFX284    0.000   0.000    0.129  
      datapath_module/reg_file_module/CTS_ccl_a_buf_00015       A ^ -> Z ^  HS65_LS_BFX284    0.000   0.000    0.129  
      datapath_module/reg_file_module/reg_memory_reg[2][30]224  -           HS65_LS_SDFPHQX9  0.000   0.000    0.129  
      -----------------------------------------------------------------------------------------------------------------
Path 11: VIOLATED Setup Check with Pin datapath_module/reg_file_module/reg_memory_reg[29][30]1952/CP 
Endpoint:   datapath_module/reg_file_module/reg_memory_reg[29][30]1952/D (^) checked with  leading edge of 'clock'
Beginpoint: IFU_module/PC_reg[3]/Q                                       (^) triggered by  leading edge of 'clock'
Path Groups: {clock}
Retime Analysis { Data Path-Slew }
Other End Arrival Time          0.000
- Setup                        -0.171
+ Phase Shift                   7.100
- Uncertainty                   2.000
= Required Time                 5.271
- Arrival Time                  5.401
= Slack Time                   -0.129
= Slack Time(original)         -0.167
     Clock Rise Edge                      0.000
     = Beginpoint Arrival Time            0.000
     Timing Path:
      ---------------------------------------------------------------------------------------------------------------------
      Instance                                                    Arc           Cell              Retime  Arrival  Required  
                                                                                                  Delay   Time     Time  
      ---------------------------------------------------------------------------------------------------------------------
      -                                                           clock ^       -                 -       0.000    -0.129  
      CTS_ccl_a_buf_00036                                         -             HS65_LS_BFX284    0.000   0.000    -0.129  
      CTS_ccl_a_buf_00036                                         A ^ -> Z ^    HS65_LS_BFX284    0.000   0.000    -0.129  
      CTS_ccl_a_buf_00025                                         -             HS65_LS_BFX284    0.000   0.000    -0.129  
      CTS_ccl_a_buf_00025                                         A ^ -> Z ^    HS65_LS_BFX284    0.000   0.000    -0.129  
      IFU_module/PC_reg[3]                                        -             HS65_LS_SDFPRQX4  0.000   0.000    -0.129  
      IFU_module/PC_reg[3]                                        CP ^ -> Q ^   HS65_LS_SDFPRQX4  0.842   0.842    0.712  
      IFU_module/instr_mem/FE_OFC25_instruction_code_22           -             HS65_LS_IVX7      0.004   0.845    0.716  
      IFU_module/instr_mem/FE_OFC25_instruction_code_22           A ^ -> Z v    HS65_LS_IVX7      0.078   0.923    0.793  
      IFU_module/instr_mem/g723                                   -             HS65_LS_AO22X9    0.000   0.923    0.793  
      IFU_module/instr_mem/g723                                   D v -> Z v    HS65_LS_AO22X9    0.127   1.050    0.921  
      datapath_module/reg_file_module/g21715                      -             HS65_LS_NOR2X6    0.001   1.052    0.922  
      datapath_module/reg_file_module/g21715                      B v -> Z ^    HS65_LS_NOR2X6    0.074   1.126    0.996  
      datapath_module/reg_file_module/g21954                      -             HS65_LS_NOR2AX3   0.000   1.126    0.997  
      datapath_module/reg_file_module/g21954                      A ^ -> Z ^    HS65_LS_NOR2AX3   0.157   1.283    1.154  
      datapath_module/reg_file_module/FE_RC_119_0                 -             HS65_LS_NOR2X6    0.000   1.283    1.154  
      datapath_module/reg_file_module/FE_RC_119_0                 A ^ -> Z v    HS65_LS_NOR2X6    0.058   1.341    1.212  
      datapath_module/reg_file_module/g21186                      -             HS65_LS_AND2X4    0.000   1.341    1.212  
      datapath_module/reg_file_module/g21186                      B v -> Z v    HS65_LS_AND2X4    0.062   1.403    1.274  
      datapath_module/reg_file_module/g21955                      -             HS65_LS_OR3ABCX9  0.000   1.403    1.274  
      datapath_module/reg_file_module/g21955                      C v -> Z ^    HS65_LS_OR3ABCX9  0.190   1.593    1.464  
      datapath_module/alu_module/mul_44_34/FE_OFC21_read_data2_1  -             HS65_LS_BFX9      0.010   1.603    1.473  
      datapath_module/alu_module/mul_44_34/FE_OFC21_read_data2_1  A ^ -> Z ^    HS65_LS_BFX9      0.234   1.837    1.707  
      datapath_module/alu_module/mul_44_34/FE_OFC23_read_data2_1  -             HS65_LS_IVX9      0.009   1.846    1.716  
      datapath_module/alu_module/mul_44_34/FE_OFC23_read_data2_1  A ^ -> Z v    HS65_LS_IVX9      0.216   2.062    1.933  
      datapath_module/alu_module/mul_44_34/g12274                 -             HS65_LS_OAI22X6   0.009   2.071    1.941  
      datapath_module/alu_module/mul_44_34/g12274                 C v -> Z ^    HS65_LS_OAI22X6   0.108   2.179    2.050  
      datapath_module/alu_module/mul_44_34/g12765                 -             HS65_LS_AO22X9    0.000   2.179    2.050  
      datapath_module/alu_module/mul_44_34/g12765                 B ^ -> Z ^    HS65_LS_AO22X9    0.092   2.271    2.141  
      datapath_module/alu_module/mul_44_34/g11783                 -             HS65_LS_FA1X4     0.000   2.271    2.142  
      datapath_module/alu_module/mul_44_34/g11783                 B0 ^ -> S0 v  HS65_LS_FA1X4     0.147   2.418    2.289  
      datapath_module/alu_module/mul_44_34/g11716                 -             HS65_LS_FA1X4     0.000   2.418    2.289  
      datapath_module/alu_module/mul_44_34/g11716                 B0 v -> CO v  HS65_LS_FA1X4     0.121   2.540    2.410  
      datapath_module/alu_module/mul_44_34/g11693                 -             HS65_LS_FA1X4     0.000   2.540    2.410  
      datapath_module/alu_module/mul_44_34/g11693                 CI v -> CO v  HS65_LS_FA1X4     0.126   2.666    2.536  
      datapath_module/alu_module/mul_44_34/g12747                 -             HS65_LS_PAO2X9    0.000   2.666    2.537  
      datapath_module/alu_module/mul_44_34/g12747                 P v -> Z v    HS65_LS_PAO2X9    0.083   2.749    2.620  
      datapath_module/alu_module/mul_44_34/g11662                 -             HS65_LS_FA1X4     0.000   2.749    2.620  
      datapath_module/alu_module/mul_44_34/g11662                 CI v -> CO v  HS65_LS_FA1X4     0.104   2.853    2.724  
      datapath_module/alu_module/mul_44_34/g11650                 -             HS65_LS_FA1X4     0.000   2.853    2.724  
      datapath_module/alu_module/mul_44_34/g11650                 CI v -> CO v  HS65_LS_FA1X4     0.112   2.965    2.836  
      datapath_module/alu_module/mul_44_34/g12784                 -             HS65_LS_FA1X4     0.000   2.965    2.836  
      datapath_module/alu_module/mul_44_34/g12784                 CI v -> CO v  HS65_LS_FA1X4     0.112   3.077    2.948  
      datapath_module/alu_module/mul_44_34/g11632                 -             HS65_LS_FA1X4     0.000   3.077    2.948  
      datapath_module/alu_module/mul_44_34/g11632                 CI v -> CO v  HS65_LS_FA1X4     0.112   3.189    3.060  
      datapath_module/alu_module/mul_44_34/g11624                 -             HS65_LS_FA1X4     0.000   3.189    3.060  
      datapath_module/alu_module/mul_44_34/g11624                 CI v -> CO v  HS65_LS_FA1X4     0.112   3.301    3.172  
      datapath_module/alu_module/mul_44_34/g11617                 -             HS65_LS_FA1X4     0.000   3.301    3.172  
      datapath_module/alu_module/mul_44_34/g11617                 CI v -> CO v  HS65_LS_FA1X4     0.112   3.413    3.284  
      datapath_module/alu_module/mul_44_34/g12783                 -             HS65_LS_FA1X4     0.000   3.413    3.284  
      datapath_module/alu_module/mul_44_34/g12783                 CI v -> CO v  HS65_LS_FA1X4     0.112   3.526    3.396  
      datapath_module/alu_module/mul_44_34/g12782                 -             HS65_LS_FA1X4     0.000   3.526    3.396  
      datapath_module/alu_module/mul_44_34/g12782                 CI v -> CO v  HS65_LS_FA1X4     0.112   3.638    3.508  
      datapath_module/alu_module/mul_44_34/g12781                 -             HS65_LS_FA1X4     0.000   3.638    3.508  
      datapath_module/alu_module/mul_44_34/g12781                 CI v -> CO v  HS65_LS_FA1X4     0.112   3.750    3.620  
      datapath_module/alu_module/mul_44_34/g12780                 -             HS65_LS_FA1X4     0.000   3.750    3.620  
      datapath_module/alu_module/mul_44_34/g12780                 CI v -> CO v  HS65_LS_FA1X4     0.112   3.862    3.732  
      datapath_module/alu_module/mul_44_34/g12779                 -             HS65_LS_FA1X4     0.000   3.862    3.732  
      datapath_module/alu_module/mul_44_34/g12779                 CI v -> CO v  HS65_LS_FA1X4     0.112   3.974    3.844  
      datapath_module/alu_module/mul_44_34/g12778                 -             HS65_LS_FA1X4     0.000   3.974    3.844  
      datapath_module/alu_module/mul_44_34/g12778                 CI v -> CO v  HS65_LS_FA1X4     0.117   4.091    3.962  
      datapath_module/alu_module/mul_44_34/g12777                 -             HS65_LS_FA1X9     0.000   4.091    3.962  
      datapath_module/alu_module/mul_44_34/g12777                 CI v -> CO v  HS65_LS_FA1X9     0.097   4.188    4.059  
      datapath_module/alu_module/mul_44_34/g12776                 -             HS65_LS_FA1X9     0.000   4.188    4.059  
      datapath_module/alu_module/mul_44_34/g12776                 CI v -> CO v  HS65_LS_FA1X9     0.090   4.278    4.149  
      datapath_module/alu_module/mul_44_34/g12775                 -             HS65_LS_FA1X9     0.000   4.278    4.149  
      datapath_module/alu_module/mul_44_34/g12775                 CI v -> CO v  HS65_LS_FA1X9     0.090   4.368    4.238  
      datapath_module/alu_module/mul_44_34/g12774                 -             HS65_LS_FA1X9     0.000   4.368    4.238  
      datapath_module/alu_module/mul_44_34/g12774                 CI v -> CO v  HS65_LS_FA1X9     0.090   4.457    4.328  
      datapath_module/alu_module/mul_44_34/g12773                 -             HS65_LS_FA1X9     0.000   4.457    4.328  
      datapath_module/alu_module/mul_44_34/g12773                 CI v -> CO v  HS65_LS_FA1X9     0.090   4.547    4.418  
      datapath_module/alu_module/mul_44_34/g12772                 -             HS65_LS_FA1X9     0.000   4.547    4.418  
      datapath_module/alu_module/mul_44_34/g12772                 CI v -> CO v  HS65_LS_FA1X9     0.090   4.637    4.507  
      datapath_module/alu_module/mul_44_34/g12771                 -             HS65_LS_FA1X9     0.000   4.637    4.507  
      datapath_module/alu_module/mul_44_34/g12771                 CI v -> CO v  HS65_LS_FA1X9     0.090   4.726    4.597  
      datapath_module/alu_module/mul_44_34/g12770                 -             HS65_LS_FA1X9     0.000   4.726    4.597  
      datapath_module/alu_module/mul_44_34/g12770                 CI v -> CO v  HS65_LS_FA1X9     0.090   4.816    4.686  
      datapath_module/alu_module/mul_44_34/g12769                 -             HS65_LS_FA1X9     0.000   4.816    4.686  
      datapath_module/alu_module/mul_44_34/g12769                 CI v -> CO v  HS65_LS_FA1X9     0.090   4.905    4.776  
      datapath_module/alu_module/mul_44_34/g12768                 -             HS65_LS_FA1X9     0.000   4.905    4.776  
      datapath_module/alu_module/mul_44_34/g12768                 CI v -> CO v  HS65_LS_FA1X9     0.090   4.995    4.866  
      datapath_module/alu_module/mul_44_34/g12767                 -             HS65_LS_FA1X9     0.000   4.995    4.866  
      datapath_module/alu_module/mul_44_34/g12767                 CI v -> CO v  HS65_LS_FA1X9     0.087   5.082    4.952  
      datapath_module/alu_module/mul_44_34/g12766                 -             HS65_LS_FA1X4     0.000   5.082    4.952  
      datapath_module/alu_module/mul_44_34/g12766                 CI v -> S0 ^  HS65_LS_FA1X4     0.159   5.241    5.111  
      datapath_module/alu_module/g6799                            -             HS65_LS_AO112X18  0.000   5.241    5.111  
      datapath_module/alu_module/g6799                            B ^ -> Z ^    HS65_LS_AO112X18  0.140   5.381    5.252  
      datapath_module/reg_file_module/reg_memory_reg[29][30]1952  -             HS65_LS_SDFPHQX9  0.020   5.401    5.271  
      ---------------------------------------------------------------------------------------------------------------------
     Clock Rise Edge                      0.000
     = Beginpoint Arrival Time            0.000
     Other End Path:
      -------------------------------------------------------------------------------------------------------------------
      Instance                                                    Arc         Cell              Retime  Arrival  Required  
                                                                                                Delay   Time     Time  
      -------------------------------------------------------------------------------------------------------------------
      -                                                           clock ^     -                 -       0.000    0.129  
      CTS_ccl_a_buf_00036                                         -           HS65_LS_BFX284    0.000   0.000    0.129  
      CTS_ccl_a_buf_00036                                         A ^ -> Z ^  HS65_LS_BFX284    0.000   0.000    0.129  
      datapath_module/reg_file_module/CTS_ccl_a_buf_00029         -           HS65_LS_BFX284    0.000   0.000    0.129  
      datapath_module/reg_file_module/CTS_ccl_a_buf_00029         A ^ -> Z ^  HS65_LS_BFX284    0.000   0.000    0.129  
      datapath_module/reg_file_module/reg_memory_reg[29][30]1952  -           HS65_LS_SDFPHQX9  0.000   0.000    0.129  
      -------------------------------------------------------------------------------------------------------------------
Path 12: VIOLATED Setup Check with Pin datapath_module/reg_file_module/reg_memory_reg[28][30]1888/CP 
Endpoint:   datapath_module/reg_file_module/reg_memory_reg[28][30]1888/D (^) checked with  leading edge of 'clock'
Beginpoint: IFU_module/PC_reg[3]/Q                                       (^) triggered by  leading edge of 'clock'
Path Groups: {clock}
Retime Analysis { Data Path-Slew }
Other End Arrival Time          0.000
- Setup                        -0.171
+ Phase Shift                   7.100
- Uncertainty                   2.000
= Required Time                 5.271
- Arrival Time                  5.401
= Slack Time                   -0.129
= Slack Time(original)         -0.167
     Clock Rise Edge                      0.000
     = Beginpoint Arrival Time            0.000
     Timing Path:
      ---------------------------------------------------------------------------------------------------------------------
      Instance                                                    Arc           Cell              Retime  Arrival  Required  
                                                                                                  Delay   Time     Time  
      ---------------------------------------------------------------------------------------------------------------------
      -                                                           clock ^       -                 -       0.000    -0.129  
      CTS_ccl_a_buf_00036                                         -             HS65_LS_BFX284    0.000   0.000    -0.129  
      CTS_ccl_a_buf_00036                                         A ^ -> Z ^    HS65_LS_BFX284    0.000   0.000    -0.129  
      CTS_ccl_a_buf_00025                                         -             HS65_LS_BFX284    0.000   0.000    -0.129  
      CTS_ccl_a_buf_00025                                         A ^ -> Z ^    HS65_LS_BFX284    0.000   0.000    -0.129  
      IFU_module/PC_reg[3]                                        -             HS65_LS_SDFPRQX4  0.000   0.000    -0.129  
      IFU_module/PC_reg[3]                                        CP ^ -> Q ^   HS65_LS_SDFPRQX4  0.842   0.842    0.712  
      IFU_module/instr_mem/FE_OFC25_instruction_code_22           -             HS65_LS_IVX7      0.004   0.845    0.716  
      IFU_module/instr_mem/FE_OFC25_instruction_code_22           A ^ -> Z v    HS65_LS_IVX7      0.078   0.923    0.793  
      IFU_module/instr_mem/g723                                   -             HS65_LS_AO22X9    0.000   0.923    0.793  
      IFU_module/instr_mem/g723                                   D v -> Z v    HS65_LS_AO22X9    0.127   1.050    0.921  
      datapath_module/reg_file_module/g21715                      -             HS65_LS_NOR2X6    0.001   1.052    0.922  
      datapath_module/reg_file_module/g21715                      B v -> Z ^    HS65_LS_NOR2X6    0.074   1.126    0.996  
      datapath_module/reg_file_module/g21954                      -             HS65_LS_NOR2AX3   0.000   1.126    0.997  
      datapath_module/reg_file_module/g21954                      A ^ -> Z ^    HS65_LS_NOR2AX3   0.157   1.283    1.154  
      datapath_module/reg_file_module/FE_RC_119_0                 -             HS65_LS_NOR2X6    0.000   1.283    1.154  
      datapath_module/reg_file_module/FE_RC_119_0                 A ^ -> Z v    HS65_LS_NOR2X6    0.058   1.341    1.212  
      datapath_module/reg_file_module/g21186                      -             HS65_LS_AND2X4    0.000   1.341    1.212  
      datapath_module/reg_file_module/g21186                      B v -> Z v    HS65_LS_AND2X4    0.062   1.403    1.274  
      datapath_module/reg_file_module/g21955                      -             HS65_LS_OR3ABCX9  0.000   1.403    1.274  
      datapath_module/reg_file_module/g21955                      C v -> Z ^    HS65_LS_OR3ABCX9  0.190   1.593    1.464  
      datapath_module/alu_module/mul_44_34/FE_OFC21_read_data2_1  -             HS65_LS_BFX9      0.010   1.603    1.473  
      datapath_module/alu_module/mul_44_34/FE_OFC21_read_data2_1  A ^ -> Z ^    HS65_LS_BFX9      0.234   1.837    1.707  
      datapath_module/alu_module/mul_44_34/FE_OFC23_read_data2_1  -             HS65_LS_IVX9      0.009   1.846    1.716  
      datapath_module/alu_module/mul_44_34/FE_OFC23_read_data2_1  A ^ -> Z v    HS65_LS_IVX9      0.216   2.062    1.933  
      datapath_module/alu_module/mul_44_34/g12274                 -             HS65_LS_OAI22X6   0.009   2.071    1.941  
      datapath_module/alu_module/mul_44_34/g12274                 C v -> Z ^    HS65_LS_OAI22X6   0.108   2.179    2.050  
      datapath_module/alu_module/mul_44_34/g12765                 -             HS65_LS_AO22X9    0.000   2.179    2.050  
      datapath_module/alu_module/mul_44_34/g12765                 B ^ -> Z ^    HS65_LS_AO22X9    0.092   2.271    2.141  
      datapath_module/alu_module/mul_44_34/g11783                 -             HS65_LS_FA1X4     0.000   2.271    2.142  
      datapath_module/alu_module/mul_44_34/g11783                 B0 ^ -> S0 v  HS65_LS_FA1X4     0.147   2.418    2.289  
      datapath_module/alu_module/mul_44_34/g11716                 -             HS65_LS_FA1X4     0.000   2.418    2.289  
      datapath_module/alu_module/mul_44_34/g11716                 B0 v -> CO v  HS65_LS_FA1X4     0.121   2.540    2.410  
      datapath_module/alu_module/mul_44_34/g11693                 -             HS65_LS_FA1X4     0.000   2.540    2.410  
      datapath_module/alu_module/mul_44_34/g11693                 CI v -> CO v  HS65_LS_FA1X4     0.126   2.666    2.536  
      datapath_module/alu_module/mul_44_34/g12747                 -             HS65_LS_PAO2X9    0.000   2.666    2.537  
      datapath_module/alu_module/mul_44_34/g12747                 P v -> Z v    HS65_LS_PAO2X9    0.083   2.749    2.620  
      datapath_module/alu_module/mul_44_34/g11662                 -             HS65_LS_FA1X4     0.000   2.749    2.620  
      datapath_module/alu_module/mul_44_34/g11662                 CI v -> CO v  HS65_LS_FA1X4     0.104   2.853    2.724  
      datapath_module/alu_module/mul_44_34/g11650                 -             HS65_LS_FA1X4     0.000   2.853    2.724  
      datapath_module/alu_module/mul_44_34/g11650                 CI v -> CO v  HS65_LS_FA1X4     0.112   2.965    2.836  
      datapath_module/alu_module/mul_44_34/g12784                 -             HS65_LS_FA1X4     0.000   2.965    2.836  
      datapath_module/alu_module/mul_44_34/g12784                 CI v -> CO v  HS65_LS_FA1X4     0.112   3.077    2.948  
      datapath_module/alu_module/mul_44_34/g11632                 -             HS65_LS_FA1X4     0.000   3.077    2.948  
      datapath_module/alu_module/mul_44_34/g11632                 CI v -> CO v  HS65_LS_FA1X4     0.112   3.189    3.060  
      datapath_module/alu_module/mul_44_34/g11624                 -             HS65_LS_FA1X4     0.000   3.189    3.060  
      datapath_module/alu_module/mul_44_34/g11624                 CI v -> CO v  HS65_LS_FA1X4     0.112   3.301    3.172  
      datapath_module/alu_module/mul_44_34/g11617                 -             HS65_LS_FA1X4     0.000   3.301    3.172  
      datapath_module/alu_module/mul_44_34/g11617                 CI v -> CO v  HS65_LS_FA1X4     0.112   3.413    3.284  
      datapath_module/alu_module/mul_44_34/g12783                 -             HS65_LS_FA1X4     0.000   3.413    3.284  
      datapath_module/alu_module/mul_44_34/g12783                 CI v -> CO v  HS65_LS_FA1X4     0.112   3.526    3.396  
      datapath_module/alu_module/mul_44_34/g12782                 -             HS65_LS_FA1X4     0.000   3.526    3.396  
      datapath_module/alu_module/mul_44_34/g12782                 CI v -> CO v  HS65_LS_FA1X4     0.112   3.638    3.508  
      datapath_module/alu_module/mul_44_34/g12781                 -             HS65_LS_FA1X4     0.000   3.638    3.508  
      datapath_module/alu_module/mul_44_34/g12781                 CI v -> CO v  HS65_LS_FA1X4     0.112   3.750    3.620  
      datapath_module/alu_module/mul_44_34/g12780                 -             HS65_LS_FA1X4     0.000   3.750    3.620  
      datapath_module/alu_module/mul_44_34/g12780                 CI v -> CO v  HS65_LS_FA1X4     0.112   3.862    3.732  
      datapath_module/alu_module/mul_44_34/g12779                 -             HS65_LS_FA1X4     0.000   3.862    3.732  
      datapath_module/alu_module/mul_44_34/g12779                 CI v -> CO v  HS65_LS_FA1X4     0.112   3.974    3.844  
      datapath_module/alu_module/mul_44_34/g12778                 -             HS65_LS_FA1X4     0.000   3.974    3.844  
      datapath_module/alu_module/mul_44_34/g12778                 CI v -> CO v  HS65_LS_FA1X4     0.117   4.091    3.962  
      datapath_module/alu_module/mul_44_34/g12777                 -             HS65_LS_FA1X9     0.000   4.091    3.962  
      datapath_module/alu_module/mul_44_34/g12777                 CI v -> CO v  HS65_LS_FA1X9     0.097   4.188    4.059  
      datapath_module/alu_module/mul_44_34/g12776                 -             HS65_LS_FA1X9     0.000   4.188    4.059  
      datapath_module/alu_module/mul_44_34/g12776                 CI v -> CO v  HS65_LS_FA1X9     0.090   4.278    4.149  
      datapath_module/alu_module/mul_44_34/g12775                 -             HS65_LS_FA1X9     0.000   4.278    4.149  
      datapath_module/alu_module/mul_44_34/g12775                 CI v -> CO v  HS65_LS_FA1X9     0.090   4.368    4.238  
      datapath_module/alu_module/mul_44_34/g12774                 -             HS65_LS_FA1X9     0.000   4.368    4.238  
      datapath_module/alu_module/mul_44_34/g12774                 CI v -> CO v  HS65_LS_FA1X9     0.090   4.457    4.328  
      datapath_module/alu_module/mul_44_34/g12773                 -             HS65_LS_FA1X9     0.000   4.457    4.328  
      datapath_module/alu_module/mul_44_34/g12773                 CI v -> CO v  HS65_LS_FA1X9     0.090   4.547    4.418  
      datapath_module/alu_module/mul_44_34/g12772                 -             HS65_LS_FA1X9     0.000   4.547    4.418  
      datapath_module/alu_module/mul_44_34/g12772                 CI v -> CO v  HS65_LS_FA1X9     0.090   4.637    4.507  
      datapath_module/alu_module/mul_44_34/g12771                 -             HS65_LS_FA1X9     0.000   4.637    4.507  
      datapath_module/alu_module/mul_44_34/g12771                 CI v -> CO v  HS65_LS_FA1X9     0.090   4.726    4.597  
      datapath_module/alu_module/mul_44_34/g12770                 -             HS65_LS_FA1X9     0.000   4.726    4.597  
      datapath_module/alu_module/mul_44_34/g12770                 CI v -> CO v  HS65_LS_FA1X9     0.090   4.816    4.686  
      datapath_module/alu_module/mul_44_34/g12769                 -             HS65_LS_FA1X9     0.000   4.816    4.686  
      datapath_module/alu_module/mul_44_34/g12769                 CI v -> CO v  HS65_LS_FA1X9     0.090   4.905    4.776  
      datapath_module/alu_module/mul_44_34/g12768                 -             HS65_LS_FA1X9     0.000   4.905    4.776  
      datapath_module/alu_module/mul_44_34/g12768                 CI v -> CO v  HS65_LS_FA1X9     0.090   4.995    4.866  
      datapath_module/alu_module/mul_44_34/g12767                 -             HS65_LS_FA1X9     0.000   4.995    4.866  
      datapath_module/alu_module/mul_44_34/g12767                 CI v -> CO v  HS65_LS_FA1X9     0.087   5.082    4.952  
      datapath_module/alu_module/mul_44_34/g12766                 -             HS65_LS_FA1X4     0.000   5.082    4.952  
      datapath_module/alu_module/mul_44_34/g12766                 CI v -> S0 ^  HS65_LS_FA1X4     0.159   5.241    5.111  
      datapath_module/alu_module/g6799                            -             HS65_LS_AO112X18  0.000   5.241    5.111  
      datapath_module/alu_module/g6799                            B ^ -> Z ^    HS65_LS_AO112X18  0.140   5.381    5.252  
      datapath_module/reg_file_module/reg_memory_reg[28][30]1888  -             HS65_LS_SDFPHQX9  0.020   5.401    5.271  
      ---------------------------------------------------------------------------------------------------------------------
     Clock Rise Edge                      0.000
     = Beginpoint Arrival Time            0.000
     Other End Path:
      -------------------------------------------------------------------------------------------------------------------
      Instance                                                    Arc         Cell              Retime  Arrival  Required  
                                                                                                Delay   Time     Time  
      -------------------------------------------------------------------------------------------------------------------
      -                                                           clock ^     -                 -       0.000    0.129  
      CTS_ccl_a_buf_00036                                         -           HS65_LS_BFX284    0.000   0.000    0.129  
      CTS_ccl_a_buf_00036                                         A ^ -> Z ^  HS65_LS_BFX284    0.000   0.000    0.129  
      datapath_module/reg_file_module/CTS_ccl_a_buf_00029         -           HS65_LS_BFX284    0.000   0.000    0.129  
      datapath_module/reg_file_module/CTS_ccl_a_buf_00029         A ^ -> Z ^  HS65_LS_BFX284    0.000   0.000    0.129  
      datapath_module/reg_file_module/reg_memory_reg[28][30]1888  -           HS65_LS_SDFPHQX9  0.000   0.000    0.129  
      -------------------------------------------------------------------------------------------------------------------
Path 13: VIOLATED Setup Check with Pin datapath_module/reg_file_module/reg_memory_reg[27][30]1824/CP 
Endpoint:   datapath_module/reg_file_module/reg_memory_reg[27][30]1824/D (^) checked with  leading edge of 'clock'
Beginpoint: IFU_module/PC_reg[3]/Q                                       (^) triggered by  leading edge of 'clock'
Path Groups: {clock}
Retime Analysis { Data Path-Slew }
Other End Arrival Time          0.000
- Setup                        -0.171
+ Phase Shift                   7.100
- Uncertainty                   2.000
= Required Time                 5.271
- Arrival Time                  5.401
= Slack Time                   -0.129
= Slack Time(original)         -0.167
     Clock Rise Edge                      0.000
     = Beginpoint Arrival Time            0.000
     Timing Path:
      ---------------------------------------------------------------------------------------------------------------------
      Instance                                                    Arc           Cell              Retime  Arrival  Required  
                                                                                                  Delay   Time     Time  
      ---------------------------------------------------------------------------------------------------------------------
      -                                                           clock ^       -                 -       0.000    -0.129  
      CTS_ccl_a_buf_00036                                         -             HS65_LS_BFX284    0.000   0.000    -0.129  
      CTS_ccl_a_buf_00036                                         A ^ -> Z ^    HS65_LS_BFX284    0.000   0.000    -0.129  
      CTS_ccl_a_buf_00025                                         -             HS65_LS_BFX284    0.000   0.000    -0.129  
      CTS_ccl_a_buf_00025                                         A ^ -> Z ^    HS65_LS_BFX284    0.000   0.000    -0.129  
      IFU_module/PC_reg[3]                                        -             HS65_LS_SDFPRQX4  0.000   0.000    -0.129  
      IFU_module/PC_reg[3]                                        CP ^ -> Q ^   HS65_LS_SDFPRQX4  0.842   0.842    0.712  
      IFU_module/instr_mem/FE_OFC25_instruction_code_22           -             HS65_LS_IVX7      0.004   0.845    0.716  
      IFU_module/instr_mem/FE_OFC25_instruction_code_22           A ^ -> Z v    HS65_LS_IVX7      0.078   0.923    0.793  
      IFU_module/instr_mem/g723                                   -             HS65_LS_AO22X9    0.000   0.923    0.793  
      IFU_module/instr_mem/g723                                   D v -> Z v    HS65_LS_AO22X9    0.127   1.050    0.921  
      datapath_module/reg_file_module/g21715                      -             HS65_LS_NOR2X6    0.001   1.052    0.922  
      datapath_module/reg_file_module/g21715                      B v -> Z ^    HS65_LS_NOR2X6    0.074   1.126    0.996  
      datapath_module/reg_file_module/g21954                      -             HS65_LS_NOR2AX3   0.000   1.126    0.997  
      datapath_module/reg_file_module/g21954                      A ^ -> Z ^    HS65_LS_NOR2AX3   0.157   1.283    1.154  
      datapath_module/reg_file_module/FE_RC_119_0                 -             HS65_LS_NOR2X6    0.000   1.283    1.154  
      datapath_module/reg_file_module/FE_RC_119_0                 A ^ -> Z v    HS65_LS_NOR2X6    0.058   1.341    1.212  
      datapath_module/reg_file_module/g21186                      -             HS65_LS_AND2X4    0.000   1.341    1.212  
      datapath_module/reg_file_module/g21186                      B v -> Z v    HS65_LS_AND2X4    0.062   1.403    1.274  
      datapath_module/reg_file_module/g21955                      -             HS65_LS_OR3ABCX9  0.000   1.403    1.274  
      datapath_module/reg_file_module/g21955                      C v -> Z ^    HS65_LS_OR3ABCX9  0.190   1.593    1.464  
      datapath_module/alu_module/mul_44_34/FE_OFC21_read_data2_1  -             HS65_LS_BFX9      0.010   1.603    1.473  
      datapath_module/alu_module/mul_44_34/FE_OFC21_read_data2_1  A ^ -> Z ^    HS65_LS_BFX9      0.234   1.837    1.707  
      datapath_module/alu_module/mul_44_34/FE_OFC23_read_data2_1  -             HS65_LS_IVX9      0.009   1.846    1.716  
      datapath_module/alu_module/mul_44_34/FE_OFC23_read_data2_1  A ^ -> Z v    HS65_LS_IVX9      0.216   2.062    1.933  
      datapath_module/alu_module/mul_44_34/g12274                 -             HS65_LS_OAI22X6   0.009   2.071    1.941  
      datapath_module/alu_module/mul_44_34/g12274                 C v -> Z ^    HS65_LS_OAI22X6   0.108   2.179    2.050  
      datapath_module/alu_module/mul_44_34/g12765                 -             HS65_LS_AO22X9    0.000   2.179    2.050  
      datapath_module/alu_module/mul_44_34/g12765                 B ^ -> Z ^    HS65_LS_AO22X9    0.092   2.271    2.141  
      datapath_module/alu_module/mul_44_34/g11783                 -             HS65_LS_FA1X4     0.000   2.271    2.142  
      datapath_module/alu_module/mul_44_34/g11783                 B0 ^ -> S0 v  HS65_LS_FA1X4     0.147   2.418    2.289  
      datapath_module/alu_module/mul_44_34/g11716                 -             HS65_LS_FA1X4     0.000   2.418    2.289  
      datapath_module/alu_module/mul_44_34/g11716                 B0 v -> CO v  HS65_LS_FA1X4     0.121   2.540    2.410  
      datapath_module/alu_module/mul_44_34/g11693                 -             HS65_LS_FA1X4     0.000   2.540    2.410  
      datapath_module/alu_module/mul_44_34/g11693                 CI v -> CO v  HS65_LS_FA1X4     0.126   2.666    2.536  
      datapath_module/alu_module/mul_44_34/g12747                 -             HS65_LS_PAO2X9    0.000   2.666    2.537  
      datapath_module/alu_module/mul_44_34/g12747                 P v -> Z v    HS65_LS_PAO2X9    0.083   2.749    2.620  
      datapath_module/alu_module/mul_44_34/g11662                 -             HS65_LS_FA1X4     0.000   2.749    2.620  
      datapath_module/alu_module/mul_44_34/g11662                 CI v -> CO v  HS65_LS_FA1X4     0.104   2.853    2.724  
      datapath_module/alu_module/mul_44_34/g11650                 -             HS65_LS_FA1X4     0.000   2.853    2.724  
      datapath_module/alu_module/mul_44_34/g11650                 CI v -> CO v  HS65_LS_FA1X4     0.112   2.965    2.836  
      datapath_module/alu_module/mul_44_34/g12784                 -             HS65_LS_FA1X4     0.000   2.965    2.836  
      datapath_module/alu_module/mul_44_34/g12784                 CI v -> CO v  HS65_LS_FA1X4     0.112   3.077    2.948  
      datapath_module/alu_module/mul_44_34/g11632                 -             HS65_LS_FA1X4     0.000   3.077    2.948  
      datapath_module/alu_module/mul_44_34/g11632                 CI v -> CO v  HS65_LS_FA1X4     0.112   3.189    3.060  
      datapath_module/alu_module/mul_44_34/g11624                 -             HS65_LS_FA1X4     0.000   3.189    3.060  
      datapath_module/alu_module/mul_44_34/g11624                 CI v -> CO v  HS65_LS_FA1X4     0.112   3.301    3.172  
      datapath_module/alu_module/mul_44_34/g11617                 -             HS65_LS_FA1X4     0.000   3.301    3.172  
      datapath_module/alu_module/mul_44_34/g11617                 CI v -> CO v  HS65_LS_FA1X4     0.112   3.413    3.284  
      datapath_module/alu_module/mul_44_34/g12783                 -             HS65_LS_FA1X4     0.000   3.413    3.284  
      datapath_module/alu_module/mul_44_34/g12783                 CI v -> CO v  HS65_LS_FA1X4     0.112   3.526    3.396  
      datapath_module/alu_module/mul_44_34/g12782                 -             HS65_LS_FA1X4     0.000   3.526    3.396  
      datapath_module/alu_module/mul_44_34/g12782                 CI v -> CO v  HS65_LS_FA1X4     0.112   3.638    3.508  
      datapath_module/alu_module/mul_44_34/g12781                 -             HS65_LS_FA1X4     0.000   3.638    3.508  
      datapath_module/alu_module/mul_44_34/g12781                 CI v -> CO v  HS65_LS_FA1X4     0.112   3.750    3.620  
      datapath_module/alu_module/mul_44_34/g12780                 -             HS65_LS_FA1X4     0.000   3.750    3.620  
      datapath_module/alu_module/mul_44_34/g12780                 CI v -> CO v  HS65_LS_FA1X4     0.112   3.862    3.732  
      datapath_module/alu_module/mul_44_34/g12779                 -             HS65_LS_FA1X4     0.000   3.862    3.732  
      datapath_module/alu_module/mul_44_34/g12779                 CI v -> CO v  HS65_LS_FA1X4     0.112   3.974    3.844  
      datapath_module/alu_module/mul_44_34/g12778                 -             HS65_LS_FA1X4     0.000   3.974    3.844  
      datapath_module/alu_module/mul_44_34/g12778                 CI v -> CO v  HS65_LS_FA1X4     0.117   4.091    3.962  
      datapath_module/alu_module/mul_44_34/g12777                 -             HS65_LS_FA1X9     0.000   4.091    3.962  
      datapath_module/alu_module/mul_44_34/g12777                 CI v -> CO v  HS65_LS_FA1X9     0.097   4.188    4.059  
      datapath_module/alu_module/mul_44_34/g12776                 -             HS65_LS_FA1X9     0.000   4.188    4.059  
      datapath_module/alu_module/mul_44_34/g12776                 CI v -> CO v  HS65_LS_FA1X9     0.090   4.278    4.149  
      datapath_module/alu_module/mul_44_34/g12775                 -             HS65_LS_FA1X9     0.000   4.278    4.149  
      datapath_module/alu_module/mul_44_34/g12775                 CI v -> CO v  HS65_LS_FA1X9     0.090   4.368    4.238  
      datapath_module/alu_module/mul_44_34/g12774                 -             HS65_LS_FA1X9     0.000   4.368    4.238  
      datapath_module/alu_module/mul_44_34/g12774                 CI v -> CO v  HS65_LS_FA1X9     0.090   4.457    4.328  
      datapath_module/alu_module/mul_44_34/g12773                 -             HS65_LS_FA1X9     0.000   4.457    4.328  
      datapath_module/alu_module/mul_44_34/g12773                 CI v -> CO v  HS65_LS_FA1X9     0.090   4.547    4.418  
      datapath_module/alu_module/mul_44_34/g12772                 -             HS65_LS_FA1X9     0.000   4.547    4.418  
      datapath_module/alu_module/mul_44_34/g12772                 CI v -> CO v  HS65_LS_FA1X9     0.090   4.637    4.507  
      datapath_module/alu_module/mul_44_34/g12771                 -             HS65_LS_FA1X9     0.000   4.637    4.507  
      datapath_module/alu_module/mul_44_34/g12771                 CI v -> CO v  HS65_LS_FA1X9     0.090   4.726    4.597  
      datapath_module/alu_module/mul_44_34/g12770                 -             HS65_LS_FA1X9     0.000   4.726    4.597  
      datapath_module/alu_module/mul_44_34/g12770                 CI v -> CO v  HS65_LS_FA1X9     0.090   4.816    4.686  
      datapath_module/alu_module/mul_44_34/g12769                 -             HS65_LS_FA1X9     0.000   4.816    4.686  
      datapath_module/alu_module/mul_44_34/g12769                 CI v -> CO v  HS65_LS_FA1X9     0.090   4.905    4.776  
      datapath_module/alu_module/mul_44_34/g12768                 -             HS65_LS_FA1X9     0.000   4.905    4.776  
      datapath_module/alu_module/mul_44_34/g12768                 CI v -> CO v  HS65_LS_FA1X9     0.090   4.995    4.866  
      datapath_module/alu_module/mul_44_34/g12767                 -             HS65_LS_FA1X9     0.000   4.995    4.866  
      datapath_module/alu_module/mul_44_34/g12767                 CI v -> CO v  HS65_LS_FA1X9     0.087   5.082    4.952  
      datapath_module/alu_module/mul_44_34/g12766                 -             HS65_LS_FA1X4     0.000   5.082    4.952  
      datapath_module/alu_module/mul_44_34/g12766                 CI v -> S0 ^  HS65_LS_FA1X4     0.159   5.241    5.111  
      datapath_module/alu_module/g6799                            -             HS65_LS_AO112X18  0.000   5.241    5.111  
      datapath_module/alu_module/g6799                            B ^ -> Z ^    HS65_LS_AO112X18  0.140   5.381    5.252  
      datapath_module/reg_file_module/reg_memory_reg[27][30]1824  -             HS65_LS_SDFPHQX9  0.020   5.401    5.271  
      ---------------------------------------------------------------------------------------------------------------------
     Clock Rise Edge                      0.000
     = Beginpoint Arrival Time            0.000
     Other End Path:
      -------------------------------------------------------------------------------------------------------------------
      Instance                                                    Arc         Cell              Retime  Arrival  Required  
                                                                                                Delay   Time     Time  
      -------------------------------------------------------------------------------------------------------------------
      -                                                           clock ^     -                 -       0.000    0.129  
      CTS_ccl_a_buf_00036                                         -           HS65_LS_BFX284    0.000   0.000    0.129  
      CTS_ccl_a_buf_00036                                         A ^ -> Z ^  HS65_LS_BFX284    0.000   0.000    0.129  
      datapath_module/reg_file_module/CTS_ccl_a_buf_00029         -           HS65_LS_BFX284    0.000   0.000    0.129  
      datapath_module/reg_file_module/CTS_ccl_a_buf_00029         A ^ -> Z ^  HS65_LS_BFX284    0.000   0.000    0.129  
      datapath_module/reg_file_module/reg_memory_reg[27][30]1824  -           HS65_LS_SDFPHQX9  0.000   0.000    0.129  
      -------------------------------------------------------------------------------------------------------------------
Path 14: VIOLATED Setup Check with Pin datapath_module/reg_file_module/reg_memory_reg[26][30]1760/CP 
Endpoint:   datapath_module/reg_file_module/reg_memory_reg[26][30]1760/D (^) checked with  leading edge of 'clock'
Beginpoint: IFU_module/PC_reg[3]/Q                                       (^) triggered by  leading edge of 'clock'
Path Groups: {clock}
Retime Analysis { Data Path-Slew }
Other End Arrival Time          0.000
- Setup                        -0.171
+ Phase Shift                   7.100
- Uncertainty                   2.000
= Required Time                 5.271
- Arrival Time                  5.401
= Slack Time                   -0.129
= Slack Time(original)         -0.167
     Clock Rise Edge                      0.000
     = Beginpoint Arrival Time            0.000
     Timing Path:
      ---------------------------------------------------------------------------------------------------------------------
      Instance                                                    Arc           Cell              Retime  Arrival  Required  
                                                                                                  Delay   Time     Time  
      ---------------------------------------------------------------------------------------------------------------------
      -                                                           clock ^       -                 -       0.000    -0.129  
      CTS_ccl_a_buf_00036                                         -             HS65_LS_BFX284    0.000   0.000    -0.129  
      CTS_ccl_a_buf_00036                                         A ^ -> Z ^    HS65_LS_BFX284    0.000   0.000    -0.129  
      CTS_ccl_a_buf_00025                                         -             HS65_LS_BFX284    0.000   0.000    -0.129  
      CTS_ccl_a_buf_00025                                         A ^ -> Z ^    HS65_LS_BFX284    0.000   0.000    -0.129  
      IFU_module/PC_reg[3]                                        -             HS65_LS_SDFPRQX4  0.000   0.000    -0.129  
      IFU_module/PC_reg[3]                                        CP ^ -> Q ^   HS65_LS_SDFPRQX4  0.842   0.842    0.712  
      IFU_module/instr_mem/FE_OFC25_instruction_code_22           -             HS65_LS_IVX7      0.004   0.845    0.716  
      IFU_module/instr_mem/FE_OFC25_instruction_code_22           A ^ -> Z v    HS65_LS_IVX7      0.078   0.923    0.793  
      IFU_module/instr_mem/g723                                   -             HS65_LS_AO22X9    0.000   0.923    0.793  
      IFU_module/instr_mem/g723                                   D v -> Z v    HS65_LS_AO22X9    0.127   1.050    0.921  
      datapath_module/reg_file_module/g21715                      -             HS65_LS_NOR2X6    0.001   1.052    0.922  
      datapath_module/reg_file_module/g21715                      B v -> Z ^    HS65_LS_NOR2X6    0.074   1.126    0.996  
      datapath_module/reg_file_module/g21954                      -             HS65_LS_NOR2AX3   0.000   1.126    0.997  
      datapath_module/reg_file_module/g21954                      A ^ -> Z ^    HS65_LS_NOR2AX3   0.157   1.283    1.154  
      datapath_module/reg_file_module/FE_RC_119_0                 -             HS65_LS_NOR2X6    0.000   1.283    1.154  
      datapath_module/reg_file_module/FE_RC_119_0                 A ^ -> Z v    HS65_LS_NOR2X6    0.058   1.341    1.212  
      datapath_module/reg_file_module/g21186                      -             HS65_LS_AND2X4    0.000   1.341    1.212  
      datapath_module/reg_file_module/g21186                      B v -> Z v    HS65_LS_AND2X4    0.062   1.403    1.274  
      datapath_module/reg_file_module/g21955                      -             HS65_LS_OR3ABCX9  0.000   1.403    1.274  
      datapath_module/reg_file_module/g21955                      C v -> Z ^    HS65_LS_OR3ABCX9  0.190   1.593    1.464  
      datapath_module/alu_module/mul_44_34/FE_OFC21_read_data2_1  -             HS65_LS_BFX9      0.010   1.603    1.473  
      datapath_module/alu_module/mul_44_34/FE_OFC21_read_data2_1  A ^ -> Z ^    HS65_LS_BFX9      0.234   1.837    1.707  
      datapath_module/alu_module/mul_44_34/FE_OFC23_read_data2_1  -             HS65_LS_IVX9      0.009   1.846    1.716  
      datapath_module/alu_module/mul_44_34/FE_OFC23_read_data2_1  A ^ -> Z v    HS65_LS_IVX9      0.216   2.062    1.933  
      datapath_module/alu_module/mul_44_34/g12274                 -             HS65_LS_OAI22X6   0.009   2.071    1.941  
      datapath_module/alu_module/mul_44_34/g12274                 C v -> Z ^    HS65_LS_OAI22X6   0.108   2.179    2.050  
      datapath_module/alu_module/mul_44_34/g12765                 -             HS65_LS_AO22X9    0.000   2.179    2.050  
      datapath_module/alu_module/mul_44_34/g12765                 B ^ -> Z ^    HS65_LS_AO22X9    0.092   2.271    2.141  
      datapath_module/alu_module/mul_44_34/g11783                 -             HS65_LS_FA1X4     0.000   2.271    2.142  
      datapath_module/alu_module/mul_44_34/g11783                 B0 ^ -> S0 v  HS65_LS_FA1X4     0.147   2.418    2.289  
      datapath_module/alu_module/mul_44_34/g11716                 -             HS65_LS_FA1X4     0.000   2.418    2.289  
      datapath_module/alu_module/mul_44_34/g11716                 B0 v -> CO v  HS65_LS_FA1X4     0.121   2.540    2.410  
      datapath_module/alu_module/mul_44_34/g11693                 -             HS65_LS_FA1X4     0.000   2.540    2.410  
      datapath_module/alu_module/mul_44_34/g11693                 CI v -> CO v  HS65_LS_FA1X4     0.126   2.666    2.536  
      datapath_module/alu_module/mul_44_34/g12747                 -             HS65_LS_PAO2X9    0.000   2.666    2.537  
      datapath_module/alu_module/mul_44_34/g12747                 P v -> Z v    HS65_LS_PAO2X9    0.083   2.749    2.620  
      datapath_module/alu_module/mul_44_34/g11662                 -             HS65_LS_FA1X4     0.000   2.749    2.620  
      datapath_module/alu_module/mul_44_34/g11662                 CI v -> CO v  HS65_LS_FA1X4     0.104   2.853    2.724  
      datapath_module/alu_module/mul_44_34/g11650                 -             HS65_LS_FA1X4     0.000   2.853    2.724  
      datapath_module/alu_module/mul_44_34/g11650                 CI v -> CO v  HS65_LS_FA1X4     0.112   2.965    2.836  
      datapath_module/alu_module/mul_44_34/g12784                 -             HS65_LS_FA1X4     0.000   2.965    2.836  
      datapath_module/alu_module/mul_44_34/g12784                 CI v -> CO v  HS65_LS_FA1X4     0.112   3.077    2.948  
      datapath_module/alu_module/mul_44_34/g11632                 -             HS65_LS_FA1X4     0.000   3.077    2.948  
      datapath_module/alu_module/mul_44_34/g11632                 CI v -> CO v  HS65_LS_FA1X4     0.112   3.189    3.060  
      datapath_module/alu_module/mul_44_34/g11624                 -             HS65_LS_FA1X4     0.000   3.189    3.060  
      datapath_module/alu_module/mul_44_34/g11624                 CI v -> CO v  HS65_LS_FA1X4     0.112   3.301    3.172  
      datapath_module/alu_module/mul_44_34/g11617                 -             HS65_LS_FA1X4     0.000   3.301    3.172  
      datapath_module/alu_module/mul_44_34/g11617                 CI v -> CO v  HS65_LS_FA1X4     0.112   3.413    3.284  
      datapath_module/alu_module/mul_44_34/g12783                 -             HS65_LS_FA1X4     0.000   3.413    3.284  
      datapath_module/alu_module/mul_44_34/g12783                 CI v -> CO v  HS65_LS_FA1X4     0.112   3.526    3.396  
      datapath_module/alu_module/mul_44_34/g12782                 -             HS65_LS_FA1X4     0.000   3.526    3.396  
      datapath_module/alu_module/mul_44_34/g12782                 CI v -> CO v  HS65_LS_FA1X4     0.112   3.638    3.508  
      datapath_module/alu_module/mul_44_34/g12781                 -             HS65_LS_FA1X4     0.000   3.638    3.508  
      datapath_module/alu_module/mul_44_34/g12781                 CI v -> CO v  HS65_LS_FA1X4     0.112   3.750    3.620  
      datapath_module/alu_module/mul_44_34/g12780                 -             HS65_LS_FA1X4     0.000   3.750    3.620  
      datapath_module/alu_module/mul_44_34/g12780                 CI v -> CO v  HS65_LS_FA1X4     0.112   3.862    3.732  
      datapath_module/alu_module/mul_44_34/g12779                 -             HS65_LS_FA1X4     0.000   3.862    3.732  
      datapath_module/alu_module/mul_44_34/g12779                 CI v -> CO v  HS65_LS_FA1X4     0.112   3.974    3.844  
      datapath_module/alu_module/mul_44_34/g12778                 -             HS65_LS_FA1X4     0.000   3.974    3.844  
      datapath_module/alu_module/mul_44_34/g12778                 CI v -> CO v  HS65_LS_FA1X4     0.117   4.091    3.962  
      datapath_module/alu_module/mul_44_34/g12777                 -             HS65_LS_FA1X9     0.000   4.091    3.962  
      datapath_module/alu_module/mul_44_34/g12777                 CI v -> CO v  HS65_LS_FA1X9     0.097   4.188    4.059  
      datapath_module/alu_module/mul_44_34/g12776                 -             HS65_LS_FA1X9     0.000   4.188    4.059  
      datapath_module/alu_module/mul_44_34/g12776                 CI v -> CO v  HS65_LS_FA1X9     0.090   4.278    4.149  
      datapath_module/alu_module/mul_44_34/g12775                 -             HS65_LS_FA1X9     0.000   4.278    4.149  
      datapath_module/alu_module/mul_44_34/g12775                 CI v -> CO v  HS65_LS_FA1X9     0.090   4.368    4.238  
      datapath_module/alu_module/mul_44_34/g12774                 -             HS65_LS_FA1X9     0.000   4.368    4.238  
      datapath_module/alu_module/mul_44_34/g12774                 CI v -> CO v  HS65_LS_FA1X9     0.090   4.457    4.328  
      datapath_module/alu_module/mul_44_34/g12773                 -             HS65_LS_FA1X9     0.000   4.457    4.328  
      datapath_module/alu_module/mul_44_34/g12773                 CI v -> CO v  HS65_LS_FA1X9     0.090   4.547    4.418  
      datapath_module/alu_module/mul_44_34/g12772                 -             HS65_LS_FA1X9     0.000   4.547    4.418  
      datapath_module/alu_module/mul_44_34/g12772                 CI v -> CO v  HS65_LS_FA1X9     0.090   4.637    4.507  
      datapath_module/alu_module/mul_44_34/g12771                 -             HS65_LS_FA1X9     0.000   4.637    4.507  
      datapath_module/alu_module/mul_44_34/g12771                 CI v -> CO v  HS65_LS_FA1X9     0.090   4.726    4.597  
      datapath_module/alu_module/mul_44_34/g12770                 -             HS65_LS_FA1X9     0.000   4.726    4.597  
      datapath_module/alu_module/mul_44_34/g12770                 CI v -> CO v  HS65_LS_FA1X9     0.090   4.816    4.686  
      datapath_module/alu_module/mul_44_34/g12769                 -             HS65_LS_FA1X9     0.000   4.816    4.686  
      datapath_module/alu_module/mul_44_34/g12769                 CI v -> CO v  HS65_LS_FA1X9     0.090   4.905    4.776  
      datapath_module/alu_module/mul_44_34/g12768                 -             HS65_LS_FA1X9     0.000   4.905    4.776  
      datapath_module/alu_module/mul_44_34/g12768                 CI v -> CO v  HS65_LS_FA1X9     0.090   4.995    4.866  
      datapath_module/alu_module/mul_44_34/g12767                 -             HS65_LS_FA1X9     0.000   4.995    4.866  
      datapath_module/alu_module/mul_44_34/g12767                 CI v -> CO v  HS65_LS_FA1X9     0.087   5.082    4.952  
      datapath_module/alu_module/mul_44_34/g12766                 -             HS65_LS_FA1X4     0.000   5.082    4.952  
      datapath_module/alu_module/mul_44_34/g12766                 CI v -> S0 ^  HS65_LS_FA1X4     0.159   5.241    5.111  
      datapath_module/alu_module/g6799                            -             HS65_LS_AO112X18  0.000   5.241    5.111  
      datapath_module/alu_module/g6799                            B ^ -> Z ^    HS65_LS_AO112X18  0.140   5.381    5.252  
      datapath_module/reg_file_module/reg_memory_reg[26][30]1760  -             HS65_LS_SDFPHQX9  0.020   5.401    5.271  
      ---------------------------------------------------------------------------------------------------------------------
     Clock Rise Edge                      0.000
     = Beginpoint Arrival Time            0.000
     Other End Path:
      -------------------------------------------------------------------------------------------------------------------
      Instance                                                    Arc         Cell              Retime  Arrival  Required  
                                                                                                Delay   Time     Time  
      -------------------------------------------------------------------------------------------------------------------
      -                                                           clock ^     -                 -       0.000    0.129  
      CTS_ccl_a_buf_00036                                         -           HS65_LS_BFX284    0.000   0.000    0.129  
      CTS_ccl_a_buf_00036                                         A ^ -> Z ^  HS65_LS_BFX284    0.000   0.000    0.129  
      datapath_module/reg_file_module/CTS_ccl_a_buf_00029         -           HS65_LS_BFX284    0.000   0.000    0.129  
      datapath_module/reg_file_module/CTS_ccl_a_buf_00029         A ^ -> Z ^  HS65_LS_BFX284    0.000   0.000    0.129  
      datapath_module/reg_file_module/reg_memory_reg[26][30]1760  -           HS65_LS_SDFPHQX9  0.000   0.000    0.129  
      -------------------------------------------------------------------------------------------------------------------
Path 15: VIOLATED Setup Check with Pin datapath_module/reg_file_module/reg_memory_reg[25][30]1696/CP 
Endpoint:   datapath_module/reg_file_module/reg_memory_reg[25][30]1696/D (^) checked with  leading edge of 'clock'
Beginpoint: IFU_module/PC_reg[3]/Q                                       (^) triggered by  leading edge of 'clock'
Path Groups: {clock}
Retime Analysis { Data Path-Slew }
Other End Arrival Time          0.000
- Setup                        -0.171
+ Phase Shift                   7.100
- Uncertainty                   2.000
= Required Time                 5.271
- Arrival Time                  5.401
= Slack Time                   -0.129
= Slack Time(original)         -0.167
     Clock Rise Edge                      0.000
     = Beginpoint Arrival Time            0.000
     Timing Path:
      ---------------------------------------------------------------------------------------------------------------------
      Instance                                                    Arc           Cell              Retime  Arrival  Required  
                                                                                                  Delay   Time     Time  
      ---------------------------------------------------------------------------------------------------------------------
      -                                                           clock ^       -                 -       0.000    -0.129  
      CTS_ccl_a_buf_00036                                         -             HS65_LS_BFX284    0.000   0.000    -0.129  
      CTS_ccl_a_buf_00036                                         A ^ -> Z ^    HS65_LS_BFX284    0.000   0.000    -0.129  
      CTS_ccl_a_buf_00025                                         -             HS65_LS_BFX284    0.000   0.000    -0.129  
      CTS_ccl_a_buf_00025                                         A ^ -> Z ^    HS65_LS_BFX284    0.000   0.000    -0.129  
      IFU_module/PC_reg[3]                                        -             HS65_LS_SDFPRQX4  0.000   0.000    -0.129  
      IFU_module/PC_reg[3]                                        CP ^ -> Q ^   HS65_LS_SDFPRQX4  0.842   0.842    0.712  
      IFU_module/instr_mem/FE_OFC25_instruction_code_22           -             HS65_LS_IVX7      0.004   0.845    0.716  
      IFU_module/instr_mem/FE_OFC25_instruction_code_22           A ^ -> Z v    HS65_LS_IVX7      0.078   0.923    0.793  
      IFU_module/instr_mem/g723                                   -             HS65_LS_AO22X9    0.000   0.923    0.793  
      IFU_module/instr_mem/g723                                   D v -> Z v    HS65_LS_AO22X9    0.127   1.050    0.921  
      datapath_module/reg_file_module/g21715                      -             HS65_LS_NOR2X6    0.001   1.052    0.922  
      datapath_module/reg_file_module/g21715                      B v -> Z ^    HS65_LS_NOR2X6    0.074   1.126    0.996  
      datapath_module/reg_file_module/g21954                      -             HS65_LS_NOR2AX3   0.000   1.126    0.997  
      datapath_module/reg_file_module/g21954                      A ^ -> Z ^    HS65_LS_NOR2AX3   0.157   1.283    1.154  
      datapath_module/reg_file_module/FE_RC_119_0                 -             HS65_LS_NOR2X6    0.000   1.283    1.154  
      datapath_module/reg_file_module/FE_RC_119_0                 A ^ -> Z v    HS65_LS_NOR2X6    0.058   1.341    1.212  
      datapath_module/reg_file_module/g21186                      -             HS65_LS_AND2X4    0.000   1.341    1.212  
      datapath_module/reg_file_module/g21186                      B v -> Z v    HS65_LS_AND2X4    0.062   1.403    1.274  
      datapath_module/reg_file_module/g21955                      -             HS65_LS_OR3ABCX9  0.000   1.403    1.274  
      datapath_module/reg_file_module/g21955                      C v -> Z ^    HS65_LS_OR3ABCX9  0.190   1.593    1.464  
      datapath_module/alu_module/mul_44_34/FE_OFC21_read_data2_1  -             HS65_LS_BFX9      0.010   1.603    1.473  
      datapath_module/alu_module/mul_44_34/FE_OFC21_read_data2_1  A ^ -> Z ^    HS65_LS_BFX9      0.234   1.837    1.707  
      datapath_module/alu_module/mul_44_34/FE_OFC23_read_data2_1  -             HS65_LS_IVX9      0.009   1.846    1.716  
      datapath_module/alu_module/mul_44_34/FE_OFC23_read_data2_1  A ^ -> Z v    HS65_LS_IVX9      0.216   2.062    1.933  
      datapath_module/alu_module/mul_44_34/g12274                 -             HS65_LS_OAI22X6   0.009   2.071    1.941  
      datapath_module/alu_module/mul_44_34/g12274                 C v -> Z ^    HS65_LS_OAI22X6   0.108   2.179    2.050  
      datapath_module/alu_module/mul_44_34/g12765                 -             HS65_LS_AO22X9    0.000   2.179    2.050  
      datapath_module/alu_module/mul_44_34/g12765                 B ^ -> Z ^    HS65_LS_AO22X9    0.092   2.271    2.141  
      datapath_module/alu_module/mul_44_34/g11783                 -             HS65_LS_FA1X4     0.000   2.271    2.142  
      datapath_module/alu_module/mul_44_34/g11783                 B0 ^ -> S0 v  HS65_LS_FA1X4     0.147   2.418    2.289  
      datapath_module/alu_module/mul_44_34/g11716                 -             HS65_LS_FA1X4     0.000   2.418    2.289  
      datapath_module/alu_module/mul_44_34/g11716                 B0 v -> CO v  HS65_LS_FA1X4     0.121   2.540    2.410  
      datapath_module/alu_module/mul_44_34/g11693                 -             HS65_LS_FA1X4     0.000   2.540    2.410  
      datapath_module/alu_module/mul_44_34/g11693                 CI v -> CO v  HS65_LS_FA1X4     0.126   2.666    2.536  
      datapath_module/alu_module/mul_44_34/g12747                 -             HS65_LS_PAO2X9    0.000   2.666    2.537  
      datapath_module/alu_module/mul_44_34/g12747                 P v -> Z v    HS65_LS_PAO2X9    0.083   2.749    2.620  
      datapath_module/alu_module/mul_44_34/g11662                 -             HS65_LS_FA1X4     0.000   2.749    2.620  
      datapath_module/alu_module/mul_44_34/g11662                 CI v -> CO v  HS65_LS_FA1X4     0.104   2.853    2.724  
      datapath_module/alu_module/mul_44_34/g11650                 -             HS65_LS_FA1X4     0.000   2.853    2.724  
      datapath_module/alu_module/mul_44_34/g11650                 CI v -> CO v  HS65_LS_FA1X4     0.112   2.965    2.836  
      datapath_module/alu_module/mul_44_34/g12784                 -             HS65_LS_FA1X4     0.000   2.965    2.836  
      datapath_module/alu_module/mul_44_34/g12784                 CI v -> CO v  HS65_LS_FA1X4     0.112   3.077    2.948  
      datapath_module/alu_module/mul_44_34/g11632                 -             HS65_LS_FA1X4     0.000   3.077    2.948  
      datapath_module/alu_module/mul_44_34/g11632                 CI v -> CO v  HS65_LS_FA1X4     0.112   3.189    3.060  
      datapath_module/alu_module/mul_44_34/g11624                 -             HS65_LS_FA1X4     0.000   3.189    3.060  
      datapath_module/alu_module/mul_44_34/g11624                 CI v -> CO v  HS65_LS_FA1X4     0.112   3.301    3.172  
      datapath_module/alu_module/mul_44_34/g11617                 -             HS65_LS_FA1X4     0.000   3.301    3.172  
      datapath_module/alu_module/mul_44_34/g11617                 CI v -> CO v  HS65_LS_FA1X4     0.112   3.413    3.284  
      datapath_module/alu_module/mul_44_34/g12783                 -             HS65_LS_FA1X4     0.000   3.413    3.284  
      datapath_module/alu_module/mul_44_34/g12783                 CI v -> CO v  HS65_LS_FA1X4     0.112   3.526    3.396  
      datapath_module/alu_module/mul_44_34/g12782                 -             HS65_LS_FA1X4     0.000   3.526    3.396  
      datapath_module/alu_module/mul_44_34/g12782                 CI v -> CO v  HS65_LS_FA1X4     0.112   3.638    3.508  
      datapath_module/alu_module/mul_44_34/g12781                 -             HS65_LS_FA1X4     0.000   3.638    3.508  
      datapath_module/alu_module/mul_44_34/g12781                 CI v -> CO v  HS65_LS_FA1X4     0.112   3.750    3.620  
      datapath_module/alu_module/mul_44_34/g12780                 -             HS65_LS_FA1X4     0.000   3.750    3.620  
      datapath_module/alu_module/mul_44_34/g12780                 CI v -> CO v  HS65_LS_FA1X4     0.112   3.862    3.732  
      datapath_module/alu_module/mul_44_34/g12779                 -             HS65_LS_FA1X4     0.000   3.862    3.732  
      datapath_module/alu_module/mul_44_34/g12779                 CI v -> CO v  HS65_LS_FA1X4     0.112   3.974    3.844  
      datapath_module/alu_module/mul_44_34/g12778                 -             HS65_LS_FA1X4     0.000   3.974    3.844  
      datapath_module/alu_module/mul_44_34/g12778                 CI v -> CO v  HS65_LS_FA1X4     0.117   4.091    3.962  
      datapath_module/alu_module/mul_44_34/g12777                 -             HS65_LS_FA1X9     0.000   4.091    3.962  
      datapath_module/alu_module/mul_44_34/g12777                 CI v -> CO v  HS65_LS_FA1X9     0.097   4.188    4.059  
      datapath_module/alu_module/mul_44_34/g12776                 -             HS65_LS_FA1X9     0.000   4.188    4.059  
      datapath_module/alu_module/mul_44_34/g12776                 CI v -> CO v  HS65_LS_FA1X9     0.090   4.278    4.149  
      datapath_module/alu_module/mul_44_34/g12775                 -             HS65_LS_FA1X9     0.000   4.278    4.149  
      datapath_module/alu_module/mul_44_34/g12775                 CI v -> CO v  HS65_LS_FA1X9     0.090   4.368    4.238  
      datapath_module/alu_module/mul_44_34/g12774                 -             HS65_LS_FA1X9     0.000   4.368    4.238  
      datapath_module/alu_module/mul_44_34/g12774                 CI v -> CO v  HS65_LS_FA1X9     0.090   4.457    4.328  
      datapath_module/alu_module/mul_44_34/g12773                 -             HS65_LS_FA1X9     0.000   4.457    4.328  
      datapath_module/alu_module/mul_44_34/g12773                 CI v -> CO v  HS65_LS_FA1X9     0.090   4.547    4.418  
      datapath_module/alu_module/mul_44_34/g12772                 -             HS65_LS_FA1X9     0.000   4.547    4.418  
      datapath_module/alu_module/mul_44_34/g12772                 CI v -> CO v  HS65_LS_FA1X9     0.090   4.637    4.507  
      datapath_module/alu_module/mul_44_34/g12771                 -             HS65_LS_FA1X9     0.000   4.637    4.507  
      datapath_module/alu_module/mul_44_34/g12771                 CI v -> CO v  HS65_LS_FA1X9     0.090   4.726    4.597  
      datapath_module/alu_module/mul_44_34/g12770                 -             HS65_LS_FA1X9     0.000   4.726    4.597  
      datapath_module/alu_module/mul_44_34/g12770                 CI v -> CO v  HS65_LS_FA1X9     0.090   4.816    4.686  
      datapath_module/alu_module/mul_44_34/g12769                 -             HS65_LS_FA1X9     0.000   4.816    4.686  
      datapath_module/alu_module/mul_44_34/g12769                 CI v -> CO v  HS65_LS_FA1X9     0.090   4.905    4.776  
      datapath_module/alu_module/mul_44_34/g12768                 -             HS65_LS_FA1X9     0.000   4.905    4.776  
      datapath_module/alu_module/mul_44_34/g12768                 CI v -> CO v  HS65_LS_FA1X9     0.090   4.995    4.866  
      datapath_module/alu_module/mul_44_34/g12767                 -             HS65_LS_FA1X9     0.000   4.995    4.866  
      datapath_module/alu_module/mul_44_34/g12767                 CI v -> CO v  HS65_LS_FA1X9     0.087   5.082    4.952  
      datapath_module/alu_module/mul_44_34/g12766                 -             HS65_LS_FA1X4     0.000   5.082    4.952  
      datapath_module/alu_module/mul_44_34/g12766                 CI v -> S0 ^  HS65_LS_FA1X4     0.159   5.241    5.111  
      datapath_module/alu_module/g6799                            -             HS65_LS_AO112X18  0.000   5.241    5.111  
      datapath_module/alu_module/g6799                            B ^ -> Z ^    HS65_LS_AO112X18  0.140   5.381    5.252  
      datapath_module/reg_file_module/reg_memory_reg[25][30]1696  -             HS65_LS_SDFPHQX9  0.020   5.401    5.271  
      ---------------------------------------------------------------------------------------------------------------------
     Clock Rise Edge                      0.000
     = Beginpoint Arrival Time            0.000
     Other End Path:
      -------------------------------------------------------------------------------------------------------------------
      Instance                                                    Arc         Cell              Retime  Arrival  Required  
                                                                                                Delay   Time     Time  
      -------------------------------------------------------------------------------------------------------------------
      -                                                           clock ^     -                 -       0.000    0.129  
      CTS_ccl_a_buf_00036                                         -           HS65_LS_BFX284    0.000   0.000    0.129  
      CTS_ccl_a_buf_00036                                         A ^ -> Z ^  HS65_LS_BFX284    0.000   0.000    0.129  
      datapath_module/reg_file_module/CTS_ccl_a_buf_00015         -           HS65_LS_BFX284    0.000   0.000    0.129  
      datapath_module/reg_file_module/CTS_ccl_a_buf_00015         A ^ -> Z ^  HS65_LS_BFX284    0.000   0.000    0.129  
      datapath_module/reg_file_module/reg_memory_reg[25][30]1696  -           HS65_LS_SDFPHQX9  0.000   0.000    0.129  
      -------------------------------------------------------------------------------------------------------------------
Path 16: VIOLATED Setup Check with Pin datapath_module/reg_file_module/reg_memory_reg[24][30]1632/CP 
Endpoint:   datapath_module/reg_file_module/reg_memory_reg[24][30]1632/D (^) checked with  leading edge of 'clock'
Beginpoint: IFU_module/PC_reg[3]/Q                                       (^) triggered by  leading edge of 'clock'
Path Groups: {clock}
Retime Analysis { Data Path-Slew }
Other End Arrival Time          0.000
- Setup                        -0.171
+ Phase Shift                   7.100
- Uncertainty                   2.000
= Required Time                 5.271
- Arrival Time                  5.401
= Slack Time                   -0.129
= Slack Time(original)         -0.167
     Clock Rise Edge                      0.000
     = Beginpoint Arrival Time            0.000
     Timing Path:
      ---------------------------------------------------------------------------------------------------------------------
      Instance                                                    Arc           Cell              Retime  Arrival  Required  
                                                                                                  Delay   Time     Time  
      ---------------------------------------------------------------------------------------------------------------------
      -                                                           clock ^       -                 -       0.000    -0.129  
      CTS_ccl_a_buf_00036                                         -             HS65_LS_BFX284    0.000   0.000    -0.129  
      CTS_ccl_a_buf_00036                                         A ^ -> Z ^    HS65_LS_BFX284    0.000   0.000    -0.129  
      CTS_ccl_a_buf_00025                                         -             HS65_LS_BFX284    0.000   0.000    -0.129  
      CTS_ccl_a_buf_00025                                         A ^ -> Z ^    HS65_LS_BFX284    0.000   0.000    -0.129  
      IFU_module/PC_reg[3]                                        -             HS65_LS_SDFPRQX4  0.000   0.000    -0.129  
      IFU_module/PC_reg[3]                                        CP ^ -> Q ^   HS65_LS_SDFPRQX4  0.842   0.842    0.712  
      IFU_module/instr_mem/FE_OFC25_instruction_code_22           -             HS65_LS_IVX7      0.004   0.845    0.716  
      IFU_module/instr_mem/FE_OFC25_instruction_code_22           A ^ -> Z v    HS65_LS_IVX7      0.078   0.923    0.793  
      IFU_module/instr_mem/g723                                   -             HS65_LS_AO22X9    0.000   0.923    0.793  
      IFU_module/instr_mem/g723                                   D v -> Z v    HS65_LS_AO22X9    0.127   1.050    0.921  
      datapath_module/reg_file_module/g21715                      -             HS65_LS_NOR2X6    0.001   1.052    0.922  
      datapath_module/reg_file_module/g21715                      B v -> Z ^    HS65_LS_NOR2X6    0.074   1.126    0.996  
      datapath_module/reg_file_module/g21954                      -             HS65_LS_NOR2AX3   0.000   1.126    0.997  
      datapath_module/reg_file_module/g21954                      A ^ -> Z ^    HS65_LS_NOR2AX3   0.157   1.283    1.154  
      datapath_module/reg_file_module/FE_RC_119_0                 -             HS65_LS_NOR2X6    0.000   1.283    1.154  
      datapath_module/reg_file_module/FE_RC_119_0                 A ^ -> Z v    HS65_LS_NOR2X6    0.058   1.341    1.212  
      datapath_module/reg_file_module/g21186                      -             HS65_LS_AND2X4    0.000   1.341    1.212  
      datapath_module/reg_file_module/g21186                      B v -> Z v    HS65_LS_AND2X4    0.062   1.403    1.274  
      datapath_module/reg_file_module/g21955                      -             HS65_LS_OR3ABCX9  0.000   1.403    1.274  
      datapath_module/reg_file_module/g21955                      C v -> Z ^    HS65_LS_OR3ABCX9  0.190   1.593    1.464  
      datapath_module/alu_module/mul_44_34/FE_OFC21_read_data2_1  -             HS65_LS_BFX9      0.010   1.603    1.473  
      datapath_module/alu_module/mul_44_34/FE_OFC21_read_data2_1  A ^ -> Z ^    HS65_LS_BFX9      0.234   1.837    1.707  
      datapath_module/alu_module/mul_44_34/FE_OFC23_read_data2_1  -             HS65_LS_IVX9      0.009   1.846    1.716  
      datapath_module/alu_module/mul_44_34/FE_OFC23_read_data2_1  A ^ -> Z v    HS65_LS_IVX9      0.216   2.062    1.933  
      datapath_module/alu_module/mul_44_34/g12274                 -             HS65_LS_OAI22X6   0.009   2.071    1.941  
      datapath_module/alu_module/mul_44_34/g12274                 C v -> Z ^    HS65_LS_OAI22X6   0.108   2.179    2.050  
      datapath_module/alu_module/mul_44_34/g12765                 -             HS65_LS_AO22X9    0.000   2.179    2.050  
      datapath_module/alu_module/mul_44_34/g12765                 B ^ -> Z ^    HS65_LS_AO22X9    0.092   2.271    2.141  
      datapath_module/alu_module/mul_44_34/g11783                 -             HS65_LS_FA1X4     0.000   2.271    2.142  
      datapath_module/alu_module/mul_44_34/g11783                 B0 ^ -> S0 v  HS65_LS_FA1X4     0.147   2.418    2.289  
      datapath_module/alu_module/mul_44_34/g11716                 -             HS65_LS_FA1X4     0.000   2.418    2.289  
      datapath_module/alu_module/mul_44_34/g11716                 B0 v -> CO v  HS65_LS_FA1X4     0.121   2.540    2.410  
      datapath_module/alu_module/mul_44_34/g11693                 -             HS65_LS_FA1X4     0.000   2.540    2.410  
      datapath_module/alu_module/mul_44_34/g11693                 CI v -> CO v  HS65_LS_FA1X4     0.126   2.666    2.536  
      datapath_module/alu_module/mul_44_34/g12747                 -             HS65_LS_PAO2X9    0.000   2.666    2.537  
      datapath_module/alu_module/mul_44_34/g12747                 P v -> Z v    HS65_LS_PAO2X9    0.083   2.749    2.620  
      datapath_module/alu_module/mul_44_34/g11662                 -             HS65_LS_FA1X4     0.000   2.749    2.620  
      datapath_module/alu_module/mul_44_34/g11662                 CI v -> CO v  HS65_LS_FA1X4     0.104   2.853    2.724  
      datapath_module/alu_module/mul_44_34/g11650                 -             HS65_LS_FA1X4     0.000   2.853    2.724  
      datapath_module/alu_module/mul_44_34/g11650                 CI v -> CO v  HS65_LS_FA1X4     0.112   2.965    2.836  
      datapath_module/alu_module/mul_44_34/g12784                 -             HS65_LS_FA1X4     0.000   2.965    2.836  
      datapath_module/alu_module/mul_44_34/g12784                 CI v -> CO v  HS65_LS_FA1X4     0.112   3.077    2.948  
      datapath_module/alu_module/mul_44_34/g11632                 -             HS65_LS_FA1X4     0.000   3.077    2.948  
      datapath_module/alu_module/mul_44_34/g11632                 CI v -> CO v  HS65_LS_FA1X4     0.112   3.189    3.060  
      datapath_module/alu_module/mul_44_34/g11624                 -             HS65_LS_FA1X4     0.000   3.189    3.060  
      datapath_module/alu_module/mul_44_34/g11624                 CI v -> CO v  HS65_LS_FA1X4     0.112   3.301    3.172  
      datapath_module/alu_module/mul_44_34/g11617                 -             HS65_LS_FA1X4     0.000   3.301    3.172  
      datapath_module/alu_module/mul_44_34/g11617                 CI v -> CO v  HS65_LS_FA1X4     0.112   3.413    3.284  
      datapath_module/alu_module/mul_44_34/g12783                 -             HS65_LS_FA1X4     0.000   3.413    3.284  
      datapath_module/alu_module/mul_44_34/g12783                 CI v -> CO v  HS65_LS_FA1X4     0.112   3.526    3.396  
      datapath_module/alu_module/mul_44_34/g12782                 -             HS65_LS_FA1X4     0.000   3.526    3.396  
      datapath_module/alu_module/mul_44_34/g12782                 CI v -> CO v  HS65_LS_FA1X4     0.112   3.638    3.508  
      datapath_module/alu_module/mul_44_34/g12781                 -             HS65_LS_FA1X4     0.000   3.638    3.508  
      datapath_module/alu_module/mul_44_34/g12781                 CI v -> CO v  HS65_LS_FA1X4     0.112   3.750    3.620  
      datapath_module/alu_module/mul_44_34/g12780                 -             HS65_LS_FA1X4     0.000   3.750    3.620  
      datapath_module/alu_module/mul_44_34/g12780                 CI v -> CO v  HS65_LS_FA1X4     0.112   3.862    3.732  
      datapath_module/alu_module/mul_44_34/g12779                 -             HS65_LS_FA1X4     0.000   3.862    3.732  
      datapath_module/alu_module/mul_44_34/g12779                 CI v -> CO v  HS65_LS_FA1X4     0.112   3.974    3.844  
      datapath_module/alu_module/mul_44_34/g12778                 -             HS65_LS_FA1X4     0.000   3.974    3.844  
      datapath_module/alu_module/mul_44_34/g12778                 CI v -> CO v  HS65_LS_FA1X4     0.117   4.091    3.962  
      datapath_module/alu_module/mul_44_34/g12777                 -             HS65_LS_FA1X9     0.000   4.091    3.962  
      datapath_module/alu_module/mul_44_34/g12777                 CI v -> CO v  HS65_LS_FA1X9     0.097   4.188    4.059  
      datapath_module/alu_module/mul_44_34/g12776                 -             HS65_LS_FA1X9     0.000   4.188    4.059  
      datapath_module/alu_module/mul_44_34/g12776                 CI v -> CO v  HS65_LS_FA1X9     0.090   4.278    4.149  
      datapath_module/alu_module/mul_44_34/g12775                 -             HS65_LS_FA1X9     0.000   4.278    4.149  
      datapath_module/alu_module/mul_44_34/g12775                 CI v -> CO v  HS65_LS_FA1X9     0.090   4.368    4.238  
      datapath_module/alu_module/mul_44_34/g12774                 -             HS65_LS_FA1X9     0.000   4.368    4.238  
      datapath_module/alu_module/mul_44_34/g12774                 CI v -> CO v  HS65_LS_FA1X9     0.090   4.457    4.328  
      datapath_module/alu_module/mul_44_34/g12773                 -             HS65_LS_FA1X9     0.000   4.457    4.328  
      datapath_module/alu_module/mul_44_34/g12773                 CI v -> CO v  HS65_LS_FA1X9     0.090   4.547    4.418  
      datapath_module/alu_module/mul_44_34/g12772                 -             HS65_LS_FA1X9     0.000   4.547    4.418  
      datapath_module/alu_module/mul_44_34/g12772                 CI v -> CO v  HS65_LS_FA1X9     0.090   4.637    4.507  
      datapath_module/alu_module/mul_44_34/g12771                 -             HS65_LS_FA1X9     0.000   4.637    4.507  
      datapath_module/alu_module/mul_44_34/g12771                 CI v -> CO v  HS65_LS_FA1X9     0.090   4.726    4.597  
      datapath_module/alu_module/mul_44_34/g12770                 -             HS65_LS_FA1X9     0.000   4.726    4.597  
      datapath_module/alu_module/mul_44_34/g12770                 CI v -> CO v  HS65_LS_FA1X9     0.090   4.816    4.686  
      datapath_module/alu_module/mul_44_34/g12769                 -             HS65_LS_FA1X9     0.000   4.816    4.686  
      datapath_module/alu_module/mul_44_34/g12769                 CI v -> CO v  HS65_LS_FA1X9     0.090   4.905    4.776  
      datapath_module/alu_module/mul_44_34/g12768                 -             HS65_LS_FA1X9     0.000   4.905    4.776  
      datapath_module/alu_module/mul_44_34/g12768                 CI v -> CO v  HS65_LS_FA1X9     0.090   4.995    4.866  
      datapath_module/alu_module/mul_44_34/g12767                 -             HS65_LS_FA1X9     0.000   4.995    4.866  
      datapath_module/alu_module/mul_44_34/g12767                 CI v -> CO v  HS65_LS_FA1X9     0.087   5.082    4.952  
      datapath_module/alu_module/mul_44_34/g12766                 -             HS65_LS_FA1X4     0.000   5.082    4.952  
      datapath_module/alu_module/mul_44_34/g12766                 CI v -> S0 ^  HS65_LS_FA1X4     0.159   5.241    5.111  
      datapath_module/alu_module/g6799                            -             HS65_LS_AO112X18  0.000   5.241    5.111  
      datapath_module/alu_module/g6799                            B ^ -> Z ^    HS65_LS_AO112X18  0.140   5.381    5.252  
      datapath_module/reg_file_module/reg_memory_reg[24][30]1632  -             HS65_LS_SDFPHQX9  0.020   5.401    5.271  
      ---------------------------------------------------------------------------------------------------------------------
     Clock Rise Edge                      0.000
     = Beginpoint Arrival Time            0.000
     Other End Path:
      -------------------------------------------------------------------------------------------------------------------
      Instance                                                    Arc         Cell              Retime  Arrival  Required  
                                                                                                Delay   Time     Time  
      -------------------------------------------------------------------------------------------------------------------
      -                                                           clock ^     -                 -       0.000    0.129  
      CTS_ccl_a_buf_00036                                         -           HS65_LS_BFX284    0.000   0.000    0.129  
      CTS_ccl_a_buf_00036                                         A ^ -> Z ^  HS65_LS_BFX284    0.000   0.000    0.129  
      datapath_module/reg_file_module/CTS_ccl_a_buf_00021         -           HS65_LS_BFX284    0.000   0.000    0.129  
      datapath_module/reg_file_module/CTS_ccl_a_buf_00021         A ^ -> Z ^  HS65_LS_BFX284    0.000   0.000    0.129  
      datapath_module/reg_file_module/reg_memory_reg[24][30]1632  -           HS65_LS_SDFPHQX9  0.000   0.000    0.129  
      -------------------------------------------------------------------------------------------------------------------
Path 17: VIOLATED Setup Check with Pin datapath_module/reg_file_module/reg_memory_reg[23][30]1568/CP 
Endpoint:   datapath_module/reg_file_module/reg_memory_reg[23][30]1568/D (^) checked with  leading edge of 'clock'
Beginpoint: IFU_module/PC_reg[3]/Q                                       (^) triggered by  leading edge of 'clock'
Path Groups: {clock}
Retime Analysis { Data Path-Slew }
Other End Arrival Time          0.000
- Setup                        -0.171
+ Phase Shift                   7.100
- Uncertainty                   2.000
= Required Time                 5.271
- Arrival Time                  5.401
= Slack Time                   -0.129
= Slack Time(original)         -0.167
     Clock Rise Edge                      0.000
     = Beginpoint Arrival Time            0.000
     Timing Path:
      ---------------------------------------------------------------------------------------------------------------------
      Instance                                                    Arc           Cell              Retime  Arrival  Required  
                                                                                                  Delay   Time     Time  
      ---------------------------------------------------------------------------------------------------------------------
      -                                                           clock ^       -                 -       0.000    -0.129  
      CTS_ccl_a_buf_00036                                         -             HS65_LS_BFX284    0.000   0.000    -0.129  
      CTS_ccl_a_buf_00036                                         A ^ -> Z ^    HS65_LS_BFX284    0.000   0.000    -0.129  
      CTS_ccl_a_buf_00025                                         -             HS65_LS_BFX284    0.000   0.000    -0.129  
      CTS_ccl_a_buf_00025                                         A ^ -> Z ^    HS65_LS_BFX284    0.000   0.000    -0.129  
      IFU_module/PC_reg[3]                                        -             HS65_LS_SDFPRQX4  0.000   0.000    -0.129  
      IFU_module/PC_reg[3]                                        CP ^ -> Q ^   HS65_LS_SDFPRQX4  0.842   0.842    0.712  
      IFU_module/instr_mem/FE_OFC25_instruction_code_22           -             HS65_LS_IVX7      0.004   0.845    0.716  
      IFU_module/instr_mem/FE_OFC25_instruction_code_22           A ^ -> Z v    HS65_LS_IVX7      0.078   0.923    0.793  
      IFU_module/instr_mem/g723                                   -             HS65_LS_AO22X9    0.000   0.923    0.793  
      IFU_module/instr_mem/g723                                   D v -> Z v    HS65_LS_AO22X9    0.127   1.050    0.921  
      datapath_module/reg_file_module/g21715                      -             HS65_LS_NOR2X6    0.001   1.052    0.922  
      datapath_module/reg_file_module/g21715                      B v -> Z ^    HS65_LS_NOR2X6    0.074   1.126    0.996  
      datapath_module/reg_file_module/g21954                      -             HS65_LS_NOR2AX3   0.000   1.126    0.997  
      datapath_module/reg_file_module/g21954                      A ^ -> Z ^    HS65_LS_NOR2AX3   0.157   1.283    1.154  
      datapath_module/reg_file_module/FE_RC_119_0                 -             HS65_LS_NOR2X6    0.000   1.283    1.154  
      datapath_module/reg_file_module/FE_RC_119_0                 A ^ -> Z v    HS65_LS_NOR2X6    0.058   1.341    1.212  
      datapath_module/reg_file_module/g21186                      -             HS65_LS_AND2X4    0.000   1.341    1.212  
      datapath_module/reg_file_module/g21186                      B v -> Z v    HS65_LS_AND2X4    0.062   1.403    1.274  
      datapath_module/reg_file_module/g21955                      -             HS65_LS_OR3ABCX9  0.000   1.403    1.274  
      datapath_module/reg_file_module/g21955                      C v -> Z ^    HS65_LS_OR3ABCX9  0.190   1.593    1.464  
      datapath_module/alu_module/mul_44_34/FE_OFC21_read_data2_1  -             HS65_LS_BFX9      0.010   1.603    1.473  
      datapath_module/alu_module/mul_44_34/FE_OFC21_read_data2_1  A ^ -> Z ^    HS65_LS_BFX9      0.234   1.837    1.707  
      datapath_module/alu_module/mul_44_34/FE_OFC23_read_data2_1  -             HS65_LS_IVX9      0.009   1.846    1.716  
      datapath_module/alu_module/mul_44_34/FE_OFC23_read_data2_1  A ^ -> Z v    HS65_LS_IVX9      0.216   2.062    1.933  
      datapath_module/alu_module/mul_44_34/g12274                 -             HS65_LS_OAI22X6   0.009   2.071    1.941  
      datapath_module/alu_module/mul_44_34/g12274                 C v -> Z ^    HS65_LS_OAI22X6   0.108   2.179    2.050  
      datapath_module/alu_module/mul_44_34/g12765                 -             HS65_LS_AO22X9    0.000   2.179    2.050  
      datapath_module/alu_module/mul_44_34/g12765                 B ^ -> Z ^    HS65_LS_AO22X9    0.092   2.271    2.141  
      datapath_module/alu_module/mul_44_34/g11783                 -             HS65_LS_FA1X4     0.000   2.271    2.142  
      datapath_module/alu_module/mul_44_34/g11783                 B0 ^ -> S0 v  HS65_LS_FA1X4     0.147   2.418    2.289  
      datapath_module/alu_module/mul_44_34/g11716                 -             HS65_LS_FA1X4     0.000   2.418    2.289  
      datapath_module/alu_module/mul_44_34/g11716                 B0 v -> CO v  HS65_LS_FA1X4     0.121   2.540    2.410  
      datapath_module/alu_module/mul_44_34/g11693                 -             HS65_LS_FA1X4     0.000   2.540    2.410  
      datapath_module/alu_module/mul_44_34/g11693                 CI v -> CO v  HS65_LS_FA1X4     0.126   2.666    2.536  
      datapath_module/alu_module/mul_44_34/g12747                 -             HS65_LS_PAO2X9    0.000   2.666    2.537  
      datapath_module/alu_module/mul_44_34/g12747                 P v -> Z v    HS65_LS_PAO2X9    0.083   2.749    2.620  
      datapath_module/alu_module/mul_44_34/g11662                 -             HS65_LS_FA1X4     0.000   2.749    2.620  
      datapath_module/alu_module/mul_44_34/g11662                 CI v -> CO v  HS65_LS_FA1X4     0.104   2.853    2.724  
      datapath_module/alu_module/mul_44_34/g11650                 -             HS65_LS_FA1X4     0.000   2.853    2.724  
      datapath_module/alu_module/mul_44_34/g11650                 CI v -> CO v  HS65_LS_FA1X4     0.112   2.965    2.836  
      datapath_module/alu_module/mul_44_34/g12784                 -             HS65_LS_FA1X4     0.000   2.965    2.836  
      datapath_module/alu_module/mul_44_34/g12784                 CI v -> CO v  HS65_LS_FA1X4     0.112   3.077    2.948  
      datapath_module/alu_module/mul_44_34/g11632                 -             HS65_LS_FA1X4     0.000   3.077    2.948  
      datapath_module/alu_module/mul_44_34/g11632                 CI v -> CO v  HS65_LS_FA1X4     0.112   3.189    3.060  
      datapath_module/alu_module/mul_44_34/g11624                 -             HS65_LS_FA1X4     0.000   3.189    3.060  
      datapath_module/alu_module/mul_44_34/g11624                 CI v -> CO v  HS65_LS_FA1X4     0.112   3.301    3.172  
      datapath_module/alu_module/mul_44_34/g11617                 -             HS65_LS_FA1X4     0.000   3.301    3.172  
      datapath_module/alu_module/mul_44_34/g11617                 CI v -> CO v  HS65_LS_FA1X4     0.112   3.413    3.284  
      datapath_module/alu_module/mul_44_34/g12783                 -             HS65_LS_FA1X4     0.000   3.413    3.284  
      datapath_module/alu_module/mul_44_34/g12783                 CI v -> CO v  HS65_LS_FA1X4     0.112   3.526    3.396  
      datapath_module/alu_module/mul_44_34/g12782                 -             HS65_LS_FA1X4     0.000   3.526    3.396  
      datapath_module/alu_module/mul_44_34/g12782                 CI v -> CO v  HS65_LS_FA1X4     0.112   3.638    3.508  
      datapath_module/alu_module/mul_44_34/g12781                 -             HS65_LS_FA1X4     0.000   3.638    3.508  
      datapath_module/alu_module/mul_44_34/g12781                 CI v -> CO v  HS65_LS_FA1X4     0.112   3.750    3.620  
      datapath_module/alu_module/mul_44_34/g12780                 -             HS65_LS_FA1X4     0.000   3.750    3.620  
      datapath_module/alu_module/mul_44_34/g12780                 CI v -> CO v  HS65_LS_FA1X4     0.112   3.862    3.732  
      datapath_module/alu_module/mul_44_34/g12779                 -             HS65_LS_FA1X4     0.000   3.862    3.732  
      datapath_module/alu_module/mul_44_34/g12779                 CI v -> CO v  HS65_LS_FA1X4     0.112   3.974    3.844  
      datapath_module/alu_module/mul_44_34/g12778                 -             HS65_LS_FA1X4     0.000   3.974    3.844  
      datapath_module/alu_module/mul_44_34/g12778                 CI v -> CO v  HS65_LS_FA1X4     0.117   4.091    3.962  
      datapath_module/alu_module/mul_44_34/g12777                 -             HS65_LS_FA1X9     0.000   4.091    3.962  
      datapath_module/alu_module/mul_44_34/g12777                 CI v -> CO v  HS65_LS_FA1X9     0.097   4.188    4.059  
      datapath_module/alu_module/mul_44_34/g12776                 -             HS65_LS_FA1X9     0.000   4.188    4.059  
      datapath_module/alu_module/mul_44_34/g12776                 CI v -> CO v  HS65_LS_FA1X9     0.090   4.278    4.149  
      datapath_module/alu_module/mul_44_34/g12775                 -             HS65_LS_FA1X9     0.000   4.278    4.149  
      datapath_module/alu_module/mul_44_34/g12775                 CI v -> CO v  HS65_LS_FA1X9     0.090   4.368    4.238  
      datapath_module/alu_module/mul_44_34/g12774                 -             HS65_LS_FA1X9     0.000   4.368    4.238  
      datapath_module/alu_module/mul_44_34/g12774                 CI v -> CO v  HS65_LS_FA1X9     0.090   4.457    4.328  
      datapath_module/alu_module/mul_44_34/g12773                 -             HS65_LS_FA1X9     0.000   4.457    4.328  
      datapath_module/alu_module/mul_44_34/g12773                 CI v -> CO v  HS65_LS_FA1X9     0.090   4.547    4.418  
      datapath_module/alu_module/mul_44_34/g12772                 -             HS65_LS_FA1X9     0.000   4.547    4.418  
      datapath_module/alu_module/mul_44_34/g12772                 CI v -> CO v  HS65_LS_FA1X9     0.090   4.637    4.507  
      datapath_module/alu_module/mul_44_34/g12771                 -             HS65_LS_FA1X9     0.000   4.637    4.507  
      datapath_module/alu_module/mul_44_34/g12771                 CI v -> CO v  HS65_LS_FA1X9     0.090   4.726    4.597  
      datapath_module/alu_module/mul_44_34/g12770                 -             HS65_LS_FA1X9     0.000   4.726    4.597  
      datapath_module/alu_module/mul_44_34/g12770                 CI v -> CO v  HS65_LS_FA1X9     0.090   4.816    4.686  
      datapath_module/alu_module/mul_44_34/g12769                 -             HS65_LS_FA1X9     0.000   4.816    4.686  
      datapath_module/alu_module/mul_44_34/g12769                 CI v -> CO v  HS65_LS_FA1X9     0.090   4.905    4.776  
      datapath_module/alu_module/mul_44_34/g12768                 -             HS65_LS_FA1X9     0.000   4.905    4.776  
      datapath_module/alu_module/mul_44_34/g12768                 CI v -> CO v  HS65_LS_FA1X9     0.090   4.995    4.866  
      datapath_module/alu_module/mul_44_34/g12767                 -             HS65_LS_FA1X9     0.000   4.995    4.866  
      datapath_module/alu_module/mul_44_34/g12767                 CI v -> CO v  HS65_LS_FA1X9     0.087   5.082    4.952  
      datapath_module/alu_module/mul_44_34/g12766                 -             HS65_LS_FA1X4     0.000   5.082    4.952  
      datapath_module/alu_module/mul_44_34/g12766                 CI v -> S0 ^  HS65_LS_FA1X4     0.159   5.241    5.111  
      datapath_module/alu_module/g6799                            -             HS65_LS_AO112X18  0.000   5.241    5.111  
      datapath_module/alu_module/g6799                            B ^ -> Z ^    HS65_LS_AO112X18  0.140   5.381    5.252  
      datapath_module/reg_file_module/reg_memory_reg[23][30]1568  -             HS65_LS_SDFPHQX9  0.020   5.401    5.271  
      ---------------------------------------------------------------------------------------------------------------------
     Clock Rise Edge                      0.000
     = Beginpoint Arrival Time            0.000
     Other End Path:
      -------------------------------------------------------------------------------------------------------------------
      Instance                                                    Arc         Cell              Retime  Arrival  Required  
                                                                                                Delay   Time     Time  
      -------------------------------------------------------------------------------------------------------------------
      -                                                           clock ^     -                 -       0.000    0.129  
      CTS_ccl_a_buf_00036                                         -           HS65_LS_BFX284    0.000   0.000    0.129  
      CTS_ccl_a_buf_00036                                         A ^ -> Z ^  HS65_LS_BFX284    0.000   0.000    0.129  
      CTS_ccl_a_buf_00025                                         -           HS65_LS_BFX284    0.000   0.000    0.129  
      CTS_ccl_a_buf_00025                                         A ^ -> Z ^  HS65_LS_BFX284    0.000   0.000    0.129  
      datapath_module/reg_file_module/reg_memory_reg[23][30]1568  -           HS65_LS_SDFPHQX9  0.000   0.000    0.129  
      -------------------------------------------------------------------------------------------------------------------
Path 18: VIOLATED Setup Check with Pin datapath_module/reg_file_module/reg_memory_reg[22][30]1504/CP 
Endpoint:   datapath_module/reg_file_module/reg_memory_reg[22][30]1504/D (^) checked with  leading edge of 'clock'
Beginpoint: IFU_module/PC_reg[3]/Q                                       (^) triggered by  leading edge of 'clock'
Path Groups: {clock}
Retime Analysis { Data Path-Slew }
Other End Arrival Time          0.000
- Setup                        -0.171
+ Phase Shift                   7.100
- Uncertainty                   2.000
= Required Time                 5.271
- Arrival Time                  5.401
= Slack Time                   -0.129
= Slack Time(original)         -0.167
     Clock Rise Edge                      0.000
     = Beginpoint Arrival Time            0.000
     Timing Path:
      ---------------------------------------------------------------------------------------------------------------------
      Instance                                                    Arc           Cell              Retime  Arrival  Required  
                                                                                                  Delay   Time     Time  
      ---------------------------------------------------------------------------------------------------------------------
      -                                                           clock ^       -                 -       0.000    -0.129  
      CTS_ccl_a_buf_00036                                         -             HS65_LS_BFX284    0.000   0.000    -0.129  
      CTS_ccl_a_buf_00036                                         A ^ -> Z ^    HS65_LS_BFX284    0.000   0.000    -0.129  
      CTS_ccl_a_buf_00025                                         -             HS65_LS_BFX284    0.000   0.000    -0.129  
      CTS_ccl_a_buf_00025                                         A ^ -> Z ^    HS65_LS_BFX284    0.000   0.000    -0.129  
      IFU_module/PC_reg[3]                                        -             HS65_LS_SDFPRQX4  0.000   0.000    -0.129  
      IFU_module/PC_reg[3]                                        CP ^ -> Q ^   HS65_LS_SDFPRQX4  0.842   0.842    0.712  
      IFU_module/instr_mem/FE_OFC25_instruction_code_22           -             HS65_LS_IVX7      0.004   0.845    0.716  
      IFU_module/instr_mem/FE_OFC25_instruction_code_22           A ^ -> Z v    HS65_LS_IVX7      0.078   0.923    0.793  
      IFU_module/instr_mem/g723                                   -             HS65_LS_AO22X9    0.000   0.923    0.793  
      IFU_module/instr_mem/g723                                   D v -> Z v    HS65_LS_AO22X9    0.127   1.050    0.921  
      datapath_module/reg_file_module/g21715                      -             HS65_LS_NOR2X6    0.001   1.052    0.922  
      datapath_module/reg_file_module/g21715                      B v -> Z ^    HS65_LS_NOR2X6    0.074   1.126    0.996  
      datapath_module/reg_file_module/g21954                      -             HS65_LS_NOR2AX3   0.000   1.126    0.997  
      datapath_module/reg_file_module/g21954                      A ^ -> Z ^    HS65_LS_NOR2AX3   0.157   1.283    1.154  
      datapath_module/reg_file_module/FE_RC_119_0                 -             HS65_LS_NOR2X6    0.000   1.283    1.154  
      datapath_module/reg_file_module/FE_RC_119_0                 A ^ -> Z v    HS65_LS_NOR2X6    0.058   1.341    1.212  
      datapath_module/reg_file_module/g21186                      -             HS65_LS_AND2X4    0.000   1.341    1.212  
      datapath_module/reg_file_module/g21186                      B v -> Z v    HS65_LS_AND2X4    0.062   1.403    1.274  
      datapath_module/reg_file_module/g21955                      -             HS65_LS_OR3ABCX9  0.000   1.403    1.274  
      datapath_module/reg_file_module/g21955                      C v -> Z ^    HS65_LS_OR3ABCX9  0.190   1.593    1.464  
      datapath_module/alu_module/mul_44_34/FE_OFC21_read_data2_1  -             HS65_LS_BFX9      0.010   1.603    1.473  
      datapath_module/alu_module/mul_44_34/FE_OFC21_read_data2_1  A ^ -> Z ^    HS65_LS_BFX9      0.234   1.837    1.707  
      datapath_module/alu_module/mul_44_34/FE_OFC23_read_data2_1  -             HS65_LS_IVX9      0.009   1.846    1.716  
      datapath_module/alu_module/mul_44_34/FE_OFC23_read_data2_1  A ^ -> Z v    HS65_LS_IVX9      0.216   2.062    1.933  
      datapath_module/alu_module/mul_44_34/g12274                 -             HS65_LS_OAI22X6   0.009   2.071    1.941  
      datapath_module/alu_module/mul_44_34/g12274                 C v -> Z ^    HS65_LS_OAI22X6   0.108   2.179    2.050  
      datapath_module/alu_module/mul_44_34/g12765                 -             HS65_LS_AO22X9    0.000   2.179    2.050  
      datapath_module/alu_module/mul_44_34/g12765                 B ^ -> Z ^    HS65_LS_AO22X9    0.092   2.271    2.141  
      datapath_module/alu_module/mul_44_34/g11783                 -             HS65_LS_FA1X4     0.000   2.271    2.142  
      datapath_module/alu_module/mul_44_34/g11783                 B0 ^ -> S0 v  HS65_LS_FA1X4     0.147   2.418    2.289  
      datapath_module/alu_module/mul_44_34/g11716                 -             HS65_LS_FA1X4     0.000   2.418    2.289  
      datapath_module/alu_module/mul_44_34/g11716                 B0 v -> CO v  HS65_LS_FA1X4     0.121   2.540    2.410  
      datapath_module/alu_module/mul_44_34/g11693                 -             HS65_LS_FA1X4     0.000   2.540    2.410  
      datapath_module/alu_module/mul_44_34/g11693                 CI v -> CO v  HS65_LS_FA1X4     0.126   2.666    2.536  
      datapath_module/alu_module/mul_44_34/g12747                 -             HS65_LS_PAO2X9    0.000   2.666    2.537  
      datapath_module/alu_module/mul_44_34/g12747                 P v -> Z v    HS65_LS_PAO2X9    0.083   2.749    2.620  
      datapath_module/alu_module/mul_44_34/g11662                 -             HS65_LS_FA1X4     0.000   2.749    2.620  
      datapath_module/alu_module/mul_44_34/g11662                 CI v -> CO v  HS65_LS_FA1X4     0.104   2.853    2.724  
      datapath_module/alu_module/mul_44_34/g11650                 -             HS65_LS_FA1X4     0.000   2.853    2.724  
      datapath_module/alu_module/mul_44_34/g11650                 CI v -> CO v  HS65_LS_FA1X4     0.112   2.965    2.836  
      datapath_module/alu_module/mul_44_34/g12784                 -             HS65_LS_FA1X4     0.000   2.965    2.836  
      datapath_module/alu_module/mul_44_34/g12784                 CI v -> CO v  HS65_LS_FA1X4     0.112   3.077    2.948  
      datapath_module/alu_module/mul_44_34/g11632                 -             HS65_LS_FA1X4     0.000   3.077    2.948  
      datapath_module/alu_module/mul_44_34/g11632                 CI v -> CO v  HS65_LS_FA1X4     0.112   3.189    3.060  
      datapath_module/alu_module/mul_44_34/g11624                 -             HS65_LS_FA1X4     0.000   3.189    3.060  
      datapath_module/alu_module/mul_44_34/g11624                 CI v -> CO v  HS65_LS_FA1X4     0.112   3.301    3.172  
      datapath_module/alu_module/mul_44_34/g11617                 -             HS65_LS_FA1X4     0.000   3.301    3.172  
      datapath_module/alu_module/mul_44_34/g11617                 CI v -> CO v  HS65_LS_FA1X4     0.112   3.413    3.284  
      datapath_module/alu_module/mul_44_34/g12783                 -             HS65_LS_FA1X4     0.000   3.413    3.284  
      datapath_module/alu_module/mul_44_34/g12783                 CI v -> CO v  HS65_LS_FA1X4     0.112   3.526    3.396  
      datapath_module/alu_module/mul_44_34/g12782                 -             HS65_LS_FA1X4     0.000   3.526    3.396  
      datapath_module/alu_module/mul_44_34/g12782                 CI v -> CO v  HS65_LS_FA1X4     0.112   3.638    3.508  
      datapath_module/alu_module/mul_44_34/g12781                 -             HS65_LS_FA1X4     0.000   3.638    3.508  
      datapath_module/alu_module/mul_44_34/g12781                 CI v -> CO v  HS65_LS_FA1X4     0.112   3.750    3.620  
      datapath_module/alu_module/mul_44_34/g12780                 -             HS65_LS_FA1X4     0.000   3.750    3.620  
      datapath_module/alu_module/mul_44_34/g12780                 CI v -> CO v  HS65_LS_FA1X4     0.112   3.862    3.732  
      datapath_module/alu_module/mul_44_34/g12779                 -             HS65_LS_FA1X4     0.000   3.862    3.732  
      datapath_module/alu_module/mul_44_34/g12779                 CI v -> CO v  HS65_LS_FA1X4     0.112   3.974    3.844  
      datapath_module/alu_module/mul_44_34/g12778                 -             HS65_LS_FA1X4     0.000   3.974    3.844  
      datapath_module/alu_module/mul_44_34/g12778                 CI v -> CO v  HS65_LS_FA1X4     0.117   4.091    3.962  
      datapath_module/alu_module/mul_44_34/g12777                 -             HS65_LS_FA1X9     0.000   4.091    3.962  
      datapath_module/alu_module/mul_44_34/g12777                 CI v -> CO v  HS65_LS_FA1X9     0.097   4.188    4.059  
      datapath_module/alu_module/mul_44_34/g12776                 -             HS65_LS_FA1X9     0.000   4.188    4.059  
      datapath_module/alu_module/mul_44_34/g12776                 CI v -> CO v  HS65_LS_FA1X9     0.090   4.278    4.149  
      datapath_module/alu_module/mul_44_34/g12775                 -             HS65_LS_FA1X9     0.000   4.278    4.149  
      datapath_module/alu_module/mul_44_34/g12775                 CI v -> CO v  HS65_LS_FA1X9     0.090   4.368    4.238  
      datapath_module/alu_module/mul_44_34/g12774                 -             HS65_LS_FA1X9     0.000   4.368    4.238  
      datapath_module/alu_module/mul_44_34/g12774                 CI v -> CO v  HS65_LS_FA1X9     0.090   4.457    4.328  
      datapath_module/alu_module/mul_44_34/g12773                 -             HS65_LS_FA1X9     0.000   4.457    4.328  
      datapath_module/alu_module/mul_44_34/g12773                 CI v -> CO v  HS65_LS_FA1X9     0.090   4.547    4.418  
      datapath_module/alu_module/mul_44_34/g12772                 -             HS65_LS_FA1X9     0.000   4.547    4.418  
      datapath_module/alu_module/mul_44_34/g12772                 CI v -> CO v  HS65_LS_FA1X9     0.090   4.637    4.507  
      datapath_module/alu_module/mul_44_34/g12771                 -             HS65_LS_FA1X9     0.000   4.637    4.507  
      datapath_module/alu_module/mul_44_34/g12771                 CI v -> CO v  HS65_LS_FA1X9     0.090   4.726    4.597  
      datapath_module/alu_module/mul_44_34/g12770                 -             HS65_LS_FA1X9     0.000   4.726    4.597  
      datapath_module/alu_module/mul_44_34/g12770                 CI v -> CO v  HS65_LS_FA1X9     0.090   4.816    4.686  
      datapath_module/alu_module/mul_44_34/g12769                 -             HS65_LS_FA1X9     0.000   4.816    4.686  
      datapath_module/alu_module/mul_44_34/g12769                 CI v -> CO v  HS65_LS_FA1X9     0.090   4.905    4.776  
      datapath_module/alu_module/mul_44_34/g12768                 -             HS65_LS_FA1X9     0.000   4.905    4.776  
      datapath_module/alu_module/mul_44_34/g12768                 CI v -> CO v  HS65_LS_FA1X9     0.090   4.995    4.866  
      datapath_module/alu_module/mul_44_34/g12767                 -             HS65_LS_FA1X9     0.000   4.995    4.866  
      datapath_module/alu_module/mul_44_34/g12767                 CI v -> CO v  HS65_LS_FA1X9     0.087   5.082    4.952  
      datapath_module/alu_module/mul_44_34/g12766                 -             HS65_LS_FA1X4     0.000   5.082    4.952  
      datapath_module/alu_module/mul_44_34/g12766                 CI v -> S0 ^  HS65_LS_FA1X4     0.159   5.241    5.111  
      datapath_module/alu_module/g6799                            -             HS65_LS_AO112X18  0.000   5.241    5.111  
      datapath_module/alu_module/g6799                            B ^ -> Z ^    HS65_LS_AO112X18  0.140   5.381    5.252  
      datapath_module/reg_file_module/reg_memory_reg[22][30]1504  -             HS65_LS_SDFPHQX9  0.020   5.401    5.271  
      ---------------------------------------------------------------------------------------------------------------------
     Clock Rise Edge                      0.000
     = Beginpoint Arrival Time            0.000
     Other End Path:
      -------------------------------------------------------------------------------------------------------------------
      Instance                                                    Arc         Cell              Retime  Arrival  Required  
                                                                                                Delay   Time     Time  
      -------------------------------------------------------------------------------------------------------------------
      -                                                           clock ^     -                 -       0.000    0.129  
      CTS_ccl_a_buf_00036                                         -           HS65_LS_BFX284    0.000   0.000    0.129  
      CTS_ccl_a_buf_00036                                         A ^ -> Z ^  HS65_LS_BFX284    0.000   0.000    0.129  
      CTS_ccl_a_buf_00025                                         -           HS65_LS_BFX284    0.000   0.000    0.129  
      CTS_ccl_a_buf_00025                                         A ^ -> Z ^  HS65_LS_BFX284    0.000   0.000    0.129  
      datapath_module/reg_file_module/reg_memory_reg[22][30]1504  -           HS65_LS_SDFPHQX9  0.000   0.000    0.129  
      -------------------------------------------------------------------------------------------------------------------
Path 19: VIOLATED Setup Check with Pin datapath_module/reg_file_module/reg_memory_reg[21][30]1440/CP 
Endpoint:   datapath_module/reg_file_module/reg_memory_reg[21][30]1440/D (^) checked with  leading edge of 'clock'
Beginpoint: IFU_module/PC_reg[3]/Q                                       (^) triggered by  leading edge of 'clock'
Path Groups: {clock}
Retime Analysis { Data Path-Slew }
Other End Arrival Time          0.000
- Setup                        -0.171
+ Phase Shift                   7.100
- Uncertainty                   2.000
= Required Time                 5.271
- Arrival Time                  5.401
= Slack Time                   -0.129
= Slack Time(original)         -0.167
     Clock Rise Edge                      0.000
     = Beginpoint Arrival Time            0.000
     Timing Path:
      ---------------------------------------------------------------------------------------------------------------------
      Instance                                                    Arc           Cell              Retime  Arrival  Required  
                                                                                                  Delay   Time     Time  
      ---------------------------------------------------------------------------------------------------------------------
      -                                                           clock ^       -                 -       0.000    -0.129  
      CTS_ccl_a_buf_00036                                         -             HS65_LS_BFX284    0.000   0.000    -0.129  
      CTS_ccl_a_buf_00036                                         A ^ -> Z ^    HS65_LS_BFX284    0.000   0.000    -0.129  
      CTS_ccl_a_buf_00025                                         -             HS65_LS_BFX284    0.000   0.000    -0.129  
      CTS_ccl_a_buf_00025                                         A ^ -> Z ^    HS65_LS_BFX284    0.000   0.000    -0.129  
      IFU_module/PC_reg[3]                                        -             HS65_LS_SDFPRQX4  0.000   0.000    -0.129  
      IFU_module/PC_reg[3]                                        CP ^ -> Q ^   HS65_LS_SDFPRQX4  0.842   0.842    0.712  
      IFU_module/instr_mem/FE_OFC25_instruction_code_22           -             HS65_LS_IVX7      0.004   0.845    0.716  
      IFU_module/instr_mem/FE_OFC25_instruction_code_22           A ^ -> Z v    HS65_LS_IVX7      0.078   0.923    0.793  
      IFU_module/instr_mem/g723                                   -             HS65_LS_AO22X9    0.000   0.923    0.793  
      IFU_module/instr_mem/g723                                   D v -> Z v    HS65_LS_AO22X9    0.127   1.050    0.921  
      datapath_module/reg_file_module/g21715                      -             HS65_LS_NOR2X6    0.001   1.052    0.922  
      datapath_module/reg_file_module/g21715                      B v -> Z ^    HS65_LS_NOR2X6    0.074   1.126    0.996  
      datapath_module/reg_file_module/g21954                      -             HS65_LS_NOR2AX3   0.000   1.126    0.997  
      datapath_module/reg_file_module/g21954                      A ^ -> Z ^    HS65_LS_NOR2AX3   0.157   1.283    1.154  
      datapath_module/reg_file_module/FE_RC_119_0                 -             HS65_LS_NOR2X6    0.000   1.283    1.154  
      datapath_module/reg_file_module/FE_RC_119_0                 A ^ -> Z v    HS65_LS_NOR2X6    0.058   1.341    1.212  
      datapath_module/reg_file_module/g21186                      -             HS65_LS_AND2X4    0.000   1.341    1.212  
      datapath_module/reg_file_module/g21186                      B v -> Z v    HS65_LS_AND2X4    0.062   1.403    1.274  
      datapath_module/reg_file_module/g21955                      -             HS65_LS_OR3ABCX9  0.000   1.403    1.274  
      datapath_module/reg_file_module/g21955                      C v -> Z ^    HS65_LS_OR3ABCX9  0.190   1.593    1.464  
      datapath_module/alu_module/mul_44_34/FE_OFC21_read_data2_1  -             HS65_LS_BFX9      0.010   1.603    1.473  
      datapath_module/alu_module/mul_44_34/FE_OFC21_read_data2_1  A ^ -> Z ^    HS65_LS_BFX9      0.234   1.837    1.707  
      datapath_module/alu_module/mul_44_34/FE_OFC23_read_data2_1  -             HS65_LS_IVX9      0.009   1.846    1.716  
      datapath_module/alu_module/mul_44_34/FE_OFC23_read_data2_1  A ^ -> Z v    HS65_LS_IVX9      0.216   2.062    1.933  
      datapath_module/alu_module/mul_44_34/g12274                 -             HS65_LS_OAI22X6   0.009   2.071    1.941  
      datapath_module/alu_module/mul_44_34/g12274                 C v -> Z ^    HS65_LS_OAI22X6   0.108   2.179    2.050  
      datapath_module/alu_module/mul_44_34/g12765                 -             HS65_LS_AO22X9    0.000   2.179    2.050  
      datapath_module/alu_module/mul_44_34/g12765                 B ^ -> Z ^    HS65_LS_AO22X9    0.092   2.271    2.141  
      datapath_module/alu_module/mul_44_34/g11783                 -             HS65_LS_FA1X4     0.000   2.271    2.142  
      datapath_module/alu_module/mul_44_34/g11783                 B0 ^ -> S0 v  HS65_LS_FA1X4     0.147   2.418    2.289  
      datapath_module/alu_module/mul_44_34/g11716                 -             HS65_LS_FA1X4     0.000   2.418    2.289  
      datapath_module/alu_module/mul_44_34/g11716                 B0 v -> CO v  HS65_LS_FA1X4     0.121   2.540    2.410  
      datapath_module/alu_module/mul_44_34/g11693                 -             HS65_LS_FA1X4     0.000   2.540    2.410  
      datapath_module/alu_module/mul_44_34/g11693                 CI v -> CO v  HS65_LS_FA1X4     0.126   2.666    2.536  
      datapath_module/alu_module/mul_44_34/g12747                 -             HS65_LS_PAO2X9    0.000   2.666    2.537  
      datapath_module/alu_module/mul_44_34/g12747                 P v -> Z v    HS65_LS_PAO2X9    0.083   2.749    2.620  
      datapath_module/alu_module/mul_44_34/g11662                 -             HS65_LS_FA1X4     0.000   2.749    2.620  
      datapath_module/alu_module/mul_44_34/g11662                 CI v -> CO v  HS65_LS_FA1X4     0.104   2.853    2.724  
      datapath_module/alu_module/mul_44_34/g11650                 -             HS65_LS_FA1X4     0.000   2.853    2.724  
      datapath_module/alu_module/mul_44_34/g11650                 CI v -> CO v  HS65_LS_FA1X4     0.112   2.965    2.836  
      datapath_module/alu_module/mul_44_34/g12784                 -             HS65_LS_FA1X4     0.000   2.965    2.836  
      datapath_module/alu_module/mul_44_34/g12784                 CI v -> CO v  HS65_LS_FA1X4     0.112   3.077    2.948  
      datapath_module/alu_module/mul_44_34/g11632                 -             HS65_LS_FA1X4     0.000   3.077    2.948  
      datapath_module/alu_module/mul_44_34/g11632                 CI v -> CO v  HS65_LS_FA1X4     0.112   3.189    3.060  
      datapath_module/alu_module/mul_44_34/g11624                 -             HS65_LS_FA1X4     0.000   3.189    3.060  
      datapath_module/alu_module/mul_44_34/g11624                 CI v -> CO v  HS65_LS_FA1X4     0.112   3.301    3.172  
      datapath_module/alu_module/mul_44_34/g11617                 -             HS65_LS_FA1X4     0.000   3.301    3.172  
      datapath_module/alu_module/mul_44_34/g11617                 CI v -> CO v  HS65_LS_FA1X4     0.112   3.413    3.284  
      datapath_module/alu_module/mul_44_34/g12783                 -             HS65_LS_FA1X4     0.000   3.413    3.284  
      datapath_module/alu_module/mul_44_34/g12783                 CI v -> CO v  HS65_LS_FA1X4     0.112   3.526    3.396  
      datapath_module/alu_module/mul_44_34/g12782                 -             HS65_LS_FA1X4     0.000   3.526    3.396  
      datapath_module/alu_module/mul_44_34/g12782                 CI v -> CO v  HS65_LS_FA1X4     0.112   3.638    3.508  
      datapath_module/alu_module/mul_44_34/g12781                 -             HS65_LS_FA1X4     0.000   3.638    3.508  
      datapath_module/alu_module/mul_44_34/g12781                 CI v -> CO v  HS65_LS_FA1X4     0.112   3.750    3.620  
      datapath_module/alu_module/mul_44_34/g12780                 -             HS65_LS_FA1X4     0.000   3.750    3.620  
      datapath_module/alu_module/mul_44_34/g12780                 CI v -> CO v  HS65_LS_FA1X4     0.112   3.862    3.732  
      datapath_module/alu_module/mul_44_34/g12779                 -             HS65_LS_FA1X4     0.000   3.862    3.732  
      datapath_module/alu_module/mul_44_34/g12779                 CI v -> CO v  HS65_LS_FA1X4     0.112   3.974    3.844  
      datapath_module/alu_module/mul_44_34/g12778                 -             HS65_LS_FA1X4     0.000   3.974    3.844  
      datapath_module/alu_module/mul_44_34/g12778                 CI v -> CO v  HS65_LS_FA1X4     0.117   4.091    3.962  
      datapath_module/alu_module/mul_44_34/g12777                 -             HS65_LS_FA1X9     0.000   4.091    3.962  
      datapath_module/alu_module/mul_44_34/g12777                 CI v -> CO v  HS65_LS_FA1X9     0.097   4.188    4.059  
      datapath_module/alu_module/mul_44_34/g12776                 -             HS65_LS_FA1X9     0.000   4.188    4.059  
      datapath_module/alu_module/mul_44_34/g12776                 CI v -> CO v  HS65_LS_FA1X9     0.090   4.278    4.149  
      datapath_module/alu_module/mul_44_34/g12775                 -             HS65_LS_FA1X9     0.000   4.278    4.149  
      datapath_module/alu_module/mul_44_34/g12775                 CI v -> CO v  HS65_LS_FA1X9     0.090   4.368    4.238  
      datapath_module/alu_module/mul_44_34/g12774                 -             HS65_LS_FA1X9     0.000   4.368    4.238  
      datapath_module/alu_module/mul_44_34/g12774                 CI v -> CO v  HS65_LS_FA1X9     0.090   4.457    4.328  
      datapath_module/alu_module/mul_44_34/g12773                 -             HS65_LS_FA1X9     0.000   4.457    4.328  
      datapath_module/alu_module/mul_44_34/g12773                 CI v -> CO v  HS65_LS_FA1X9     0.090   4.547    4.418  
      datapath_module/alu_module/mul_44_34/g12772                 -             HS65_LS_FA1X9     0.000   4.547    4.418  
      datapath_module/alu_module/mul_44_34/g12772                 CI v -> CO v  HS65_LS_FA1X9     0.090   4.637    4.507  
      datapath_module/alu_module/mul_44_34/g12771                 -             HS65_LS_FA1X9     0.000   4.637    4.507  
      datapath_module/alu_module/mul_44_34/g12771                 CI v -> CO v  HS65_LS_FA1X9     0.090   4.726    4.597  
      datapath_module/alu_module/mul_44_34/g12770                 -             HS65_LS_FA1X9     0.000   4.726    4.597  
      datapath_module/alu_module/mul_44_34/g12770                 CI v -> CO v  HS65_LS_FA1X9     0.090   4.816    4.686  
      datapath_module/alu_module/mul_44_34/g12769                 -             HS65_LS_FA1X9     0.000   4.816    4.686  
      datapath_module/alu_module/mul_44_34/g12769                 CI v -> CO v  HS65_LS_FA1X9     0.090   4.905    4.776  
      datapath_module/alu_module/mul_44_34/g12768                 -             HS65_LS_FA1X9     0.000   4.905    4.776  
      datapath_module/alu_module/mul_44_34/g12768                 CI v -> CO v  HS65_LS_FA1X9     0.090   4.995    4.866  
      datapath_module/alu_module/mul_44_34/g12767                 -             HS65_LS_FA1X9     0.000   4.995    4.866  
      datapath_module/alu_module/mul_44_34/g12767                 CI v -> CO v  HS65_LS_FA1X9     0.087   5.082    4.952  
      datapath_module/alu_module/mul_44_34/g12766                 -             HS65_LS_FA1X4     0.000   5.082    4.952  
      datapath_module/alu_module/mul_44_34/g12766                 CI v -> S0 ^  HS65_LS_FA1X4     0.159   5.241    5.111  
      datapath_module/alu_module/g6799                            -             HS65_LS_AO112X18  0.000   5.241    5.111  
      datapath_module/alu_module/g6799                            B ^ -> Z ^    HS65_LS_AO112X18  0.140   5.381    5.252  
      datapath_module/reg_file_module/reg_memory_reg[21][30]1440  -             HS65_LS_SDFPHQX9  0.020   5.401    5.271  
      ---------------------------------------------------------------------------------------------------------------------
     Clock Rise Edge                      0.000
     = Beginpoint Arrival Time            0.000
     Other End Path:
      -------------------------------------------------------------------------------------------------------------------
      Instance                                                    Arc         Cell              Retime  Arrival  Required  
                                                                                                Delay   Time     Time  
      -------------------------------------------------------------------------------------------------------------------
      -                                                           clock ^     -                 -       0.000    0.129  
      CTS_ccl_a_buf_00036                                         -           HS65_LS_BFX284    0.000   0.000    0.129  
      CTS_ccl_a_buf_00036                                         A ^ -> Z ^  HS65_LS_BFX284    0.000   0.000    0.129  
      datapath_module/reg_file_module/CTS_ccl_a_buf_00021         -           HS65_LS_BFX284    0.000   0.000    0.129  
      datapath_module/reg_file_module/CTS_ccl_a_buf_00021         A ^ -> Z ^  HS65_LS_BFX284    0.000   0.000    0.129  
      datapath_module/reg_file_module/reg_memory_reg[21][30]1440  -           HS65_LS_SDFPHQX9  0.000   0.000    0.129  
      -------------------------------------------------------------------------------------------------------------------
Path 20: VIOLATED Setup Check with Pin datapath_module/reg_file_module/reg_memory_reg[20][30]1376/CP 
Endpoint:   datapath_module/reg_file_module/reg_memory_reg[20][30]1376/D (^) checked with  leading edge of 'clock'
Beginpoint: IFU_module/PC_reg[3]/Q                                       (^) triggered by  leading edge of 'clock'
Path Groups: {clock}
Retime Analysis { Data Path-Slew }
Other End Arrival Time          0.000
- Setup                        -0.171
+ Phase Shift                   7.100
- Uncertainty                   2.000
= Required Time                 5.271
- Arrival Time                  5.401
= Slack Time                   -0.129
= Slack Time(original)         -0.167
     Clock Rise Edge                      0.000
     = Beginpoint Arrival Time            0.000
     Timing Path:
      ---------------------------------------------------------------------------------------------------------------------
      Instance                                                    Arc           Cell              Retime  Arrival  Required  
                                                                                                  Delay   Time     Time  
      ---------------------------------------------------------------------------------------------------------------------
      -                                                           clock ^       -                 -       0.000    -0.129  
      CTS_ccl_a_buf_00036                                         -             HS65_LS_BFX284    0.000   0.000    -0.129  
      CTS_ccl_a_buf_00036                                         A ^ -> Z ^    HS65_LS_BFX284    0.000   0.000    -0.129  
      CTS_ccl_a_buf_00025                                         -             HS65_LS_BFX284    0.000   0.000    -0.129  
      CTS_ccl_a_buf_00025                                         A ^ -> Z ^    HS65_LS_BFX284    0.000   0.000    -0.129  
      IFU_module/PC_reg[3]                                        -             HS65_LS_SDFPRQX4  0.000   0.000    -0.129  
      IFU_module/PC_reg[3]                                        CP ^ -> Q ^   HS65_LS_SDFPRQX4  0.842   0.842    0.712  
      IFU_module/instr_mem/FE_OFC25_instruction_code_22           -             HS65_LS_IVX7      0.004   0.845    0.716  
      IFU_module/instr_mem/FE_OFC25_instruction_code_22           A ^ -> Z v    HS65_LS_IVX7      0.078   0.923    0.793  
      IFU_module/instr_mem/g723                                   -             HS65_LS_AO22X9    0.000   0.923    0.793  
      IFU_module/instr_mem/g723                                   D v -> Z v    HS65_LS_AO22X9    0.127   1.050    0.921  
      datapath_module/reg_file_module/g21715                      -             HS65_LS_NOR2X6    0.001   1.052    0.922  
      datapath_module/reg_file_module/g21715                      B v -> Z ^    HS65_LS_NOR2X6    0.074   1.126    0.996  
      datapath_module/reg_file_module/g21954                      -             HS65_LS_NOR2AX3   0.000   1.126    0.997  
      datapath_module/reg_file_module/g21954                      A ^ -> Z ^    HS65_LS_NOR2AX3   0.157   1.283    1.154  
      datapath_module/reg_file_module/FE_RC_119_0                 -             HS65_LS_NOR2X6    0.000   1.283    1.154  
      datapath_module/reg_file_module/FE_RC_119_0                 A ^ -> Z v    HS65_LS_NOR2X6    0.058   1.341    1.212  
      datapath_module/reg_file_module/g21186                      -             HS65_LS_AND2X4    0.000   1.341    1.212  
      datapath_module/reg_file_module/g21186                      B v -> Z v    HS65_LS_AND2X4    0.062   1.403    1.274  
      datapath_module/reg_file_module/g21955                      -             HS65_LS_OR3ABCX9  0.000   1.403    1.274  
      datapath_module/reg_file_module/g21955                      C v -> Z ^    HS65_LS_OR3ABCX9  0.190   1.593    1.464  
      datapath_module/alu_module/mul_44_34/FE_OFC21_read_data2_1  -             HS65_LS_BFX9      0.010   1.603    1.473  
      datapath_module/alu_module/mul_44_34/FE_OFC21_read_data2_1  A ^ -> Z ^    HS65_LS_BFX9      0.234   1.837    1.707  
      datapath_module/alu_module/mul_44_34/FE_OFC23_read_data2_1  -             HS65_LS_IVX9      0.009   1.846    1.716  
      datapath_module/alu_module/mul_44_34/FE_OFC23_read_data2_1  A ^ -> Z v    HS65_LS_IVX9      0.216   2.062    1.933  
      datapath_module/alu_module/mul_44_34/g12274                 -             HS65_LS_OAI22X6   0.009   2.071    1.941  
      datapath_module/alu_module/mul_44_34/g12274                 C v -> Z ^    HS65_LS_OAI22X6   0.108   2.179    2.050  
      datapath_module/alu_module/mul_44_34/g12765                 -             HS65_LS_AO22X9    0.000   2.179    2.050  
      datapath_module/alu_module/mul_44_34/g12765                 B ^ -> Z ^    HS65_LS_AO22X9    0.092   2.271    2.141  
      datapath_module/alu_module/mul_44_34/g11783                 -             HS65_LS_FA1X4     0.000   2.271    2.142  
      datapath_module/alu_module/mul_44_34/g11783                 B0 ^ -> S0 v  HS65_LS_FA1X4     0.147   2.418    2.289  
      datapath_module/alu_module/mul_44_34/g11716                 -             HS65_LS_FA1X4     0.000   2.418    2.289  
      datapath_module/alu_module/mul_44_34/g11716                 B0 v -> CO v  HS65_LS_FA1X4     0.121   2.540    2.410  
      datapath_module/alu_module/mul_44_34/g11693                 -             HS65_LS_FA1X4     0.000   2.540    2.410  
      datapath_module/alu_module/mul_44_34/g11693                 CI v -> CO v  HS65_LS_FA1X4     0.126   2.666    2.536  
      datapath_module/alu_module/mul_44_34/g12747                 -             HS65_LS_PAO2X9    0.000   2.666    2.537  
      datapath_module/alu_module/mul_44_34/g12747                 P v -> Z v    HS65_LS_PAO2X9    0.083   2.749    2.620  
      datapath_module/alu_module/mul_44_34/g11662                 -             HS65_LS_FA1X4     0.000   2.749    2.620  
      datapath_module/alu_module/mul_44_34/g11662                 CI v -> CO v  HS65_LS_FA1X4     0.104   2.853    2.724  
      datapath_module/alu_module/mul_44_34/g11650                 -             HS65_LS_FA1X4     0.000   2.853    2.724  
      datapath_module/alu_module/mul_44_34/g11650                 CI v -> CO v  HS65_LS_FA1X4     0.112   2.965    2.836  
      datapath_module/alu_module/mul_44_34/g12784                 -             HS65_LS_FA1X4     0.000   2.965    2.836  
      datapath_module/alu_module/mul_44_34/g12784                 CI v -> CO v  HS65_LS_FA1X4     0.112   3.077    2.948  
      datapath_module/alu_module/mul_44_34/g11632                 -             HS65_LS_FA1X4     0.000   3.077    2.948  
      datapath_module/alu_module/mul_44_34/g11632                 CI v -> CO v  HS65_LS_FA1X4     0.112   3.189    3.060  
      datapath_module/alu_module/mul_44_34/g11624                 -             HS65_LS_FA1X4     0.000   3.189    3.060  
      datapath_module/alu_module/mul_44_34/g11624                 CI v -> CO v  HS65_LS_FA1X4     0.112   3.301    3.172  
      datapath_module/alu_module/mul_44_34/g11617                 -             HS65_LS_FA1X4     0.000   3.301    3.172  
      datapath_module/alu_module/mul_44_34/g11617                 CI v -> CO v  HS65_LS_FA1X4     0.112   3.413    3.284  
      datapath_module/alu_module/mul_44_34/g12783                 -             HS65_LS_FA1X4     0.000   3.413    3.284  
      datapath_module/alu_module/mul_44_34/g12783                 CI v -> CO v  HS65_LS_FA1X4     0.112   3.526    3.396  
      datapath_module/alu_module/mul_44_34/g12782                 -             HS65_LS_FA1X4     0.000   3.526    3.396  
      datapath_module/alu_module/mul_44_34/g12782                 CI v -> CO v  HS65_LS_FA1X4     0.112   3.638    3.508  
      datapath_module/alu_module/mul_44_34/g12781                 -             HS65_LS_FA1X4     0.000   3.638    3.508  
      datapath_module/alu_module/mul_44_34/g12781                 CI v -> CO v  HS65_LS_FA1X4     0.112   3.750    3.620  
      datapath_module/alu_module/mul_44_34/g12780                 -             HS65_LS_FA1X4     0.000   3.750    3.620  
      datapath_module/alu_module/mul_44_34/g12780                 CI v -> CO v  HS65_LS_FA1X4     0.112   3.862    3.732  
      datapath_module/alu_module/mul_44_34/g12779                 -             HS65_LS_FA1X4     0.000   3.862    3.732  
      datapath_module/alu_module/mul_44_34/g12779                 CI v -> CO v  HS65_LS_FA1X4     0.112   3.974    3.844  
      datapath_module/alu_module/mul_44_34/g12778                 -             HS65_LS_FA1X4     0.000   3.974    3.844  
      datapath_module/alu_module/mul_44_34/g12778                 CI v -> CO v  HS65_LS_FA1X4     0.117   4.091    3.962  
      datapath_module/alu_module/mul_44_34/g12777                 -             HS65_LS_FA1X9     0.000   4.091    3.962  
      datapath_module/alu_module/mul_44_34/g12777                 CI v -> CO v  HS65_LS_FA1X9     0.097   4.188    4.059  
      datapath_module/alu_module/mul_44_34/g12776                 -             HS65_LS_FA1X9     0.000   4.188    4.059  
      datapath_module/alu_module/mul_44_34/g12776                 CI v -> CO v  HS65_LS_FA1X9     0.090   4.278    4.149  
      datapath_module/alu_module/mul_44_34/g12775                 -             HS65_LS_FA1X9     0.000   4.278    4.149  
      datapath_module/alu_module/mul_44_34/g12775                 CI v -> CO v  HS65_LS_FA1X9     0.090   4.368    4.238  
      datapath_module/alu_module/mul_44_34/g12774                 -             HS65_LS_FA1X9     0.000   4.368    4.238  
      datapath_module/alu_module/mul_44_34/g12774                 CI v -> CO v  HS65_LS_FA1X9     0.090   4.457    4.328  
      datapath_module/alu_module/mul_44_34/g12773                 -             HS65_LS_FA1X9     0.000   4.457    4.328  
      datapath_module/alu_module/mul_44_34/g12773                 CI v -> CO v  HS65_LS_FA1X9     0.090   4.547    4.418  
      datapath_module/alu_module/mul_44_34/g12772                 -             HS65_LS_FA1X9     0.000   4.547    4.418  
      datapath_module/alu_module/mul_44_34/g12772                 CI v -> CO v  HS65_LS_FA1X9     0.090   4.637    4.507  
      datapath_module/alu_module/mul_44_34/g12771                 -             HS65_LS_FA1X9     0.000   4.637    4.507  
      datapath_module/alu_module/mul_44_34/g12771                 CI v -> CO v  HS65_LS_FA1X9     0.090   4.726    4.597  
      datapath_module/alu_module/mul_44_34/g12770                 -             HS65_LS_FA1X9     0.000   4.726    4.597  
      datapath_module/alu_module/mul_44_34/g12770                 CI v -> CO v  HS65_LS_FA1X9     0.090   4.816    4.686  
      datapath_module/alu_module/mul_44_34/g12769                 -             HS65_LS_FA1X9     0.000   4.816    4.686  
      datapath_module/alu_module/mul_44_34/g12769                 CI v -> CO v  HS65_LS_FA1X9     0.090   4.905    4.776  
      datapath_module/alu_module/mul_44_34/g12768                 -             HS65_LS_FA1X9     0.000   4.905    4.776  
      datapath_module/alu_module/mul_44_34/g12768                 CI v -> CO v  HS65_LS_FA1X9     0.090   4.995    4.866  
      datapath_module/alu_module/mul_44_34/g12767                 -             HS65_LS_FA1X9     0.000   4.995    4.866  
      datapath_module/alu_module/mul_44_34/g12767                 CI v -> CO v  HS65_LS_FA1X9     0.087   5.082    4.952  
      datapath_module/alu_module/mul_44_34/g12766                 -             HS65_LS_FA1X4     0.000   5.082    4.952  
      datapath_module/alu_module/mul_44_34/g12766                 CI v -> S0 ^  HS65_LS_FA1X4     0.159   5.241    5.111  
      datapath_module/alu_module/g6799                            -             HS65_LS_AO112X18  0.000   5.241    5.111  
      datapath_module/alu_module/g6799                            B ^ -> Z ^    HS65_LS_AO112X18  0.140   5.381    5.252  
      datapath_module/reg_file_module/reg_memory_reg[20][30]1376  -             HS65_LS_SDFPHQX9  0.020   5.401    5.271  
      ---------------------------------------------------------------------------------------------------------------------
     Clock Rise Edge                      0.000
     = Beginpoint Arrival Time            0.000
     Other End Path:
      -------------------------------------------------------------------------------------------------------------------
      Instance                                                    Arc         Cell              Retime  Arrival  Required  
                                                                                                Delay   Time     Time  
      -------------------------------------------------------------------------------------------------------------------
      -                                                           clock ^     -                 -       0.000    0.129  
      CTS_ccl_a_buf_00036                                         -           HS65_LS_BFX284    0.000   0.000    0.129  
      CTS_ccl_a_buf_00036                                         A ^ -> Z ^  HS65_LS_BFX284    0.000   0.000    0.129  
      datapath_module/reg_file_module/CTS_ccl_a_buf_00033         -           HS65_LS_BFX284    0.000   0.000    0.129  
      datapath_module/reg_file_module/CTS_ccl_a_buf_00033         A ^ -> Z ^  HS65_LS_BFX284    0.000   0.000    0.129  
      datapath_module/reg_file_module/reg_memory_reg[20][30]1376  -           HS65_LS_SDFPHQX9  0.000   0.000    0.129  
      -------------------------------------------------------------------------------------------------------------------
Path 21: VIOLATED Setup Check with Pin datapath_module/reg_file_module/reg_memory_reg[1][30]160/CP 
Endpoint:   datapath_module/reg_file_module/reg_memory_reg[1][30]160/D (^) checked with  leading edge of 'clock'
Beginpoint: IFU_module/PC_reg[3]/Q                                     (^) triggered by  leading edge of 'clock'
Path Groups: {clock}
Retime Analysis { Data Path-Slew }
Other End Arrival Time          0.000
- Setup                        -0.171
+ Phase Shift                   7.100
- Uncertainty                   2.000
= Required Time                 5.271
- Arrival Time                  5.401
= Slack Time                   -0.129
= Slack Time(original)         -0.167
     Clock Rise Edge                      0.000
     = Beginpoint Arrival Time            0.000
     Timing Path:
      ---------------------------------------------------------------------------------------------------------------------
      Instance                                                    Arc           Cell              Retime  Arrival  Required  
                                                                                                  Delay   Time     Time  
      ---------------------------------------------------------------------------------------------------------------------
      -                                                           clock ^       -                 -       0.000    -0.129  
      CTS_ccl_a_buf_00036                                         -             HS65_LS_BFX284    0.000   0.000    -0.129  
      CTS_ccl_a_buf_00036                                         A ^ -> Z ^    HS65_LS_BFX284    0.000   0.000    -0.129  
      CTS_ccl_a_buf_00025                                         -             HS65_LS_BFX284    0.000   0.000    -0.129  
      CTS_ccl_a_buf_00025                                         A ^ -> Z ^    HS65_LS_BFX284    0.000   0.000    -0.129  
      IFU_module/PC_reg[3]                                        -             HS65_LS_SDFPRQX4  0.000   0.000    -0.129  
      IFU_module/PC_reg[3]                                        CP ^ -> Q ^   HS65_LS_SDFPRQX4  0.842   0.842    0.712  
      IFU_module/instr_mem/FE_OFC25_instruction_code_22           -             HS65_LS_IVX7      0.004   0.845    0.716  
      IFU_module/instr_mem/FE_OFC25_instruction_code_22           A ^ -> Z v    HS65_LS_IVX7      0.078   0.923    0.793  
      IFU_module/instr_mem/g723                                   -             HS65_LS_AO22X9    0.000   0.923    0.793  
      IFU_module/instr_mem/g723                                   D v -> Z v    HS65_LS_AO22X9    0.127   1.050    0.921  
      datapath_module/reg_file_module/g21715                      -             HS65_LS_NOR2X6    0.001   1.052    0.922  
      datapath_module/reg_file_module/g21715                      B v -> Z ^    HS65_LS_NOR2X6    0.074   1.126    0.996  
      datapath_module/reg_file_module/g21954                      -             HS65_LS_NOR2AX3   0.000   1.126    0.997  
      datapath_module/reg_file_module/g21954                      A ^ -> Z ^    HS65_LS_NOR2AX3   0.157   1.283    1.154  
      datapath_module/reg_file_module/FE_RC_119_0                 -             HS65_LS_NOR2X6    0.000   1.283    1.154  
      datapath_module/reg_file_module/FE_RC_119_0                 A ^ -> Z v    HS65_LS_NOR2X6    0.058   1.341    1.212  
      datapath_module/reg_file_module/g21186                      -             HS65_LS_AND2X4    0.000   1.341    1.212  
      datapath_module/reg_file_module/g21186                      B v -> Z v    HS65_LS_AND2X4    0.062   1.403    1.274  
      datapath_module/reg_file_module/g21955                      -             HS65_LS_OR3ABCX9  0.000   1.403    1.274  
      datapath_module/reg_file_module/g21955                      C v -> Z ^    HS65_LS_OR3ABCX9  0.190   1.593    1.464  
      datapath_module/alu_module/mul_44_34/FE_OFC21_read_data2_1  -             HS65_LS_BFX9      0.010   1.603    1.473  
      datapath_module/alu_module/mul_44_34/FE_OFC21_read_data2_1  A ^ -> Z ^    HS65_LS_BFX9      0.234   1.837    1.707  
      datapath_module/alu_module/mul_44_34/FE_OFC23_read_data2_1  -             HS65_LS_IVX9      0.009   1.846    1.716  
      datapath_module/alu_module/mul_44_34/FE_OFC23_read_data2_1  A ^ -> Z v    HS65_LS_IVX9      0.216   2.062    1.933  
      datapath_module/alu_module/mul_44_34/g12274                 -             HS65_LS_OAI22X6   0.009   2.071    1.941  
      datapath_module/alu_module/mul_44_34/g12274                 C v -> Z ^    HS65_LS_OAI22X6   0.108   2.179    2.050  
      datapath_module/alu_module/mul_44_34/g12765                 -             HS65_LS_AO22X9    0.000   2.179    2.050  
      datapath_module/alu_module/mul_44_34/g12765                 B ^ -> Z ^    HS65_LS_AO22X9    0.092   2.271    2.141  
      datapath_module/alu_module/mul_44_34/g11783                 -             HS65_LS_FA1X4     0.000   2.271    2.142  
      datapath_module/alu_module/mul_44_34/g11783                 B0 ^ -> S0 v  HS65_LS_FA1X4     0.147   2.418    2.289  
      datapath_module/alu_module/mul_44_34/g11716                 -             HS65_LS_FA1X4     0.000   2.418    2.289  
      datapath_module/alu_module/mul_44_34/g11716                 B0 v -> CO v  HS65_LS_FA1X4     0.121   2.540    2.410  
      datapath_module/alu_module/mul_44_34/g11693                 -             HS65_LS_FA1X4     0.000   2.540    2.410  
      datapath_module/alu_module/mul_44_34/g11693                 CI v -> CO v  HS65_LS_FA1X4     0.126   2.666    2.536  
      datapath_module/alu_module/mul_44_34/g12747                 -             HS65_LS_PAO2X9    0.000   2.666    2.537  
      datapath_module/alu_module/mul_44_34/g12747                 P v -> Z v    HS65_LS_PAO2X9    0.083   2.749    2.620  
      datapath_module/alu_module/mul_44_34/g11662                 -             HS65_LS_FA1X4     0.000   2.749    2.620  
      datapath_module/alu_module/mul_44_34/g11662                 CI v -> CO v  HS65_LS_FA1X4     0.104   2.853    2.724  
      datapath_module/alu_module/mul_44_34/g11650                 -             HS65_LS_FA1X4     0.000   2.853    2.724  
      datapath_module/alu_module/mul_44_34/g11650                 CI v -> CO v  HS65_LS_FA1X4     0.112   2.965    2.836  
      datapath_module/alu_module/mul_44_34/g12784                 -             HS65_LS_FA1X4     0.000   2.965    2.836  
      datapath_module/alu_module/mul_44_34/g12784                 CI v -> CO v  HS65_LS_FA1X4     0.112   3.077    2.948  
      datapath_module/alu_module/mul_44_34/g11632                 -             HS65_LS_FA1X4     0.000   3.077    2.948  
      datapath_module/alu_module/mul_44_34/g11632                 CI v -> CO v  HS65_LS_FA1X4     0.112   3.189    3.060  
      datapath_module/alu_module/mul_44_34/g11624                 -             HS65_LS_FA1X4     0.000   3.189    3.060  
      datapath_module/alu_module/mul_44_34/g11624                 CI v -> CO v  HS65_LS_FA1X4     0.112   3.301    3.172  
      datapath_module/alu_module/mul_44_34/g11617                 -             HS65_LS_FA1X4     0.000   3.301    3.172  
      datapath_module/alu_module/mul_44_34/g11617                 CI v -> CO v  HS65_LS_FA1X4     0.112   3.413    3.284  
      datapath_module/alu_module/mul_44_34/g12783                 -             HS65_LS_FA1X4     0.000   3.413    3.284  
      datapath_module/alu_module/mul_44_34/g12783                 CI v -> CO v  HS65_LS_FA1X4     0.112   3.526    3.396  
      datapath_module/alu_module/mul_44_34/g12782                 -             HS65_LS_FA1X4     0.000   3.526    3.396  
      datapath_module/alu_module/mul_44_34/g12782                 CI v -> CO v  HS65_LS_FA1X4     0.112   3.638    3.508  
      datapath_module/alu_module/mul_44_34/g12781                 -             HS65_LS_FA1X4     0.000   3.638    3.508  
      datapath_module/alu_module/mul_44_34/g12781                 CI v -> CO v  HS65_LS_FA1X4     0.112   3.750    3.620  
      datapath_module/alu_module/mul_44_34/g12780                 -             HS65_LS_FA1X4     0.000   3.750    3.620  
      datapath_module/alu_module/mul_44_34/g12780                 CI v -> CO v  HS65_LS_FA1X4     0.112   3.862    3.732  
      datapath_module/alu_module/mul_44_34/g12779                 -             HS65_LS_FA1X4     0.000   3.862    3.732  
      datapath_module/alu_module/mul_44_34/g12779                 CI v -> CO v  HS65_LS_FA1X4     0.112   3.974    3.844  
      datapath_module/alu_module/mul_44_34/g12778                 -             HS65_LS_FA1X4     0.000   3.974    3.844  
      datapath_module/alu_module/mul_44_34/g12778                 CI v -> CO v  HS65_LS_FA1X4     0.117   4.091    3.962  
      datapath_module/alu_module/mul_44_34/g12777                 -             HS65_LS_FA1X9     0.000   4.091    3.962  
      datapath_module/alu_module/mul_44_34/g12777                 CI v -> CO v  HS65_LS_FA1X9     0.097   4.188    4.059  
      datapath_module/alu_module/mul_44_34/g12776                 -             HS65_LS_FA1X9     0.000   4.188    4.059  
      datapath_module/alu_module/mul_44_34/g12776                 CI v -> CO v  HS65_LS_FA1X9     0.090   4.278    4.149  
      datapath_module/alu_module/mul_44_34/g12775                 -             HS65_LS_FA1X9     0.000   4.278    4.149  
      datapath_module/alu_module/mul_44_34/g12775                 CI v -> CO v  HS65_LS_FA1X9     0.090   4.368    4.238  
      datapath_module/alu_module/mul_44_34/g12774                 -             HS65_LS_FA1X9     0.000   4.368    4.238  
      datapath_module/alu_module/mul_44_34/g12774                 CI v -> CO v  HS65_LS_FA1X9     0.090   4.457    4.328  
      datapath_module/alu_module/mul_44_34/g12773                 -             HS65_LS_FA1X9     0.000   4.457    4.328  
      datapath_module/alu_module/mul_44_34/g12773                 CI v -> CO v  HS65_LS_FA1X9     0.090   4.547    4.418  
      datapath_module/alu_module/mul_44_34/g12772                 -             HS65_LS_FA1X9     0.000   4.547    4.418  
      datapath_module/alu_module/mul_44_34/g12772                 CI v -> CO v  HS65_LS_FA1X9     0.090   4.637    4.507  
      datapath_module/alu_module/mul_44_34/g12771                 -             HS65_LS_FA1X9     0.000   4.637    4.507  
      datapath_module/alu_module/mul_44_34/g12771                 CI v -> CO v  HS65_LS_FA1X9     0.090   4.726    4.597  
      datapath_module/alu_module/mul_44_34/g12770                 -             HS65_LS_FA1X9     0.000   4.726    4.597  
      datapath_module/alu_module/mul_44_34/g12770                 CI v -> CO v  HS65_LS_FA1X9     0.090   4.816    4.686  
      datapath_module/alu_module/mul_44_34/g12769                 -             HS65_LS_FA1X9     0.000   4.816    4.686  
      datapath_module/alu_module/mul_44_34/g12769                 CI v -> CO v  HS65_LS_FA1X9     0.090   4.905    4.776  
      datapath_module/alu_module/mul_44_34/g12768                 -             HS65_LS_FA1X9     0.000   4.905    4.776  
      datapath_module/alu_module/mul_44_34/g12768                 CI v -> CO v  HS65_LS_FA1X9     0.090   4.995    4.866  
      datapath_module/alu_module/mul_44_34/g12767                 -             HS65_LS_FA1X9     0.000   4.995    4.866  
      datapath_module/alu_module/mul_44_34/g12767                 CI v -> CO v  HS65_LS_FA1X9     0.087   5.082    4.952  
      datapath_module/alu_module/mul_44_34/g12766                 -             HS65_LS_FA1X4     0.000   5.082    4.952  
      datapath_module/alu_module/mul_44_34/g12766                 CI v -> S0 ^  HS65_LS_FA1X4     0.159   5.241    5.111  
      datapath_module/alu_module/g6799                            -             HS65_LS_AO112X18  0.000   5.241    5.111  
      datapath_module/alu_module/g6799                            B ^ -> Z ^    HS65_LS_AO112X18  0.140   5.381    5.252  
      datapath_module/reg_file_module/reg_memory_reg[1][30]160    -             HS65_LS_SDFPHQX9  0.020   5.401    5.271  
      ---------------------------------------------------------------------------------------------------------------------
     Clock Rise Edge                      0.000
     = Beginpoint Arrival Time            0.000
     Other End Path:
      -----------------------------------------------------------------------------------------------------------------
      Instance                                                  Arc         Cell              Retime  Arrival  Required  
                                                                                              Delay   Time     Time  
      -----------------------------------------------------------------------------------------------------------------
      -                                                         clock ^     -                 -       0.000    0.129  
      CTS_ccl_a_buf_00036                                       -           HS65_LS_BFX284    0.000   0.000    0.129  
      CTS_ccl_a_buf_00036                                       A ^ -> Z ^  HS65_LS_BFX284    0.000   0.000    0.129  
      datapath_module/reg_file_module/CTS_ccl_a_buf_00033       -           HS65_LS_BFX284    0.000   0.000    0.129  
      datapath_module/reg_file_module/CTS_ccl_a_buf_00033       A ^ -> Z ^  HS65_LS_BFX284    0.000   0.000    0.129  
      datapath_module/reg_file_module/reg_memory_reg[1][30]160  -           HS65_LS_SDFPHQX9  0.000   0.000    0.129  
      -----------------------------------------------------------------------------------------------------------------
Path 22: VIOLATED Setup Check with Pin datapath_module/reg_file_module/reg_memory_reg[19][30]1312/CP 
Endpoint:   datapath_module/reg_file_module/reg_memory_reg[19][30]1312/D (^) checked with  leading edge of 'clock'
Beginpoint: IFU_module/PC_reg[3]/Q                                       (^) triggered by  leading edge of 'clock'
Path Groups: {clock}
Retime Analysis { Data Path-Slew }
Other End Arrival Time          0.000
- Setup                        -0.171
+ Phase Shift                   7.100
- Uncertainty                   2.000
= Required Time                 5.271
- Arrival Time                  5.401
= Slack Time                   -0.129
= Slack Time(original)         -0.167
     Clock Rise Edge                      0.000
     = Beginpoint Arrival Time            0.000
     Timing Path:
      ---------------------------------------------------------------------------------------------------------------------
      Instance                                                    Arc           Cell              Retime  Arrival  Required  
                                                                                                  Delay   Time     Time  
      ---------------------------------------------------------------------------------------------------------------------
      -                                                           clock ^       -                 -       0.000    -0.129  
      CTS_ccl_a_buf_00036                                         -             HS65_LS_BFX284    0.000   0.000    -0.129  
      CTS_ccl_a_buf_00036                                         A ^ -> Z ^    HS65_LS_BFX284    0.000   0.000    -0.129  
      CTS_ccl_a_buf_00025                                         -             HS65_LS_BFX284    0.000   0.000    -0.129  
      CTS_ccl_a_buf_00025                                         A ^ -> Z ^    HS65_LS_BFX284    0.000   0.000    -0.129  
      IFU_module/PC_reg[3]                                        -             HS65_LS_SDFPRQX4  0.000   0.000    -0.129  
      IFU_module/PC_reg[3]                                        CP ^ -> Q ^   HS65_LS_SDFPRQX4  0.842   0.842    0.712  
      IFU_module/instr_mem/FE_OFC25_instruction_code_22           -             HS65_LS_IVX7      0.004   0.845    0.716  
      IFU_module/instr_mem/FE_OFC25_instruction_code_22           A ^ -> Z v    HS65_LS_IVX7      0.078   0.923    0.793  
      IFU_module/instr_mem/g723                                   -             HS65_LS_AO22X9    0.000   0.923    0.793  
      IFU_module/instr_mem/g723                                   D v -> Z v    HS65_LS_AO22X9    0.127   1.050    0.921  
      datapath_module/reg_file_module/g21715                      -             HS65_LS_NOR2X6    0.001   1.052    0.922  
      datapath_module/reg_file_module/g21715                      B v -> Z ^    HS65_LS_NOR2X6    0.074   1.126    0.996  
      datapath_module/reg_file_module/g21954                      -             HS65_LS_NOR2AX3   0.000   1.126    0.997  
      datapath_module/reg_file_module/g21954                      A ^ -> Z ^    HS65_LS_NOR2AX3   0.157   1.283    1.154  
      datapath_module/reg_file_module/FE_RC_119_0                 -             HS65_LS_NOR2X6    0.000   1.283    1.154  
      datapath_module/reg_file_module/FE_RC_119_0                 A ^ -> Z v    HS65_LS_NOR2X6    0.058   1.341    1.212  
      datapath_module/reg_file_module/g21186                      -             HS65_LS_AND2X4    0.000   1.341    1.212  
      datapath_module/reg_file_module/g21186                      B v -> Z v    HS65_LS_AND2X4    0.062   1.403    1.274  
      datapath_module/reg_file_module/g21955                      -             HS65_LS_OR3ABCX9  0.000   1.403    1.274  
      datapath_module/reg_file_module/g21955                      C v -> Z ^    HS65_LS_OR3ABCX9  0.190   1.593    1.464  
      datapath_module/alu_module/mul_44_34/FE_OFC21_read_data2_1  -             HS65_LS_BFX9      0.010   1.603    1.473  
      datapath_module/alu_module/mul_44_34/FE_OFC21_read_data2_1  A ^ -> Z ^    HS65_LS_BFX9      0.234   1.837    1.707  
      datapath_module/alu_module/mul_44_34/FE_OFC23_read_data2_1  -             HS65_LS_IVX9      0.009   1.846    1.716  
      datapath_module/alu_module/mul_44_34/FE_OFC23_read_data2_1  A ^ -> Z v    HS65_LS_IVX9      0.216   2.062    1.933  
      datapath_module/alu_module/mul_44_34/g12274                 -             HS65_LS_OAI22X6   0.009   2.071    1.941  
      datapath_module/alu_module/mul_44_34/g12274                 C v -> Z ^    HS65_LS_OAI22X6   0.108   2.179    2.050  
      datapath_module/alu_module/mul_44_34/g12765                 -             HS65_LS_AO22X9    0.000   2.179    2.050  
      datapath_module/alu_module/mul_44_34/g12765                 B ^ -> Z ^    HS65_LS_AO22X9    0.092   2.271    2.141  
      datapath_module/alu_module/mul_44_34/g11783                 -             HS65_LS_FA1X4     0.000   2.271    2.142  
      datapath_module/alu_module/mul_44_34/g11783                 B0 ^ -> S0 v  HS65_LS_FA1X4     0.147   2.418    2.289  
      datapath_module/alu_module/mul_44_34/g11716                 -             HS65_LS_FA1X4     0.000   2.418    2.289  
      datapath_module/alu_module/mul_44_34/g11716                 B0 v -> CO v  HS65_LS_FA1X4     0.121   2.540    2.410  
      datapath_module/alu_module/mul_44_34/g11693                 -             HS65_LS_FA1X4     0.000   2.540    2.410  
      datapath_module/alu_module/mul_44_34/g11693                 CI v -> CO v  HS65_LS_FA1X4     0.126   2.666    2.536  
      datapath_module/alu_module/mul_44_34/g12747                 -             HS65_LS_PAO2X9    0.000   2.666    2.537  
      datapath_module/alu_module/mul_44_34/g12747                 P v -> Z v    HS65_LS_PAO2X9    0.083   2.749    2.620  
      datapath_module/alu_module/mul_44_34/g11662                 -             HS65_LS_FA1X4     0.000   2.749    2.620  
      datapath_module/alu_module/mul_44_34/g11662                 CI v -> CO v  HS65_LS_FA1X4     0.104   2.853    2.724  
      datapath_module/alu_module/mul_44_34/g11650                 -             HS65_LS_FA1X4     0.000   2.853    2.724  
      datapath_module/alu_module/mul_44_34/g11650                 CI v -> CO v  HS65_LS_FA1X4     0.112   2.965    2.836  
      datapath_module/alu_module/mul_44_34/g12784                 -             HS65_LS_FA1X4     0.000   2.965    2.836  
      datapath_module/alu_module/mul_44_34/g12784                 CI v -> CO v  HS65_LS_FA1X4     0.112   3.077    2.948  
      datapath_module/alu_module/mul_44_34/g11632                 -             HS65_LS_FA1X4     0.000   3.077    2.948  
      datapath_module/alu_module/mul_44_34/g11632                 CI v -> CO v  HS65_LS_FA1X4     0.112   3.189    3.060  
      datapath_module/alu_module/mul_44_34/g11624                 -             HS65_LS_FA1X4     0.000   3.189    3.060  
      datapath_module/alu_module/mul_44_34/g11624                 CI v -> CO v  HS65_LS_FA1X4     0.112   3.301    3.172  
      datapath_module/alu_module/mul_44_34/g11617                 -             HS65_LS_FA1X4     0.000   3.301    3.172  
      datapath_module/alu_module/mul_44_34/g11617                 CI v -> CO v  HS65_LS_FA1X4     0.112   3.413    3.284  
      datapath_module/alu_module/mul_44_34/g12783                 -             HS65_LS_FA1X4     0.000   3.413    3.284  
      datapath_module/alu_module/mul_44_34/g12783                 CI v -> CO v  HS65_LS_FA1X4     0.112   3.526    3.396  
      datapath_module/alu_module/mul_44_34/g12782                 -             HS65_LS_FA1X4     0.000   3.526    3.396  
      datapath_module/alu_module/mul_44_34/g12782                 CI v -> CO v  HS65_LS_FA1X4     0.112   3.638    3.508  
      datapath_module/alu_module/mul_44_34/g12781                 -             HS65_LS_FA1X4     0.000   3.638    3.508  
      datapath_module/alu_module/mul_44_34/g12781                 CI v -> CO v  HS65_LS_FA1X4     0.112   3.750    3.620  
      datapath_module/alu_module/mul_44_34/g12780                 -             HS65_LS_FA1X4     0.000   3.750    3.620  
      datapath_module/alu_module/mul_44_34/g12780                 CI v -> CO v  HS65_LS_FA1X4     0.112   3.862    3.732  
      datapath_module/alu_module/mul_44_34/g12779                 -             HS65_LS_FA1X4     0.000   3.862    3.732  
      datapath_module/alu_module/mul_44_34/g12779                 CI v -> CO v  HS65_LS_FA1X4     0.112   3.974    3.844  
      datapath_module/alu_module/mul_44_34/g12778                 -             HS65_LS_FA1X4     0.000   3.974    3.844  
      datapath_module/alu_module/mul_44_34/g12778                 CI v -> CO v  HS65_LS_FA1X4     0.117   4.091    3.962  
      datapath_module/alu_module/mul_44_34/g12777                 -             HS65_LS_FA1X9     0.000   4.091    3.962  
      datapath_module/alu_module/mul_44_34/g12777                 CI v -> CO v  HS65_LS_FA1X9     0.097   4.188    4.059  
      datapath_module/alu_module/mul_44_34/g12776                 -             HS65_LS_FA1X9     0.000   4.188    4.059  
      datapath_module/alu_module/mul_44_34/g12776                 CI v -> CO v  HS65_LS_FA1X9     0.090   4.278    4.149  
      datapath_module/alu_module/mul_44_34/g12775                 -             HS65_LS_FA1X9     0.000   4.278    4.149  
      datapath_module/alu_module/mul_44_34/g12775                 CI v -> CO v  HS65_LS_FA1X9     0.090   4.368    4.238  
      datapath_module/alu_module/mul_44_34/g12774                 -             HS65_LS_FA1X9     0.000   4.368    4.238  
      datapath_module/alu_module/mul_44_34/g12774                 CI v -> CO v  HS65_LS_FA1X9     0.090   4.457    4.328  
      datapath_module/alu_module/mul_44_34/g12773                 -             HS65_LS_FA1X9     0.000   4.457    4.328  
      datapath_module/alu_module/mul_44_34/g12773                 CI v -> CO v  HS65_LS_FA1X9     0.090   4.547    4.418  
      datapath_module/alu_module/mul_44_34/g12772                 -             HS65_LS_FA1X9     0.000   4.547    4.418  
      datapath_module/alu_module/mul_44_34/g12772                 CI v -> CO v  HS65_LS_FA1X9     0.090   4.637    4.507  
      datapath_module/alu_module/mul_44_34/g12771                 -             HS65_LS_FA1X9     0.000   4.637    4.507  
      datapath_module/alu_module/mul_44_34/g12771                 CI v -> CO v  HS65_LS_FA1X9     0.090   4.726    4.597  
      datapath_module/alu_module/mul_44_34/g12770                 -             HS65_LS_FA1X9     0.000   4.726    4.597  
      datapath_module/alu_module/mul_44_34/g12770                 CI v -> CO v  HS65_LS_FA1X9     0.090   4.816    4.686  
      datapath_module/alu_module/mul_44_34/g12769                 -             HS65_LS_FA1X9     0.000   4.816    4.686  
      datapath_module/alu_module/mul_44_34/g12769                 CI v -> CO v  HS65_LS_FA1X9     0.090   4.905    4.776  
      datapath_module/alu_module/mul_44_34/g12768                 -             HS65_LS_FA1X9     0.000   4.905    4.776  
      datapath_module/alu_module/mul_44_34/g12768                 CI v -> CO v  HS65_LS_FA1X9     0.090   4.995    4.866  
      datapath_module/alu_module/mul_44_34/g12767                 -             HS65_LS_FA1X9     0.000   4.995    4.866  
      datapath_module/alu_module/mul_44_34/g12767                 CI v -> CO v  HS65_LS_FA1X9     0.087   5.082    4.952  
      datapath_module/alu_module/mul_44_34/g12766                 -             HS65_LS_FA1X4     0.000   5.082    4.952  
      datapath_module/alu_module/mul_44_34/g12766                 CI v -> S0 ^  HS65_LS_FA1X4     0.159   5.241    5.111  
      datapath_module/alu_module/g6799                            -             HS65_LS_AO112X18  0.000   5.241    5.111  
      datapath_module/alu_module/g6799                            B ^ -> Z ^    HS65_LS_AO112X18  0.140   5.381    5.252  
      datapath_module/reg_file_module/reg_memory_reg[19][30]1312  -             HS65_LS_SDFPHQX9  0.020   5.401    5.271  
      ---------------------------------------------------------------------------------------------------------------------
     Clock Rise Edge                      0.000
     = Beginpoint Arrival Time            0.000
     Other End Path:
      -------------------------------------------------------------------------------------------------------------------
      Instance                                                    Arc         Cell              Retime  Arrival  Required  
                                                                                                Delay   Time     Time  
      -------------------------------------------------------------------------------------------------------------------
      -                                                           clock ^     -                 -       0.000    0.129  
      CTS_ccl_a_buf_00036                                         -           HS65_LS_BFX284    0.000   0.000    0.129  
      CTS_ccl_a_buf_00036                                         A ^ -> Z ^  HS65_LS_BFX284    0.000   0.000    0.129  
      CTS_ccl_a_buf_00025                                         -           HS65_LS_BFX284    0.000   0.000    0.129  
      CTS_ccl_a_buf_00025                                         A ^ -> Z ^  HS65_LS_BFX284    0.000   0.000    0.129  
      datapath_module/reg_file_module/reg_memory_reg[19][30]1312  -           HS65_LS_SDFPHQX9  0.000   0.000    0.129  
      -------------------------------------------------------------------------------------------------------------------
Path 23: VIOLATED Setup Check with Pin datapath_module/reg_file_module/reg_memory_reg[18][30]1248/CP 
Endpoint:   datapath_module/reg_file_module/reg_memory_reg[18][30]1248/D (^) checked with  leading edge of 'clock'
Beginpoint: IFU_module/PC_reg[3]/Q                                       (^) triggered by  leading edge of 'clock'
Path Groups: {clock}
Retime Analysis { Data Path-Slew }
Other End Arrival Time          0.000
- Setup                        -0.171
+ Phase Shift                   7.100
- Uncertainty                   2.000
= Required Time                 5.271
- Arrival Time                  5.401
= Slack Time                   -0.129
= Slack Time(original)         -0.167
     Clock Rise Edge                      0.000
     = Beginpoint Arrival Time            0.000
     Timing Path:
      ---------------------------------------------------------------------------------------------------------------------
      Instance                                                    Arc           Cell              Retime  Arrival  Required  
                                                                                                  Delay   Time     Time  
      ---------------------------------------------------------------------------------------------------------------------
      -                                                           clock ^       -                 -       0.000    -0.129  
      CTS_ccl_a_buf_00036                                         -             HS65_LS_BFX284    0.000   0.000    -0.129  
      CTS_ccl_a_buf_00036                                         A ^ -> Z ^    HS65_LS_BFX284    0.000   0.000    -0.129  
      CTS_ccl_a_buf_00025                                         -             HS65_LS_BFX284    0.000   0.000    -0.129  
      CTS_ccl_a_buf_00025                                         A ^ -> Z ^    HS65_LS_BFX284    0.000   0.000    -0.129  
      IFU_module/PC_reg[3]                                        -             HS65_LS_SDFPRQX4  0.000   0.000    -0.129  
      IFU_module/PC_reg[3]                                        CP ^ -> Q ^   HS65_LS_SDFPRQX4  0.842   0.842    0.712  
      IFU_module/instr_mem/FE_OFC25_instruction_code_22           -             HS65_LS_IVX7      0.004   0.845    0.716  
      IFU_module/instr_mem/FE_OFC25_instruction_code_22           A ^ -> Z v    HS65_LS_IVX7      0.078   0.923    0.793  
      IFU_module/instr_mem/g723                                   -             HS65_LS_AO22X9    0.000   0.923    0.793  
      IFU_module/instr_mem/g723                                   D v -> Z v    HS65_LS_AO22X9    0.127   1.050    0.921  
      datapath_module/reg_file_module/g21715                      -             HS65_LS_NOR2X6    0.001   1.052    0.922  
      datapath_module/reg_file_module/g21715                      B v -> Z ^    HS65_LS_NOR2X6    0.074   1.126    0.996  
      datapath_module/reg_file_module/g21954                      -             HS65_LS_NOR2AX3   0.000   1.126    0.997  
      datapath_module/reg_file_module/g21954                      A ^ -> Z ^    HS65_LS_NOR2AX3   0.157   1.283    1.154  
      datapath_module/reg_file_module/FE_RC_119_0                 -             HS65_LS_NOR2X6    0.000   1.283    1.154  
      datapath_module/reg_file_module/FE_RC_119_0                 A ^ -> Z v    HS65_LS_NOR2X6    0.058   1.341    1.212  
      datapath_module/reg_file_module/g21186                      -             HS65_LS_AND2X4    0.000   1.341    1.212  
      datapath_module/reg_file_module/g21186                      B v -> Z v    HS65_LS_AND2X4    0.062   1.403    1.274  
      datapath_module/reg_file_module/g21955                      -             HS65_LS_OR3ABCX9  0.000   1.403    1.274  
      datapath_module/reg_file_module/g21955                      C v -> Z ^    HS65_LS_OR3ABCX9  0.190   1.593    1.464  
      datapath_module/alu_module/mul_44_34/FE_OFC21_read_data2_1  -             HS65_LS_BFX9      0.010   1.603    1.473  
      datapath_module/alu_module/mul_44_34/FE_OFC21_read_data2_1  A ^ -> Z ^    HS65_LS_BFX9      0.234   1.837    1.707  
      datapath_module/alu_module/mul_44_34/FE_OFC23_read_data2_1  -             HS65_LS_IVX9      0.009   1.846    1.716  
      datapath_module/alu_module/mul_44_34/FE_OFC23_read_data2_1  A ^ -> Z v    HS65_LS_IVX9      0.216   2.062    1.933  
      datapath_module/alu_module/mul_44_34/g12274                 -             HS65_LS_OAI22X6   0.009   2.071    1.941  
      datapath_module/alu_module/mul_44_34/g12274                 C v -> Z ^    HS65_LS_OAI22X6   0.108   2.179    2.050  
      datapath_module/alu_module/mul_44_34/g12765                 -             HS65_LS_AO22X9    0.000   2.179    2.050  
      datapath_module/alu_module/mul_44_34/g12765                 B ^ -> Z ^    HS65_LS_AO22X9    0.092   2.271    2.141  
      datapath_module/alu_module/mul_44_34/g11783                 -             HS65_LS_FA1X4     0.000   2.271    2.142  
      datapath_module/alu_module/mul_44_34/g11783                 B0 ^ -> S0 v  HS65_LS_FA1X4     0.147   2.418    2.289  
      datapath_module/alu_module/mul_44_34/g11716                 -             HS65_LS_FA1X4     0.000   2.418    2.289  
      datapath_module/alu_module/mul_44_34/g11716                 B0 v -> CO v  HS65_LS_FA1X4     0.121   2.540    2.410  
      datapath_module/alu_module/mul_44_34/g11693                 -             HS65_LS_FA1X4     0.000   2.540    2.410  
      datapath_module/alu_module/mul_44_34/g11693                 CI v -> CO v  HS65_LS_FA1X4     0.126   2.666    2.536  
      datapath_module/alu_module/mul_44_34/g12747                 -             HS65_LS_PAO2X9    0.000   2.666    2.537  
      datapath_module/alu_module/mul_44_34/g12747                 P v -> Z v    HS65_LS_PAO2X9    0.083   2.749    2.620  
      datapath_module/alu_module/mul_44_34/g11662                 -             HS65_LS_FA1X4     0.000   2.749    2.620  
      datapath_module/alu_module/mul_44_34/g11662                 CI v -> CO v  HS65_LS_FA1X4     0.104   2.853    2.724  
      datapath_module/alu_module/mul_44_34/g11650                 -             HS65_LS_FA1X4     0.000   2.853    2.724  
      datapath_module/alu_module/mul_44_34/g11650                 CI v -> CO v  HS65_LS_FA1X4     0.112   2.965    2.836  
      datapath_module/alu_module/mul_44_34/g12784                 -             HS65_LS_FA1X4     0.000   2.965    2.836  
      datapath_module/alu_module/mul_44_34/g12784                 CI v -> CO v  HS65_LS_FA1X4     0.112   3.077    2.948  
      datapath_module/alu_module/mul_44_34/g11632                 -             HS65_LS_FA1X4     0.000   3.077    2.948  
      datapath_module/alu_module/mul_44_34/g11632                 CI v -> CO v  HS65_LS_FA1X4     0.112   3.189    3.060  
      datapath_module/alu_module/mul_44_34/g11624                 -             HS65_LS_FA1X4     0.000   3.189    3.060  
      datapath_module/alu_module/mul_44_34/g11624                 CI v -> CO v  HS65_LS_FA1X4     0.112   3.301    3.172  
      datapath_module/alu_module/mul_44_34/g11617                 -             HS65_LS_FA1X4     0.000   3.301    3.172  
      datapath_module/alu_module/mul_44_34/g11617                 CI v -> CO v  HS65_LS_FA1X4     0.112   3.413    3.284  
      datapath_module/alu_module/mul_44_34/g12783                 -             HS65_LS_FA1X4     0.000   3.413    3.284  
      datapath_module/alu_module/mul_44_34/g12783                 CI v -> CO v  HS65_LS_FA1X4     0.112   3.526    3.396  
      datapath_module/alu_module/mul_44_34/g12782                 -             HS65_LS_FA1X4     0.000   3.526    3.396  
      datapath_module/alu_module/mul_44_34/g12782                 CI v -> CO v  HS65_LS_FA1X4     0.112   3.638    3.508  
      datapath_module/alu_module/mul_44_34/g12781                 -             HS65_LS_FA1X4     0.000   3.638    3.508  
      datapath_module/alu_module/mul_44_34/g12781                 CI v -> CO v  HS65_LS_FA1X4     0.112   3.750    3.620  
      datapath_module/alu_module/mul_44_34/g12780                 -             HS65_LS_FA1X4     0.000   3.750    3.620  
      datapath_module/alu_module/mul_44_34/g12780                 CI v -> CO v  HS65_LS_FA1X4     0.112   3.862    3.732  
      datapath_module/alu_module/mul_44_34/g12779                 -             HS65_LS_FA1X4     0.000   3.862    3.732  
      datapath_module/alu_module/mul_44_34/g12779                 CI v -> CO v  HS65_LS_FA1X4     0.112   3.974    3.844  
      datapath_module/alu_module/mul_44_34/g12778                 -             HS65_LS_FA1X4     0.000   3.974    3.844  
      datapath_module/alu_module/mul_44_34/g12778                 CI v -> CO v  HS65_LS_FA1X4     0.117   4.091    3.962  
      datapath_module/alu_module/mul_44_34/g12777                 -             HS65_LS_FA1X9     0.000   4.091    3.962  
      datapath_module/alu_module/mul_44_34/g12777                 CI v -> CO v  HS65_LS_FA1X9     0.097   4.188    4.059  
      datapath_module/alu_module/mul_44_34/g12776                 -             HS65_LS_FA1X9     0.000   4.188    4.059  
      datapath_module/alu_module/mul_44_34/g12776                 CI v -> CO v  HS65_LS_FA1X9     0.090   4.278    4.149  
      datapath_module/alu_module/mul_44_34/g12775                 -             HS65_LS_FA1X9     0.000   4.278    4.149  
      datapath_module/alu_module/mul_44_34/g12775                 CI v -> CO v  HS65_LS_FA1X9     0.090   4.368    4.238  
      datapath_module/alu_module/mul_44_34/g12774                 -             HS65_LS_FA1X9     0.000   4.368    4.238  
      datapath_module/alu_module/mul_44_34/g12774                 CI v -> CO v  HS65_LS_FA1X9     0.090   4.457    4.328  
      datapath_module/alu_module/mul_44_34/g12773                 -             HS65_LS_FA1X9     0.000   4.457    4.328  
      datapath_module/alu_module/mul_44_34/g12773                 CI v -> CO v  HS65_LS_FA1X9     0.090   4.547    4.418  
      datapath_module/alu_module/mul_44_34/g12772                 -             HS65_LS_FA1X9     0.000   4.547    4.418  
      datapath_module/alu_module/mul_44_34/g12772                 CI v -> CO v  HS65_LS_FA1X9     0.090   4.637    4.507  
      datapath_module/alu_module/mul_44_34/g12771                 -             HS65_LS_FA1X9     0.000   4.637    4.507  
      datapath_module/alu_module/mul_44_34/g12771                 CI v -> CO v  HS65_LS_FA1X9     0.090   4.726    4.597  
      datapath_module/alu_module/mul_44_34/g12770                 -             HS65_LS_FA1X9     0.000   4.726    4.597  
      datapath_module/alu_module/mul_44_34/g12770                 CI v -> CO v  HS65_LS_FA1X9     0.090   4.816    4.686  
      datapath_module/alu_module/mul_44_34/g12769                 -             HS65_LS_FA1X9     0.000   4.816    4.686  
      datapath_module/alu_module/mul_44_34/g12769                 CI v -> CO v  HS65_LS_FA1X9     0.090   4.905    4.776  
      datapath_module/alu_module/mul_44_34/g12768                 -             HS65_LS_FA1X9     0.000   4.905    4.776  
      datapath_module/alu_module/mul_44_34/g12768                 CI v -> CO v  HS65_LS_FA1X9     0.090   4.995    4.866  
      datapath_module/alu_module/mul_44_34/g12767                 -             HS65_LS_FA1X9     0.000   4.995    4.866  
      datapath_module/alu_module/mul_44_34/g12767                 CI v -> CO v  HS65_LS_FA1X9     0.087   5.082    4.952  
      datapath_module/alu_module/mul_44_34/g12766                 -             HS65_LS_FA1X4     0.000   5.082    4.952  
      datapath_module/alu_module/mul_44_34/g12766                 CI v -> S0 ^  HS65_LS_FA1X4     0.159   5.241    5.111  
      datapath_module/alu_module/g6799                            -             HS65_LS_AO112X18  0.000   5.241    5.111  
      datapath_module/alu_module/g6799                            B ^ -> Z ^    HS65_LS_AO112X18  0.140   5.381    5.252  
      datapath_module/reg_file_module/reg_memory_reg[18][30]1248  -             HS65_LS_SDFPHQX9  0.020   5.401    5.271  
      ---------------------------------------------------------------------------------------------------------------------
     Clock Rise Edge                      0.000
     = Beginpoint Arrival Time            0.000
     Other End Path:
      -------------------------------------------------------------------------------------------------------------------
      Instance                                                    Arc         Cell              Retime  Arrival  Required  
                                                                                                Delay   Time     Time  
      -------------------------------------------------------------------------------------------------------------------
      -                                                           clock ^     -                 -       0.000    0.129  
      CTS_ccl_a_buf_00036                                         -           HS65_LS_BFX284    0.000   0.000    0.129  
      CTS_ccl_a_buf_00036                                         A ^ -> Z ^  HS65_LS_BFX284    0.000   0.000    0.129  
      datapath_module/reg_file_module/CTS_ccl_a_buf_00021         -           HS65_LS_BFX284    0.000   0.000    0.129  
      datapath_module/reg_file_module/CTS_ccl_a_buf_00021         A ^ -> Z ^  HS65_LS_BFX284    0.000   0.000    0.129  
      datapath_module/reg_file_module/reg_memory_reg[18][30]1248  -           HS65_LS_SDFPHQX9  0.000   0.000    0.129  
      -------------------------------------------------------------------------------------------------------------------
Path 24: VIOLATED Setup Check with Pin datapath_module/reg_file_module/reg_memory_reg[17][30]1184/CP 
Endpoint:   datapath_module/reg_file_module/reg_memory_reg[17][30]1184/D (^) checked with  leading edge of 'clock'
Beginpoint: IFU_module/PC_reg[3]/Q                                       (^) triggered by  leading edge of 'clock'
Path Groups: {clock}
Retime Analysis { Data Path-Slew }
Other End Arrival Time          0.000
- Setup                        -0.171
+ Phase Shift                   7.100
- Uncertainty                   2.000
= Required Time                 5.271
- Arrival Time                  5.401
= Slack Time                   -0.129
= Slack Time(original)         -0.167
     Clock Rise Edge                      0.000
     = Beginpoint Arrival Time            0.000
     Timing Path:
      ---------------------------------------------------------------------------------------------------------------------
      Instance                                                    Arc           Cell              Retime  Arrival  Required  
                                                                                                  Delay   Time     Time  
      ---------------------------------------------------------------------------------------------------------------------
      -                                                           clock ^       -                 -       0.000    -0.129  
      CTS_ccl_a_buf_00036                                         -             HS65_LS_BFX284    0.000   0.000    -0.129  
      CTS_ccl_a_buf_00036                                         A ^ -> Z ^    HS65_LS_BFX284    0.000   0.000    -0.129  
      CTS_ccl_a_buf_00025                                         -             HS65_LS_BFX284    0.000   0.000    -0.129  
      CTS_ccl_a_buf_00025                                         A ^ -> Z ^    HS65_LS_BFX284    0.000   0.000    -0.129  
      IFU_module/PC_reg[3]                                        -             HS65_LS_SDFPRQX4  0.000   0.000    -0.129  
      IFU_module/PC_reg[3]                                        CP ^ -> Q ^   HS65_LS_SDFPRQX4  0.842   0.842    0.712  
      IFU_module/instr_mem/FE_OFC25_instruction_code_22           -             HS65_LS_IVX7      0.004   0.845    0.716  
      IFU_module/instr_mem/FE_OFC25_instruction_code_22           A ^ -> Z v    HS65_LS_IVX7      0.078   0.923    0.793  
      IFU_module/instr_mem/g723                                   -             HS65_LS_AO22X9    0.000   0.923    0.793  
      IFU_module/instr_mem/g723                                   D v -> Z v    HS65_LS_AO22X9    0.127   1.050    0.921  
      datapath_module/reg_file_module/g21715                      -             HS65_LS_NOR2X6    0.001   1.052    0.922  
      datapath_module/reg_file_module/g21715                      B v -> Z ^    HS65_LS_NOR2X6    0.074   1.126    0.996  
      datapath_module/reg_file_module/g21954                      -             HS65_LS_NOR2AX3   0.000   1.126    0.997  
      datapath_module/reg_file_module/g21954                      A ^ -> Z ^    HS65_LS_NOR2AX3   0.157   1.283    1.154  
      datapath_module/reg_file_module/FE_RC_119_0                 -             HS65_LS_NOR2X6    0.000   1.283    1.154  
      datapath_module/reg_file_module/FE_RC_119_0                 A ^ -> Z v    HS65_LS_NOR2X6    0.058   1.341    1.212  
      datapath_module/reg_file_module/g21186                      -             HS65_LS_AND2X4    0.000   1.341    1.212  
      datapath_module/reg_file_module/g21186                      B v -> Z v    HS65_LS_AND2X4    0.062   1.403    1.274  
      datapath_module/reg_file_module/g21955                      -             HS65_LS_OR3ABCX9  0.000   1.403    1.274  
      datapath_module/reg_file_module/g21955                      C v -> Z ^    HS65_LS_OR3ABCX9  0.190   1.593    1.464  
      datapath_module/alu_module/mul_44_34/FE_OFC21_read_data2_1  -             HS65_LS_BFX9      0.010   1.603    1.473  
      datapath_module/alu_module/mul_44_34/FE_OFC21_read_data2_1  A ^ -> Z ^    HS65_LS_BFX9      0.234   1.837    1.707  
      datapath_module/alu_module/mul_44_34/FE_OFC23_read_data2_1  -             HS65_LS_IVX9      0.009   1.846    1.716  
      datapath_module/alu_module/mul_44_34/FE_OFC23_read_data2_1  A ^ -> Z v    HS65_LS_IVX9      0.216   2.062    1.933  
      datapath_module/alu_module/mul_44_34/g12274                 -             HS65_LS_OAI22X6   0.009   2.071    1.941  
      datapath_module/alu_module/mul_44_34/g12274                 C v -> Z ^    HS65_LS_OAI22X6   0.108   2.179    2.050  
      datapath_module/alu_module/mul_44_34/g12765                 -             HS65_LS_AO22X9    0.000   2.179    2.050  
      datapath_module/alu_module/mul_44_34/g12765                 B ^ -> Z ^    HS65_LS_AO22X9    0.092   2.271    2.141  
      datapath_module/alu_module/mul_44_34/g11783                 -             HS65_LS_FA1X4     0.000   2.271    2.142  
      datapath_module/alu_module/mul_44_34/g11783                 B0 ^ -> S0 v  HS65_LS_FA1X4     0.147   2.418    2.289  
      datapath_module/alu_module/mul_44_34/g11716                 -             HS65_LS_FA1X4     0.000   2.418    2.289  
      datapath_module/alu_module/mul_44_34/g11716                 B0 v -> CO v  HS65_LS_FA1X4     0.121   2.540    2.410  
      datapath_module/alu_module/mul_44_34/g11693                 -             HS65_LS_FA1X4     0.000   2.540    2.410  
      datapath_module/alu_module/mul_44_34/g11693                 CI v -> CO v  HS65_LS_FA1X4     0.126   2.666    2.536  
      datapath_module/alu_module/mul_44_34/g12747                 -             HS65_LS_PAO2X9    0.000   2.666    2.537  
      datapath_module/alu_module/mul_44_34/g12747                 P v -> Z v    HS65_LS_PAO2X9    0.083   2.749    2.620  
      datapath_module/alu_module/mul_44_34/g11662                 -             HS65_LS_FA1X4     0.000   2.749    2.620  
      datapath_module/alu_module/mul_44_34/g11662                 CI v -> CO v  HS65_LS_FA1X4     0.104   2.853    2.724  
      datapath_module/alu_module/mul_44_34/g11650                 -             HS65_LS_FA1X4     0.000   2.853    2.724  
      datapath_module/alu_module/mul_44_34/g11650                 CI v -> CO v  HS65_LS_FA1X4     0.112   2.965    2.836  
      datapath_module/alu_module/mul_44_34/g12784                 -             HS65_LS_FA1X4     0.000   2.965    2.836  
      datapath_module/alu_module/mul_44_34/g12784                 CI v -> CO v  HS65_LS_FA1X4     0.112   3.077    2.948  
      datapath_module/alu_module/mul_44_34/g11632                 -             HS65_LS_FA1X4     0.000   3.077    2.948  
      datapath_module/alu_module/mul_44_34/g11632                 CI v -> CO v  HS65_LS_FA1X4     0.112   3.189    3.060  
      datapath_module/alu_module/mul_44_34/g11624                 -             HS65_LS_FA1X4     0.000   3.189    3.060  
      datapath_module/alu_module/mul_44_34/g11624                 CI v -> CO v  HS65_LS_FA1X4     0.112   3.301    3.172  
      datapath_module/alu_module/mul_44_34/g11617                 -             HS65_LS_FA1X4     0.000   3.301    3.172  
      datapath_module/alu_module/mul_44_34/g11617                 CI v -> CO v  HS65_LS_FA1X4     0.112   3.413    3.284  
      datapath_module/alu_module/mul_44_34/g12783                 -             HS65_LS_FA1X4     0.000   3.413    3.284  
      datapath_module/alu_module/mul_44_34/g12783                 CI v -> CO v  HS65_LS_FA1X4     0.112   3.526    3.396  
      datapath_module/alu_module/mul_44_34/g12782                 -             HS65_LS_FA1X4     0.000   3.526    3.396  
      datapath_module/alu_module/mul_44_34/g12782                 CI v -> CO v  HS65_LS_FA1X4     0.112   3.638    3.508  
      datapath_module/alu_module/mul_44_34/g12781                 -             HS65_LS_FA1X4     0.000   3.638    3.508  
      datapath_module/alu_module/mul_44_34/g12781                 CI v -> CO v  HS65_LS_FA1X4     0.112   3.750    3.620  
      datapath_module/alu_module/mul_44_34/g12780                 -             HS65_LS_FA1X4     0.000   3.750    3.620  
      datapath_module/alu_module/mul_44_34/g12780                 CI v -> CO v  HS65_LS_FA1X4     0.112   3.862    3.732  
      datapath_module/alu_module/mul_44_34/g12779                 -             HS65_LS_FA1X4     0.000   3.862    3.732  
      datapath_module/alu_module/mul_44_34/g12779                 CI v -> CO v  HS65_LS_FA1X4     0.112   3.974    3.844  
      datapath_module/alu_module/mul_44_34/g12778                 -             HS65_LS_FA1X4     0.000   3.974    3.844  
      datapath_module/alu_module/mul_44_34/g12778                 CI v -> CO v  HS65_LS_FA1X4     0.117   4.091    3.962  
      datapath_module/alu_module/mul_44_34/g12777                 -             HS65_LS_FA1X9     0.000   4.091    3.962  
      datapath_module/alu_module/mul_44_34/g12777                 CI v -> CO v  HS65_LS_FA1X9     0.097   4.188    4.059  
      datapath_module/alu_module/mul_44_34/g12776                 -             HS65_LS_FA1X9     0.000   4.188    4.059  
      datapath_module/alu_module/mul_44_34/g12776                 CI v -> CO v  HS65_LS_FA1X9     0.090   4.278    4.149  
      datapath_module/alu_module/mul_44_34/g12775                 -             HS65_LS_FA1X9     0.000   4.278    4.149  
      datapath_module/alu_module/mul_44_34/g12775                 CI v -> CO v  HS65_LS_FA1X9     0.090   4.368    4.238  
      datapath_module/alu_module/mul_44_34/g12774                 -             HS65_LS_FA1X9     0.000   4.368    4.238  
      datapath_module/alu_module/mul_44_34/g12774                 CI v -> CO v  HS65_LS_FA1X9     0.090   4.457    4.328  
      datapath_module/alu_module/mul_44_34/g12773                 -             HS65_LS_FA1X9     0.000   4.457    4.328  
      datapath_module/alu_module/mul_44_34/g12773                 CI v -> CO v  HS65_LS_FA1X9     0.090   4.547    4.418  
      datapath_module/alu_module/mul_44_34/g12772                 -             HS65_LS_FA1X9     0.000   4.547    4.418  
      datapath_module/alu_module/mul_44_34/g12772                 CI v -> CO v  HS65_LS_FA1X9     0.090   4.637    4.507  
      datapath_module/alu_module/mul_44_34/g12771                 -             HS65_LS_FA1X9     0.000   4.637    4.507  
      datapath_module/alu_module/mul_44_34/g12771                 CI v -> CO v  HS65_LS_FA1X9     0.090   4.726    4.597  
      datapath_module/alu_module/mul_44_34/g12770                 -             HS65_LS_FA1X9     0.000   4.726    4.597  
      datapath_module/alu_module/mul_44_34/g12770                 CI v -> CO v  HS65_LS_FA1X9     0.090   4.816    4.686  
      datapath_module/alu_module/mul_44_34/g12769                 -             HS65_LS_FA1X9     0.000   4.816    4.686  
      datapath_module/alu_module/mul_44_34/g12769                 CI v -> CO v  HS65_LS_FA1X9     0.090   4.905    4.776  
      datapath_module/alu_module/mul_44_34/g12768                 -             HS65_LS_FA1X9     0.000   4.905    4.776  
      datapath_module/alu_module/mul_44_34/g12768                 CI v -> CO v  HS65_LS_FA1X9     0.090   4.995    4.866  
      datapath_module/alu_module/mul_44_34/g12767                 -             HS65_LS_FA1X9     0.000   4.995    4.866  
      datapath_module/alu_module/mul_44_34/g12767                 CI v -> CO v  HS65_LS_FA1X9     0.087   5.082    4.952  
      datapath_module/alu_module/mul_44_34/g12766                 -             HS65_LS_FA1X4     0.000   5.082    4.952  
      datapath_module/alu_module/mul_44_34/g12766                 CI v -> S0 ^  HS65_LS_FA1X4     0.159   5.241    5.111  
      datapath_module/alu_module/g6799                            -             HS65_LS_AO112X18  0.000   5.241    5.111  
      datapath_module/alu_module/g6799                            B ^ -> Z ^    HS65_LS_AO112X18  0.140   5.381    5.252  
      datapath_module/reg_file_module/reg_memory_reg[17][30]1184  -             HS65_LS_SDFPHQX9  0.020   5.401    5.271  
      ---------------------------------------------------------------------------------------------------------------------
     Clock Rise Edge                      0.000
     = Beginpoint Arrival Time            0.000
     Other End Path:
      -------------------------------------------------------------------------------------------------------------------
      Instance                                                    Arc         Cell              Retime  Arrival  Required  
                                                                                                Delay   Time     Time  
      -------------------------------------------------------------------------------------------------------------------
      -                                                           clock ^     -                 -       0.000    0.129  
      CTS_ccl_a_buf_00036                                         -           HS65_LS_BFX284    0.000   0.000    0.129  
      CTS_ccl_a_buf_00036                                         A ^ -> Z ^  HS65_LS_BFX284    0.000   0.000    0.129  
      CTS_ccl_a_buf_00025                                         -           HS65_LS_BFX284    0.000   0.000    0.129  
      CTS_ccl_a_buf_00025                                         A ^ -> Z ^  HS65_LS_BFX284    0.000   0.000    0.129  
      datapath_module/reg_file_module/reg_memory_reg[17][30]1184  -           HS65_LS_SDFPHQX9  0.000   0.000    0.129  
      -------------------------------------------------------------------------------------------------------------------
Path 25: VIOLATED Setup Check with Pin datapath_module/reg_file_module/reg_memory_reg[16][30]1120/CP 
Endpoint:   datapath_module/reg_file_module/reg_memory_reg[16][30]1120/D (^) checked with  leading edge of 'clock'
Beginpoint: IFU_module/PC_reg[3]/Q                                       (^) triggered by  leading edge of 'clock'
Path Groups: {clock}
Retime Analysis { Data Path-Slew }
Other End Arrival Time          0.000
- Setup                        -0.171
+ Phase Shift                   7.100
- Uncertainty                   2.000
= Required Time                 5.271
- Arrival Time                  5.401
= Slack Time                   -0.129
= Slack Time(original)         -0.167
     Clock Rise Edge                      0.000
     = Beginpoint Arrival Time            0.000
     Timing Path:
      ---------------------------------------------------------------------------------------------------------------------
      Instance                                                    Arc           Cell              Retime  Arrival  Required  
                                                                                                  Delay   Time     Time  
      ---------------------------------------------------------------------------------------------------------------------
      -                                                           clock ^       -                 -       0.000    -0.129  
      CTS_ccl_a_buf_00036                                         -             HS65_LS_BFX284    0.000   0.000    -0.129  
      CTS_ccl_a_buf_00036                                         A ^ -> Z ^    HS65_LS_BFX284    0.000   0.000    -0.129  
      CTS_ccl_a_buf_00025                                         -             HS65_LS_BFX284    0.000   0.000    -0.129  
      CTS_ccl_a_buf_00025                                         A ^ -> Z ^    HS65_LS_BFX284    0.000   0.000    -0.129  
      IFU_module/PC_reg[3]                                        -             HS65_LS_SDFPRQX4  0.000   0.000    -0.129  
      IFU_module/PC_reg[3]                                        CP ^ -> Q ^   HS65_LS_SDFPRQX4  0.842   0.842    0.712  
      IFU_module/instr_mem/FE_OFC25_instruction_code_22           -             HS65_LS_IVX7      0.004   0.845    0.716  
      IFU_module/instr_mem/FE_OFC25_instruction_code_22           A ^ -> Z v    HS65_LS_IVX7      0.078   0.923    0.793  
      IFU_module/instr_mem/g723                                   -             HS65_LS_AO22X9    0.000   0.923    0.793  
      IFU_module/instr_mem/g723                                   D v -> Z v    HS65_LS_AO22X9    0.127   1.050    0.921  
      datapath_module/reg_file_module/g21715                      -             HS65_LS_NOR2X6    0.001   1.052    0.922  
      datapath_module/reg_file_module/g21715                      B v -> Z ^    HS65_LS_NOR2X6    0.074   1.126    0.996  
      datapath_module/reg_file_module/g21954                      -             HS65_LS_NOR2AX3   0.000   1.126    0.997  
      datapath_module/reg_file_module/g21954                      A ^ -> Z ^    HS65_LS_NOR2AX3   0.157   1.283    1.154  
      datapath_module/reg_file_module/FE_RC_119_0                 -             HS65_LS_NOR2X6    0.000   1.283    1.154  
      datapath_module/reg_file_module/FE_RC_119_0                 A ^ -> Z v    HS65_LS_NOR2X6    0.058   1.341    1.212  
      datapath_module/reg_file_module/g21186                      -             HS65_LS_AND2X4    0.000   1.341    1.212  
      datapath_module/reg_file_module/g21186                      B v -> Z v    HS65_LS_AND2X4    0.062   1.403    1.274  
      datapath_module/reg_file_module/g21955                      -             HS65_LS_OR3ABCX9  0.000   1.403    1.274  
      datapath_module/reg_file_module/g21955                      C v -> Z ^    HS65_LS_OR3ABCX9  0.190   1.593    1.464  
      datapath_module/alu_module/mul_44_34/FE_OFC21_read_data2_1  -             HS65_LS_BFX9      0.010   1.603    1.473  
      datapath_module/alu_module/mul_44_34/FE_OFC21_read_data2_1  A ^ -> Z ^    HS65_LS_BFX9      0.234   1.837    1.707  
      datapath_module/alu_module/mul_44_34/FE_OFC23_read_data2_1  -             HS65_LS_IVX9      0.009   1.846    1.716  
      datapath_module/alu_module/mul_44_34/FE_OFC23_read_data2_1  A ^ -> Z v    HS65_LS_IVX9      0.216   2.062    1.933  
      datapath_module/alu_module/mul_44_34/g12274                 -             HS65_LS_OAI22X6   0.009   2.071    1.941  
      datapath_module/alu_module/mul_44_34/g12274                 C v -> Z ^    HS65_LS_OAI22X6   0.108   2.179    2.050  
      datapath_module/alu_module/mul_44_34/g12765                 -             HS65_LS_AO22X9    0.000   2.179    2.050  
      datapath_module/alu_module/mul_44_34/g12765                 B ^ -> Z ^    HS65_LS_AO22X9    0.092   2.271    2.141  
      datapath_module/alu_module/mul_44_34/g11783                 -             HS65_LS_FA1X4     0.000   2.271    2.142  
      datapath_module/alu_module/mul_44_34/g11783                 B0 ^ -> S0 v  HS65_LS_FA1X4     0.147   2.418    2.289  
      datapath_module/alu_module/mul_44_34/g11716                 -             HS65_LS_FA1X4     0.000   2.418    2.289  
      datapath_module/alu_module/mul_44_34/g11716                 B0 v -> CO v  HS65_LS_FA1X4     0.121   2.540    2.410  
      datapath_module/alu_module/mul_44_34/g11693                 -             HS65_LS_FA1X4     0.000   2.540    2.410  
      datapath_module/alu_module/mul_44_34/g11693                 CI v -> CO v  HS65_LS_FA1X4     0.126   2.666    2.536  
      datapath_module/alu_module/mul_44_34/g12747                 -             HS65_LS_PAO2X9    0.000   2.666    2.537  
      datapath_module/alu_module/mul_44_34/g12747                 P v -> Z v    HS65_LS_PAO2X9    0.083   2.749    2.620  
      datapath_module/alu_module/mul_44_34/g11662                 -             HS65_LS_FA1X4     0.000   2.749    2.620  
      datapath_module/alu_module/mul_44_34/g11662                 CI v -> CO v  HS65_LS_FA1X4     0.104   2.853    2.724  
      datapath_module/alu_module/mul_44_34/g11650                 -             HS65_LS_FA1X4     0.000   2.853    2.724  
      datapath_module/alu_module/mul_44_34/g11650                 CI v -> CO v  HS65_LS_FA1X4     0.112   2.965    2.836  
      datapath_module/alu_module/mul_44_34/g12784                 -             HS65_LS_FA1X4     0.000   2.965    2.836  
      datapath_module/alu_module/mul_44_34/g12784                 CI v -> CO v  HS65_LS_FA1X4     0.112   3.077    2.948  
      datapath_module/alu_module/mul_44_34/g11632                 -             HS65_LS_FA1X4     0.000   3.077    2.948  
      datapath_module/alu_module/mul_44_34/g11632                 CI v -> CO v  HS65_LS_FA1X4     0.112   3.189    3.060  
      datapath_module/alu_module/mul_44_34/g11624                 -             HS65_LS_FA1X4     0.000   3.189    3.060  
      datapath_module/alu_module/mul_44_34/g11624                 CI v -> CO v  HS65_LS_FA1X4     0.112   3.301    3.172  
      datapath_module/alu_module/mul_44_34/g11617                 -             HS65_LS_FA1X4     0.000   3.301    3.172  
      datapath_module/alu_module/mul_44_34/g11617                 CI v -> CO v  HS65_LS_FA1X4     0.112   3.413    3.284  
      datapath_module/alu_module/mul_44_34/g12783                 -             HS65_LS_FA1X4     0.000   3.413    3.284  
      datapath_module/alu_module/mul_44_34/g12783                 CI v -> CO v  HS65_LS_FA1X4     0.112   3.526    3.396  
      datapath_module/alu_module/mul_44_34/g12782                 -             HS65_LS_FA1X4     0.000   3.526    3.396  
      datapath_module/alu_module/mul_44_34/g12782                 CI v -> CO v  HS65_LS_FA1X4     0.112   3.638    3.508  
      datapath_module/alu_module/mul_44_34/g12781                 -             HS65_LS_FA1X4     0.000   3.638    3.508  
      datapath_module/alu_module/mul_44_34/g12781                 CI v -> CO v  HS65_LS_FA1X4     0.112   3.750    3.620  
      datapath_module/alu_module/mul_44_34/g12780                 -             HS65_LS_FA1X4     0.000   3.750    3.620  
      datapath_module/alu_module/mul_44_34/g12780                 CI v -> CO v  HS65_LS_FA1X4     0.112   3.862    3.732  
      datapath_module/alu_module/mul_44_34/g12779                 -             HS65_LS_FA1X4     0.000   3.862    3.732  
      datapath_module/alu_module/mul_44_34/g12779                 CI v -> CO v  HS65_LS_FA1X4     0.112   3.974    3.844  
      datapath_module/alu_module/mul_44_34/g12778                 -             HS65_LS_FA1X4     0.000   3.974    3.844  
      datapath_module/alu_module/mul_44_34/g12778                 CI v -> CO v  HS65_LS_FA1X4     0.117   4.091    3.962  
      datapath_module/alu_module/mul_44_34/g12777                 -             HS65_LS_FA1X9     0.000   4.091    3.962  
      datapath_module/alu_module/mul_44_34/g12777                 CI v -> CO v  HS65_LS_FA1X9     0.097   4.188    4.059  
      datapath_module/alu_module/mul_44_34/g12776                 -             HS65_LS_FA1X9     0.000   4.188    4.059  
      datapath_module/alu_module/mul_44_34/g12776                 CI v -> CO v  HS65_LS_FA1X9     0.090   4.278    4.149  
      datapath_module/alu_module/mul_44_34/g12775                 -             HS65_LS_FA1X9     0.000   4.278    4.149  
      datapath_module/alu_module/mul_44_34/g12775                 CI v -> CO v  HS65_LS_FA1X9     0.090   4.368    4.238  
      datapath_module/alu_module/mul_44_34/g12774                 -             HS65_LS_FA1X9     0.000   4.368    4.238  
      datapath_module/alu_module/mul_44_34/g12774                 CI v -> CO v  HS65_LS_FA1X9     0.090   4.457    4.328  
      datapath_module/alu_module/mul_44_34/g12773                 -             HS65_LS_FA1X9     0.000   4.457    4.328  
      datapath_module/alu_module/mul_44_34/g12773                 CI v -> CO v  HS65_LS_FA1X9     0.090   4.547    4.418  
      datapath_module/alu_module/mul_44_34/g12772                 -             HS65_LS_FA1X9     0.000   4.547    4.418  
      datapath_module/alu_module/mul_44_34/g12772                 CI v -> CO v  HS65_LS_FA1X9     0.090   4.637    4.507  
      datapath_module/alu_module/mul_44_34/g12771                 -             HS65_LS_FA1X9     0.000   4.637    4.507  
      datapath_module/alu_module/mul_44_34/g12771                 CI v -> CO v  HS65_LS_FA1X9     0.090   4.726    4.597  
      datapath_module/alu_module/mul_44_34/g12770                 -             HS65_LS_FA1X9     0.000   4.726    4.597  
      datapath_module/alu_module/mul_44_34/g12770                 CI v -> CO v  HS65_LS_FA1X9     0.090   4.816    4.686  
      datapath_module/alu_module/mul_44_34/g12769                 -             HS65_LS_FA1X9     0.000   4.816    4.686  
      datapath_module/alu_module/mul_44_34/g12769                 CI v -> CO v  HS65_LS_FA1X9     0.090   4.905    4.776  
      datapath_module/alu_module/mul_44_34/g12768                 -             HS65_LS_FA1X9     0.000   4.905    4.776  
      datapath_module/alu_module/mul_44_34/g12768                 CI v -> CO v  HS65_LS_FA1X9     0.090   4.995    4.866  
      datapath_module/alu_module/mul_44_34/g12767                 -             HS65_LS_FA1X9     0.000   4.995    4.866  
      datapath_module/alu_module/mul_44_34/g12767                 CI v -> CO v  HS65_LS_FA1X9     0.087   5.082    4.952  
      datapath_module/alu_module/mul_44_34/g12766                 -             HS65_LS_FA1X4     0.000   5.082    4.952  
      datapath_module/alu_module/mul_44_34/g12766                 CI v -> S0 ^  HS65_LS_FA1X4     0.159   5.241    5.111  
      datapath_module/alu_module/g6799                            -             HS65_LS_AO112X18  0.000   5.241    5.111  
      datapath_module/alu_module/g6799                            B ^ -> Z ^    HS65_LS_AO112X18  0.140   5.381    5.252  
      datapath_module/reg_file_module/reg_memory_reg[16][30]1120  -             HS65_LS_SDFPHQX9  0.020   5.401    5.271  
      ---------------------------------------------------------------------------------------------------------------------
     Clock Rise Edge                      0.000
     = Beginpoint Arrival Time            0.000
     Other End Path:
      -------------------------------------------------------------------------------------------------------------------
      Instance                                                    Arc         Cell              Retime  Arrival  Required  
                                                                                                Delay   Time     Time  
      -------------------------------------------------------------------------------------------------------------------
      -                                                           clock ^     -                 -       0.000    0.129  
      CTS_ccl_a_buf_00036                                         -           HS65_LS_BFX284    0.000   0.000    0.129  
      CTS_ccl_a_buf_00036                                         A ^ -> Z ^  HS65_LS_BFX284    0.000   0.000    0.129  
      datapath_module/reg_file_module/CTS_ccl_a_buf_00033         -           HS65_LS_BFX284    0.000   0.000    0.129  
      datapath_module/reg_file_module/CTS_ccl_a_buf_00033         A ^ -> Z ^  HS65_LS_BFX284    0.000   0.000    0.129  
      datapath_module/reg_file_module/reg_memory_reg[16][30]1120  -           HS65_LS_SDFPHQX9  0.000   0.000    0.129  
      -------------------------------------------------------------------------------------------------------------------
Path 26: VIOLATED Setup Check with Pin datapath_module/reg_file_module/reg_memory_reg[15][30]1056/CP 
Endpoint:   datapath_module/reg_file_module/reg_memory_reg[15][30]1056/D (^) checked with  leading edge of 'clock'
Beginpoint: IFU_module/PC_reg[3]/Q                                       (^) triggered by  leading edge of 'clock'
Path Groups: {clock}
Retime Analysis { Data Path-Slew }
Other End Arrival Time          0.000
- Setup                        -0.171
+ Phase Shift                   7.100
- Uncertainty                   2.000
= Required Time                 5.271
- Arrival Time                  5.401
= Slack Time                   -0.129
= Slack Time(original)         -0.167
     Clock Rise Edge                      0.000
     = Beginpoint Arrival Time            0.000
     Timing Path:
      ---------------------------------------------------------------------------------------------------------------------
      Instance                                                    Arc           Cell              Retime  Arrival  Required  
                                                                                                  Delay   Time     Time  
      ---------------------------------------------------------------------------------------------------------------------
      -                                                           clock ^       -                 -       0.000    -0.129  
      CTS_ccl_a_buf_00036                                         -             HS65_LS_BFX284    0.000   0.000    -0.129  
      CTS_ccl_a_buf_00036                                         A ^ -> Z ^    HS65_LS_BFX284    0.000   0.000    -0.129  
      CTS_ccl_a_buf_00025                                         -             HS65_LS_BFX284    0.000   0.000    -0.129  
      CTS_ccl_a_buf_00025                                         A ^ -> Z ^    HS65_LS_BFX284    0.000   0.000    -0.129  
      IFU_module/PC_reg[3]                                        -             HS65_LS_SDFPRQX4  0.000   0.000    -0.129  
      IFU_module/PC_reg[3]                                        CP ^ -> Q ^   HS65_LS_SDFPRQX4  0.842   0.842    0.712  
      IFU_module/instr_mem/FE_OFC25_instruction_code_22           -             HS65_LS_IVX7      0.004   0.845    0.716  
      IFU_module/instr_mem/FE_OFC25_instruction_code_22           A ^ -> Z v    HS65_LS_IVX7      0.078   0.923    0.793  
      IFU_module/instr_mem/g723                                   -             HS65_LS_AO22X9    0.000   0.923    0.793  
      IFU_module/instr_mem/g723                                   D v -> Z v    HS65_LS_AO22X9    0.127   1.050    0.921  
      datapath_module/reg_file_module/g21715                      -             HS65_LS_NOR2X6    0.001   1.052    0.922  
      datapath_module/reg_file_module/g21715                      B v -> Z ^    HS65_LS_NOR2X6    0.074   1.126    0.996  
      datapath_module/reg_file_module/g21954                      -             HS65_LS_NOR2AX3   0.000   1.126    0.997  
      datapath_module/reg_file_module/g21954                      A ^ -> Z ^    HS65_LS_NOR2AX3   0.157   1.283    1.154  
      datapath_module/reg_file_module/FE_RC_119_0                 -             HS65_LS_NOR2X6    0.000   1.283    1.154  
      datapath_module/reg_file_module/FE_RC_119_0                 A ^ -> Z v    HS65_LS_NOR2X6    0.058   1.341    1.212  
      datapath_module/reg_file_module/g21186                      -             HS65_LS_AND2X4    0.000   1.341    1.212  
      datapath_module/reg_file_module/g21186                      B v -> Z v    HS65_LS_AND2X4    0.062   1.403    1.274  
      datapath_module/reg_file_module/g21955                      -             HS65_LS_OR3ABCX9  0.000   1.403    1.274  
      datapath_module/reg_file_module/g21955                      C v -> Z ^    HS65_LS_OR3ABCX9  0.190   1.593    1.464  
      datapath_module/alu_module/mul_44_34/FE_OFC21_read_data2_1  -             HS65_LS_BFX9      0.010   1.603    1.473  
      datapath_module/alu_module/mul_44_34/FE_OFC21_read_data2_1  A ^ -> Z ^    HS65_LS_BFX9      0.234   1.837    1.707  
      datapath_module/alu_module/mul_44_34/FE_OFC23_read_data2_1  -             HS65_LS_IVX9      0.009   1.846    1.716  
      datapath_module/alu_module/mul_44_34/FE_OFC23_read_data2_1  A ^ -> Z v    HS65_LS_IVX9      0.216   2.062    1.933  
      datapath_module/alu_module/mul_44_34/g12274                 -             HS65_LS_OAI22X6   0.009   2.071    1.941  
      datapath_module/alu_module/mul_44_34/g12274                 C v -> Z ^    HS65_LS_OAI22X6   0.108   2.179    2.050  
      datapath_module/alu_module/mul_44_34/g12765                 -             HS65_LS_AO22X9    0.000   2.179    2.050  
      datapath_module/alu_module/mul_44_34/g12765                 B ^ -> Z ^    HS65_LS_AO22X9    0.092   2.271    2.141  
      datapath_module/alu_module/mul_44_34/g11783                 -             HS65_LS_FA1X4     0.000   2.271    2.142  
      datapath_module/alu_module/mul_44_34/g11783                 B0 ^ -> S0 v  HS65_LS_FA1X4     0.147   2.418    2.289  
      datapath_module/alu_module/mul_44_34/g11716                 -             HS65_LS_FA1X4     0.000   2.418    2.289  
      datapath_module/alu_module/mul_44_34/g11716                 B0 v -> CO v  HS65_LS_FA1X4     0.121   2.540    2.410  
      datapath_module/alu_module/mul_44_34/g11693                 -             HS65_LS_FA1X4     0.000   2.540    2.410  
      datapath_module/alu_module/mul_44_34/g11693                 CI v -> CO v  HS65_LS_FA1X4     0.126   2.666    2.536  
      datapath_module/alu_module/mul_44_34/g12747                 -             HS65_LS_PAO2X9    0.000   2.666    2.537  
      datapath_module/alu_module/mul_44_34/g12747                 P v -> Z v    HS65_LS_PAO2X9    0.083   2.749    2.620  
      datapath_module/alu_module/mul_44_34/g11662                 -             HS65_LS_FA1X4     0.000   2.749    2.620  
      datapath_module/alu_module/mul_44_34/g11662                 CI v -> CO v  HS65_LS_FA1X4     0.104   2.853    2.724  
      datapath_module/alu_module/mul_44_34/g11650                 -             HS65_LS_FA1X4     0.000   2.853    2.724  
      datapath_module/alu_module/mul_44_34/g11650                 CI v -> CO v  HS65_LS_FA1X4     0.112   2.965    2.836  
      datapath_module/alu_module/mul_44_34/g12784                 -             HS65_LS_FA1X4     0.000   2.965    2.836  
      datapath_module/alu_module/mul_44_34/g12784                 CI v -> CO v  HS65_LS_FA1X4     0.112   3.077    2.948  
      datapath_module/alu_module/mul_44_34/g11632                 -             HS65_LS_FA1X4     0.000   3.077    2.948  
      datapath_module/alu_module/mul_44_34/g11632                 CI v -> CO v  HS65_LS_FA1X4     0.112   3.189    3.060  
      datapath_module/alu_module/mul_44_34/g11624                 -             HS65_LS_FA1X4     0.000   3.189    3.060  
      datapath_module/alu_module/mul_44_34/g11624                 CI v -> CO v  HS65_LS_FA1X4     0.112   3.301    3.172  
      datapath_module/alu_module/mul_44_34/g11617                 -             HS65_LS_FA1X4     0.000   3.301    3.172  
      datapath_module/alu_module/mul_44_34/g11617                 CI v -> CO v  HS65_LS_FA1X4     0.112   3.413    3.284  
      datapath_module/alu_module/mul_44_34/g12783                 -             HS65_LS_FA1X4     0.000   3.413    3.284  
      datapath_module/alu_module/mul_44_34/g12783                 CI v -> CO v  HS65_LS_FA1X4     0.112   3.526    3.396  
      datapath_module/alu_module/mul_44_34/g12782                 -             HS65_LS_FA1X4     0.000   3.526    3.396  
      datapath_module/alu_module/mul_44_34/g12782                 CI v -> CO v  HS65_LS_FA1X4     0.112   3.638    3.508  
      datapath_module/alu_module/mul_44_34/g12781                 -             HS65_LS_FA1X4     0.000   3.638    3.508  
      datapath_module/alu_module/mul_44_34/g12781                 CI v -> CO v  HS65_LS_FA1X4     0.112   3.750    3.620  
      datapath_module/alu_module/mul_44_34/g12780                 -             HS65_LS_FA1X4     0.000   3.750    3.620  
      datapath_module/alu_module/mul_44_34/g12780                 CI v -> CO v  HS65_LS_FA1X4     0.112   3.862    3.732  
      datapath_module/alu_module/mul_44_34/g12779                 -             HS65_LS_FA1X4     0.000   3.862    3.732  
      datapath_module/alu_module/mul_44_34/g12779                 CI v -> CO v  HS65_LS_FA1X4     0.112   3.974    3.844  
      datapath_module/alu_module/mul_44_34/g12778                 -             HS65_LS_FA1X4     0.000   3.974    3.844  
      datapath_module/alu_module/mul_44_34/g12778                 CI v -> CO v  HS65_LS_FA1X4     0.117   4.091    3.962  
      datapath_module/alu_module/mul_44_34/g12777                 -             HS65_LS_FA1X9     0.000   4.091    3.962  
      datapath_module/alu_module/mul_44_34/g12777                 CI v -> CO v  HS65_LS_FA1X9     0.097   4.188    4.059  
      datapath_module/alu_module/mul_44_34/g12776                 -             HS65_LS_FA1X9     0.000   4.188    4.059  
      datapath_module/alu_module/mul_44_34/g12776                 CI v -> CO v  HS65_LS_FA1X9     0.090   4.278    4.149  
      datapath_module/alu_module/mul_44_34/g12775                 -             HS65_LS_FA1X9     0.000   4.278    4.149  
      datapath_module/alu_module/mul_44_34/g12775                 CI v -> CO v  HS65_LS_FA1X9     0.090   4.368    4.238  
      datapath_module/alu_module/mul_44_34/g12774                 -             HS65_LS_FA1X9     0.000   4.368    4.238  
      datapath_module/alu_module/mul_44_34/g12774                 CI v -> CO v  HS65_LS_FA1X9     0.090   4.457    4.328  
      datapath_module/alu_module/mul_44_34/g12773                 -             HS65_LS_FA1X9     0.000   4.457    4.328  
      datapath_module/alu_module/mul_44_34/g12773                 CI v -> CO v  HS65_LS_FA1X9     0.090   4.547    4.418  
      datapath_module/alu_module/mul_44_34/g12772                 -             HS65_LS_FA1X9     0.000   4.547    4.418  
      datapath_module/alu_module/mul_44_34/g12772                 CI v -> CO v  HS65_LS_FA1X9     0.090   4.637    4.507  
      datapath_module/alu_module/mul_44_34/g12771                 -             HS65_LS_FA1X9     0.000   4.637    4.507  
      datapath_module/alu_module/mul_44_34/g12771                 CI v -> CO v  HS65_LS_FA1X9     0.090   4.726    4.597  
      datapath_module/alu_module/mul_44_34/g12770                 -             HS65_LS_FA1X9     0.000   4.726    4.597  
      datapath_module/alu_module/mul_44_34/g12770                 CI v -> CO v  HS65_LS_FA1X9     0.090   4.816    4.686  
      datapath_module/alu_module/mul_44_34/g12769                 -             HS65_LS_FA1X9     0.000   4.816    4.686  
      datapath_module/alu_module/mul_44_34/g12769                 CI v -> CO v  HS65_LS_FA1X9     0.090   4.905    4.776  
      datapath_module/alu_module/mul_44_34/g12768                 -             HS65_LS_FA1X9     0.000   4.905    4.776  
      datapath_module/alu_module/mul_44_34/g12768                 CI v -> CO v  HS65_LS_FA1X9     0.090   4.995    4.866  
      datapath_module/alu_module/mul_44_34/g12767                 -             HS65_LS_FA1X9     0.000   4.995    4.866  
      datapath_module/alu_module/mul_44_34/g12767                 CI v -> CO v  HS65_LS_FA1X9     0.087   5.082    4.952  
      datapath_module/alu_module/mul_44_34/g12766                 -             HS65_LS_FA1X4     0.000   5.082    4.952  
      datapath_module/alu_module/mul_44_34/g12766                 CI v -> S0 ^  HS65_LS_FA1X4     0.159   5.241    5.111  
      datapath_module/alu_module/g6799                            -             HS65_LS_AO112X18  0.000   5.241    5.111  
      datapath_module/alu_module/g6799                            B ^ -> Z ^    HS65_LS_AO112X18  0.140   5.381    5.252  
      datapath_module/reg_file_module/reg_memory_reg[15][30]1056  -             HS65_LS_SDFPHQX9  0.020   5.401    5.271  
      ---------------------------------------------------------------------------------------------------------------------
     Clock Rise Edge                      0.000
     = Beginpoint Arrival Time            0.000
     Other End Path:
      -------------------------------------------------------------------------------------------------------------------
      Instance                                                    Arc         Cell              Retime  Arrival  Required  
                                                                                                Delay   Time     Time  
      -------------------------------------------------------------------------------------------------------------------
      -                                                           clock ^     -                 -       0.000    0.129  
      CTS_ccl_a_buf_00036                                         -           HS65_LS_BFX284    0.000   0.000    0.129  
      CTS_ccl_a_buf_00036                                         A ^ -> Z ^  HS65_LS_BFX284    0.000   0.000    0.129  
      datapath_module/reg_file_module/CTS_ccl_a_buf_00029         -           HS65_LS_BFX284    0.000   0.000    0.129  
      datapath_module/reg_file_module/CTS_ccl_a_buf_00029         A ^ -> Z ^  HS65_LS_BFX284    0.000   0.000    0.129  
      datapath_module/reg_file_module/reg_memory_reg[15][30]1056  -           HS65_LS_SDFPHQX9  0.000   0.000    0.129  
      -------------------------------------------------------------------------------------------------------------------
Path 27: VIOLATED Setup Check with Pin datapath_module/reg_file_module/reg_memory_reg[14][30]992/CP 
Endpoint:   datapath_module/reg_file_module/reg_memory_reg[14][30]992/D (^) checked with  leading edge of 'clock'
Beginpoint: IFU_module/PC_reg[3]/Q                                      (^) triggered by  leading edge of 'clock'
Path Groups: {clock}
Retime Analysis { Data Path-Slew }
Other End Arrival Time          0.000
- Setup                        -0.171
+ Phase Shift                   7.100
- Uncertainty                   2.000
= Required Time                 5.271
- Arrival Time                  5.401
= Slack Time                   -0.129
= Slack Time(original)         -0.167
     Clock Rise Edge                      0.000
     = Beginpoint Arrival Time            0.000
     Timing Path:
      ---------------------------------------------------------------------------------------------------------------------
      Instance                                                    Arc           Cell              Retime  Arrival  Required  
                                                                                                  Delay   Time     Time  
      ---------------------------------------------------------------------------------------------------------------------
      -                                                           clock ^       -                 -       0.000    -0.129  
      CTS_ccl_a_buf_00036                                         -             HS65_LS_BFX284    0.000   0.000    -0.129  
      CTS_ccl_a_buf_00036                                         A ^ -> Z ^    HS65_LS_BFX284    0.000   0.000    -0.129  
      CTS_ccl_a_buf_00025                                         -             HS65_LS_BFX284    0.000   0.000    -0.129  
      CTS_ccl_a_buf_00025                                         A ^ -> Z ^    HS65_LS_BFX284    0.000   0.000    -0.129  
      IFU_module/PC_reg[3]                                        -             HS65_LS_SDFPRQX4  0.000   0.000    -0.129  
      IFU_module/PC_reg[3]                                        CP ^ -> Q ^   HS65_LS_SDFPRQX4  0.842   0.842    0.712  
      IFU_module/instr_mem/FE_OFC25_instruction_code_22           -             HS65_LS_IVX7      0.004   0.845    0.716  
      IFU_module/instr_mem/FE_OFC25_instruction_code_22           A ^ -> Z v    HS65_LS_IVX7      0.078   0.923    0.793  
      IFU_module/instr_mem/g723                                   -             HS65_LS_AO22X9    0.000   0.923    0.793  
      IFU_module/instr_mem/g723                                   D v -> Z v    HS65_LS_AO22X9    0.127   1.050    0.921  
      datapath_module/reg_file_module/g21715                      -             HS65_LS_NOR2X6    0.001   1.052    0.922  
      datapath_module/reg_file_module/g21715                      B v -> Z ^    HS65_LS_NOR2X6    0.074   1.126    0.996  
      datapath_module/reg_file_module/g21954                      -             HS65_LS_NOR2AX3   0.000   1.126    0.997  
      datapath_module/reg_file_module/g21954                      A ^ -> Z ^    HS65_LS_NOR2AX3   0.157   1.283    1.154  
      datapath_module/reg_file_module/FE_RC_119_0                 -             HS65_LS_NOR2X6    0.000   1.283    1.154  
      datapath_module/reg_file_module/FE_RC_119_0                 A ^ -> Z v    HS65_LS_NOR2X6    0.058   1.341    1.212  
      datapath_module/reg_file_module/g21186                      -             HS65_LS_AND2X4    0.000   1.341    1.212  
      datapath_module/reg_file_module/g21186                      B v -> Z v    HS65_LS_AND2X4    0.062   1.403    1.274  
      datapath_module/reg_file_module/g21955                      -             HS65_LS_OR3ABCX9  0.000   1.403    1.274  
      datapath_module/reg_file_module/g21955                      C v -> Z ^    HS65_LS_OR3ABCX9  0.190   1.593    1.464  
      datapath_module/alu_module/mul_44_34/FE_OFC21_read_data2_1  -             HS65_LS_BFX9      0.010   1.603    1.473  
      datapath_module/alu_module/mul_44_34/FE_OFC21_read_data2_1  A ^ -> Z ^    HS65_LS_BFX9      0.234   1.837    1.707  
      datapath_module/alu_module/mul_44_34/FE_OFC23_read_data2_1  -             HS65_LS_IVX9      0.009   1.846    1.716  
      datapath_module/alu_module/mul_44_34/FE_OFC23_read_data2_1  A ^ -> Z v    HS65_LS_IVX9      0.216   2.062    1.933  
      datapath_module/alu_module/mul_44_34/g12274                 -             HS65_LS_OAI22X6   0.009   2.071    1.941  
      datapath_module/alu_module/mul_44_34/g12274                 C v -> Z ^    HS65_LS_OAI22X6   0.108   2.179    2.050  
      datapath_module/alu_module/mul_44_34/g12765                 -             HS65_LS_AO22X9    0.000   2.179    2.050  
      datapath_module/alu_module/mul_44_34/g12765                 B ^ -> Z ^    HS65_LS_AO22X9    0.092   2.271    2.141  
      datapath_module/alu_module/mul_44_34/g11783                 -             HS65_LS_FA1X4     0.000   2.271    2.142  
      datapath_module/alu_module/mul_44_34/g11783                 B0 ^ -> S0 v  HS65_LS_FA1X4     0.147   2.418    2.289  
      datapath_module/alu_module/mul_44_34/g11716                 -             HS65_LS_FA1X4     0.000   2.418    2.289  
      datapath_module/alu_module/mul_44_34/g11716                 B0 v -> CO v  HS65_LS_FA1X4     0.121   2.540    2.410  
      datapath_module/alu_module/mul_44_34/g11693                 -             HS65_LS_FA1X4     0.000   2.540    2.410  
      datapath_module/alu_module/mul_44_34/g11693                 CI v -> CO v  HS65_LS_FA1X4     0.126   2.666    2.536  
      datapath_module/alu_module/mul_44_34/g12747                 -             HS65_LS_PAO2X9    0.000   2.666    2.537  
      datapath_module/alu_module/mul_44_34/g12747                 P v -> Z v    HS65_LS_PAO2X9    0.083   2.749    2.620  
      datapath_module/alu_module/mul_44_34/g11662                 -             HS65_LS_FA1X4     0.000   2.749    2.620  
      datapath_module/alu_module/mul_44_34/g11662                 CI v -> CO v  HS65_LS_FA1X4     0.104   2.853    2.724  
      datapath_module/alu_module/mul_44_34/g11650                 -             HS65_LS_FA1X4     0.000   2.853    2.724  
      datapath_module/alu_module/mul_44_34/g11650                 CI v -> CO v  HS65_LS_FA1X4     0.112   2.965    2.836  
      datapath_module/alu_module/mul_44_34/g12784                 -             HS65_LS_FA1X4     0.000   2.965    2.836  
      datapath_module/alu_module/mul_44_34/g12784                 CI v -> CO v  HS65_LS_FA1X4     0.112   3.077    2.948  
      datapath_module/alu_module/mul_44_34/g11632                 -             HS65_LS_FA1X4     0.000   3.077    2.948  
      datapath_module/alu_module/mul_44_34/g11632                 CI v -> CO v  HS65_LS_FA1X4     0.112   3.189    3.060  
      datapath_module/alu_module/mul_44_34/g11624                 -             HS65_LS_FA1X4     0.000   3.189    3.060  
      datapath_module/alu_module/mul_44_34/g11624                 CI v -> CO v  HS65_LS_FA1X4     0.112   3.301    3.172  
      datapath_module/alu_module/mul_44_34/g11617                 -             HS65_LS_FA1X4     0.000   3.301    3.172  
      datapath_module/alu_module/mul_44_34/g11617                 CI v -> CO v  HS65_LS_FA1X4     0.112   3.413    3.284  
      datapath_module/alu_module/mul_44_34/g12783                 -             HS65_LS_FA1X4     0.000   3.413    3.284  
      datapath_module/alu_module/mul_44_34/g12783                 CI v -> CO v  HS65_LS_FA1X4     0.112   3.526    3.396  
      datapath_module/alu_module/mul_44_34/g12782                 -             HS65_LS_FA1X4     0.000   3.526    3.396  
      datapath_module/alu_module/mul_44_34/g12782                 CI v -> CO v  HS65_LS_FA1X4     0.112   3.638    3.508  
      datapath_module/alu_module/mul_44_34/g12781                 -             HS65_LS_FA1X4     0.000   3.638    3.508  
      datapath_module/alu_module/mul_44_34/g12781                 CI v -> CO v  HS65_LS_FA1X4     0.112   3.750    3.620  
      datapath_module/alu_module/mul_44_34/g12780                 -             HS65_LS_FA1X4     0.000   3.750    3.620  
      datapath_module/alu_module/mul_44_34/g12780                 CI v -> CO v  HS65_LS_FA1X4     0.112   3.862    3.732  
      datapath_module/alu_module/mul_44_34/g12779                 -             HS65_LS_FA1X4     0.000   3.862    3.732  
      datapath_module/alu_module/mul_44_34/g12779                 CI v -> CO v  HS65_LS_FA1X4     0.112   3.974    3.844  
      datapath_module/alu_module/mul_44_34/g12778                 -             HS65_LS_FA1X4     0.000   3.974    3.844  
      datapath_module/alu_module/mul_44_34/g12778                 CI v -> CO v  HS65_LS_FA1X4     0.117   4.091    3.962  
      datapath_module/alu_module/mul_44_34/g12777                 -             HS65_LS_FA1X9     0.000   4.091    3.962  
      datapath_module/alu_module/mul_44_34/g12777                 CI v -> CO v  HS65_LS_FA1X9     0.097   4.188    4.059  
      datapath_module/alu_module/mul_44_34/g12776                 -             HS65_LS_FA1X9     0.000   4.188    4.059  
      datapath_module/alu_module/mul_44_34/g12776                 CI v -> CO v  HS65_LS_FA1X9     0.090   4.278    4.149  
      datapath_module/alu_module/mul_44_34/g12775                 -             HS65_LS_FA1X9     0.000   4.278    4.149  
      datapath_module/alu_module/mul_44_34/g12775                 CI v -> CO v  HS65_LS_FA1X9     0.090   4.368    4.238  
      datapath_module/alu_module/mul_44_34/g12774                 -             HS65_LS_FA1X9     0.000   4.368    4.238  
      datapath_module/alu_module/mul_44_34/g12774                 CI v -> CO v  HS65_LS_FA1X9     0.090   4.457    4.328  
      datapath_module/alu_module/mul_44_34/g12773                 -             HS65_LS_FA1X9     0.000   4.457    4.328  
      datapath_module/alu_module/mul_44_34/g12773                 CI v -> CO v  HS65_LS_FA1X9     0.090   4.547    4.418  
      datapath_module/alu_module/mul_44_34/g12772                 -             HS65_LS_FA1X9     0.000   4.547    4.418  
      datapath_module/alu_module/mul_44_34/g12772                 CI v -> CO v  HS65_LS_FA1X9     0.090   4.637    4.507  
      datapath_module/alu_module/mul_44_34/g12771                 -             HS65_LS_FA1X9     0.000   4.637    4.507  
      datapath_module/alu_module/mul_44_34/g12771                 CI v -> CO v  HS65_LS_FA1X9     0.090   4.726    4.597  
      datapath_module/alu_module/mul_44_34/g12770                 -             HS65_LS_FA1X9     0.000   4.726    4.597  
      datapath_module/alu_module/mul_44_34/g12770                 CI v -> CO v  HS65_LS_FA1X9     0.090   4.816    4.686  
      datapath_module/alu_module/mul_44_34/g12769                 -             HS65_LS_FA1X9     0.000   4.816    4.686  
      datapath_module/alu_module/mul_44_34/g12769                 CI v -> CO v  HS65_LS_FA1X9     0.090   4.905    4.776  
      datapath_module/alu_module/mul_44_34/g12768                 -             HS65_LS_FA1X9     0.000   4.905    4.776  
      datapath_module/alu_module/mul_44_34/g12768                 CI v -> CO v  HS65_LS_FA1X9     0.090   4.995    4.866  
      datapath_module/alu_module/mul_44_34/g12767                 -             HS65_LS_FA1X9     0.000   4.995    4.866  
      datapath_module/alu_module/mul_44_34/g12767                 CI v -> CO v  HS65_LS_FA1X9     0.087   5.082    4.952  
      datapath_module/alu_module/mul_44_34/g12766                 -             HS65_LS_FA1X4     0.000   5.082    4.952  
      datapath_module/alu_module/mul_44_34/g12766                 CI v -> S0 ^  HS65_LS_FA1X4     0.159   5.241    5.111  
      datapath_module/alu_module/g6799                            -             HS65_LS_AO112X18  0.000   5.241    5.111  
      datapath_module/alu_module/g6799                            B ^ -> Z ^    HS65_LS_AO112X18  0.140   5.381    5.252  
      datapath_module/reg_file_module/reg_memory_reg[14][30]992   -             HS65_LS_SDFPHQX9  0.020   5.401    5.271  
      ---------------------------------------------------------------------------------------------------------------------
     Clock Rise Edge                      0.000
     = Beginpoint Arrival Time            0.000
     Other End Path:
      ------------------------------------------------------------------------------------------------------------------
      Instance                                                   Arc         Cell              Retime  Arrival  Required  
                                                                                               Delay   Time     Time  
      ------------------------------------------------------------------------------------------------------------------
      -                                                          clock ^     -                 -       0.000    0.129  
      CTS_ccl_a_buf_00036                                        -           HS65_LS_BFX284    0.000   0.000    0.129  
      CTS_ccl_a_buf_00036                                        A ^ -> Z ^  HS65_LS_BFX284    0.000   0.000    0.129  
      datapath_module/reg_file_module/CTS_ccl_a_buf_00021        -           HS65_LS_BFX284    0.000   0.000    0.129  
      datapath_module/reg_file_module/CTS_ccl_a_buf_00021        A ^ -> Z ^  HS65_LS_BFX284    0.000   0.000    0.129  
      datapath_module/reg_file_module/reg_memory_reg[14][30]992  -           HS65_LS_SDFPHQX9  0.000   0.000    0.129  
      ------------------------------------------------------------------------------------------------------------------
Path 28: VIOLATED Setup Check with Pin datapath_module/reg_file_module/reg_memory_reg[13][30]928/CP 
Endpoint:   datapath_module/reg_file_module/reg_memory_reg[13][30]928/D (^) checked with  leading edge of 'clock'
Beginpoint: IFU_module/PC_reg[3]/Q                                      (^) triggered by  leading edge of 'clock'
Path Groups: {clock}
Retime Analysis { Data Path-Slew }
Other End Arrival Time          0.000
- Setup                        -0.171
+ Phase Shift                   7.100
- Uncertainty                   2.000
= Required Time                 5.271
- Arrival Time                  5.401
= Slack Time                   -0.129
= Slack Time(original)         -0.167
     Clock Rise Edge                      0.000
     = Beginpoint Arrival Time            0.000
     Timing Path:
      ---------------------------------------------------------------------------------------------------------------------
      Instance                                                    Arc           Cell              Retime  Arrival  Required  
                                                                                                  Delay   Time     Time  
      ---------------------------------------------------------------------------------------------------------------------
      -                                                           clock ^       -                 -       0.000    -0.129  
      CTS_ccl_a_buf_00036                                         -             HS65_LS_BFX284    0.000   0.000    -0.129  
      CTS_ccl_a_buf_00036                                         A ^ -> Z ^    HS65_LS_BFX284    0.000   0.000    -0.129  
      CTS_ccl_a_buf_00025                                         -             HS65_LS_BFX284    0.000   0.000    -0.129  
      CTS_ccl_a_buf_00025                                         A ^ -> Z ^    HS65_LS_BFX284    0.000   0.000    -0.129  
      IFU_module/PC_reg[3]                                        -             HS65_LS_SDFPRQX4  0.000   0.000    -0.129  
      IFU_module/PC_reg[3]                                        CP ^ -> Q ^   HS65_LS_SDFPRQX4  0.842   0.842    0.712  
      IFU_module/instr_mem/FE_OFC25_instruction_code_22           -             HS65_LS_IVX7      0.004   0.845    0.716  
      IFU_module/instr_mem/FE_OFC25_instruction_code_22           A ^ -> Z v    HS65_LS_IVX7      0.078   0.923    0.793  
      IFU_module/instr_mem/g723                                   -             HS65_LS_AO22X9    0.000   0.923    0.793  
      IFU_module/instr_mem/g723                                   D v -> Z v    HS65_LS_AO22X9    0.127   1.050    0.921  
      datapath_module/reg_file_module/g21715                      -             HS65_LS_NOR2X6    0.001   1.052    0.922  
      datapath_module/reg_file_module/g21715                      B v -> Z ^    HS65_LS_NOR2X6    0.074   1.126    0.996  
      datapath_module/reg_file_module/g21954                      -             HS65_LS_NOR2AX3   0.000   1.126    0.997  
      datapath_module/reg_file_module/g21954                      A ^ -> Z ^    HS65_LS_NOR2AX3   0.157   1.283    1.154  
      datapath_module/reg_file_module/FE_RC_119_0                 -             HS65_LS_NOR2X6    0.000   1.283    1.154  
      datapath_module/reg_file_module/FE_RC_119_0                 A ^ -> Z v    HS65_LS_NOR2X6    0.058   1.341    1.212  
      datapath_module/reg_file_module/g21186                      -             HS65_LS_AND2X4    0.000   1.341    1.212  
      datapath_module/reg_file_module/g21186                      B v -> Z v    HS65_LS_AND2X4    0.062   1.403    1.274  
      datapath_module/reg_file_module/g21955                      -             HS65_LS_OR3ABCX9  0.000   1.403    1.274  
      datapath_module/reg_file_module/g21955                      C v -> Z ^    HS65_LS_OR3ABCX9  0.190   1.593    1.464  
      datapath_module/alu_module/mul_44_34/FE_OFC21_read_data2_1  -             HS65_LS_BFX9      0.010   1.603    1.473  
      datapath_module/alu_module/mul_44_34/FE_OFC21_read_data2_1  A ^ -> Z ^    HS65_LS_BFX9      0.234   1.837    1.707  
      datapath_module/alu_module/mul_44_34/FE_OFC23_read_data2_1  -             HS65_LS_IVX9      0.009   1.846    1.716  
      datapath_module/alu_module/mul_44_34/FE_OFC23_read_data2_1  A ^ -> Z v    HS65_LS_IVX9      0.216   2.062    1.933  
      datapath_module/alu_module/mul_44_34/g12274                 -             HS65_LS_OAI22X6   0.009   2.071    1.941  
      datapath_module/alu_module/mul_44_34/g12274                 C v -> Z ^    HS65_LS_OAI22X6   0.108   2.179    2.050  
      datapath_module/alu_module/mul_44_34/g12765                 -             HS65_LS_AO22X9    0.000   2.179    2.050  
      datapath_module/alu_module/mul_44_34/g12765                 B ^ -> Z ^    HS65_LS_AO22X9    0.092   2.271    2.141  
      datapath_module/alu_module/mul_44_34/g11783                 -             HS65_LS_FA1X4     0.000   2.271    2.142  
      datapath_module/alu_module/mul_44_34/g11783                 B0 ^ -> S0 v  HS65_LS_FA1X4     0.147   2.418    2.289  
      datapath_module/alu_module/mul_44_34/g11716                 -             HS65_LS_FA1X4     0.000   2.418    2.289  
      datapath_module/alu_module/mul_44_34/g11716                 B0 v -> CO v  HS65_LS_FA1X4     0.121   2.540    2.410  
      datapath_module/alu_module/mul_44_34/g11693                 -             HS65_LS_FA1X4     0.000   2.540    2.410  
      datapath_module/alu_module/mul_44_34/g11693                 CI v -> CO v  HS65_LS_FA1X4     0.126   2.666    2.536  
      datapath_module/alu_module/mul_44_34/g12747                 -             HS65_LS_PAO2X9    0.000   2.666    2.537  
      datapath_module/alu_module/mul_44_34/g12747                 P v -> Z v    HS65_LS_PAO2X9    0.083   2.749    2.620  
      datapath_module/alu_module/mul_44_34/g11662                 -             HS65_LS_FA1X4     0.000   2.749    2.620  
      datapath_module/alu_module/mul_44_34/g11662                 CI v -> CO v  HS65_LS_FA1X4     0.104   2.853    2.724  
      datapath_module/alu_module/mul_44_34/g11650                 -             HS65_LS_FA1X4     0.000   2.853    2.724  
      datapath_module/alu_module/mul_44_34/g11650                 CI v -> CO v  HS65_LS_FA1X4     0.112   2.965    2.836  
      datapath_module/alu_module/mul_44_34/g12784                 -             HS65_LS_FA1X4     0.000   2.965    2.836  
      datapath_module/alu_module/mul_44_34/g12784                 CI v -> CO v  HS65_LS_FA1X4     0.112   3.077    2.948  
      datapath_module/alu_module/mul_44_34/g11632                 -             HS65_LS_FA1X4     0.000   3.077    2.948  
      datapath_module/alu_module/mul_44_34/g11632                 CI v -> CO v  HS65_LS_FA1X4     0.112   3.189    3.060  
      datapath_module/alu_module/mul_44_34/g11624                 -             HS65_LS_FA1X4     0.000   3.189    3.060  
      datapath_module/alu_module/mul_44_34/g11624                 CI v -> CO v  HS65_LS_FA1X4     0.112   3.301    3.172  
      datapath_module/alu_module/mul_44_34/g11617                 -             HS65_LS_FA1X4     0.000   3.301    3.172  
      datapath_module/alu_module/mul_44_34/g11617                 CI v -> CO v  HS65_LS_FA1X4     0.112   3.413    3.284  
      datapath_module/alu_module/mul_44_34/g12783                 -             HS65_LS_FA1X4     0.000   3.413    3.284  
      datapath_module/alu_module/mul_44_34/g12783                 CI v -> CO v  HS65_LS_FA1X4     0.112   3.526    3.396  
      datapath_module/alu_module/mul_44_34/g12782                 -             HS65_LS_FA1X4     0.000   3.526    3.396  
      datapath_module/alu_module/mul_44_34/g12782                 CI v -> CO v  HS65_LS_FA1X4     0.112   3.638    3.508  
      datapath_module/alu_module/mul_44_34/g12781                 -             HS65_LS_FA1X4     0.000   3.638    3.508  
      datapath_module/alu_module/mul_44_34/g12781                 CI v -> CO v  HS65_LS_FA1X4     0.112   3.750    3.620  
      datapath_module/alu_module/mul_44_34/g12780                 -             HS65_LS_FA1X4     0.000   3.750    3.620  
      datapath_module/alu_module/mul_44_34/g12780                 CI v -> CO v  HS65_LS_FA1X4     0.112   3.862    3.732  
      datapath_module/alu_module/mul_44_34/g12779                 -             HS65_LS_FA1X4     0.000   3.862    3.732  
      datapath_module/alu_module/mul_44_34/g12779                 CI v -> CO v  HS65_LS_FA1X4     0.112   3.974    3.844  
      datapath_module/alu_module/mul_44_34/g12778                 -             HS65_LS_FA1X4     0.000   3.974    3.844  
      datapath_module/alu_module/mul_44_34/g12778                 CI v -> CO v  HS65_LS_FA1X4     0.117   4.091    3.962  
      datapath_module/alu_module/mul_44_34/g12777                 -             HS65_LS_FA1X9     0.000   4.091    3.962  
      datapath_module/alu_module/mul_44_34/g12777                 CI v -> CO v  HS65_LS_FA1X9     0.097   4.188    4.059  
      datapath_module/alu_module/mul_44_34/g12776                 -             HS65_LS_FA1X9     0.000   4.188    4.059  
      datapath_module/alu_module/mul_44_34/g12776                 CI v -> CO v  HS65_LS_FA1X9     0.090   4.278    4.149  
      datapath_module/alu_module/mul_44_34/g12775                 -             HS65_LS_FA1X9     0.000   4.278    4.149  
      datapath_module/alu_module/mul_44_34/g12775                 CI v -> CO v  HS65_LS_FA1X9     0.090   4.368    4.238  
      datapath_module/alu_module/mul_44_34/g12774                 -             HS65_LS_FA1X9     0.000   4.368    4.238  
      datapath_module/alu_module/mul_44_34/g12774                 CI v -> CO v  HS65_LS_FA1X9     0.090   4.457    4.328  
      datapath_module/alu_module/mul_44_34/g12773                 -             HS65_LS_FA1X9     0.000   4.457    4.328  
      datapath_module/alu_module/mul_44_34/g12773                 CI v -> CO v  HS65_LS_FA1X9     0.090   4.547    4.418  
      datapath_module/alu_module/mul_44_34/g12772                 -             HS65_LS_FA1X9     0.000   4.547    4.418  
      datapath_module/alu_module/mul_44_34/g12772                 CI v -> CO v  HS65_LS_FA1X9     0.090   4.637    4.507  
      datapath_module/alu_module/mul_44_34/g12771                 -             HS65_LS_FA1X9     0.000   4.637    4.507  
      datapath_module/alu_module/mul_44_34/g12771                 CI v -> CO v  HS65_LS_FA1X9     0.090   4.726    4.597  
      datapath_module/alu_module/mul_44_34/g12770                 -             HS65_LS_FA1X9     0.000   4.726    4.597  
      datapath_module/alu_module/mul_44_34/g12770                 CI v -> CO v  HS65_LS_FA1X9     0.090   4.816    4.686  
      datapath_module/alu_module/mul_44_34/g12769                 -             HS65_LS_FA1X9     0.000   4.816    4.686  
      datapath_module/alu_module/mul_44_34/g12769                 CI v -> CO v  HS65_LS_FA1X9     0.090   4.905    4.776  
      datapath_module/alu_module/mul_44_34/g12768                 -             HS65_LS_FA1X9     0.000   4.905    4.776  
      datapath_module/alu_module/mul_44_34/g12768                 CI v -> CO v  HS65_LS_FA1X9     0.090   4.995    4.866  
      datapath_module/alu_module/mul_44_34/g12767                 -             HS65_LS_FA1X9     0.000   4.995    4.866  
      datapath_module/alu_module/mul_44_34/g12767                 CI v -> CO v  HS65_LS_FA1X9     0.087   5.082    4.952  
      datapath_module/alu_module/mul_44_34/g12766                 -             HS65_LS_FA1X4     0.000   5.082    4.952  
      datapath_module/alu_module/mul_44_34/g12766                 CI v -> S0 ^  HS65_LS_FA1X4     0.159   5.241    5.111  
      datapath_module/alu_module/g6799                            -             HS65_LS_AO112X18  0.000   5.241    5.111  
      datapath_module/alu_module/g6799                            B ^ -> Z ^    HS65_LS_AO112X18  0.140   5.381    5.252  
      datapath_module/reg_file_module/reg_memory_reg[13][30]928   -             HS65_LS_SDFPHQX9  0.020   5.401    5.271  
      ---------------------------------------------------------------------------------------------------------------------
     Clock Rise Edge                      0.000
     = Beginpoint Arrival Time            0.000
     Other End Path:
      ------------------------------------------------------------------------------------------------------------------
      Instance                                                   Arc         Cell              Retime  Arrival  Required  
                                                                                               Delay   Time     Time  
      ------------------------------------------------------------------------------------------------------------------
      -                                                          clock ^     -                 -       0.000    0.129  
      CTS_ccl_a_buf_00036                                        -           HS65_LS_BFX284    0.000   0.000    0.129  
      CTS_ccl_a_buf_00036                                        A ^ -> Z ^  HS65_LS_BFX284    0.000   0.000    0.129  
      datapath_module/reg_file_module/CTS_ccl_a_buf_00029        -           HS65_LS_BFX284    0.000   0.000    0.129  
      datapath_module/reg_file_module/CTS_ccl_a_buf_00029        A ^ -> Z ^  HS65_LS_BFX284    0.000   0.000    0.129  
      datapath_module/reg_file_module/reg_memory_reg[13][30]928  -           HS65_LS_SDFPHQX9  0.000   0.000    0.129  
      ------------------------------------------------------------------------------------------------------------------
Path 29: VIOLATED Setup Check with Pin datapath_module/reg_file_module/reg_memory_reg[12][30]864/CP 
Endpoint:   datapath_module/reg_file_module/reg_memory_reg[12][30]864/D (^) checked with  leading edge of 'clock'
Beginpoint: IFU_module/PC_reg[3]/Q                                      (^) triggered by  leading edge of 'clock'
Path Groups: {clock}
Retime Analysis { Data Path-Slew }
Other End Arrival Time          0.000
- Setup                        -0.171
+ Phase Shift                   7.100
- Uncertainty                   2.000
= Required Time                 5.271
- Arrival Time                  5.401
= Slack Time                   -0.129
= Slack Time(original)         -0.167
     Clock Rise Edge                      0.000
     = Beginpoint Arrival Time            0.000
     Timing Path:
      ---------------------------------------------------------------------------------------------------------------------
      Instance                                                    Arc           Cell              Retime  Arrival  Required  
                                                                                                  Delay   Time     Time  
      ---------------------------------------------------------------------------------------------------------------------
      -                                                           clock ^       -                 -       0.000    -0.129  
      CTS_ccl_a_buf_00036                                         -             HS65_LS_BFX284    0.000   0.000    -0.129  
      CTS_ccl_a_buf_00036                                         A ^ -> Z ^    HS65_LS_BFX284    0.000   0.000    -0.129  
      CTS_ccl_a_buf_00025                                         -             HS65_LS_BFX284    0.000   0.000    -0.129  
      CTS_ccl_a_buf_00025                                         A ^ -> Z ^    HS65_LS_BFX284    0.000   0.000    -0.129  
      IFU_module/PC_reg[3]                                        -             HS65_LS_SDFPRQX4  0.000   0.000    -0.129  
      IFU_module/PC_reg[3]                                        CP ^ -> Q ^   HS65_LS_SDFPRQX4  0.842   0.842    0.712  
      IFU_module/instr_mem/FE_OFC25_instruction_code_22           -             HS65_LS_IVX7      0.004   0.845    0.716  
      IFU_module/instr_mem/FE_OFC25_instruction_code_22           A ^ -> Z v    HS65_LS_IVX7      0.078   0.923    0.793  
      IFU_module/instr_mem/g723                                   -             HS65_LS_AO22X9    0.000   0.923    0.793  
      IFU_module/instr_mem/g723                                   D v -> Z v    HS65_LS_AO22X9    0.127   1.050    0.921  
      datapath_module/reg_file_module/g21715                      -             HS65_LS_NOR2X6    0.001   1.052    0.922  
      datapath_module/reg_file_module/g21715                      B v -> Z ^    HS65_LS_NOR2X6    0.074   1.126    0.996  
      datapath_module/reg_file_module/g21954                      -             HS65_LS_NOR2AX3   0.000   1.126    0.997  
      datapath_module/reg_file_module/g21954                      A ^ -> Z ^    HS65_LS_NOR2AX3   0.157   1.283    1.154  
      datapath_module/reg_file_module/FE_RC_119_0                 -             HS65_LS_NOR2X6    0.000   1.283    1.154  
      datapath_module/reg_file_module/FE_RC_119_0                 A ^ -> Z v    HS65_LS_NOR2X6    0.058   1.341    1.212  
      datapath_module/reg_file_module/g21186                      -             HS65_LS_AND2X4    0.000   1.341    1.212  
      datapath_module/reg_file_module/g21186                      B v -> Z v    HS65_LS_AND2X4    0.062   1.403    1.274  
      datapath_module/reg_file_module/g21955                      -             HS65_LS_OR3ABCX9  0.000   1.403    1.274  
      datapath_module/reg_file_module/g21955                      C v -> Z ^    HS65_LS_OR3ABCX9  0.190   1.593    1.464  
      datapath_module/alu_module/mul_44_34/FE_OFC21_read_data2_1  -             HS65_LS_BFX9      0.010   1.603    1.473  
      datapath_module/alu_module/mul_44_34/FE_OFC21_read_data2_1  A ^ -> Z ^    HS65_LS_BFX9      0.234   1.837    1.707  
      datapath_module/alu_module/mul_44_34/FE_OFC23_read_data2_1  -             HS65_LS_IVX9      0.009   1.846    1.716  
      datapath_module/alu_module/mul_44_34/FE_OFC23_read_data2_1  A ^ -> Z v    HS65_LS_IVX9      0.216   2.062    1.933  
      datapath_module/alu_module/mul_44_34/g12274                 -             HS65_LS_OAI22X6   0.009   2.071    1.941  
      datapath_module/alu_module/mul_44_34/g12274                 C v -> Z ^    HS65_LS_OAI22X6   0.108   2.179    2.050  
      datapath_module/alu_module/mul_44_34/g12765                 -             HS65_LS_AO22X9    0.000   2.179    2.050  
      datapath_module/alu_module/mul_44_34/g12765                 B ^ -> Z ^    HS65_LS_AO22X9    0.092   2.271    2.141  
      datapath_module/alu_module/mul_44_34/g11783                 -             HS65_LS_FA1X4     0.000   2.271    2.142  
      datapath_module/alu_module/mul_44_34/g11783                 B0 ^ -> S0 v  HS65_LS_FA1X4     0.147   2.418    2.289  
      datapath_module/alu_module/mul_44_34/g11716                 -             HS65_LS_FA1X4     0.000   2.418    2.289  
      datapath_module/alu_module/mul_44_34/g11716                 B0 v -> CO v  HS65_LS_FA1X4     0.121   2.540    2.410  
      datapath_module/alu_module/mul_44_34/g11693                 -             HS65_LS_FA1X4     0.000   2.540    2.410  
      datapath_module/alu_module/mul_44_34/g11693                 CI v -> CO v  HS65_LS_FA1X4     0.126   2.666    2.536  
      datapath_module/alu_module/mul_44_34/g12747                 -             HS65_LS_PAO2X9    0.000   2.666    2.537  
      datapath_module/alu_module/mul_44_34/g12747                 P v -> Z v    HS65_LS_PAO2X9    0.083   2.749    2.620  
      datapath_module/alu_module/mul_44_34/g11662                 -             HS65_LS_FA1X4     0.000   2.749    2.620  
      datapath_module/alu_module/mul_44_34/g11662                 CI v -> CO v  HS65_LS_FA1X4     0.104   2.853    2.724  
      datapath_module/alu_module/mul_44_34/g11650                 -             HS65_LS_FA1X4     0.000   2.853    2.724  
      datapath_module/alu_module/mul_44_34/g11650                 CI v -> CO v  HS65_LS_FA1X4     0.112   2.965    2.836  
      datapath_module/alu_module/mul_44_34/g12784                 -             HS65_LS_FA1X4     0.000   2.965    2.836  
      datapath_module/alu_module/mul_44_34/g12784                 CI v -> CO v  HS65_LS_FA1X4     0.112   3.077    2.948  
      datapath_module/alu_module/mul_44_34/g11632                 -             HS65_LS_FA1X4     0.000   3.077    2.948  
      datapath_module/alu_module/mul_44_34/g11632                 CI v -> CO v  HS65_LS_FA1X4     0.112   3.189    3.060  
      datapath_module/alu_module/mul_44_34/g11624                 -             HS65_LS_FA1X4     0.000   3.189    3.060  
      datapath_module/alu_module/mul_44_34/g11624                 CI v -> CO v  HS65_LS_FA1X4     0.112   3.301    3.172  
      datapath_module/alu_module/mul_44_34/g11617                 -             HS65_LS_FA1X4     0.000   3.301    3.172  
      datapath_module/alu_module/mul_44_34/g11617                 CI v -> CO v  HS65_LS_FA1X4     0.112   3.413    3.284  
      datapath_module/alu_module/mul_44_34/g12783                 -             HS65_LS_FA1X4     0.000   3.413    3.284  
      datapath_module/alu_module/mul_44_34/g12783                 CI v -> CO v  HS65_LS_FA1X4     0.112   3.526    3.396  
      datapath_module/alu_module/mul_44_34/g12782                 -             HS65_LS_FA1X4     0.000   3.526    3.396  
      datapath_module/alu_module/mul_44_34/g12782                 CI v -> CO v  HS65_LS_FA1X4     0.112   3.638    3.508  
      datapath_module/alu_module/mul_44_34/g12781                 -             HS65_LS_FA1X4     0.000   3.638    3.508  
      datapath_module/alu_module/mul_44_34/g12781                 CI v -> CO v  HS65_LS_FA1X4     0.112   3.750    3.620  
      datapath_module/alu_module/mul_44_34/g12780                 -             HS65_LS_FA1X4     0.000   3.750    3.620  
      datapath_module/alu_module/mul_44_34/g12780                 CI v -> CO v  HS65_LS_FA1X4     0.112   3.862    3.732  
      datapath_module/alu_module/mul_44_34/g12779                 -             HS65_LS_FA1X4     0.000   3.862    3.732  
      datapath_module/alu_module/mul_44_34/g12779                 CI v -> CO v  HS65_LS_FA1X4     0.112   3.974    3.844  
      datapath_module/alu_module/mul_44_34/g12778                 -             HS65_LS_FA1X4     0.000   3.974    3.844  
      datapath_module/alu_module/mul_44_34/g12778                 CI v -> CO v  HS65_LS_FA1X4     0.117   4.091    3.962  
      datapath_module/alu_module/mul_44_34/g12777                 -             HS65_LS_FA1X9     0.000   4.091    3.962  
      datapath_module/alu_module/mul_44_34/g12777                 CI v -> CO v  HS65_LS_FA1X9     0.097   4.188    4.059  
      datapath_module/alu_module/mul_44_34/g12776                 -             HS65_LS_FA1X9     0.000   4.188    4.059  
      datapath_module/alu_module/mul_44_34/g12776                 CI v -> CO v  HS65_LS_FA1X9     0.090   4.278    4.149  
      datapath_module/alu_module/mul_44_34/g12775                 -             HS65_LS_FA1X9     0.000   4.278    4.149  
      datapath_module/alu_module/mul_44_34/g12775                 CI v -> CO v  HS65_LS_FA1X9     0.090   4.368    4.238  
      datapath_module/alu_module/mul_44_34/g12774                 -             HS65_LS_FA1X9     0.000   4.368    4.238  
      datapath_module/alu_module/mul_44_34/g12774                 CI v -> CO v  HS65_LS_FA1X9     0.090   4.457    4.328  
      datapath_module/alu_module/mul_44_34/g12773                 -             HS65_LS_FA1X9     0.000   4.457    4.328  
      datapath_module/alu_module/mul_44_34/g12773                 CI v -> CO v  HS65_LS_FA1X9     0.090   4.547    4.418  
      datapath_module/alu_module/mul_44_34/g12772                 -             HS65_LS_FA1X9     0.000   4.547    4.418  
      datapath_module/alu_module/mul_44_34/g12772                 CI v -> CO v  HS65_LS_FA1X9     0.090   4.637    4.507  
      datapath_module/alu_module/mul_44_34/g12771                 -             HS65_LS_FA1X9     0.000   4.637    4.507  
      datapath_module/alu_module/mul_44_34/g12771                 CI v -> CO v  HS65_LS_FA1X9     0.090   4.726    4.597  
      datapath_module/alu_module/mul_44_34/g12770                 -             HS65_LS_FA1X9     0.000   4.726    4.597  
      datapath_module/alu_module/mul_44_34/g12770                 CI v -> CO v  HS65_LS_FA1X9     0.090   4.816    4.686  
      datapath_module/alu_module/mul_44_34/g12769                 -             HS65_LS_FA1X9     0.000   4.816    4.686  
      datapath_module/alu_module/mul_44_34/g12769                 CI v -> CO v  HS65_LS_FA1X9     0.090   4.905    4.776  
      datapath_module/alu_module/mul_44_34/g12768                 -             HS65_LS_FA1X9     0.000   4.905    4.776  
      datapath_module/alu_module/mul_44_34/g12768                 CI v -> CO v  HS65_LS_FA1X9     0.090   4.995    4.866  
      datapath_module/alu_module/mul_44_34/g12767                 -             HS65_LS_FA1X9     0.000   4.995    4.866  
      datapath_module/alu_module/mul_44_34/g12767                 CI v -> CO v  HS65_LS_FA1X9     0.087   5.082    4.952  
      datapath_module/alu_module/mul_44_34/g12766                 -             HS65_LS_FA1X4     0.000   5.082    4.952  
      datapath_module/alu_module/mul_44_34/g12766                 CI v -> S0 ^  HS65_LS_FA1X4     0.159   5.241    5.111  
      datapath_module/alu_module/g6799                            -             HS65_LS_AO112X18  0.000   5.241    5.111  
      datapath_module/alu_module/g6799                            B ^ -> Z ^    HS65_LS_AO112X18  0.140   5.381    5.252  
      datapath_module/reg_file_module/reg_memory_reg[12][30]864   -             HS65_LS_SDFPHQX9  0.020   5.401    5.271  
      ---------------------------------------------------------------------------------------------------------------------
     Clock Rise Edge                      0.000
     = Beginpoint Arrival Time            0.000
     Other End Path:
      ------------------------------------------------------------------------------------------------------------------
      Instance                                                   Arc         Cell              Retime  Arrival  Required  
                                                                                               Delay   Time     Time  
      ------------------------------------------------------------------------------------------------------------------
      -                                                          clock ^     -                 -       0.000    0.129  
      CTS_ccl_a_buf_00036                                        -           HS65_LS_BFX284    0.000   0.000    0.129  
      CTS_ccl_a_buf_00036                                        A ^ -> Z ^  HS65_LS_BFX284    0.000   0.000    0.129  
      datapath_module/reg_file_module/CTS_ccl_a_buf_00015        -           HS65_LS_BFX284    0.000   0.000    0.129  
      datapath_module/reg_file_module/CTS_ccl_a_buf_00015        A ^ -> Z ^  HS65_LS_BFX284    0.000   0.000    0.129  
      datapath_module/reg_file_module/reg_memory_reg[12][30]864  -           HS65_LS_SDFPHQX9  0.000   0.000    0.129  
      ------------------------------------------------------------------------------------------------------------------
Path 30: VIOLATED Setup Check with Pin datapath_module/reg_file_module/reg_memory_reg[11][30]800/CP 
Endpoint:   datapath_module/reg_file_module/reg_memory_reg[11][30]800/D (^) checked with  leading edge of 'clock'
Beginpoint: IFU_module/PC_reg[3]/Q                                      (^) triggered by  leading edge of 'clock'
Path Groups: {clock}
Retime Analysis { Data Path-Slew }
Other End Arrival Time          0.000
- Setup                        -0.171
+ Phase Shift                   7.100
- Uncertainty                   2.000
= Required Time                 5.271
- Arrival Time                  5.401
= Slack Time                   -0.129
= Slack Time(original)         -0.167
     Clock Rise Edge                      0.000
     = Beginpoint Arrival Time            0.000
     Timing Path:
      ---------------------------------------------------------------------------------------------------------------------
      Instance                                                    Arc           Cell              Retime  Arrival  Required  
                                                                                                  Delay   Time     Time  
      ---------------------------------------------------------------------------------------------------------------------
      -                                                           clock ^       -                 -       0.000    -0.129  
      CTS_ccl_a_buf_00036                                         -             HS65_LS_BFX284    0.000   0.000    -0.129  
      CTS_ccl_a_buf_00036                                         A ^ -> Z ^    HS65_LS_BFX284    0.000   0.000    -0.129  
      CTS_ccl_a_buf_00025                                         -             HS65_LS_BFX284    0.000   0.000    -0.129  
      CTS_ccl_a_buf_00025                                         A ^ -> Z ^    HS65_LS_BFX284    0.000   0.000    -0.129  
      IFU_module/PC_reg[3]                                        -             HS65_LS_SDFPRQX4  0.000   0.000    -0.129  
      IFU_module/PC_reg[3]                                        CP ^ -> Q ^   HS65_LS_SDFPRQX4  0.842   0.842    0.712  
      IFU_module/instr_mem/FE_OFC25_instruction_code_22           -             HS65_LS_IVX7      0.004   0.845    0.716  
      IFU_module/instr_mem/FE_OFC25_instruction_code_22           A ^ -> Z v    HS65_LS_IVX7      0.078   0.923    0.793  
      IFU_module/instr_mem/g723                                   -             HS65_LS_AO22X9    0.000   0.923    0.793  
      IFU_module/instr_mem/g723                                   D v -> Z v    HS65_LS_AO22X9    0.127   1.050    0.921  
      datapath_module/reg_file_module/g21715                      -             HS65_LS_NOR2X6    0.001   1.052    0.922  
      datapath_module/reg_file_module/g21715                      B v -> Z ^    HS65_LS_NOR2X6    0.074   1.126    0.996  
      datapath_module/reg_file_module/g21954                      -             HS65_LS_NOR2AX3   0.000   1.126    0.997  
      datapath_module/reg_file_module/g21954                      A ^ -> Z ^    HS65_LS_NOR2AX3   0.157   1.283    1.154  
      datapath_module/reg_file_module/FE_RC_119_0                 -             HS65_LS_NOR2X6    0.000   1.283    1.154  
      datapath_module/reg_file_module/FE_RC_119_0                 A ^ -> Z v    HS65_LS_NOR2X6    0.058   1.341    1.212  
      datapath_module/reg_file_module/g21186                      -             HS65_LS_AND2X4    0.000   1.341    1.212  
      datapath_module/reg_file_module/g21186                      B v -> Z v    HS65_LS_AND2X4    0.062   1.403    1.274  
      datapath_module/reg_file_module/g21955                      -             HS65_LS_OR3ABCX9  0.000   1.403    1.274  
      datapath_module/reg_file_module/g21955                      C v -> Z ^    HS65_LS_OR3ABCX9  0.190   1.593    1.464  
      datapath_module/alu_module/mul_44_34/FE_OFC21_read_data2_1  -             HS65_LS_BFX9      0.010   1.603    1.473  
      datapath_module/alu_module/mul_44_34/FE_OFC21_read_data2_1  A ^ -> Z ^    HS65_LS_BFX9      0.234   1.837    1.707  
      datapath_module/alu_module/mul_44_34/FE_OFC23_read_data2_1  -             HS65_LS_IVX9      0.009   1.846    1.716  
      datapath_module/alu_module/mul_44_34/FE_OFC23_read_data2_1  A ^ -> Z v    HS65_LS_IVX9      0.216   2.062    1.933  
      datapath_module/alu_module/mul_44_34/g12274                 -             HS65_LS_OAI22X6   0.009   2.071    1.941  
      datapath_module/alu_module/mul_44_34/g12274                 C v -> Z ^    HS65_LS_OAI22X6   0.108   2.179    2.050  
      datapath_module/alu_module/mul_44_34/g12765                 -             HS65_LS_AO22X9    0.000   2.179    2.050  
      datapath_module/alu_module/mul_44_34/g12765                 B ^ -> Z ^    HS65_LS_AO22X9    0.092   2.271    2.141  
      datapath_module/alu_module/mul_44_34/g11783                 -             HS65_LS_FA1X4     0.000   2.271    2.142  
      datapath_module/alu_module/mul_44_34/g11783                 B0 ^ -> S0 v  HS65_LS_FA1X4     0.147   2.418    2.289  
      datapath_module/alu_module/mul_44_34/g11716                 -             HS65_LS_FA1X4     0.000   2.418    2.289  
      datapath_module/alu_module/mul_44_34/g11716                 B0 v -> CO v  HS65_LS_FA1X4     0.121   2.540    2.410  
      datapath_module/alu_module/mul_44_34/g11693                 -             HS65_LS_FA1X4     0.000   2.540    2.410  
      datapath_module/alu_module/mul_44_34/g11693                 CI v -> CO v  HS65_LS_FA1X4     0.126   2.666    2.536  
      datapath_module/alu_module/mul_44_34/g12747                 -             HS65_LS_PAO2X9    0.000   2.666    2.537  
      datapath_module/alu_module/mul_44_34/g12747                 P v -> Z v    HS65_LS_PAO2X9    0.083   2.749    2.620  
      datapath_module/alu_module/mul_44_34/g11662                 -             HS65_LS_FA1X4     0.000   2.749    2.620  
      datapath_module/alu_module/mul_44_34/g11662                 CI v -> CO v  HS65_LS_FA1X4     0.104   2.853    2.724  
      datapath_module/alu_module/mul_44_34/g11650                 -             HS65_LS_FA1X4     0.000   2.853    2.724  
      datapath_module/alu_module/mul_44_34/g11650                 CI v -> CO v  HS65_LS_FA1X4     0.112   2.965    2.836  
      datapath_module/alu_module/mul_44_34/g12784                 -             HS65_LS_FA1X4     0.000   2.965    2.836  
      datapath_module/alu_module/mul_44_34/g12784                 CI v -> CO v  HS65_LS_FA1X4     0.112   3.077    2.948  
      datapath_module/alu_module/mul_44_34/g11632                 -             HS65_LS_FA1X4     0.000   3.077    2.948  
      datapath_module/alu_module/mul_44_34/g11632                 CI v -> CO v  HS65_LS_FA1X4     0.112   3.189    3.060  
      datapath_module/alu_module/mul_44_34/g11624                 -             HS65_LS_FA1X4     0.000   3.189    3.060  
      datapath_module/alu_module/mul_44_34/g11624                 CI v -> CO v  HS65_LS_FA1X4     0.112   3.301    3.172  
      datapath_module/alu_module/mul_44_34/g11617                 -             HS65_LS_FA1X4     0.000   3.301    3.172  
      datapath_module/alu_module/mul_44_34/g11617                 CI v -> CO v  HS65_LS_FA1X4     0.112   3.413    3.284  
      datapath_module/alu_module/mul_44_34/g12783                 -             HS65_LS_FA1X4     0.000   3.413    3.284  
      datapath_module/alu_module/mul_44_34/g12783                 CI v -> CO v  HS65_LS_FA1X4     0.112   3.526    3.396  
      datapath_module/alu_module/mul_44_34/g12782                 -             HS65_LS_FA1X4     0.000   3.526    3.396  
      datapath_module/alu_module/mul_44_34/g12782                 CI v -> CO v  HS65_LS_FA1X4     0.112   3.638    3.508  
      datapath_module/alu_module/mul_44_34/g12781                 -             HS65_LS_FA1X4     0.000   3.638    3.508  
      datapath_module/alu_module/mul_44_34/g12781                 CI v -> CO v  HS65_LS_FA1X4     0.112   3.750    3.620  
      datapath_module/alu_module/mul_44_34/g12780                 -             HS65_LS_FA1X4     0.000   3.750    3.620  
      datapath_module/alu_module/mul_44_34/g12780                 CI v -> CO v  HS65_LS_FA1X4     0.112   3.862    3.732  
      datapath_module/alu_module/mul_44_34/g12779                 -             HS65_LS_FA1X4     0.000   3.862    3.732  
      datapath_module/alu_module/mul_44_34/g12779                 CI v -> CO v  HS65_LS_FA1X4     0.112   3.974    3.844  
      datapath_module/alu_module/mul_44_34/g12778                 -             HS65_LS_FA1X4     0.000   3.974    3.844  
      datapath_module/alu_module/mul_44_34/g12778                 CI v -> CO v  HS65_LS_FA1X4     0.117   4.091    3.962  
      datapath_module/alu_module/mul_44_34/g12777                 -             HS65_LS_FA1X9     0.000   4.091    3.962  
      datapath_module/alu_module/mul_44_34/g12777                 CI v -> CO v  HS65_LS_FA1X9     0.097   4.188    4.059  
      datapath_module/alu_module/mul_44_34/g12776                 -             HS65_LS_FA1X9     0.000   4.188    4.059  
      datapath_module/alu_module/mul_44_34/g12776                 CI v -> CO v  HS65_LS_FA1X9     0.090   4.278    4.149  
      datapath_module/alu_module/mul_44_34/g12775                 -             HS65_LS_FA1X9     0.000   4.278    4.149  
      datapath_module/alu_module/mul_44_34/g12775                 CI v -> CO v  HS65_LS_FA1X9     0.090   4.368    4.238  
      datapath_module/alu_module/mul_44_34/g12774                 -             HS65_LS_FA1X9     0.000   4.368    4.238  
      datapath_module/alu_module/mul_44_34/g12774                 CI v -> CO v  HS65_LS_FA1X9     0.090   4.457    4.328  
      datapath_module/alu_module/mul_44_34/g12773                 -             HS65_LS_FA1X9     0.000   4.457    4.328  
      datapath_module/alu_module/mul_44_34/g12773                 CI v -> CO v  HS65_LS_FA1X9     0.090   4.547    4.418  
      datapath_module/alu_module/mul_44_34/g12772                 -             HS65_LS_FA1X9     0.000   4.547    4.418  
      datapath_module/alu_module/mul_44_34/g12772                 CI v -> CO v  HS65_LS_FA1X9     0.090   4.637    4.507  
      datapath_module/alu_module/mul_44_34/g12771                 -             HS65_LS_FA1X9     0.000   4.637    4.507  
      datapath_module/alu_module/mul_44_34/g12771                 CI v -> CO v  HS65_LS_FA1X9     0.090   4.726    4.597  
      datapath_module/alu_module/mul_44_34/g12770                 -             HS65_LS_FA1X9     0.000   4.726    4.597  
      datapath_module/alu_module/mul_44_34/g12770                 CI v -> CO v  HS65_LS_FA1X9     0.090   4.816    4.686  
      datapath_module/alu_module/mul_44_34/g12769                 -             HS65_LS_FA1X9     0.000   4.816    4.686  
      datapath_module/alu_module/mul_44_34/g12769                 CI v -> CO v  HS65_LS_FA1X9     0.090   4.905    4.776  
      datapath_module/alu_module/mul_44_34/g12768                 -             HS65_LS_FA1X9     0.000   4.905    4.776  
      datapath_module/alu_module/mul_44_34/g12768                 CI v -> CO v  HS65_LS_FA1X9     0.090   4.995    4.866  
      datapath_module/alu_module/mul_44_34/g12767                 -             HS65_LS_FA1X9     0.000   4.995    4.866  
      datapath_module/alu_module/mul_44_34/g12767                 CI v -> CO v  HS65_LS_FA1X9     0.087   5.082    4.952  
      datapath_module/alu_module/mul_44_34/g12766                 -             HS65_LS_FA1X4     0.000   5.082    4.952  
      datapath_module/alu_module/mul_44_34/g12766                 CI v -> S0 ^  HS65_LS_FA1X4     0.159   5.241    5.111  
      datapath_module/alu_module/g6799                            -             HS65_LS_AO112X18  0.000   5.241    5.111  
      datapath_module/alu_module/g6799                            B ^ -> Z ^    HS65_LS_AO112X18  0.140   5.381    5.252  
      datapath_module/reg_file_module/reg_memory_reg[11][30]800   -             HS65_LS_SDFPHQX9  0.020   5.401    5.271  
      ---------------------------------------------------------------------------------------------------------------------
     Clock Rise Edge                      0.000
     = Beginpoint Arrival Time            0.000
     Other End Path:
      ------------------------------------------------------------------------------------------------------------------
      Instance                                                   Arc         Cell              Retime  Arrival  Required  
                                                                                               Delay   Time     Time  
      ------------------------------------------------------------------------------------------------------------------
      -                                                          clock ^     -                 -       0.000    0.129  
      CTS_ccl_a_buf_00036                                        -           HS65_LS_BFX284    0.000   0.000    0.129  
      CTS_ccl_a_buf_00036                                        A ^ -> Z ^  HS65_LS_BFX284    0.000   0.000    0.129  
      datapath_module/reg_file_module/CTS_ccl_a_buf_00029        -           HS65_LS_BFX284    0.000   0.000    0.129  
      datapath_module/reg_file_module/CTS_ccl_a_buf_00029        A ^ -> Z ^  HS65_LS_BFX284    0.000   0.000    0.129  
      datapath_module/reg_file_module/reg_memory_reg[11][30]800  -           HS65_LS_SDFPHQX9  0.000   0.000    0.129  
      ------------------------------------------------------------------------------------------------------------------
Path 31: VIOLATED Setup Check with Pin datapath_module/reg_file_module/reg_memory_reg[10][30]736/CP 
Endpoint:   datapath_module/reg_file_module/reg_memory_reg[10][30]736/D (^) checked with  leading edge of 'clock'
Beginpoint: IFU_module/PC_reg[3]/Q                                      (^) triggered by  leading edge of 'clock'
Path Groups: {clock}
Retime Analysis { Data Path-Slew }
Other End Arrival Time          0.000
- Setup                        -0.171
+ Phase Shift                   7.100
- Uncertainty                   2.000
= Required Time                 5.271
- Arrival Time                  5.401
= Slack Time                   -0.129
= Slack Time(original)         -0.167
     Clock Rise Edge                      0.000
     = Beginpoint Arrival Time            0.000
     Timing Path:
      ---------------------------------------------------------------------------------------------------------------------
      Instance                                                    Arc           Cell              Retime  Arrival  Required  
                                                                                                  Delay   Time     Time  
      ---------------------------------------------------------------------------------------------------------------------
      -                                                           clock ^       -                 -       0.000    -0.129  
      CTS_ccl_a_buf_00036                                         -             HS65_LS_BFX284    0.000   0.000    -0.129  
      CTS_ccl_a_buf_00036                                         A ^ -> Z ^    HS65_LS_BFX284    0.000   0.000    -0.129  
      CTS_ccl_a_buf_00025                                         -             HS65_LS_BFX284    0.000   0.000    -0.129  
      CTS_ccl_a_buf_00025                                         A ^ -> Z ^    HS65_LS_BFX284    0.000   0.000    -0.129  
      IFU_module/PC_reg[3]                                        -             HS65_LS_SDFPRQX4  0.000   0.000    -0.129  
      IFU_module/PC_reg[3]                                        CP ^ -> Q ^   HS65_LS_SDFPRQX4  0.842   0.842    0.712  
      IFU_module/instr_mem/FE_OFC25_instruction_code_22           -             HS65_LS_IVX7      0.004   0.845    0.716  
      IFU_module/instr_mem/FE_OFC25_instruction_code_22           A ^ -> Z v    HS65_LS_IVX7      0.078   0.923    0.793  
      IFU_module/instr_mem/g723                                   -             HS65_LS_AO22X9    0.000   0.923    0.793  
      IFU_module/instr_mem/g723                                   D v -> Z v    HS65_LS_AO22X9    0.127   1.050    0.921  
      datapath_module/reg_file_module/g21715                      -             HS65_LS_NOR2X6    0.001   1.052    0.922  
      datapath_module/reg_file_module/g21715                      B v -> Z ^    HS65_LS_NOR2X6    0.074   1.126    0.996  
      datapath_module/reg_file_module/g21954                      -             HS65_LS_NOR2AX3   0.000   1.126    0.997  
      datapath_module/reg_file_module/g21954                      A ^ -> Z ^    HS65_LS_NOR2AX3   0.157   1.283    1.154  
      datapath_module/reg_file_module/FE_RC_119_0                 -             HS65_LS_NOR2X6    0.000   1.283    1.154  
      datapath_module/reg_file_module/FE_RC_119_0                 A ^ -> Z v    HS65_LS_NOR2X6    0.058   1.341    1.212  
      datapath_module/reg_file_module/g21186                      -             HS65_LS_AND2X4    0.000   1.341    1.212  
      datapath_module/reg_file_module/g21186                      B v -> Z v    HS65_LS_AND2X4    0.062   1.403    1.274  
      datapath_module/reg_file_module/g21955                      -             HS65_LS_OR3ABCX9  0.000   1.403    1.274  
      datapath_module/reg_file_module/g21955                      C v -> Z ^    HS65_LS_OR3ABCX9  0.190   1.593    1.464  
      datapath_module/alu_module/mul_44_34/FE_OFC21_read_data2_1  -             HS65_LS_BFX9      0.010   1.603    1.473  
      datapath_module/alu_module/mul_44_34/FE_OFC21_read_data2_1  A ^ -> Z ^    HS65_LS_BFX9      0.234   1.837    1.707  
      datapath_module/alu_module/mul_44_34/FE_OFC23_read_data2_1  -             HS65_LS_IVX9      0.009   1.846    1.716  
      datapath_module/alu_module/mul_44_34/FE_OFC23_read_data2_1  A ^ -> Z v    HS65_LS_IVX9      0.216   2.062    1.933  
      datapath_module/alu_module/mul_44_34/g12274                 -             HS65_LS_OAI22X6   0.009   2.071    1.941  
      datapath_module/alu_module/mul_44_34/g12274                 C v -> Z ^    HS65_LS_OAI22X6   0.108   2.179    2.050  
      datapath_module/alu_module/mul_44_34/g12765                 -             HS65_LS_AO22X9    0.000   2.179    2.050  
      datapath_module/alu_module/mul_44_34/g12765                 B ^ -> Z ^    HS65_LS_AO22X9    0.092   2.271    2.141  
      datapath_module/alu_module/mul_44_34/g11783                 -             HS65_LS_FA1X4     0.000   2.271    2.142  
      datapath_module/alu_module/mul_44_34/g11783                 B0 ^ -> S0 v  HS65_LS_FA1X4     0.147   2.418    2.289  
      datapath_module/alu_module/mul_44_34/g11716                 -             HS65_LS_FA1X4     0.000   2.418    2.289  
      datapath_module/alu_module/mul_44_34/g11716                 B0 v -> CO v  HS65_LS_FA1X4     0.121   2.540    2.410  
      datapath_module/alu_module/mul_44_34/g11693                 -             HS65_LS_FA1X4     0.000   2.540    2.410  
      datapath_module/alu_module/mul_44_34/g11693                 CI v -> CO v  HS65_LS_FA1X4     0.126   2.666    2.536  
      datapath_module/alu_module/mul_44_34/g12747                 -             HS65_LS_PAO2X9    0.000   2.666    2.537  
      datapath_module/alu_module/mul_44_34/g12747                 P v -> Z v    HS65_LS_PAO2X9    0.083   2.749    2.620  
      datapath_module/alu_module/mul_44_34/g11662                 -             HS65_LS_FA1X4     0.000   2.749    2.620  
      datapath_module/alu_module/mul_44_34/g11662                 CI v -> CO v  HS65_LS_FA1X4     0.104   2.853    2.724  
      datapath_module/alu_module/mul_44_34/g11650                 -             HS65_LS_FA1X4     0.000   2.853    2.724  
      datapath_module/alu_module/mul_44_34/g11650                 CI v -> CO v  HS65_LS_FA1X4     0.112   2.965    2.836  
      datapath_module/alu_module/mul_44_34/g12784                 -             HS65_LS_FA1X4     0.000   2.965    2.836  
      datapath_module/alu_module/mul_44_34/g12784                 CI v -> CO v  HS65_LS_FA1X4     0.112   3.077    2.948  
      datapath_module/alu_module/mul_44_34/g11632                 -             HS65_LS_FA1X4     0.000   3.077    2.948  
      datapath_module/alu_module/mul_44_34/g11632                 CI v -> CO v  HS65_LS_FA1X4     0.112   3.189    3.060  
      datapath_module/alu_module/mul_44_34/g11624                 -             HS65_LS_FA1X4     0.000   3.189    3.060  
      datapath_module/alu_module/mul_44_34/g11624                 CI v -> CO v  HS65_LS_FA1X4     0.112   3.301    3.172  
      datapath_module/alu_module/mul_44_34/g11617                 -             HS65_LS_FA1X4     0.000   3.301    3.172  
      datapath_module/alu_module/mul_44_34/g11617                 CI v -> CO v  HS65_LS_FA1X4     0.112   3.413    3.284  
      datapath_module/alu_module/mul_44_34/g12783                 -             HS65_LS_FA1X4     0.000   3.413    3.284  
      datapath_module/alu_module/mul_44_34/g12783                 CI v -> CO v  HS65_LS_FA1X4     0.112   3.526    3.396  
      datapath_module/alu_module/mul_44_34/g12782                 -             HS65_LS_FA1X4     0.000   3.526    3.396  
      datapath_module/alu_module/mul_44_34/g12782                 CI v -> CO v  HS65_LS_FA1X4     0.112   3.638    3.508  
      datapath_module/alu_module/mul_44_34/g12781                 -             HS65_LS_FA1X4     0.000   3.638    3.508  
      datapath_module/alu_module/mul_44_34/g12781                 CI v -> CO v  HS65_LS_FA1X4     0.112   3.750    3.620  
      datapath_module/alu_module/mul_44_34/g12780                 -             HS65_LS_FA1X4     0.000   3.750    3.620  
      datapath_module/alu_module/mul_44_34/g12780                 CI v -> CO v  HS65_LS_FA1X4     0.112   3.862    3.732  
      datapath_module/alu_module/mul_44_34/g12779                 -             HS65_LS_FA1X4     0.000   3.862    3.732  
      datapath_module/alu_module/mul_44_34/g12779                 CI v -> CO v  HS65_LS_FA1X4     0.112   3.974    3.844  
      datapath_module/alu_module/mul_44_34/g12778                 -             HS65_LS_FA1X4     0.000   3.974    3.844  
      datapath_module/alu_module/mul_44_34/g12778                 CI v -> CO v  HS65_LS_FA1X4     0.117   4.091    3.962  
      datapath_module/alu_module/mul_44_34/g12777                 -             HS65_LS_FA1X9     0.000   4.091    3.962  
      datapath_module/alu_module/mul_44_34/g12777                 CI v -> CO v  HS65_LS_FA1X9     0.097   4.188    4.059  
      datapath_module/alu_module/mul_44_34/g12776                 -             HS65_LS_FA1X9     0.000   4.188    4.059  
      datapath_module/alu_module/mul_44_34/g12776                 CI v -> CO v  HS65_LS_FA1X9     0.090   4.278    4.149  
      datapath_module/alu_module/mul_44_34/g12775                 -             HS65_LS_FA1X9     0.000   4.278    4.149  
      datapath_module/alu_module/mul_44_34/g12775                 CI v -> CO v  HS65_LS_FA1X9     0.090   4.368    4.238  
      datapath_module/alu_module/mul_44_34/g12774                 -             HS65_LS_FA1X9     0.000   4.368    4.238  
      datapath_module/alu_module/mul_44_34/g12774                 CI v -> CO v  HS65_LS_FA1X9     0.090   4.457    4.328  
      datapath_module/alu_module/mul_44_34/g12773                 -             HS65_LS_FA1X9     0.000   4.457    4.328  
      datapath_module/alu_module/mul_44_34/g12773                 CI v -> CO v  HS65_LS_FA1X9     0.090   4.547    4.418  
      datapath_module/alu_module/mul_44_34/g12772                 -             HS65_LS_FA1X9     0.000   4.547    4.418  
      datapath_module/alu_module/mul_44_34/g12772                 CI v -> CO v  HS65_LS_FA1X9     0.090   4.637    4.507  
      datapath_module/alu_module/mul_44_34/g12771                 -             HS65_LS_FA1X9     0.000   4.637    4.507  
      datapath_module/alu_module/mul_44_34/g12771                 CI v -> CO v  HS65_LS_FA1X9     0.090   4.726    4.597  
      datapath_module/alu_module/mul_44_34/g12770                 -             HS65_LS_FA1X9     0.000   4.726    4.597  
      datapath_module/alu_module/mul_44_34/g12770                 CI v -> CO v  HS65_LS_FA1X9     0.090   4.816    4.686  
      datapath_module/alu_module/mul_44_34/g12769                 -             HS65_LS_FA1X9     0.000   4.816    4.686  
      datapath_module/alu_module/mul_44_34/g12769                 CI v -> CO v  HS65_LS_FA1X9     0.090   4.905    4.776  
      datapath_module/alu_module/mul_44_34/g12768                 -             HS65_LS_FA1X9     0.000   4.905    4.776  
      datapath_module/alu_module/mul_44_34/g12768                 CI v -> CO v  HS65_LS_FA1X9     0.090   4.995    4.866  
      datapath_module/alu_module/mul_44_34/g12767                 -             HS65_LS_FA1X9     0.000   4.995    4.866  
      datapath_module/alu_module/mul_44_34/g12767                 CI v -> CO v  HS65_LS_FA1X9     0.087   5.082    4.952  
      datapath_module/alu_module/mul_44_34/g12766                 -             HS65_LS_FA1X4     0.000   5.082    4.952  
      datapath_module/alu_module/mul_44_34/g12766                 CI v -> S0 ^  HS65_LS_FA1X4     0.159   5.241    5.111  
      datapath_module/alu_module/g6799                            -             HS65_LS_AO112X18  0.000   5.241    5.111  
      datapath_module/alu_module/g6799                            B ^ -> Z ^    HS65_LS_AO112X18  0.140   5.381    5.252  
      datapath_module/reg_file_module/reg_memory_reg[10][30]736   -             HS65_LS_SDFPHQX9  0.020   5.401    5.271  
      ---------------------------------------------------------------------------------------------------------------------
     Clock Rise Edge                      0.000
     = Beginpoint Arrival Time            0.000
     Other End Path:
      ------------------------------------------------------------------------------------------------------------------
      Instance                                                   Arc         Cell              Retime  Arrival  Required  
                                                                                               Delay   Time     Time  
      ------------------------------------------------------------------------------------------------------------------
      -                                                          clock ^     -                 -       0.000    0.129  
      CTS_ccl_a_buf_00036                                        -           HS65_LS_BFX284    0.000   0.000    0.129  
      CTS_ccl_a_buf_00036                                        A ^ -> Z ^  HS65_LS_BFX284    0.000   0.000    0.129  
      datapath_module/reg_file_module/CTS_ccl_a_buf_00029        -           HS65_LS_BFX284    0.000   0.000    0.129  
      datapath_module/reg_file_module/CTS_ccl_a_buf_00029        A ^ -> Z ^  HS65_LS_BFX284    0.000   0.000    0.129  
      datapath_module/reg_file_module/reg_memory_reg[10][30]736  -           HS65_LS_SDFPHQX9  0.000   0.000    0.129  
      ------------------------------------------------------------------------------------------------------------------
Path 32: VIOLATED Setup Check with Pin datapath_module/reg_file_module/reg_memory_reg[0][30]128/CP 
Endpoint:   datapath_module/reg_file_module/reg_memory_reg[0][30]128/D (^) checked with  leading edge of 'clock'
Beginpoint: IFU_module/PC_reg[3]/Q                                     (^) triggered by  leading edge of 'clock'
Path Groups: {clock}
Retime Analysis { Data Path-Slew }
Other End Arrival Time          0.000
- Setup                        -0.171
+ Phase Shift                   7.100
- Uncertainty                   2.000
= Required Time                 5.271
- Arrival Time                  5.401
= Slack Time                   -0.129
= Slack Time(original)         -0.167
     Clock Rise Edge                      0.000
     = Beginpoint Arrival Time            0.000
     Timing Path:
      ---------------------------------------------------------------------------------------------------------------------
      Instance                                                    Arc           Cell              Retime  Arrival  Required  
                                                                                                  Delay   Time     Time  
      ---------------------------------------------------------------------------------------------------------------------
      -                                                           clock ^       -                 -       0.000    -0.129  
      CTS_ccl_a_buf_00036                                         -             HS65_LS_BFX284    0.000   0.000    -0.129  
      CTS_ccl_a_buf_00036                                         A ^ -> Z ^    HS65_LS_BFX284    0.000   0.000    -0.129  
      CTS_ccl_a_buf_00025                                         -             HS65_LS_BFX284    0.000   0.000    -0.129  
      CTS_ccl_a_buf_00025                                         A ^ -> Z ^    HS65_LS_BFX284    0.000   0.000    -0.129  
      IFU_module/PC_reg[3]                                        -             HS65_LS_SDFPRQX4  0.000   0.000    -0.129  
      IFU_module/PC_reg[3]                                        CP ^ -> Q ^   HS65_LS_SDFPRQX4  0.842   0.842    0.712  
      IFU_module/instr_mem/FE_OFC25_instruction_code_22           -             HS65_LS_IVX7      0.004   0.845    0.716  
      IFU_module/instr_mem/FE_OFC25_instruction_code_22           A ^ -> Z v    HS65_LS_IVX7      0.078   0.923    0.793  
      IFU_module/instr_mem/g723                                   -             HS65_LS_AO22X9    0.000   0.923    0.793  
      IFU_module/instr_mem/g723                                   D v -> Z v    HS65_LS_AO22X9    0.127   1.050    0.921  
      datapath_module/reg_file_module/g21715                      -             HS65_LS_NOR2X6    0.001   1.052    0.922  
      datapath_module/reg_file_module/g21715                      B v -> Z ^    HS65_LS_NOR2X6    0.074   1.126    0.996  
      datapath_module/reg_file_module/g21954                      -             HS65_LS_NOR2AX3   0.000   1.126    0.997  
      datapath_module/reg_file_module/g21954                      A ^ -> Z ^    HS65_LS_NOR2AX3   0.157   1.283    1.154  
      datapath_module/reg_file_module/FE_RC_119_0                 -             HS65_LS_NOR2X6    0.000   1.283    1.154  
      datapath_module/reg_file_module/FE_RC_119_0                 A ^ -> Z v    HS65_LS_NOR2X6    0.058   1.341    1.212  
      datapath_module/reg_file_module/g21186                      -             HS65_LS_AND2X4    0.000   1.341    1.212  
      datapath_module/reg_file_module/g21186                      B v -> Z v    HS65_LS_AND2X4    0.062   1.403    1.274  
      datapath_module/reg_file_module/g21955                      -             HS65_LS_OR3ABCX9  0.000   1.403    1.274  
      datapath_module/reg_file_module/g21955                      C v -> Z ^    HS65_LS_OR3ABCX9  0.190   1.593    1.464  
      datapath_module/alu_module/mul_44_34/FE_OFC21_read_data2_1  -             HS65_LS_BFX9      0.010   1.603    1.473  
      datapath_module/alu_module/mul_44_34/FE_OFC21_read_data2_1  A ^ -> Z ^    HS65_LS_BFX9      0.234   1.837    1.707  
      datapath_module/alu_module/mul_44_34/FE_OFC23_read_data2_1  -             HS65_LS_IVX9      0.009   1.846    1.716  
      datapath_module/alu_module/mul_44_34/FE_OFC23_read_data2_1  A ^ -> Z v    HS65_LS_IVX9      0.216   2.062    1.933  
      datapath_module/alu_module/mul_44_34/g12274                 -             HS65_LS_OAI22X6   0.009   2.071    1.941  
      datapath_module/alu_module/mul_44_34/g12274                 C v -> Z ^    HS65_LS_OAI22X6   0.108   2.179    2.050  
      datapath_module/alu_module/mul_44_34/g12765                 -             HS65_LS_AO22X9    0.000   2.179    2.050  
      datapath_module/alu_module/mul_44_34/g12765                 B ^ -> Z ^    HS65_LS_AO22X9    0.092   2.271    2.141  
      datapath_module/alu_module/mul_44_34/g11783                 -             HS65_LS_FA1X4     0.000   2.271    2.142  
      datapath_module/alu_module/mul_44_34/g11783                 B0 ^ -> S0 v  HS65_LS_FA1X4     0.147   2.418    2.289  
      datapath_module/alu_module/mul_44_34/g11716                 -             HS65_LS_FA1X4     0.000   2.418    2.289  
      datapath_module/alu_module/mul_44_34/g11716                 B0 v -> CO v  HS65_LS_FA1X4     0.121   2.540    2.410  
      datapath_module/alu_module/mul_44_34/g11693                 -             HS65_LS_FA1X4     0.000   2.540    2.410  
      datapath_module/alu_module/mul_44_34/g11693                 CI v -> CO v  HS65_LS_FA1X4     0.126   2.666    2.536  
      datapath_module/alu_module/mul_44_34/g12747                 -             HS65_LS_PAO2X9    0.000   2.666    2.537  
      datapath_module/alu_module/mul_44_34/g12747                 P v -> Z v    HS65_LS_PAO2X9    0.083   2.749    2.620  
      datapath_module/alu_module/mul_44_34/g11662                 -             HS65_LS_FA1X4     0.000   2.749    2.620  
      datapath_module/alu_module/mul_44_34/g11662                 CI v -> CO v  HS65_LS_FA1X4     0.104   2.853    2.724  
      datapath_module/alu_module/mul_44_34/g11650                 -             HS65_LS_FA1X4     0.000   2.853    2.724  
      datapath_module/alu_module/mul_44_34/g11650                 CI v -> CO v  HS65_LS_FA1X4     0.112   2.965    2.836  
      datapath_module/alu_module/mul_44_34/g12784                 -             HS65_LS_FA1X4     0.000   2.965    2.836  
      datapath_module/alu_module/mul_44_34/g12784                 CI v -> CO v  HS65_LS_FA1X4     0.112   3.077    2.948  
      datapath_module/alu_module/mul_44_34/g11632                 -             HS65_LS_FA1X4     0.000   3.077    2.948  
      datapath_module/alu_module/mul_44_34/g11632                 CI v -> CO v  HS65_LS_FA1X4     0.112   3.189    3.060  
      datapath_module/alu_module/mul_44_34/g11624                 -             HS65_LS_FA1X4     0.000   3.189    3.060  
      datapath_module/alu_module/mul_44_34/g11624                 CI v -> CO v  HS65_LS_FA1X4     0.112   3.301    3.172  
      datapath_module/alu_module/mul_44_34/g11617                 -             HS65_LS_FA1X4     0.000   3.301    3.172  
      datapath_module/alu_module/mul_44_34/g11617                 CI v -> CO v  HS65_LS_FA1X4     0.112   3.413    3.284  
      datapath_module/alu_module/mul_44_34/g12783                 -             HS65_LS_FA1X4     0.000   3.413    3.284  
      datapath_module/alu_module/mul_44_34/g12783                 CI v -> CO v  HS65_LS_FA1X4     0.112   3.526    3.396  
      datapath_module/alu_module/mul_44_34/g12782                 -             HS65_LS_FA1X4     0.000   3.526    3.396  
      datapath_module/alu_module/mul_44_34/g12782                 CI v -> CO v  HS65_LS_FA1X4     0.112   3.638    3.508  
      datapath_module/alu_module/mul_44_34/g12781                 -             HS65_LS_FA1X4     0.000   3.638    3.508  
      datapath_module/alu_module/mul_44_34/g12781                 CI v -> CO v  HS65_LS_FA1X4     0.112   3.750    3.620  
      datapath_module/alu_module/mul_44_34/g12780                 -             HS65_LS_FA1X4     0.000   3.750    3.620  
      datapath_module/alu_module/mul_44_34/g12780                 CI v -> CO v  HS65_LS_FA1X4     0.112   3.862    3.732  
      datapath_module/alu_module/mul_44_34/g12779                 -             HS65_LS_FA1X4     0.000   3.862    3.732  
      datapath_module/alu_module/mul_44_34/g12779                 CI v -> CO v  HS65_LS_FA1X4     0.112   3.974    3.844  
      datapath_module/alu_module/mul_44_34/g12778                 -             HS65_LS_FA1X4     0.000   3.974    3.844  
      datapath_module/alu_module/mul_44_34/g12778                 CI v -> CO v  HS65_LS_FA1X4     0.117   4.091    3.962  
      datapath_module/alu_module/mul_44_34/g12777                 -             HS65_LS_FA1X9     0.000   4.091    3.962  
      datapath_module/alu_module/mul_44_34/g12777                 CI v -> CO v  HS65_LS_FA1X9     0.097   4.188    4.059  
      datapath_module/alu_module/mul_44_34/g12776                 -             HS65_LS_FA1X9     0.000   4.188    4.059  
      datapath_module/alu_module/mul_44_34/g12776                 CI v -> CO v  HS65_LS_FA1X9     0.090   4.278    4.149  
      datapath_module/alu_module/mul_44_34/g12775                 -             HS65_LS_FA1X9     0.000   4.278    4.149  
      datapath_module/alu_module/mul_44_34/g12775                 CI v -> CO v  HS65_LS_FA1X9     0.090   4.368    4.238  
      datapath_module/alu_module/mul_44_34/g12774                 -             HS65_LS_FA1X9     0.000   4.368    4.238  
      datapath_module/alu_module/mul_44_34/g12774                 CI v -> CO v  HS65_LS_FA1X9     0.090   4.457    4.328  
      datapath_module/alu_module/mul_44_34/g12773                 -             HS65_LS_FA1X9     0.000   4.457    4.328  
      datapath_module/alu_module/mul_44_34/g12773                 CI v -> CO v  HS65_LS_FA1X9     0.090   4.547    4.418  
      datapath_module/alu_module/mul_44_34/g12772                 -             HS65_LS_FA1X9     0.000   4.547    4.418  
      datapath_module/alu_module/mul_44_34/g12772                 CI v -> CO v  HS65_LS_FA1X9     0.090   4.637    4.507  
      datapath_module/alu_module/mul_44_34/g12771                 -             HS65_LS_FA1X9     0.000   4.637    4.507  
      datapath_module/alu_module/mul_44_34/g12771                 CI v -> CO v  HS65_LS_FA1X9     0.090   4.726    4.597  
      datapath_module/alu_module/mul_44_34/g12770                 -             HS65_LS_FA1X9     0.000   4.726    4.597  
      datapath_module/alu_module/mul_44_34/g12770                 CI v -> CO v  HS65_LS_FA1X9     0.090   4.816    4.686  
      datapath_module/alu_module/mul_44_34/g12769                 -             HS65_LS_FA1X9     0.000   4.816    4.686  
      datapath_module/alu_module/mul_44_34/g12769                 CI v -> CO v  HS65_LS_FA1X9     0.090   4.905    4.776  
      datapath_module/alu_module/mul_44_34/g12768                 -             HS65_LS_FA1X9     0.000   4.905    4.776  
      datapath_module/alu_module/mul_44_34/g12768                 CI v -> CO v  HS65_LS_FA1X9     0.090   4.995    4.866  
      datapath_module/alu_module/mul_44_34/g12767                 -             HS65_LS_FA1X9     0.000   4.995    4.866  
      datapath_module/alu_module/mul_44_34/g12767                 CI v -> CO v  HS65_LS_FA1X9     0.087   5.082    4.952  
      datapath_module/alu_module/mul_44_34/g12766                 -             HS65_LS_FA1X4     0.000   5.082    4.952  
      datapath_module/alu_module/mul_44_34/g12766                 CI v -> S0 ^  HS65_LS_FA1X4     0.159   5.241    5.111  
      datapath_module/alu_module/g6799                            -             HS65_LS_AO112X18  0.000   5.241    5.111  
      datapath_module/alu_module/g6799                            B ^ -> Z ^    HS65_LS_AO112X18  0.140   5.381    5.252  
      datapath_module/reg_file_module/reg_memory_reg[0][30]128    -             HS65_LS_SDFPHQX9  0.020   5.401    5.271  
      ---------------------------------------------------------------------------------------------------------------------
     Clock Rise Edge                      0.000
     = Beginpoint Arrival Time            0.000
     Other End Path:
      -----------------------------------------------------------------------------------------------------------------
      Instance                                                  Arc         Cell              Retime  Arrival  Required  
                                                                                              Delay   Time     Time  
      -----------------------------------------------------------------------------------------------------------------
      -                                                         clock ^     -                 -       0.000    0.129  
      CTS_ccl_a_buf_00036                                       -           HS65_LS_BFX284    0.000   0.000    0.129  
      CTS_ccl_a_buf_00036                                       A ^ -> Z ^  HS65_LS_BFX284    0.000   0.000    0.129  
      datapath_module/reg_file_module/CTS_ccl_a_buf_00015       -           HS65_LS_BFX284    0.000   0.000    0.129  
      datapath_module/reg_file_module/CTS_ccl_a_buf_00015       A ^ -> Z ^  HS65_LS_BFX284    0.000   0.000    0.129  
      datapath_module/reg_file_module/reg_memory_reg[0][30]128  -           HS65_LS_SDFPHQX9  0.000   0.000    0.129  
      -----------------------------------------------------------------------------------------------------------------
Path 33: VIOLATED Setup Check with Pin datapath_module/reg_file_module/reg_memory_reg[9][30]672/CP 
Endpoint:   datapath_module/reg_file_module/reg_memory_reg[9][30]672/D (^) checked with  leading edge of 'clock'
Beginpoint: IFU_module/PC_reg[3]/Q                                     (^) triggered by  leading edge of 'clock'
Path Groups: {clock}
Retime Analysis { Data Path-Slew }
Other End Arrival Time          0.000
- Setup                        -0.171
+ Phase Shift                   7.100
- Uncertainty                   2.000
= Required Time                 5.271
- Arrival Time                  5.393
= Slack Time                   -0.122
= Slack Time(original)         -0.158
     Clock Rise Edge                      0.000
     = Beginpoint Arrival Time            0.000
     Timing Path:
      ---------------------------------------------------------------------------------------------------------------------
      Instance                                                    Arc           Cell              Retime  Arrival  Required  
                                                                                                  Delay   Time     Time  
      ---------------------------------------------------------------------------------------------------------------------
      -                                                           clock ^       -                 -       0.000    -0.122  
      CTS_ccl_a_buf_00036                                         -             HS65_LS_BFX284    0.000   0.000    -0.122  
      CTS_ccl_a_buf_00036                                         A ^ -> Z ^    HS65_LS_BFX284    0.000   0.000    -0.122  
      CTS_ccl_a_buf_00025                                         -             HS65_LS_BFX284    0.000   0.000    -0.122  
      CTS_ccl_a_buf_00025                                         A ^ -> Z ^    HS65_LS_BFX284    0.000   0.000    -0.122  
      IFU_module/PC_reg[3]                                        -             HS65_LS_SDFPRQX4  0.000   0.000    -0.122  
      IFU_module/PC_reg[3]                                        CP ^ -> Q ^   HS65_LS_SDFPRQX4  0.842   0.842    0.720  
      IFU_module/instr_mem/FE_OFC25_instruction_code_22           -             HS65_LS_IVX7      0.004   0.845    0.723  
      IFU_module/instr_mem/FE_OFC25_instruction_code_22           A ^ -> Z v    HS65_LS_IVX7      0.078   0.923    0.801  
      IFU_module/instr_mem/g723                                   -             HS65_LS_AO22X9    0.000   0.923    0.801  
      IFU_module/instr_mem/g723                                   D v -> Z v    HS65_LS_AO22X9    0.127   1.050    0.928  
      datapath_module/reg_file_module/g21715                      -             HS65_LS_NOR2X6    0.001   1.052    0.930  
      datapath_module/reg_file_module/g21715                      B v -> Z ^    HS65_LS_NOR2X6    0.074   1.126    1.004  
      datapath_module/reg_file_module/g21954                      -             HS65_LS_NOR2AX3   0.000   1.126    1.004  
      datapath_module/reg_file_module/g21954                      A ^ -> Z ^    HS65_LS_NOR2AX3   0.157   1.283    1.161  
      datapath_module/reg_file_module/FE_RC_119_0                 -             HS65_LS_NOR2X6    0.000   1.283    1.161  
      datapath_module/reg_file_module/FE_RC_119_0                 A ^ -> Z v    HS65_LS_NOR2X6    0.058   1.341    1.219  
      datapath_module/reg_file_module/g21186                      -             HS65_LS_AND2X4    0.000   1.341    1.219  
      datapath_module/reg_file_module/g21186                      B v -> Z v    HS65_LS_AND2X4    0.062   1.403    1.281  
      datapath_module/reg_file_module/g21955                      -             HS65_LS_OR3ABCX9  0.000   1.403    1.281  
      datapath_module/reg_file_module/g21955                      C v -> Z ^    HS65_LS_OR3ABCX9  0.190   1.593    1.471  
      datapath_module/alu_module/mul_44_34/FE_OFC21_read_data2_1  -             HS65_LS_BFX9      0.010   1.603    1.481  
      datapath_module/alu_module/mul_44_34/FE_OFC21_read_data2_1  A ^ -> Z ^    HS65_LS_BFX9      0.234   1.837    1.715  
      datapath_module/alu_module/mul_44_34/FE_OFC23_read_data2_1  -             HS65_LS_IVX9      0.009   1.846    1.724  
      datapath_module/alu_module/mul_44_34/FE_OFC23_read_data2_1  A ^ -> Z v    HS65_LS_IVX9      0.216   2.062    1.940  
      datapath_module/alu_module/mul_44_34/g12328                 -             HS65_LS_OAI22X6   0.009   2.071    1.949  
      datapath_module/alu_module/mul_44_34/g12328                 D v -> Z ^    HS65_LS_OAI22X6   0.106   2.177    2.055  
      datapath_module/alu_module/mul_44_34/g12765                 -             HS65_LS_AO22X9    0.000   2.177    2.055  
      datapath_module/alu_module/mul_44_34/g12765                 D ^ -> Z ^    HS65_LS_AO22X9    0.087   2.264    2.142  
      datapath_module/alu_module/mul_44_34/g11783                 -             HS65_LS_FA1X4     0.000   2.264    2.142  
      datapath_module/alu_module/mul_44_34/g11783                 B0 ^ -> S0 v  HS65_LS_FA1X4     0.147   2.411    2.289  
      datapath_module/alu_module/mul_44_34/g11716                 -             HS65_LS_FA1X4     0.000   2.411    2.289  
      datapath_module/alu_module/mul_44_34/g11716                 B0 v -> CO v  HS65_LS_FA1X4     0.121   2.532    2.410  
      datapath_module/alu_module/mul_44_34/g11693                 -             HS65_LS_FA1X4     0.000   2.532    2.410  
      datapath_module/alu_module/mul_44_34/g11693                 CI v -> CO v  HS65_LS_FA1X4     0.126   2.658    2.536  
      datapath_module/alu_module/mul_44_34/g12747                 -             HS65_LS_PAO2X9    0.000   2.658    2.537  
      datapath_module/alu_module/mul_44_34/g12747                 P v -> Z v    HS65_LS_PAO2X9    0.083   2.742    2.620  
      datapath_module/alu_module/mul_44_34/g11662                 -             HS65_LS_FA1X4     0.000   2.742    2.620  
      datapath_module/alu_module/mul_44_34/g11662                 CI v -> CO v  HS65_LS_FA1X4     0.104   2.845    2.724  
      datapath_module/alu_module/mul_44_34/g11650                 -             HS65_LS_FA1X4     0.000   2.845    2.724  
      datapath_module/alu_module/mul_44_34/g11650                 CI v -> CO v  HS65_LS_FA1X4     0.112   2.957    2.836  
      datapath_module/alu_module/mul_44_34/g12784                 -             HS65_LS_FA1X4     0.000   2.957    2.836  
      datapath_module/alu_module/mul_44_34/g12784                 CI v -> CO v  HS65_LS_FA1X4     0.112   3.070    2.948  
      datapath_module/alu_module/mul_44_34/g11632                 -             HS65_LS_FA1X4     0.000   3.070    2.948  
      datapath_module/alu_module/mul_44_34/g11632                 CI v -> CO v  HS65_LS_FA1X4     0.112   3.182    3.060  
      datapath_module/alu_module/mul_44_34/g11624                 -             HS65_LS_FA1X4     0.000   3.182    3.060  
      datapath_module/alu_module/mul_44_34/g11624                 CI v -> CO v  HS65_LS_FA1X4     0.112   3.294    3.172  
      datapath_module/alu_module/mul_44_34/g11617                 -             HS65_LS_FA1X4     0.000   3.294    3.172  
      datapath_module/alu_module/mul_44_34/g11617                 CI v -> CO v  HS65_LS_FA1X4     0.112   3.406    3.284  
      datapath_module/alu_module/mul_44_34/g12783                 -             HS65_LS_FA1X4     0.000   3.406    3.284  
      datapath_module/alu_module/mul_44_34/g12783                 CI v -> CO v  HS65_LS_FA1X4     0.112   3.518    3.396  
      datapath_module/alu_module/mul_44_34/g12782                 -             HS65_LS_FA1X4     0.000   3.518    3.396  
      datapath_module/alu_module/mul_44_34/g12782                 CI v -> CO v  HS65_LS_FA1X4     0.112   3.630    3.508  
      datapath_module/alu_module/mul_44_34/g12781                 -             HS65_LS_FA1X4     0.000   3.630    3.508  
      datapath_module/alu_module/mul_44_34/g12781                 CI v -> CO v  HS65_LS_FA1X4     0.112   3.742    3.620  
      datapath_module/alu_module/mul_44_34/g12780                 -             HS65_LS_FA1X4     0.000   3.742    3.620  
      datapath_module/alu_module/mul_44_34/g12780                 CI v -> CO v  HS65_LS_FA1X4     0.112   3.854    3.732  
      datapath_module/alu_module/mul_44_34/g12779                 -             HS65_LS_FA1X4     0.000   3.854    3.732  
      datapath_module/alu_module/mul_44_34/g12779                 CI v -> CO v  HS65_LS_FA1X4     0.112   3.966    3.844  
      datapath_module/alu_module/mul_44_34/g12778                 -             HS65_LS_FA1X4     0.000   3.966    3.844  
      datapath_module/alu_module/mul_44_34/g12778                 CI v -> CO v  HS65_LS_FA1X4     0.117   4.083    3.962  
      datapath_module/alu_module/mul_44_34/g12777                 -             HS65_LS_FA1X9     0.000   4.084    3.962  
      datapath_module/alu_module/mul_44_34/g12777                 CI v -> CO v  HS65_LS_FA1X9     0.097   4.181    4.059  
      datapath_module/alu_module/mul_44_34/g12776                 -             HS65_LS_FA1X9     0.000   4.181    4.059  
      datapath_module/alu_module/mul_44_34/g12776                 CI v -> CO v  HS65_LS_FA1X9     0.090   4.271    4.149  
      datapath_module/alu_module/mul_44_34/g12775                 -             HS65_LS_FA1X9     0.000   4.271    4.149  
      datapath_module/alu_module/mul_44_34/g12775                 CI v -> CO v  HS65_LS_FA1X9     0.090   4.360    4.238  
      datapath_module/alu_module/mul_44_34/g12774                 -             HS65_LS_FA1X9     0.000   4.360    4.238  
      datapath_module/alu_module/mul_44_34/g12774                 CI v -> CO v  HS65_LS_FA1X9     0.090   4.450    4.328  
      datapath_module/alu_module/mul_44_34/g12773                 -             HS65_LS_FA1X9     0.000   4.450    4.328  
      datapath_module/alu_module/mul_44_34/g12773                 CI v -> CO v  HS65_LS_FA1X9     0.090   4.540    4.418  
      datapath_module/alu_module/mul_44_34/g12772                 -             HS65_LS_FA1X9     0.000   4.540    4.418  
      datapath_module/alu_module/mul_44_34/g12772                 CI v -> CO v  HS65_LS_FA1X9     0.090   4.629    4.507  
      datapath_module/alu_module/mul_44_34/g12771                 -             HS65_LS_FA1X9     0.000   4.629    4.507  
      datapath_module/alu_module/mul_44_34/g12771                 CI v -> CO v  HS65_LS_FA1X9     0.090   4.719    4.597  
      datapath_module/alu_module/mul_44_34/g12770                 -             HS65_LS_FA1X9     0.000   4.719    4.597  
      datapath_module/alu_module/mul_44_34/g12770                 CI v -> CO v  HS65_LS_FA1X9     0.090   4.808    4.686  
      datapath_module/alu_module/mul_44_34/g12769                 -             HS65_LS_FA1X9     0.000   4.808    4.686  
      datapath_module/alu_module/mul_44_34/g12769                 CI v -> CO v  HS65_LS_FA1X9     0.090   4.898    4.776  
      datapath_module/alu_module/mul_44_34/g12768                 -             HS65_LS_FA1X9     0.000   4.898    4.776  
      datapath_module/alu_module/mul_44_34/g12768                 CI v -> CO v  HS65_LS_FA1X9     0.090   4.988    4.866  
      datapath_module/alu_module/mul_44_34/g12767                 -             HS65_LS_FA1X9     0.000   4.988    4.866  
      datapath_module/alu_module/mul_44_34/g12767                 CI v -> CO v  HS65_LS_FA1X9     0.087   5.074    4.952  
      datapath_module/alu_module/mul_44_34/g12766                 -             HS65_LS_FA1X4     0.000   5.074    4.952  
      datapath_module/alu_module/mul_44_34/g12766                 CI v -> S0 ^  HS65_LS_FA1X4     0.159   5.233    5.111  
      datapath_module/alu_module/g6799                            -             HS65_LS_AO112X18  0.000   5.233    5.111  
      datapath_module/alu_module/g6799                            B ^ -> Z ^    HS65_LS_AO112X18  0.140   5.373    5.252  
      datapath_module/reg_file_module/reg_memory_reg[9][30]672    -             HS65_LS_SDFPHQX9  0.020   5.393    5.271  
      ---------------------------------------------------------------------------------------------------------------------
     Clock Rise Edge                      0.000
     = Beginpoint Arrival Time            0.000
     Other End Path:
      -----------------------------------------------------------------------------------------------------------------
      Instance                                                  Arc         Cell              Retime  Arrival  Required  
                                                                                              Delay   Time     Time  
      -----------------------------------------------------------------------------------------------------------------
      -                                                         clock ^     -                 -       0.000    0.122  
      CTS_ccl_a_buf_00036                                       -           HS65_LS_BFX284    0.000   0.000    0.122  
      CTS_ccl_a_buf_00036                                       A ^ -> Z ^  HS65_LS_BFX284    0.000   0.000    0.122  
      datapath_module/reg_file_module/CTS_ccl_a_buf_00015       -           HS65_LS_BFX284    0.000   0.000    0.122  
      datapath_module/reg_file_module/CTS_ccl_a_buf_00015       A ^ -> Z ^  HS65_LS_BFX284    0.000   0.000    0.122  
      datapath_module/reg_file_module/reg_memory_reg[9][30]672  -           HS65_LS_SDFPHQX9  0.000   0.000    0.122  
      -----------------------------------------------------------------------------------------------------------------
Path 34: VIOLATED Setup Check with Pin datapath_module/reg_file_module/reg_memory_reg[8][30]608/CP 
Endpoint:   datapath_module/reg_file_module/reg_memory_reg[8][30]608/D (^) checked with  leading edge of 'clock'
Beginpoint: IFU_module/PC_reg[3]/Q                                     (^) triggered by  leading edge of 'clock'
Path Groups: {clock}
Retime Analysis { Data Path-Slew }
Other End Arrival Time          0.000
- Setup                        -0.171
+ Phase Shift                   7.100
- Uncertainty                   2.000
= Required Time                 5.271
- Arrival Time                  5.393
= Slack Time                   -0.122
= Slack Time(original)         -0.158
     Clock Rise Edge                      0.000
     = Beginpoint Arrival Time            0.000
     Timing Path:
      ---------------------------------------------------------------------------------------------------------------------
      Instance                                                    Arc           Cell              Retime  Arrival  Required  
                                                                                                  Delay   Time     Time  
      ---------------------------------------------------------------------------------------------------------------------
      -                                                           clock ^       -                 -       0.000    -0.122  
      CTS_ccl_a_buf_00036                                         -             HS65_LS_BFX284    0.000   0.000    -0.122  
      CTS_ccl_a_buf_00036                                         A ^ -> Z ^    HS65_LS_BFX284    0.000   0.000    -0.122  
      CTS_ccl_a_buf_00025                                         -             HS65_LS_BFX284    0.000   0.000    -0.122  
      CTS_ccl_a_buf_00025                                         A ^ -> Z ^    HS65_LS_BFX284    0.000   0.000    -0.122  
      IFU_module/PC_reg[3]                                        -             HS65_LS_SDFPRQX4  0.000   0.000    -0.122  
      IFU_module/PC_reg[3]                                        CP ^ -> Q ^   HS65_LS_SDFPRQX4  0.842   0.842    0.720  
      IFU_module/instr_mem/FE_OFC25_instruction_code_22           -             HS65_LS_IVX7      0.004   0.845    0.723  
      IFU_module/instr_mem/FE_OFC25_instruction_code_22           A ^ -> Z v    HS65_LS_IVX7      0.078   0.923    0.801  
      IFU_module/instr_mem/g723                                   -             HS65_LS_AO22X9    0.000   0.923    0.801  
      IFU_module/instr_mem/g723                                   D v -> Z v    HS65_LS_AO22X9    0.127   1.050    0.928  
      datapath_module/reg_file_module/g21715                      -             HS65_LS_NOR2X6    0.001   1.052    0.930  
      datapath_module/reg_file_module/g21715                      B v -> Z ^    HS65_LS_NOR2X6    0.074   1.126    1.004  
      datapath_module/reg_file_module/g21954                      -             HS65_LS_NOR2AX3   0.000   1.126    1.004  
      datapath_module/reg_file_module/g21954                      A ^ -> Z ^    HS65_LS_NOR2AX3   0.157   1.283    1.161  
      datapath_module/reg_file_module/FE_RC_119_0                 -             HS65_LS_NOR2X6    0.000   1.283    1.161  
      datapath_module/reg_file_module/FE_RC_119_0                 A ^ -> Z v    HS65_LS_NOR2X6    0.058   1.341    1.219  
      datapath_module/reg_file_module/g21186                      -             HS65_LS_AND2X4    0.000   1.341    1.219  
      datapath_module/reg_file_module/g21186                      B v -> Z v    HS65_LS_AND2X4    0.062   1.403    1.281  
      datapath_module/reg_file_module/g21955                      -             HS65_LS_OR3ABCX9  0.000   1.403    1.281  
      datapath_module/reg_file_module/g21955                      C v -> Z ^    HS65_LS_OR3ABCX9  0.190   1.593    1.471  
      datapath_module/alu_module/mul_44_34/FE_OFC21_read_data2_1  -             HS65_LS_BFX9      0.010   1.603    1.481  
      datapath_module/alu_module/mul_44_34/FE_OFC21_read_data2_1  A ^ -> Z ^    HS65_LS_BFX9      0.234   1.837    1.715  
      datapath_module/alu_module/mul_44_34/FE_OFC23_read_data2_1  -             HS65_LS_IVX9      0.009   1.846    1.724  
      datapath_module/alu_module/mul_44_34/FE_OFC23_read_data2_1  A ^ -> Z v    HS65_LS_IVX9      0.216   2.062    1.940  
      datapath_module/alu_module/mul_44_34/g12328                 -             HS65_LS_OAI22X6   0.009   2.071    1.949  
      datapath_module/alu_module/mul_44_34/g12328                 D v -> Z ^    HS65_LS_OAI22X6   0.106   2.177    2.055  
      datapath_module/alu_module/mul_44_34/g12765                 -             HS65_LS_AO22X9    0.000   2.177    2.055  
      datapath_module/alu_module/mul_44_34/g12765                 D ^ -> Z ^    HS65_LS_AO22X9    0.087   2.264    2.142  
      datapath_module/alu_module/mul_44_34/g11783                 -             HS65_LS_FA1X4     0.000   2.264    2.142  
      datapath_module/alu_module/mul_44_34/g11783                 B0 ^ -> S0 v  HS65_LS_FA1X4     0.147   2.411    2.289  
      datapath_module/alu_module/mul_44_34/g11716                 -             HS65_LS_FA1X4     0.000   2.411    2.289  
      datapath_module/alu_module/mul_44_34/g11716                 B0 v -> CO v  HS65_LS_FA1X4     0.121   2.532    2.410  
      datapath_module/alu_module/mul_44_34/g11693                 -             HS65_LS_FA1X4     0.000   2.532    2.410  
      datapath_module/alu_module/mul_44_34/g11693                 CI v -> CO v  HS65_LS_FA1X4     0.126   2.658    2.536  
      datapath_module/alu_module/mul_44_34/g12747                 -             HS65_LS_PAO2X9    0.000   2.658    2.537  
      datapath_module/alu_module/mul_44_34/g12747                 P v -> Z v    HS65_LS_PAO2X9    0.083   2.742    2.620  
      datapath_module/alu_module/mul_44_34/g11662                 -             HS65_LS_FA1X4     0.000   2.742    2.620  
      datapath_module/alu_module/mul_44_34/g11662                 CI v -> CO v  HS65_LS_FA1X4     0.104   2.845    2.724  
      datapath_module/alu_module/mul_44_34/g11650                 -             HS65_LS_FA1X4     0.000   2.845    2.724  
      datapath_module/alu_module/mul_44_34/g11650                 CI v -> CO v  HS65_LS_FA1X4     0.112   2.957    2.836  
      datapath_module/alu_module/mul_44_34/g12784                 -             HS65_LS_FA1X4     0.000   2.957    2.836  
      datapath_module/alu_module/mul_44_34/g12784                 CI v -> CO v  HS65_LS_FA1X4     0.112   3.070    2.948  
      datapath_module/alu_module/mul_44_34/g11632                 -             HS65_LS_FA1X4     0.000   3.070    2.948  
      datapath_module/alu_module/mul_44_34/g11632                 CI v -> CO v  HS65_LS_FA1X4     0.112   3.182    3.060  
      datapath_module/alu_module/mul_44_34/g11624                 -             HS65_LS_FA1X4     0.000   3.182    3.060  
      datapath_module/alu_module/mul_44_34/g11624                 CI v -> CO v  HS65_LS_FA1X4     0.112   3.294    3.172  
      datapath_module/alu_module/mul_44_34/g11617                 -             HS65_LS_FA1X4     0.000   3.294    3.172  
      datapath_module/alu_module/mul_44_34/g11617                 CI v -> CO v  HS65_LS_FA1X4     0.112   3.406    3.284  
      datapath_module/alu_module/mul_44_34/g12783                 -             HS65_LS_FA1X4     0.000   3.406    3.284  
      datapath_module/alu_module/mul_44_34/g12783                 CI v -> CO v  HS65_LS_FA1X4     0.112   3.518    3.396  
      datapath_module/alu_module/mul_44_34/g12782                 -             HS65_LS_FA1X4     0.000   3.518    3.396  
      datapath_module/alu_module/mul_44_34/g12782                 CI v -> CO v  HS65_LS_FA1X4     0.112   3.630    3.508  
      datapath_module/alu_module/mul_44_34/g12781                 -             HS65_LS_FA1X4     0.000   3.630    3.508  
      datapath_module/alu_module/mul_44_34/g12781                 CI v -> CO v  HS65_LS_FA1X4     0.112   3.742    3.620  
      datapath_module/alu_module/mul_44_34/g12780                 -             HS65_LS_FA1X4     0.000   3.742    3.620  
      datapath_module/alu_module/mul_44_34/g12780                 CI v -> CO v  HS65_LS_FA1X4     0.112   3.854    3.732  
      datapath_module/alu_module/mul_44_34/g12779                 -             HS65_LS_FA1X4     0.000   3.854    3.732  
      datapath_module/alu_module/mul_44_34/g12779                 CI v -> CO v  HS65_LS_FA1X4     0.112   3.966    3.844  
      datapath_module/alu_module/mul_44_34/g12778                 -             HS65_LS_FA1X4     0.000   3.966    3.844  
      datapath_module/alu_module/mul_44_34/g12778                 CI v -> CO v  HS65_LS_FA1X4     0.117   4.083    3.962  
      datapath_module/alu_module/mul_44_34/g12777                 -             HS65_LS_FA1X9     0.000   4.084    3.962  
      datapath_module/alu_module/mul_44_34/g12777                 CI v -> CO v  HS65_LS_FA1X9     0.097   4.181    4.059  
      datapath_module/alu_module/mul_44_34/g12776                 -             HS65_LS_FA1X9     0.000   4.181    4.059  
      datapath_module/alu_module/mul_44_34/g12776                 CI v -> CO v  HS65_LS_FA1X9     0.090   4.271    4.149  
      datapath_module/alu_module/mul_44_34/g12775                 -             HS65_LS_FA1X9     0.000   4.271    4.149  
      datapath_module/alu_module/mul_44_34/g12775                 CI v -> CO v  HS65_LS_FA1X9     0.090   4.360    4.238  
      datapath_module/alu_module/mul_44_34/g12774                 -             HS65_LS_FA1X9     0.000   4.360    4.238  
      datapath_module/alu_module/mul_44_34/g12774                 CI v -> CO v  HS65_LS_FA1X9     0.090   4.450    4.328  
      datapath_module/alu_module/mul_44_34/g12773                 -             HS65_LS_FA1X9     0.000   4.450    4.328  
      datapath_module/alu_module/mul_44_34/g12773                 CI v -> CO v  HS65_LS_FA1X9     0.090   4.540    4.418  
      datapath_module/alu_module/mul_44_34/g12772                 -             HS65_LS_FA1X9     0.000   4.540    4.418  
      datapath_module/alu_module/mul_44_34/g12772                 CI v -> CO v  HS65_LS_FA1X9     0.090   4.629    4.507  
      datapath_module/alu_module/mul_44_34/g12771                 -             HS65_LS_FA1X9     0.000   4.629    4.507  
      datapath_module/alu_module/mul_44_34/g12771                 CI v -> CO v  HS65_LS_FA1X9     0.090   4.719    4.597  
      datapath_module/alu_module/mul_44_34/g12770                 -             HS65_LS_FA1X9     0.000   4.719    4.597  
      datapath_module/alu_module/mul_44_34/g12770                 CI v -> CO v  HS65_LS_FA1X9     0.090   4.808    4.686  
      datapath_module/alu_module/mul_44_34/g12769                 -             HS65_LS_FA1X9     0.000   4.808    4.686  
      datapath_module/alu_module/mul_44_34/g12769                 CI v -> CO v  HS65_LS_FA1X9     0.090   4.898    4.776  
      datapath_module/alu_module/mul_44_34/g12768                 -             HS65_LS_FA1X9     0.000   4.898    4.776  
      datapath_module/alu_module/mul_44_34/g12768                 CI v -> CO v  HS65_LS_FA1X9     0.090   4.988    4.866  
      datapath_module/alu_module/mul_44_34/g12767                 -             HS65_LS_FA1X9     0.000   4.988    4.866  
      datapath_module/alu_module/mul_44_34/g12767                 CI v -> CO v  HS65_LS_FA1X9     0.087   5.074    4.952  
      datapath_module/alu_module/mul_44_34/g12766                 -             HS65_LS_FA1X4     0.000   5.074    4.952  
      datapath_module/alu_module/mul_44_34/g12766                 CI v -> S0 ^  HS65_LS_FA1X4     0.159   5.233    5.111  
      datapath_module/alu_module/g6799                            -             HS65_LS_AO112X18  0.000   5.233    5.111  
      datapath_module/alu_module/g6799                            B ^ -> Z ^    HS65_LS_AO112X18  0.140   5.373    5.252  
      datapath_module/reg_file_module/reg_memory_reg[8][30]608    -             HS65_LS_SDFPHQX9  0.020   5.393    5.271  
      ---------------------------------------------------------------------------------------------------------------------
     Clock Rise Edge                      0.000
     = Beginpoint Arrival Time            0.000
     Other End Path:
      -----------------------------------------------------------------------------------------------------------------
      Instance                                                  Arc         Cell              Retime  Arrival  Required  
                                                                                              Delay   Time     Time  
      -----------------------------------------------------------------------------------------------------------------
      -                                                         clock ^     -                 -       0.000    0.122  
      CTS_ccl_a_buf_00036                                       -           HS65_LS_BFX284    0.000   0.000    0.122  
      CTS_ccl_a_buf_00036                                       A ^ -> Z ^  HS65_LS_BFX284    0.000   0.000    0.122  
      datapath_module/reg_file_module/CTS_ccl_a_buf_00015       -           HS65_LS_BFX284    0.000   0.000    0.122  
      datapath_module/reg_file_module/CTS_ccl_a_buf_00015       A ^ -> Z ^  HS65_LS_BFX284    0.000   0.000    0.122  
      datapath_module/reg_file_module/reg_memory_reg[8][30]608  -           HS65_LS_SDFPHQX9  0.000   0.000    0.122  
      -----------------------------------------------------------------------------------------------------------------
Path 35: VIOLATED Setup Check with Pin datapath_module/reg_file_module/reg_memory_reg[7][30]544/CP 
Endpoint:   datapath_module/reg_file_module/reg_memory_reg[7][30]544/D (^) checked with  leading edge of 'clock'
Beginpoint: IFU_module/PC_reg[3]/Q                                     (^) triggered by  leading edge of 'clock'
Path Groups: {clock}
Retime Analysis { Data Path-Slew }
Other End Arrival Time          0.000
- Setup                        -0.171
+ Phase Shift                   7.100
- Uncertainty                   2.000
= Required Time                 5.271
- Arrival Time                  5.393
= Slack Time                   -0.122
= Slack Time(original)         -0.158
     Clock Rise Edge                      0.000
     = Beginpoint Arrival Time            0.000
     Timing Path:
      ---------------------------------------------------------------------------------------------------------------------
      Instance                                                    Arc           Cell              Retime  Arrival  Required  
                                                                                                  Delay   Time     Time  
      ---------------------------------------------------------------------------------------------------------------------
      -                                                           clock ^       -                 -       0.000    -0.122  
      CTS_ccl_a_buf_00036                                         -             HS65_LS_BFX284    0.000   0.000    -0.122  
      CTS_ccl_a_buf_00036                                         A ^ -> Z ^    HS65_LS_BFX284    0.000   0.000    -0.122  
      CTS_ccl_a_buf_00025                                         -             HS65_LS_BFX284    0.000   0.000    -0.122  
      CTS_ccl_a_buf_00025                                         A ^ -> Z ^    HS65_LS_BFX284    0.000   0.000    -0.122  
      IFU_module/PC_reg[3]                                        -             HS65_LS_SDFPRQX4  0.000   0.000    -0.122  
      IFU_module/PC_reg[3]                                        CP ^ -> Q ^   HS65_LS_SDFPRQX4  0.842   0.842    0.720  
      IFU_module/instr_mem/FE_OFC25_instruction_code_22           -             HS65_LS_IVX7      0.004   0.845    0.723  
      IFU_module/instr_mem/FE_OFC25_instruction_code_22           A ^ -> Z v    HS65_LS_IVX7      0.078   0.923    0.801  
      IFU_module/instr_mem/g723                                   -             HS65_LS_AO22X9    0.000   0.923    0.801  
      IFU_module/instr_mem/g723                                   D v -> Z v    HS65_LS_AO22X9    0.127   1.050    0.928  
      datapath_module/reg_file_module/g21715                      -             HS65_LS_NOR2X6    0.001   1.052    0.930  
      datapath_module/reg_file_module/g21715                      B v -> Z ^    HS65_LS_NOR2X6    0.074   1.126    1.004  
      datapath_module/reg_file_module/g21954                      -             HS65_LS_NOR2AX3   0.000   1.126    1.004  
      datapath_module/reg_file_module/g21954                      A ^ -> Z ^    HS65_LS_NOR2AX3   0.157   1.283    1.161  
      datapath_module/reg_file_module/FE_RC_119_0                 -             HS65_LS_NOR2X6    0.000   1.283    1.161  
      datapath_module/reg_file_module/FE_RC_119_0                 A ^ -> Z v    HS65_LS_NOR2X6    0.058   1.341    1.219  
      datapath_module/reg_file_module/g21186                      -             HS65_LS_AND2X4    0.000   1.341    1.219  
      datapath_module/reg_file_module/g21186                      B v -> Z v    HS65_LS_AND2X4    0.062   1.403    1.281  
      datapath_module/reg_file_module/g21955                      -             HS65_LS_OR3ABCX9  0.000   1.403    1.281  
      datapath_module/reg_file_module/g21955                      C v -> Z ^    HS65_LS_OR3ABCX9  0.190   1.593    1.471  
      datapath_module/alu_module/mul_44_34/FE_OFC21_read_data2_1  -             HS65_LS_BFX9      0.010   1.603    1.481  
      datapath_module/alu_module/mul_44_34/FE_OFC21_read_data2_1  A ^ -> Z ^    HS65_LS_BFX9      0.234   1.837    1.715  
      datapath_module/alu_module/mul_44_34/FE_OFC23_read_data2_1  -             HS65_LS_IVX9      0.009   1.846    1.724  
      datapath_module/alu_module/mul_44_34/FE_OFC23_read_data2_1  A ^ -> Z v    HS65_LS_IVX9      0.216   2.062    1.940  
      datapath_module/alu_module/mul_44_34/g12328                 -             HS65_LS_OAI22X6   0.009   2.071    1.949  
      datapath_module/alu_module/mul_44_34/g12328                 D v -> Z ^    HS65_LS_OAI22X6   0.106   2.177    2.055  
      datapath_module/alu_module/mul_44_34/g12765                 -             HS65_LS_AO22X9    0.000   2.177    2.055  
      datapath_module/alu_module/mul_44_34/g12765                 D ^ -> Z ^    HS65_LS_AO22X9    0.087   2.264    2.142  
      datapath_module/alu_module/mul_44_34/g11783                 -             HS65_LS_FA1X4     0.000   2.264    2.142  
      datapath_module/alu_module/mul_44_34/g11783                 B0 ^ -> S0 v  HS65_LS_FA1X4     0.147   2.411    2.289  
      datapath_module/alu_module/mul_44_34/g11716                 -             HS65_LS_FA1X4     0.000   2.411    2.289  
      datapath_module/alu_module/mul_44_34/g11716                 B0 v -> CO v  HS65_LS_FA1X4     0.121   2.532    2.410  
      datapath_module/alu_module/mul_44_34/g11693                 -             HS65_LS_FA1X4     0.000   2.532    2.410  
      datapath_module/alu_module/mul_44_34/g11693                 CI v -> CO v  HS65_LS_FA1X4     0.126   2.658    2.536  
      datapath_module/alu_module/mul_44_34/g12747                 -             HS65_LS_PAO2X9    0.000   2.658    2.537  
      datapath_module/alu_module/mul_44_34/g12747                 P v -> Z v    HS65_LS_PAO2X9    0.083   2.742    2.620  
      datapath_module/alu_module/mul_44_34/g11662                 -             HS65_LS_FA1X4     0.000   2.742    2.620  
      datapath_module/alu_module/mul_44_34/g11662                 CI v -> CO v  HS65_LS_FA1X4     0.104   2.845    2.724  
      datapath_module/alu_module/mul_44_34/g11650                 -             HS65_LS_FA1X4     0.000   2.845    2.724  
      datapath_module/alu_module/mul_44_34/g11650                 CI v -> CO v  HS65_LS_FA1X4     0.112   2.957    2.836  
      datapath_module/alu_module/mul_44_34/g12784                 -             HS65_LS_FA1X4     0.000   2.957    2.836  
      datapath_module/alu_module/mul_44_34/g12784                 CI v -> CO v  HS65_LS_FA1X4     0.112   3.070    2.948  
      datapath_module/alu_module/mul_44_34/g11632                 -             HS65_LS_FA1X4     0.000   3.070    2.948  
      datapath_module/alu_module/mul_44_34/g11632                 CI v -> CO v  HS65_LS_FA1X4     0.112   3.182    3.060  
      datapath_module/alu_module/mul_44_34/g11624                 -             HS65_LS_FA1X4     0.000   3.182    3.060  
      datapath_module/alu_module/mul_44_34/g11624                 CI v -> CO v  HS65_LS_FA1X4     0.112   3.294    3.172  
      datapath_module/alu_module/mul_44_34/g11617                 -             HS65_LS_FA1X4     0.000   3.294    3.172  
      datapath_module/alu_module/mul_44_34/g11617                 CI v -> CO v  HS65_LS_FA1X4     0.112   3.406    3.284  
      datapath_module/alu_module/mul_44_34/g12783                 -             HS65_LS_FA1X4     0.000   3.406    3.284  
      datapath_module/alu_module/mul_44_34/g12783                 CI v -> CO v  HS65_LS_FA1X4     0.112   3.518    3.396  
      datapath_module/alu_module/mul_44_34/g12782                 -             HS65_LS_FA1X4     0.000   3.518    3.396  
      datapath_module/alu_module/mul_44_34/g12782                 CI v -> CO v  HS65_LS_FA1X4     0.112   3.630    3.508  
      datapath_module/alu_module/mul_44_34/g12781                 -             HS65_LS_FA1X4     0.000   3.630    3.508  
      datapath_module/alu_module/mul_44_34/g12781                 CI v -> CO v  HS65_LS_FA1X4     0.112   3.742    3.620  
      datapath_module/alu_module/mul_44_34/g12780                 -             HS65_LS_FA1X4     0.000   3.742    3.620  
      datapath_module/alu_module/mul_44_34/g12780                 CI v -> CO v  HS65_LS_FA1X4     0.112   3.854    3.732  
      datapath_module/alu_module/mul_44_34/g12779                 -             HS65_LS_FA1X4     0.000   3.854    3.732  
      datapath_module/alu_module/mul_44_34/g12779                 CI v -> CO v  HS65_LS_FA1X4     0.112   3.966    3.844  
      datapath_module/alu_module/mul_44_34/g12778                 -             HS65_LS_FA1X4     0.000   3.966    3.844  
      datapath_module/alu_module/mul_44_34/g12778                 CI v -> CO v  HS65_LS_FA1X4     0.117   4.083    3.962  
      datapath_module/alu_module/mul_44_34/g12777                 -             HS65_LS_FA1X9     0.000   4.084    3.962  
      datapath_module/alu_module/mul_44_34/g12777                 CI v -> CO v  HS65_LS_FA1X9     0.097   4.181    4.059  
      datapath_module/alu_module/mul_44_34/g12776                 -             HS65_LS_FA1X9     0.000   4.181    4.059  
      datapath_module/alu_module/mul_44_34/g12776                 CI v -> CO v  HS65_LS_FA1X9     0.090   4.271    4.149  
      datapath_module/alu_module/mul_44_34/g12775                 -             HS65_LS_FA1X9     0.000   4.271    4.149  
      datapath_module/alu_module/mul_44_34/g12775                 CI v -> CO v  HS65_LS_FA1X9     0.090   4.360    4.238  
      datapath_module/alu_module/mul_44_34/g12774                 -             HS65_LS_FA1X9     0.000   4.360    4.238  
      datapath_module/alu_module/mul_44_34/g12774                 CI v -> CO v  HS65_LS_FA1X9     0.090   4.450    4.328  
      datapath_module/alu_module/mul_44_34/g12773                 -             HS65_LS_FA1X9     0.000   4.450    4.328  
      datapath_module/alu_module/mul_44_34/g12773                 CI v -> CO v  HS65_LS_FA1X9     0.090   4.540    4.418  
      datapath_module/alu_module/mul_44_34/g12772                 -             HS65_LS_FA1X9     0.000   4.540    4.418  
      datapath_module/alu_module/mul_44_34/g12772                 CI v -> CO v  HS65_LS_FA1X9     0.090   4.629    4.507  
      datapath_module/alu_module/mul_44_34/g12771                 -             HS65_LS_FA1X9     0.000   4.629    4.507  
      datapath_module/alu_module/mul_44_34/g12771                 CI v -> CO v  HS65_LS_FA1X9     0.090   4.719    4.597  
      datapath_module/alu_module/mul_44_34/g12770                 -             HS65_LS_FA1X9     0.000   4.719    4.597  
      datapath_module/alu_module/mul_44_34/g12770                 CI v -> CO v  HS65_LS_FA1X9     0.090   4.808    4.686  
      datapath_module/alu_module/mul_44_34/g12769                 -             HS65_LS_FA1X9     0.000   4.808    4.686  
      datapath_module/alu_module/mul_44_34/g12769                 CI v -> CO v  HS65_LS_FA1X9     0.090   4.898    4.776  
      datapath_module/alu_module/mul_44_34/g12768                 -             HS65_LS_FA1X9     0.000   4.898    4.776  
      datapath_module/alu_module/mul_44_34/g12768                 CI v -> CO v  HS65_LS_FA1X9     0.090   4.988    4.866  
      datapath_module/alu_module/mul_44_34/g12767                 -             HS65_LS_FA1X9     0.000   4.988    4.866  
      datapath_module/alu_module/mul_44_34/g12767                 CI v -> CO v  HS65_LS_FA1X9     0.087   5.074    4.952  
      datapath_module/alu_module/mul_44_34/g12766                 -             HS65_LS_FA1X4     0.000   5.074    4.952  
      datapath_module/alu_module/mul_44_34/g12766                 CI v -> S0 ^  HS65_LS_FA1X4     0.159   5.233    5.111  
      datapath_module/alu_module/g6799                            -             HS65_LS_AO112X18  0.000   5.233    5.111  
      datapath_module/alu_module/g6799                            B ^ -> Z ^    HS65_LS_AO112X18  0.140   5.373    5.252  
      datapath_module/reg_file_module/reg_memory_reg[7][30]544    -             HS65_LS_SDFPHQX9  0.020   5.393    5.271  
      ---------------------------------------------------------------------------------------------------------------------
     Clock Rise Edge                      0.000
     = Beginpoint Arrival Time            0.000
     Other End Path:
      -----------------------------------------------------------------------------------------------------------------
      Instance                                                  Arc         Cell              Retime  Arrival  Required  
                                                                                              Delay   Time     Time  
      -----------------------------------------------------------------------------------------------------------------
      -                                                         clock ^     -                 -       0.000    0.122  
      CTS_ccl_a_buf_00036                                       -           HS65_LS_BFX284    0.000   0.000    0.122  
      CTS_ccl_a_buf_00036                                       A ^ -> Z ^  HS65_LS_BFX284    0.000   0.000    0.122  
      CTS_ccl_a_buf_00025                                       -           HS65_LS_BFX284    0.000   0.000    0.122  
      CTS_ccl_a_buf_00025                                       A ^ -> Z ^  HS65_LS_BFX284    0.000   0.000    0.122  
      datapath_module/reg_file_module/reg_memory_reg[7][30]544  -           HS65_LS_SDFPHQX9  0.000   0.000    0.122  
      -----------------------------------------------------------------------------------------------------------------
Path 36: VIOLATED Setup Check with Pin datapath_module/reg_file_module/reg_memory_reg[6][30]480/CP 
Endpoint:   datapath_module/reg_file_module/reg_memory_reg[6][30]480/D (^) checked with  leading edge of 'clock'
Beginpoint: IFU_module/PC_reg[3]/Q                                     (^) triggered by  leading edge of 'clock'
Path Groups: {clock}
Retime Analysis { Data Path-Slew }
Other End Arrival Time          0.000
- Setup                        -0.171
+ Phase Shift                   7.100
- Uncertainty                   2.000
= Required Time                 5.271
- Arrival Time                  5.393
= Slack Time                   -0.122
= Slack Time(original)         -0.158
     Clock Rise Edge                      0.000
     = Beginpoint Arrival Time            0.000
     Timing Path:
      ---------------------------------------------------------------------------------------------------------------------
      Instance                                                    Arc           Cell              Retime  Arrival  Required  
                                                                                                  Delay   Time     Time  
      ---------------------------------------------------------------------------------------------------------------------
      -                                                           clock ^       -                 -       0.000    -0.122  
      CTS_ccl_a_buf_00036                                         -             HS65_LS_BFX284    0.000   0.000    -0.122  
      CTS_ccl_a_buf_00036                                         A ^ -> Z ^    HS65_LS_BFX284    0.000   0.000    -0.122  
      CTS_ccl_a_buf_00025                                         -             HS65_LS_BFX284    0.000   0.000    -0.122  
      CTS_ccl_a_buf_00025                                         A ^ -> Z ^    HS65_LS_BFX284    0.000   0.000    -0.122  
      IFU_module/PC_reg[3]                                        -             HS65_LS_SDFPRQX4  0.000   0.000    -0.122  
      IFU_module/PC_reg[3]                                        CP ^ -> Q ^   HS65_LS_SDFPRQX4  0.842   0.842    0.720  
      IFU_module/instr_mem/FE_OFC25_instruction_code_22           -             HS65_LS_IVX7      0.004   0.845    0.723  
      IFU_module/instr_mem/FE_OFC25_instruction_code_22           A ^ -> Z v    HS65_LS_IVX7      0.078   0.923    0.801  
      IFU_module/instr_mem/g723                                   -             HS65_LS_AO22X9    0.000   0.923    0.801  
      IFU_module/instr_mem/g723                                   D v -> Z v    HS65_LS_AO22X9    0.127   1.050    0.928  
      datapath_module/reg_file_module/g21715                      -             HS65_LS_NOR2X6    0.001   1.052    0.930  
      datapath_module/reg_file_module/g21715                      B v -> Z ^    HS65_LS_NOR2X6    0.074   1.126    1.004  
      datapath_module/reg_file_module/g21954                      -             HS65_LS_NOR2AX3   0.000   1.126    1.004  
      datapath_module/reg_file_module/g21954                      A ^ -> Z ^    HS65_LS_NOR2AX3   0.157   1.283    1.161  
      datapath_module/reg_file_module/FE_RC_119_0                 -             HS65_LS_NOR2X6    0.000   1.283    1.161  
      datapath_module/reg_file_module/FE_RC_119_0                 A ^ -> Z v    HS65_LS_NOR2X6    0.058   1.341    1.219  
      datapath_module/reg_file_module/g21186                      -             HS65_LS_AND2X4    0.000   1.341    1.219  
      datapath_module/reg_file_module/g21186                      B v -> Z v    HS65_LS_AND2X4    0.062   1.403    1.281  
      datapath_module/reg_file_module/g21955                      -             HS65_LS_OR3ABCX9  0.000   1.403    1.281  
      datapath_module/reg_file_module/g21955                      C v -> Z ^    HS65_LS_OR3ABCX9  0.190   1.593    1.471  
      datapath_module/alu_module/mul_44_34/FE_OFC21_read_data2_1  -             HS65_LS_BFX9      0.010   1.603    1.481  
      datapath_module/alu_module/mul_44_34/FE_OFC21_read_data2_1  A ^ -> Z ^    HS65_LS_BFX9      0.234   1.837    1.715  
      datapath_module/alu_module/mul_44_34/FE_OFC23_read_data2_1  -             HS65_LS_IVX9      0.009   1.846    1.724  
      datapath_module/alu_module/mul_44_34/FE_OFC23_read_data2_1  A ^ -> Z v    HS65_LS_IVX9      0.216   2.062    1.940  
      datapath_module/alu_module/mul_44_34/g12328                 -             HS65_LS_OAI22X6   0.009   2.071    1.949  
      datapath_module/alu_module/mul_44_34/g12328                 D v -> Z ^    HS65_LS_OAI22X6   0.106   2.177    2.055  
      datapath_module/alu_module/mul_44_34/g12765                 -             HS65_LS_AO22X9    0.000   2.177    2.055  
      datapath_module/alu_module/mul_44_34/g12765                 D ^ -> Z ^    HS65_LS_AO22X9    0.087   2.264    2.142  
      datapath_module/alu_module/mul_44_34/g11783                 -             HS65_LS_FA1X4     0.000   2.264    2.142  
      datapath_module/alu_module/mul_44_34/g11783                 B0 ^ -> S0 v  HS65_LS_FA1X4     0.147   2.411    2.289  
      datapath_module/alu_module/mul_44_34/g11716                 -             HS65_LS_FA1X4     0.000   2.411    2.289  
      datapath_module/alu_module/mul_44_34/g11716                 B0 v -> CO v  HS65_LS_FA1X4     0.121   2.532    2.410  
      datapath_module/alu_module/mul_44_34/g11693                 -             HS65_LS_FA1X4     0.000   2.532    2.410  
      datapath_module/alu_module/mul_44_34/g11693                 CI v -> CO v  HS65_LS_FA1X4     0.126   2.658    2.536  
      datapath_module/alu_module/mul_44_34/g12747                 -             HS65_LS_PAO2X9    0.000   2.658    2.537  
      datapath_module/alu_module/mul_44_34/g12747                 P v -> Z v    HS65_LS_PAO2X9    0.083   2.742    2.620  
      datapath_module/alu_module/mul_44_34/g11662                 -             HS65_LS_FA1X4     0.000   2.742    2.620  
      datapath_module/alu_module/mul_44_34/g11662                 CI v -> CO v  HS65_LS_FA1X4     0.104   2.845    2.724  
      datapath_module/alu_module/mul_44_34/g11650                 -             HS65_LS_FA1X4     0.000   2.845    2.724  
      datapath_module/alu_module/mul_44_34/g11650                 CI v -> CO v  HS65_LS_FA1X4     0.112   2.957    2.836  
      datapath_module/alu_module/mul_44_34/g12784                 -             HS65_LS_FA1X4     0.000   2.957    2.836  
      datapath_module/alu_module/mul_44_34/g12784                 CI v -> CO v  HS65_LS_FA1X4     0.112   3.070    2.948  
      datapath_module/alu_module/mul_44_34/g11632                 -             HS65_LS_FA1X4     0.000   3.070    2.948  
      datapath_module/alu_module/mul_44_34/g11632                 CI v -> CO v  HS65_LS_FA1X4     0.112   3.182    3.060  
      datapath_module/alu_module/mul_44_34/g11624                 -             HS65_LS_FA1X4     0.000   3.182    3.060  
      datapath_module/alu_module/mul_44_34/g11624                 CI v -> CO v  HS65_LS_FA1X4     0.112   3.294    3.172  
      datapath_module/alu_module/mul_44_34/g11617                 -             HS65_LS_FA1X4     0.000   3.294    3.172  
      datapath_module/alu_module/mul_44_34/g11617                 CI v -> CO v  HS65_LS_FA1X4     0.112   3.406    3.284  
      datapath_module/alu_module/mul_44_34/g12783                 -             HS65_LS_FA1X4     0.000   3.406    3.284  
      datapath_module/alu_module/mul_44_34/g12783                 CI v -> CO v  HS65_LS_FA1X4     0.112   3.518    3.396  
      datapath_module/alu_module/mul_44_34/g12782                 -             HS65_LS_FA1X4     0.000   3.518    3.396  
      datapath_module/alu_module/mul_44_34/g12782                 CI v -> CO v  HS65_LS_FA1X4     0.112   3.630    3.508  
      datapath_module/alu_module/mul_44_34/g12781                 -             HS65_LS_FA1X4     0.000   3.630    3.508  
      datapath_module/alu_module/mul_44_34/g12781                 CI v -> CO v  HS65_LS_FA1X4     0.112   3.742    3.620  
      datapath_module/alu_module/mul_44_34/g12780                 -             HS65_LS_FA1X4     0.000   3.742    3.620  
      datapath_module/alu_module/mul_44_34/g12780                 CI v -> CO v  HS65_LS_FA1X4     0.112   3.854    3.732  
      datapath_module/alu_module/mul_44_34/g12779                 -             HS65_LS_FA1X4     0.000   3.854    3.732  
      datapath_module/alu_module/mul_44_34/g12779                 CI v -> CO v  HS65_LS_FA1X4     0.112   3.966    3.844  
      datapath_module/alu_module/mul_44_34/g12778                 -             HS65_LS_FA1X4     0.000   3.966    3.844  
      datapath_module/alu_module/mul_44_34/g12778                 CI v -> CO v  HS65_LS_FA1X4     0.117   4.083    3.962  
      datapath_module/alu_module/mul_44_34/g12777                 -             HS65_LS_FA1X9     0.000   4.084    3.962  
      datapath_module/alu_module/mul_44_34/g12777                 CI v -> CO v  HS65_LS_FA1X9     0.097   4.181    4.059  
      datapath_module/alu_module/mul_44_34/g12776                 -             HS65_LS_FA1X9     0.000   4.181    4.059  
      datapath_module/alu_module/mul_44_34/g12776                 CI v -> CO v  HS65_LS_FA1X9     0.090   4.271    4.149  
      datapath_module/alu_module/mul_44_34/g12775                 -             HS65_LS_FA1X9     0.000   4.271    4.149  
      datapath_module/alu_module/mul_44_34/g12775                 CI v -> CO v  HS65_LS_FA1X9     0.090   4.360    4.238  
      datapath_module/alu_module/mul_44_34/g12774                 -             HS65_LS_FA1X9     0.000   4.360    4.238  
      datapath_module/alu_module/mul_44_34/g12774                 CI v -> CO v  HS65_LS_FA1X9     0.090   4.450    4.328  
      datapath_module/alu_module/mul_44_34/g12773                 -             HS65_LS_FA1X9     0.000   4.450    4.328  
      datapath_module/alu_module/mul_44_34/g12773                 CI v -> CO v  HS65_LS_FA1X9     0.090   4.540    4.418  
      datapath_module/alu_module/mul_44_34/g12772                 -             HS65_LS_FA1X9     0.000   4.540    4.418  
      datapath_module/alu_module/mul_44_34/g12772                 CI v -> CO v  HS65_LS_FA1X9     0.090   4.629    4.507  
      datapath_module/alu_module/mul_44_34/g12771                 -             HS65_LS_FA1X9     0.000   4.629    4.507  
      datapath_module/alu_module/mul_44_34/g12771                 CI v -> CO v  HS65_LS_FA1X9     0.090   4.719    4.597  
      datapath_module/alu_module/mul_44_34/g12770                 -             HS65_LS_FA1X9     0.000   4.719    4.597  
      datapath_module/alu_module/mul_44_34/g12770                 CI v -> CO v  HS65_LS_FA1X9     0.090   4.808    4.686  
      datapath_module/alu_module/mul_44_34/g12769                 -             HS65_LS_FA1X9     0.000   4.808    4.686  
      datapath_module/alu_module/mul_44_34/g12769                 CI v -> CO v  HS65_LS_FA1X9     0.090   4.898    4.776  
      datapath_module/alu_module/mul_44_34/g12768                 -             HS65_LS_FA1X9     0.000   4.898    4.776  
      datapath_module/alu_module/mul_44_34/g12768                 CI v -> CO v  HS65_LS_FA1X9     0.090   4.988    4.866  
      datapath_module/alu_module/mul_44_34/g12767                 -             HS65_LS_FA1X9     0.000   4.988    4.866  
      datapath_module/alu_module/mul_44_34/g12767                 CI v -> CO v  HS65_LS_FA1X9     0.087   5.074    4.952  
      datapath_module/alu_module/mul_44_34/g12766                 -             HS65_LS_FA1X4     0.000   5.074    4.952  
      datapath_module/alu_module/mul_44_34/g12766                 CI v -> S0 ^  HS65_LS_FA1X4     0.159   5.233    5.111  
      datapath_module/alu_module/g6799                            -             HS65_LS_AO112X18  0.000   5.233    5.111  
      datapath_module/alu_module/g6799                            B ^ -> Z ^    HS65_LS_AO112X18  0.140   5.373    5.252  
      datapath_module/reg_file_module/reg_memory_reg[6][30]480    -             HS65_LS_SDFPHQX9  0.020   5.393    5.271  
      ---------------------------------------------------------------------------------------------------------------------
     Clock Rise Edge                      0.000
     = Beginpoint Arrival Time            0.000
     Other End Path:
      -----------------------------------------------------------------------------------------------------------------
      Instance                                                  Arc         Cell              Retime  Arrival  Required  
                                                                                              Delay   Time     Time  
      -----------------------------------------------------------------------------------------------------------------
      -                                                         clock ^     -                 -       0.000    0.122  
      CTS_ccl_a_buf_00036                                       -           HS65_LS_BFX284    0.000   0.000    0.122  
      CTS_ccl_a_buf_00036                                       A ^ -> Z ^  HS65_LS_BFX284    0.000   0.000    0.122  
      datapath_module/reg_file_module/CTS_ccl_a_buf_00033       -           HS65_LS_BFX284    0.000   0.000    0.122  
      datapath_module/reg_file_module/CTS_ccl_a_buf_00033       A ^ -> Z ^  HS65_LS_BFX284    0.000   0.000    0.122  
      datapath_module/reg_file_module/reg_memory_reg[6][30]480  -           HS65_LS_SDFPHQX9  0.000   0.000    0.122  
      -----------------------------------------------------------------------------------------------------------------
Path 37: VIOLATED Setup Check with Pin datapath_module/reg_file_module/reg_memory_reg[5][30]416/CP 
Endpoint:   datapath_module/reg_file_module/reg_memory_reg[5][30]416/D (^) checked with  leading edge of 'clock'
Beginpoint: IFU_module/PC_reg[3]/Q                                     (^) triggered by  leading edge of 'clock'
Path Groups: {clock}
Retime Analysis { Data Path-Slew }
Other End Arrival Time          0.000
- Setup                        -0.171
+ Phase Shift                   7.100
- Uncertainty                   2.000
= Required Time                 5.271
- Arrival Time                  5.393
= Slack Time                   -0.122
= Slack Time(original)         -0.158
     Clock Rise Edge                      0.000
     = Beginpoint Arrival Time            0.000
     Timing Path:
      ---------------------------------------------------------------------------------------------------------------------
      Instance                                                    Arc           Cell              Retime  Arrival  Required  
                                                                                                  Delay   Time     Time  
      ---------------------------------------------------------------------------------------------------------------------
      -                                                           clock ^       -                 -       0.000    -0.122  
      CTS_ccl_a_buf_00036                                         -             HS65_LS_BFX284    0.000   0.000    -0.122  
      CTS_ccl_a_buf_00036                                         A ^ -> Z ^    HS65_LS_BFX284    0.000   0.000    -0.122  
      CTS_ccl_a_buf_00025                                         -             HS65_LS_BFX284    0.000   0.000    -0.122  
      CTS_ccl_a_buf_00025                                         A ^ -> Z ^    HS65_LS_BFX284    0.000   0.000    -0.122  
      IFU_module/PC_reg[3]                                        -             HS65_LS_SDFPRQX4  0.000   0.000    -0.122  
      IFU_module/PC_reg[3]                                        CP ^ -> Q ^   HS65_LS_SDFPRQX4  0.842   0.842    0.720  
      IFU_module/instr_mem/FE_OFC25_instruction_code_22           -             HS65_LS_IVX7      0.004   0.845    0.723  
      IFU_module/instr_mem/FE_OFC25_instruction_code_22           A ^ -> Z v    HS65_LS_IVX7      0.078   0.923    0.801  
      IFU_module/instr_mem/g723                                   -             HS65_LS_AO22X9    0.000   0.923    0.801  
      IFU_module/instr_mem/g723                                   D v -> Z v    HS65_LS_AO22X9    0.127   1.050    0.928  
      datapath_module/reg_file_module/g21715                      -             HS65_LS_NOR2X6    0.001   1.052    0.930  
      datapath_module/reg_file_module/g21715                      B v -> Z ^    HS65_LS_NOR2X6    0.074   1.126    1.004  
      datapath_module/reg_file_module/g21954                      -             HS65_LS_NOR2AX3   0.000   1.126    1.004  
      datapath_module/reg_file_module/g21954                      A ^ -> Z ^    HS65_LS_NOR2AX3   0.157   1.283    1.161  
      datapath_module/reg_file_module/FE_RC_119_0                 -             HS65_LS_NOR2X6    0.000   1.283    1.161  
      datapath_module/reg_file_module/FE_RC_119_0                 A ^ -> Z v    HS65_LS_NOR2X6    0.058   1.341    1.219  
      datapath_module/reg_file_module/g21186                      -             HS65_LS_AND2X4    0.000   1.341    1.219  
      datapath_module/reg_file_module/g21186                      B v -> Z v    HS65_LS_AND2X4    0.062   1.403    1.281  
      datapath_module/reg_file_module/g21955                      -             HS65_LS_OR3ABCX9  0.000   1.403    1.281  
      datapath_module/reg_file_module/g21955                      C v -> Z ^    HS65_LS_OR3ABCX9  0.190   1.593    1.471  
      datapath_module/alu_module/mul_44_34/FE_OFC21_read_data2_1  -             HS65_LS_BFX9      0.010   1.603    1.481  
      datapath_module/alu_module/mul_44_34/FE_OFC21_read_data2_1  A ^ -> Z ^    HS65_LS_BFX9      0.234   1.837    1.715  
      datapath_module/alu_module/mul_44_34/FE_OFC23_read_data2_1  -             HS65_LS_IVX9      0.009   1.846    1.724  
      datapath_module/alu_module/mul_44_34/FE_OFC23_read_data2_1  A ^ -> Z v    HS65_LS_IVX9      0.216   2.062    1.940  
      datapath_module/alu_module/mul_44_34/g12328                 -             HS65_LS_OAI22X6   0.009   2.071    1.949  
      datapath_module/alu_module/mul_44_34/g12328                 D v -> Z ^    HS65_LS_OAI22X6   0.106   2.177    2.055  
      datapath_module/alu_module/mul_44_34/g12765                 -             HS65_LS_AO22X9    0.000   2.177    2.055  
      datapath_module/alu_module/mul_44_34/g12765                 D ^ -> Z ^    HS65_LS_AO22X9    0.087   2.264    2.142  
      datapath_module/alu_module/mul_44_34/g11783                 -             HS65_LS_FA1X4     0.000   2.264    2.142  
      datapath_module/alu_module/mul_44_34/g11783                 B0 ^ -> S0 v  HS65_LS_FA1X4     0.147   2.411    2.289  
      datapath_module/alu_module/mul_44_34/g11716                 -             HS65_LS_FA1X4     0.000   2.411    2.289  
      datapath_module/alu_module/mul_44_34/g11716                 B0 v -> CO v  HS65_LS_FA1X4     0.121   2.532    2.410  
      datapath_module/alu_module/mul_44_34/g11693                 -             HS65_LS_FA1X4     0.000   2.532    2.410  
      datapath_module/alu_module/mul_44_34/g11693                 CI v -> CO v  HS65_LS_FA1X4     0.126   2.658    2.536  
      datapath_module/alu_module/mul_44_34/g12747                 -             HS65_LS_PAO2X9    0.000   2.658    2.537  
      datapath_module/alu_module/mul_44_34/g12747                 P v -> Z v    HS65_LS_PAO2X9    0.083   2.742    2.620  
      datapath_module/alu_module/mul_44_34/g11662                 -             HS65_LS_FA1X4     0.000   2.742    2.620  
      datapath_module/alu_module/mul_44_34/g11662                 CI v -> CO v  HS65_LS_FA1X4     0.104   2.845    2.724  
      datapath_module/alu_module/mul_44_34/g11650                 -             HS65_LS_FA1X4     0.000   2.845    2.724  
      datapath_module/alu_module/mul_44_34/g11650                 CI v -> CO v  HS65_LS_FA1X4     0.112   2.957    2.836  
      datapath_module/alu_module/mul_44_34/g12784                 -             HS65_LS_FA1X4     0.000   2.957    2.836  
      datapath_module/alu_module/mul_44_34/g12784                 CI v -> CO v  HS65_LS_FA1X4     0.112   3.070    2.948  
      datapath_module/alu_module/mul_44_34/g11632                 -             HS65_LS_FA1X4     0.000   3.070    2.948  
      datapath_module/alu_module/mul_44_34/g11632                 CI v -> CO v  HS65_LS_FA1X4     0.112   3.182    3.060  
      datapath_module/alu_module/mul_44_34/g11624                 -             HS65_LS_FA1X4     0.000   3.182    3.060  
      datapath_module/alu_module/mul_44_34/g11624                 CI v -> CO v  HS65_LS_FA1X4     0.112   3.294    3.172  
      datapath_module/alu_module/mul_44_34/g11617                 -             HS65_LS_FA1X4     0.000   3.294    3.172  
      datapath_module/alu_module/mul_44_34/g11617                 CI v -> CO v  HS65_LS_FA1X4     0.112   3.406    3.284  
      datapath_module/alu_module/mul_44_34/g12783                 -             HS65_LS_FA1X4     0.000   3.406    3.284  
      datapath_module/alu_module/mul_44_34/g12783                 CI v -> CO v  HS65_LS_FA1X4     0.112   3.518    3.396  
      datapath_module/alu_module/mul_44_34/g12782                 -             HS65_LS_FA1X4     0.000   3.518    3.396  
      datapath_module/alu_module/mul_44_34/g12782                 CI v -> CO v  HS65_LS_FA1X4     0.112   3.630    3.508  
      datapath_module/alu_module/mul_44_34/g12781                 -             HS65_LS_FA1X4     0.000   3.630    3.508  
      datapath_module/alu_module/mul_44_34/g12781                 CI v -> CO v  HS65_LS_FA1X4     0.112   3.742    3.620  
      datapath_module/alu_module/mul_44_34/g12780                 -             HS65_LS_FA1X4     0.000   3.742    3.620  
      datapath_module/alu_module/mul_44_34/g12780                 CI v -> CO v  HS65_LS_FA1X4     0.112   3.854    3.732  
      datapath_module/alu_module/mul_44_34/g12779                 -             HS65_LS_FA1X4     0.000   3.854    3.732  
      datapath_module/alu_module/mul_44_34/g12779                 CI v -> CO v  HS65_LS_FA1X4     0.112   3.966    3.844  
      datapath_module/alu_module/mul_44_34/g12778                 -             HS65_LS_FA1X4     0.000   3.966    3.844  
      datapath_module/alu_module/mul_44_34/g12778                 CI v -> CO v  HS65_LS_FA1X4     0.117   4.083    3.962  
      datapath_module/alu_module/mul_44_34/g12777                 -             HS65_LS_FA1X9     0.000   4.084    3.962  
      datapath_module/alu_module/mul_44_34/g12777                 CI v -> CO v  HS65_LS_FA1X9     0.097   4.181    4.059  
      datapath_module/alu_module/mul_44_34/g12776                 -             HS65_LS_FA1X9     0.000   4.181    4.059  
      datapath_module/alu_module/mul_44_34/g12776                 CI v -> CO v  HS65_LS_FA1X9     0.090   4.271    4.149  
      datapath_module/alu_module/mul_44_34/g12775                 -             HS65_LS_FA1X9     0.000   4.271    4.149  
      datapath_module/alu_module/mul_44_34/g12775                 CI v -> CO v  HS65_LS_FA1X9     0.090   4.360    4.238  
      datapath_module/alu_module/mul_44_34/g12774                 -             HS65_LS_FA1X9     0.000   4.360    4.238  
      datapath_module/alu_module/mul_44_34/g12774                 CI v -> CO v  HS65_LS_FA1X9     0.090   4.450    4.328  
      datapath_module/alu_module/mul_44_34/g12773                 -             HS65_LS_FA1X9     0.000   4.450    4.328  
      datapath_module/alu_module/mul_44_34/g12773                 CI v -> CO v  HS65_LS_FA1X9     0.090   4.540    4.418  
      datapath_module/alu_module/mul_44_34/g12772                 -             HS65_LS_FA1X9     0.000   4.540    4.418  
      datapath_module/alu_module/mul_44_34/g12772                 CI v -> CO v  HS65_LS_FA1X9     0.090   4.629    4.507  
      datapath_module/alu_module/mul_44_34/g12771                 -             HS65_LS_FA1X9     0.000   4.629    4.507  
      datapath_module/alu_module/mul_44_34/g12771                 CI v -> CO v  HS65_LS_FA1X9     0.090   4.719    4.597  
      datapath_module/alu_module/mul_44_34/g12770                 -             HS65_LS_FA1X9     0.000   4.719    4.597  
      datapath_module/alu_module/mul_44_34/g12770                 CI v -> CO v  HS65_LS_FA1X9     0.090   4.808    4.686  
      datapath_module/alu_module/mul_44_34/g12769                 -             HS65_LS_FA1X9     0.000   4.808    4.686  
      datapath_module/alu_module/mul_44_34/g12769                 CI v -> CO v  HS65_LS_FA1X9     0.090   4.898    4.776  
      datapath_module/alu_module/mul_44_34/g12768                 -             HS65_LS_FA1X9     0.000   4.898    4.776  
      datapath_module/alu_module/mul_44_34/g12768                 CI v -> CO v  HS65_LS_FA1X9     0.090   4.988    4.866  
      datapath_module/alu_module/mul_44_34/g12767                 -             HS65_LS_FA1X9     0.000   4.988    4.866  
      datapath_module/alu_module/mul_44_34/g12767                 CI v -> CO v  HS65_LS_FA1X9     0.087   5.074    4.952  
      datapath_module/alu_module/mul_44_34/g12766                 -             HS65_LS_FA1X4     0.000   5.074    4.952  
      datapath_module/alu_module/mul_44_34/g12766                 CI v -> S0 ^  HS65_LS_FA1X4     0.159   5.233    5.111  
      datapath_module/alu_module/g6799                            -             HS65_LS_AO112X18  0.000   5.233    5.111  
      datapath_module/alu_module/g6799                            B ^ -> Z ^    HS65_LS_AO112X18  0.140   5.373    5.252  
      datapath_module/reg_file_module/reg_memory_reg[5][30]416    -             HS65_LS_SDFPHQX9  0.020   5.393    5.271  
      ---------------------------------------------------------------------------------------------------------------------
     Clock Rise Edge                      0.000
     = Beginpoint Arrival Time            0.000
     Other End Path:
      -----------------------------------------------------------------------------------------------------------------
      Instance                                                  Arc         Cell              Retime  Arrival  Required  
                                                                                              Delay   Time     Time  
      -----------------------------------------------------------------------------------------------------------------
      -                                                         clock ^     -                 -       0.000    0.122  
      CTS_ccl_a_buf_00036                                       -           HS65_LS_BFX284    0.000   0.000    0.122  
      CTS_ccl_a_buf_00036                                       A ^ -> Z ^  HS65_LS_BFX284    0.000   0.000    0.122  
      datapath_module/reg_file_module/CTS_ccl_a_buf_00021       -           HS65_LS_BFX284    0.000   0.000    0.122  
      datapath_module/reg_file_module/CTS_ccl_a_buf_00021       A ^ -> Z ^  HS65_LS_BFX284    0.000   0.000    0.122  
      datapath_module/reg_file_module/reg_memory_reg[5][30]416  -           HS65_LS_SDFPHQX9  0.000   0.000    0.122  
      -----------------------------------------------------------------------------------------------------------------
Path 38: VIOLATED Setup Check with Pin datapath_module/reg_file_module/reg_memory_reg[4][30]352/CP 
Endpoint:   datapath_module/reg_file_module/reg_memory_reg[4][30]352/D (^) checked with  leading edge of 'clock'
Beginpoint: IFU_module/PC_reg[3]/Q                                     (^) triggered by  leading edge of 'clock'
Path Groups: {clock}
Retime Analysis { Data Path-Slew }
Other End Arrival Time          0.000
- Setup                        -0.171
+ Phase Shift                   7.100
- Uncertainty                   2.000
= Required Time                 5.271
- Arrival Time                  5.393
= Slack Time                   -0.122
= Slack Time(original)         -0.158
     Clock Rise Edge                      0.000
     = Beginpoint Arrival Time            0.000
     Timing Path:
      ---------------------------------------------------------------------------------------------------------------------
      Instance                                                    Arc           Cell              Retime  Arrival  Required  
                                                                                                  Delay   Time     Time  
      ---------------------------------------------------------------------------------------------------------------------
      -                                                           clock ^       -                 -       0.000    -0.122  
      CTS_ccl_a_buf_00036                                         -             HS65_LS_BFX284    0.000   0.000    -0.122  
      CTS_ccl_a_buf_00036                                         A ^ -> Z ^    HS65_LS_BFX284    0.000   0.000    -0.122  
      CTS_ccl_a_buf_00025                                         -             HS65_LS_BFX284    0.000   0.000    -0.122  
      CTS_ccl_a_buf_00025                                         A ^ -> Z ^    HS65_LS_BFX284    0.000   0.000    -0.122  
      IFU_module/PC_reg[3]                                        -             HS65_LS_SDFPRQX4  0.000   0.000    -0.122  
      IFU_module/PC_reg[3]                                        CP ^ -> Q ^   HS65_LS_SDFPRQX4  0.842   0.842    0.720  
      IFU_module/instr_mem/FE_OFC25_instruction_code_22           -             HS65_LS_IVX7      0.004   0.845    0.723  
      IFU_module/instr_mem/FE_OFC25_instruction_code_22           A ^ -> Z v    HS65_LS_IVX7      0.078   0.923    0.801  
      IFU_module/instr_mem/g723                                   -             HS65_LS_AO22X9    0.000   0.923    0.801  
      IFU_module/instr_mem/g723                                   D v -> Z v    HS65_LS_AO22X9    0.127   1.050    0.928  
      datapath_module/reg_file_module/g21715                      -             HS65_LS_NOR2X6    0.001   1.052    0.930  
      datapath_module/reg_file_module/g21715                      B v -> Z ^    HS65_LS_NOR2X6    0.074   1.126    1.004  
      datapath_module/reg_file_module/g21954                      -             HS65_LS_NOR2AX3   0.000   1.126    1.004  
      datapath_module/reg_file_module/g21954                      A ^ -> Z ^    HS65_LS_NOR2AX3   0.157   1.283    1.161  
      datapath_module/reg_file_module/FE_RC_119_0                 -             HS65_LS_NOR2X6    0.000   1.283    1.161  
      datapath_module/reg_file_module/FE_RC_119_0                 A ^ -> Z v    HS65_LS_NOR2X6    0.058   1.341    1.219  
      datapath_module/reg_file_module/g21186                      -             HS65_LS_AND2X4    0.000   1.341    1.219  
      datapath_module/reg_file_module/g21186                      B v -> Z v    HS65_LS_AND2X4    0.062   1.403    1.281  
      datapath_module/reg_file_module/g21955                      -             HS65_LS_OR3ABCX9  0.000   1.403    1.281  
      datapath_module/reg_file_module/g21955                      C v -> Z ^    HS65_LS_OR3ABCX9  0.190   1.593    1.471  
      datapath_module/alu_module/mul_44_34/FE_OFC21_read_data2_1  -             HS65_LS_BFX9      0.010   1.603    1.481  
      datapath_module/alu_module/mul_44_34/FE_OFC21_read_data2_1  A ^ -> Z ^    HS65_LS_BFX9      0.234   1.837    1.715  
      datapath_module/alu_module/mul_44_34/FE_OFC23_read_data2_1  -             HS65_LS_IVX9      0.009   1.846    1.724  
      datapath_module/alu_module/mul_44_34/FE_OFC23_read_data2_1  A ^ -> Z v    HS65_LS_IVX9      0.216   2.062    1.940  
      datapath_module/alu_module/mul_44_34/g12328                 -             HS65_LS_OAI22X6   0.009   2.071    1.949  
      datapath_module/alu_module/mul_44_34/g12328                 D v -> Z ^    HS65_LS_OAI22X6   0.106   2.177    2.055  
      datapath_module/alu_module/mul_44_34/g12765                 -             HS65_LS_AO22X9    0.000   2.177    2.055  
      datapath_module/alu_module/mul_44_34/g12765                 D ^ -> Z ^    HS65_LS_AO22X9    0.087   2.264    2.142  
      datapath_module/alu_module/mul_44_34/g11783                 -             HS65_LS_FA1X4     0.000   2.264    2.142  
      datapath_module/alu_module/mul_44_34/g11783                 B0 ^ -> S0 v  HS65_LS_FA1X4     0.147   2.411    2.289  
      datapath_module/alu_module/mul_44_34/g11716                 -             HS65_LS_FA1X4     0.000   2.411    2.289  
      datapath_module/alu_module/mul_44_34/g11716                 B0 v -> CO v  HS65_LS_FA1X4     0.121   2.532    2.410  
      datapath_module/alu_module/mul_44_34/g11693                 -             HS65_LS_FA1X4     0.000   2.532    2.410  
      datapath_module/alu_module/mul_44_34/g11693                 CI v -> CO v  HS65_LS_FA1X4     0.126   2.658    2.536  
      datapath_module/alu_module/mul_44_34/g12747                 -             HS65_LS_PAO2X9    0.000   2.658    2.537  
      datapath_module/alu_module/mul_44_34/g12747                 P v -> Z v    HS65_LS_PAO2X9    0.083   2.742    2.620  
      datapath_module/alu_module/mul_44_34/g11662                 -             HS65_LS_FA1X4     0.000   2.742    2.620  
      datapath_module/alu_module/mul_44_34/g11662                 CI v -> CO v  HS65_LS_FA1X4     0.104   2.845    2.724  
      datapath_module/alu_module/mul_44_34/g11650                 -             HS65_LS_FA1X4     0.000   2.845    2.724  
      datapath_module/alu_module/mul_44_34/g11650                 CI v -> CO v  HS65_LS_FA1X4     0.112   2.957    2.836  
      datapath_module/alu_module/mul_44_34/g12784                 -             HS65_LS_FA1X4     0.000   2.957    2.836  
      datapath_module/alu_module/mul_44_34/g12784                 CI v -> CO v  HS65_LS_FA1X4     0.112   3.070    2.948  
      datapath_module/alu_module/mul_44_34/g11632                 -             HS65_LS_FA1X4     0.000   3.070    2.948  
      datapath_module/alu_module/mul_44_34/g11632                 CI v -> CO v  HS65_LS_FA1X4     0.112   3.182    3.060  
      datapath_module/alu_module/mul_44_34/g11624                 -             HS65_LS_FA1X4     0.000   3.182    3.060  
      datapath_module/alu_module/mul_44_34/g11624                 CI v -> CO v  HS65_LS_FA1X4     0.112   3.294    3.172  
      datapath_module/alu_module/mul_44_34/g11617                 -             HS65_LS_FA1X4     0.000   3.294    3.172  
      datapath_module/alu_module/mul_44_34/g11617                 CI v -> CO v  HS65_LS_FA1X4     0.112   3.406    3.284  
      datapath_module/alu_module/mul_44_34/g12783                 -             HS65_LS_FA1X4     0.000   3.406    3.284  
      datapath_module/alu_module/mul_44_34/g12783                 CI v -> CO v  HS65_LS_FA1X4     0.112   3.518    3.396  
      datapath_module/alu_module/mul_44_34/g12782                 -             HS65_LS_FA1X4     0.000   3.518    3.396  
      datapath_module/alu_module/mul_44_34/g12782                 CI v -> CO v  HS65_LS_FA1X4     0.112   3.630    3.508  
      datapath_module/alu_module/mul_44_34/g12781                 -             HS65_LS_FA1X4     0.000   3.630    3.508  
      datapath_module/alu_module/mul_44_34/g12781                 CI v -> CO v  HS65_LS_FA1X4     0.112   3.742    3.620  
      datapath_module/alu_module/mul_44_34/g12780                 -             HS65_LS_FA1X4     0.000   3.742    3.620  
      datapath_module/alu_module/mul_44_34/g12780                 CI v -> CO v  HS65_LS_FA1X4     0.112   3.854    3.732  
      datapath_module/alu_module/mul_44_34/g12779                 -             HS65_LS_FA1X4     0.000   3.854    3.732  
      datapath_module/alu_module/mul_44_34/g12779                 CI v -> CO v  HS65_LS_FA1X4     0.112   3.966    3.844  
      datapath_module/alu_module/mul_44_34/g12778                 -             HS65_LS_FA1X4     0.000   3.966    3.844  
      datapath_module/alu_module/mul_44_34/g12778                 CI v -> CO v  HS65_LS_FA1X4     0.117   4.083    3.962  
      datapath_module/alu_module/mul_44_34/g12777                 -             HS65_LS_FA1X9     0.000   4.084    3.962  
      datapath_module/alu_module/mul_44_34/g12777                 CI v -> CO v  HS65_LS_FA1X9     0.097   4.181    4.059  
      datapath_module/alu_module/mul_44_34/g12776                 -             HS65_LS_FA1X9     0.000   4.181    4.059  
      datapath_module/alu_module/mul_44_34/g12776                 CI v -> CO v  HS65_LS_FA1X9     0.090   4.271    4.149  
      datapath_module/alu_module/mul_44_34/g12775                 -             HS65_LS_FA1X9     0.000   4.271    4.149  
      datapath_module/alu_module/mul_44_34/g12775                 CI v -> CO v  HS65_LS_FA1X9     0.090   4.360    4.238  
      datapath_module/alu_module/mul_44_34/g12774                 -             HS65_LS_FA1X9     0.000   4.360    4.238  
      datapath_module/alu_module/mul_44_34/g12774                 CI v -> CO v  HS65_LS_FA1X9     0.090   4.450    4.328  
      datapath_module/alu_module/mul_44_34/g12773                 -             HS65_LS_FA1X9     0.000   4.450    4.328  
      datapath_module/alu_module/mul_44_34/g12773                 CI v -> CO v  HS65_LS_FA1X9     0.090   4.540    4.418  
      datapath_module/alu_module/mul_44_34/g12772                 -             HS65_LS_FA1X9     0.000   4.540    4.418  
      datapath_module/alu_module/mul_44_34/g12772                 CI v -> CO v  HS65_LS_FA1X9     0.090   4.629    4.507  
      datapath_module/alu_module/mul_44_34/g12771                 -             HS65_LS_FA1X9     0.000   4.629    4.507  
      datapath_module/alu_module/mul_44_34/g12771                 CI v -> CO v  HS65_LS_FA1X9     0.090   4.719    4.597  
      datapath_module/alu_module/mul_44_34/g12770                 -             HS65_LS_FA1X9     0.000   4.719    4.597  
      datapath_module/alu_module/mul_44_34/g12770                 CI v -> CO v  HS65_LS_FA1X9     0.090   4.808    4.686  
      datapath_module/alu_module/mul_44_34/g12769                 -             HS65_LS_FA1X9     0.000   4.808    4.686  
      datapath_module/alu_module/mul_44_34/g12769                 CI v -> CO v  HS65_LS_FA1X9     0.090   4.898    4.776  
      datapath_module/alu_module/mul_44_34/g12768                 -             HS65_LS_FA1X9     0.000   4.898    4.776  
      datapath_module/alu_module/mul_44_34/g12768                 CI v -> CO v  HS65_LS_FA1X9     0.090   4.988    4.866  
      datapath_module/alu_module/mul_44_34/g12767                 -             HS65_LS_FA1X9     0.000   4.988    4.866  
      datapath_module/alu_module/mul_44_34/g12767                 CI v -> CO v  HS65_LS_FA1X9     0.087   5.074    4.952  
      datapath_module/alu_module/mul_44_34/g12766                 -             HS65_LS_FA1X4     0.000   5.074    4.952  
      datapath_module/alu_module/mul_44_34/g12766                 CI v -> S0 ^  HS65_LS_FA1X4     0.159   5.233    5.111  
      datapath_module/alu_module/g6799                            -             HS65_LS_AO112X18  0.000   5.233    5.111  
      datapath_module/alu_module/g6799                            B ^ -> Z ^    HS65_LS_AO112X18  0.140   5.373    5.252  
      datapath_module/reg_file_module/reg_memory_reg[4][30]352    -             HS65_LS_SDFPHQX9  0.020   5.393    5.271  
      ---------------------------------------------------------------------------------------------------------------------
     Clock Rise Edge                      0.000
     = Beginpoint Arrival Time            0.000
     Other End Path:
      -----------------------------------------------------------------------------------------------------------------
      Instance                                                  Arc         Cell              Retime  Arrival  Required  
                                                                                              Delay   Time     Time  
      -----------------------------------------------------------------------------------------------------------------
      -                                                         clock ^     -                 -       0.000    0.122  
      CTS_ccl_a_buf_00036                                       -           HS65_LS_BFX284    0.000   0.000    0.122  
      CTS_ccl_a_buf_00036                                       A ^ -> Z ^  HS65_LS_BFX284    0.000   0.000    0.122  
      datapath_module/reg_file_module/CTS_ccl_a_buf_00029       -           HS65_LS_BFX284    0.000   0.000    0.122  
      datapath_module/reg_file_module/CTS_ccl_a_buf_00029       A ^ -> Z ^  HS65_LS_BFX284    0.000   0.000    0.122  
      datapath_module/reg_file_module/reg_memory_reg[4][30]352  -           HS65_LS_SDFPHQX9  0.000   0.000    0.122  
      -----------------------------------------------------------------------------------------------------------------
Path 39: VIOLATED Setup Check with Pin datapath_module/reg_file_module/reg_memory_reg[3][30]288/CP 
Endpoint:   datapath_module/reg_file_module/reg_memory_reg[3][30]288/D (^) checked with  leading edge of 'clock'
Beginpoint: IFU_module/PC_reg[3]/Q                                     (^) triggered by  leading edge of 'clock'
Path Groups: {clock}
Retime Analysis { Data Path-Slew }
Other End Arrival Time          0.000
- Setup                        -0.171
+ Phase Shift                   7.100
- Uncertainty                   2.000
= Required Time                 5.271
- Arrival Time                  5.393
= Slack Time                   -0.122
= Slack Time(original)         -0.158
     Clock Rise Edge                      0.000
     = Beginpoint Arrival Time            0.000
     Timing Path:
      ---------------------------------------------------------------------------------------------------------------------
      Instance                                                    Arc           Cell              Retime  Arrival  Required  
                                                                                                  Delay   Time     Time  
      ---------------------------------------------------------------------------------------------------------------------
      -                                                           clock ^       -                 -       0.000    -0.122  
      CTS_ccl_a_buf_00036                                         -             HS65_LS_BFX284    0.000   0.000    -0.122  
      CTS_ccl_a_buf_00036                                         A ^ -> Z ^    HS65_LS_BFX284    0.000   0.000    -0.122  
      CTS_ccl_a_buf_00025                                         -             HS65_LS_BFX284    0.000   0.000    -0.122  
      CTS_ccl_a_buf_00025                                         A ^ -> Z ^    HS65_LS_BFX284    0.000   0.000    -0.122  
      IFU_module/PC_reg[3]                                        -             HS65_LS_SDFPRQX4  0.000   0.000    -0.122  
      IFU_module/PC_reg[3]                                        CP ^ -> Q ^   HS65_LS_SDFPRQX4  0.842   0.842    0.720  
      IFU_module/instr_mem/FE_OFC25_instruction_code_22           -             HS65_LS_IVX7      0.004   0.845    0.723  
      IFU_module/instr_mem/FE_OFC25_instruction_code_22           A ^ -> Z v    HS65_LS_IVX7      0.078   0.923    0.801  
      IFU_module/instr_mem/g723                                   -             HS65_LS_AO22X9    0.000   0.923    0.801  
      IFU_module/instr_mem/g723                                   D v -> Z v    HS65_LS_AO22X9    0.127   1.050    0.928  
      datapath_module/reg_file_module/g21715                      -             HS65_LS_NOR2X6    0.001   1.052    0.930  
      datapath_module/reg_file_module/g21715                      B v -> Z ^    HS65_LS_NOR2X6    0.074   1.126    1.004  
      datapath_module/reg_file_module/g21954                      -             HS65_LS_NOR2AX3   0.000   1.126    1.004  
      datapath_module/reg_file_module/g21954                      A ^ -> Z ^    HS65_LS_NOR2AX3   0.157   1.283    1.161  
      datapath_module/reg_file_module/FE_RC_119_0                 -             HS65_LS_NOR2X6    0.000   1.283    1.161  
      datapath_module/reg_file_module/FE_RC_119_0                 A ^ -> Z v    HS65_LS_NOR2X6    0.058   1.341    1.219  
      datapath_module/reg_file_module/g21186                      -             HS65_LS_AND2X4    0.000   1.341    1.219  
      datapath_module/reg_file_module/g21186                      B v -> Z v    HS65_LS_AND2X4    0.062   1.403    1.281  
      datapath_module/reg_file_module/g21955                      -             HS65_LS_OR3ABCX9  0.000   1.403    1.281  
      datapath_module/reg_file_module/g21955                      C v -> Z ^    HS65_LS_OR3ABCX9  0.190   1.593    1.471  
      datapath_module/alu_module/mul_44_34/FE_OFC21_read_data2_1  -             HS65_LS_BFX9      0.010   1.603    1.481  
      datapath_module/alu_module/mul_44_34/FE_OFC21_read_data2_1  A ^ -> Z ^    HS65_LS_BFX9      0.234   1.837    1.715  
      datapath_module/alu_module/mul_44_34/FE_OFC23_read_data2_1  -             HS65_LS_IVX9      0.009   1.846    1.724  
      datapath_module/alu_module/mul_44_34/FE_OFC23_read_data2_1  A ^ -> Z v    HS65_LS_IVX9      0.216   2.062    1.940  
      datapath_module/alu_module/mul_44_34/g12328                 -             HS65_LS_OAI22X6   0.009   2.071    1.949  
      datapath_module/alu_module/mul_44_34/g12328                 D v -> Z ^    HS65_LS_OAI22X6   0.106   2.177    2.055  
      datapath_module/alu_module/mul_44_34/g12765                 -             HS65_LS_AO22X9    0.000   2.177    2.055  
      datapath_module/alu_module/mul_44_34/g12765                 D ^ -> Z ^    HS65_LS_AO22X9    0.087   2.264    2.142  
      datapath_module/alu_module/mul_44_34/g11783                 -             HS65_LS_FA1X4     0.000   2.264    2.142  
      datapath_module/alu_module/mul_44_34/g11783                 B0 ^ -> S0 v  HS65_LS_FA1X4     0.147   2.411    2.289  
      datapath_module/alu_module/mul_44_34/g11716                 -             HS65_LS_FA1X4     0.000   2.411    2.289  
      datapath_module/alu_module/mul_44_34/g11716                 B0 v -> CO v  HS65_LS_FA1X4     0.121   2.532    2.410  
      datapath_module/alu_module/mul_44_34/g11693                 -             HS65_LS_FA1X4     0.000   2.532    2.410  
      datapath_module/alu_module/mul_44_34/g11693                 CI v -> CO v  HS65_LS_FA1X4     0.126   2.658    2.536  
      datapath_module/alu_module/mul_44_34/g12747                 -             HS65_LS_PAO2X9    0.000   2.658    2.537  
      datapath_module/alu_module/mul_44_34/g12747                 P v -> Z v    HS65_LS_PAO2X9    0.083   2.742    2.620  
      datapath_module/alu_module/mul_44_34/g11662                 -             HS65_LS_FA1X4     0.000   2.742    2.620  
      datapath_module/alu_module/mul_44_34/g11662                 CI v -> CO v  HS65_LS_FA1X4     0.104   2.845    2.724  
      datapath_module/alu_module/mul_44_34/g11650                 -             HS65_LS_FA1X4     0.000   2.845    2.724  
      datapath_module/alu_module/mul_44_34/g11650                 CI v -> CO v  HS65_LS_FA1X4     0.112   2.957    2.836  
      datapath_module/alu_module/mul_44_34/g12784                 -             HS65_LS_FA1X4     0.000   2.957    2.836  
      datapath_module/alu_module/mul_44_34/g12784                 CI v -> CO v  HS65_LS_FA1X4     0.112   3.070    2.948  
      datapath_module/alu_module/mul_44_34/g11632                 -             HS65_LS_FA1X4     0.000   3.070    2.948  
      datapath_module/alu_module/mul_44_34/g11632                 CI v -> CO v  HS65_LS_FA1X4     0.112   3.182    3.060  
      datapath_module/alu_module/mul_44_34/g11624                 -             HS65_LS_FA1X4     0.000   3.182    3.060  
      datapath_module/alu_module/mul_44_34/g11624                 CI v -> CO v  HS65_LS_FA1X4     0.112   3.294    3.172  
      datapath_module/alu_module/mul_44_34/g11617                 -             HS65_LS_FA1X4     0.000   3.294    3.172  
      datapath_module/alu_module/mul_44_34/g11617                 CI v -> CO v  HS65_LS_FA1X4     0.112   3.406    3.284  
      datapath_module/alu_module/mul_44_34/g12783                 -             HS65_LS_FA1X4     0.000   3.406    3.284  
      datapath_module/alu_module/mul_44_34/g12783                 CI v -> CO v  HS65_LS_FA1X4     0.112   3.518    3.396  
      datapath_module/alu_module/mul_44_34/g12782                 -             HS65_LS_FA1X4     0.000   3.518    3.396  
      datapath_module/alu_module/mul_44_34/g12782                 CI v -> CO v  HS65_LS_FA1X4     0.112   3.630    3.508  
      datapath_module/alu_module/mul_44_34/g12781                 -             HS65_LS_FA1X4     0.000   3.630    3.508  
      datapath_module/alu_module/mul_44_34/g12781                 CI v -> CO v  HS65_LS_FA1X4     0.112   3.742    3.620  
      datapath_module/alu_module/mul_44_34/g12780                 -             HS65_LS_FA1X4     0.000   3.742    3.620  
      datapath_module/alu_module/mul_44_34/g12780                 CI v -> CO v  HS65_LS_FA1X4     0.112   3.854    3.732  
      datapath_module/alu_module/mul_44_34/g12779                 -             HS65_LS_FA1X4     0.000   3.854    3.732  
      datapath_module/alu_module/mul_44_34/g12779                 CI v -> CO v  HS65_LS_FA1X4     0.112   3.966    3.844  
      datapath_module/alu_module/mul_44_34/g12778                 -             HS65_LS_FA1X4     0.000   3.966    3.844  
      datapath_module/alu_module/mul_44_34/g12778                 CI v -> CO v  HS65_LS_FA1X4     0.117   4.083    3.962  
      datapath_module/alu_module/mul_44_34/g12777                 -             HS65_LS_FA1X9     0.000   4.084    3.962  
      datapath_module/alu_module/mul_44_34/g12777                 CI v -> CO v  HS65_LS_FA1X9     0.097   4.181    4.059  
      datapath_module/alu_module/mul_44_34/g12776                 -             HS65_LS_FA1X9     0.000   4.181    4.059  
      datapath_module/alu_module/mul_44_34/g12776                 CI v -> CO v  HS65_LS_FA1X9     0.090   4.271    4.149  
      datapath_module/alu_module/mul_44_34/g12775                 -             HS65_LS_FA1X9     0.000   4.271    4.149  
      datapath_module/alu_module/mul_44_34/g12775                 CI v -> CO v  HS65_LS_FA1X9     0.090   4.360    4.238  
      datapath_module/alu_module/mul_44_34/g12774                 -             HS65_LS_FA1X9     0.000   4.360    4.238  
      datapath_module/alu_module/mul_44_34/g12774                 CI v -> CO v  HS65_LS_FA1X9     0.090   4.450    4.328  
      datapath_module/alu_module/mul_44_34/g12773                 -             HS65_LS_FA1X9     0.000   4.450    4.328  
      datapath_module/alu_module/mul_44_34/g12773                 CI v -> CO v  HS65_LS_FA1X9     0.090   4.540    4.418  
      datapath_module/alu_module/mul_44_34/g12772                 -             HS65_LS_FA1X9     0.000   4.540    4.418  
      datapath_module/alu_module/mul_44_34/g12772                 CI v -> CO v  HS65_LS_FA1X9     0.090   4.629    4.507  
      datapath_module/alu_module/mul_44_34/g12771                 -             HS65_LS_FA1X9     0.000   4.629    4.507  
      datapath_module/alu_module/mul_44_34/g12771                 CI v -> CO v  HS65_LS_FA1X9     0.090   4.719    4.597  
      datapath_module/alu_module/mul_44_34/g12770                 -             HS65_LS_FA1X9     0.000   4.719    4.597  
      datapath_module/alu_module/mul_44_34/g12770                 CI v -> CO v  HS65_LS_FA1X9     0.090   4.808    4.686  
      datapath_module/alu_module/mul_44_34/g12769                 -             HS65_LS_FA1X9     0.000   4.808    4.686  
      datapath_module/alu_module/mul_44_34/g12769                 CI v -> CO v  HS65_LS_FA1X9     0.090   4.898    4.776  
      datapath_module/alu_module/mul_44_34/g12768                 -             HS65_LS_FA1X9     0.000   4.898    4.776  
      datapath_module/alu_module/mul_44_34/g12768                 CI v -> CO v  HS65_LS_FA1X9     0.090   4.988    4.866  
      datapath_module/alu_module/mul_44_34/g12767                 -             HS65_LS_FA1X9     0.000   4.988    4.866  
      datapath_module/alu_module/mul_44_34/g12767                 CI v -> CO v  HS65_LS_FA1X9     0.087   5.074    4.952  
      datapath_module/alu_module/mul_44_34/g12766                 -             HS65_LS_FA1X4     0.000   5.074    4.952  
      datapath_module/alu_module/mul_44_34/g12766                 CI v -> S0 ^  HS65_LS_FA1X4     0.159   5.233    5.111  
      datapath_module/alu_module/g6799                            -             HS65_LS_AO112X18  0.000   5.233    5.111  
      datapath_module/alu_module/g6799                            B ^ -> Z ^    HS65_LS_AO112X18  0.140   5.373    5.252  
      datapath_module/reg_file_module/reg_memory_reg[3][30]288    -             HS65_LS_SDFPHQX9  0.020   5.393    5.271  
      ---------------------------------------------------------------------------------------------------------------------
     Clock Rise Edge                      0.000
     = Beginpoint Arrival Time            0.000
     Other End Path:
      -----------------------------------------------------------------------------------------------------------------
      Instance                                                  Arc         Cell              Retime  Arrival  Required  
                                                                                              Delay   Time     Time  
      -----------------------------------------------------------------------------------------------------------------
      -                                                         clock ^     -                 -       0.000    0.122  
      CTS_ccl_a_buf_00036                                       -           HS65_LS_BFX284    0.000   0.000    0.122  
      CTS_ccl_a_buf_00036                                       A ^ -> Z ^  HS65_LS_BFX284    0.000   0.000    0.122  
      CTS_ccl_a_buf_00025                                       -           HS65_LS_BFX284    0.000   0.000    0.122  
      CTS_ccl_a_buf_00025                                       A ^ -> Z ^  HS65_LS_BFX284    0.000   0.000    0.122  
      datapath_module/reg_file_module/reg_memory_reg[3][30]288  -           HS65_LS_SDFPHQX9  0.000   0.000    0.122  
      -----------------------------------------------------------------------------------------------------------------
Path 40: VIOLATED Setup Check with Pin datapath_module/reg_file_module/reg_memory_reg[31][30]2080/CP 
Endpoint:   datapath_module/reg_file_module/reg_memory_reg[31][30]2080/D (^) checked with  leading edge of 'clock'
Beginpoint: IFU_module/PC_reg[3]/Q                                       (^) triggered by  leading edge of 'clock'
Path Groups: {clock}
Retime Analysis { Data Path-Slew }
Other End Arrival Time          0.000
- Setup                        -0.171
+ Phase Shift                   7.100
- Uncertainty                   2.000
= Required Time                 5.271
- Arrival Time                  5.393
= Slack Time                   -0.122
= Slack Time(original)         -0.158
     Clock Rise Edge                      0.000
     = Beginpoint Arrival Time            0.000
     Timing Path:
      ---------------------------------------------------------------------------------------------------------------------
      Instance                                                    Arc           Cell              Retime  Arrival  Required  
                                                                                                  Delay   Time     Time  
      ---------------------------------------------------------------------------------------------------------------------
      -                                                           clock ^       -                 -       0.000    -0.122  
      CTS_ccl_a_buf_00036                                         -             HS65_LS_BFX284    0.000   0.000    -0.122  
      CTS_ccl_a_buf_00036                                         A ^ -> Z ^    HS65_LS_BFX284    0.000   0.000    -0.122  
      CTS_ccl_a_buf_00025                                         -             HS65_LS_BFX284    0.000   0.000    -0.122  
      CTS_ccl_a_buf_00025                                         A ^ -> Z ^    HS65_LS_BFX284    0.000   0.000    -0.122  
      IFU_module/PC_reg[3]                                        -             HS65_LS_SDFPRQX4  0.000   0.000    -0.122  
      IFU_module/PC_reg[3]                                        CP ^ -> Q ^   HS65_LS_SDFPRQX4  0.842   0.842    0.720  
      IFU_module/instr_mem/FE_OFC25_instruction_code_22           -             HS65_LS_IVX7      0.004   0.845    0.723  
      IFU_module/instr_mem/FE_OFC25_instruction_code_22           A ^ -> Z v    HS65_LS_IVX7      0.078   0.923    0.801  
      IFU_module/instr_mem/g723                                   -             HS65_LS_AO22X9    0.000   0.923    0.801  
      IFU_module/instr_mem/g723                                   D v -> Z v    HS65_LS_AO22X9    0.127   1.050    0.928  
      datapath_module/reg_file_module/g21715                      -             HS65_LS_NOR2X6    0.001   1.052    0.930  
      datapath_module/reg_file_module/g21715                      B v -> Z ^    HS65_LS_NOR2X6    0.074   1.126    1.004  
      datapath_module/reg_file_module/g21954                      -             HS65_LS_NOR2AX3   0.000   1.126    1.004  
      datapath_module/reg_file_module/g21954                      A ^ -> Z ^    HS65_LS_NOR2AX3   0.157   1.283    1.161  
      datapath_module/reg_file_module/FE_RC_119_0                 -             HS65_LS_NOR2X6    0.000   1.283    1.161  
      datapath_module/reg_file_module/FE_RC_119_0                 A ^ -> Z v    HS65_LS_NOR2X6    0.058   1.341    1.219  
      datapath_module/reg_file_module/g21186                      -             HS65_LS_AND2X4    0.000   1.341    1.219  
      datapath_module/reg_file_module/g21186                      B v -> Z v    HS65_LS_AND2X4    0.062   1.403    1.281  
      datapath_module/reg_file_module/g21955                      -             HS65_LS_OR3ABCX9  0.000   1.403    1.281  
      datapath_module/reg_file_module/g21955                      C v -> Z ^    HS65_LS_OR3ABCX9  0.190   1.593    1.471  
      datapath_module/alu_module/mul_44_34/FE_OFC21_read_data2_1  -             HS65_LS_BFX9      0.010   1.603    1.481  
      datapath_module/alu_module/mul_44_34/FE_OFC21_read_data2_1  A ^ -> Z ^    HS65_LS_BFX9      0.234   1.837    1.715  
      datapath_module/alu_module/mul_44_34/FE_OFC23_read_data2_1  -             HS65_LS_IVX9      0.009   1.846    1.724  
      datapath_module/alu_module/mul_44_34/FE_OFC23_read_data2_1  A ^ -> Z v    HS65_LS_IVX9      0.216   2.062    1.940  
      datapath_module/alu_module/mul_44_34/g12328                 -             HS65_LS_OAI22X6   0.009   2.071    1.949  
      datapath_module/alu_module/mul_44_34/g12328                 D v -> Z ^    HS65_LS_OAI22X6   0.106   2.177    2.055  
      datapath_module/alu_module/mul_44_34/g12765                 -             HS65_LS_AO22X9    0.000   2.177    2.055  
      datapath_module/alu_module/mul_44_34/g12765                 D ^ -> Z ^    HS65_LS_AO22X9    0.087   2.264    2.142  
      datapath_module/alu_module/mul_44_34/g11783                 -             HS65_LS_FA1X4     0.000   2.264    2.142  
      datapath_module/alu_module/mul_44_34/g11783                 B0 ^ -> S0 v  HS65_LS_FA1X4     0.147   2.411    2.289  
      datapath_module/alu_module/mul_44_34/g11716                 -             HS65_LS_FA1X4     0.000   2.411    2.289  
      datapath_module/alu_module/mul_44_34/g11716                 B0 v -> CO v  HS65_LS_FA1X4     0.121   2.532    2.410  
      datapath_module/alu_module/mul_44_34/g11693                 -             HS65_LS_FA1X4     0.000   2.532    2.410  
      datapath_module/alu_module/mul_44_34/g11693                 CI v -> CO v  HS65_LS_FA1X4     0.126   2.658    2.536  
      datapath_module/alu_module/mul_44_34/g12747                 -             HS65_LS_PAO2X9    0.000   2.658    2.537  
      datapath_module/alu_module/mul_44_34/g12747                 P v -> Z v    HS65_LS_PAO2X9    0.083   2.742    2.620  
      datapath_module/alu_module/mul_44_34/g11662                 -             HS65_LS_FA1X4     0.000   2.742    2.620  
      datapath_module/alu_module/mul_44_34/g11662                 CI v -> CO v  HS65_LS_FA1X4     0.104   2.845    2.724  
      datapath_module/alu_module/mul_44_34/g11650                 -             HS65_LS_FA1X4     0.000   2.845    2.724  
      datapath_module/alu_module/mul_44_34/g11650                 CI v -> CO v  HS65_LS_FA1X4     0.112   2.957    2.836  
      datapath_module/alu_module/mul_44_34/g12784                 -             HS65_LS_FA1X4     0.000   2.957    2.836  
      datapath_module/alu_module/mul_44_34/g12784                 CI v -> CO v  HS65_LS_FA1X4     0.112   3.070    2.948  
      datapath_module/alu_module/mul_44_34/g11632                 -             HS65_LS_FA1X4     0.000   3.070    2.948  
      datapath_module/alu_module/mul_44_34/g11632                 CI v -> CO v  HS65_LS_FA1X4     0.112   3.182    3.060  
      datapath_module/alu_module/mul_44_34/g11624                 -             HS65_LS_FA1X4     0.000   3.182    3.060  
      datapath_module/alu_module/mul_44_34/g11624                 CI v -> CO v  HS65_LS_FA1X4     0.112   3.294    3.172  
      datapath_module/alu_module/mul_44_34/g11617                 -             HS65_LS_FA1X4     0.000   3.294    3.172  
      datapath_module/alu_module/mul_44_34/g11617                 CI v -> CO v  HS65_LS_FA1X4     0.112   3.406    3.284  
      datapath_module/alu_module/mul_44_34/g12783                 -             HS65_LS_FA1X4     0.000   3.406    3.284  
      datapath_module/alu_module/mul_44_34/g12783                 CI v -> CO v  HS65_LS_FA1X4     0.112   3.518    3.396  
      datapath_module/alu_module/mul_44_34/g12782                 -             HS65_LS_FA1X4     0.000   3.518    3.396  
      datapath_module/alu_module/mul_44_34/g12782                 CI v -> CO v  HS65_LS_FA1X4     0.112   3.630    3.508  
      datapath_module/alu_module/mul_44_34/g12781                 -             HS65_LS_FA1X4     0.000   3.630    3.508  
      datapath_module/alu_module/mul_44_34/g12781                 CI v -> CO v  HS65_LS_FA1X4     0.112   3.742    3.620  
      datapath_module/alu_module/mul_44_34/g12780                 -             HS65_LS_FA1X4     0.000   3.742    3.620  
      datapath_module/alu_module/mul_44_34/g12780                 CI v -> CO v  HS65_LS_FA1X4     0.112   3.854    3.732  
      datapath_module/alu_module/mul_44_34/g12779                 -             HS65_LS_FA1X4     0.000   3.854    3.732  
      datapath_module/alu_module/mul_44_34/g12779                 CI v -> CO v  HS65_LS_FA1X4     0.112   3.966    3.844  
      datapath_module/alu_module/mul_44_34/g12778                 -             HS65_LS_FA1X4     0.000   3.966    3.844  
      datapath_module/alu_module/mul_44_34/g12778                 CI v -> CO v  HS65_LS_FA1X4     0.117   4.083    3.962  
      datapath_module/alu_module/mul_44_34/g12777                 -             HS65_LS_FA1X9     0.000   4.084    3.962  
      datapath_module/alu_module/mul_44_34/g12777                 CI v -> CO v  HS65_LS_FA1X9     0.097   4.181    4.059  
      datapath_module/alu_module/mul_44_34/g12776                 -             HS65_LS_FA1X9     0.000   4.181    4.059  
      datapath_module/alu_module/mul_44_34/g12776                 CI v -> CO v  HS65_LS_FA1X9     0.090   4.271    4.149  
      datapath_module/alu_module/mul_44_34/g12775                 -             HS65_LS_FA1X9     0.000   4.271    4.149  
      datapath_module/alu_module/mul_44_34/g12775                 CI v -> CO v  HS65_LS_FA1X9     0.090   4.360    4.238  
      datapath_module/alu_module/mul_44_34/g12774                 -             HS65_LS_FA1X9     0.000   4.360    4.238  
      datapath_module/alu_module/mul_44_34/g12774                 CI v -> CO v  HS65_LS_FA1X9     0.090   4.450    4.328  
      datapath_module/alu_module/mul_44_34/g12773                 -             HS65_LS_FA1X9     0.000   4.450    4.328  
      datapath_module/alu_module/mul_44_34/g12773                 CI v -> CO v  HS65_LS_FA1X9     0.090   4.540    4.418  
      datapath_module/alu_module/mul_44_34/g12772                 -             HS65_LS_FA1X9     0.000   4.540    4.418  
      datapath_module/alu_module/mul_44_34/g12772                 CI v -> CO v  HS65_LS_FA1X9     0.090   4.629    4.507  
      datapath_module/alu_module/mul_44_34/g12771                 -             HS65_LS_FA1X9     0.000   4.629    4.507  
      datapath_module/alu_module/mul_44_34/g12771                 CI v -> CO v  HS65_LS_FA1X9     0.090   4.719    4.597  
      datapath_module/alu_module/mul_44_34/g12770                 -             HS65_LS_FA1X9     0.000   4.719    4.597  
      datapath_module/alu_module/mul_44_34/g12770                 CI v -> CO v  HS65_LS_FA1X9     0.090   4.808    4.686  
      datapath_module/alu_module/mul_44_34/g12769                 -             HS65_LS_FA1X9     0.000   4.808    4.686  
      datapath_module/alu_module/mul_44_34/g12769                 CI v -> CO v  HS65_LS_FA1X9     0.090   4.898    4.776  
      datapath_module/alu_module/mul_44_34/g12768                 -             HS65_LS_FA1X9     0.000   4.898    4.776  
      datapath_module/alu_module/mul_44_34/g12768                 CI v -> CO v  HS65_LS_FA1X9     0.090   4.988    4.866  
      datapath_module/alu_module/mul_44_34/g12767                 -             HS65_LS_FA1X9     0.000   4.988    4.866  
      datapath_module/alu_module/mul_44_34/g12767                 CI v -> CO v  HS65_LS_FA1X9     0.087   5.074    4.952  
      datapath_module/alu_module/mul_44_34/g12766                 -             HS65_LS_FA1X4     0.000   5.074    4.952  
      datapath_module/alu_module/mul_44_34/g12766                 CI v -> S0 ^  HS65_LS_FA1X4     0.159   5.233    5.111  
      datapath_module/alu_module/g6799                            -             HS65_LS_AO112X18  0.000   5.233    5.111  
      datapath_module/alu_module/g6799                            B ^ -> Z ^    HS65_LS_AO112X18  0.140   5.373    5.252  
      datapath_module/reg_file_module/reg_memory_reg[31][30]2080  -             HS65_LS_SDFPHQX9  0.020   5.393    5.271  
      ---------------------------------------------------------------------------------------------------------------------
     Clock Rise Edge                      0.000
     = Beginpoint Arrival Time            0.000
     Other End Path:
      -------------------------------------------------------------------------------------------------------------------
      Instance                                                    Arc         Cell              Retime  Arrival  Required  
                                                                                                Delay   Time     Time  
      -------------------------------------------------------------------------------------------------------------------
      -                                                           clock ^     -                 -       0.000    0.122  
      CTS_ccl_a_buf_00036                                         -           HS65_LS_BFX284    0.000   0.000    0.122  
      CTS_ccl_a_buf_00036                                         A ^ -> Z ^  HS65_LS_BFX284    0.000   0.000    0.122  
      datapath_module/reg_file_module/CTS_ccl_a_buf_00033         -           HS65_LS_BFX284    0.000   0.000    0.122  
      datapath_module/reg_file_module/CTS_ccl_a_buf_00033         A ^ -> Z ^  HS65_LS_BFX284    0.000   0.000    0.122  
      datapath_module/reg_file_module/reg_memory_reg[31][30]2080  -           HS65_LS_SDFPHQX9  0.000   0.000    0.122  
      -------------------------------------------------------------------------------------------------------------------
Path 41: VIOLATED Setup Check with Pin datapath_module/reg_file_module/reg_memory_reg[30][30]2016/CP 
Endpoint:   datapath_module/reg_file_module/reg_memory_reg[30][30]2016/D (^) checked with  leading edge of 'clock'
Beginpoint: IFU_module/PC_reg[3]/Q                                       (^) triggered by  leading edge of 'clock'
Path Groups: {clock}
Retime Analysis { Data Path-Slew }
Other End Arrival Time          0.000
- Setup                        -0.171
+ Phase Shift                   7.100
- Uncertainty                   2.000
= Required Time                 5.271
- Arrival Time                  5.393
= Slack Time                   -0.122
= Slack Time(original)         -0.158
     Clock Rise Edge                      0.000
     = Beginpoint Arrival Time            0.000
     Timing Path:
      ---------------------------------------------------------------------------------------------------------------------
      Instance                                                    Arc           Cell              Retime  Arrival  Required  
                                                                                                  Delay   Time     Time  
      ---------------------------------------------------------------------------------------------------------------------
      -                                                           clock ^       -                 -       0.000    -0.122  
      CTS_ccl_a_buf_00036                                         -             HS65_LS_BFX284    0.000   0.000    -0.122  
      CTS_ccl_a_buf_00036                                         A ^ -> Z ^    HS65_LS_BFX284    0.000   0.000    -0.122  
      CTS_ccl_a_buf_00025                                         -             HS65_LS_BFX284    0.000   0.000    -0.122  
      CTS_ccl_a_buf_00025                                         A ^ -> Z ^    HS65_LS_BFX284    0.000   0.000    -0.122  
      IFU_module/PC_reg[3]                                        -             HS65_LS_SDFPRQX4  0.000   0.000    -0.122  
      IFU_module/PC_reg[3]                                        CP ^ -> Q ^   HS65_LS_SDFPRQX4  0.842   0.842    0.720  
      IFU_module/instr_mem/FE_OFC25_instruction_code_22           -             HS65_LS_IVX7      0.004   0.845    0.723  
      IFU_module/instr_mem/FE_OFC25_instruction_code_22           A ^ -> Z v    HS65_LS_IVX7      0.078   0.923    0.801  
      IFU_module/instr_mem/g723                                   -             HS65_LS_AO22X9    0.000   0.923    0.801  
      IFU_module/instr_mem/g723                                   D v -> Z v    HS65_LS_AO22X9    0.127   1.050    0.928  
      datapath_module/reg_file_module/g21715                      -             HS65_LS_NOR2X6    0.001   1.052    0.930  
      datapath_module/reg_file_module/g21715                      B v -> Z ^    HS65_LS_NOR2X6    0.074   1.126    1.004  
      datapath_module/reg_file_module/g21954                      -             HS65_LS_NOR2AX3   0.000   1.126    1.004  
      datapath_module/reg_file_module/g21954                      A ^ -> Z ^    HS65_LS_NOR2AX3   0.157   1.283    1.161  
      datapath_module/reg_file_module/FE_RC_119_0                 -             HS65_LS_NOR2X6    0.000   1.283    1.161  
      datapath_module/reg_file_module/FE_RC_119_0                 A ^ -> Z v    HS65_LS_NOR2X6    0.058   1.341    1.219  
      datapath_module/reg_file_module/g21186                      -             HS65_LS_AND2X4    0.000   1.341    1.219  
      datapath_module/reg_file_module/g21186                      B v -> Z v    HS65_LS_AND2X4    0.062   1.403    1.281  
      datapath_module/reg_file_module/g21955                      -             HS65_LS_OR3ABCX9  0.000   1.403    1.281  
      datapath_module/reg_file_module/g21955                      C v -> Z ^    HS65_LS_OR3ABCX9  0.190   1.593    1.471  
      datapath_module/alu_module/mul_44_34/FE_OFC21_read_data2_1  -             HS65_LS_BFX9      0.010   1.603    1.481  
      datapath_module/alu_module/mul_44_34/FE_OFC21_read_data2_1  A ^ -> Z ^    HS65_LS_BFX9      0.234   1.837    1.715  
      datapath_module/alu_module/mul_44_34/FE_OFC23_read_data2_1  -             HS65_LS_IVX9      0.009   1.846    1.724  
      datapath_module/alu_module/mul_44_34/FE_OFC23_read_data2_1  A ^ -> Z v    HS65_LS_IVX9      0.216   2.062    1.940  
      datapath_module/alu_module/mul_44_34/g12328                 -             HS65_LS_OAI22X6   0.009   2.071    1.949  
      datapath_module/alu_module/mul_44_34/g12328                 D v -> Z ^    HS65_LS_OAI22X6   0.106   2.177    2.055  
      datapath_module/alu_module/mul_44_34/g12765                 -             HS65_LS_AO22X9    0.000   2.177    2.055  
      datapath_module/alu_module/mul_44_34/g12765                 D ^ -> Z ^    HS65_LS_AO22X9    0.087   2.264    2.142  
      datapath_module/alu_module/mul_44_34/g11783                 -             HS65_LS_FA1X4     0.000   2.264    2.142  
      datapath_module/alu_module/mul_44_34/g11783                 B0 ^ -> S0 v  HS65_LS_FA1X4     0.147   2.411    2.289  
      datapath_module/alu_module/mul_44_34/g11716                 -             HS65_LS_FA1X4     0.000   2.411    2.289  
      datapath_module/alu_module/mul_44_34/g11716                 B0 v -> CO v  HS65_LS_FA1X4     0.121   2.532    2.410  
      datapath_module/alu_module/mul_44_34/g11693                 -             HS65_LS_FA1X4     0.000   2.532    2.410  
      datapath_module/alu_module/mul_44_34/g11693                 CI v -> CO v  HS65_LS_FA1X4     0.126   2.658    2.536  
      datapath_module/alu_module/mul_44_34/g12747                 -             HS65_LS_PAO2X9    0.000   2.658    2.537  
      datapath_module/alu_module/mul_44_34/g12747                 P v -> Z v    HS65_LS_PAO2X9    0.083   2.742    2.620  
      datapath_module/alu_module/mul_44_34/g11662                 -             HS65_LS_FA1X4     0.000   2.742    2.620  
      datapath_module/alu_module/mul_44_34/g11662                 CI v -> CO v  HS65_LS_FA1X4     0.104   2.845    2.724  
      datapath_module/alu_module/mul_44_34/g11650                 -             HS65_LS_FA1X4     0.000   2.845    2.724  
      datapath_module/alu_module/mul_44_34/g11650                 CI v -> CO v  HS65_LS_FA1X4     0.112   2.957    2.836  
      datapath_module/alu_module/mul_44_34/g12784                 -             HS65_LS_FA1X4     0.000   2.957    2.836  
      datapath_module/alu_module/mul_44_34/g12784                 CI v -> CO v  HS65_LS_FA1X4     0.112   3.070    2.948  
      datapath_module/alu_module/mul_44_34/g11632                 -             HS65_LS_FA1X4     0.000   3.070    2.948  
      datapath_module/alu_module/mul_44_34/g11632                 CI v -> CO v  HS65_LS_FA1X4     0.112   3.182    3.060  
      datapath_module/alu_module/mul_44_34/g11624                 -             HS65_LS_FA1X4     0.000   3.182    3.060  
      datapath_module/alu_module/mul_44_34/g11624                 CI v -> CO v  HS65_LS_FA1X4     0.112   3.294    3.172  
      datapath_module/alu_module/mul_44_34/g11617                 -             HS65_LS_FA1X4     0.000   3.294    3.172  
      datapath_module/alu_module/mul_44_34/g11617                 CI v -> CO v  HS65_LS_FA1X4     0.112   3.406    3.284  
      datapath_module/alu_module/mul_44_34/g12783                 -             HS65_LS_FA1X4     0.000   3.406    3.284  
      datapath_module/alu_module/mul_44_34/g12783                 CI v -> CO v  HS65_LS_FA1X4     0.112   3.518    3.396  
      datapath_module/alu_module/mul_44_34/g12782                 -             HS65_LS_FA1X4     0.000   3.518    3.396  
      datapath_module/alu_module/mul_44_34/g12782                 CI v -> CO v  HS65_LS_FA1X4     0.112   3.630    3.508  
      datapath_module/alu_module/mul_44_34/g12781                 -             HS65_LS_FA1X4     0.000   3.630    3.508  
      datapath_module/alu_module/mul_44_34/g12781                 CI v -> CO v  HS65_LS_FA1X4     0.112   3.742    3.620  
      datapath_module/alu_module/mul_44_34/g12780                 -             HS65_LS_FA1X4     0.000   3.742    3.620  
      datapath_module/alu_module/mul_44_34/g12780                 CI v -> CO v  HS65_LS_FA1X4     0.112   3.854    3.732  
      datapath_module/alu_module/mul_44_34/g12779                 -             HS65_LS_FA1X4     0.000   3.854    3.732  
      datapath_module/alu_module/mul_44_34/g12779                 CI v -> CO v  HS65_LS_FA1X4     0.112   3.966    3.844  
      datapath_module/alu_module/mul_44_34/g12778                 -             HS65_LS_FA1X4     0.000   3.966    3.844  
      datapath_module/alu_module/mul_44_34/g12778                 CI v -> CO v  HS65_LS_FA1X4     0.117   4.083    3.962  
      datapath_module/alu_module/mul_44_34/g12777                 -             HS65_LS_FA1X9     0.000   4.084    3.962  
      datapath_module/alu_module/mul_44_34/g12777                 CI v -> CO v  HS65_LS_FA1X9     0.097   4.181    4.059  
      datapath_module/alu_module/mul_44_34/g12776                 -             HS65_LS_FA1X9     0.000   4.181    4.059  
      datapath_module/alu_module/mul_44_34/g12776                 CI v -> CO v  HS65_LS_FA1X9     0.090   4.271    4.149  
      datapath_module/alu_module/mul_44_34/g12775                 -             HS65_LS_FA1X9     0.000   4.271    4.149  
      datapath_module/alu_module/mul_44_34/g12775                 CI v -> CO v  HS65_LS_FA1X9     0.090   4.360    4.238  
      datapath_module/alu_module/mul_44_34/g12774                 -             HS65_LS_FA1X9     0.000   4.360    4.238  
      datapath_module/alu_module/mul_44_34/g12774                 CI v -> CO v  HS65_LS_FA1X9     0.090   4.450    4.328  
      datapath_module/alu_module/mul_44_34/g12773                 -             HS65_LS_FA1X9     0.000   4.450    4.328  
      datapath_module/alu_module/mul_44_34/g12773                 CI v -> CO v  HS65_LS_FA1X9     0.090   4.540    4.418  
      datapath_module/alu_module/mul_44_34/g12772                 -             HS65_LS_FA1X9     0.000   4.540    4.418  
      datapath_module/alu_module/mul_44_34/g12772                 CI v -> CO v  HS65_LS_FA1X9     0.090   4.629    4.507  
      datapath_module/alu_module/mul_44_34/g12771                 -             HS65_LS_FA1X9     0.000   4.629    4.507  
      datapath_module/alu_module/mul_44_34/g12771                 CI v -> CO v  HS65_LS_FA1X9     0.090   4.719    4.597  
      datapath_module/alu_module/mul_44_34/g12770                 -             HS65_LS_FA1X9     0.000   4.719    4.597  
      datapath_module/alu_module/mul_44_34/g12770                 CI v -> CO v  HS65_LS_FA1X9     0.090   4.808    4.686  
      datapath_module/alu_module/mul_44_34/g12769                 -             HS65_LS_FA1X9     0.000   4.808    4.686  
      datapath_module/alu_module/mul_44_34/g12769                 CI v -> CO v  HS65_LS_FA1X9     0.090   4.898    4.776  
      datapath_module/alu_module/mul_44_34/g12768                 -             HS65_LS_FA1X9     0.000   4.898    4.776  
      datapath_module/alu_module/mul_44_34/g12768                 CI v -> CO v  HS65_LS_FA1X9     0.090   4.988    4.866  
      datapath_module/alu_module/mul_44_34/g12767                 -             HS65_LS_FA1X9     0.000   4.988    4.866  
      datapath_module/alu_module/mul_44_34/g12767                 CI v -> CO v  HS65_LS_FA1X9     0.087   5.074    4.952  
      datapath_module/alu_module/mul_44_34/g12766                 -             HS65_LS_FA1X4     0.000   5.074    4.952  
      datapath_module/alu_module/mul_44_34/g12766                 CI v -> S0 ^  HS65_LS_FA1X4     0.159   5.233    5.111  
      datapath_module/alu_module/g6799                            -             HS65_LS_AO112X18  0.000   5.233    5.111  
      datapath_module/alu_module/g6799                            B ^ -> Z ^    HS65_LS_AO112X18  0.140   5.373    5.252  
      datapath_module/reg_file_module/reg_memory_reg[30][30]2016  -             HS65_LS_SDFPHQX9  0.020   5.393    5.271  
      ---------------------------------------------------------------------------------------------------------------------
     Clock Rise Edge                      0.000
     = Beginpoint Arrival Time            0.000
     Other End Path:
      -------------------------------------------------------------------------------------------------------------------
      Instance                                                    Arc         Cell              Retime  Arrival  Required  
                                                                                                Delay   Time     Time  
      -------------------------------------------------------------------------------------------------------------------
      -                                                           clock ^     -                 -       0.000    0.122  
      CTS_ccl_a_buf_00036                                         -           HS65_LS_BFX284    0.000   0.000    0.122  
      CTS_ccl_a_buf_00036                                         A ^ -> Z ^  HS65_LS_BFX284    0.000   0.000    0.122  
      datapath_module/reg_file_module/CTS_ccl_a_buf_00033         -           HS65_LS_BFX284    0.000   0.000    0.122  
      datapath_module/reg_file_module/CTS_ccl_a_buf_00033         A ^ -> Z ^  HS65_LS_BFX284    0.000   0.000    0.122  
      datapath_module/reg_file_module/reg_memory_reg[30][30]2016  -           HS65_LS_SDFPHQX9  0.000   0.000    0.122  
      -------------------------------------------------------------------------------------------------------------------
Path 42: VIOLATED Setup Check with Pin datapath_module/reg_file_module/reg_memory_reg[2][30]224/CP 
Endpoint:   datapath_module/reg_file_module/reg_memory_reg[2][30]224/D (^) checked with  leading edge of 'clock'
Beginpoint: IFU_module/PC_reg[3]/Q                                     (^) triggered by  leading edge of 'clock'
Path Groups: {clock}
Retime Analysis { Data Path-Slew }
Other End Arrival Time          0.000
- Setup                        -0.171
+ Phase Shift                   7.100
- Uncertainty                   2.000
= Required Time                 5.271
- Arrival Time                  5.393
= Slack Time                   -0.122
= Slack Time(original)         -0.158
     Clock Rise Edge                      0.000
     = Beginpoint Arrival Time            0.000
     Timing Path:
      ---------------------------------------------------------------------------------------------------------------------
      Instance                                                    Arc           Cell              Retime  Arrival  Required  
                                                                                                  Delay   Time     Time  
      ---------------------------------------------------------------------------------------------------------------------
      -                                                           clock ^       -                 -       0.000    -0.122  
      CTS_ccl_a_buf_00036                                         -             HS65_LS_BFX284    0.000   0.000    -0.122  
      CTS_ccl_a_buf_00036                                         A ^ -> Z ^    HS65_LS_BFX284    0.000   0.000    -0.122  
      CTS_ccl_a_buf_00025                                         -             HS65_LS_BFX284    0.000   0.000    -0.122  
      CTS_ccl_a_buf_00025                                         A ^ -> Z ^    HS65_LS_BFX284    0.000   0.000    -0.122  
      IFU_module/PC_reg[3]                                        -             HS65_LS_SDFPRQX4  0.000   0.000    -0.122  
      IFU_module/PC_reg[3]                                        CP ^ -> Q ^   HS65_LS_SDFPRQX4  0.842   0.842    0.720  
      IFU_module/instr_mem/FE_OFC25_instruction_code_22           -             HS65_LS_IVX7      0.004   0.845    0.723  
      IFU_module/instr_mem/FE_OFC25_instruction_code_22           A ^ -> Z v    HS65_LS_IVX7      0.078   0.923    0.801  
      IFU_module/instr_mem/g723                                   -             HS65_LS_AO22X9    0.000   0.923    0.801  
      IFU_module/instr_mem/g723                                   D v -> Z v    HS65_LS_AO22X9    0.127   1.050    0.928  
      datapath_module/reg_file_module/g21715                      -             HS65_LS_NOR2X6    0.001   1.052    0.930  
      datapath_module/reg_file_module/g21715                      B v -> Z ^    HS65_LS_NOR2X6    0.074   1.126    1.004  
      datapath_module/reg_file_module/g21954                      -             HS65_LS_NOR2AX3   0.000   1.126    1.004  
      datapath_module/reg_file_module/g21954                      A ^ -> Z ^    HS65_LS_NOR2AX3   0.157   1.283    1.161  
      datapath_module/reg_file_module/FE_RC_119_0                 -             HS65_LS_NOR2X6    0.000   1.283    1.161  
      datapath_module/reg_file_module/FE_RC_119_0                 A ^ -> Z v    HS65_LS_NOR2X6    0.058   1.341    1.219  
      datapath_module/reg_file_module/g21186                      -             HS65_LS_AND2X4    0.000   1.341    1.219  
      datapath_module/reg_file_module/g21186                      B v -> Z v    HS65_LS_AND2X4    0.062   1.403    1.281  
      datapath_module/reg_file_module/g21955                      -             HS65_LS_OR3ABCX9  0.000   1.403    1.281  
      datapath_module/reg_file_module/g21955                      C v -> Z ^    HS65_LS_OR3ABCX9  0.190   1.593    1.471  
      datapath_module/alu_module/mul_44_34/FE_OFC21_read_data2_1  -             HS65_LS_BFX9      0.010   1.603    1.481  
      datapath_module/alu_module/mul_44_34/FE_OFC21_read_data2_1  A ^ -> Z ^    HS65_LS_BFX9      0.234   1.837    1.715  
      datapath_module/alu_module/mul_44_34/FE_OFC23_read_data2_1  -             HS65_LS_IVX9      0.009   1.846    1.724  
      datapath_module/alu_module/mul_44_34/FE_OFC23_read_data2_1  A ^ -> Z v    HS65_LS_IVX9      0.216   2.062    1.940  
      datapath_module/alu_module/mul_44_34/g12328                 -             HS65_LS_OAI22X6   0.009   2.071    1.949  
      datapath_module/alu_module/mul_44_34/g12328                 D v -> Z ^    HS65_LS_OAI22X6   0.106   2.177    2.055  
      datapath_module/alu_module/mul_44_34/g12765                 -             HS65_LS_AO22X9    0.000   2.177    2.055  
      datapath_module/alu_module/mul_44_34/g12765                 D ^ -> Z ^    HS65_LS_AO22X9    0.087   2.264    2.142  
      datapath_module/alu_module/mul_44_34/g11783                 -             HS65_LS_FA1X4     0.000   2.264    2.142  
      datapath_module/alu_module/mul_44_34/g11783                 B0 ^ -> S0 v  HS65_LS_FA1X4     0.147   2.411    2.289  
      datapath_module/alu_module/mul_44_34/g11716                 -             HS65_LS_FA1X4     0.000   2.411    2.289  
      datapath_module/alu_module/mul_44_34/g11716                 B0 v -> CO v  HS65_LS_FA1X4     0.121   2.532    2.410  
      datapath_module/alu_module/mul_44_34/g11693                 -             HS65_LS_FA1X4     0.000   2.532    2.410  
      datapath_module/alu_module/mul_44_34/g11693                 CI v -> CO v  HS65_LS_FA1X4     0.126   2.658    2.536  
      datapath_module/alu_module/mul_44_34/g12747                 -             HS65_LS_PAO2X9    0.000   2.658    2.537  
      datapath_module/alu_module/mul_44_34/g12747                 P v -> Z v    HS65_LS_PAO2X9    0.083   2.742    2.620  
      datapath_module/alu_module/mul_44_34/g11662                 -             HS65_LS_FA1X4     0.000   2.742    2.620  
      datapath_module/alu_module/mul_44_34/g11662                 CI v -> CO v  HS65_LS_FA1X4     0.104   2.845    2.724  
      datapath_module/alu_module/mul_44_34/g11650                 -             HS65_LS_FA1X4     0.000   2.845    2.724  
      datapath_module/alu_module/mul_44_34/g11650                 CI v -> CO v  HS65_LS_FA1X4     0.112   2.957    2.836  
      datapath_module/alu_module/mul_44_34/g12784                 -             HS65_LS_FA1X4     0.000   2.957    2.836  
      datapath_module/alu_module/mul_44_34/g12784                 CI v -> CO v  HS65_LS_FA1X4     0.112   3.070    2.948  
      datapath_module/alu_module/mul_44_34/g11632                 -             HS65_LS_FA1X4     0.000   3.070    2.948  
      datapath_module/alu_module/mul_44_34/g11632                 CI v -> CO v  HS65_LS_FA1X4     0.112   3.182    3.060  
      datapath_module/alu_module/mul_44_34/g11624                 -             HS65_LS_FA1X4     0.000   3.182    3.060  
      datapath_module/alu_module/mul_44_34/g11624                 CI v -> CO v  HS65_LS_FA1X4     0.112   3.294    3.172  
      datapath_module/alu_module/mul_44_34/g11617                 -             HS65_LS_FA1X4     0.000   3.294    3.172  
      datapath_module/alu_module/mul_44_34/g11617                 CI v -> CO v  HS65_LS_FA1X4     0.112   3.406    3.284  
      datapath_module/alu_module/mul_44_34/g12783                 -             HS65_LS_FA1X4     0.000   3.406    3.284  
      datapath_module/alu_module/mul_44_34/g12783                 CI v -> CO v  HS65_LS_FA1X4     0.112   3.518    3.396  
      datapath_module/alu_module/mul_44_34/g12782                 -             HS65_LS_FA1X4     0.000   3.518    3.396  
      datapath_module/alu_module/mul_44_34/g12782                 CI v -> CO v  HS65_LS_FA1X4     0.112   3.630    3.508  
      datapath_module/alu_module/mul_44_34/g12781                 -             HS65_LS_FA1X4     0.000   3.630    3.508  
      datapath_module/alu_module/mul_44_34/g12781                 CI v -> CO v  HS65_LS_FA1X4     0.112   3.742    3.620  
      datapath_module/alu_module/mul_44_34/g12780                 -             HS65_LS_FA1X4     0.000   3.742    3.620  
      datapath_module/alu_module/mul_44_34/g12780                 CI v -> CO v  HS65_LS_FA1X4     0.112   3.854    3.732  
      datapath_module/alu_module/mul_44_34/g12779                 -             HS65_LS_FA1X4     0.000   3.854    3.732  
      datapath_module/alu_module/mul_44_34/g12779                 CI v -> CO v  HS65_LS_FA1X4     0.112   3.966    3.844  
      datapath_module/alu_module/mul_44_34/g12778                 -             HS65_LS_FA1X4     0.000   3.966    3.844  
      datapath_module/alu_module/mul_44_34/g12778                 CI v -> CO v  HS65_LS_FA1X4     0.117   4.083    3.962  
      datapath_module/alu_module/mul_44_34/g12777                 -             HS65_LS_FA1X9     0.000   4.084    3.962  
      datapath_module/alu_module/mul_44_34/g12777                 CI v -> CO v  HS65_LS_FA1X9     0.097   4.181    4.059  
      datapath_module/alu_module/mul_44_34/g12776                 -             HS65_LS_FA1X9     0.000   4.181    4.059  
      datapath_module/alu_module/mul_44_34/g12776                 CI v -> CO v  HS65_LS_FA1X9     0.090   4.271    4.149  
      datapath_module/alu_module/mul_44_34/g12775                 -             HS65_LS_FA1X9     0.000   4.271    4.149  
      datapath_module/alu_module/mul_44_34/g12775                 CI v -> CO v  HS65_LS_FA1X9     0.090   4.360    4.238  
      datapath_module/alu_module/mul_44_34/g12774                 -             HS65_LS_FA1X9     0.000   4.360    4.238  
      datapath_module/alu_module/mul_44_34/g12774                 CI v -> CO v  HS65_LS_FA1X9     0.090   4.450    4.328  
      datapath_module/alu_module/mul_44_34/g12773                 -             HS65_LS_FA1X9     0.000   4.450    4.328  
      datapath_module/alu_module/mul_44_34/g12773                 CI v -> CO v  HS65_LS_FA1X9     0.090   4.540    4.418  
      datapath_module/alu_module/mul_44_34/g12772                 -             HS65_LS_FA1X9     0.000   4.540    4.418  
      datapath_module/alu_module/mul_44_34/g12772                 CI v -> CO v  HS65_LS_FA1X9     0.090   4.629    4.507  
      datapath_module/alu_module/mul_44_34/g12771                 -             HS65_LS_FA1X9     0.000   4.629    4.507  
      datapath_module/alu_module/mul_44_34/g12771                 CI v -> CO v  HS65_LS_FA1X9     0.090   4.719    4.597  
      datapath_module/alu_module/mul_44_34/g12770                 -             HS65_LS_FA1X9     0.000   4.719    4.597  
      datapath_module/alu_module/mul_44_34/g12770                 CI v -> CO v  HS65_LS_FA1X9     0.090   4.808    4.686  
      datapath_module/alu_module/mul_44_34/g12769                 -             HS65_LS_FA1X9     0.000   4.808    4.686  
      datapath_module/alu_module/mul_44_34/g12769                 CI v -> CO v  HS65_LS_FA1X9     0.090   4.898    4.776  
      datapath_module/alu_module/mul_44_34/g12768                 -             HS65_LS_FA1X9     0.000   4.898    4.776  
      datapath_module/alu_module/mul_44_34/g12768                 CI v -> CO v  HS65_LS_FA1X9     0.090   4.988    4.866  
      datapath_module/alu_module/mul_44_34/g12767                 -             HS65_LS_FA1X9     0.000   4.988    4.866  
      datapath_module/alu_module/mul_44_34/g12767                 CI v -> CO v  HS65_LS_FA1X9     0.087   5.074    4.952  
      datapath_module/alu_module/mul_44_34/g12766                 -             HS65_LS_FA1X4     0.000   5.074    4.952  
      datapath_module/alu_module/mul_44_34/g12766                 CI v -> S0 ^  HS65_LS_FA1X4     0.159   5.233    5.111  
      datapath_module/alu_module/g6799                            -             HS65_LS_AO112X18  0.000   5.233    5.111  
      datapath_module/alu_module/g6799                            B ^ -> Z ^    HS65_LS_AO112X18  0.140   5.373    5.252  
      datapath_module/reg_file_module/reg_memory_reg[2][30]224    -             HS65_LS_SDFPHQX9  0.020   5.393    5.271  
      ---------------------------------------------------------------------------------------------------------------------
     Clock Rise Edge                      0.000
     = Beginpoint Arrival Time            0.000
     Other End Path:
      -----------------------------------------------------------------------------------------------------------------
      Instance                                                  Arc         Cell              Retime  Arrival  Required  
                                                                                              Delay   Time     Time  
      -----------------------------------------------------------------------------------------------------------------
      -                                                         clock ^     -                 -       0.000    0.122  
      CTS_ccl_a_buf_00036                                       -           HS65_LS_BFX284    0.000   0.000    0.122  
      CTS_ccl_a_buf_00036                                       A ^ -> Z ^  HS65_LS_BFX284    0.000   0.000    0.122  
      datapath_module/reg_file_module/CTS_ccl_a_buf_00015       -           HS65_LS_BFX284    0.000   0.000    0.122  
      datapath_module/reg_file_module/CTS_ccl_a_buf_00015       A ^ -> Z ^  HS65_LS_BFX284    0.000   0.000    0.122  
      datapath_module/reg_file_module/reg_memory_reg[2][30]224  -           HS65_LS_SDFPHQX9  0.000   0.000    0.122  
      -----------------------------------------------------------------------------------------------------------------
Path 43: VIOLATED Setup Check with Pin datapath_module/reg_file_module/reg_memory_reg[29][30]1952/CP 
Endpoint:   datapath_module/reg_file_module/reg_memory_reg[29][30]1952/D (^) checked with  leading edge of 'clock'
Beginpoint: IFU_module/PC_reg[3]/Q                                       (^) triggered by  leading edge of 'clock'
Path Groups: {clock}
Retime Analysis { Data Path-Slew }
Other End Arrival Time          0.000
- Setup                        -0.171
+ Phase Shift                   7.100
- Uncertainty                   2.000
= Required Time                 5.271
- Arrival Time                  5.393
= Slack Time                   -0.122
= Slack Time(original)         -0.158
     Clock Rise Edge                      0.000
     = Beginpoint Arrival Time            0.000
     Timing Path:
      ---------------------------------------------------------------------------------------------------------------------
      Instance                                                    Arc           Cell              Retime  Arrival  Required  
                                                                                                  Delay   Time     Time  
      ---------------------------------------------------------------------------------------------------------------------
      -                                                           clock ^       -                 -       0.000    -0.122  
      CTS_ccl_a_buf_00036                                         -             HS65_LS_BFX284    0.000   0.000    -0.122  
      CTS_ccl_a_buf_00036                                         A ^ -> Z ^    HS65_LS_BFX284    0.000   0.000    -0.122  
      CTS_ccl_a_buf_00025                                         -             HS65_LS_BFX284    0.000   0.000    -0.122  
      CTS_ccl_a_buf_00025                                         A ^ -> Z ^    HS65_LS_BFX284    0.000   0.000    -0.122  
      IFU_module/PC_reg[3]                                        -             HS65_LS_SDFPRQX4  0.000   0.000    -0.122  
      IFU_module/PC_reg[3]                                        CP ^ -> Q ^   HS65_LS_SDFPRQX4  0.842   0.842    0.720  
      IFU_module/instr_mem/FE_OFC25_instruction_code_22           -             HS65_LS_IVX7      0.004   0.845    0.723  
      IFU_module/instr_mem/FE_OFC25_instruction_code_22           A ^ -> Z v    HS65_LS_IVX7      0.078   0.923    0.801  
      IFU_module/instr_mem/g723                                   -             HS65_LS_AO22X9    0.000   0.923    0.801  
      IFU_module/instr_mem/g723                                   D v -> Z v    HS65_LS_AO22X9    0.127   1.050    0.928  
      datapath_module/reg_file_module/g21715                      -             HS65_LS_NOR2X6    0.001   1.052    0.930  
      datapath_module/reg_file_module/g21715                      B v -> Z ^    HS65_LS_NOR2X6    0.074   1.126    1.004  
      datapath_module/reg_file_module/g21954                      -             HS65_LS_NOR2AX3   0.000   1.126    1.004  
      datapath_module/reg_file_module/g21954                      A ^ -> Z ^    HS65_LS_NOR2AX3   0.157   1.283    1.161  
      datapath_module/reg_file_module/FE_RC_119_0                 -             HS65_LS_NOR2X6    0.000   1.283    1.161  
      datapath_module/reg_file_module/FE_RC_119_0                 A ^ -> Z v    HS65_LS_NOR2X6    0.058   1.341    1.219  
      datapath_module/reg_file_module/g21186                      -             HS65_LS_AND2X4    0.000   1.341    1.219  
      datapath_module/reg_file_module/g21186                      B v -> Z v    HS65_LS_AND2X4    0.062   1.403    1.281  
      datapath_module/reg_file_module/g21955                      -             HS65_LS_OR3ABCX9  0.000   1.403    1.281  
      datapath_module/reg_file_module/g21955                      C v -> Z ^    HS65_LS_OR3ABCX9  0.190   1.593    1.471  
      datapath_module/alu_module/mul_44_34/FE_OFC21_read_data2_1  -             HS65_LS_BFX9      0.010   1.603    1.481  
      datapath_module/alu_module/mul_44_34/FE_OFC21_read_data2_1  A ^ -> Z ^    HS65_LS_BFX9      0.234   1.837    1.715  
      datapath_module/alu_module/mul_44_34/FE_OFC23_read_data2_1  -             HS65_LS_IVX9      0.009   1.846    1.724  
      datapath_module/alu_module/mul_44_34/FE_OFC23_read_data2_1  A ^ -> Z v    HS65_LS_IVX9      0.216   2.062    1.940  
      datapath_module/alu_module/mul_44_34/g12328                 -             HS65_LS_OAI22X6   0.009   2.071    1.949  
      datapath_module/alu_module/mul_44_34/g12328                 D v -> Z ^    HS65_LS_OAI22X6   0.106   2.177    2.055  
      datapath_module/alu_module/mul_44_34/g12765                 -             HS65_LS_AO22X9    0.000   2.177    2.055  
      datapath_module/alu_module/mul_44_34/g12765                 D ^ -> Z ^    HS65_LS_AO22X9    0.087   2.264    2.142  
      datapath_module/alu_module/mul_44_34/g11783                 -             HS65_LS_FA1X4     0.000   2.264    2.142  
      datapath_module/alu_module/mul_44_34/g11783                 B0 ^ -> S0 v  HS65_LS_FA1X4     0.147   2.411    2.289  
      datapath_module/alu_module/mul_44_34/g11716                 -             HS65_LS_FA1X4     0.000   2.411    2.289  
      datapath_module/alu_module/mul_44_34/g11716                 B0 v -> CO v  HS65_LS_FA1X4     0.121   2.532    2.410  
      datapath_module/alu_module/mul_44_34/g11693                 -             HS65_LS_FA1X4     0.000   2.532    2.410  
      datapath_module/alu_module/mul_44_34/g11693                 CI v -> CO v  HS65_LS_FA1X4     0.126   2.658    2.536  
      datapath_module/alu_module/mul_44_34/g12747                 -             HS65_LS_PAO2X9    0.000   2.658    2.537  
      datapath_module/alu_module/mul_44_34/g12747                 P v -> Z v    HS65_LS_PAO2X9    0.083   2.742    2.620  
      datapath_module/alu_module/mul_44_34/g11662                 -             HS65_LS_FA1X4     0.000   2.742    2.620  
      datapath_module/alu_module/mul_44_34/g11662                 CI v -> CO v  HS65_LS_FA1X4     0.104   2.845    2.724  
      datapath_module/alu_module/mul_44_34/g11650                 -             HS65_LS_FA1X4     0.000   2.845    2.724  
      datapath_module/alu_module/mul_44_34/g11650                 CI v -> CO v  HS65_LS_FA1X4     0.112   2.957    2.836  
      datapath_module/alu_module/mul_44_34/g12784                 -             HS65_LS_FA1X4     0.000   2.957    2.836  
      datapath_module/alu_module/mul_44_34/g12784                 CI v -> CO v  HS65_LS_FA1X4     0.112   3.070    2.948  
      datapath_module/alu_module/mul_44_34/g11632                 -             HS65_LS_FA1X4     0.000   3.070    2.948  
      datapath_module/alu_module/mul_44_34/g11632                 CI v -> CO v  HS65_LS_FA1X4     0.112   3.182    3.060  
      datapath_module/alu_module/mul_44_34/g11624                 -             HS65_LS_FA1X4     0.000   3.182    3.060  
      datapath_module/alu_module/mul_44_34/g11624                 CI v -> CO v  HS65_LS_FA1X4     0.112   3.294    3.172  
      datapath_module/alu_module/mul_44_34/g11617                 -             HS65_LS_FA1X4     0.000   3.294    3.172  
      datapath_module/alu_module/mul_44_34/g11617                 CI v -> CO v  HS65_LS_FA1X4     0.112   3.406    3.284  
      datapath_module/alu_module/mul_44_34/g12783                 -             HS65_LS_FA1X4     0.000   3.406    3.284  
      datapath_module/alu_module/mul_44_34/g12783                 CI v -> CO v  HS65_LS_FA1X4     0.112   3.518    3.396  
      datapath_module/alu_module/mul_44_34/g12782                 -             HS65_LS_FA1X4     0.000   3.518    3.396  
      datapath_module/alu_module/mul_44_34/g12782                 CI v -> CO v  HS65_LS_FA1X4     0.112   3.630    3.508  
      datapath_module/alu_module/mul_44_34/g12781                 -             HS65_LS_FA1X4     0.000   3.630    3.508  
      datapath_module/alu_module/mul_44_34/g12781                 CI v -> CO v  HS65_LS_FA1X4     0.112   3.742    3.620  
      datapath_module/alu_module/mul_44_34/g12780                 -             HS65_LS_FA1X4     0.000   3.742    3.620  
      datapath_module/alu_module/mul_44_34/g12780                 CI v -> CO v  HS65_LS_FA1X4     0.112   3.854    3.732  
      datapath_module/alu_module/mul_44_34/g12779                 -             HS65_LS_FA1X4     0.000   3.854    3.732  
      datapath_module/alu_module/mul_44_34/g12779                 CI v -> CO v  HS65_LS_FA1X4     0.112   3.966    3.844  
      datapath_module/alu_module/mul_44_34/g12778                 -             HS65_LS_FA1X4     0.000   3.966    3.844  
      datapath_module/alu_module/mul_44_34/g12778                 CI v -> CO v  HS65_LS_FA1X4     0.117   4.083    3.962  
      datapath_module/alu_module/mul_44_34/g12777                 -             HS65_LS_FA1X9     0.000   4.084    3.962  
      datapath_module/alu_module/mul_44_34/g12777                 CI v -> CO v  HS65_LS_FA1X9     0.097   4.181    4.059  
      datapath_module/alu_module/mul_44_34/g12776                 -             HS65_LS_FA1X9     0.000   4.181    4.059  
      datapath_module/alu_module/mul_44_34/g12776                 CI v -> CO v  HS65_LS_FA1X9     0.090   4.271    4.149  
      datapath_module/alu_module/mul_44_34/g12775                 -             HS65_LS_FA1X9     0.000   4.271    4.149  
      datapath_module/alu_module/mul_44_34/g12775                 CI v -> CO v  HS65_LS_FA1X9     0.090   4.360    4.238  
      datapath_module/alu_module/mul_44_34/g12774                 -             HS65_LS_FA1X9     0.000   4.360    4.238  
      datapath_module/alu_module/mul_44_34/g12774                 CI v -> CO v  HS65_LS_FA1X9     0.090   4.450    4.328  
      datapath_module/alu_module/mul_44_34/g12773                 -             HS65_LS_FA1X9     0.000   4.450    4.328  
      datapath_module/alu_module/mul_44_34/g12773                 CI v -> CO v  HS65_LS_FA1X9     0.090   4.540    4.418  
      datapath_module/alu_module/mul_44_34/g12772                 -             HS65_LS_FA1X9     0.000   4.540    4.418  
      datapath_module/alu_module/mul_44_34/g12772                 CI v -> CO v  HS65_LS_FA1X9     0.090   4.629    4.507  
      datapath_module/alu_module/mul_44_34/g12771                 -             HS65_LS_FA1X9     0.000   4.629    4.507  
      datapath_module/alu_module/mul_44_34/g12771                 CI v -> CO v  HS65_LS_FA1X9     0.090   4.719    4.597  
      datapath_module/alu_module/mul_44_34/g12770                 -             HS65_LS_FA1X9     0.000   4.719    4.597  
      datapath_module/alu_module/mul_44_34/g12770                 CI v -> CO v  HS65_LS_FA1X9     0.090   4.808    4.686  
      datapath_module/alu_module/mul_44_34/g12769                 -             HS65_LS_FA1X9     0.000   4.808    4.686  
      datapath_module/alu_module/mul_44_34/g12769                 CI v -> CO v  HS65_LS_FA1X9     0.090   4.898    4.776  
      datapath_module/alu_module/mul_44_34/g12768                 -             HS65_LS_FA1X9     0.000   4.898    4.776  
      datapath_module/alu_module/mul_44_34/g12768                 CI v -> CO v  HS65_LS_FA1X9     0.090   4.988    4.866  
      datapath_module/alu_module/mul_44_34/g12767                 -             HS65_LS_FA1X9     0.000   4.988    4.866  
      datapath_module/alu_module/mul_44_34/g12767                 CI v -> CO v  HS65_LS_FA1X9     0.087   5.074    4.952  
      datapath_module/alu_module/mul_44_34/g12766                 -             HS65_LS_FA1X4     0.000   5.074    4.952  
      datapath_module/alu_module/mul_44_34/g12766                 CI v -> S0 ^  HS65_LS_FA1X4     0.159   5.233    5.111  
      datapath_module/alu_module/g6799                            -             HS65_LS_AO112X18  0.000   5.233    5.111  
      datapath_module/alu_module/g6799                            B ^ -> Z ^    HS65_LS_AO112X18  0.140   5.373    5.252  
      datapath_module/reg_file_module/reg_memory_reg[29][30]1952  -             HS65_LS_SDFPHQX9  0.020   5.393    5.271  
      ---------------------------------------------------------------------------------------------------------------------
     Clock Rise Edge                      0.000
     = Beginpoint Arrival Time            0.000
     Other End Path:
      -------------------------------------------------------------------------------------------------------------------
      Instance                                                    Arc         Cell              Retime  Arrival  Required  
                                                                                                Delay   Time     Time  
      -------------------------------------------------------------------------------------------------------------------
      -                                                           clock ^     -                 -       0.000    0.122  
      CTS_ccl_a_buf_00036                                         -           HS65_LS_BFX284    0.000   0.000    0.122  
      CTS_ccl_a_buf_00036                                         A ^ -> Z ^  HS65_LS_BFX284    0.000   0.000    0.122  
      datapath_module/reg_file_module/CTS_ccl_a_buf_00029         -           HS65_LS_BFX284    0.000   0.000    0.122  
      datapath_module/reg_file_module/CTS_ccl_a_buf_00029         A ^ -> Z ^  HS65_LS_BFX284    0.000   0.000    0.122  
      datapath_module/reg_file_module/reg_memory_reg[29][30]1952  -           HS65_LS_SDFPHQX9  0.000   0.000    0.122  
      -------------------------------------------------------------------------------------------------------------------
Path 44: VIOLATED Setup Check with Pin datapath_module/reg_file_module/reg_memory_reg[28][30]1888/CP 
Endpoint:   datapath_module/reg_file_module/reg_memory_reg[28][30]1888/D (^) checked with  leading edge of 'clock'
Beginpoint: IFU_module/PC_reg[3]/Q                                       (^) triggered by  leading edge of 'clock'
Path Groups: {clock}
Retime Analysis { Data Path-Slew }
Other End Arrival Time          0.000
- Setup                        -0.171
+ Phase Shift                   7.100
- Uncertainty                   2.000
= Required Time                 5.271
- Arrival Time                  5.393
= Slack Time                   -0.122
= Slack Time(original)         -0.158
     Clock Rise Edge                      0.000
     = Beginpoint Arrival Time            0.000
     Timing Path:
      ---------------------------------------------------------------------------------------------------------------------
      Instance                                                    Arc           Cell              Retime  Arrival  Required  
                                                                                                  Delay   Time     Time  
      ---------------------------------------------------------------------------------------------------------------------
      -                                                           clock ^       -                 -       0.000    -0.122  
      CTS_ccl_a_buf_00036                                         -             HS65_LS_BFX284    0.000   0.000    -0.122  
      CTS_ccl_a_buf_00036                                         A ^ -> Z ^    HS65_LS_BFX284    0.000   0.000    -0.122  
      CTS_ccl_a_buf_00025                                         -             HS65_LS_BFX284    0.000   0.000    -0.122  
      CTS_ccl_a_buf_00025                                         A ^ -> Z ^    HS65_LS_BFX284    0.000   0.000    -0.122  
      IFU_module/PC_reg[3]                                        -             HS65_LS_SDFPRQX4  0.000   0.000    -0.122  
      IFU_module/PC_reg[3]                                        CP ^ -> Q ^   HS65_LS_SDFPRQX4  0.842   0.842    0.720  
      IFU_module/instr_mem/FE_OFC25_instruction_code_22           -             HS65_LS_IVX7      0.004   0.845    0.723  
      IFU_module/instr_mem/FE_OFC25_instruction_code_22           A ^ -> Z v    HS65_LS_IVX7      0.078   0.923    0.801  
      IFU_module/instr_mem/g723                                   -             HS65_LS_AO22X9    0.000   0.923    0.801  
      IFU_module/instr_mem/g723                                   D v -> Z v    HS65_LS_AO22X9    0.127   1.050    0.928  
      datapath_module/reg_file_module/g21715                      -             HS65_LS_NOR2X6    0.001   1.052    0.930  
      datapath_module/reg_file_module/g21715                      B v -> Z ^    HS65_LS_NOR2X6    0.074   1.126    1.004  
      datapath_module/reg_file_module/g21954                      -             HS65_LS_NOR2AX3   0.000   1.126    1.004  
      datapath_module/reg_file_module/g21954                      A ^ -> Z ^    HS65_LS_NOR2AX3   0.157   1.283    1.161  
      datapath_module/reg_file_module/FE_RC_119_0                 -             HS65_LS_NOR2X6    0.000   1.283    1.161  
      datapath_module/reg_file_module/FE_RC_119_0                 A ^ -> Z v    HS65_LS_NOR2X6    0.058   1.341    1.219  
      datapath_module/reg_file_module/g21186                      -             HS65_LS_AND2X4    0.000   1.341    1.219  
      datapath_module/reg_file_module/g21186                      B v -> Z v    HS65_LS_AND2X4    0.062   1.403    1.281  
      datapath_module/reg_file_module/g21955                      -             HS65_LS_OR3ABCX9  0.000   1.403    1.281  
      datapath_module/reg_file_module/g21955                      C v -> Z ^    HS65_LS_OR3ABCX9  0.190   1.593    1.471  
      datapath_module/alu_module/mul_44_34/FE_OFC21_read_data2_1  -             HS65_LS_BFX9      0.010   1.603    1.481  
      datapath_module/alu_module/mul_44_34/FE_OFC21_read_data2_1  A ^ -> Z ^    HS65_LS_BFX9      0.234   1.837    1.715  
      datapath_module/alu_module/mul_44_34/FE_OFC23_read_data2_1  -             HS65_LS_IVX9      0.009   1.846    1.724  
      datapath_module/alu_module/mul_44_34/FE_OFC23_read_data2_1  A ^ -> Z v    HS65_LS_IVX9      0.216   2.062    1.940  
      datapath_module/alu_module/mul_44_34/g12328                 -             HS65_LS_OAI22X6   0.009   2.071    1.949  
      datapath_module/alu_module/mul_44_34/g12328                 D v -> Z ^    HS65_LS_OAI22X6   0.106   2.177    2.055  
      datapath_module/alu_module/mul_44_34/g12765                 -             HS65_LS_AO22X9    0.000   2.177    2.055  
      datapath_module/alu_module/mul_44_34/g12765                 D ^ -> Z ^    HS65_LS_AO22X9    0.087   2.264    2.142  
      datapath_module/alu_module/mul_44_34/g11783                 -             HS65_LS_FA1X4     0.000   2.264    2.142  
      datapath_module/alu_module/mul_44_34/g11783                 B0 ^ -> S0 v  HS65_LS_FA1X4     0.147   2.411    2.289  
      datapath_module/alu_module/mul_44_34/g11716                 -             HS65_LS_FA1X4     0.000   2.411    2.289  
      datapath_module/alu_module/mul_44_34/g11716                 B0 v -> CO v  HS65_LS_FA1X4     0.121   2.532    2.410  
      datapath_module/alu_module/mul_44_34/g11693                 -             HS65_LS_FA1X4     0.000   2.532    2.410  
      datapath_module/alu_module/mul_44_34/g11693                 CI v -> CO v  HS65_LS_FA1X4     0.126   2.658    2.536  
      datapath_module/alu_module/mul_44_34/g12747                 -             HS65_LS_PAO2X9    0.000   2.658    2.537  
      datapath_module/alu_module/mul_44_34/g12747                 P v -> Z v    HS65_LS_PAO2X9    0.083   2.742    2.620  
      datapath_module/alu_module/mul_44_34/g11662                 -             HS65_LS_FA1X4     0.000   2.742    2.620  
      datapath_module/alu_module/mul_44_34/g11662                 CI v -> CO v  HS65_LS_FA1X4     0.104   2.845    2.724  
      datapath_module/alu_module/mul_44_34/g11650                 -             HS65_LS_FA1X4     0.000   2.845    2.724  
      datapath_module/alu_module/mul_44_34/g11650                 CI v -> CO v  HS65_LS_FA1X4     0.112   2.957    2.836  
      datapath_module/alu_module/mul_44_34/g12784                 -             HS65_LS_FA1X4     0.000   2.957    2.836  
      datapath_module/alu_module/mul_44_34/g12784                 CI v -> CO v  HS65_LS_FA1X4     0.112   3.070    2.948  
      datapath_module/alu_module/mul_44_34/g11632                 -             HS65_LS_FA1X4     0.000   3.070    2.948  
      datapath_module/alu_module/mul_44_34/g11632                 CI v -> CO v  HS65_LS_FA1X4     0.112   3.182    3.060  
      datapath_module/alu_module/mul_44_34/g11624                 -             HS65_LS_FA1X4     0.000   3.182    3.060  
      datapath_module/alu_module/mul_44_34/g11624                 CI v -> CO v  HS65_LS_FA1X4     0.112   3.294    3.172  
      datapath_module/alu_module/mul_44_34/g11617                 -             HS65_LS_FA1X4     0.000   3.294    3.172  
      datapath_module/alu_module/mul_44_34/g11617                 CI v -> CO v  HS65_LS_FA1X4     0.112   3.406    3.284  
      datapath_module/alu_module/mul_44_34/g12783                 -             HS65_LS_FA1X4     0.000   3.406    3.284  
      datapath_module/alu_module/mul_44_34/g12783                 CI v -> CO v  HS65_LS_FA1X4     0.112   3.518    3.396  
      datapath_module/alu_module/mul_44_34/g12782                 -             HS65_LS_FA1X4     0.000   3.518    3.396  
      datapath_module/alu_module/mul_44_34/g12782                 CI v -> CO v  HS65_LS_FA1X4     0.112   3.630    3.508  
      datapath_module/alu_module/mul_44_34/g12781                 -             HS65_LS_FA1X4     0.000   3.630    3.508  
      datapath_module/alu_module/mul_44_34/g12781                 CI v -> CO v  HS65_LS_FA1X4     0.112   3.742    3.620  
      datapath_module/alu_module/mul_44_34/g12780                 -             HS65_LS_FA1X4     0.000   3.742    3.620  
      datapath_module/alu_module/mul_44_34/g12780                 CI v -> CO v  HS65_LS_FA1X4     0.112   3.854    3.732  
      datapath_module/alu_module/mul_44_34/g12779                 -             HS65_LS_FA1X4     0.000   3.854    3.732  
      datapath_module/alu_module/mul_44_34/g12779                 CI v -> CO v  HS65_LS_FA1X4     0.112   3.966    3.844  
      datapath_module/alu_module/mul_44_34/g12778                 -             HS65_LS_FA1X4     0.000   3.966    3.844  
      datapath_module/alu_module/mul_44_34/g12778                 CI v -> CO v  HS65_LS_FA1X4     0.117   4.083    3.962  
      datapath_module/alu_module/mul_44_34/g12777                 -             HS65_LS_FA1X9     0.000   4.084    3.962  
      datapath_module/alu_module/mul_44_34/g12777                 CI v -> CO v  HS65_LS_FA1X9     0.097   4.181    4.059  
      datapath_module/alu_module/mul_44_34/g12776                 -             HS65_LS_FA1X9     0.000   4.181    4.059  
      datapath_module/alu_module/mul_44_34/g12776                 CI v -> CO v  HS65_LS_FA1X9     0.090   4.271    4.149  
      datapath_module/alu_module/mul_44_34/g12775                 -             HS65_LS_FA1X9     0.000   4.271    4.149  
      datapath_module/alu_module/mul_44_34/g12775                 CI v -> CO v  HS65_LS_FA1X9     0.090   4.360    4.238  
      datapath_module/alu_module/mul_44_34/g12774                 -             HS65_LS_FA1X9     0.000   4.360    4.238  
      datapath_module/alu_module/mul_44_34/g12774                 CI v -> CO v  HS65_LS_FA1X9     0.090   4.450    4.328  
      datapath_module/alu_module/mul_44_34/g12773                 -             HS65_LS_FA1X9     0.000   4.450    4.328  
      datapath_module/alu_module/mul_44_34/g12773                 CI v -> CO v  HS65_LS_FA1X9     0.090   4.540    4.418  
      datapath_module/alu_module/mul_44_34/g12772                 -             HS65_LS_FA1X9     0.000   4.540    4.418  
      datapath_module/alu_module/mul_44_34/g12772                 CI v -> CO v  HS65_LS_FA1X9     0.090   4.629    4.507  
      datapath_module/alu_module/mul_44_34/g12771                 -             HS65_LS_FA1X9     0.000   4.629    4.507  
      datapath_module/alu_module/mul_44_34/g12771                 CI v -> CO v  HS65_LS_FA1X9     0.090   4.719    4.597  
      datapath_module/alu_module/mul_44_34/g12770                 -             HS65_LS_FA1X9     0.000   4.719    4.597  
      datapath_module/alu_module/mul_44_34/g12770                 CI v -> CO v  HS65_LS_FA1X9     0.090   4.808    4.686  
      datapath_module/alu_module/mul_44_34/g12769                 -             HS65_LS_FA1X9     0.000   4.808    4.686  
      datapath_module/alu_module/mul_44_34/g12769                 CI v -> CO v  HS65_LS_FA1X9     0.090   4.898    4.776  
      datapath_module/alu_module/mul_44_34/g12768                 -             HS65_LS_FA1X9     0.000   4.898    4.776  
      datapath_module/alu_module/mul_44_34/g12768                 CI v -> CO v  HS65_LS_FA1X9     0.090   4.988    4.866  
      datapath_module/alu_module/mul_44_34/g12767                 -             HS65_LS_FA1X9     0.000   4.988    4.866  
      datapath_module/alu_module/mul_44_34/g12767                 CI v -> CO v  HS65_LS_FA1X9     0.087   5.074    4.952  
      datapath_module/alu_module/mul_44_34/g12766                 -             HS65_LS_FA1X4     0.000   5.074    4.952  
      datapath_module/alu_module/mul_44_34/g12766                 CI v -> S0 ^  HS65_LS_FA1X4     0.159   5.233    5.111  
      datapath_module/alu_module/g6799                            -             HS65_LS_AO112X18  0.000   5.233    5.111  
      datapath_module/alu_module/g6799                            B ^ -> Z ^    HS65_LS_AO112X18  0.140   5.373    5.252  
      datapath_module/reg_file_module/reg_memory_reg[28][30]1888  -             HS65_LS_SDFPHQX9  0.020   5.393    5.271  
      ---------------------------------------------------------------------------------------------------------------------
     Clock Rise Edge                      0.000
     = Beginpoint Arrival Time            0.000
     Other End Path:
      -------------------------------------------------------------------------------------------------------------------
      Instance                                                    Arc         Cell              Retime  Arrival  Required  
                                                                                                Delay   Time     Time  
      -------------------------------------------------------------------------------------------------------------------
      -                                                           clock ^     -                 -       0.000    0.122  
      CTS_ccl_a_buf_00036                                         -           HS65_LS_BFX284    0.000   0.000    0.122  
      CTS_ccl_a_buf_00036                                         A ^ -> Z ^  HS65_LS_BFX284    0.000   0.000    0.122  
      datapath_module/reg_file_module/CTS_ccl_a_buf_00029         -           HS65_LS_BFX284    0.000   0.000    0.122  
      datapath_module/reg_file_module/CTS_ccl_a_buf_00029         A ^ -> Z ^  HS65_LS_BFX284    0.000   0.000    0.122  
      datapath_module/reg_file_module/reg_memory_reg[28][30]1888  -           HS65_LS_SDFPHQX9  0.000   0.000    0.122  
      -------------------------------------------------------------------------------------------------------------------
Path 45: VIOLATED Setup Check with Pin datapath_module/reg_file_module/reg_memory_reg[27][30]1824/CP 
Endpoint:   datapath_module/reg_file_module/reg_memory_reg[27][30]1824/D (^) checked with  leading edge of 'clock'
Beginpoint: IFU_module/PC_reg[3]/Q                                       (^) triggered by  leading edge of 'clock'
Path Groups: {clock}
Retime Analysis { Data Path-Slew }
Other End Arrival Time          0.000
- Setup                        -0.171
+ Phase Shift                   7.100
- Uncertainty                   2.000
= Required Time                 5.271
- Arrival Time                  5.393
= Slack Time                   -0.122
= Slack Time(original)         -0.158
     Clock Rise Edge                      0.000
     = Beginpoint Arrival Time            0.000
     Timing Path:
      ---------------------------------------------------------------------------------------------------------------------
      Instance                                                    Arc           Cell              Retime  Arrival  Required  
                                                                                                  Delay   Time     Time  
      ---------------------------------------------------------------------------------------------------------------------
      -                                                           clock ^       -                 -       0.000    -0.122  
      CTS_ccl_a_buf_00036                                         -             HS65_LS_BFX284    0.000   0.000    -0.122  
      CTS_ccl_a_buf_00036                                         A ^ -> Z ^    HS65_LS_BFX284    0.000   0.000    -0.122  
      CTS_ccl_a_buf_00025                                         -             HS65_LS_BFX284    0.000   0.000    -0.122  
      CTS_ccl_a_buf_00025                                         A ^ -> Z ^    HS65_LS_BFX284    0.000   0.000    -0.122  
      IFU_module/PC_reg[3]                                        -             HS65_LS_SDFPRQX4  0.000   0.000    -0.122  
      IFU_module/PC_reg[3]                                        CP ^ -> Q ^   HS65_LS_SDFPRQX4  0.842   0.842    0.720  
      IFU_module/instr_mem/FE_OFC25_instruction_code_22           -             HS65_LS_IVX7      0.004   0.845    0.723  
      IFU_module/instr_mem/FE_OFC25_instruction_code_22           A ^ -> Z v    HS65_LS_IVX7      0.078   0.923    0.801  
      IFU_module/instr_mem/g723                                   -             HS65_LS_AO22X9    0.000   0.923    0.801  
      IFU_module/instr_mem/g723                                   D v -> Z v    HS65_LS_AO22X9    0.127   1.050    0.928  
      datapath_module/reg_file_module/g21715                      -             HS65_LS_NOR2X6    0.001   1.052    0.930  
      datapath_module/reg_file_module/g21715                      B v -> Z ^    HS65_LS_NOR2X6    0.074   1.126    1.004  
      datapath_module/reg_file_module/g21954                      -             HS65_LS_NOR2AX3   0.000   1.126    1.004  
      datapath_module/reg_file_module/g21954                      A ^ -> Z ^    HS65_LS_NOR2AX3   0.157   1.283    1.161  
      datapath_module/reg_file_module/FE_RC_119_0                 -             HS65_LS_NOR2X6    0.000   1.283    1.161  
      datapath_module/reg_file_module/FE_RC_119_0                 A ^ -> Z v    HS65_LS_NOR2X6    0.058   1.341    1.219  
      datapath_module/reg_file_module/g21186                      -             HS65_LS_AND2X4    0.000   1.341    1.219  
      datapath_module/reg_file_module/g21186                      B v -> Z v    HS65_LS_AND2X4    0.062   1.403    1.281  
      datapath_module/reg_file_module/g21955                      -             HS65_LS_OR3ABCX9  0.000   1.403    1.281  
      datapath_module/reg_file_module/g21955                      C v -> Z ^    HS65_LS_OR3ABCX9  0.190   1.593    1.471  
      datapath_module/alu_module/mul_44_34/FE_OFC21_read_data2_1  -             HS65_LS_BFX9      0.010   1.603    1.481  
      datapath_module/alu_module/mul_44_34/FE_OFC21_read_data2_1  A ^ -> Z ^    HS65_LS_BFX9      0.234   1.837    1.715  
      datapath_module/alu_module/mul_44_34/FE_OFC23_read_data2_1  -             HS65_LS_IVX9      0.009   1.846    1.724  
      datapath_module/alu_module/mul_44_34/FE_OFC23_read_data2_1  A ^ -> Z v    HS65_LS_IVX9      0.216   2.062    1.940  
      datapath_module/alu_module/mul_44_34/g12328                 -             HS65_LS_OAI22X6   0.009   2.071    1.949  
      datapath_module/alu_module/mul_44_34/g12328                 D v -> Z ^    HS65_LS_OAI22X6   0.106   2.177    2.055  
      datapath_module/alu_module/mul_44_34/g12765                 -             HS65_LS_AO22X9    0.000   2.177    2.055  
      datapath_module/alu_module/mul_44_34/g12765                 D ^ -> Z ^    HS65_LS_AO22X9    0.087   2.264    2.142  
      datapath_module/alu_module/mul_44_34/g11783                 -             HS65_LS_FA1X4     0.000   2.264    2.142  
      datapath_module/alu_module/mul_44_34/g11783                 B0 ^ -> S0 v  HS65_LS_FA1X4     0.147   2.411    2.289  
      datapath_module/alu_module/mul_44_34/g11716                 -             HS65_LS_FA1X4     0.000   2.411    2.289  
      datapath_module/alu_module/mul_44_34/g11716                 B0 v -> CO v  HS65_LS_FA1X4     0.121   2.532    2.410  
      datapath_module/alu_module/mul_44_34/g11693                 -             HS65_LS_FA1X4     0.000   2.532    2.410  
      datapath_module/alu_module/mul_44_34/g11693                 CI v -> CO v  HS65_LS_FA1X4     0.126   2.658    2.536  
      datapath_module/alu_module/mul_44_34/g12747                 -             HS65_LS_PAO2X9    0.000   2.658    2.537  
      datapath_module/alu_module/mul_44_34/g12747                 P v -> Z v    HS65_LS_PAO2X9    0.083   2.742    2.620  
      datapath_module/alu_module/mul_44_34/g11662                 -             HS65_LS_FA1X4     0.000   2.742    2.620  
      datapath_module/alu_module/mul_44_34/g11662                 CI v -> CO v  HS65_LS_FA1X4     0.104   2.845    2.724  
      datapath_module/alu_module/mul_44_34/g11650                 -             HS65_LS_FA1X4     0.000   2.845    2.724  
      datapath_module/alu_module/mul_44_34/g11650                 CI v -> CO v  HS65_LS_FA1X4     0.112   2.957    2.836  
      datapath_module/alu_module/mul_44_34/g12784                 -             HS65_LS_FA1X4     0.000   2.957    2.836  
      datapath_module/alu_module/mul_44_34/g12784                 CI v -> CO v  HS65_LS_FA1X4     0.112   3.070    2.948  
      datapath_module/alu_module/mul_44_34/g11632                 -             HS65_LS_FA1X4     0.000   3.070    2.948  
      datapath_module/alu_module/mul_44_34/g11632                 CI v -> CO v  HS65_LS_FA1X4     0.112   3.182    3.060  
      datapath_module/alu_module/mul_44_34/g11624                 -             HS65_LS_FA1X4     0.000   3.182    3.060  
      datapath_module/alu_module/mul_44_34/g11624                 CI v -> CO v  HS65_LS_FA1X4     0.112   3.294    3.172  
      datapath_module/alu_module/mul_44_34/g11617                 -             HS65_LS_FA1X4     0.000   3.294    3.172  
      datapath_module/alu_module/mul_44_34/g11617                 CI v -> CO v  HS65_LS_FA1X4     0.112   3.406    3.284  
      datapath_module/alu_module/mul_44_34/g12783                 -             HS65_LS_FA1X4     0.000   3.406    3.284  
      datapath_module/alu_module/mul_44_34/g12783                 CI v -> CO v  HS65_LS_FA1X4     0.112   3.518    3.396  
      datapath_module/alu_module/mul_44_34/g12782                 -             HS65_LS_FA1X4     0.000   3.518    3.396  
      datapath_module/alu_module/mul_44_34/g12782                 CI v -> CO v  HS65_LS_FA1X4     0.112   3.630    3.508  
      datapath_module/alu_module/mul_44_34/g12781                 -             HS65_LS_FA1X4     0.000   3.630    3.508  
      datapath_module/alu_module/mul_44_34/g12781                 CI v -> CO v  HS65_LS_FA1X4     0.112   3.742    3.620  
      datapath_module/alu_module/mul_44_34/g12780                 -             HS65_LS_FA1X4     0.000   3.742    3.620  
      datapath_module/alu_module/mul_44_34/g12780                 CI v -> CO v  HS65_LS_FA1X4     0.112   3.854    3.732  
      datapath_module/alu_module/mul_44_34/g12779                 -             HS65_LS_FA1X4     0.000   3.854    3.732  
      datapath_module/alu_module/mul_44_34/g12779                 CI v -> CO v  HS65_LS_FA1X4     0.112   3.966    3.844  
      datapath_module/alu_module/mul_44_34/g12778                 -             HS65_LS_FA1X4     0.000   3.966    3.844  
      datapath_module/alu_module/mul_44_34/g12778                 CI v -> CO v  HS65_LS_FA1X4     0.117   4.083    3.962  
      datapath_module/alu_module/mul_44_34/g12777                 -             HS65_LS_FA1X9     0.000   4.084    3.962  
      datapath_module/alu_module/mul_44_34/g12777                 CI v -> CO v  HS65_LS_FA1X9     0.097   4.181    4.059  
      datapath_module/alu_module/mul_44_34/g12776                 -             HS65_LS_FA1X9     0.000   4.181    4.059  
      datapath_module/alu_module/mul_44_34/g12776                 CI v -> CO v  HS65_LS_FA1X9     0.090   4.271    4.149  
      datapath_module/alu_module/mul_44_34/g12775                 -             HS65_LS_FA1X9     0.000   4.271    4.149  
      datapath_module/alu_module/mul_44_34/g12775                 CI v -> CO v  HS65_LS_FA1X9     0.090   4.360    4.238  
      datapath_module/alu_module/mul_44_34/g12774                 -             HS65_LS_FA1X9     0.000   4.360    4.238  
      datapath_module/alu_module/mul_44_34/g12774                 CI v -> CO v  HS65_LS_FA1X9     0.090   4.450    4.328  
      datapath_module/alu_module/mul_44_34/g12773                 -             HS65_LS_FA1X9     0.000   4.450    4.328  
      datapath_module/alu_module/mul_44_34/g12773                 CI v -> CO v  HS65_LS_FA1X9     0.090   4.540    4.418  
      datapath_module/alu_module/mul_44_34/g12772                 -             HS65_LS_FA1X9     0.000   4.540    4.418  
      datapath_module/alu_module/mul_44_34/g12772                 CI v -> CO v  HS65_LS_FA1X9     0.090   4.629    4.507  
      datapath_module/alu_module/mul_44_34/g12771                 -             HS65_LS_FA1X9     0.000   4.629    4.507  
      datapath_module/alu_module/mul_44_34/g12771                 CI v -> CO v  HS65_LS_FA1X9     0.090   4.719    4.597  
      datapath_module/alu_module/mul_44_34/g12770                 -             HS65_LS_FA1X9     0.000   4.719    4.597  
      datapath_module/alu_module/mul_44_34/g12770                 CI v -> CO v  HS65_LS_FA1X9     0.090   4.808    4.686  
      datapath_module/alu_module/mul_44_34/g12769                 -             HS65_LS_FA1X9     0.000   4.808    4.686  
      datapath_module/alu_module/mul_44_34/g12769                 CI v -> CO v  HS65_LS_FA1X9     0.090   4.898    4.776  
      datapath_module/alu_module/mul_44_34/g12768                 -             HS65_LS_FA1X9     0.000   4.898    4.776  
      datapath_module/alu_module/mul_44_34/g12768                 CI v -> CO v  HS65_LS_FA1X9     0.090   4.988    4.866  
      datapath_module/alu_module/mul_44_34/g12767                 -             HS65_LS_FA1X9     0.000   4.988    4.866  
      datapath_module/alu_module/mul_44_34/g12767                 CI v -> CO v  HS65_LS_FA1X9     0.087   5.074    4.952  
      datapath_module/alu_module/mul_44_34/g12766                 -             HS65_LS_FA1X4     0.000   5.074    4.952  
      datapath_module/alu_module/mul_44_34/g12766                 CI v -> S0 ^  HS65_LS_FA1X4     0.159   5.233    5.111  
      datapath_module/alu_module/g6799                            -             HS65_LS_AO112X18  0.000   5.233    5.111  
      datapath_module/alu_module/g6799                            B ^ -> Z ^    HS65_LS_AO112X18  0.140   5.373    5.252  
      datapath_module/reg_file_module/reg_memory_reg[27][30]1824  -             HS65_LS_SDFPHQX9  0.020   5.393    5.271  
      ---------------------------------------------------------------------------------------------------------------------
     Clock Rise Edge                      0.000
     = Beginpoint Arrival Time            0.000
     Other End Path:
      -------------------------------------------------------------------------------------------------------------------
      Instance                                                    Arc         Cell              Retime  Arrival  Required  
                                                                                                Delay   Time     Time  
      -------------------------------------------------------------------------------------------------------------------
      -                                                           clock ^     -                 -       0.000    0.122  
      CTS_ccl_a_buf_00036                                         -           HS65_LS_BFX284    0.000   0.000    0.122  
      CTS_ccl_a_buf_00036                                         A ^ -> Z ^  HS65_LS_BFX284    0.000   0.000    0.122  
      datapath_module/reg_file_module/CTS_ccl_a_buf_00029         -           HS65_LS_BFX284    0.000   0.000    0.122  
      datapath_module/reg_file_module/CTS_ccl_a_buf_00029         A ^ -> Z ^  HS65_LS_BFX284    0.000   0.000    0.122  
      datapath_module/reg_file_module/reg_memory_reg[27][30]1824  -           HS65_LS_SDFPHQX9  0.000   0.000    0.122  
      -------------------------------------------------------------------------------------------------------------------
Path 46: VIOLATED Setup Check with Pin datapath_module/reg_file_module/reg_memory_reg[26][30]1760/CP 
Endpoint:   datapath_module/reg_file_module/reg_memory_reg[26][30]1760/D (^) checked with  leading edge of 'clock'
Beginpoint: IFU_module/PC_reg[3]/Q                                       (^) triggered by  leading edge of 'clock'
Path Groups: {clock}
Retime Analysis { Data Path-Slew }
Other End Arrival Time          0.000
- Setup                        -0.171
+ Phase Shift                   7.100
- Uncertainty                   2.000
= Required Time                 5.271
- Arrival Time                  5.393
= Slack Time                   -0.122
= Slack Time(original)         -0.158
     Clock Rise Edge                      0.000
     = Beginpoint Arrival Time            0.000
     Timing Path:
      ---------------------------------------------------------------------------------------------------------------------
      Instance                                                    Arc           Cell              Retime  Arrival  Required  
                                                                                                  Delay   Time     Time  
      ---------------------------------------------------------------------------------------------------------------------
      -                                                           clock ^       -                 -       0.000    -0.122  
      CTS_ccl_a_buf_00036                                         -             HS65_LS_BFX284    0.000   0.000    -0.122  
      CTS_ccl_a_buf_00036                                         A ^ -> Z ^    HS65_LS_BFX284    0.000   0.000    -0.122  
      CTS_ccl_a_buf_00025                                         -             HS65_LS_BFX284    0.000   0.000    -0.122  
      CTS_ccl_a_buf_00025                                         A ^ -> Z ^    HS65_LS_BFX284    0.000   0.000    -0.122  
      IFU_module/PC_reg[3]                                        -             HS65_LS_SDFPRQX4  0.000   0.000    -0.122  
      IFU_module/PC_reg[3]                                        CP ^ -> Q ^   HS65_LS_SDFPRQX4  0.842   0.842    0.720  
      IFU_module/instr_mem/FE_OFC25_instruction_code_22           -             HS65_LS_IVX7      0.004   0.845    0.723  
      IFU_module/instr_mem/FE_OFC25_instruction_code_22           A ^ -> Z v    HS65_LS_IVX7      0.078   0.923    0.801  
      IFU_module/instr_mem/g723                                   -             HS65_LS_AO22X9    0.000   0.923    0.801  
      IFU_module/instr_mem/g723                                   D v -> Z v    HS65_LS_AO22X9    0.127   1.050    0.928  
      datapath_module/reg_file_module/g21715                      -             HS65_LS_NOR2X6    0.001   1.052    0.930  
      datapath_module/reg_file_module/g21715                      B v -> Z ^    HS65_LS_NOR2X6    0.074   1.126    1.004  
      datapath_module/reg_file_module/g21954                      -             HS65_LS_NOR2AX3   0.000   1.126    1.004  
      datapath_module/reg_file_module/g21954                      A ^ -> Z ^    HS65_LS_NOR2AX3   0.157   1.283    1.161  
      datapath_module/reg_file_module/FE_RC_119_0                 -             HS65_LS_NOR2X6    0.000   1.283    1.161  
      datapath_module/reg_file_module/FE_RC_119_0                 A ^ -> Z v    HS65_LS_NOR2X6    0.058   1.341    1.219  
      datapath_module/reg_file_module/g21186                      -             HS65_LS_AND2X4    0.000   1.341    1.219  
      datapath_module/reg_file_module/g21186                      B v -> Z v    HS65_LS_AND2X4    0.062   1.403    1.281  
      datapath_module/reg_file_module/g21955                      -             HS65_LS_OR3ABCX9  0.000   1.403    1.281  
      datapath_module/reg_file_module/g21955                      C v -> Z ^    HS65_LS_OR3ABCX9  0.190   1.593    1.471  
      datapath_module/alu_module/mul_44_34/FE_OFC21_read_data2_1  -             HS65_LS_BFX9      0.010   1.603    1.481  
      datapath_module/alu_module/mul_44_34/FE_OFC21_read_data2_1  A ^ -> Z ^    HS65_LS_BFX9      0.234   1.837    1.715  
      datapath_module/alu_module/mul_44_34/FE_OFC23_read_data2_1  -             HS65_LS_IVX9      0.009   1.846    1.724  
      datapath_module/alu_module/mul_44_34/FE_OFC23_read_data2_1  A ^ -> Z v    HS65_LS_IVX9      0.216   2.062    1.940  
      datapath_module/alu_module/mul_44_34/g12328                 -             HS65_LS_OAI22X6   0.009   2.071    1.949  
      datapath_module/alu_module/mul_44_34/g12328                 D v -> Z ^    HS65_LS_OAI22X6   0.106   2.177    2.055  
      datapath_module/alu_module/mul_44_34/g12765                 -             HS65_LS_AO22X9    0.000   2.177    2.055  
      datapath_module/alu_module/mul_44_34/g12765                 D ^ -> Z ^    HS65_LS_AO22X9    0.087   2.264    2.142  
      datapath_module/alu_module/mul_44_34/g11783                 -             HS65_LS_FA1X4     0.000   2.264    2.142  
      datapath_module/alu_module/mul_44_34/g11783                 B0 ^ -> S0 v  HS65_LS_FA1X4     0.147   2.411    2.289  
      datapath_module/alu_module/mul_44_34/g11716                 -             HS65_LS_FA1X4     0.000   2.411    2.289  
      datapath_module/alu_module/mul_44_34/g11716                 B0 v -> CO v  HS65_LS_FA1X4     0.121   2.532    2.410  
      datapath_module/alu_module/mul_44_34/g11693                 -             HS65_LS_FA1X4     0.000   2.532    2.410  
      datapath_module/alu_module/mul_44_34/g11693                 CI v -> CO v  HS65_LS_FA1X4     0.126   2.658    2.536  
      datapath_module/alu_module/mul_44_34/g12747                 -             HS65_LS_PAO2X9    0.000   2.658    2.537  
      datapath_module/alu_module/mul_44_34/g12747                 P v -> Z v    HS65_LS_PAO2X9    0.083   2.742    2.620  
      datapath_module/alu_module/mul_44_34/g11662                 -             HS65_LS_FA1X4     0.000   2.742    2.620  
      datapath_module/alu_module/mul_44_34/g11662                 CI v -> CO v  HS65_LS_FA1X4     0.104   2.845    2.724  
      datapath_module/alu_module/mul_44_34/g11650                 -             HS65_LS_FA1X4     0.000   2.845    2.724  
      datapath_module/alu_module/mul_44_34/g11650                 CI v -> CO v  HS65_LS_FA1X4     0.112   2.957    2.836  
      datapath_module/alu_module/mul_44_34/g12784                 -             HS65_LS_FA1X4     0.000   2.957    2.836  
      datapath_module/alu_module/mul_44_34/g12784                 CI v -> CO v  HS65_LS_FA1X4     0.112   3.070    2.948  
      datapath_module/alu_module/mul_44_34/g11632                 -             HS65_LS_FA1X4     0.000   3.070    2.948  
      datapath_module/alu_module/mul_44_34/g11632                 CI v -> CO v  HS65_LS_FA1X4     0.112   3.182    3.060  
      datapath_module/alu_module/mul_44_34/g11624                 -             HS65_LS_FA1X4     0.000   3.182    3.060  
      datapath_module/alu_module/mul_44_34/g11624                 CI v -> CO v  HS65_LS_FA1X4     0.112   3.294    3.172  
      datapath_module/alu_module/mul_44_34/g11617                 -             HS65_LS_FA1X4     0.000   3.294    3.172  
      datapath_module/alu_module/mul_44_34/g11617                 CI v -> CO v  HS65_LS_FA1X4     0.112   3.406    3.284  
      datapath_module/alu_module/mul_44_34/g12783                 -             HS65_LS_FA1X4     0.000   3.406    3.284  
      datapath_module/alu_module/mul_44_34/g12783                 CI v -> CO v  HS65_LS_FA1X4     0.112   3.518    3.396  
      datapath_module/alu_module/mul_44_34/g12782                 -             HS65_LS_FA1X4     0.000   3.518    3.396  
      datapath_module/alu_module/mul_44_34/g12782                 CI v -> CO v  HS65_LS_FA1X4     0.112   3.630    3.508  
      datapath_module/alu_module/mul_44_34/g12781                 -             HS65_LS_FA1X4     0.000   3.630    3.508  
      datapath_module/alu_module/mul_44_34/g12781                 CI v -> CO v  HS65_LS_FA1X4     0.112   3.742    3.620  
      datapath_module/alu_module/mul_44_34/g12780                 -             HS65_LS_FA1X4     0.000   3.742    3.620  
      datapath_module/alu_module/mul_44_34/g12780                 CI v -> CO v  HS65_LS_FA1X4     0.112   3.854    3.732  
      datapath_module/alu_module/mul_44_34/g12779                 -             HS65_LS_FA1X4     0.000   3.854    3.732  
      datapath_module/alu_module/mul_44_34/g12779                 CI v -> CO v  HS65_LS_FA1X4     0.112   3.966    3.844  
      datapath_module/alu_module/mul_44_34/g12778                 -             HS65_LS_FA1X4     0.000   3.966    3.844  
      datapath_module/alu_module/mul_44_34/g12778                 CI v -> CO v  HS65_LS_FA1X4     0.117   4.083    3.962  
      datapath_module/alu_module/mul_44_34/g12777                 -             HS65_LS_FA1X9     0.000   4.084    3.962  
      datapath_module/alu_module/mul_44_34/g12777                 CI v -> CO v  HS65_LS_FA1X9     0.097   4.181    4.059  
      datapath_module/alu_module/mul_44_34/g12776                 -             HS65_LS_FA1X9     0.000   4.181    4.059  
      datapath_module/alu_module/mul_44_34/g12776                 CI v -> CO v  HS65_LS_FA1X9     0.090   4.271    4.149  
      datapath_module/alu_module/mul_44_34/g12775                 -             HS65_LS_FA1X9     0.000   4.271    4.149  
      datapath_module/alu_module/mul_44_34/g12775                 CI v -> CO v  HS65_LS_FA1X9     0.090   4.360    4.238  
      datapath_module/alu_module/mul_44_34/g12774                 -             HS65_LS_FA1X9     0.000   4.360    4.238  
      datapath_module/alu_module/mul_44_34/g12774                 CI v -> CO v  HS65_LS_FA1X9     0.090   4.450    4.328  
      datapath_module/alu_module/mul_44_34/g12773                 -             HS65_LS_FA1X9     0.000   4.450    4.328  
      datapath_module/alu_module/mul_44_34/g12773                 CI v -> CO v  HS65_LS_FA1X9     0.090   4.540    4.418  
      datapath_module/alu_module/mul_44_34/g12772                 -             HS65_LS_FA1X9     0.000   4.540    4.418  
      datapath_module/alu_module/mul_44_34/g12772                 CI v -> CO v  HS65_LS_FA1X9     0.090   4.629    4.507  
      datapath_module/alu_module/mul_44_34/g12771                 -             HS65_LS_FA1X9     0.000   4.629    4.507  
      datapath_module/alu_module/mul_44_34/g12771                 CI v -> CO v  HS65_LS_FA1X9     0.090   4.719    4.597  
      datapath_module/alu_module/mul_44_34/g12770                 -             HS65_LS_FA1X9     0.000   4.719    4.597  
      datapath_module/alu_module/mul_44_34/g12770                 CI v -> CO v  HS65_LS_FA1X9     0.090   4.808    4.686  
      datapath_module/alu_module/mul_44_34/g12769                 -             HS65_LS_FA1X9     0.000   4.808    4.686  
      datapath_module/alu_module/mul_44_34/g12769                 CI v -> CO v  HS65_LS_FA1X9     0.090   4.898    4.776  
      datapath_module/alu_module/mul_44_34/g12768                 -             HS65_LS_FA1X9     0.000   4.898    4.776  
      datapath_module/alu_module/mul_44_34/g12768                 CI v -> CO v  HS65_LS_FA1X9     0.090   4.988    4.866  
      datapath_module/alu_module/mul_44_34/g12767                 -             HS65_LS_FA1X9     0.000   4.988    4.866  
      datapath_module/alu_module/mul_44_34/g12767                 CI v -> CO v  HS65_LS_FA1X9     0.087   5.074    4.952  
      datapath_module/alu_module/mul_44_34/g12766                 -             HS65_LS_FA1X4     0.000   5.074    4.952  
      datapath_module/alu_module/mul_44_34/g12766                 CI v -> S0 ^  HS65_LS_FA1X4     0.159   5.233    5.111  
      datapath_module/alu_module/g6799                            -             HS65_LS_AO112X18  0.000   5.233    5.111  
      datapath_module/alu_module/g6799                            B ^ -> Z ^    HS65_LS_AO112X18  0.140   5.373    5.252  
      datapath_module/reg_file_module/reg_memory_reg[26][30]1760  -             HS65_LS_SDFPHQX9  0.020   5.393    5.271  
      ---------------------------------------------------------------------------------------------------------------------
     Clock Rise Edge                      0.000
     = Beginpoint Arrival Time            0.000
     Other End Path:
      -------------------------------------------------------------------------------------------------------------------
      Instance                                                    Arc         Cell              Retime  Arrival  Required  
                                                                                                Delay   Time     Time  
      -------------------------------------------------------------------------------------------------------------------
      -                                                           clock ^     -                 -       0.000    0.122  
      CTS_ccl_a_buf_00036                                         -           HS65_LS_BFX284    0.000   0.000    0.122  
      CTS_ccl_a_buf_00036                                         A ^ -> Z ^  HS65_LS_BFX284    0.000   0.000    0.122  
      datapath_module/reg_file_module/CTS_ccl_a_buf_00029         -           HS65_LS_BFX284    0.000   0.000    0.122  
      datapath_module/reg_file_module/CTS_ccl_a_buf_00029         A ^ -> Z ^  HS65_LS_BFX284    0.000   0.000    0.122  
      datapath_module/reg_file_module/reg_memory_reg[26][30]1760  -           HS65_LS_SDFPHQX9  0.000   0.000    0.122  
      -------------------------------------------------------------------------------------------------------------------
Path 47: VIOLATED Setup Check with Pin datapath_module/reg_file_module/reg_memory_reg[25][30]1696/CP 
Endpoint:   datapath_module/reg_file_module/reg_memory_reg[25][30]1696/D (^) checked with  leading edge of 'clock'
Beginpoint: IFU_module/PC_reg[3]/Q                                       (^) triggered by  leading edge of 'clock'
Path Groups: {clock}
Retime Analysis { Data Path-Slew }
Other End Arrival Time          0.000
- Setup                        -0.171
+ Phase Shift                   7.100
- Uncertainty                   2.000
= Required Time                 5.271
- Arrival Time                  5.393
= Slack Time                   -0.122
= Slack Time(original)         -0.158
     Clock Rise Edge                      0.000
     = Beginpoint Arrival Time            0.000
     Timing Path:
      ---------------------------------------------------------------------------------------------------------------------
      Instance                                                    Arc           Cell              Retime  Arrival  Required  
                                                                                                  Delay   Time     Time  
      ---------------------------------------------------------------------------------------------------------------------
      -                                                           clock ^       -                 -       0.000    -0.122  
      CTS_ccl_a_buf_00036                                         -             HS65_LS_BFX284    0.000   0.000    -0.122  
      CTS_ccl_a_buf_00036                                         A ^ -> Z ^    HS65_LS_BFX284    0.000   0.000    -0.122  
      CTS_ccl_a_buf_00025                                         -             HS65_LS_BFX284    0.000   0.000    -0.122  
      CTS_ccl_a_buf_00025                                         A ^ -> Z ^    HS65_LS_BFX284    0.000   0.000    -0.122  
      IFU_module/PC_reg[3]                                        -             HS65_LS_SDFPRQX4  0.000   0.000    -0.122  
      IFU_module/PC_reg[3]                                        CP ^ -> Q ^   HS65_LS_SDFPRQX4  0.842   0.842    0.720  
      IFU_module/instr_mem/FE_OFC25_instruction_code_22           -             HS65_LS_IVX7      0.004   0.845    0.723  
      IFU_module/instr_mem/FE_OFC25_instruction_code_22           A ^ -> Z v    HS65_LS_IVX7      0.078   0.923    0.801  
      IFU_module/instr_mem/g723                                   -             HS65_LS_AO22X9    0.000   0.923    0.801  
      IFU_module/instr_mem/g723                                   D v -> Z v    HS65_LS_AO22X9    0.127   1.050    0.928  
      datapath_module/reg_file_module/g21715                      -             HS65_LS_NOR2X6    0.001   1.052    0.930  
      datapath_module/reg_file_module/g21715                      B v -> Z ^    HS65_LS_NOR2X6    0.074   1.126    1.004  
      datapath_module/reg_file_module/g21954                      -             HS65_LS_NOR2AX3   0.000   1.126    1.004  
      datapath_module/reg_file_module/g21954                      A ^ -> Z ^    HS65_LS_NOR2AX3   0.157   1.283    1.161  
      datapath_module/reg_file_module/FE_RC_119_0                 -             HS65_LS_NOR2X6    0.000   1.283    1.161  
      datapath_module/reg_file_module/FE_RC_119_0                 A ^ -> Z v    HS65_LS_NOR2X6    0.058   1.341    1.219  
      datapath_module/reg_file_module/g21186                      -             HS65_LS_AND2X4    0.000   1.341    1.219  
      datapath_module/reg_file_module/g21186                      B v -> Z v    HS65_LS_AND2X4    0.062   1.403    1.281  
      datapath_module/reg_file_module/g21955                      -             HS65_LS_OR3ABCX9  0.000   1.403    1.281  
      datapath_module/reg_file_module/g21955                      C v -> Z ^    HS65_LS_OR3ABCX9  0.190   1.593    1.471  
      datapath_module/alu_module/mul_44_34/FE_OFC21_read_data2_1  -             HS65_LS_BFX9      0.010   1.603    1.481  
      datapath_module/alu_module/mul_44_34/FE_OFC21_read_data2_1  A ^ -> Z ^    HS65_LS_BFX9      0.234   1.837    1.715  
      datapath_module/alu_module/mul_44_34/FE_OFC23_read_data2_1  -             HS65_LS_IVX9      0.009   1.846    1.724  
      datapath_module/alu_module/mul_44_34/FE_OFC23_read_data2_1  A ^ -> Z v    HS65_LS_IVX9      0.216   2.062    1.940  
      datapath_module/alu_module/mul_44_34/g12328                 -             HS65_LS_OAI22X6   0.009   2.071    1.949  
      datapath_module/alu_module/mul_44_34/g12328                 D v -> Z ^    HS65_LS_OAI22X6   0.106   2.177    2.055  
      datapath_module/alu_module/mul_44_34/g12765                 -             HS65_LS_AO22X9    0.000   2.177    2.055  
      datapath_module/alu_module/mul_44_34/g12765                 D ^ -> Z ^    HS65_LS_AO22X9    0.087   2.264    2.142  
      datapath_module/alu_module/mul_44_34/g11783                 -             HS65_LS_FA1X4     0.000   2.264    2.142  
      datapath_module/alu_module/mul_44_34/g11783                 B0 ^ -> S0 v  HS65_LS_FA1X4     0.147   2.411    2.289  
      datapath_module/alu_module/mul_44_34/g11716                 -             HS65_LS_FA1X4     0.000   2.411    2.289  
      datapath_module/alu_module/mul_44_34/g11716                 B0 v -> CO v  HS65_LS_FA1X4     0.121   2.532    2.410  
      datapath_module/alu_module/mul_44_34/g11693                 -             HS65_LS_FA1X4     0.000   2.532    2.410  
      datapath_module/alu_module/mul_44_34/g11693                 CI v -> CO v  HS65_LS_FA1X4     0.126   2.658    2.536  
      datapath_module/alu_module/mul_44_34/g12747                 -             HS65_LS_PAO2X9    0.000   2.658    2.537  
      datapath_module/alu_module/mul_44_34/g12747                 P v -> Z v    HS65_LS_PAO2X9    0.083   2.742    2.620  
      datapath_module/alu_module/mul_44_34/g11662                 -             HS65_LS_FA1X4     0.000   2.742    2.620  
      datapath_module/alu_module/mul_44_34/g11662                 CI v -> CO v  HS65_LS_FA1X4     0.104   2.845    2.724  
      datapath_module/alu_module/mul_44_34/g11650                 -             HS65_LS_FA1X4     0.000   2.845    2.724  
      datapath_module/alu_module/mul_44_34/g11650                 CI v -> CO v  HS65_LS_FA1X4     0.112   2.957    2.836  
      datapath_module/alu_module/mul_44_34/g12784                 -             HS65_LS_FA1X4     0.000   2.957    2.836  
      datapath_module/alu_module/mul_44_34/g12784                 CI v -> CO v  HS65_LS_FA1X4     0.112   3.070    2.948  
      datapath_module/alu_module/mul_44_34/g11632                 -             HS65_LS_FA1X4     0.000   3.070    2.948  
      datapath_module/alu_module/mul_44_34/g11632                 CI v -> CO v  HS65_LS_FA1X4     0.112   3.182    3.060  
      datapath_module/alu_module/mul_44_34/g11624                 -             HS65_LS_FA1X4     0.000   3.182    3.060  
      datapath_module/alu_module/mul_44_34/g11624                 CI v -> CO v  HS65_LS_FA1X4     0.112   3.294    3.172  
      datapath_module/alu_module/mul_44_34/g11617                 -             HS65_LS_FA1X4     0.000   3.294    3.172  
      datapath_module/alu_module/mul_44_34/g11617                 CI v -> CO v  HS65_LS_FA1X4     0.112   3.406    3.284  
      datapath_module/alu_module/mul_44_34/g12783                 -             HS65_LS_FA1X4     0.000   3.406    3.284  
      datapath_module/alu_module/mul_44_34/g12783                 CI v -> CO v  HS65_LS_FA1X4     0.112   3.518    3.396  
      datapath_module/alu_module/mul_44_34/g12782                 -             HS65_LS_FA1X4     0.000   3.518    3.396  
      datapath_module/alu_module/mul_44_34/g12782                 CI v -> CO v  HS65_LS_FA1X4     0.112   3.630    3.508  
      datapath_module/alu_module/mul_44_34/g12781                 -             HS65_LS_FA1X4     0.000   3.630    3.508  
      datapath_module/alu_module/mul_44_34/g12781                 CI v -> CO v  HS65_LS_FA1X4     0.112   3.742    3.620  
      datapath_module/alu_module/mul_44_34/g12780                 -             HS65_LS_FA1X4     0.000   3.742    3.620  
      datapath_module/alu_module/mul_44_34/g12780                 CI v -> CO v  HS65_LS_FA1X4     0.112   3.854    3.732  
      datapath_module/alu_module/mul_44_34/g12779                 -             HS65_LS_FA1X4     0.000   3.854    3.732  
      datapath_module/alu_module/mul_44_34/g12779                 CI v -> CO v  HS65_LS_FA1X4     0.112   3.966    3.844  
      datapath_module/alu_module/mul_44_34/g12778                 -             HS65_LS_FA1X4     0.000   3.966    3.844  
      datapath_module/alu_module/mul_44_34/g12778                 CI v -> CO v  HS65_LS_FA1X4     0.117   4.083    3.962  
      datapath_module/alu_module/mul_44_34/g12777                 -             HS65_LS_FA1X9     0.000   4.084    3.962  
      datapath_module/alu_module/mul_44_34/g12777                 CI v -> CO v  HS65_LS_FA1X9     0.097   4.181    4.059  
      datapath_module/alu_module/mul_44_34/g12776                 -             HS65_LS_FA1X9     0.000   4.181    4.059  
      datapath_module/alu_module/mul_44_34/g12776                 CI v -> CO v  HS65_LS_FA1X9     0.090   4.271    4.149  
      datapath_module/alu_module/mul_44_34/g12775                 -             HS65_LS_FA1X9     0.000   4.271    4.149  
      datapath_module/alu_module/mul_44_34/g12775                 CI v -> CO v  HS65_LS_FA1X9     0.090   4.360    4.238  
      datapath_module/alu_module/mul_44_34/g12774                 -             HS65_LS_FA1X9     0.000   4.360    4.238  
      datapath_module/alu_module/mul_44_34/g12774                 CI v -> CO v  HS65_LS_FA1X9     0.090   4.450    4.328  
      datapath_module/alu_module/mul_44_34/g12773                 -             HS65_LS_FA1X9     0.000   4.450    4.328  
      datapath_module/alu_module/mul_44_34/g12773                 CI v -> CO v  HS65_LS_FA1X9     0.090   4.540    4.418  
      datapath_module/alu_module/mul_44_34/g12772                 -             HS65_LS_FA1X9     0.000   4.540    4.418  
      datapath_module/alu_module/mul_44_34/g12772                 CI v -> CO v  HS65_LS_FA1X9     0.090   4.629    4.507  
      datapath_module/alu_module/mul_44_34/g12771                 -             HS65_LS_FA1X9     0.000   4.629    4.507  
      datapath_module/alu_module/mul_44_34/g12771                 CI v -> CO v  HS65_LS_FA1X9     0.090   4.719    4.597  
      datapath_module/alu_module/mul_44_34/g12770                 -             HS65_LS_FA1X9     0.000   4.719    4.597  
      datapath_module/alu_module/mul_44_34/g12770                 CI v -> CO v  HS65_LS_FA1X9     0.090   4.808    4.686  
      datapath_module/alu_module/mul_44_34/g12769                 -             HS65_LS_FA1X9     0.000   4.808    4.686  
      datapath_module/alu_module/mul_44_34/g12769                 CI v -> CO v  HS65_LS_FA1X9     0.090   4.898    4.776  
      datapath_module/alu_module/mul_44_34/g12768                 -             HS65_LS_FA1X9     0.000   4.898    4.776  
      datapath_module/alu_module/mul_44_34/g12768                 CI v -> CO v  HS65_LS_FA1X9     0.090   4.988    4.866  
      datapath_module/alu_module/mul_44_34/g12767                 -             HS65_LS_FA1X9     0.000   4.988    4.866  
      datapath_module/alu_module/mul_44_34/g12767                 CI v -> CO v  HS65_LS_FA1X9     0.087   5.074    4.952  
      datapath_module/alu_module/mul_44_34/g12766                 -             HS65_LS_FA1X4     0.000   5.074    4.952  
      datapath_module/alu_module/mul_44_34/g12766                 CI v -> S0 ^  HS65_LS_FA1X4     0.159   5.233    5.111  
      datapath_module/alu_module/g6799                            -             HS65_LS_AO112X18  0.000   5.233    5.111  
      datapath_module/alu_module/g6799                            B ^ -> Z ^    HS65_LS_AO112X18  0.140   5.373    5.252  
      datapath_module/reg_file_module/reg_memory_reg[25][30]1696  -             HS65_LS_SDFPHQX9  0.020   5.393    5.271  
      ---------------------------------------------------------------------------------------------------------------------
     Clock Rise Edge                      0.000
     = Beginpoint Arrival Time            0.000
     Other End Path:
      -------------------------------------------------------------------------------------------------------------------
      Instance                                                    Arc         Cell              Retime  Arrival  Required  
                                                                                                Delay   Time     Time  
      -------------------------------------------------------------------------------------------------------------------
      -                                                           clock ^     -                 -       0.000    0.122  
      CTS_ccl_a_buf_00036                                         -           HS65_LS_BFX284    0.000   0.000    0.122  
      CTS_ccl_a_buf_00036                                         A ^ -> Z ^  HS65_LS_BFX284    0.000   0.000    0.122  
      datapath_module/reg_file_module/CTS_ccl_a_buf_00015         -           HS65_LS_BFX284    0.000   0.000    0.122  
      datapath_module/reg_file_module/CTS_ccl_a_buf_00015         A ^ -> Z ^  HS65_LS_BFX284    0.000   0.000    0.122  
      datapath_module/reg_file_module/reg_memory_reg[25][30]1696  -           HS65_LS_SDFPHQX9  0.000   0.000    0.122  
      -------------------------------------------------------------------------------------------------------------------
Path 48: VIOLATED Setup Check with Pin datapath_module/reg_file_module/reg_memory_reg[24][30]1632/CP 
Endpoint:   datapath_module/reg_file_module/reg_memory_reg[24][30]1632/D (^) checked with  leading edge of 'clock'
Beginpoint: IFU_module/PC_reg[3]/Q                                       (^) triggered by  leading edge of 'clock'
Path Groups: {clock}
Retime Analysis { Data Path-Slew }
Other End Arrival Time          0.000
- Setup                        -0.171
+ Phase Shift                   7.100
- Uncertainty                   2.000
= Required Time                 5.271
- Arrival Time                  5.393
= Slack Time                   -0.122
= Slack Time(original)         -0.158
     Clock Rise Edge                      0.000
     = Beginpoint Arrival Time            0.000
     Timing Path:
      ---------------------------------------------------------------------------------------------------------------------
      Instance                                                    Arc           Cell              Retime  Arrival  Required  
                                                                                                  Delay   Time     Time  
      ---------------------------------------------------------------------------------------------------------------------
      -                                                           clock ^       -                 -       0.000    -0.122  
      CTS_ccl_a_buf_00036                                         -             HS65_LS_BFX284    0.000   0.000    -0.122  
      CTS_ccl_a_buf_00036                                         A ^ -> Z ^    HS65_LS_BFX284    0.000   0.000    -0.122  
      CTS_ccl_a_buf_00025                                         -             HS65_LS_BFX284    0.000   0.000    -0.122  
      CTS_ccl_a_buf_00025                                         A ^ -> Z ^    HS65_LS_BFX284    0.000   0.000    -0.122  
      IFU_module/PC_reg[3]                                        -             HS65_LS_SDFPRQX4  0.000   0.000    -0.122  
      IFU_module/PC_reg[3]                                        CP ^ -> Q ^   HS65_LS_SDFPRQX4  0.842   0.842    0.720  
      IFU_module/instr_mem/FE_OFC25_instruction_code_22           -             HS65_LS_IVX7      0.004   0.845    0.723  
      IFU_module/instr_mem/FE_OFC25_instruction_code_22           A ^ -> Z v    HS65_LS_IVX7      0.078   0.923    0.801  
      IFU_module/instr_mem/g723                                   -             HS65_LS_AO22X9    0.000   0.923    0.801  
      IFU_module/instr_mem/g723                                   D v -> Z v    HS65_LS_AO22X9    0.127   1.050    0.928  
      datapath_module/reg_file_module/g21715                      -             HS65_LS_NOR2X6    0.001   1.052    0.930  
      datapath_module/reg_file_module/g21715                      B v -> Z ^    HS65_LS_NOR2X6    0.074   1.126    1.004  
      datapath_module/reg_file_module/g21954                      -             HS65_LS_NOR2AX3   0.000   1.126    1.004  
      datapath_module/reg_file_module/g21954                      A ^ -> Z ^    HS65_LS_NOR2AX3   0.157   1.283    1.161  
      datapath_module/reg_file_module/FE_RC_119_0                 -             HS65_LS_NOR2X6    0.000   1.283    1.161  
      datapath_module/reg_file_module/FE_RC_119_0                 A ^ -> Z v    HS65_LS_NOR2X6    0.058   1.341    1.219  
      datapath_module/reg_file_module/g21186                      -             HS65_LS_AND2X4    0.000   1.341    1.219  
      datapath_module/reg_file_module/g21186                      B v -> Z v    HS65_LS_AND2X4    0.062   1.403    1.281  
      datapath_module/reg_file_module/g21955                      -             HS65_LS_OR3ABCX9  0.000   1.403    1.281  
      datapath_module/reg_file_module/g21955                      C v -> Z ^    HS65_LS_OR3ABCX9  0.190   1.593    1.471  
      datapath_module/alu_module/mul_44_34/FE_OFC21_read_data2_1  -             HS65_LS_BFX9      0.010   1.603    1.481  
      datapath_module/alu_module/mul_44_34/FE_OFC21_read_data2_1  A ^ -> Z ^    HS65_LS_BFX9      0.234   1.837    1.715  
      datapath_module/alu_module/mul_44_34/FE_OFC23_read_data2_1  -             HS65_LS_IVX9      0.009   1.846    1.724  
      datapath_module/alu_module/mul_44_34/FE_OFC23_read_data2_1  A ^ -> Z v    HS65_LS_IVX9      0.216   2.062    1.940  
      datapath_module/alu_module/mul_44_34/g12328                 -             HS65_LS_OAI22X6   0.009   2.071    1.949  
      datapath_module/alu_module/mul_44_34/g12328                 D v -> Z ^    HS65_LS_OAI22X6   0.106   2.177    2.055  
      datapath_module/alu_module/mul_44_34/g12765                 -             HS65_LS_AO22X9    0.000   2.177    2.055  
      datapath_module/alu_module/mul_44_34/g12765                 D ^ -> Z ^    HS65_LS_AO22X9    0.087   2.264    2.142  
      datapath_module/alu_module/mul_44_34/g11783                 -             HS65_LS_FA1X4     0.000   2.264    2.142  
      datapath_module/alu_module/mul_44_34/g11783                 B0 ^ -> S0 v  HS65_LS_FA1X4     0.147   2.411    2.289  
      datapath_module/alu_module/mul_44_34/g11716                 -             HS65_LS_FA1X4     0.000   2.411    2.289  
      datapath_module/alu_module/mul_44_34/g11716                 B0 v -> CO v  HS65_LS_FA1X4     0.121   2.532    2.410  
      datapath_module/alu_module/mul_44_34/g11693                 -             HS65_LS_FA1X4     0.000   2.532    2.410  
      datapath_module/alu_module/mul_44_34/g11693                 CI v -> CO v  HS65_LS_FA1X4     0.126   2.658    2.536  
      datapath_module/alu_module/mul_44_34/g12747                 -             HS65_LS_PAO2X9    0.000   2.658    2.537  
      datapath_module/alu_module/mul_44_34/g12747                 P v -> Z v    HS65_LS_PAO2X9    0.083   2.742    2.620  
      datapath_module/alu_module/mul_44_34/g11662                 -             HS65_LS_FA1X4     0.000   2.742    2.620  
      datapath_module/alu_module/mul_44_34/g11662                 CI v -> CO v  HS65_LS_FA1X4     0.104   2.845    2.724  
      datapath_module/alu_module/mul_44_34/g11650                 -             HS65_LS_FA1X4     0.000   2.845    2.724  
      datapath_module/alu_module/mul_44_34/g11650                 CI v -> CO v  HS65_LS_FA1X4     0.112   2.957    2.836  
      datapath_module/alu_module/mul_44_34/g12784                 -             HS65_LS_FA1X4     0.000   2.957    2.836  
      datapath_module/alu_module/mul_44_34/g12784                 CI v -> CO v  HS65_LS_FA1X4     0.112   3.070    2.948  
      datapath_module/alu_module/mul_44_34/g11632                 -             HS65_LS_FA1X4     0.000   3.070    2.948  
      datapath_module/alu_module/mul_44_34/g11632                 CI v -> CO v  HS65_LS_FA1X4     0.112   3.182    3.060  
      datapath_module/alu_module/mul_44_34/g11624                 -             HS65_LS_FA1X4     0.000   3.182    3.060  
      datapath_module/alu_module/mul_44_34/g11624                 CI v -> CO v  HS65_LS_FA1X4     0.112   3.294    3.172  
      datapath_module/alu_module/mul_44_34/g11617                 -             HS65_LS_FA1X4     0.000   3.294    3.172  
      datapath_module/alu_module/mul_44_34/g11617                 CI v -> CO v  HS65_LS_FA1X4     0.112   3.406    3.284  
      datapath_module/alu_module/mul_44_34/g12783                 -             HS65_LS_FA1X4     0.000   3.406    3.284  
      datapath_module/alu_module/mul_44_34/g12783                 CI v -> CO v  HS65_LS_FA1X4     0.112   3.518    3.396  
      datapath_module/alu_module/mul_44_34/g12782                 -             HS65_LS_FA1X4     0.000   3.518    3.396  
      datapath_module/alu_module/mul_44_34/g12782                 CI v -> CO v  HS65_LS_FA1X4     0.112   3.630    3.508  
      datapath_module/alu_module/mul_44_34/g12781                 -             HS65_LS_FA1X4     0.000   3.630    3.508  
      datapath_module/alu_module/mul_44_34/g12781                 CI v -> CO v  HS65_LS_FA1X4     0.112   3.742    3.620  
      datapath_module/alu_module/mul_44_34/g12780                 -             HS65_LS_FA1X4     0.000   3.742    3.620  
      datapath_module/alu_module/mul_44_34/g12780                 CI v -> CO v  HS65_LS_FA1X4     0.112   3.854    3.732  
      datapath_module/alu_module/mul_44_34/g12779                 -             HS65_LS_FA1X4     0.000   3.854    3.732  
      datapath_module/alu_module/mul_44_34/g12779                 CI v -> CO v  HS65_LS_FA1X4     0.112   3.966    3.844  
      datapath_module/alu_module/mul_44_34/g12778                 -             HS65_LS_FA1X4     0.000   3.966    3.844  
      datapath_module/alu_module/mul_44_34/g12778                 CI v -> CO v  HS65_LS_FA1X4     0.117   4.083    3.962  
      datapath_module/alu_module/mul_44_34/g12777                 -             HS65_LS_FA1X9     0.000   4.084    3.962  
      datapath_module/alu_module/mul_44_34/g12777                 CI v -> CO v  HS65_LS_FA1X9     0.097   4.181    4.059  
      datapath_module/alu_module/mul_44_34/g12776                 -             HS65_LS_FA1X9     0.000   4.181    4.059  
      datapath_module/alu_module/mul_44_34/g12776                 CI v -> CO v  HS65_LS_FA1X9     0.090   4.271    4.149  
      datapath_module/alu_module/mul_44_34/g12775                 -             HS65_LS_FA1X9     0.000   4.271    4.149  
      datapath_module/alu_module/mul_44_34/g12775                 CI v -> CO v  HS65_LS_FA1X9     0.090   4.360    4.238  
      datapath_module/alu_module/mul_44_34/g12774                 -             HS65_LS_FA1X9     0.000   4.360    4.238  
      datapath_module/alu_module/mul_44_34/g12774                 CI v -> CO v  HS65_LS_FA1X9     0.090   4.450    4.328  
      datapath_module/alu_module/mul_44_34/g12773                 -             HS65_LS_FA1X9     0.000   4.450    4.328  
      datapath_module/alu_module/mul_44_34/g12773                 CI v -> CO v  HS65_LS_FA1X9     0.090   4.540    4.418  
      datapath_module/alu_module/mul_44_34/g12772                 -             HS65_LS_FA1X9     0.000   4.540    4.418  
      datapath_module/alu_module/mul_44_34/g12772                 CI v -> CO v  HS65_LS_FA1X9     0.090   4.629    4.507  
      datapath_module/alu_module/mul_44_34/g12771                 -             HS65_LS_FA1X9     0.000   4.629    4.507  
      datapath_module/alu_module/mul_44_34/g12771                 CI v -> CO v  HS65_LS_FA1X9     0.090   4.719    4.597  
      datapath_module/alu_module/mul_44_34/g12770                 -             HS65_LS_FA1X9     0.000   4.719    4.597  
      datapath_module/alu_module/mul_44_34/g12770                 CI v -> CO v  HS65_LS_FA1X9     0.090   4.808    4.686  
      datapath_module/alu_module/mul_44_34/g12769                 -             HS65_LS_FA1X9     0.000   4.808    4.686  
      datapath_module/alu_module/mul_44_34/g12769                 CI v -> CO v  HS65_LS_FA1X9     0.090   4.898    4.776  
      datapath_module/alu_module/mul_44_34/g12768                 -             HS65_LS_FA1X9     0.000   4.898    4.776  
      datapath_module/alu_module/mul_44_34/g12768                 CI v -> CO v  HS65_LS_FA1X9     0.090   4.988    4.866  
      datapath_module/alu_module/mul_44_34/g12767                 -             HS65_LS_FA1X9     0.000   4.988    4.866  
      datapath_module/alu_module/mul_44_34/g12767                 CI v -> CO v  HS65_LS_FA1X9     0.087   5.074    4.952  
      datapath_module/alu_module/mul_44_34/g12766                 -             HS65_LS_FA1X4     0.000   5.074    4.952  
      datapath_module/alu_module/mul_44_34/g12766                 CI v -> S0 ^  HS65_LS_FA1X4     0.159   5.233    5.111  
      datapath_module/alu_module/g6799                            -             HS65_LS_AO112X18  0.000   5.233    5.111  
      datapath_module/alu_module/g6799                            B ^ -> Z ^    HS65_LS_AO112X18  0.140   5.373    5.252  
      datapath_module/reg_file_module/reg_memory_reg[24][30]1632  -             HS65_LS_SDFPHQX9  0.020   5.393    5.271  
      ---------------------------------------------------------------------------------------------------------------------
     Clock Rise Edge                      0.000
     = Beginpoint Arrival Time            0.000
     Other End Path:
      -------------------------------------------------------------------------------------------------------------------
      Instance                                                    Arc         Cell              Retime  Arrival  Required  
                                                                                                Delay   Time     Time  
      -------------------------------------------------------------------------------------------------------------------
      -                                                           clock ^     -                 -       0.000    0.122  
      CTS_ccl_a_buf_00036                                         -           HS65_LS_BFX284    0.000   0.000    0.122  
      CTS_ccl_a_buf_00036                                         A ^ -> Z ^  HS65_LS_BFX284    0.000   0.000    0.122  
      datapath_module/reg_file_module/CTS_ccl_a_buf_00021         -           HS65_LS_BFX284    0.000   0.000    0.122  
      datapath_module/reg_file_module/CTS_ccl_a_buf_00021         A ^ -> Z ^  HS65_LS_BFX284    0.000   0.000    0.122  
      datapath_module/reg_file_module/reg_memory_reg[24][30]1632  -           HS65_LS_SDFPHQX9  0.000   0.000    0.122  
      -------------------------------------------------------------------------------------------------------------------
Path 49: VIOLATED Setup Check with Pin datapath_module/reg_file_module/reg_memory_reg[23][30]1568/CP 
Endpoint:   datapath_module/reg_file_module/reg_memory_reg[23][30]1568/D (^) checked with  leading edge of 'clock'
Beginpoint: IFU_module/PC_reg[3]/Q                                       (^) triggered by  leading edge of 'clock'
Path Groups: {clock}
Retime Analysis { Data Path-Slew }
Other End Arrival Time          0.000
- Setup                        -0.171
+ Phase Shift                   7.100
- Uncertainty                   2.000
= Required Time                 5.271
- Arrival Time                  5.393
= Slack Time                   -0.122
= Slack Time(original)         -0.158
     Clock Rise Edge                      0.000
     = Beginpoint Arrival Time            0.000
     Timing Path:
      ---------------------------------------------------------------------------------------------------------------------
      Instance                                                    Arc           Cell              Retime  Arrival  Required  
                                                                                                  Delay   Time     Time  
      ---------------------------------------------------------------------------------------------------------------------
      -                                                           clock ^       -                 -       0.000    -0.122  
      CTS_ccl_a_buf_00036                                         -             HS65_LS_BFX284    0.000   0.000    -0.122  
      CTS_ccl_a_buf_00036                                         A ^ -> Z ^    HS65_LS_BFX284    0.000   0.000    -0.122  
      CTS_ccl_a_buf_00025                                         -             HS65_LS_BFX284    0.000   0.000    -0.122  
      CTS_ccl_a_buf_00025                                         A ^ -> Z ^    HS65_LS_BFX284    0.000   0.000    -0.122  
      IFU_module/PC_reg[3]                                        -             HS65_LS_SDFPRQX4  0.000   0.000    -0.122  
      IFU_module/PC_reg[3]                                        CP ^ -> Q ^   HS65_LS_SDFPRQX4  0.842   0.842    0.720  
      IFU_module/instr_mem/FE_OFC25_instruction_code_22           -             HS65_LS_IVX7      0.004   0.845    0.723  
      IFU_module/instr_mem/FE_OFC25_instruction_code_22           A ^ -> Z v    HS65_LS_IVX7      0.078   0.923    0.801  
      IFU_module/instr_mem/g723                                   -             HS65_LS_AO22X9    0.000   0.923    0.801  
      IFU_module/instr_mem/g723                                   D v -> Z v    HS65_LS_AO22X9    0.127   1.050    0.928  
      datapath_module/reg_file_module/g21715                      -             HS65_LS_NOR2X6    0.001   1.052    0.930  
      datapath_module/reg_file_module/g21715                      B v -> Z ^    HS65_LS_NOR2X6    0.074   1.126    1.004  
      datapath_module/reg_file_module/g21954                      -             HS65_LS_NOR2AX3   0.000   1.126    1.004  
      datapath_module/reg_file_module/g21954                      A ^ -> Z ^    HS65_LS_NOR2AX3   0.157   1.283    1.161  
      datapath_module/reg_file_module/FE_RC_119_0                 -             HS65_LS_NOR2X6    0.000   1.283    1.161  
      datapath_module/reg_file_module/FE_RC_119_0                 A ^ -> Z v    HS65_LS_NOR2X6    0.058   1.341    1.219  
      datapath_module/reg_file_module/g21186                      -             HS65_LS_AND2X4    0.000   1.341    1.219  
      datapath_module/reg_file_module/g21186                      B v -> Z v    HS65_LS_AND2X4    0.062   1.403    1.281  
      datapath_module/reg_file_module/g21955                      -             HS65_LS_OR3ABCX9  0.000   1.403    1.281  
      datapath_module/reg_file_module/g21955                      C v -> Z ^    HS65_LS_OR3ABCX9  0.190   1.593    1.471  
      datapath_module/alu_module/mul_44_34/FE_OFC21_read_data2_1  -             HS65_LS_BFX9      0.010   1.603    1.481  
      datapath_module/alu_module/mul_44_34/FE_OFC21_read_data2_1  A ^ -> Z ^    HS65_LS_BFX9      0.234   1.837    1.715  
      datapath_module/alu_module/mul_44_34/FE_OFC23_read_data2_1  -             HS65_LS_IVX9      0.009   1.846    1.724  
      datapath_module/alu_module/mul_44_34/FE_OFC23_read_data2_1  A ^ -> Z v    HS65_LS_IVX9      0.216   2.062    1.940  
      datapath_module/alu_module/mul_44_34/g12328                 -             HS65_LS_OAI22X6   0.009   2.071    1.949  
      datapath_module/alu_module/mul_44_34/g12328                 D v -> Z ^    HS65_LS_OAI22X6   0.106   2.177    2.055  
      datapath_module/alu_module/mul_44_34/g12765                 -             HS65_LS_AO22X9    0.000   2.177    2.055  
      datapath_module/alu_module/mul_44_34/g12765                 D ^ -> Z ^    HS65_LS_AO22X9    0.087   2.264    2.142  
      datapath_module/alu_module/mul_44_34/g11783                 -             HS65_LS_FA1X4     0.000   2.264    2.142  
      datapath_module/alu_module/mul_44_34/g11783                 B0 ^ -> S0 v  HS65_LS_FA1X4     0.147   2.411    2.289  
      datapath_module/alu_module/mul_44_34/g11716                 -             HS65_LS_FA1X4     0.000   2.411    2.289  
      datapath_module/alu_module/mul_44_34/g11716                 B0 v -> CO v  HS65_LS_FA1X4     0.121   2.532    2.410  
      datapath_module/alu_module/mul_44_34/g11693                 -             HS65_LS_FA1X4     0.000   2.532    2.410  
      datapath_module/alu_module/mul_44_34/g11693                 CI v -> CO v  HS65_LS_FA1X4     0.126   2.658    2.536  
      datapath_module/alu_module/mul_44_34/g12747                 -             HS65_LS_PAO2X9    0.000   2.658    2.537  
      datapath_module/alu_module/mul_44_34/g12747                 P v -> Z v    HS65_LS_PAO2X9    0.083   2.742    2.620  
      datapath_module/alu_module/mul_44_34/g11662                 -             HS65_LS_FA1X4     0.000   2.742    2.620  
      datapath_module/alu_module/mul_44_34/g11662                 CI v -> CO v  HS65_LS_FA1X4     0.104   2.845    2.724  
      datapath_module/alu_module/mul_44_34/g11650                 -             HS65_LS_FA1X4     0.000   2.845    2.724  
      datapath_module/alu_module/mul_44_34/g11650                 CI v -> CO v  HS65_LS_FA1X4     0.112   2.957    2.836  
      datapath_module/alu_module/mul_44_34/g12784                 -             HS65_LS_FA1X4     0.000   2.957    2.836  
      datapath_module/alu_module/mul_44_34/g12784                 CI v -> CO v  HS65_LS_FA1X4     0.112   3.070    2.948  
      datapath_module/alu_module/mul_44_34/g11632                 -             HS65_LS_FA1X4     0.000   3.070    2.948  
      datapath_module/alu_module/mul_44_34/g11632                 CI v -> CO v  HS65_LS_FA1X4     0.112   3.182    3.060  
      datapath_module/alu_module/mul_44_34/g11624                 -             HS65_LS_FA1X4     0.000   3.182    3.060  
      datapath_module/alu_module/mul_44_34/g11624                 CI v -> CO v  HS65_LS_FA1X4     0.112   3.294    3.172  
      datapath_module/alu_module/mul_44_34/g11617                 -             HS65_LS_FA1X4     0.000   3.294    3.172  
      datapath_module/alu_module/mul_44_34/g11617                 CI v -> CO v  HS65_LS_FA1X4     0.112   3.406    3.284  
      datapath_module/alu_module/mul_44_34/g12783                 -             HS65_LS_FA1X4     0.000   3.406    3.284  
      datapath_module/alu_module/mul_44_34/g12783                 CI v -> CO v  HS65_LS_FA1X4     0.112   3.518    3.396  
      datapath_module/alu_module/mul_44_34/g12782                 -             HS65_LS_FA1X4     0.000   3.518    3.396  
      datapath_module/alu_module/mul_44_34/g12782                 CI v -> CO v  HS65_LS_FA1X4     0.112   3.630    3.508  
      datapath_module/alu_module/mul_44_34/g12781                 -             HS65_LS_FA1X4     0.000   3.630    3.508  
      datapath_module/alu_module/mul_44_34/g12781                 CI v -> CO v  HS65_LS_FA1X4     0.112   3.742    3.620  
      datapath_module/alu_module/mul_44_34/g12780                 -             HS65_LS_FA1X4     0.000   3.742    3.620  
      datapath_module/alu_module/mul_44_34/g12780                 CI v -> CO v  HS65_LS_FA1X4     0.112   3.854    3.732  
      datapath_module/alu_module/mul_44_34/g12779                 -             HS65_LS_FA1X4     0.000   3.854    3.732  
      datapath_module/alu_module/mul_44_34/g12779                 CI v -> CO v  HS65_LS_FA1X4     0.112   3.966    3.844  
      datapath_module/alu_module/mul_44_34/g12778                 -             HS65_LS_FA1X4     0.000   3.966    3.844  
      datapath_module/alu_module/mul_44_34/g12778                 CI v -> CO v  HS65_LS_FA1X4     0.117   4.083    3.962  
      datapath_module/alu_module/mul_44_34/g12777                 -             HS65_LS_FA1X9     0.000   4.084    3.962  
      datapath_module/alu_module/mul_44_34/g12777                 CI v -> CO v  HS65_LS_FA1X9     0.097   4.181    4.059  
      datapath_module/alu_module/mul_44_34/g12776                 -             HS65_LS_FA1X9     0.000   4.181    4.059  
      datapath_module/alu_module/mul_44_34/g12776                 CI v -> CO v  HS65_LS_FA1X9     0.090   4.271    4.149  
      datapath_module/alu_module/mul_44_34/g12775                 -             HS65_LS_FA1X9     0.000   4.271    4.149  
      datapath_module/alu_module/mul_44_34/g12775                 CI v -> CO v  HS65_LS_FA1X9     0.090   4.360    4.238  
      datapath_module/alu_module/mul_44_34/g12774                 -             HS65_LS_FA1X9     0.000   4.360    4.238  
      datapath_module/alu_module/mul_44_34/g12774                 CI v -> CO v  HS65_LS_FA1X9     0.090   4.450    4.328  
      datapath_module/alu_module/mul_44_34/g12773                 -             HS65_LS_FA1X9     0.000   4.450    4.328  
      datapath_module/alu_module/mul_44_34/g12773                 CI v -> CO v  HS65_LS_FA1X9     0.090   4.540    4.418  
      datapath_module/alu_module/mul_44_34/g12772                 -             HS65_LS_FA1X9     0.000   4.540    4.418  
      datapath_module/alu_module/mul_44_34/g12772                 CI v -> CO v  HS65_LS_FA1X9     0.090   4.629    4.507  
      datapath_module/alu_module/mul_44_34/g12771                 -             HS65_LS_FA1X9     0.000   4.629    4.507  
      datapath_module/alu_module/mul_44_34/g12771                 CI v -> CO v  HS65_LS_FA1X9     0.090   4.719    4.597  
      datapath_module/alu_module/mul_44_34/g12770                 -             HS65_LS_FA1X9     0.000   4.719    4.597  
      datapath_module/alu_module/mul_44_34/g12770                 CI v -> CO v  HS65_LS_FA1X9     0.090   4.808    4.686  
      datapath_module/alu_module/mul_44_34/g12769                 -             HS65_LS_FA1X9     0.000   4.808    4.686  
      datapath_module/alu_module/mul_44_34/g12769                 CI v -> CO v  HS65_LS_FA1X9     0.090   4.898    4.776  
      datapath_module/alu_module/mul_44_34/g12768                 -             HS65_LS_FA1X9     0.000   4.898    4.776  
      datapath_module/alu_module/mul_44_34/g12768                 CI v -> CO v  HS65_LS_FA1X9     0.090   4.988    4.866  
      datapath_module/alu_module/mul_44_34/g12767                 -             HS65_LS_FA1X9     0.000   4.988    4.866  
      datapath_module/alu_module/mul_44_34/g12767                 CI v -> CO v  HS65_LS_FA1X9     0.087   5.074    4.952  
      datapath_module/alu_module/mul_44_34/g12766                 -             HS65_LS_FA1X4     0.000   5.074    4.952  
      datapath_module/alu_module/mul_44_34/g12766                 CI v -> S0 ^  HS65_LS_FA1X4     0.159   5.233    5.111  
      datapath_module/alu_module/g6799                            -             HS65_LS_AO112X18  0.000   5.233    5.111  
      datapath_module/alu_module/g6799                            B ^ -> Z ^    HS65_LS_AO112X18  0.140   5.373    5.252  
      datapath_module/reg_file_module/reg_memory_reg[23][30]1568  -             HS65_LS_SDFPHQX9  0.020   5.393    5.271  
      ---------------------------------------------------------------------------------------------------------------------
     Clock Rise Edge                      0.000
     = Beginpoint Arrival Time            0.000
     Other End Path:
      -------------------------------------------------------------------------------------------------------------------
      Instance                                                    Arc         Cell              Retime  Arrival  Required  
                                                                                                Delay   Time     Time  
      -------------------------------------------------------------------------------------------------------------------
      -                                                           clock ^     -                 -       0.000    0.122  
      CTS_ccl_a_buf_00036                                         -           HS65_LS_BFX284    0.000   0.000    0.122  
      CTS_ccl_a_buf_00036                                         A ^ -> Z ^  HS65_LS_BFX284    0.000   0.000    0.122  
      CTS_ccl_a_buf_00025                                         -           HS65_LS_BFX284    0.000   0.000    0.122  
      CTS_ccl_a_buf_00025                                         A ^ -> Z ^  HS65_LS_BFX284    0.000   0.000    0.122  
      datapath_module/reg_file_module/reg_memory_reg[23][30]1568  -           HS65_LS_SDFPHQX9  0.000   0.000    0.122  
      -------------------------------------------------------------------------------------------------------------------
Path 50: VIOLATED Setup Check with Pin datapath_module/reg_file_module/reg_memory_reg[22][30]1504/CP 
Endpoint:   datapath_module/reg_file_module/reg_memory_reg[22][30]1504/D (^) checked with  leading edge of 'clock'
Beginpoint: IFU_module/PC_reg[3]/Q                                       (^) triggered by  leading edge of 'clock'
Path Groups: {clock}
Retime Analysis { Data Path-Slew }
Other End Arrival Time          0.000
- Setup                        -0.171
+ Phase Shift                   7.100
- Uncertainty                   2.000
= Required Time                 5.271
- Arrival Time                  5.393
= Slack Time                   -0.122
= Slack Time(original)         -0.158
     Clock Rise Edge                      0.000
     = Beginpoint Arrival Time            0.000
     Timing Path:
      ---------------------------------------------------------------------------------------------------------------------
      Instance                                                    Arc           Cell              Retime  Arrival  Required  
                                                                                                  Delay   Time     Time  
      ---------------------------------------------------------------------------------------------------------------------
      -                                                           clock ^       -                 -       0.000    -0.122  
      CTS_ccl_a_buf_00036                                         -             HS65_LS_BFX284    0.000   0.000    -0.122  
      CTS_ccl_a_buf_00036                                         A ^ -> Z ^    HS65_LS_BFX284    0.000   0.000    -0.122  
      CTS_ccl_a_buf_00025                                         -             HS65_LS_BFX284    0.000   0.000    -0.122  
      CTS_ccl_a_buf_00025                                         A ^ -> Z ^    HS65_LS_BFX284    0.000   0.000    -0.122  
      IFU_module/PC_reg[3]                                        -             HS65_LS_SDFPRQX4  0.000   0.000    -0.122  
      IFU_module/PC_reg[3]                                        CP ^ -> Q ^   HS65_LS_SDFPRQX4  0.842   0.842    0.720  
      IFU_module/instr_mem/FE_OFC25_instruction_code_22           -             HS65_LS_IVX7      0.004   0.845    0.723  
      IFU_module/instr_mem/FE_OFC25_instruction_code_22           A ^ -> Z v    HS65_LS_IVX7      0.078   0.923    0.801  
      IFU_module/instr_mem/g723                                   -             HS65_LS_AO22X9    0.000   0.923    0.801  
      IFU_module/instr_mem/g723                                   D v -> Z v    HS65_LS_AO22X9    0.127   1.050    0.928  
      datapath_module/reg_file_module/g21715                      -             HS65_LS_NOR2X6    0.001   1.052    0.930  
      datapath_module/reg_file_module/g21715                      B v -> Z ^    HS65_LS_NOR2X6    0.074   1.126    1.004  
      datapath_module/reg_file_module/g21954                      -             HS65_LS_NOR2AX3   0.000   1.126    1.004  
      datapath_module/reg_file_module/g21954                      A ^ -> Z ^    HS65_LS_NOR2AX3   0.157   1.283    1.161  
      datapath_module/reg_file_module/FE_RC_119_0                 -             HS65_LS_NOR2X6    0.000   1.283    1.161  
      datapath_module/reg_file_module/FE_RC_119_0                 A ^ -> Z v    HS65_LS_NOR2X6    0.058   1.341    1.219  
      datapath_module/reg_file_module/g21186                      -             HS65_LS_AND2X4    0.000   1.341    1.219  
      datapath_module/reg_file_module/g21186                      B v -> Z v    HS65_LS_AND2X4    0.062   1.403    1.281  
      datapath_module/reg_file_module/g21955                      -             HS65_LS_OR3ABCX9  0.000   1.403    1.281  
      datapath_module/reg_file_module/g21955                      C v -> Z ^    HS65_LS_OR3ABCX9  0.190   1.593    1.471  
      datapath_module/alu_module/mul_44_34/FE_OFC21_read_data2_1  -             HS65_LS_BFX9      0.010   1.603    1.481  
      datapath_module/alu_module/mul_44_34/FE_OFC21_read_data2_1  A ^ -> Z ^    HS65_LS_BFX9      0.234   1.837    1.715  
      datapath_module/alu_module/mul_44_34/FE_OFC23_read_data2_1  -             HS65_LS_IVX9      0.009   1.846    1.724  
      datapath_module/alu_module/mul_44_34/FE_OFC23_read_data2_1  A ^ -> Z v    HS65_LS_IVX9      0.216   2.062    1.940  
      datapath_module/alu_module/mul_44_34/g12328                 -             HS65_LS_OAI22X6   0.009   2.071    1.949  
      datapath_module/alu_module/mul_44_34/g12328                 D v -> Z ^    HS65_LS_OAI22X6   0.106   2.177    2.055  
      datapath_module/alu_module/mul_44_34/g12765                 -             HS65_LS_AO22X9    0.000   2.177    2.055  
      datapath_module/alu_module/mul_44_34/g12765                 D ^ -> Z ^    HS65_LS_AO22X9    0.087   2.264    2.142  
      datapath_module/alu_module/mul_44_34/g11783                 -             HS65_LS_FA1X4     0.000   2.264    2.142  
      datapath_module/alu_module/mul_44_34/g11783                 B0 ^ -> S0 v  HS65_LS_FA1X4     0.147   2.411    2.289  
      datapath_module/alu_module/mul_44_34/g11716                 -             HS65_LS_FA1X4     0.000   2.411    2.289  
      datapath_module/alu_module/mul_44_34/g11716                 B0 v -> CO v  HS65_LS_FA1X4     0.121   2.532    2.410  
      datapath_module/alu_module/mul_44_34/g11693                 -             HS65_LS_FA1X4     0.000   2.532    2.410  
      datapath_module/alu_module/mul_44_34/g11693                 CI v -> CO v  HS65_LS_FA1X4     0.126   2.658    2.536  
      datapath_module/alu_module/mul_44_34/g12747                 -             HS65_LS_PAO2X9    0.000   2.658    2.537  
      datapath_module/alu_module/mul_44_34/g12747                 P v -> Z v    HS65_LS_PAO2X9    0.083   2.742    2.620  
      datapath_module/alu_module/mul_44_34/g11662                 -             HS65_LS_FA1X4     0.000   2.742    2.620  
      datapath_module/alu_module/mul_44_34/g11662                 CI v -> CO v  HS65_LS_FA1X4     0.104   2.845    2.724  
      datapath_module/alu_module/mul_44_34/g11650                 -             HS65_LS_FA1X4     0.000   2.845    2.724  
      datapath_module/alu_module/mul_44_34/g11650                 CI v -> CO v  HS65_LS_FA1X4     0.112   2.957    2.836  
      datapath_module/alu_module/mul_44_34/g12784                 -             HS65_LS_FA1X4     0.000   2.957    2.836  
      datapath_module/alu_module/mul_44_34/g12784                 CI v -> CO v  HS65_LS_FA1X4     0.112   3.070    2.948  
      datapath_module/alu_module/mul_44_34/g11632                 -             HS65_LS_FA1X4     0.000   3.070    2.948  
      datapath_module/alu_module/mul_44_34/g11632                 CI v -> CO v  HS65_LS_FA1X4     0.112   3.182    3.060  
      datapath_module/alu_module/mul_44_34/g11624                 -             HS65_LS_FA1X4     0.000   3.182    3.060  
      datapath_module/alu_module/mul_44_34/g11624                 CI v -> CO v  HS65_LS_FA1X4     0.112   3.294    3.172  
      datapath_module/alu_module/mul_44_34/g11617                 -             HS65_LS_FA1X4     0.000   3.294    3.172  
      datapath_module/alu_module/mul_44_34/g11617                 CI v -> CO v  HS65_LS_FA1X4     0.112   3.406    3.284  
      datapath_module/alu_module/mul_44_34/g12783                 -             HS65_LS_FA1X4     0.000   3.406    3.284  
      datapath_module/alu_module/mul_44_34/g12783                 CI v -> CO v  HS65_LS_FA1X4     0.112   3.518    3.396  
      datapath_module/alu_module/mul_44_34/g12782                 -             HS65_LS_FA1X4     0.000   3.518    3.396  
      datapath_module/alu_module/mul_44_34/g12782                 CI v -> CO v  HS65_LS_FA1X4     0.112   3.630    3.508  
      datapath_module/alu_module/mul_44_34/g12781                 -             HS65_LS_FA1X4     0.000   3.630    3.508  
      datapath_module/alu_module/mul_44_34/g12781                 CI v -> CO v  HS65_LS_FA1X4     0.112   3.742    3.620  
      datapath_module/alu_module/mul_44_34/g12780                 -             HS65_LS_FA1X4     0.000   3.742    3.620  
      datapath_module/alu_module/mul_44_34/g12780                 CI v -> CO v  HS65_LS_FA1X4     0.112   3.854    3.732  
      datapath_module/alu_module/mul_44_34/g12779                 -             HS65_LS_FA1X4     0.000   3.854    3.732  
      datapath_module/alu_module/mul_44_34/g12779                 CI v -> CO v  HS65_LS_FA1X4     0.112   3.966    3.844  
      datapath_module/alu_module/mul_44_34/g12778                 -             HS65_LS_FA1X4     0.000   3.966    3.844  
      datapath_module/alu_module/mul_44_34/g12778                 CI v -> CO v  HS65_LS_FA1X4     0.117   4.083    3.962  
      datapath_module/alu_module/mul_44_34/g12777                 -             HS65_LS_FA1X9     0.000   4.084    3.962  
      datapath_module/alu_module/mul_44_34/g12777                 CI v -> CO v  HS65_LS_FA1X9     0.097   4.181    4.059  
      datapath_module/alu_module/mul_44_34/g12776                 -             HS65_LS_FA1X9     0.000   4.181    4.059  
      datapath_module/alu_module/mul_44_34/g12776                 CI v -> CO v  HS65_LS_FA1X9     0.090   4.271    4.149  
      datapath_module/alu_module/mul_44_34/g12775                 -             HS65_LS_FA1X9     0.000   4.271    4.149  
      datapath_module/alu_module/mul_44_34/g12775                 CI v -> CO v  HS65_LS_FA1X9     0.090   4.360    4.238  
      datapath_module/alu_module/mul_44_34/g12774                 -             HS65_LS_FA1X9     0.000   4.360    4.238  
      datapath_module/alu_module/mul_44_34/g12774                 CI v -> CO v  HS65_LS_FA1X9     0.090   4.450    4.328  
      datapath_module/alu_module/mul_44_34/g12773                 -             HS65_LS_FA1X9     0.000   4.450    4.328  
      datapath_module/alu_module/mul_44_34/g12773                 CI v -> CO v  HS65_LS_FA1X9     0.090   4.540    4.418  
      datapath_module/alu_module/mul_44_34/g12772                 -             HS65_LS_FA1X9     0.000   4.540    4.418  
      datapath_module/alu_module/mul_44_34/g12772                 CI v -> CO v  HS65_LS_FA1X9     0.090   4.629    4.507  
      datapath_module/alu_module/mul_44_34/g12771                 -             HS65_LS_FA1X9     0.000   4.629    4.507  
      datapath_module/alu_module/mul_44_34/g12771                 CI v -> CO v  HS65_LS_FA1X9     0.090   4.719    4.597  
      datapath_module/alu_module/mul_44_34/g12770                 -             HS65_LS_FA1X9     0.000   4.719    4.597  
      datapath_module/alu_module/mul_44_34/g12770                 CI v -> CO v  HS65_LS_FA1X9     0.090   4.808    4.686  
      datapath_module/alu_module/mul_44_34/g12769                 -             HS65_LS_FA1X9     0.000   4.808    4.686  
      datapath_module/alu_module/mul_44_34/g12769                 CI v -> CO v  HS65_LS_FA1X9     0.090   4.898    4.776  
      datapath_module/alu_module/mul_44_34/g12768                 -             HS65_LS_FA1X9     0.000   4.898    4.776  
      datapath_module/alu_module/mul_44_34/g12768                 CI v -> CO v  HS65_LS_FA1X9     0.090   4.988    4.866  
      datapath_module/alu_module/mul_44_34/g12767                 -             HS65_LS_FA1X9     0.000   4.988    4.866  
      datapath_module/alu_module/mul_44_34/g12767                 CI v -> CO v  HS65_LS_FA1X9     0.087   5.074    4.952  
      datapath_module/alu_module/mul_44_34/g12766                 -             HS65_LS_FA1X4     0.000   5.074    4.952  
      datapath_module/alu_module/mul_44_34/g12766                 CI v -> S0 ^  HS65_LS_FA1X4     0.159   5.233    5.111  
      datapath_module/alu_module/g6799                            -             HS65_LS_AO112X18  0.000   5.233    5.111  
      datapath_module/alu_module/g6799                            B ^ -> Z ^    HS65_LS_AO112X18  0.140   5.373    5.252  
      datapath_module/reg_file_module/reg_memory_reg[22][30]1504  -             HS65_LS_SDFPHQX9  0.020   5.393    5.271  
      ---------------------------------------------------------------------------------------------------------------------
     Clock Rise Edge                      0.000
     = Beginpoint Arrival Time            0.000
     Other End Path:
      -------------------------------------------------------------------------------------------------------------------
      Instance                                                    Arc         Cell              Retime  Arrival  Required  
                                                                                                Delay   Time     Time  
      -------------------------------------------------------------------------------------------------------------------
      -                                                           clock ^     -                 -       0.000    0.122  
      CTS_ccl_a_buf_00036                                         -           HS65_LS_BFX284    0.000   0.000    0.122  
      CTS_ccl_a_buf_00036                                         A ^ -> Z ^  HS65_LS_BFX284    0.000   0.000    0.122  
      CTS_ccl_a_buf_00025                                         -           HS65_LS_BFX284    0.000   0.000    0.122  
      CTS_ccl_a_buf_00025                                         A ^ -> Z ^  HS65_LS_BFX284    0.000   0.000    0.122  
      datapath_module/reg_file_module/reg_memory_reg[22][30]1504  -           HS65_LS_SDFPHQX9  0.000   0.000    0.122  
      -------------------------------------------------------------------------------------------------------------------

