###############################################################
#  Generated by:      Cadence Innovus 20.10-p004_1
#  OS:                Linux x86_64(Host ID edatools-server1.iiitd.edu.in)
#  Generated on:      Sat Apr 12 14:38:30 2025
#  Design:            PROCESSOR
#  Command:           reportWire /home/mrinank22305/Desktop/Processor/reports/place_and_route/postDetailRoute_reportWire.rpt
###############################################################
Report detailed wire statistics for design PROCESSOR
ratio       wire_length    manhattan        vias  fan_in fan_out net_name
                           length
-------------------------------------------------------------------------
 1.49  Total    206.295       138.78  Total   47       1      10 CTS_2
 4.68  Total    444.710        94.98  Total  289       1      94 datapath_module/reg_file_module/CTS_7
 4.78  Total    439.925        92.02  Total  346       1      98 datapath_module/reg_file_module/CTS_6
 4.73  Total    453.760        95.92  Total  326       1      98 CTS_1
 5.19  Total    456.605        87.98  Total  337       1      94 datapath_module/reg_file_module/CTS_5
 5.94  Total    498.840        84.02  Total  316       1     100 datapath_module/reg_file_module/CTS_4
 5.13  Total    465.935        90.82  Total  323       1      99 datapath_module/reg_file_module/CTS_3
 5.45  Total    495.075        90.80  Total  331       1      95 datapath_module/reg_file_module/CTS_2
 4.96  Total    480.540        96.90  Total  322       1      98 datapath_module/reg_file_module/CTS_1
 5.20  Total    447.270        86.00  Total  326       1     100 datapath_module/reg_file_module/CTS_10
 5.18  Total    476.165        91.90  Total  365       1      98 datapath_module/reg_file_module/CTS_9
 1.16  Total      2.470         2.13  Total    2       1       1 datapath_module/alu_module/mul_44_34/FE_OFN45_n_66
 1.19  Total     56.295        47.16  Total   34       1      13 datapath_module/alu_module/mul_44_34/FE_OFN44_n_66
 0.84  Total      5.000         5.96  Total    2       1       2 datapath_module/reg_file_module/FE_OFN43_instruction_code_21
 1.32  Total      2.830         2.14  Total    2       1       2 datapath_module/reg_file_module/FE_OFN42_instruction_code_22
 0.70  Total      3.120         4.46  Total    2       1       2 IFU_module/instr_mem/FE_OFN41_instruction_code_22
 1.57  Total     53.305        33.84  Total   37       1      14 FE_OFN40_instruction_code_22
 1.13  Total      7.260         6.42  Total   12       1       2 IFU_module/instr_mem/FE_OFN39_n_18
 1.05  Total     55.160        52.43  Total   10       1       1 datapath_module/reg_file_module/FE_OFN38_n_18
 0.99  Total      4.070         4.09  Total    4       1       3 IFU_module/FE_OFN37_n_18
 1.16  Total      3.820         3.28  Total    2       1       1 IFU_module/FE_OFN36_n_18
 2.08  Total    176.710        84.77  Total   82       1      24 datapath_module/alu_module/mul_44_34/FE_OFN35_read_data2_1
 1.23  Total     86.635        70.53  Total   55       1      14 datapath_module/alu_module/mul_44_34/FE_OFN34_n_405
 1.20  Total     19.405        16.16  Total    9       1       5 datapath_module/alu_module/mul_44_34/FE_OFN33_n_405
 1.20  Total    105.805        87.94  Total   27       1      15 datapath_module/alu_module/mul_44_34/FE_OFN32_n_0
 1.33  Total     48.995        36.86  Total   23       1       7 datapath_module/alu_module/FE_OFN31_read_data1_2
 1.01  Total     59.015        58.36  Total   10       1       3 IFU_module/FE_OFN30_n_4
 2.03  Total    193.690        95.60  Total   81       1      32 datapath_module/reg_file_module/FE_OFN21_n_1225
 2.43  Total    240.920        98.98  Total   69       1      32 datapath_module/reg_file_module/FE_OFN20_n_1223
 2.00  Total    165.705        82.80  Total   67       1      32 datapath_module/reg_file_module/FE_OFN19_n_1220
 3.70  Total    376.440       101.64  Total  115       1      75 datapath_module/reg_file_module/FE_OFN18_scan_en
 3.51  Total    305.945        87.18  Total   85       1      61 FE_OFN17_scan_en
 3.73  Total    249.710        66.96  Total   60       1      52 datapath_module/reg_file_module/FE_OFN16_scan_en
 3.06  Total    257.315        84.20  Total   93       1      51 FE_OFN15_scan_en
 3.42  Total    229.580        67.18  Total   90       1      46 datapath_module/reg_file_module/FE_OFN14_scan_en
 3.43  Total    239.385        69.80  Total  136       1      47 datapath_module/reg_file_module/FE_OFN13_scan_en
 3.78  Total    250.000        66.16  Total   85       1      54 datapath_module/reg_file_module/FE_OFN12_scan_en
 4.19  Total    311.855        74.38  Total  137       1      60 datapath_module/reg_file_module/FE_OFN11_scan_en
 3.71  Total    212.745        57.42  Total   56       1      44 datapath_module/reg_file_module/FE_OFN10_scan_en
 3.85  Total    344.985        89.61  Total  116       1      64 datapath_module/reg_file_module/FE_OFN9_scan_en
 3.53  Total    250.495        71.02  Total   87       1      47 datapath_module/reg_file_module/FE_OFN8_scan_en
 3.88  Total    311.650        80.42  Total   75       1      61 datapath_module/reg_file_module/FE_OFN7_scan_en
 3.23  Total    186.875        57.78  Total   70       1      41 datapath_module/reg_file_module/FE_OFN6_scan_en
 3.97  Total    300.140        75.56  Total  119       1      59 datapath_module/reg_file_module/FE_OFN5_scan_en
 3.21  Total    304.665        95.04  Total   91       1      64 datapath_module/reg_file_module/FE_OFN4_scan_en
 3.52  Total    263.940        75.02  Total  110       1      48 datapath_module/reg_file_module/FE_OFN2_scan_en
 4.18  Total    328.365        78.60  Total  108       1      62 datapath_module/reg_file_module/FE_OFN0_scan_en
 0.00  Total      0.000         0.00  Total    0       0       0 SPCASCAN_N1
 0.00  Total      0.000         0.00  Total    0       0       0 SPCASCAN_N0
 1.85  Total    229.500       124.30  Total  112       1      25 datapath_module/alu_module/mul_44_34/FE_DBTN11_read_data2_3
 1.76  Total     24.845        14.09  Total   13       1       8 datapath_module/alu_module/sll_42_34/FE_DBTN10_read_data2_1
 1.89  Total    160.450        84.97  Total  107       1      25 datapath_module/alu_module/mul_44_34/FE_DBTN9_read_data2_1
 1.26  Total    100.940        80.33  Total   48       1      10 datapath_module/alu_module/mul_44_34/FE_DBTN8_n_0
 1.19  Total    112.900        95.20  Total   50       1      11 datapath_module/alu_module/mul_44_34/FE_DBTN7_n_405
 0.00  Total      0.000         0.00  Total    0       0       0 datapath_module/alu_module/mul_44_34/FE_DBTN6_n_1337
 0.00  Total      0.000         0.00  Total    0       0       0 datapath_module/alu_module/FE_DBTN5_read_data2_17
 1.83  Total    184.185       100.69  Total   84       1      22 datapath_module/alu_module/FE_DBTN4_read_data2_5
 2.21  Total     51.325        23.18  Total   38       1      19 datapath_module/alu_module/FE_DBTN3_n_30
 1.91  Total     42.650        22.28  Total   18       1       9 datapath_module/alu_module/FE_DBTN2_n_32
 1.09  Total     11.705        10.72  Total    6       1       4 datapath_module/reg_file_module/FE_DBTN1_n_2885
 1.29  Total     16.060        12.48  Total    6       1       4 IFU_module/FE_DBTN0_instruction_code_21
 0.97  Total     44.095        45.42  Total    5       1       1 clock
 0.98  Total     37.595        38.41  Total    4       1       1 reset
 2.14  Total    665.930       311.01  Total  197       1      55 scan_en
 1.07  Total    281.175       262.18  Total   11       1       2 DFT_sdi_1
 1.03  Total     88.315        86.14  Total    5       1       1 zero
 0.00  Total      0.000         0.00  Total    0       0       1 DFT_sdo_1
 0.00  Total      0.000         0.00  Total    0       0       0 instruction_code[31]
 1.03  Total      3.590         3.48  Total    2       1       2 instruction_code[30]
 0.00  Total      0.000         0.00  Total    0       0       0 instruction_code[29]
 0.00  Total      0.000         0.00  Total    0       0       0 instruction_code[28]
 0.00  Total      0.000         0.00  Total    0       0       0 instruction_code[27]
 0.00  Total      0.000         0.00  Total    0       0       0 instruction_code[26]
 1.12  Total      7.230         6.48  Total    6       1       2 instruction_code[25]
 1.57  Total     24.425        15.58  Total   17       1       8 instruction_code[24]
 1.82  Total     21.955        12.08  Total   11       1       5 instruction_code[23]
 0.00  Total      0.000         0.00  Total    0       0       0 instruction_code[22]
 1.48  Total     36.245        24.50  Total   12       1      12 instruction_code[21]
 0.00  Total      0.000         0.00  Total    0       0       0 instruction_code[20]
 0.00  Total      0.000         0.00  Total    0       0       0 instruction_code[19]
 0.00  Total      0.000         0.00  Total    0       0       0 instruction_code[18]
 0.00  Total      0.000         0.00  Total    0       0       0 instruction_code[17]
 0.00  Total      0.000         0.00  Total    0       0       0 instruction_code[16]
 0.00  Total      0.000         0.00  Total    0       0       0 instruction_code[15]
 1.09  Total     13.530        12.40  Total   17       1       5 instruction_code[14]
 1.56  Total      6.940         4.44  Total    3       1       3 instruction_code[13]
 1.49  Total     20.645        13.85  Total   28       1       7 instruction_code[12]
 1.07  Total     11.935        11.20  Total    8       1       4 instruction_code[11]
 1.11  Total     53.220        47.84  Total   13       1       5 instruction_code[10]
 1.27  Total     11.890         9.36  Total    4       1       4 instruction_code[9]
 1.13  Total     38.155        33.84  Total   10       1       4 instruction_code[8]
 1.14  Total     53.125        46.64  Total   14       1       4 instruction_code[7]
 0.00  Total      0.000         0.00  Total    0       0       0 instruction_code[6]
 0.00  Total      0.000         0.00  Total    0       0       0 instruction_code[5]
 0.00  Total      0.000         0.00  Total    0       0       0 instruction_code[4]
 0.00  Total      0.000         0.00  Total    0       0       0 instruction_code[3]
 0.00  Total      0.000         0.00  Total    0       0       0 instruction_code[2]
 0.00  Total      0.000         0.00  Total    0       0       0 instruction_code[1]
 0.00  Total      0.000         0.00  Total    0       0       0 instruction_code[0]
 0.00  Total      0.000         0.00  Total    0       0       0 alu_control[3]
 1.07  Total     10.335         9.68  Total    6       1       4 alu_control[2]
 0.81  Total      9.680        11.88  Total    6       1       4 alu_control[1]
 0.94  Total     11.770        12.50  Total   15       1       4 alu_control[0]
 0.00  Total      0.000         0.00  Total    0       0       0 UNCONNECTED19
 0.00  Total      0.000         0.00  Total    0       0       0 UNCONNECTED20
 0.00  Total      0.000         0.00  Total    0       0       0 UNCONNECTED21
 0.00  Total      0.000         0.00  Total    0       0       0 UNCONNECTED22
 0.00  Total      0.000         0.00  Total    0       0       0 UNCONNECTED23
 0.00  Total      0.000         0.00  Total    0       0       0 UNCONNECTED24
 0.00  Total      0.000         0.00  Total    0       0       0 UNCONNECTED25
 0.00  Total      0.000         0.00  Total    0       0       0 UNCONNECTED26
 0.00  Total      0.000         0.00  Total    0       0       0 UNCONNECTED27
 0.00  Total      0.000         0.00  Total    0       0       0 UNCONNECTED28
 0.00  Total      0.000         0.00  Total    0       0       0 UNCONNECTED29
 0.00  Total      0.000         0.00  Total    0       0       0 UNCONNECTED30
 0.00  Total      0.000         0.00  Total    0       0       0 UNCONNECTED31
 0.00  Total      0.000         0.00  Total    0       0       0 UNCONNECTED32
 0.00  Total      0.000         0.00  Total    0       0       0 UNCONNECTED33
 0.00  Total      0.000         0.00  Total    0       0       0 UNCONNECTED34
 0.00  Total      0.000         0.00  Total    0       0       0 UNCONNECTED35
 0.00  Total      0.000         0.00  Total    0       0       0 UNCONNECTED36
 0.00  Total      0.000         0.00  Total    0       0       0 UNCONNECTED37
 0.00  Total      0.000         0.00  Total    0       0       0 UNCONNECTED38
 1.47  Total     78.085        53.09  Total   39       1      12 n_18
 0.00  Total      0.000         0.00  Total    0       0       0 IFU_module/UNCONNECTED
 0.00  Total      0.000         0.00  Total    0       0       0 IFU_module/UNCONNECTED0
 0.00  Total      0.000         0.00  Total    0       0       0 IFU_module/UNCONNECTED1
 0.00  Total      0.000         0.00  Total    0       0       0 IFU_module/UNCONNECTED2
 0.00  Total      0.000         0.00  Total    0       0       0 IFU_module/UNCONNECTED3
 0.00  Total      0.000         0.00  Total    0       0       0 IFU_module/UNCONNECTED4
 0.00  Total      0.000         0.00  Total    0       0       0 IFU_module/UNCONNECTED5
 0.00  Total      0.000         0.00  Total    0       0       0 IFU_module/UNCONNECTED6
 0.00  Total      0.000         0.00  Total    0       0       0 IFU_module/UNCONNECTED7
 0.00  Total      0.000         0.00  Total    0       0       0 IFU_module/UNCONNECTED8
 0.00  Total      0.000         0.00  Total    0       0       0 IFU_module/UNCONNECTED9
 0.00  Total      0.000         0.00  Total    0       0       0 IFU_module/UNCONNECTED10
 0.00  Total      0.000         0.00  Total    0       0       0 IFU_module/UNCONNECTED11
 0.00  Total      0.000         0.00  Total    0       0       0 IFU_module/UNCONNECTED12
 0.00  Total      0.000         0.00  Total    0       0       0 IFU_module/UNCONNECTED13
 0.00  Total      0.000         0.00  Total    0       0       0 IFU_module/UNCONNECTED14
 0.00  Total      0.000         0.00  Total    0       0       0 IFU_module/UNCONNECTED15
 0.00  Total      0.000         0.00  Total    0       0       0 IFU_module/UNCONNECTED16
 0.00  Total      0.000         0.00  Total    0       0       0 IFU_module/UNCONNECTED17
 0.00  Total      0.000         0.00  Total    0       0       0 IFU_module/UNCONNECTED18
 0.79  Total      1.580         2.01  Total    0       1       1 IFU_module/n_4
 0.59  Total      1.975         3.35  Total    2       1       1 IFU_module/n_5
 0.90  Total      3.500         3.88  Total    4       1       1 IFU_module/n_6
 0.82  Total      2.585         3.14  Total    8       1       1 IFU_module/n_7
 0.00  Total      0.000         0.00  Total    0       0       0 IFU_module/instr_mem/PC[31]
 0.00  Total      0.000         0.00  Total    0       0       0 IFU_module/instr_mem/PC[30]
 0.00  Total      0.000         0.00  Total    0       0       0 IFU_module/instr_mem/PC[29]
 0.00  Total      0.000         0.00  Total    0       0       0 IFU_module/instr_mem/PC[28]
 0.00  Total      0.000         0.00  Total    0       0       0 IFU_module/instr_mem/PC[27]
 0.00  Total      0.000         0.00  Total    0       0       0 IFU_module/instr_mem/PC[26]
 0.00  Total      0.000         0.00  Total    0       0       0 IFU_module/instr_mem/PC[25]
 0.00  Total      0.000         0.00  Total    0       0       0 IFU_module/instr_mem/PC[24]
 0.00  Total      0.000         0.00  Total    0       0       0 IFU_module/instr_mem/PC[23]
 0.00  Total      0.000         0.00  Total    0       0       0 IFU_module/instr_mem/PC[22]
 0.00  Total      0.000         0.00  Total    0       0       0 IFU_module/instr_mem/PC[21]
 0.00  Total      0.000         0.00  Total    0       0       0 IFU_module/instr_mem/PC[20]
 0.00  Total      0.000         0.00  Total    0       0       0 IFU_module/instr_mem/PC[19]
 0.00  Total      0.000         0.00  Total    0       0       0 IFU_module/instr_mem/PC[18]
 0.00  Total      0.000         0.00  Total    0       0       0 IFU_module/instr_mem/PC[17]
 0.00  Total      0.000         0.00  Total    0       0       0 IFU_module/instr_mem/PC[16]
 0.00  Total      0.000         0.00  Total    0       0       0 IFU_module/instr_mem/PC[15]
 0.00  Total      0.000         0.00  Total    0       0       0 IFU_module/instr_mem/PC[14]
 0.00  Total      0.000         0.00  Total    0       0       0 IFU_module/instr_mem/PC[13]
 0.00  Total      0.000         0.00  Total    0       0       0 IFU_module/instr_mem/PC[12]
 0.00  Total      0.000         0.00  Total    0       0       0 IFU_module/instr_mem/PC[11]
 0.00  Total      0.000         0.00  Total    0       0       0 IFU_module/instr_mem/PC[10]
 0.00  Total      0.000         0.00  Total    0       0       0 IFU_module/instr_mem/PC[9]
 0.00  Total      0.000         0.00  Total    0       0       0 IFU_module/instr_mem/PC[8]
 0.00  Total      0.000         0.00  Total    0       0       0 IFU_module/instr_mem/PC[7]
 0.00  Total      0.000         0.00  Total    0       0       0 IFU_module/instr_mem/PC[6]
 0.00  Total      0.000         0.00  Total    0       0       0 IFU_module/instr_mem/PC[5]
 0.00  Total      0.000         0.00  Total    0       0       0 IFU_module/instr_mem/PC[1]
 0.00  Total      0.000         0.00  Total    0       0       0 IFU_module/instr_mem/PC[0]
 0.00  Total      0.000         0.00  Total    0       0       0 IFU_module/instr_mem/reset
 0.90  Total      6.605         7.30  Total    2       1       2 IFU_module/instr_mem/n_0
 1.07  Total     43.620        40.78  Total    6       1       4 IFU_module/instr_mem/n_11
 1.46  Total      5.810         3.97  Total    6       1       2 IFU_module/instr_mem/n_12
 0.73  Total      1.495         2.04  Total    4       1       1 IFU_module/instr_mem/n_13
 1.42  Total      7.540         5.33  Total    4       1       3 IFU_module/instr_mem/n_14
 0.90  Total      1.755         1.94  Total    2       1       1 IFU_module/instr_mem/n_15
 0.82  Total      1.265         1.54  Total    0       1       1 IFU_module/instr_mem/n_16
 1.16  Total      7.420         6.37  Total    4       1       2 IFU_module/instr_mem/n_23
 0.43  Total      0.360         0.84  Total    0       1       1 IFU_module/instr_mem/n_24
 0.86  Total      2.020         2.35  Total    2       1       1 IFU_module/instr_mem/n_29
 0.00  Total      0.000         0.00  Total    0       0       0 control_module/funct7[6]
 0.00  Total      0.000         0.00  Total    0       0       0 control_module/funct7[4]
 0.00  Total      0.000         0.00  Total    0       0       0 control_module/funct7[3]
 0.00  Total      0.000         0.00  Total    0       0       0 control_module/funct7[2]
 0.00  Total      0.000         0.00  Total    0       0       0 control_module/funct7[1]
 0.00  Total      0.000         0.00  Total    0       0       0 control_module/opcode[6]
 0.00  Total      0.000         0.00  Total    0       0       0 control_module/opcode[5]
 0.00  Total      0.000         0.00  Total    0       0       0 control_module/opcode[4]
 0.00  Total      0.000         0.00  Total    0       0       0 control_module/opcode[3]
 0.00  Total      0.000         0.00  Total    0       0       0 control_module/opcode[2]
 0.00  Total      0.000         0.00  Total    0       0       0 control_module/opcode[1]
 0.00  Total      0.000         0.00  Total    0       0       0 control_module/opcode[0]
 0.96  Total      2.900         3.02  Total    3       1       2 control_module/n_2
 1.20  Total      8.525         7.11  Total    6       1       3 control_module/n_3
 0.93  Total      4.350         4.68  Total    3       1       2 control_module/n_4
 1.02  Total      4.640         4.54  Total    2       1       2 control_module/n_5
 1.77  Total      1.665         0.94  Total    0       1       1 control_module/n_6
 1.14  Total     10.455         9.20  Total    7       1       3 control_module/n_7
 0.96  Total      6.150         6.43  Total    6       1       2 control_module/n_8
 0.79  Total      3.895         4.90  Total    3       1       2 control_module/n_9
 1.11  Total     10.315         9.26  Total    8       1       1 control_module/n_10
 0.88  Total     12.190        13.92  Total    8       1       1 control_module/n_11
 1.02  Total      7.895         7.77  Total    2       1       1 control_module/n_12
 0.73  Total      3.410         4.67  Total    4       1       1 control_module/n_13
 1.20  Total      8.500         7.11  Total    7       1       3 control_module/n_14
 0.00  Total      0.000         0.00  Total    0       0       0 datapath_module/read_reg_num1[4]
 0.00  Total      0.000         0.00  Total    0       0       0 datapath_module/read_reg_num1[3]
 0.00  Total      0.000         0.00  Total    0       0       0 datapath_module/read_reg_num1[2]
 0.00  Total      0.000         0.00  Total    0       0       0 datapath_module/read_reg_num1[1]
 0.00  Total      0.000         0.00  Total    0       0       0 datapath_module/read_reg_num1[0]
 0.00  Total      0.000         0.00  Total    0       0       0 datapath_module/read_reg_num2[0]
 0.00  Total      0.000         0.00  Total    0       0       0 datapath_module/alu_control[3]
 0.00  Total      0.000         0.00  Total    0       0       0 datapath_module/regwrite
 0.00  Total      0.000         0.00  Total    0       0       0 datapath_module/reset
 0.00  Total      0.000         0.00  Total    0       0       0 datapath_module/read_data1[31]
 0.00  Total      0.000         0.00  Total    0       0       0 datapath_module/read_data1[30]
 0.00  Total      0.000         0.00  Total    0       0       0 datapath_module/read_data1[29]
 0.00  Total      0.000         0.00  Total    0       0       0 datapath_module/read_data1[28]
 0.00  Total      0.000         0.00  Total    0       0       0 datapath_module/read_data1[27]
 0.00  Total      0.000         0.00  Total    0       0       0 datapath_module/read_data1[26]
 0.00  Total      0.000         0.00  Total    0       0       0 datapath_module/read_data1[25]
 0.00  Total      0.000         0.00  Total    0       0       0 datapath_module/read_data1[24]
 0.00  Total      0.000         0.00  Total    0       0       0 datapath_module/read_data1[23]
 0.00  Total      0.000         0.00  Total    0       0       0 datapath_module/read_data1[22]
 0.00  Total      0.000         0.00  Total    0       0       0 datapath_module/read_data1[21]
 0.00  Total      0.000         0.00  Total    0       0       0 datapath_module/read_data1[20]
 0.00  Total      0.000         0.00  Total    0       0       0 datapath_module/read_data1[19]
 0.00  Total      0.000         0.00  Total    0       0       0 datapath_module/read_data1[18]
 0.00  Total      0.000         0.00  Total    0       0       0 datapath_module/read_data1[17]
 0.00  Total      0.000         0.00  Total    0       0       0 datapath_module/read_data1[16]
 0.00  Total      0.000         0.00  Total    0       0       0 datapath_module/read_data1[15]
 0.00  Total      0.000         0.00  Total    0       0       0 datapath_module/read_data1[14]
 0.00  Total      0.000         0.00  Total    0       0       0 datapath_module/read_data1[13]
 0.00  Total      0.000         0.00  Total    0       0       0 datapath_module/read_data1[12]
 0.00  Total      0.000         0.00  Total    0       0       0 datapath_module/read_data1[11]
 0.00  Total      0.000         0.00  Total    0       0       0 datapath_module/read_data1[10]
 0.00  Total      0.000         0.00  Total    0       0       0 datapath_module/read_data1[9]
 0.00  Total      0.000         0.00  Total    0       0       0 datapath_module/read_data1[8]
 0.00  Total      0.000         0.00  Total    0       0       0 datapath_module/read_data1[7]
 0.00  Total      0.000         0.00  Total    0       0       0 datapath_module/read_data1[6]
 1.33  Total    123.785        92.75  Total   52       1      13 datapath_module/read_data1[5]
 1.39  Total     98.500        70.86  Total   42       1      13 datapath_module/read_data1[4]
 1.66  Total    111.825        67.46  Total   52       1      12 datapath_module/read_data1[3]
 1.23  Total     56.035        45.44  Total   27       1       7 datapath_module/read_data1[2]
 1.61  Total    127.760        79.47  Total   57       1      15 datapath_module/read_data1[1]
 0.00  Total      0.000         0.00  Total    0       0       0 datapath_module/read_data1[0]
 0.00  Total      0.000         0.00  Total    0       0       0 datapath_module/read_data2[31]
 0.00  Total      0.000         0.00  Total    0       0       0 datapath_module/read_data2[30]
 0.00  Total      0.000         0.00  Total    0       0       0 datapath_module/read_data2[29]
 0.00  Total      0.000         0.00  Total    0       0       0 datapath_module/read_data2[28]
 0.00  Total      0.000         0.00  Total    0       0       0 datapath_module/read_data2[27]
 0.00  Total      0.000         0.00  Total    0       0       0 datapath_module/read_data2[26]
 0.00  Total      0.000         0.00  Total    0       0       0 datapath_module/read_data2[25]
 0.00  Total      0.000         0.00  Total    0       0       0 datapath_module/read_data2[24]
 0.00  Total      0.000         0.00  Total    0       0       0 datapath_module/read_data2[23]
 0.00  Total      0.000         0.00  Total    0       0       0 datapath_module/read_data2[22]
 0.00  Total      0.000         0.00  Total    0       0       0 datapath_module/read_data2[21]
 0.00  Total      0.000         0.00  Total    0       0       0 datapath_module/read_data2[20]
 0.00  Total      0.000         0.00  Total    0       0       0 datapath_module/read_data2[19]
 0.00  Total      0.000         0.00  Total    0       0       0 datapath_module/read_data2[18]
 0.00  Total      0.000         0.00  Total    0       0       0 datapath_module/read_data2[17]
 0.00  Total      0.000         0.00  Total    0       0       0 datapath_module/read_data2[16]
 0.00  Total      0.000         0.00  Total    0       0       0 datapath_module/read_data2[15]
 0.00  Total      0.000         0.00  Total    0       0       0 datapath_module/read_data2[14]
 0.00  Total      0.000         0.00  Total    0       0       0 datapath_module/read_data2[13]
 0.00  Total      0.000         0.00  Total    0       0       0 datapath_module/read_data2[12]
 0.00  Total      0.000         0.00  Total    0       0       0 datapath_module/read_data2[11]
 0.00  Total      0.000         0.00  Total    0       0       0 datapath_module/read_data2[10]
 0.00  Total      0.000         0.00  Total    0       0       0 datapath_module/read_data2[9]
 0.00  Total      0.000         0.00  Total    0       0       0 datapath_module/read_data2[8]
 0.00  Total      0.000         0.00  Total    0       0       0 datapath_module/read_data2[7]
 0.00  Total      0.000         0.00  Total    0       0       0 datapath_module/read_data2[6]
 2.08  Total    223.565       107.37  Total  117       1      32 datapath_module/read_data2[5]
 1.75  Total    112.415        64.30  Total   60       1      18 datapath_module/read_data2[4]
 2.62  Total    384.510       146.62  Total  154       1      45 datapath_module/read_data2[3]
 2.01  Total    136.120        67.84  Total   58       1      16 datapath_module/read_data2[2]
 1.82  Total    122.505        67.50  Total   63       1      22 datapath_module/read_data2[1]
 2.50  Total    260.355       104.04  Total  156       1      48 datapath_module/read_data2[0]
 2.22  Total    395.970       178.40  Total  135       1      32 datapath_module/write_data[31]
 2.34  Total    462.170       197.52  Total  124       1      32 datapath_module/write_data[30]
 2.15  Total    414.720       193.10  Total  121       1      31 datapath_module/write_data[29]
 2.11  Total    404.710       192.02  Total  142       1      31 datapath_module/write_data[28]
 2.18  Total    381.245       175.28  Total  100       1      31 datapath_module/write_data[27]
 2.27  Total    412.535       181.50  Total  107       1      31 datapath_module/write_data[26]
 2.20  Total    467.900       212.78  Total  127       1      31 datapath_module/write_data[25]
 2.15  Total    489.130       227.58  Total  135       1      31 datapath_module/write_data[24]
 2.47  Total    512.795       208.00  Total  113       1      31 datapath_module/write_data[23]
 2.37  Total    507.280       213.90  Total  126       1      31 datapath_module/write_data[22]
 2.19  Total    485.155       221.10  Total  137       1      31 datapath_module/write_data[21]
 2.28  Total    535.690       234.50  Total  113       1      31 datapath_module/write_data[20]
 2.20  Total    586.350       265.98  Total  140       1      31 datapath_module/write_data[19]
 2.14  Total    563.395       263.42  Total  116       1      31 datapath_module/write_data[18]
 2.18  Total    543.290       249.28  Total  135       1      31 datapath_module/write_data[17]
 2.22  Total    529.415       238.58  Total  145       1      31 datapath_module/write_data[16]
 2.08  Total    455.510       219.28  Total  123       1      31 datapath_module/write_data[15]
 2.15  Total    467.115       217.00  Total  130       1      31 datapath_module/write_data[14]
 2.28  Total    511.120       223.70  Total  137       1      31 datapath_module/write_data[13]
 2.26  Total    503.090       222.30  Total  124       1      31 datapath_module/write_data[12]
 2.24  Total    480.890       215.10  Total  136       1      31 datapath_module/write_data[11]
 2.32  Total    514.870       221.60  Total  128       1      31 datapath_module/write_data[10]
 2.15  Total    515.710       239.40  Total  111       1      31 datapath_module/write_data[9]
 2.24  Total    523.210       233.92  Total  142       1      31 datapath_module/write_data[8]
 2.07  Total    446.505       215.30  Total  120       1      31 datapath_module/write_data[7]
 2.27  Total    398.525       175.88  Total  115       1      30 datapath_module/write_data[6]
 2.34  Total    400.970       171.50  Total  113       1      31 datapath_module/write_data[5]
 2.34  Total    427.590       183.00  Total  129       1      33 datapath_module/write_data[4]
 2.35  Total    352.615       150.30  Total  100       1      33 datapath_module/write_data[3]
 2.21  Total    339.255       153.68  Total  105       1      33 datapath_module/write_data[2]
 2.32  Total    355.600       152.98  Total  127       1      33 datapath_module/write_data[1]
 2.53  Total    371.820       147.20  Total  128       1      33 datapath_module/write_data[0]
 0.00  Total      0.000         0.00  Total    0       0       0 datapath_module/alu_module/alu_control[3]
 0.93  Total      1.260         1.36  Total    0       1       1 datapath_module/alu_module/n_15
 2.06  Total    153.025        74.21  Total   94       1      28 datapath_module/alu_module/n_18
 0.00  Total      0.000         0.00  Total    0       0       0 datapath_module/alu_module/n_21
 0.00  Total      0.000         0.00  Total    0       0       0 datapath_module/alu_module/n_22
 1.41  Total      6.390         4.52  Total    4       1       4 datapath_module/alu_module/n_23
 1.11  Total      4.075         3.69  Total    4       1       2 datapath_module/alu_module/n_24
 0.91  Total      4.750         5.20  Total    3       1       2 datapath_module/alu_module/n_25
 0.89  Total      5.720         6.40  Total    5       1       2 datapath_module/alu_module/n_26
 1.35  Total     22.280        16.48  Total   19       1       6 datapath_module/alu_module/n_27
 0.00  Total      0.000         0.00  Total    0       0       0 datapath_module/alu_module/n_28
 1.03  Total      5.670         5.51  Total    4       1       2 datapath_module/alu_module/n_30
 1.80  Total     28.555        15.90  Total   14       1      12 datapath_module/alu_module/n_32
 2.11  Total    163.170        77.19  Total  123       1      32 datapath_module/alu_module/n_33
 2.17  Total    164.140        75.59  Total  101       1      32 datapath_module/alu_module/n_34
 2.05  Total    203.230        99.23  Total  119       1      32 datapath_module/alu_module/n_35
 1.34  Total      1.260         0.94  Total    0       1       1 datapath_module/alu_module/n_36
 0.00  Total      0.000         0.00  Total    0       0       0 datapath_module/alu_module/n_37
 0.00  Total      0.000         0.00  Total    0       0       0 datapath_module/alu_module/n_38
 0.00  Total      0.000         0.00  Total    0       0       0 datapath_module/alu_module/n_39
 1.34  Total      2.470         1.84  Total    2       1       1 datapath_module/alu_module/n_40
 0.00  Total      0.000         0.00  Total    0       0       0 datapath_module/alu_module/n_41
 1.13  Total      4.480         3.97  Total    2       1       1 datapath_module/alu_module/n_42
 0.00  Total      0.000         0.00  Total    0       0       0 datapath_module/alu_module/n_43
 0.00  Total      0.000         0.00  Total    0       0       0 datapath_module/alu_module/n_44
 0.00  Total      0.000         0.00  Total    0       0       0 datapath_module/alu_module/n_45
 0.48  Total      1.865         3.87  Total    2       1       1 datapath_module/alu_module/n_46
 0.00  Total      0.000         0.00  Total    0       0       0 datapath_module/alu_module/n_47
 0.62  Total      2.560         4.16  Total    2       1       1 datapath_module/alu_module/n_48
 1.29  Total      2.100         1.63  Total    2       1       1 datapath_module/alu_module/n_49
 0.00  Total      0.000         0.00  Total    0       0       0 datapath_module/alu_module/n_50
 0.00  Total      0.000         0.00  Total    0       0       0 datapath_module/alu_module/n_51
 0.00  Total      0.000         0.00  Total    0       0       0 datapath_module/alu_module/n_52
 0.97  Total      2.270         2.34  Total    2       1       1 datapath_module/alu_module/n_53
 0.00  Total      0.000         0.00  Total    0       0       0 datapath_module/alu_module/n_54
 0.00  Total      0.000         0.00  Total    0       0       0 datapath_module/alu_module/n_55
 1.01  Total      1.470         1.45  Total    2       1       1 datapath_module/alu_module/n_56
 0.00  Total      0.000         0.00  Total    0       0       0 datapath_module/alu_module/n_57
 0.00  Total      0.000         0.00  Total    0       0       0 datapath_module/alu_module/n_58
 0.50  Total      1.950         3.87  Total    2       1       1 datapath_module/alu_module/n_59
 0.00  Total      0.000         0.00  Total    0       0       0 datapath_module/alu_module/n_60
 0.00  Total      0.000         0.00  Total    0       0       0 datapath_module/alu_module/n_61
 0.00  Total      0.000         0.00  Total    0       0       0 datapath_module/alu_module/n_62
 0.00  Total      0.000         0.00  Total    0       0       0 datapath_module/alu_module/n_63
 0.00  Total      0.000         0.00  Total    0       0       0 datapath_module/alu_module/n_64
 0.97  Total      2.070         2.14  Total    2       1       1 datapath_module/alu_module/n_65
 0.00  Total      0.000         0.00  Total    0       0       0 datapath_module/alu_module/n_66
 0.00  Total      0.000         0.00  Total    0       0       0 datapath_module/alu_module/n_67
 0.00  Total      0.000         0.00  Total    0       0       0 datapath_module/alu_module/n_68
 0.00  Total      0.000         0.00  Total    0       0       0 datapath_module/alu_module/n_69
 0.00  Total      0.000         0.00  Total    0       0       0 datapath_module/alu_module/n_70
 0.00  Total      0.000         0.00  Total    0       0       0 datapath_module/alu_module/n_71
 0.00  Total      0.000         0.00  Total    0       0       0 datapath_module/alu_module/n_72
 0.00  Total      0.000         0.00  Total    0       1       0 datapath_module/alu_module/n_73
 1.00  Total      2.425         2.43  Total    2       1       1 datapath_module/alu_module/n_74
 0.00  Total      0.000         0.00  Total    0       0       0 datapath_module/alu_module/n_75
 0.50  Total      2.070         4.16  Total    2       1       1 datapath_module/alu_module/n_76
 0.00  Total      0.000         0.00  Total    0       0       0 datapath_module/alu_module/n_77
 0.00  Total      0.000         0.00  Total    0       0       0 datapath_module/alu_module/n_78
 0.55  Total      2.525         4.55  Total    2       1       1 datapath_module/alu_module/n_79
 1.32  Total      2.430         1.83  Total    4       1       1 datapath_module/alu_module/n_80
 0.00  Total      0.000         0.00  Total    0       0       0 datapath_module/alu_module/n_81
 1.03  Total      3.240         3.14  Total    2       1       1 datapath_module/alu_module/n_82
 0.00  Total      0.000         0.00  Total    0       1       0 datapath_module/alu_module/n_83
 0.00  Total      0.000         0.00  Total    0       0       0 datapath_module/alu_module/n_84
 0.00  Total      0.000         0.00  Total    0       0       0 datapath_module/alu_module/n_85
 0.00  Total      0.000         0.00  Total    0       0       0 datapath_module/alu_module/n_86
 0.00  Total      0.000         0.00  Total    0       0       0 datapath_module/alu_module/n_87
 0.00  Total      0.000         0.00  Total    0       0       0 datapath_module/alu_module/n_88
 0.00  Total      0.000         0.00  Total    0       1       0 datapath_module/alu_module/n_89
 0.00  Total      0.000         0.00  Total    0       0       0 datapath_module/alu_module/n_90
 0.00  Total      0.000         0.00  Total    0       0       0 datapath_module/alu_module/n_91
 0.00  Total      0.000         0.00  Total    0       0       0 datapath_module/alu_module/n_92
 0.00  Total      0.000         0.00  Total    0       0       0 datapath_module/alu_module/n_93
 0.00  Total      0.000         0.00  Total    0       0       0 datapath_module/alu_module/n_94
 0.00  Total      0.000         0.00  Total    0       1       0 datapath_module/alu_module/n_95
 0.00  Total      0.000         0.00  Total    0       0       0 datapath_module/alu_module/n_96
 0.00  Total      0.000         0.00  Total    0       0       0 datapath_module/alu_module/n_97
 0.00  Total      0.000         0.00  Total    0       0       0 datapath_module/alu_module/n_98
 0.00  Total      0.000         0.00  Total    0       0       0 datapath_module/alu_module/n_99
 0.00  Total      0.000         0.00  Total    0       0       0 datapath_module/alu_module/n_100
 0.00  Total      0.000         0.00  Total    0       1       0 datapath_module/alu_module/n_101
 0.00  Total      0.000         0.00  Total    0       0       0 datapath_module/alu_module/n_102
 0.00  Total      0.000         0.00  Total    0       0       0 datapath_module/alu_module/n_103
 0.00  Total      0.000         0.00  Total    0       1       0 datapath_module/alu_module/n_104
 0.00  Total      0.000         0.00  Total    0       0       0 datapath_module/alu_module/n_105
 0.89  Total      1.800         2.02  Total    2       1       1 datapath_module/alu_module/n_106
 0.93  Total      4.825         5.17  Total    2       1       1 datapath_module/alu_module/n_107
 0.00  Total      0.000         0.00  Total    0       0       0 datapath_module/alu_module/n_108
 0.95  Total      4.720         4.98  Total    6       1       1 datapath_module/alu_module/n_109
 0.00  Total      0.000         0.00  Total    0       0       0 datapath_module/alu_module/n_110
 0.62  Total      2.665         4.28  Total    2       1       1 datapath_module/alu_module/n_111
 0.70  Total      1.350         1.93  Total    2       1       1 datapath_module/alu_module/n_112
 0.00  Total      0.000         0.00  Total    0       0       0 datapath_module/alu_module/n_113
 0.00  Total      0.000         0.00  Total    0       0       0 datapath_module/alu_module/n_114
 0.00  Total      0.000         0.00  Total    0       0       0 datapath_module/alu_module/n_115
 0.00  Total      0.000         0.00  Total    0       0       0 datapath_module/alu_module/n_116
 0.00  Total      0.000         0.00  Total    0       1       0 datapath_module/alu_module/n_117
 0.00  Total      0.000         0.00  Total    0       0       0 datapath_module/alu_module/n_118
 0.00  Total      0.000         0.00  Total    0       0       0 datapath_module/alu_module/n_119
 0.00  Total      0.000         0.00  Total    0       0       0 datapath_module/alu_module/n_120
 0.00  Total      0.000         0.00  Total    0       0       0 datapath_module/alu_module/n_121
 0.00  Total      0.000         0.00  Total    0       0       0 datapath_module/alu_module/n_122
 0.00  Total      0.000         0.00  Total    0       0       0 datapath_module/alu_module/n_123
 0.00  Total      0.000         0.00  Total    0       0       0 datapath_module/alu_module/n_124
 0.00  Total      0.000         0.00  Total    0       1       0 datapath_module/alu_module/n_125
 0.00  Total      0.000         0.00  Total    0       0       0 datapath_module/alu_module/n_126
 0.00  Total      0.000         0.00  Total    0       0       0 datapath_module/alu_module/n_127
 1.34  Total      5.465         4.07  Total    4       1       1 datapath_module/alu_module/n_128
 0.00  Total      0.000         0.00  Total    0       0       0 datapath_module/alu_module/n_129
 0.00  Total      0.000         0.00  Total    0       0       0 datapath_module/alu_module/n_130
 0.00  Total      0.000         0.00  Total    0       0       0 datapath_module/alu_module/n_131
 0.00  Total      0.000         0.00  Total    0       0       0 datapath_module/alu_module/n_132
 0.00  Total      0.000         0.00  Total    0       0       0 datapath_module/alu_module/n_133
 0.00  Total      0.000         0.00  Total    0       0       0 datapath_module/alu_module/n_134
 0.84  Total      7.605         9.04  Total    2       1       1 datapath_module/alu_module/n_135
 0.00  Total      0.000         0.00  Total    0       0       0 datapath_module/alu_module/n_136
 1.02  Total      7.485         7.35  Total    6       1       1 datapath_module/alu_module/n_137
 1.04  Total     13.425        12.96  Total    2       1       1 datapath_module/alu_module/n_138
 0.00  Total      0.000         0.00  Total    0       0       0 datapath_module/alu_module/n_139
 0.00  Total      0.000         0.00  Total    0       0       0 datapath_module/alu_module/n_140
 1.00  Total     20.650        20.63  Total    6       1       1 datapath_module/alu_module/n_141
 1.06  Total     21.840        20.51  Total   10       1       1 datapath_module/alu_module/n_142
 0.00  Total      0.000         0.00  Total    0       0       0 datapath_module/alu_module/n_143
 1.02  Total     23.870        23.50  Total   10       1       1 datapath_module/alu_module/n_144
 0.00  Total      0.000         0.00  Total    0       0       0 datapath_module/alu_module/n_145
 0.00  Total      0.000         0.00  Total    0       0       0 datapath_module/alu_module/n_146
 0.00  Total      0.000         0.00  Total    0       0       0 datapath_module/alu_module/n_147
 0.00  Total      0.000         0.00  Total    0       0       0 datapath_module/alu_module/n_148
 0.00  Total      0.000         0.00  Total    0       0       0 datapath_module/alu_module/n_149
 0.00  Total      0.000         0.00  Total    0       0       0 datapath_module/alu_module/n_150
 0.00  Total      0.000         0.00  Total    0       0       0 datapath_module/alu_module/n_151
 0.00  Total      0.000         0.00  Total    0       0       0 datapath_module/alu_module/n_152
 0.00  Total      0.000         0.00  Total    0       0       0 datapath_module/alu_module/n_153
 0.00  Total      0.000         0.00  Total    0       0       0 datapath_module/alu_module/n_154
 0.00  Total      0.000         0.00  Total    0       0       0 datapath_module/alu_module/n_155
 0.00  Total      0.000         0.00  Total    0       0       0 datapath_module/alu_module/n_156
 0.00  Total      0.000         0.00  Total    0       0       0 datapath_module/alu_module/n_157
 0.00  Total      0.000         0.00  Total    0       0       0 datapath_module/alu_module/n_158
 0.00  Total      0.000         0.00  Total    0       0       0 datapath_module/alu_module/n_159
 0.00  Total      0.000         0.00  Total    0       0       0 datapath_module/alu_module/n_160
 0.00  Total      0.000         0.00  Total    0       0       0 datapath_module/alu_module/n_161
 0.00  Total      0.000         0.00  Total    0       0       0 datapath_module/alu_module/n_162
 0.00  Total      0.000         0.00  Total    0       0       0 datapath_module/alu_module/n_163
 0.00  Total      0.000         0.00  Total    0       0       0 datapath_module/alu_module/n_164
 1.05  Total      9.310         8.83  Total    8       1       1 datapath_module/alu_module/n_165
 1.83  Total      5.920         3.24  Total    2       1       2 datapath_module/alu_module/n_166
 2.84  Total    214.460        75.61  Total  118       1      32 datapath_module/alu_module/n_167
 0.86  Total      2.000         2.31  Total    2       1       1 datapath_module/alu_module/n_168
 0.73  Total      4.115         5.67  Total    2       1       1 datapath_module/alu_module/n_169
 1.14  Total      8.265         7.24  Total    2       1       1 datapath_module/alu_module/n_170
 1.06  Total      4.780         4.53  Total    2       1       1 datapath_module/alu_module/n_171
 0.96  Total      6.510         6.77  Total    2       1       1 datapath_module/alu_module/n_172
 1.16  Total      7.235         6.24  Total    8       1       1 datapath_module/alu_module/n_173
 0.59  Total      2.835         4.83  Total    2       1       1 datapath_module/alu_module/n_174
 1.03  Total      6.370         6.17  Total    2       1       1 datapath_module/alu_module/n_175
 0.49  Total      2.185         4.44  Total    2       1       1 datapath_module/alu_module/n_176
 0.98  Total      6.310         6.44  Total    8       1       1 datapath_module/alu_module/n_177
 1.02  Total      1.640         1.60  Total    2       1       1 datapath_module/alu_module/n_178
 0.84  Total      4.900         5.80  Total    6       1       1 datapath_module/alu_module/n_179
 0.71  Total      3.580         5.01  Total    2       1       1 datapath_module/alu_module/n_180
 0.97  Total     10.520        10.80  Total    2       1       1 datapath_module/alu_module/n_181
 1.13  Total      5.040         4.48  Total    2       1       1 datapath_module/alu_module/n_182
 0.94  Total     15.620        16.68  Total    2       1       1 datapath_module/alu_module/n_183
 1.08  Total      4.810         4.46  Total    2       1       1 datapath_module/alu_module/n_184
 0.97  Total     15.975        16.48  Total   10       1       1 datapath_module/alu_module/n_185
 0.87  Total      5.710         6.54  Total    2       1       1 datapath_module/alu_module/n_186
 1.02  Total     15.345        15.12  Total    8       1       1 datapath_module/alu_module/n_187
 0.93  Total      2.100         2.25  Total    4       1       1 datapath_module/alu_module/n_188
 0.95  Total     18.335        19.21  Total    6       1       1 datapath_module/alu_module/n_189
 1.06  Total     18.540        17.48  Total    6       1       1 datapath_module/alu_module/n_190
 0.95  Total      2.900         3.06  Total    2       1       1 datapath_module/alu_module/n_191
 1.04  Total     24.680        23.66  Total    6       1       1 datapath_module/alu_module/n_192
 1.10  Total     19.140        17.48  Total    6       1       1 datapath_module/alu_module/n_193
 1.06  Total      3.480         3.27  Total    2       1       1 datapath_module/alu_module/n_194
 1.00  Total     22.970        22.96  Total    8       1       1 datapath_module/alu_module/n_195
 0.99  Total      5.435         5.48  Total    2       1       1 datapath_module/alu_module/n_196
 1.09  Total      5.085         4.68  Total    4       1       1 datapath_module/alu_module/n_197
 0.98  Total     21.450        21.86  Total    8       1       1 datapath_module/alu_module/n_198
 0.97  Total     16.695        17.16  Total    8       1       1 datapath_module/alu_module/n_199
 1.05  Total      2.300         2.19  Total    2       1       1 datapath_module/alu_module/n_200
 0.93  Total      4.930         5.33  Total    2       1       1 datapath_module/alu_module/n_201
 0.51  Total      2.255         4.44  Total    2       1       1 datapath_module/alu_module/n_202
 1.00  Total      9.865         9.82  Total    2       1       1 datapath_module/alu_module/n_203
 0.55  Total      1.680         3.06  Total    2       1       1 datapath_module/alu_module/n_204
 0.90  Total      1.920         2.14  Total    0       1       1 datapath_module/alu_module/n_205
 0.83  Total      5.750         6.96  Total    4       1       1 datapath_module/alu_module/n_206
 1.32  Total      3.895         2.96  Total    4       1       1 datapath_module/alu_module/n_207
 1.05  Total      7.340         6.98  Total    4       1       1 datapath_module/alu_module/n_208
 0.74  Total      4.605         6.26  Total    2       1       1 datapath_module/alu_module/n_209
 1.00  Total     13.280        13.33  Total    4       1       1 datapath_module/alu_module/n_210
 1.05  Total     18.680        17.82  Total    8       1       1 datapath_module/alu_module/n_211
 0.55  Total      2.270         4.09  Total    2       1       1 datapath_module/alu_module/n_212
 0.70  Total      5.450         7.74  Total    2       1       1 datapath_module/alu_module/n_213
 1.01  Total      1.550         1.54  Total    0       1       1 datapath_module/alu_module/n_214
 0.69  Total      3.180         4.63  Total    2       1       1 datapath_module/alu_module/n_215
 1.05  Total      7.490         7.14  Total    4       1       1 datapath_module/alu_module/n_216
 1.11  Total      1.260         1.14  Total    0       1       1 datapath_module/alu_module/n_217
 1.08  Total      9.580         8.88  Total   10       1       1 datapath_module/alu_module/n_218
 0.99  Total     19.210        19.32  Total    2       1       1 datapath_module/alu_module/n_334
 1.03  Total     10.320        10.04  Total    2       1       1 datapath_module/alu_module/n_335
 1.04  Total      4.930         4.73  Total    2       1       1 datapath_module/alu_module/n_336
 1.01  Total     15.630        15.46  Total    6       1       1 datapath_module/alu_module/n_337
 0.87  Total      3.300         3.78  Total    2       1       1 datapath_module/alu_module/n_338
 1.18  Total      5.080         4.29  Total    4       1       1 datapath_module/alu_module/n_339
 0.96  Total     14.930        15.60  Total    2       1       1 datapath_module/alu_module/n_340
 1.15  Total      3.645         3.18  Total    2       1       1 datapath_module/alu_module/n_341
 1.23  Total      7.165         5.83  Total    6       1       1 datapath_module/alu_module/n_342
 1.08  Total     12.380        11.47  Total    6       1       1 datapath_module/alu_module/n_343
 1.07  Total      1.905         1.79  Total    2       1       1 datapath_module/alu_module/n_344
 1.06  Total     10.265         9.71  Total    8       1       1 datapath_module/alu_module/n_345
 0.99  Total     21.900        22.11  Total    2       1       1 datapath_module/alu_module/n_346
 0.82  Total      2.940         3.58  Total    0       1       1 datapath_module/alu_module/n_347
 1.21  Total      6.685         5.51  Total    2       1       1 datapath_module/alu_module/n_348
 1.08  Total     18.445        17.02  Total    2       1       1 datapath_module/alu_module/n_349
 1.15  Total      6.160         5.33  Total    6       1       1 datapath_module/alu_module/n_350
 0.74  Total      3.175         4.29  Total    2       1       1 datapath_module/alu_module/n_351
 0.94  Total     17.705        18.82  Total    2       1       1 datapath_module/alu_module/n_352
 0.80  Total      3.720         4.63  Total    2       1       1 datapath_module/alu_module/n_353
 0.99  Total      5.500         5.55  Total    6       1       1 datapath_module/alu_module/n_354
 0.97  Total     15.465        16.00  Total    2       1       1 datapath_module/alu_module/n_355
 1.19  Total      3.660         3.06  Total    2       1       1 datapath_module/alu_module/n_356
 0.90  Total      1.950         2.16  Total    2       1       1 datapath_module/alu_module/n_357
 0.95  Total     18.345        19.22  Total    8       1       1 datapath_module/alu_module/n_358
 0.94  Total      9.020         9.62  Total    2       1       1 datapath_module/alu_module/n_359
 1.01  Total      5.135         5.10  Total    2       1       1 datapath_module/alu_module/n_360
 1.03  Total     21.235        20.62  Total    8       1       1 datapath_module/alu_module/n_361
 0.78  Total      2.750         3.54  Total    2       1       1 datapath_module/alu_module/n_362
 0.79  Total      2.955         3.75  Total    2       1       1 datapath_module/alu_module/n_363
 0.81  Total      6.150         7.58  Total    2       1       1 datapath_module/alu_module/n_364
 0.93  Total      5.990         6.42  Total    2       1       1 datapath_module/alu_module/n_365
 0.75  Total      3.495         4.64  Total    2       1       1 datapath_module/alu_module/n_366
 0.88  Total      5.680         6.42  Total    2       1       1 datapath_module/alu_module/n_367
 1.09  Total      4.970         4.57  Total    4       1       1 datapath_module/alu_module/n_368
 1.10  Total      3.190         2.90  Total    2       1       1 datapath_module/alu_module/n_369
 1.04  Total     16.960        16.33  Total    8       1       1 datapath_module/alu_module/n_370
 1.12  Total      3.870         3.46  Total    4       1       1 datapath_module/alu_module/n_371
 0.88  Total      2.380         2.70  Total    8       1       1 datapath_module/alu_module/n_372
 1.04  Total     11.655        11.21  Total    8       1       1 datapath_module/alu_module/n_373
 1.16  Total      6.920         5.96  Total    8       1       1 datapath_module/alu_module/n_374
 1.34  Total      3.625         2.70  Total    2       1       1 datapath_module/alu_module/n_375
 1.14  Total     13.975        12.30  Total    4       1       1 datapath_module/alu_module/n_376
 1.62  Total      3.060         1.89  Total    0       1       1 datapath_module/alu_module/n_377
 0.87  Total      3.585         4.10  Total    8       1       1 datapath_module/alu_module/n_378
 1.08  Total     14.160        13.11  Total    4       1       1 datapath_module/alu_module/n_379
 1.11  Total      4.945         4.46  Total    8       1       1 datapath_module/alu_module/n_380
 0.82  Total      2.375         2.90  Total    8       1       1 datapath_module/alu_module/n_381
 1.16  Total     24.465        21.03  Total    4       1       1 datapath_module/alu_module/n_382
 1.11  Total      6.505         5.87  Total    4       1       1 datapath_module/alu_module/n_383
 0.85  Total      2.295         2.70  Total    4       1       1 datapath_module/alu_module/n_384
 0.97  Total     19.070        19.66  Total    8       1       1 datapath_module/alu_module/n_385
 0.90  Total      7.925         8.81  Total    8       1       1 datapath_module/alu_module/n_386
 0.76  Total      2.200         2.90  Total    4       1       1 datapath_module/alu_module/n_387
 1.00  Total     24.435        24.48  Total    8       1       1 datapath_module/alu_module/n_388
 0.97  Total      2.775         2.87  Total    8       1       1 datapath_module/alu_module/n_389
 0.98  Total      5.670         5.76  Total    8       1       1 datapath_module/alu_module/n_390
 1.07  Total     24.400        22.77  Total    8       1       1 datapath_module/alu_module/n_391
 1.00  Total      2.870         2.87  Total    4       1       1 datapath_module/alu_module/n_392
 0.73  Total      3.090         4.24  Total    2       1       1 datapath_module/alu_module/n_393
 1.06  Total     13.400        12.62  Total    4       1       1 datapath_module/alu_module/n_394
 0.60  Total      0.830         1.39  Total    0       1       1 datapath_module/alu_module/n_395
 1.06  Total      7.420         7.01  Total    8       1       1 datapath_module/alu_module/n_396
 1.19  Total      6.100         5.11  Total    4       1       1 datapath_module/alu_module/n_397
 0.66  Total      0.780         1.19  Total    0       1       1 datapath_module/alu_module/n_398
 1.14  Total      8.005         7.01  Total    2       1       1 datapath_module/alu_module/n_399
 0.82  Total      1.895         2.31  Total    2       1       1 datapath_module/alu_module/n_400
 0.69  Total      2.565         3.73  Total    2       1       1 datapath_module/alu_module/n_401
 1.27  Total      4.610         3.62  Total    2       1       1 datapath_module/alu_module/n_402
 0.59  Total      2.480         4.17  Total    2       1       1 datapath_module/alu_module/n_403
 0.75  Total      1.630         2.19  Total    0       1       1 datapath_module/alu_module/n_404
 0.64  Total      2.915         4.55  Total    2       1       1 datapath_module/alu_module/n_405
 1.13  Total      2.820         2.50  Total    2       1       1 datapath_module/alu_module/n_406
 0.72  Total      2.620         3.64  Total    2       1       1 datapath_module/alu_module/n_407
 0.99  Total      2.020         2.05  Total    2       1       1 datapath_module/alu_module/n_408
 2.04  Total      6.250         3.06  Total    2       1       1 datapath_module/alu_module/n_409
 1.01  Total      2.400         2.37  Total    2       1       1 datapath_module/alu_module/n_410
 0.81  Total      3.425         4.24  Total    2       1       1 datapath_module/alu_module/n_411
 0.92  Total      9.115         9.87  Total    2       1       1 datapath_module/alu_module/n_412
 1.07  Total      2.210         2.06  Total    2       1       1 datapath_module/alu_module/n_413
 0.75  Total      3.725         4.95  Total    2       1       1 datapath_module/alu_module/n_414
 1.00  Total      3.280         3.27  Total    2       1       1 datapath_module/alu_module/n_415
 0.95  Total      3.790         3.98  Total    8       1       1 datapath_module/alu_module/n_416
 0.84  Total      3.985         4.75  Total    2       1       1 datapath_module/alu_module/n_417
 1.00  Total      2.670         2.68  Total    2       1       1 datapath_module/alu_module/n_418
 1.06  Total      2.605         2.46  Total    2       1       1 datapath_module/alu_module/n_419
 0.67  Total      3.170         4.75  Total    2       1       1 datapath_module/alu_module/n_420
 0.88  Total      1.500         1.71  Total    0       1       1 datapath_module/alu_module/n_421
 0.86  Total      3.340         3.89  Total    4       1       1 datapath_module/alu_module/n_422
 0.68  Total      3.240         4.75  Total    2       1       1 datapath_module/alu_module/n_423
 1.05  Total      6.590         6.28  Total    8       1       1 datapath_module/alu_module/n_424
 0.97  Total      8.350         8.61  Total    4       1       1 datapath_module/alu_module/n_425
 1.36  Total     10.290         7.56  Total    8       1       1 datapath_module/alu_module/n_426
 0.00  Total      0.000         0.00  Total    0       0       0 datapath_module/alu_module/n_427
 0.76  Total      2.830         3.71  Total    2       1       1 datapath_module/alu_module/n_428
 1.48  Total      3.500         2.37  Total    2       1       1 datapath_module/alu_module/n_429
 0.00  Total      0.000         0.00  Total    0       0       0 datapath_module/alu_module/n_433
 0.00  Total      0.000         0.00  Total    0       0       0 datapath_module/alu_module/n_434
 0.00  Total      0.000         0.00  Total    0       0       0 datapath_module/alu_module/n_435
 0.00  Total      0.000         0.00  Total    0       0       0 datapath_module/alu_module/n_436
 0.00  Total      0.000         0.00  Total    0       0       0 datapath_module/alu_module/n_437
 0.00  Total      0.000         0.00  Total    0       0       0 datapath_module/alu_module/n_438
 0.00  Total      0.000         0.00  Total    0       0       0 datapath_module/alu_module/n_439
 0.00  Total      0.000         0.00  Total    0       0       0 datapath_module/alu_module/n_440
 0.00  Total      0.000         0.00  Total    0       0       0 datapath_module/alu_module/n_441
 0.00  Total      0.000         0.00  Total    0       0       0 datapath_module/alu_module/n_442
 0.00  Total      0.000         0.00  Total    0       0       0 datapath_module/alu_module/n_443
 0.00  Total      0.000         0.00  Total    0       0       0 datapath_module/alu_module/n_444
 0.00  Total      0.000         0.00  Total    0       0       0 datapath_module/alu_module/n_445
 0.00  Total      0.000         0.00  Total    0       0       0 datapath_module/alu_module/n_446
 0.00  Total      0.000         0.00  Total    0       0       0 datapath_module/alu_module/n_447
 0.00  Total      0.000         0.00  Total    0       0       0 datapath_module/alu_module/n_448
 0.00  Total      0.000         0.00  Total    0       0       0 datapath_module/alu_module/n_449
 0.00  Total      0.000         0.00  Total    0       0       0 datapath_module/alu_module/n_450
 0.00  Total      0.000         0.00  Total    0       0       0 datapath_module/alu_module/n_451
 0.00  Total      0.000         0.00  Total    0       0       0 datapath_module/alu_module/n_452
 0.00  Total      0.000         0.00  Total    0       0       0 datapath_module/alu_module/n_453
 0.00  Total      0.000         0.00  Total    0       0       0 datapath_module/alu_module/n_454
 0.00  Total      0.000         0.00  Total    0       0       0 datapath_module/alu_module/n_455
 0.00  Total      0.000         0.00  Total    0       0       0 datapath_module/alu_module/n_456
 0.00  Total      0.000         0.00  Total    0       0       0 datapath_module/alu_module/n_457
 0.00  Total      0.000         0.00  Total    0       0       0 datapath_module/alu_module/n_458
 1.08  Total     11.195        10.39  Total    8       1       1 datapath_module/alu_module/n_459
 1.05  Total      8.960         8.53  Total    6       1       1 datapath_module/alu_module/n_460
 0.96  Total      6.820         7.13  Total    4       1       1 datapath_module/alu_module/n_461
 0.90  Total      5.995         6.65  Total    2       1       1 datapath_module/alu_module/n_462
 1.04  Total      4.740         4.54  Total    2       1       1 datapath_module/alu_module/n_463
 1.17  Total      2.490         2.13  Total    2       1       1 datapath_module/alu_module/n_464
 1.03  Total     11.665        11.34  Total    4       1       1 datapath_module/alu_module/n_465
 0.96  Total      5.610         5.86  Total    2       1       1 datapath_module/alu_module/n_466
 0.95  Total      4.970         5.25  Total    4       1       1 datapath_module/alu_module/n_467
 0.67  Total      5.605         8.36  Total    2       1       1 datapath_module/alu_module/n_468
 1.03  Total      8.470         8.20  Total    4       1       1 datapath_module/alu_module/n_469
 1.16  Total      2.265         1.96  Total    2       1       1 datapath_module/alu_module/n_470
 1.17  Total      2.065         1.76  Total    2       1       1 datapath_module/alu_module/n_471
 1.17  Total      7.915         6.75  Total    8       1       1 datapath_module/alu_module/n_472
 0.69  Total      4.340         6.25  Total    2       1       1 datapath_module/alu_module/n_473
 0.92  Total      6.755         7.38  Total    2       1       1 datapath_module/alu_module/n_474
 0.81  Total      8.435        10.45  Total    2       1       1 datapath_module/alu_module/n_475
 1.02  Total     12.735        12.50  Total    8       1       1 datapath_module/alu_module/n_476
 0.95  Total      6.915         7.25  Total    4       1       1 datapath_module/alu_module/n_477
 1.02  Total      7.290         7.17  Total    8       1       1 datapath_module/alu_module/n_478
 0.99  Total      8.535         8.65  Total    4       1       1 datapath_module/alu_module/n_479
 1.22  Total      8.930         7.34  Total    4       1       1 datapath_module/alu_module/n_480
 0.93  Total      6.295         6.74  Total    4       1       1 datapath_module/alu_module/n_481
 1.05  Total     10.090         9.64  Total    8       1       1 datapath_module/alu_module/n_482
 0.87  Total      9.035        10.33  Total    4       1       1 datapath_module/alu_module/n_483
 0.86  Total     11.460        13.34  Total    2       1       1 datapath_module/alu_module/n_484
 0.84  Total     10.600        12.55  Total    2       1       1 datapath_module/alu_module/n_485
 0.85  Total      8.995        10.55  Total    2       1       1 datapath_module/alu_module/n_486
 0.79  Total     10.405        13.13  Total    2       1       1 datapath_module/alu_module/n_487
 0.72  Total      4.545         6.36  Total    2       1       1 datapath_module/alu_module/n_488
 1.05  Total     11.165        10.64  Total    2       1       1 datapath_module/alu_module/n_489
 1.02  Total      7.310         7.13  Total    6       1       1 datapath_module/alu_module/n_490
 1.06  Total      8.365         7.87  Total    6       1       1 datapath_module/alu_module/n_491
 0.97  Total     14.690        15.09  Total   10       1       1 datapath_module/alu_module/n_492
 0.94  Total     15.905        16.89  Total    4       1       1 datapath_module/alu_module/n_493
 1.01  Total     19.125        18.89  Total    8       1       1 datapath_module/alu_module/n_494
 1.02  Total     21.715        21.38  Total    4       1       1 datapath_module/alu_module/n_495
 0.00  Total      0.000         0.00  Total    0       0       0 datapath_module/alu_module/n_496
 0.61  Total      2.485         4.05  Total    2       1       1 datapath_module/alu_module/add_34_34/n_0
 0.81  Total      9.805        12.14  Total    8       1       1 datapath_module/alu_module/add_34_34/n_2
 0.40  Total      1.400         3.52  Total    2       1       1 datapath_module/alu_module/add_34_34/n_4
 0.40  Total      1.400         3.52  Total    2       1       1 datapath_module/alu_module/add_34_34/n_6
 0.37  Total      1.315         3.52  Total    2       1       1 datapath_module/alu_module/add_34_34/n_8
 0.37  Total      1.315         3.52  Total    2       1       1 datapath_module/alu_module/add_34_34/n_10
 0.77  Total      5.000         6.54  Total    4       1       1 datapath_module/alu_module/add_34_34/n_12
 0.57  Total      1.800         3.14  Total    2       1       1 datapath_module/alu_module/add_34_34/n_14
 0.71  Total      3.380         4.74  Total    2       1       1 datapath_module/alu_module/add_34_34/n_16
 0.36  Total      1.200         3.31  Total    4       1       1 datapath_module/alu_module/add_34_34/n_18
 0.51  Total      1.780         3.52  Total    4       1       1 datapath_module/alu_module/add_34_34/n_20
 1.32  Total      3.980         3.02  Total    2       1       1 datapath_module/alu_module/add_34_34/n_22
 1.12  Total      6.465         5.79  Total    6       1       1 datapath_module/alu_module/add_34_34/n_24
 0.53  Total      3.165         5.99  Total    2       1       1 datapath_module/alu_module/add_34_34/n_26
 1.05  Total      3.405         3.25  Total    2       1       1 datapath_module/alu_module/add_34_34/n_28
 0.78  Total      3.630         4.67  Total    8       1       1 datapath_module/alu_module/add_34_34/n_30
 0.76  Total      1.915         2.54  Total    2       1       1 datapath_module/alu_module/add_34_34/n_32
 0.77  Total      4.080         5.26  Total    2       1       1 datapath_module/alu_module/add_34_34/n_34
 1.26  Total      2.330         1.85  Total    2       1       1 datapath_module/alu_module/add_34_34/n_36
 0.67  Total      2.460         3.67  Total    2       1       1 datapath_module/alu_module/add_34_34/n_38
 1.01  Total      5.960         5.88  Total    2       1       1 datapath_module/alu_module/add_34_34/n_40
 0.64  Total      3.040         4.71  Total    8       1       1 datapath_module/alu_module/add_34_34/n_42
 0.65  Total      2.935         4.54  Total    2       1       1 datapath_module/alu_module/add_34_34/n_44
 0.56  Total      2.290         4.12  Total    8       1       1 datapath_module/alu_module/add_34_34/n_46
 0.37  Total      1.315         3.52  Total    2       1       1 datapath_module/alu_module/add_34_34/n_48
 0.80  Total      3.950         4.94  Total    8       1       1 datapath_module/alu_module/add_34_34/n_50
 0.85  Total      8.290         9.73  Total    4       1       1 datapath_module/alu_module/add_34_34/n_52
 0.81  Total      1.610         2.00  Total    2       1       1 datapath_module/alu_module/add_34_34/n_54
 1.16  Total      2.335         2.02  Total    2       1       1 datapath_module/alu_module/add_34_34/n_56
 0.53  Total      2.210         4.15  Total    2       1       1 datapath_module/alu_module/add_34_34/n_58
 1.30  Total     62.075        47.64  Total   31       1       7 datapath_module/alu_module/mul_44_34/n_0
 0.89  Total      5.090         5.75  Total    2       1       1 datapath_module/alu_module/mul_44_34/n_1
 0.00  Total      0.000         0.00  Total    0       0       0 datapath_module/alu_module/mul_44_34/n_2
 0.75  Total      1.965         2.60  Total    2       1       1 datapath_module/alu_module/mul_44_34/n_3
 1.02  Total      8.635         8.43  Total    4       1       3 datapath_module/alu_module/mul_44_34/n_16
 1.65  Total    166.120       100.89  Total   85       1      26 datapath_module/alu_module/mul_44_34/n_17
 1.57  Total    158.165       100.67  Total   88       1      26 datapath_module/alu_module/mul_44_34/n_21
 0.00  Total      0.000         0.00  Total    0       0       0 datapath_module/alu_module/mul_44_34/n_26
 0.00  Total      0.000         0.00  Total    0       0       0 datapath_module/alu_module/mul_44_34/n_27
 0.00  Total      0.000         0.00  Total    0       0       0 datapath_module/alu_module/mul_44_34/n_28
 1.20  Total     13.390        11.12  Total    5       1       3 datapath_module/alu_module/mul_44_34/n_29
 0.00  Total      0.000         0.00  Total    0       0       0 datapath_module/alu_module/mul_44_34/n_30
 0.00  Total      0.000         0.00  Total    0       0       0 datapath_module/alu_module/mul_44_34/n_31
 1.01  Total      5.240         5.17  Total    4       1       3 datapath_module/alu_module/mul_44_34/n_32
 0.00  Total      0.000         0.00  Total    0       0       0 datapath_module/alu_module/mul_44_34/n_37
 1.14  Total     10.635         9.30  Total   14       1       4 datapath_module/alu_module/mul_44_34/n_38
 0.00  Total      0.000         0.00  Total    0       0       0 datapath_module/alu_module/mul_44_34/n_40
 0.00  Total      0.000         0.00  Total    0       0       0 datapath_module/alu_module/mul_44_34/n_41
 0.00  Total      0.000         0.00  Total    0       0       0 datapath_module/alu_module/mul_44_34/n_42
 0.99  Total     13.570        13.73  Total   12       1       4 datapath_module/alu_module/mul_44_34/n_43
 0.00  Total      0.000         0.00  Total    0       0       0 datapath_module/alu_module/mul_44_34/n_44
 0.00  Total      0.000         0.00  Total    0       0       0 datapath_module/alu_module/mul_44_34/n_47
 0.00  Total      0.000         0.00  Total    0       0       0 datapath_module/alu_module/mul_44_34/n_48
 1.45  Total    115.610        80.00  Total   56       1      16 datapath_module/alu_module/mul_44_34/n_49
 0.00  Total      0.000         0.00  Total    0       0       0 datapath_module/alu_module/mul_44_34/n_50
 0.00  Total      0.000         0.00  Total    0       0       0 datapath_module/alu_module/mul_44_34/n_51
 0.96  Total     15.290        15.87  Total   14       1       4 datapath_module/alu_module/mul_44_34/n_52
 0.00  Total      0.000         0.00  Total    0       0       0 datapath_module/alu_module/mul_44_34/n_53
 0.00  Total      0.000         0.00  Total    0       0       0 datapath_module/alu_module/mul_44_34/n_54
 0.00  Total      0.000         0.00  Total    0       0       0 datapath_module/alu_module/mul_44_34/n_60
 1.10  Total     10.360         9.46  Total   10       1       4 datapath_module/alu_module/mul_44_34/n_61
 0.00  Total      0.000         0.00  Total    0       0       0 datapath_module/alu_module/mul_44_34/n_62
 0.00  Total      0.000         0.00  Total    0       0       0 datapath_module/alu_module/mul_44_34/n_63
 0.00  Total      0.000         0.00  Total    0       0       0 datapath_module/alu_module/mul_44_34/n_64
 1.55  Total    135.055        87.10  Total   56       1      17 datapath_module/alu_module/mul_44_34/n_65
 1.10  Total      8.335         7.56  Total   11       1       3 datapath_module/alu_module/mul_44_34/n_66
 0.00  Total      0.000         0.00  Total    0       0       0 datapath_module/alu_module/mul_44_34/n_68
 0.00  Total      0.000         0.00  Total    0       0       0 datapath_module/alu_module/mul_44_34/n_69
 0.00  Total      0.000         0.00  Total    0       0       0 datapath_module/alu_module/mul_44_34/n_70
 0.00  Total      0.000         0.00  Total    0       0       0 datapath_module/alu_module/mul_44_34/n_71
 0.00  Total      0.000         0.00  Total    0       0       0 datapath_module/alu_module/mul_44_34/n_72
 0.00  Total      0.000         0.00  Total    0       0       0 datapath_module/alu_module/mul_44_34/n_73
 0.00  Total      0.000         0.00  Total    0       0       0 datapath_module/alu_module/mul_44_34/n_74
 0.00  Total      0.000         0.00  Total    0       0       0 datapath_module/alu_module/mul_44_34/n_75
 0.00  Total      0.000         0.00  Total    0       0       0 datapath_module/alu_module/mul_44_34/n_76
 0.00  Total      0.000         0.00  Total    0       0       0 datapath_module/alu_module/mul_44_34/n_77
 0.00  Total      0.000         0.00  Total    0       0       0 datapath_module/alu_module/mul_44_34/n_78
 0.00  Total      0.000         0.00  Total    0       0       0 datapath_module/alu_module/mul_44_34/n_79
 0.00  Total      0.000         0.00  Total    0       0       0 datapath_module/alu_module/mul_44_34/n_80
 0.00  Total      0.000         0.00  Total    0       0       0 datapath_module/alu_module/mul_44_34/n_81
 0.00  Total      0.000         0.00  Total    0       0       0 datapath_module/alu_module/mul_44_34/n_82
 0.00  Total      0.000         0.00  Total    0       0       0 datapath_module/alu_module/mul_44_34/n_83
 0.00  Total      0.000         0.00  Total    0       0       0 datapath_module/alu_module/mul_44_34/n_84
 0.00  Total      0.000         0.00  Total    0       0       0 datapath_module/alu_module/mul_44_34/n_85
 0.00  Total      0.000         0.00  Total    0       0       0 datapath_module/alu_module/mul_44_34/n_86
 0.00  Total      0.000         0.00  Total    0       0       0 datapath_module/alu_module/mul_44_34/n_87
 0.00  Total      0.000         0.00  Total    0       0       0 datapath_module/alu_module/mul_44_34/n_88
 0.00  Total      0.000         0.00  Total    0       0       0 datapath_module/alu_module/mul_44_34/n_89
 0.00  Total      0.000         0.00  Total    0       0       0 datapath_module/alu_module/mul_44_34/n_90
 0.00  Total      0.000         0.00  Total    0       0       0 datapath_module/alu_module/mul_44_34/n_91
 0.00  Total      0.000         0.00  Total    0       0       0 datapath_module/alu_module/mul_44_34/n_92
 0.00  Total      0.000         0.00  Total    0       0       0 datapath_module/alu_module/mul_44_34/n_93
 0.00  Total      0.000         0.00  Total    0       0       0 datapath_module/alu_module/mul_44_34/n_94
 0.00  Total      0.000         0.00  Total    0       0       0 datapath_module/alu_module/mul_44_34/n_95
 0.00  Total      0.000         0.00  Total    0       0       0 datapath_module/alu_module/mul_44_34/n_96
 0.00  Total      0.000         0.00  Total    0       0       0 datapath_module/alu_module/mul_44_34/n_97
 0.00  Total      0.000         0.00  Total    0       0       0 datapath_module/alu_module/mul_44_34/n_98
 0.00  Total      0.000         0.00  Total    0       0       0 datapath_module/alu_module/mul_44_34/n_99
 0.00  Total      0.000         0.00  Total    0       0       0 datapath_module/alu_module/mul_44_34/n_100
 0.00  Total      0.000         0.00  Total    0       0       0 datapath_module/alu_module/mul_44_34/n_101
 0.00  Total      0.000         0.00  Total    0       0       0 datapath_module/alu_module/mul_44_34/n_102
 0.00  Total      0.000         0.00  Total    0       0       0 datapath_module/alu_module/mul_44_34/n_103
 0.00  Total      0.000         0.00  Total    0       0       0 datapath_module/alu_module/mul_44_34/n_104
 0.00  Total      0.000         0.00  Total    0       0       0 datapath_module/alu_module/mul_44_34/n_105
 0.00  Total      0.000         0.00  Total    0       0       0 datapath_module/alu_module/mul_44_34/n_106
 0.00  Total      0.000         0.00  Total    0       0       0 datapath_module/alu_module/mul_44_34/n_107
 0.00  Total      0.000         0.00  Total    0       0       0 datapath_module/alu_module/mul_44_34/n_108
 0.00  Total      0.000         0.00  Total    0       0       0 datapath_module/alu_module/mul_44_34/n_109
 0.00  Total      0.000         0.00  Total    0       0       0 datapath_module/alu_module/mul_44_34/n_110
 0.00  Total      0.000         0.00  Total    0       0       0 datapath_module/alu_module/mul_44_34/n_111
 0.00  Total      0.000         0.00  Total    0       0       0 datapath_module/alu_module/mul_44_34/n_112
 0.00  Total      0.000         0.00  Total    0       0       0 datapath_module/alu_module/mul_44_34/n_113
 0.00  Total      0.000         0.00  Total    0       0       0 datapath_module/alu_module/mul_44_34/n_114
 0.00  Total      0.000         0.00  Total    0       0       0 datapath_module/alu_module/mul_44_34/n_115
 0.00  Total      0.000         0.00  Total    0       0       0 datapath_module/alu_module/mul_44_34/n_116
 0.00  Total      0.000         0.00  Total    0       0       0 datapath_module/alu_module/mul_44_34/n_117
 0.00  Total      0.000         0.00  Total    0       0       0 datapath_module/alu_module/mul_44_34/n_118
 0.00  Total      0.000         0.00  Total    0       0       0 datapath_module/alu_module/mul_44_34/n_119
 0.00  Total      0.000         0.00  Total    0       0       0 datapath_module/alu_module/mul_44_34/n_120
 0.00  Total      0.000         0.00  Total    0       0       0 datapath_module/alu_module/mul_44_34/n_121
 0.00  Total      0.000         0.00  Total    0       0       0 datapath_module/alu_module/mul_44_34/n_122
 0.00  Total      0.000         0.00  Total    0       0       0 datapath_module/alu_module/mul_44_34/n_123
 0.00  Total      0.000         0.00  Total    0       0       0 datapath_module/alu_module/mul_44_34/n_124
 0.00  Total      0.000         0.00  Total    0       0       0 datapath_module/alu_module/mul_44_34/n_125
 0.00  Total      0.000         0.00  Total    0       0       0 datapath_module/alu_module/mul_44_34/n_126
 0.00  Total      0.000         0.00  Total    0       0       0 datapath_module/alu_module/mul_44_34/n_127
 0.00  Total      0.000         0.00  Total    0       0       0 datapath_module/alu_module/mul_44_34/n_128
 0.00  Total      0.000         0.00  Total    0       0       0 datapath_module/alu_module/mul_44_34/n_129
 0.00  Total      0.000         0.00  Total    0       0       0 datapath_module/alu_module/mul_44_34/n_130
 0.00  Total      0.000         0.00  Total    0       0       0 datapath_module/alu_module/mul_44_34/n_131
 0.00  Total      0.000         0.00  Total    0       0       0 datapath_module/alu_module/mul_44_34/n_132
 0.00  Total      0.000         0.00  Total    0       0       0 datapath_module/alu_module/mul_44_34/n_133
 0.00  Total      0.000         0.00  Total    0       0       0 datapath_module/alu_module/mul_44_34/n_134
 0.00  Total      0.000         0.00  Total    0       0       0 datapath_module/alu_module/mul_44_34/n_135
 0.00  Total      0.000         0.00  Total    0       0       0 datapath_module/alu_module/mul_44_34/n_136
 0.00  Total      0.000         0.00  Total    0       0       0 datapath_module/alu_module/mul_44_34/n_137
 0.00  Total      0.000         0.00  Total    0       0       0 datapath_module/alu_module/mul_44_34/n_138
 0.00  Total      0.000         0.00  Total    0       0       0 datapath_module/alu_module/mul_44_34/n_139
 0.00  Total      0.000         0.00  Total    0       0       0 datapath_module/alu_module/mul_44_34/n_140
 0.00  Total      0.000         0.00  Total    0       0       0 datapath_module/alu_module/mul_44_34/n_141
 0.00  Total      0.000         0.00  Total    0       0       0 datapath_module/alu_module/mul_44_34/n_142
 0.00  Total      0.000         0.00  Total    0       0       0 datapath_module/alu_module/mul_44_34/n_143
 0.00  Total      0.000         0.00  Total    0       0       0 datapath_module/alu_module/mul_44_34/n_144
 0.00  Total      0.000         0.00  Total    0       0       0 datapath_module/alu_module/mul_44_34/n_145
 0.00  Total      0.000         0.00  Total    0       0       0 datapath_module/alu_module/mul_44_34/n_146
 0.00  Total      0.000         0.00  Total    0       0       0 datapath_module/alu_module/mul_44_34/n_147
 0.00  Total      0.000         0.00  Total    0       0       0 datapath_module/alu_module/mul_44_34/n_148
 0.00  Total      0.000         0.00  Total    0       0       0 datapath_module/alu_module/mul_44_34/n_149
 0.00  Total      0.000         0.00  Total    0       0       0 datapath_module/alu_module/mul_44_34/n_150
 0.00  Total      0.000         0.00  Total    0       0       0 datapath_module/alu_module/mul_44_34/n_151
 0.00  Total      0.000         0.00  Total    0       0       0 datapath_module/alu_module/mul_44_34/n_152
 0.00  Total      0.000         0.00  Total    0       0       0 datapath_module/alu_module/mul_44_34/n_153
 0.00  Total      0.000         0.00  Total    0       0       0 datapath_module/alu_module/mul_44_34/n_154
 0.00  Total      0.000         0.00  Total    0       0       0 datapath_module/alu_module/mul_44_34/n_155
 0.00  Total      0.000         0.00  Total    0       0       0 datapath_module/alu_module/mul_44_34/n_156
 0.00  Total      0.000         0.00  Total    0       0       0 datapath_module/alu_module/mul_44_34/n_157
 0.00  Total      0.000         0.00  Total    0       0       0 datapath_module/alu_module/mul_44_34/n_158
 0.00  Total      0.000         0.00  Total    0       0       0 datapath_module/alu_module/mul_44_34/n_159
 0.00  Total      0.000         0.00  Total    0       0       0 datapath_module/alu_module/mul_44_34/n_160
 0.00  Total      0.000         0.00  Total    0       0       0 datapath_module/alu_module/mul_44_34/n_161
 0.00  Total      0.000         0.00  Total    0       0       0 datapath_module/alu_module/mul_44_34/n_162
 0.00  Total      0.000         0.00  Total    0       0       0 datapath_module/alu_module/mul_44_34/n_163
 0.00  Total      0.000         0.00  Total    0       0       0 datapath_module/alu_module/mul_44_34/n_164
 0.00  Total      0.000         0.00  Total    0       0       0 datapath_module/alu_module/mul_44_34/n_165
 0.00  Total      0.000         0.00  Total    0       0       0 datapath_module/alu_module/mul_44_34/n_166
 0.00  Total      0.000         0.00  Total    0       0       0 datapath_module/alu_module/mul_44_34/n_167
 0.00  Total      0.000         0.00  Total    0       0       0 datapath_module/alu_module/mul_44_34/n_168
 0.00  Total      0.000         0.00  Total    0       0       0 datapath_module/alu_module/mul_44_34/n_169
 0.00  Total      0.000         0.00  Total    0       0       0 datapath_module/alu_module/mul_44_34/n_170
 0.00  Total      0.000         0.00  Total    0       0       0 datapath_module/alu_module/mul_44_34/n_171
 0.00  Total      0.000         0.00  Total    0       0       0 datapath_module/alu_module/mul_44_34/n_172
 0.00  Total      0.000         0.00  Total    0       0       0 datapath_module/alu_module/mul_44_34/n_173
 0.00  Total      0.000         0.00  Total    0       0       0 datapath_module/alu_module/mul_44_34/n_174
 0.00  Total      0.000         0.00  Total    0       0       0 datapath_module/alu_module/mul_44_34/n_175
 0.00  Total      0.000         0.00  Total    0       0       0 datapath_module/alu_module/mul_44_34/n_176
 0.00  Total      0.000         0.00  Total    0       0       0 datapath_module/alu_module/mul_44_34/n_177
 0.00  Total      0.000         0.00  Total    0       0       0 datapath_module/alu_module/mul_44_34/n_178
 0.00  Total      0.000         0.00  Total    0       0       0 datapath_module/alu_module/mul_44_34/n_179
 0.00  Total      0.000         0.00  Total    0       0       0 datapath_module/alu_module/mul_44_34/n_180
 0.00  Total      0.000         0.00  Total    0       0       0 datapath_module/alu_module/mul_44_34/n_181
 0.00  Total      0.000         0.00  Total    0       0       0 datapath_module/alu_module/mul_44_34/n_182
 0.00  Total      0.000         0.00  Total    0       0       0 datapath_module/alu_module/mul_44_34/n_183
 0.00  Total      0.000         0.00  Total    0       0       0 datapath_module/alu_module/mul_44_34/n_184
 0.00  Total      0.000         0.00  Total    0       0       0 datapath_module/alu_module/mul_44_34/n_185
 0.00  Total      0.000         0.00  Total    0       0       0 datapath_module/alu_module/mul_44_34/n_186
 0.00  Total      0.000         0.00  Total    0       0       0 datapath_module/alu_module/mul_44_34/n_187
 0.00  Total      0.000         0.00  Total    0       0       0 datapath_module/alu_module/mul_44_34/n_188
 0.00  Total      0.000         0.00  Total    0       0       0 datapath_module/alu_module/mul_44_34/n_189
 0.00  Total      0.000         0.00  Total    0       0       0 datapath_module/alu_module/mul_44_34/n_190
 0.00  Total      0.000         0.00  Total    0       0       0 datapath_module/alu_module/mul_44_34/n_191
 0.00  Total      0.000         0.00  Total    0       0       0 datapath_module/alu_module/mul_44_34/n_192
 0.00  Total      0.000         0.00  Total    0       0       0 datapath_module/alu_module/mul_44_34/n_193
 0.00  Total      0.000         0.00  Total    0       0       0 datapath_module/alu_module/mul_44_34/n_194
 0.00  Total      0.000         0.00  Total    0       0       0 datapath_module/alu_module/mul_44_34/n_195
 0.00  Total      0.000         0.00  Total    0       0       0 datapath_module/alu_module/mul_44_34/n_196
 0.00  Total      0.000         0.00  Total    0       0       0 datapath_module/alu_module/mul_44_34/n_197
 0.00  Total      0.000         0.00  Total    0       0       0 datapath_module/alu_module/mul_44_34/n_198
 0.00  Total      0.000         0.00  Total    0       0       0 datapath_module/alu_module/mul_44_34/n_199
 0.00  Total      0.000         0.00  Total    0       0       0 datapath_module/alu_module/mul_44_34/n_200
 0.00  Total      0.000         0.00  Total    0       0       0 datapath_module/alu_module/mul_44_34/n_201
 0.00  Total      0.000         0.00  Total    0       0       0 datapath_module/alu_module/mul_44_34/n_202
 0.00  Total      0.000         0.00  Total    0       0       0 datapath_module/alu_module/mul_44_34/n_203
 0.00  Total      0.000         0.00  Total    0       0       0 datapath_module/alu_module/mul_44_34/n_204
 0.00  Total      0.000         0.00  Total    0       0       0 datapath_module/alu_module/mul_44_34/n_205
 0.00  Total      0.000         0.00  Total    0       0       0 datapath_module/alu_module/mul_44_34/n_206
 0.00  Total      0.000         0.00  Total    0       0       0 datapath_module/alu_module/mul_44_34/n_207
 0.00  Total      0.000         0.00  Total    0       0       0 datapath_module/alu_module/mul_44_34/n_208
 0.00  Total      0.000         0.00  Total    0       0       0 datapath_module/alu_module/mul_44_34/n_209
 0.00  Total      0.000         0.00  Total    0       0       0 datapath_module/alu_module/mul_44_34/n_210
 0.00  Total      0.000         0.00  Total    0       0       0 datapath_module/alu_module/mul_44_34/n_211
 0.00  Total      0.000         0.00  Total    0       0       0 datapath_module/alu_module/mul_44_34/n_212
 0.00  Total      0.000         0.00  Total    0       0       0 datapath_module/alu_module/mul_44_34/n_213
 0.00  Total      0.000         0.00  Total    0       0       0 datapath_module/alu_module/mul_44_34/n_214
 0.00  Total      0.000         0.00  Total    0       0       0 datapath_module/alu_module/mul_44_34/n_215
 0.00  Total      0.000         0.00  Total    0       0       0 datapath_module/alu_module/mul_44_34/n_216
 0.00  Total      0.000         0.00  Total    0       0       0 datapath_module/alu_module/mul_44_34/n_217
 0.00  Total      0.000         0.00  Total    0       0       0 datapath_module/alu_module/mul_44_34/n_218
 0.00  Total      0.000         0.00  Total    0       0       0 datapath_module/alu_module/mul_44_34/n_219
 0.00  Total      0.000         0.00  Total    0       0       0 datapath_module/alu_module/mul_44_34/n_220
 0.00  Total      0.000         0.00  Total    0       0       0 datapath_module/alu_module/mul_44_34/n_221
 0.00  Total      0.000         0.00  Total    0       0       0 datapath_module/alu_module/mul_44_34/n_222
 0.00  Total      0.000         0.00  Total    0       0       0 datapath_module/alu_module/mul_44_34/n_223
 0.00  Total      0.000         0.00  Total    0       0       0 datapath_module/alu_module/mul_44_34/n_224
 0.00  Total      0.000         0.00  Total    0       0       0 datapath_module/alu_module/mul_44_34/n_225
 0.00  Total      0.000         0.00  Total    0       0       0 datapath_module/alu_module/mul_44_34/n_226
 0.00  Total      0.000         0.00  Total    0       0       0 datapath_module/alu_module/mul_44_34/n_227
 0.00  Total      0.000         0.00  Total    0       0       0 datapath_module/alu_module/mul_44_34/n_228
 0.00  Total      0.000         0.00  Total    0       0       0 datapath_module/alu_module/mul_44_34/n_229
 0.00  Total      0.000         0.00  Total    0       0       0 datapath_module/alu_module/mul_44_34/n_230
 0.00  Total      0.000         0.00  Total    0       0       0 datapath_module/alu_module/mul_44_34/n_231
 0.00  Total      0.000         0.00  Total    0       0       0 datapath_module/alu_module/mul_44_34/n_232
 0.00  Total      0.000         0.00  Total    0       0       0 datapath_module/alu_module/mul_44_34/n_233
 0.00  Total      0.000         0.00  Total    0       0       0 datapath_module/alu_module/mul_44_34/n_234
 0.00  Total      0.000         0.00  Total    0       0       0 datapath_module/alu_module/mul_44_34/n_235
 0.00  Total      0.000         0.00  Total    0       0       0 datapath_module/alu_module/mul_44_34/n_236
 0.00  Total      0.000         0.00  Total    0       0       0 datapath_module/alu_module/mul_44_34/n_237
 1.10  Total     14.440        13.08  Total    8       1       1 datapath_module/alu_module/mul_44_34/n_238
 0.00  Total      0.000         0.00  Total    0       0       0 datapath_module/alu_module/mul_44_34/n_239
 0.00  Total      0.000         0.00  Total    0       0       0 datapath_module/alu_module/mul_44_34/n_240
 0.00  Total      0.000         0.00  Total    0       0       0 datapath_module/alu_module/mul_44_34/n_241
 0.00  Total      0.000         0.00  Total    0       0       0 datapath_module/alu_module/mul_44_34/n_242
 1.18  Total      3.235         2.74  Total    0       1       1 datapath_module/alu_module/mul_44_34/n_243
 0.00  Total      0.000         0.00  Total    0       0       0 datapath_module/alu_module/mul_44_34/n_244
 0.90  Total      6.650         7.36  Total    2       1       1 datapath_module/alu_module/mul_44_34/n_245
 0.00  Total      0.000         0.00  Total    0       0       0 datapath_module/alu_module/mul_44_34/n_246
 0.00  Total      0.000         0.00  Total    0       0       0 datapath_module/alu_module/mul_44_34/n_247
 0.00  Total      0.000         0.00  Total    0       0       0 datapath_module/alu_module/mul_44_34/n_248
 0.00  Total      0.000         0.00  Total    0       0       0 datapath_module/alu_module/mul_44_34/n_249
 1.03  Total     12.215        11.84  Total    8       1       1 datapath_module/alu_module/mul_44_34/n_250
 0.00  Total      0.000         0.00  Total    0       0       0 datapath_module/alu_module/mul_44_34/n_251
 0.00  Total      0.000         0.00  Total    0       0       0 datapath_module/alu_module/mul_44_34/n_252
 0.00  Total      0.000         0.00  Total    0       0       0 datapath_module/alu_module/mul_44_34/n_253
 0.00  Total      0.000         0.00  Total    0       0       0 datapath_module/alu_module/mul_44_34/n_254
 0.00  Total      0.000         0.00  Total    0       0       0 datapath_module/alu_module/mul_44_34/n_255
 0.00  Total      0.000         0.00  Total    0       0       0 datapath_module/alu_module/mul_44_34/n_256
 0.00  Total      0.000         0.00  Total    0       0       0 datapath_module/alu_module/mul_44_34/n_257
 0.00  Total      0.000         0.00  Total    0       0       0 datapath_module/alu_module/mul_44_34/n_258
 1.16  Total     16.695        14.34  Total    4       1       1 datapath_module/alu_module/mul_44_34/n_259
 0.00  Total      0.000         0.00  Total    0       0       0 datapath_module/alu_module/mul_44_34/n_260
 0.00  Total      0.000         0.00  Total    0       0       0 datapath_module/alu_module/mul_44_34/n_261
 0.00  Total      0.000         0.00  Total    0       0       0 datapath_module/alu_module/mul_44_34/n_262
 0.00  Total      0.000         0.00  Total    0       0       0 datapath_module/alu_module/mul_44_34/n_263
 0.00  Total      0.000         0.00  Total    0       0       0 datapath_module/alu_module/mul_44_34/n_264
 1.55  Total      5.970         3.86  Total    8       1       2 datapath_module/alu_module/mul_44_34/n_265
 1.20  Total     10.740         8.92  Total    9       1       2 datapath_module/alu_module/mul_44_34/n_266
 0.62  Total      1.165         1.86  Total    2       1       1 datapath_module/alu_module/mul_44_34/n_267
 0.63  Total      2.775         4.40  Total    2       1       2 datapath_module/alu_module/mul_44_34/n_268
 0.91  Total      3.910         4.29  Total    2       1       2 datapath_module/alu_module/mul_44_34/n_269
 1.21  Total     15.955        13.15  Total   16       1       2 datapath_module/alu_module/mul_44_34/n_270
 1.21  Total      3.930         3.26  Total    2       1       2 datapath_module/alu_module/mul_44_34/n_271
 0.92  Total      3.885         4.21  Total    2       1       2 datapath_module/alu_module/mul_44_34/n_272
 0.93  Total      4.625         4.99  Total    2       1       2 datapath_module/alu_module/mul_44_34/n_273
 1.15  Total      3.275         2.86  Total    2       1       2 datapath_module/alu_module/mul_44_34/n_274
 1.22  Total      9.575         7.84  Total    4       1       2 datapath_module/alu_module/mul_44_34/n_275
 1.03  Total      5.930         5.75  Total    6       1       2 datapath_module/alu_module/mul_44_34/n_276
 1.01  Total      8.595         8.52  Total    8       1       2 datapath_module/alu_module/mul_44_34/n_277
 1.04  Total     10.230         9.80  Total    6       1       2 datapath_module/alu_module/mul_44_34/n_278
 1.23  Total      4.510         3.66  Total    4       1       2 datapath_module/alu_module/mul_44_34/n_279
 1.21  Total      3.960         3.26  Total    2       1       2 datapath_module/alu_module/mul_44_34/n_280
 0.78  Total      3.795         4.86  Total    6       1       2 datapath_module/alu_module/mul_44_34/n_281
 0.90  Total      5.045         5.60  Total    4       1       2 datapath_module/alu_module/mul_44_34/n_282
 1.00  Total      6.825         6.80  Total    8       1       2 datapath_module/alu_module/mul_44_34/n_283
 1.15  Total      7.570         6.60  Total    5       1       2 datapath_module/alu_module/mul_44_34/n_284
 0.97  Total      4.220         4.36  Total    2       1       2 datapath_module/alu_module/mul_44_34/n_285
 1.22  Total      9.480         7.80  Total    2       1       2 datapath_module/alu_module/mul_44_34/n_286
 1.17  Total      9.455         8.08  Total    3       1       2 datapath_module/alu_module/mul_44_34/n_287
 1.43  Total      4.490         3.14  Total    0       1       2 datapath_module/alu_module/mul_44_34/n_290
 1.28  Total      9.730         7.58  Total    2       1       2 datapath_module/alu_module/mul_44_34/n_291
 0.95  Total      2.040         2.14  Total    2       1       1 datapath_module/alu_module/mul_44_34/n_292
 1.45  Total      4.540         3.14  Total    0       1       2 datapath_module/alu_module/mul_44_34/n_293
 0.99  Total      6.905         6.98  Total    4       1       2 datapath_module/alu_module/mul_44_34/n_294
 1.09  Total      8.715         7.96  Total    6       1       2 datapath_module/alu_module/mul_44_34/n_295
 1.03  Total     19.070        18.44  Total    4       1       2 datapath_module/alu_module/mul_44_34/n_296
 0.63  Total      2.440         3.86  Total    2       1       1 datapath_module/alu_module/mul_44_34/n_297
 1.15  Total      5.950         5.18  Total    2       1       2 datapath_module/alu_module/mul_44_34/n_298
 1.19  Total      4.130         3.46  Total    2       1       2 datapath_module/alu_module/mul_44_34/n_299
 0.79  Total      6.275         7.92  Total    6       1       2 datapath_module/alu_module/mul_44_34/n_300
 0.81  Total      2.545         3.12  Total    2       1       1 datapath_module/alu_module/mul_44_34/n_301
 1.02  Total      3.870         3.78  Total    3       1       2 datapath_module/alu_module/mul_44_34/n_302
 1.11  Total      5.765         5.19  Total    3       1       2 datapath_module/alu_module/mul_44_34/n_303
 0.99  Total     10.120        10.25  Total    3       1       2 datapath_module/alu_module/mul_44_34/n_304
 1.08  Total      4.910         4.56  Total    4       1       2 datapath_module/alu_module/mul_44_34/n_306
 1.34  Total      8.430         6.29  Total   11       1       2 datapath_module/alu_module/mul_44_34/n_307
 1.12  Total     14.930        13.35  Total    2       1       2 datapath_module/alu_module/mul_44_34/n_308
 0.85  Total      3.100         3.66  Total    2       1       2 datapath_module/alu_module/mul_44_34/n_309
 1.39  Total      6.405         4.61  Total    2       1       2 datapath_module/alu_module/mul_44_34/n_310
 1.10  Total      3.675         3.35  Total    2       1       2 datapath_module/alu_module/mul_44_34/n_311
 0.30  Total      0.250         0.84  Total    0       1       1 datapath_module/alu_module/mul_44_34/n_312
 1.01  Total     15.270        15.08  Total    5       1       2 datapath_module/alu_module/mul_44_34/n_313
 1.11  Total      4.740         4.26  Total    2       1       2 datapath_module/alu_module/mul_44_34/n_314
 1.01  Total     10.525        10.39  Total    3       1       2 datapath_module/alu_module/mul_44_34/n_315
 1.11  Total     10.430         9.38  Total    3       1       2 datapath_module/alu_module/mul_44_34/n_316
 1.12  Total      7.850         6.99  Total    2       1       2 datapath_module/alu_module/mul_44_34/n_317
 0.85  Total      5.105         5.98  Total    4       1       2 datapath_module/alu_module/mul_44_34/n_318
 0.86  Total      3.160         3.66  Total    2       1       2 datapath_module/alu_module/mul_44_34/n_319
 0.78  Total      5.455         6.97  Total    8       1       1 datapath_module/alu_module/mul_44_34/n_320
 1.00  Total      3.525         3.51  Total    2       1       2 datapath_module/alu_module/mul_44_34/n_321
 0.80  Total      5.540         6.96  Total    2       1       2 datapath_module/alu_module/mul_44_34/n_322
 0.93  Total      7.410         7.96  Total    2       1       2 datapath_module/alu_module/mul_44_34/n_323
 1.41  Total     16.150        11.44  Total    4       1       2 datapath_module/alu_module/mul_44_34/n_324
 1.02  Total     12.080        11.80  Total    4       1       2 datapath_module/alu_module/mul_44_34/n_325
 0.90  Total      7.190         7.96  Total    2       1       2 datapath_module/alu_module/mul_44_34/n_326
 1.16  Total      4.580         3.94  Total    0       1       2 datapath_module/alu_module/mul_44_34/n_327
 0.94  Total      5.705         6.05  Total    3       1       2 datapath_module/alu_module/mul_44_34/n_328
 0.73  Total      4.265         5.82  Total    4       1       2 datapath_module/alu_module/mul_44_34/n_329
 0.68  Total      3.215         4.75  Total    2       1       1 datapath_module/alu_module/mul_44_34/n_330
 1.11  Total      7.805         7.06  Total    3       1       2 datapath_module/alu_module/mul_44_34/n_331
 0.78  Total      5.890         7.56  Total    2       1       1 datapath_module/alu_module/mul_44_34/n_332
 1.16  Total      4.740         4.07  Total    2       1       2 datapath_module/alu_module/mul_44_34/n_333
 1.01  Total      5.580         5.53  Total    4       1       2 datapath_module/alu_module/mul_44_34/n_334
 0.86  Total      4.825         5.59  Total    2       1       2 datapath_module/alu_module/mul_44_34/n_335
 0.96  Total      3.135         3.25  Total    2       1       2 datapath_module/alu_module/mul_44_34/n_336
 0.72  Total      3.210         4.46  Total    3       1       2 datapath_module/alu_module/mul_44_34/n_337
 0.89  Total      5.615         6.34  Total    2       1       1 datapath_module/alu_module/mul_44_34/n_338
 0.86  Total      3.670         4.26  Total    4       1       2 datapath_module/alu_module/mul_44_34/n_339
 1.27  Total      4.060         3.19  Total    2       1       2 datapath_module/alu_module/mul_44_34/n_340
 1.13  Total     11.420        10.13  Total    4       1       2 datapath_module/alu_module/mul_44_34/n_341
 0.87  Total      1.335         1.53  Total    2       1       1 datapath_module/alu_module/mul_44_34/n_342
 1.36  Total      7.160         5.25  Total   11       1       2 datapath_module/alu_module/mul_44_34/n_343
 1.03  Total      5.935         5.78  Total    3       1       2 datapath_module/alu_module/mul_44_34/n_344
 1.12  Total      3.450         3.09  Total    2       1       2 datapath_module/alu_module/mul_44_34/n_345
 1.09  Total      8.210         7.51  Total    3       1       2 datapath_module/alu_module/mul_44_34/n_346
 1.10  Total      4.705         4.29  Total    3       1       2 datapath_module/alu_module/mul_44_34/n_347
 1.18  Total      4.410         3.75  Total    4       1       2 datapath_module/alu_module/mul_44_34/n_348
 0.99  Total      3.440         3.46  Total    2       1       2 datapath_module/alu_module/mul_44_34/n_349
 1.02  Total     10.000         9.82  Total    4       1       2 datapath_module/alu_module/mul_44_34/n_350
 0.88  Total      7.430         8.40  Total    4       1       2 datapath_module/alu_module/mul_44_34/n_351
 0.94  Total      4.860         5.16  Total    6       1       2 datapath_module/alu_module/mul_44_34/n_352
 1.31  Total      6.985         5.34  Total    5       1       2 datapath_module/alu_module/mul_44_34/n_353
 1.10  Total      3.790         3.44  Total    4       1       2 datapath_module/alu_module/mul_44_34/n_354
 1.51  Total      7.755         5.15  Total    4       1       2 datapath_module/alu_module/mul_44_34/n_355
 0.93  Total      4.025         4.35  Total    8       1       2 datapath_module/alu_module/mul_44_34/n_356
 0.95  Total      2.975         3.14  Total    2       1       2 datapath_module/alu_module/mul_44_34/n_357
 1.41  Total      8.000         5.69  Total    2       1       2 datapath_module/alu_module/mul_44_34/n_358
 1.11  Total      3.130         2.83  Total    2       1       1 datapath_module/alu_module/mul_44_34/n_359
 1.21  Total      9.380         7.75  Total   10       1       2 datapath_module/alu_module/mul_44_34/n_360
 0.94  Total      3.995         4.26  Total    6       1       2 datapath_module/alu_module/mul_44_34/n_361
 1.02  Total      6.270         6.14  Total    4       1       2 datapath_module/alu_module/mul_44_34/n_362
 0.00  Total      0.000         0.00  Total    0       0       0 datapath_module/alu_module/mul_44_34/n_363
 0.00  Total      0.000         0.00  Total    0       0       0 datapath_module/alu_module/mul_44_34/n_364
 1.04  Total      2.210         2.12  Total    2       1       1 datapath_module/alu_module/mul_44_34/n_365
 0.00  Total      0.000         0.00  Total    0       0       0 datapath_module/alu_module/mul_44_34/n_366
 0.00  Total      0.000         0.00  Total    0       0       0 datapath_module/alu_module/mul_44_34/n_367
 0.00  Total      0.000         0.00  Total    0       0       0 datapath_module/alu_module/mul_44_34/n_368
 0.00  Total      0.000         0.00  Total    0       0       0 datapath_module/alu_module/mul_44_34/n_369
 0.00  Total      0.000         0.00  Total    0       0       0 datapath_module/alu_module/mul_44_34/n_370
 0.00  Total      0.000         0.00  Total    0       0       0 datapath_module/alu_module/mul_44_34/n_371
 0.00  Total      0.000         0.00  Total    0       0       0 datapath_module/alu_module/mul_44_34/n_372
 1.62  Total      1.845         1.14  Total    0       1       1 datapath_module/alu_module/mul_44_34/n_373
 0.00  Total      0.000         0.00  Total    0       0       0 datapath_module/alu_module/mul_44_34/n_374
 0.86  Total      1.500         1.75  Total    2       1       1 datapath_module/alu_module/mul_44_34/n_375
 0.00  Total      0.000         0.00  Total    0       0       0 datapath_module/alu_module/mul_44_34/n_376
 0.00  Total      0.000         0.00  Total    0       0       0 datapath_module/alu_module/mul_44_34/n_377
 0.00  Total      0.000         0.00  Total    0       0       0 datapath_module/alu_module/mul_44_34/n_378
 1.08  Total      7.620         7.04  Total    2       1       1 datapath_module/alu_module/mul_44_34/n_379
 1.18  Total      1.610         1.36  Total    0       1       1 datapath_module/alu_module/mul_44_34/n_380
 1.01  Total      5.315         5.25  Total    2       1       1 datapath_module/alu_module/mul_44_34/n_381
 0.00  Total      0.000         0.00  Total    0       0       0 datapath_module/alu_module/mul_44_34/n_382
 0.00  Total      0.000         0.00  Total    0       0       0 datapath_module/alu_module/mul_44_34/n_383
 0.00  Total      0.000         0.00  Total    0       0       0 datapath_module/alu_module/mul_44_34/n_384
 0.00  Total      0.000         0.00  Total    0       0       0 datapath_module/alu_module/mul_44_34/n_385
 0.00  Total      0.000         0.00  Total    0       0       0 datapath_module/alu_module/mul_44_34/n_386
 0.00  Total      0.000         0.00  Total    0       0       0 datapath_module/alu_module/mul_44_34/n_387
 0.00  Total      0.000         0.00  Total    0       0       0 datapath_module/alu_module/mul_44_34/n_388
 0.00  Total      0.000         0.00  Total    0       0       0 datapath_module/alu_module/mul_44_34/n_389
 0.00  Total      0.000         0.00  Total    0       0       0 datapath_module/alu_module/mul_44_34/n_390
 0.00  Total      0.000         0.00  Total    0       0       0 datapath_module/alu_module/mul_44_34/n_391
 0.00  Total      0.000         0.00  Total    0       0       0 datapath_module/alu_module/mul_44_34/n_392
 0.00  Total      0.000         0.00  Total    0       0       0 datapath_module/alu_module/mul_44_34/n_393
 0.00  Total      0.000         0.00  Total    0       0       0 datapath_module/alu_module/mul_44_34/n_394
 0.00  Total      0.000         0.00  Total    0       0       0 datapath_module/alu_module/mul_44_34/n_395
 0.00  Total      0.000         0.00  Total    0       0       0 datapath_module/alu_module/mul_44_34/n_396
 0.00  Total      0.000         0.00  Total    0       0       0 datapath_module/alu_module/mul_44_34/n_397
 0.00  Total      0.000         0.00  Total    0       0       0 datapath_module/alu_module/mul_44_34/n_398
 0.00  Total      0.000         0.00  Total    0       0       0 datapath_module/alu_module/mul_44_34/n_399
 0.00  Total      0.000         0.00  Total    0       0       0 datapath_module/alu_module/mul_44_34/n_400
 0.00  Total      0.000         0.00  Total    0       0       0 datapath_module/alu_module/mul_44_34/n_401
 0.00  Total      0.000         0.00  Total    0       0       0 datapath_module/alu_module/mul_44_34/n_402
 1.15  Total      4.035         3.51  Total    3       1       2 datapath_module/alu_module/mul_44_34/n_403
 0.00  Total      0.000         0.00  Total    0       0       0 datapath_module/alu_module/mul_44_34/n_404
 1.05  Total      5.680         5.38  Total    6       1       2 datapath_module/alu_module/mul_44_34/n_405
 0.00  Total      0.000         0.00  Total    0       0       0 datapath_module/alu_module/mul_44_34/n_406
 0.00  Total      0.000         0.00  Total    0       0       0 datapath_module/alu_module/mul_44_34/n_407
 0.00  Total      0.000         0.00  Total    0       0       0 datapath_module/alu_module/mul_44_34/n_408
 0.00  Total      0.000         0.00  Total    0       0       0 datapath_module/alu_module/mul_44_34/n_409
 0.00  Total      0.000         0.00  Total    0       0       0 datapath_module/alu_module/mul_44_34/n_410
 0.00  Total      0.000         0.00  Total    0       0       0 datapath_module/alu_module/mul_44_34/n_411
 0.00  Total      0.000         0.00  Total    0       0       0 datapath_module/alu_module/mul_44_34/n_412
 0.00  Total      0.000         0.00  Total    0       0       0 datapath_module/alu_module/mul_44_34/n_414
 0.00  Total      0.000         0.00  Total    0       0       0 datapath_module/alu_module/mul_44_34/n_415
 0.00  Total      0.000         0.00  Total    0       0       0 datapath_module/alu_module/mul_44_34/n_416
 0.00  Total      0.000         0.00  Total    0       0       0 datapath_module/alu_module/mul_44_34/n_418
 0.00  Total      0.000         0.00  Total    0       0       0 datapath_module/alu_module/mul_44_34/n_419
 0.00  Total      0.000         0.00  Total    0       0       0 datapath_module/alu_module/mul_44_34/n_420
 0.00  Total      0.000         0.00  Total    0       0       0 datapath_module/alu_module/mul_44_34/n_421
 0.00  Total      0.000         0.00  Total    0       0       0 datapath_module/alu_module/mul_44_34/n_422
 0.00  Total      0.000         0.00  Total    0       0       0 datapath_module/alu_module/mul_44_34/n_423
 0.00  Total      0.000         0.00  Total    0       0       0 datapath_module/alu_module/mul_44_34/n_424
 0.00  Total      0.000         0.00  Total    0       0       0 datapath_module/alu_module/mul_44_34/n_425
 0.00  Total      0.000         0.00  Total    0       0       0 datapath_module/alu_module/mul_44_34/n_426
 0.00  Total      0.000         0.00  Total    0       0       0 datapath_module/alu_module/mul_44_34/n_427
 0.00  Total      0.000         0.00  Total    0       0       0 datapath_module/alu_module/mul_44_34/n_428
 0.00  Total      0.000         0.00  Total    0       0       0 datapath_module/alu_module/mul_44_34/n_429
 0.00  Total      0.000         0.00  Total    0       0       0 datapath_module/alu_module/mul_44_34/n_430
 0.00  Total      0.000         0.00  Total    0       0       0 datapath_module/alu_module/mul_44_34/n_431
 0.95  Total      5.940         6.24  Total    2       1       1 datapath_module/alu_module/mul_44_34/n_433
 0.87  Total     10.430        12.03  Total    2       1       1 datapath_module/alu_module/mul_44_34/n_434
 1.30  Total      9.160         7.04  Total    8       1       1 datapath_module/alu_module/mul_44_34/n_436
 1.05  Total     23.830        22.77  Total    8       1       1 datapath_module/alu_module/mul_44_34/n_437
 0.91  Total      7.420         8.13  Total    2       1       1 datapath_module/alu_module/mul_44_34/n_438
 1.06  Total     19.960        18.77  Total    8       1       1 datapath_module/alu_module/mul_44_34/n_439
 1.06  Total      9.175         8.68  Total    8       1       1 datapath_module/alu_module/mul_44_34/n_440
 1.08  Total     13.745        12.67  Total    8       1       2 datapath_module/alu_module/mul_44_34/n_441
 1.11  Total      9.595         8.62  Total    6       1       2 datapath_module/alu_module/mul_44_34/n_442
 0.83  Total      7.170         8.62  Total    2       1       1 datapath_module/alu_module/mul_44_34/n_443
 0.79  Total      7.715         9.72  Total    4       1       2 datapath_module/alu_module/mul_44_34/n_444
 1.16  Total      9.965         8.62  Total    0       1       1 datapath_module/alu_module/mul_44_34/n_445
 1.26  Total      9.515         7.57  Total    2       1       1 datapath_module/alu_module/mul_44_34/n_446
 0.53  Total      3.005         5.65  Total    2       1       1 datapath_module/alu_module/mul_44_34/n_447
 0.95  Total      9.860        10.33  Total    4       1       1 datapath_module/alu_module/mul_44_34/n_448
 1.11  Total     14.920        13.47  Total    8       1       1 datapath_module/alu_module/mul_44_34/n_449
 1.02  Total      9.085         8.94  Total    2       1       1 datapath_module/alu_module/mul_44_34/n_450
 1.11  Total      8.620         7.77  Total    4       1       1 datapath_module/alu_module/mul_44_34/n_451
 1.00  Total      9.230         9.23  Total    2       1       1 datapath_module/alu_module/mul_44_34/n_452
 0.84  Total      5.745         6.84  Total    2       1       1 datapath_module/alu_module/mul_44_34/n_453
 1.09  Total     12.975        11.92  Total    3       1       2 datapath_module/alu_module/mul_44_34/n_454
 1.09  Total     12.955        11.87  Total    2       1       1 datapath_module/alu_module/mul_44_34/n_455
 0.96  Total     13.450        13.97  Total    6       1       1 datapath_module/alu_module/mul_44_34/n_456
 1.38  Total     12.735         9.23  Total    8       1       1 datapath_module/alu_module/mul_44_34/n_457
 0.94  Total     11.710        12.45  Total    2       1       1 datapath_module/alu_module/mul_44_34/n_458
 1.03  Total     13.770        13.37  Total    4       1       2 datapath_module/alu_module/mul_44_34/n_459
 1.22  Total     11.500         9.43  Total    8       1       1 datapath_module/alu_module/mul_44_34/n_460
 1.59  Total     16.505        10.37  Total    2       1       1 datapath_module/alu_module/mul_44_34/n_461
 1.00  Total     11.870        11.83  Total    2       1       1 datapath_module/alu_module/mul_44_34/n_462
 1.00  Total     13.310        13.29  Total    2       1       1 datapath_module/alu_module/mul_44_34/n_463
 1.09  Total     22.860        20.97  Total    2       1       1 datapath_module/alu_module/mul_44_34/n_464
 0.00  Total      0.000         0.00  Total    0       0       0 datapath_module/alu_module/mul_44_34/n_465
 0.00  Total      0.000         0.00  Total    0       0       0 datapath_module/alu_module/mul_44_34/n_467
 0.00  Total      0.000         0.00  Total    0       0       0 datapath_module/alu_module/mul_44_34/n_468
 0.00  Total      0.000         0.00  Total    0       0       0 datapath_module/alu_module/mul_44_34/n_469
 0.00  Total      0.000         0.00  Total    0       0       0 datapath_module/alu_module/mul_44_34/n_470
 0.00  Total      0.000         0.00  Total    0       0       0 datapath_module/alu_module/mul_44_34/n_471
 0.00  Total      0.000         0.00  Total    0       0       0 datapath_module/alu_module/mul_44_34/n_472
 0.00  Total      0.000         0.00  Total    0       0       0 datapath_module/alu_module/mul_44_34/n_473
 0.00  Total      0.000         0.00  Total    0       0       0 datapath_module/alu_module/mul_44_34/n_474
 0.00  Total      0.000         0.00  Total    0       0       0 datapath_module/alu_module/mul_44_34/n_475
 0.00  Total      0.000         0.00  Total    0       0       0 datapath_module/alu_module/mul_44_34/n_476
 0.00  Total      0.000         0.00  Total    0       0       0 datapath_module/alu_module/mul_44_34/n_477
 1.13  Total     11.690        10.33  Total   10       1       2 datapath_module/alu_module/mul_44_34/n_478
 0.00  Total      0.000         0.00  Total    0       0       0 datapath_module/alu_module/mul_44_34/n_479
 0.00  Total      0.000         0.00  Total    0       0       0 datapath_module/alu_module/mul_44_34/n_480
 0.00  Total      0.000         0.00  Total    0       0       0 datapath_module/alu_module/mul_44_34/n_481
 1.00  Total      1.470         1.47  Total    2       1       1 datapath_module/alu_module/mul_44_34/n_482
 0.00  Total      0.000         0.00  Total    0       0       0 datapath_module/alu_module/mul_44_34/n_483
 0.00  Total      0.000         0.00  Total    0       0       0 datapath_module/alu_module/mul_44_34/n_484
 0.00  Total      0.000         0.00  Total    0       0       0 datapath_module/alu_module/mul_44_34/n_485
 0.00  Total      0.000         0.00  Total    0       0       0 datapath_module/alu_module/mul_44_34/n_486
 1.00  Total     14.250        14.26  Total    4       1       1 datapath_module/alu_module/mul_44_34/n_487
 0.00  Total      0.000         0.00  Total    0       0       0 datapath_module/alu_module/mul_44_34/n_488
 1.02  Total      7.075         6.91  Total    8       1       1 datapath_module/alu_module/mul_44_34/n_489
 0.00  Total      0.000         0.00  Total    0       0       0 datapath_module/alu_module/mul_44_34/n_490
 0.00  Total      0.000         0.00  Total    0       0       0 datapath_module/alu_module/mul_44_34/n_491
 0.00  Total      0.000         0.00  Total    0       0       0 datapath_module/alu_module/mul_44_34/n_492
 0.00  Total      0.000         0.00  Total    0       0       0 datapath_module/alu_module/mul_44_34/n_494
 0.98  Total     15.305        15.59  Total   13       1       3 datapath_module/alu_module/mul_44_34/n_495
 0.00  Total      0.000         0.00  Total    0       0       0 datapath_module/alu_module/mul_44_34/n_496
 0.88  Total      6.685         7.62  Total    2       1       1 datapath_module/alu_module/mul_44_34/n_497
 0.00  Total      0.000         0.00  Total    0       0       0 datapath_module/alu_module/mul_44_34/n_498
 0.00  Total      0.000         0.00  Total    0       0       0 datapath_module/alu_module/mul_44_34/n_499
 0.80  Total      3.960         4.96  Total    3       1       2 datapath_module/alu_module/mul_44_34/n_500
 0.90  Total      7.105         7.88  Total    9       1       2 datapath_module/alu_module/mul_44_34/n_501
 1.28  Total      6.095         4.78  Total    2       1       1 datapath_module/alu_module/mul_44_34/n_502
 0.00  Total      0.000         0.00  Total    0       0       0 datapath_module/alu_module/mul_44_34/n_503
 1.24  Total      7.190         5.79  Total    2       1       1 datapath_module/alu_module/mul_44_34/n_504
 1.13  Total      5.545         4.90  Total    6       1       1 datapath_module/alu_module/mul_44_34/n_505
 0.00  Total      0.000         0.00  Total    0       0       0 datapath_module/alu_module/mul_44_34/n_506
 0.78  Total      8.505        10.88  Total    4       1       1 datapath_module/alu_module/mul_44_34/n_507
 0.00  Total      0.000         0.00  Total    0       0       0 datapath_module/alu_module/mul_44_34/n_508
 0.00  Total      0.000         0.00  Total    0       0       0 datapath_module/alu_module/mul_44_34/n_509
 1.00  Total     16.080        16.07  Total    6       1       2 datapath_module/alu_module/mul_44_34/n_510
 0.95  Total     13.705        14.36  Total    3       1       2 datapath_module/alu_module/mul_44_34/n_511
 0.83  Total      9.565        11.52  Total    4       1       1 datapath_module/alu_module/mul_44_34/n_512
 0.00  Total      0.000         0.00  Total    0       0       0 datapath_module/alu_module/mul_44_34/n_513
 0.72  Total      5.945         8.23  Total    4       1       1 datapath_module/alu_module/mul_44_34/n_514
 1.33  Total      2.805         2.11  Total    2       1       1 datapath_module/alu_module/mul_44_34/n_515
 0.00  Total      0.000         0.00  Total    0       0       0 datapath_module/alu_module/mul_44_34/n_516
 0.00  Total      0.000         0.00  Total    0       0       0 datapath_module/alu_module/mul_44_34/n_517
 0.00  Total      0.000         0.00  Total    0       0       0 datapath_module/alu_module/mul_44_34/n_518
 0.00  Total      0.000         0.00  Total    0       0       0 datapath_module/alu_module/mul_44_34/n_519
 0.00  Total      0.000         0.00  Total    0       0       0 datapath_module/alu_module/mul_44_34/n_520
 0.00  Total      0.000         0.00  Total    0       0       0 datapath_module/alu_module/mul_44_34/n_521
 0.00  Total      0.000         0.00  Total    0       0       0 datapath_module/alu_module/mul_44_34/n_522
 0.89  Total      7.615         8.51  Total    8       1       2 datapath_module/alu_module/mul_44_34/n_523
 1.15  Total     15.980        13.88  Total    6       1       2 datapath_module/alu_module/mul_44_34/n_524
 0.00  Total      0.000         0.00  Total    0       0       0 datapath_module/alu_module/mul_44_34/n_525
 0.00  Total      0.000         0.00  Total    0       0       0 datapath_module/alu_module/mul_44_34/n_526
 0.71  Total      4.740         6.67  Total    2       1       1 datapath_module/alu_module/mul_44_34/n_527
 0.00  Total      0.000         0.00  Total    0       0       0 datapath_module/alu_module/mul_44_34/n_528
 0.00  Total      0.000         0.00  Total    0       0       0 datapath_module/alu_module/mul_44_34/n_529
 1.04  Total      5.570         5.38  Total    2       1       1 datapath_module/alu_module/mul_44_34/n_530
 0.00  Total      0.000         0.00  Total    0       0       0 datapath_module/alu_module/mul_44_34/n_531
 0.96  Total      6.040         6.30  Total    2       1       2 datapath_module/alu_module/mul_44_34/n_532
 0.00  Total      0.000         0.00  Total    0       0       0 datapath_module/alu_module/mul_44_34/n_533
 0.00  Total      0.000         0.00  Total    0       0       0 datapath_module/alu_module/mul_44_34/n_534
 0.00  Total      0.000         0.00  Total    0       0       0 datapath_module/alu_module/mul_44_34/n_535
 1.40  Total      9.930         7.07  Total    8       1       1 datapath_module/alu_module/mul_44_34/n_536
 0.00  Total      0.000         0.00  Total    0       0       0 datapath_module/alu_module/mul_44_34/n_537
 0.85  Total     11.710        13.85  Total    8       1       1 datapath_module/alu_module/mul_44_34/n_538
 0.00  Total      0.000         0.00  Total    0       0       0 datapath_module/alu_module/mul_44_34/n_539
 0.00  Total      0.000         0.00  Total    0       0       0 datapath_module/alu_module/mul_44_34/n_540
 0.00  Total      0.000         0.00  Total    0       0       0 datapath_module/alu_module/mul_44_34/n_541
 0.00  Total      0.000         0.00  Total    0       0       0 datapath_module/alu_module/mul_44_34/n_542
 0.00  Total      0.000         0.00  Total    0       0       0 datapath_module/alu_module/mul_44_34/n_543
 0.00  Total      0.000         0.00  Total    0       0       0 datapath_module/alu_module/mul_44_34/n_544
 1.32  Total      2.800         2.12  Total    2       1       1 datapath_module/alu_module/mul_44_34/n_545
 0.56  Total      2.500         4.45  Total    4       1       1 datapath_module/alu_module/mul_44_34/n_546
 0.00  Total      0.000         0.00  Total    0       0       0 datapath_module/alu_module/mul_44_34/n_547
 0.00  Total      0.000         0.00  Total    0       0       0 datapath_module/alu_module/mul_44_34/n_548
 1.20  Total      9.305         7.73  Total    8       1       1 datapath_module/alu_module/mul_44_34/n_549
 0.96  Total      7.625         7.98  Total    5       1       2 datapath_module/alu_module/mul_44_34/n_550
 0.00  Total      0.000         0.00  Total    0       0       0 datapath_module/alu_module/mul_44_34/n_551
 0.68  Total      3.130         4.61  Total    2       1       2 datapath_module/alu_module/mul_44_34/n_552
 0.00  Total      0.000         0.00  Total    0       0       0 datapath_module/alu_module/mul_44_34/n_553
 1.09  Total      8.170         7.50  Total    3       1       2 datapath_module/alu_module/mul_44_34/n_554
 0.00  Total      0.000         0.00  Total    0       0       0 datapath_module/alu_module/mul_44_34/n_555
 0.00  Total      0.000         0.00  Total    0       0       0 datapath_module/alu_module/mul_44_34/n_556
 0.00  Total      0.000         0.00  Total    0       0       0 datapath_module/alu_module/mul_44_34/n_557
 0.00  Total      0.000         0.00  Total    0       0       0 datapath_module/alu_module/mul_44_34/n_558
 0.00  Total      0.000         0.00  Total    0       0       0 datapath_module/alu_module/mul_44_34/n_559
 0.00  Total      0.000         0.00  Total    0       0       0 datapath_module/alu_module/mul_44_34/n_560
 0.00  Total      0.000         0.00  Total    0       0       0 datapath_module/alu_module/mul_44_34/n_561
 0.00  Total      0.000         0.00  Total    0       0       0 datapath_module/alu_module/mul_44_34/n_562
 0.00  Total      0.000         0.00  Total    0       0       0 datapath_module/alu_module/mul_44_34/n_563
 0.00  Total      0.000         0.00  Total    0       0       0 datapath_module/alu_module/mul_44_34/n_564
 0.84  Total      4.320         5.15  Total    2       1       1 datapath_module/alu_module/mul_44_34/n_565
 1.06  Total      2.880         2.73  Total    2       1       1 datapath_module/alu_module/mul_44_34/n_566
 0.00  Total      0.000         0.00  Total    0       0       0 datapath_module/alu_module/mul_44_34/n_567
 0.00  Total      0.000         0.00  Total    0       0       0 datapath_module/alu_module/mul_44_34/n_568
 1.09  Total      5.615         5.16  Total    2       1       1 datapath_module/alu_module/mul_44_34/n_569
 0.55  Total      1.575         2.87  Total    2       1       1 datapath_module/alu_module/mul_44_34/n_570
 0.00  Total      0.000         0.00  Total    0       0       0 datapath_module/alu_module/mul_44_34/n_571
 0.00  Total      0.000         0.00  Total    0       0       0 datapath_module/alu_module/mul_44_34/n_572
 0.00  Total      0.000         0.00  Total    0       0       0 datapath_module/alu_module/mul_44_34/n_573
 0.00  Total      0.000         0.00  Total    0       0       0 datapath_module/alu_module/mul_44_34/n_574
 0.00  Total      0.000         0.00  Total    0       0       0 datapath_module/alu_module/mul_44_34/n_575
 1.17  Total      2.960         2.52  Total    4       1       1 datapath_module/alu_module/mul_44_34/n_576
 0.00  Total      0.000         0.00  Total    0       0       0 datapath_module/alu_module/mul_44_34/n_577
 1.24  Total      6.155         4.95  Total    2       1       1 datapath_module/alu_module/mul_44_34/n_578
 0.00  Total      0.000         0.00  Total    0       0       0 datapath_module/alu_module/mul_44_34/n_579
 0.00  Total      0.000         0.00  Total    0       0       0 datapath_module/alu_module/mul_44_34/n_580
 0.00  Total      0.000         0.00  Total    0       0       0 datapath_module/alu_module/mul_44_34/n_581
 0.00  Total      0.000         0.00  Total    0       0       0 datapath_module/alu_module/mul_44_34/n_582
 0.72  Total      4.140         5.75  Total    2       1       1 datapath_module/alu_module/mul_44_34/n_583
 0.00  Total      0.000         0.00  Total    0       0       0 datapath_module/alu_module/mul_44_34/n_584
 0.00  Total      0.000         0.00  Total    0       0       0 datapath_module/alu_module/mul_44_34/n_585
 0.00  Total      0.000         0.00  Total    0       0       0 datapath_module/alu_module/mul_44_34/n_586
 0.00  Total      0.000         0.00  Total    0       0       0 datapath_module/alu_module/mul_44_34/n_587
 0.00  Total      0.000         0.00  Total    0       0       0 datapath_module/alu_module/mul_44_34/n_588
 0.00  Total      0.000         0.00  Total    0       0       0 datapath_module/alu_module/mul_44_34/n_589
 0.00  Total      0.000         0.00  Total    0       0       0 datapath_module/alu_module/mul_44_34/n_590
 0.00  Total      0.000         0.00  Total    0       0       0 datapath_module/alu_module/mul_44_34/n_591
 0.00  Total      0.000         0.00  Total    0       0       0 datapath_module/alu_module/mul_44_34/n_592
 0.00  Total      0.000         0.00  Total    0       0       0 datapath_module/alu_module/mul_44_34/n_593
 0.00  Total      0.000         0.00  Total    0       0       0 datapath_module/alu_module/mul_44_34/n_594
 0.00  Total      0.000         0.00  Total    0       0       0 datapath_module/alu_module/mul_44_34/n_595
 0.00  Total      0.000         0.00  Total    0       0       0 datapath_module/alu_module/mul_44_34/n_596
 1.13  Total      3.865         3.43  Total    2       1       1 datapath_module/alu_module/mul_44_34/n_597
 0.00  Total      0.000         0.00  Total    0       0       0 datapath_module/alu_module/mul_44_34/n_598
 0.00  Total      0.000         0.00  Total    0       0       0 datapath_module/alu_module/mul_44_34/n_599
 0.00  Total      0.000         0.00  Total    0       0       0 datapath_module/alu_module/mul_44_34/n_600
 1.05  Total      9.975         9.53  Total    8       1       1 datapath_module/alu_module/mul_44_34/n_601
 0.00  Total      0.000         0.00  Total    0       0       0 datapath_module/alu_module/mul_44_34/n_602
 0.00  Total      0.000         0.00  Total    0       0       0 datapath_module/alu_module/mul_44_34/n_603
 0.00  Total      0.000         0.00  Total    0       0       0 datapath_module/alu_module/mul_44_34/n_604
 0.00  Total      0.000         0.00  Total    0       0       0 datapath_module/alu_module/mul_44_34/n_605
 0.00  Total      0.000         0.00  Total    0       0       0 datapath_module/alu_module/mul_44_34/n_606
 0.00  Total      0.000         0.00  Total    0       0       0 datapath_module/alu_module/mul_44_34/n_607
 0.00  Total      0.000         0.00  Total    0       0       0 datapath_module/alu_module/mul_44_34/n_608
 0.00  Total      0.000         0.00  Total    0       0       0 datapath_module/alu_module/mul_44_34/n_609
 0.00  Total      0.000         0.00  Total    0       0       0 datapath_module/alu_module/mul_44_34/n_610
 0.00  Total      0.000         0.00  Total    0       0       0 datapath_module/alu_module/mul_44_34/n_611
 0.00  Total      0.000         0.00  Total    0       0       0 datapath_module/alu_module/mul_44_34/n_612
 0.00  Total      0.000         0.00  Total    0       0       0 datapath_module/alu_module/mul_44_34/n_613
 0.00  Total      0.000         0.00  Total    0       0       0 datapath_module/alu_module/mul_44_34/n_614
 0.00  Total      0.000         0.00  Total    0       0       0 datapath_module/alu_module/mul_44_34/n_615
 1.01  Total      1.955         1.95  Total    2       1       1 datapath_module/alu_module/mul_44_34/n_616
 0.00  Total      0.000         0.00  Total    0       0       0 datapath_module/alu_module/mul_44_34/n_617
 0.00  Total      0.000         0.00  Total    0       0       0 datapath_module/alu_module/mul_44_34/n_618
 0.00  Total      0.000         0.00  Total    0       0       0 datapath_module/alu_module/mul_44_34/n_619
 1.00  Total      2.535         2.52  Total    2       1       1 datapath_module/alu_module/mul_44_34/n_620
 0.00  Total      0.000         0.00  Total    0       0       0 datapath_module/alu_module/mul_44_34/n_621
 1.39  Total      2.990         2.15  Total    6       1       1 datapath_module/alu_module/mul_44_34/n_622
 0.00  Total      0.000         0.00  Total    0       0       0 datapath_module/alu_module/mul_44_34/n_623
 0.00  Total      0.000         0.00  Total    0       0       0 datapath_module/alu_module/mul_44_34/n_624
 0.00  Total      0.000         0.00  Total    0       0       0 datapath_module/alu_module/mul_44_34/n_625
 0.00  Total      0.000         0.00  Total    0       0       0 datapath_module/alu_module/mul_44_34/n_626
 0.00  Total      0.000         0.00  Total    0       0       0 datapath_module/alu_module/mul_44_34/n_627
 1.02  Total      3.510         3.45  Total    8       1       1 datapath_module/alu_module/mul_44_34/n_628
 0.00  Total      0.000         0.00  Total    0       0       0 datapath_module/alu_module/mul_44_34/n_629
 0.98  Total     17.990        18.43  Total    2       1       1 datapath_module/alu_module/mul_44_34/n_630
 0.00  Total      0.000         0.00  Total    0       0       0 datapath_module/alu_module/mul_44_34/n_631
 0.86  Total      5.155         6.03  Total    2       1       1 datapath_module/alu_module/mul_44_34/n_632
 0.00  Total      0.000         0.00  Total    0       0       0 datapath_module/alu_module/mul_44_34/n_633
 0.75  Total      3.985         5.34  Total    4       1       1 datapath_module/alu_module/mul_44_34/n_634
 0.00  Total      0.000         0.00  Total    0       0       0 datapath_module/alu_module/mul_44_34/n_635
 0.00  Total      0.000         0.00  Total    0       0       0 datapath_module/alu_module/mul_44_34/n_636
 0.00  Total      0.000         0.00  Total    0       0       0 datapath_module/alu_module/mul_44_34/n_637
 0.91  Total     14.505        15.96  Total    6       1       2 datapath_module/alu_module/mul_44_34/n_638
 0.00  Total      0.000         0.00  Total    0       0       0 datapath_module/alu_module/mul_44_34/n_639
 0.61  Total      2.400         3.95  Total    2       1       1 datapath_module/alu_module/mul_44_34/n_640
 0.00  Total      0.000         0.00  Total    0       0       0 datapath_module/alu_module/mul_44_34/n_641
 0.00  Total      0.000         0.00  Total    0       0       0 datapath_module/alu_module/mul_44_34/n_642
 1.25  Total      5.175         4.12  Total    2       1       1 datapath_module/alu_module/mul_44_34/n_643
 0.00  Total      0.000         0.00  Total    0       0       0 datapath_module/alu_module/mul_44_34/n_644
 0.00  Total      0.000         0.00  Total    0       0       0 datapath_module/alu_module/mul_44_34/n_645
 0.00  Total      0.000         0.00  Total    0       0       0 datapath_module/alu_module/mul_44_34/n_646
 0.00  Total      0.000         0.00  Total    0       0       0 datapath_module/alu_module/mul_44_34/n_647
 0.00  Total      0.000         0.00  Total    0       0       0 datapath_module/alu_module/mul_44_34/n_648
 0.00  Total      0.000         0.00  Total    0       0       0 datapath_module/alu_module/mul_44_34/n_649
 0.00  Total      0.000         0.00  Total    0       0       0 datapath_module/alu_module/mul_44_34/n_650
 0.00  Total      0.000         0.00  Total    0       0       0 datapath_module/alu_module/mul_44_34/n_651
 0.00  Total      0.000         0.00  Total    0       0       0 datapath_module/alu_module/mul_44_34/n_652
 0.00  Total      0.000         0.00  Total    0       0       0 datapath_module/alu_module/mul_44_34/n_653
 0.00  Total      0.000         0.00  Total    0       0       0 datapath_module/alu_module/mul_44_34/n_654
 0.00  Total      0.000         0.00  Total    0       0       0 datapath_module/alu_module/mul_44_34/n_655
 0.00  Total      0.000         0.00  Total    0       0       0 datapath_module/alu_module/mul_44_34/n_656
 0.00  Total      0.000         0.00  Total    0       0       0 datapath_module/alu_module/mul_44_34/n_657
 0.00  Total      0.000         0.00  Total    0       0       0 datapath_module/alu_module/mul_44_34/n_658
 0.00  Total      0.000         0.00  Total    0       0       0 datapath_module/alu_module/mul_44_34/n_659
 0.00  Total      0.000         0.00  Total    0       0       0 datapath_module/alu_module/mul_44_34/n_660
 0.00  Total      0.000         0.00  Total    0       0       0 datapath_module/alu_module/mul_44_34/n_661
 0.00  Total      0.000         0.00  Total    0       0       0 datapath_module/alu_module/mul_44_34/n_662
 0.00  Total      0.000         0.00  Total    0       0       0 datapath_module/alu_module/mul_44_34/n_663
 0.00  Total      0.000         0.00  Total    0       0       0 datapath_module/alu_module/mul_44_34/n_664
 0.00  Total      0.000         0.00  Total    0       0       0 datapath_module/alu_module/mul_44_34/n_665
 0.65  Total      1.915         2.94  Total    2       1       1 datapath_module/alu_module/mul_44_34/n_666
 0.00  Total      0.000         0.00  Total    0       0       0 datapath_module/alu_module/mul_44_34/n_667
 0.92  Total      5.860         6.38  Total    2       1       1 datapath_module/alu_module/mul_44_34/n_668
 0.00  Total      0.000         0.00  Total    0       0       0 datapath_module/alu_module/mul_44_34/n_669
 1.06  Total      2.885         2.73  Total    4       1       1 datapath_module/alu_module/mul_44_34/n_670
 0.00  Total      0.000         0.00  Total    0       0       0 datapath_module/alu_module/mul_44_34/n_671
 1.06  Total      5.000         4.73  Total    8       1       1 datapath_module/alu_module/mul_44_34/n_672
 0.00  Total      0.000         0.00  Total    0       0       0 datapath_module/alu_module/mul_44_34/n_673
 0.00  Total      0.000         0.00  Total    0       0       0 datapath_module/alu_module/mul_44_34/n_674
 0.00  Total      0.000         0.00  Total    0       0       0 datapath_module/alu_module/mul_44_34/n_675
 0.91  Total      5.990         6.61  Total    2       1       1 datapath_module/alu_module/mul_44_34/n_676
 0.00  Total      0.000         0.00  Total    0       0       0 datapath_module/alu_module/mul_44_34/n_677
 0.98  Total      7.405         7.54  Total    2       1       1 datapath_module/alu_module/mul_44_34/n_678
 0.00  Total      0.000         0.00  Total    0       0       0 datapath_module/alu_module/mul_44_34/n_679
 0.64  Total      2.355         3.68  Total    2       1       1 datapath_module/alu_module/mul_44_34/n_680
 0.00  Total      0.000         0.00  Total    0       0       0 datapath_module/alu_module/mul_44_34/n_681
 0.00  Total      0.000         0.00  Total    0       0       0 datapath_module/alu_module/mul_44_34/n_682
 0.79  Total      4.885         6.17  Total    2       1       1 datapath_module/alu_module/mul_44_34/n_683
 0.00  Total      0.000         0.00  Total    0       0       0 datapath_module/alu_module/mul_44_34/n_684
 0.00  Total      0.000         0.00  Total    0       0       0 datapath_module/alu_module/mul_44_34/n_685
 0.00  Total      0.000         0.00  Total    0       0       0 datapath_module/alu_module/mul_44_34/n_686
 0.00  Total      0.000         0.00  Total    0       0       0 datapath_module/alu_module/mul_44_34/n_687
 0.00  Total      0.000         0.00  Total    0       0       0 datapath_module/alu_module/mul_44_34/n_688
 0.00  Total      0.000         0.00  Total    0       0       0 datapath_module/alu_module/mul_44_34/n_689
 0.00  Total      0.000         0.00  Total    0       0       0 datapath_module/alu_module/mul_44_34/n_690
 0.00  Total      0.000         0.00  Total    0       0       0 datapath_module/alu_module/mul_44_34/n_691
 0.98  Total      5.725         5.83  Total    2       1       1 datapath_module/alu_module/mul_44_34/n_692
 0.00  Total      0.000         0.00  Total    0       0       0 datapath_module/alu_module/mul_44_34/n_693
 0.00  Total      0.000         0.00  Total    0       0       0 datapath_module/alu_module/mul_44_34/n_694
 0.00  Total      0.000         0.00  Total    0       0       0 datapath_module/alu_module/mul_44_34/n_695
 0.52  Total      2.210         4.25  Total    2       1       1 datapath_module/alu_module/mul_44_34/n_696
 0.00  Total      0.000         0.00  Total    0       0       0 datapath_module/alu_module/mul_44_34/n_697
 0.55  Total      2.370         4.28  Total    2       1       1 datapath_module/alu_module/mul_44_34/n_698
 0.00  Total      0.000         0.00  Total    0       0       0 datapath_module/alu_module/mul_44_34/n_699
 1.07  Total     12.655        11.78  Total    2       1       1 datapath_module/alu_module/mul_44_34/n_700
 1.19  Total     14.815        12.43  Total    4       1       1 datapath_module/alu_module/mul_44_34/n_701
 0.00  Total      0.000         0.00  Total    0       0       0 datapath_module/alu_module/mul_44_34/n_702
 0.00  Total      0.000         0.00  Total    0       0       0 datapath_module/alu_module/mul_44_34/n_703
 0.00  Total      0.000         0.00  Total    0       0       0 datapath_module/alu_module/mul_44_34/n_704
 0.00  Total      0.000         0.00  Total    0       0       0 datapath_module/alu_module/mul_44_34/n_705
 0.00  Total      0.000         0.00  Total    0       0       0 datapath_module/alu_module/mul_44_34/n_706
 0.00  Total      0.000         0.00  Total    0       0       0 datapath_module/alu_module/mul_44_34/n_707
 1.00  Total      1.610         1.61  Total    2       1       1 datapath_module/alu_module/mul_44_34/n_708
 0.63  Total      3.700         5.89  Total    2       1       1 datapath_module/alu_module/mul_44_34/n_709
 0.00  Total      0.000         0.00  Total    0       0       0 datapath_module/alu_module/mul_44_34/n_710
 0.96  Total      2.585         2.68  Total    2       1       1 datapath_module/alu_module/mul_44_34/n_711
 1.16  Total      2.180         1.89  Total    0       1       1 datapath_module/alu_module/mul_44_34/n_712
 1.20  Total      1.690         1.41  Total    4       1       1 datapath_module/alu_module/mul_44_34/n_714
 0.00  Total      0.000         0.00  Total    0       0       0 datapath_module/alu_module/mul_44_34/n_718
 0.00  Total      0.000         0.00  Total    0       0       0 datapath_module/alu_module/mul_44_34/n_724
 0.00  Total      0.000         0.00  Total    0       0       0 datapath_module/alu_module/mul_44_34/n_725
 0.00  Total      0.000         0.00  Total    0       0       0 datapath_module/alu_module/mul_44_34/n_726
 0.93  Total      6.540         7.01  Total    3       1       2 datapath_module/alu_module/mul_44_34/n_728
 1.00  Total      6.060         6.04  Total    3       1       2 datapath_module/alu_module/mul_44_34/n_729
 1.36  Total      5.120         3.75  Total    2       1       1 datapath_module/alu_module/mul_44_34/n_730
 1.00  Total      7.080         7.09  Total    3       1       2 datapath_module/alu_module/mul_44_34/n_731
 0.87  Total      1.530         1.75  Total    2       1       1 datapath_module/alu_module/mul_44_34/n_732
 0.51  Total      2.420         4.74  Total    2       1       1 datapath_module/alu_module/mul_44_34/n_733
 0.73  Total      2.330         3.20  Total    2       1       1 datapath_module/alu_module/mul_44_34/n_734
 1.04  Total      2.200         2.12  Total    2       1       1 datapath_module/alu_module/mul_44_34/n_735
 0.42  Total      2.200         5.30  Total    2       1       1 datapath_module/alu_module/mul_44_34/n_736
 1.01  Total      9.005         8.88  Total    8       1       1 datapath_module/alu_module/mul_44_34/n_737
 1.23  Total      2.260         1.84  Total    4       1       1 datapath_module/alu_module/mul_44_34/n_738
 1.01  Total      7.945         7.88  Total    4       1       1 datapath_module/alu_module/mul_44_34/n_739
 0.69  Total      4.885         7.09  Total    2       1       1 datapath_module/alu_module/mul_44_34/n_740
 1.19  Total      5.540         4.67  Total    4       1       1 datapath_module/alu_module/mul_44_34/n_741
 1.00  Total      1.980         1.98  Total    2       1       1 datapath_module/alu_module/mul_44_34/n_742
 0.73  Total      2.610         3.57  Total    2       1       1 datapath_module/alu_module/mul_44_34/n_743
 1.30  Total      2.910         2.24  Total    2       1       1 datapath_module/alu_module/mul_44_34/n_744
 1.07  Total      2.920         2.73  Total    2       1       1 datapath_module/alu_module/mul_44_34/n_745
 0.64  Total      4.070         6.36  Total    2       1       1 datapath_module/alu_module/mul_44_34/n_746
 0.75  Total      2.520         3.37  Total    2       1       1 datapath_module/alu_module/mul_44_34/n_747
 0.87  Total      6.025         6.90  Total    2       1       1 datapath_module/alu_module/mul_44_34/n_748
 0.98  Total      8.340         8.48  Total    8       1       1 datapath_module/alu_module/mul_44_34/n_749
 0.76  Total      3.930         5.21  Total    2       1       1 datapath_module/alu_module/mul_44_34/n_750
 0.68  Total      2.430         3.60  Total    2       1       1 datapath_module/alu_module/mul_44_34/n_751
 0.61  Total      2.385         3.88  Total    2       1       1 datapath_module/alu_module/mul_44_34/n_752
 1.26  Total      1.875         1.49  Total    2       1       1 datapath_module/alu_module/mul_44_34/n_753
 1.05  Total      2.620         2.48  Total    4       1       1 datapath_module/alu_module/mul_44_34/n_754
 0.98  Total      5.260         5.38  Total    2       1       1 datapath_module/alu_module/mul_44_34/n_755
 0.56  Total      1.835         3.27  Total    2       1       1 datapath_module/alu_module/mul_44_34/n_758
 0.00  Total      0.000         0.00  Total    0       0       0 datapath_module/alu_module/mul_44_34/n_759
 0.00  Total      0.000         0.00  Total    0       0       0 datapath_module/alu_module/mul_44_34/n_760
 0.00  Total      0.000         0.00  Total    0       0       0 datapath_module/alu_module/mul_44_34/n_761
 1.00  Total     12.210        12.25  Total    4       1       1 datapath_module/alu_module/mul_44_34/n_762
 1.01  Total     11.915        11.78  Total    6       1       2 datapath_module/alu_module/mul_44_34/n_763
 1.10  Total      7.860         7.12  Total    4       1       1 datapath_module/alu_module/mul_44_34/n_764
 0.85  Total      4.685         5.54  Total    2       1       1 datapath_module/alu_module/mul_44_34/n_765
 0.00  Total      0.000         0.00  Total    0       0       0 datapath_module/alu_module/mul_44_34/n_766
 0.00  Total      0.000         0.00  Total    0       0       0 datapath_module/alu_module/mul_44_34/n_767
 0.00  Total      0.000         0.00  Total    0       0       0 datapath_module/alu_module/mul_44_34/n_768
 0.00  Total      0.000         0.00  Total    0       0       0 datapath_module/alu_module/mul_44_34/n_769
 0.00  Total      0.000         0.00  Total    0       0       0 datapath_module/alu_module/mul_44_34/n_770
 0.00  Total      0.000         0.00  Total    0       0       0 datapath_module/alu_module/mul_44_34/n_772
 0.89  Total     10.820        12.12  Total    8       1       1 datapath_module/alu_module/mul_44_34/n_773
 0.00  Total      0.000         0.00  Total    0       0       0 datapath_module/alu_module/mul_44_34/n_774
 0.00  Total      0.000         0.00  Total    0       0       0 datapath_module/alu_module/mul_44_34/n_775
 0.00  Total      0.000         0.00  Total    0       0       0 datapath_module/alu_module/mul_44_34/n_776
 1.68  Total      9.785         5.81  Total    3       1       2 datapath_module/alu_module/mul_44_34/n_777
 1.07  Total      5.885         5.49  Total    2       1       1 datapath_module/alu_module/mul_44_34/n_780
 0.97  Total     11.660        11.98  Total    5       1       2 datapath_module/alu_module/mul_44_34/n_781
 0.78  Total      3.320         4.25  Total    2       1       1 datapath_module/alu_module/mul_44_34/n_784
 1.04  Total      5.415         5.23  Total    2       1       1 datapath_module/alu_module/mul_44_34/n_785
 0.91  Total      1.600         1.75  Total    2       1       1 datapath_module/alu_module/mul_44_34/n_786
 1.11  Total      7.200         6.47  Total    2       1       1 datapath_module/alu_module/mul_44_34/n_787
 0.70  Total      6.585         9.35  Total    4       1       1 datapath_module/alu_module/mul_44_34/n_788
 0.76  Total      3.580         4.72  Total    2       1       1 datapath_module/alu_module/mul_44_34/n_789
 0.67  Total      4.820         7.19  Total    2       1       1 datapath_module/alu_module/mul_44_34/n_790
 0.99  Total      5.705         5.79  Total    2       1       1 datapath_module/alu_module/mul_44_34/n_791
 0.42  Total      1.560         3.69  Total    2       1       1 datapath_module/alu_module/mul_44_34/n_792
 1.20  Total      2.480         2.06  Total    2       1       1 datapath_module/alu_module/mul_44_34/n_793
 1.14  Total      3.145         2.77  Total    2       1       1 datapath_module/alu_module/mul_44_34/n_794
 1.22  Total      5.935         4.87  Total    2       1       1 datapath_module/alu_module/mul_44_34/n_795
 0.63  Total      3.090         4.92  Total    2       1       1 datapath_module/alu_module/mul_44_34/n_796
 0.89  Total      3.680         4.12  Total    2       1       1 datapath_module/alu_module/mul_44_34/n_797
 1.37  Total      4.450         3.25  Total    6       1       1 datapath_module/alu_module/mul_44_34/n_798
 1.01  Total      4.265         4.21  Total    2       1       1 datapath_module/alu_module/mul_44_34/n_799
 0.75  Total      6.855         9.09  Total    4       1       1 datapath_module/alu_module/mul_44_34/n_800
 1.11  Total      7.585         6.80  Total    3       1       2 datapath_module/alu_module/mul_44_34/n_801
 1.05  Total      2.795         2.66  Total    2       1       1 datapath_module/alu_module/mul_44_34/n_802
 1.13  Total      4.760         4.21  Total    4       1       1 datapath_module/alu_module/mul_44_34/n_803
 0.44  Total      1.900         4.29  Total    0       1       1 datapath_module/alu_module/mul_44_34/n_804
 1.11  Total      4.320         3.88  Total    2       1       1 datapath_module/alu_module/mul_44_34/n_805
 0.80  Total      3.255         4.09  Total    2       1       1 datapath_module/alu_module/mul_44_34/n_806
 1.07  Total      5.160         4.83  Total    2       1       1 datapath_module/alu_module/mul_44_34/n_807
 0.81  Total      9.670        11.93  Total    4       1       1 datapath_module/alu_module/mul_44_34/n_808
 1.24  Total      3.645         2.93  Total    2       1       1 datapath_module/alu_module/mul_44_34/n_809
 0.36  Total      1.600         4.50  Total    2       1       1 datapath_module/alu_module/mul_44_34/n_810
 0.94  Total      4.390         4.68  Total    4       1       1 datapath_module/alu_module/mul_44_34/n_811
 0.83  Total      3.555         4.29  Total    2       1       1 datapath_module/alu_module/mul_44_34/n_812
 0.78  Total      3.505         4.50  Total    2       1       1 datapath_module/alu_module/mul_44_34/n_813
 0.57  Total      3.040         5.31  Total    2       1       1 datapath_module/alu_module/mul_44_34/n_814
 1.52  Total      4.140         2.73  Total    2       1       1 datapath_module/alu_module/mul_44_34/n_815
 0.88  Total      3.000         3.40  Total    2       1       1 datapath_module/alu_module/mul_44_34/n_816
 0.57  Total      2.800         4.93  Total    2       1       1 datapath_module/alu_module/mul_44_34/n_817
 0.79  Total      6.860         8.71  Total    8       1       1 datapath_module/alu_module/mul_44_34/n_818
 1.18  Total      2.695         2.28  Total    2       1       1 datapath_module/alu_module/mul_44_34/n_819
 1.10  Total     11.630        10.58  Total   12       1       2 datapath_module/alu_module/mul_44_34/n_820
 1.00  Total     22.755        22.73  Total   12       1       2 datapath_module/alu_module/mul_44_34/n_821
 0.75  Total      3.690         4.94  Total    2       1       1 datapath_module/alu_module/mul_44_34/n_822
 0.47  Total      2.360         4.97  Total    2       1       1 datapath_module/alu_module/mul_44_34/n_823
 0.91  Total      4.430         4.85  Total    2       1       1 datapath_module/alu_module/mul_44_34/n_824
 1.12  Total      3.630         3.23  Total    2       1       1 datapath_module/alu_module/mul_44_34/n_825
 0.22  Total      0.800         3.70  Total    2       1       1 datapath_module/alu_module/mul_44_34/n_826
 1.01  Total      9.155         9.10  Total    6       1       2 datapath_module/alu_module/mul_44_34/n_827
 0.82  Total      1.720         2.10  Total    0       1       1 datapath_module/alu_module/mul_44_34/n_828
 1.02  Total      1.780         1.75  Total    2       1       1 datapath_module/alu_module/mul_44_34/n_829
 0.30  Total      1.260         4.17  Total    2       1       1 datapath_module/alu_module/mul_44_34/n_830
 1.03  Total      5.960         5.79  Total    4       1       1 datapath_module/alu_module/mul_44_34/n_831
 0.59  Total      2.780         4.73  Total    2       1       1 datapath_module/alu_module/mul_44_34/n_832
 1.18  Total      2.785         2.37  Total    2       1       1 datapath_module/alu_module/mul_44_34/n_833
 1.35  Total      4.775         3.53  Total    2       1       1 datapath_module/alu_module/mul_44_34/n_834
 0.67  Total      2.675         3.99  Total    2       1       1 datapath_module/alu_module/mul_44_34/n_835
 1.14  Total      3.855         3.39  Total    2       1       1 datapath_module/alu_module/mul_44_34/n_836
 0.85  Total      1.830         2.15  Total    2       1       1 datapath_module/alu_module/mul_44_34/n_837
 0.44  Total      1.580         3.58  Total    2       1       1 datapath_module/alu_module/mul_44_34/n_838
 1.10  Total      6.680         6.10  Total    8       1       1 datapath_module/alu_module/mul_44_34/n_839
 0.40  Total      1.315         3.28  Total    2       1       1 datapath_module/alu_module/mul_44_34/n_840
 1.04  Total      6.285         6.07  Total    4       1       2 datapath_module/alu_module/mul_44_34/n_841
 0.99  Total     12.915        13.09  Total    9       1       2 datapath_module/alu_module/mul_44_34/n_842
 0.61  Total      3.110         5.12  Total    2       1       1 datapath_module/alu_module/mul_44_34/n_843
 0.57  Total      2.580         4.53  Total    2       1       1 datapath_module/alu_module/mul_44_34/n_844
 0.00  Total      0.000         0.00  Total    0       0       0 datapath_module/alu_module/mul_44_34/n_845
 1.03  Total      8.010         7.79  Total    4       1       1 datapath_module/alu_module/mul_44_34/n_846
 0.59  Total      2.760         4.69  Total    2       1       1 datapath_module/alu_module/mul_44_34/n_847
 0.53  Total      2.400         4.51  Total    4       1       1 datapath_module/alu_module/mul_44_34/n_848
 1.32  Total      4.660         3.53  Total    2       1       1 datapath_module/alu_module/mul_44_34/n_849
 0.94  Total     16.795        17.84  Total    2       1       1 datapath_module/alu_module/mul_44_34/n_850
 1.02  Total      3.540         3.46  Total    2       1       1 datapath_module/alu_module/mul_44_34/n_851
 1.20  Total      3.840         3.21  Total    4       1       1 datapath_module/alu_module/mul_44_34/n_852
 0.75  Total      1.400         1.86  Total    2       1       1 datapath_module/alu_module/mul_44_34/n_853
 0.57  Total      2.780         4.89  Total    2       1       1 datapath_module/alu_module/mul_44_34/n_854
 1.08  Total     13.040        12.07  Total    4       1       1 datapath_module/alu_module/mul_44_34/n_855
 1.47  Total     10.040         6.81  Total    2       1       1 datapath_module/alu_module/mul_44_34/n_856
 1.01  Total      5.755         5.73  Total    2       1       1 datapath_module/alu_module/mul_44_34/n_857
 0.97  Total      5.840         6.05  Total    4       1       1 datapath_module/alu_module/mul_44_34/n_858
 1.38  Total      6.940         5.03  Total    2       1       1 datapath_module/alu_module/mul_44_34/n_859
 1.29  Total      3.035         2.35  Total    4       1       1 datapath_module/alu_module/mul_44_34/n_860
 0.78  Total      6.380         8.23  Total    2       1       1 datapath_module/alu_module/mul_44_34/n_861
 1.33  Total      5.350         4.02  Total    8       1       1 datapath_module/alu_module/mul_44_34/n_862
 1.13  Total      3.620         3.19  Total    3       1       2 datapath_module/alu_module/mul_44_34/n_863
 1.08  Total      9.790         9.05  Total    6       1       1 datapath_module/alu_module/mul_44_34/n_864
 1.25  Total      5.350         4.28  Total    0       1       1 datapath_module/alu_module/mul_44_34/n_865
 1.13  Total      2.655         2.35  Total    2       1       1 datapath_module/alu_module/mul_44_34/n_866
 1.02  Total      3.975         3.88  Total    2       1       1 datapath_module/alu_module/mul_44_34/n_867
 0.86  Total      1.850         2.15  Total    2       1       1 datapath_module/alu_module/mul_44_34/n_868
 1.08  Total      7.220         6.67  Total    2       1       1 datapath_module/alu_module/mul_44_34/n_869
 0.93  Total      2.000         2.15  Total    2       1       1 datapath_module/alu_module/mul_44_34/n_870
 1.32  Total      6.520         4.93  Total    4       1       1 datapath_module/alu_module/mul_44_34/n_871
 1.15  Total      1.850         1.61  Total    2       1       1 datapath_module/alu_module/mul_44_34/n_872
 0.83  Total      3.080         3.72  Total    2       1       1 datapath_module/alu_module/mul_44_34/n_873
 0.65  Total      4.940         7.54  Total    2       1       1 datapath_module/alu_module/mul_44_34/n_874
 0.67  Total      3.650         5.48  Total    2       1       1 datapath_module/alu_module/mul_44_34/n_875
 1.07  Total      4.220         3.94  Total    4       1       1 datapath_module/alu_module/mul_44_34/n_876
 1.22  Total     14.630        11.98  Total    4       1       1 datapath_module/alu_module/mul_44_34/n_877
 0.00  Total      0.000         0.00  Total    0       0       0 datapath_module/alu_module/mul_44_34/n_879
 1.17  Total      2.750         2.35  Total    4       1       1 datapath_module/alu_module/mul_44_34/n_880
 0.57  Total      0.955         1.69  Total    2       1       1 datapath_module/alu_module/mul_44_34/n_882
 0.92  Total      5.455         5.94  Total    4       1       1 datapath_module/alu_module/mul_44_34/n_885
 1.19  Total      2.285         1.93  Total    2       1       1 datapath_module/alu_module/mul_44_34/n_886
 1.02  Total     20.300        19.99  Total    6       1       1 datapath_module/alu_module/mul_44_34/n_888
 1.25  Total      8.360         6.67  Total    2       1       1 datapath_module/alu_module/mul_44_34/n_889
 0.00  Total      0.000         0.00  Total    0       0       0 datapath_module/alu_module/mul_44_34/n_890
 1.00  Total      5.940         5.93  Total    3       1       2 datapath_module/alu_module/mul_44_34/n_891
 0.63  Total      3.240         5.12  Total    2       1       1 datapath_module/alu_module/mul_44_34/n_892
 1.25  Total      8.655         6.94  Total    4       1       1 datapath_module/alu_module/mul_44_34/n_893
 0.85  Total      5.255         6.19  Total    2       1       1 datapath_module/alu_module/mul_44_34/n_894
 0.40  Total      1.900         4.77  Total    2       1       1 datapath_module/alu_module/mul_44_34/n_895
 0.38  Total      1.800         4.70  Total    2       1       1 datapath_module/alu_module/mul_44_34/n_896
 0.81  Total      2.000         2.46  Total    2       1       1 datapath_module/alu_module/mul_44_34/n_897
 1.05  Total      8.340         7.96  Total    4       1       1 datapath_module/alu_module/mul_44_34/n_898
 0.89  Total      8.415         9.46  Total    2       1       1 datapath_module/alu_module/mul_44_34/n_899
 1.14  Total      4.565         4.00  Total    2       1       1 datapath_module/alu_module/mul_44_34/n_900
 1.05  Total      7.805         7.41  Total   13       1       2 datapath_module/alu_module/mul_44_34/n_901
 0.55  Total      2.360         4.32  Total    4       1       1 datapath_module/alu_module/mul_44_34/n_902
 0.82  Total      6.200         7.52  Total    2       1       1 datapath_module/alu_module/mul_44_34/n_904
 1.06  Total     11.410        10.72  Total    6       1       2 datapath_module/alu_module/mul_44_34/n_905
 0.96  Total      9.480         9.84  Total    2       1       1 datapath_module/alu_module/mul_44_34/n_906
 0.96  Total      3.960         4.13  Total    2       1       1 datapath_module/alu_module/mul_44_34/n_907
 1.22  Total     10.010         8.20  Total    8       1       1 datapath_module/alu_module/mul_44_34/n_908
 0.74  Total      6.655         8.98  Total    2       1       1 datapath_module/alu_module/mul_44_34/n_909
 1.06  Total      4.620         4.37  Total    2       1       1 datapath_module/alu_module/mul_44_34/n_910
 1.47  Total      5.790         3.93  Total    6       1       1 datapath_module/alu_module/mul_44_34/n_911
 1.15  Total     10.985         9.57  Total    4       1       1 datapath_module/alu_module/mul_44_34/n_912
 0.95  Total     10.980        11.53  Total   10       1       2 datapath_module/alu_module/mul_44_34/n_913
 1.07  Total      4.680         4.37  Total    2       1       2 datapath_module/alu_module/mul_44_34/n_919
 0.74  Total      6.550         8.83  Total    2       1       1 datapath_module/alu_module/mul_44_34/n_920
 0.53  Total      0.900         1.69  Total    4       1       1 datapath_module/alu_module/mul_44_34/n_921
 1.07  Total      3.800         3.55  Total    2       1       1 datapath_module/alu_module/mul_44_34/n_922
 0.65  Total      3.580         5.53  Total    2       1       1 datapath_module/alu_module/mul_44_34/n_923
 0.29  Total      1.200         4.10  Total    2       1       1 datapath_module/alu_module/mul_44_34/n_924
 1.04  Total      9.960         9.62  Total    2       1       1 datapath_module/alu_module/mul_44_34/n_925
 0.81  Total      9.970        12.38  Total    4       1       1 datapath_module/alu_module/mul_44_34/n_926
 0.55  Total      2.435         4.42  Total    2       1       1 datapath_module/alu_module/mul_44_34/n_927
 0.78  Total      4.590         5.87  Total    2       1       1 datapath_module/alu_module/mul_44_34/n_928
 0.85  Total      3.415         4.01  Total    2       1       1 datapath_module/alu_module/mul_44_34/n_929
 0.83  Total      6.960         8.42  Total    2       1       1 datapath_module/alu_module/mul_44_34/n_930
 0.82  Total      5.740         6.99  Total    2       1       1 datapath_module/alu_module/mul_44_34/n_931
 1.06  Total      5.120         4.82  Total    6       1       1 datapath_module/alu_module/mul_44_34/n_932
 0.97  Total      2.605         2.68  Total    2       1       1 datapath_module/alu_module/mul_44_34/n_933
 0.76  Total      3.250         4.25  Total    2       1       1 datapath_module/alu_module/mul_44_34/n_934
 1.19  Total      2.075         1.74  Total    2       1       1 datapath_module/alu_module/mul_44_34/n_935
 0.96  Total      3.500         3.65  Total    2       1       1 datapath_module/alu_module/mul_44_34/n_936
 1.02  Total     15.355        14.99  Total    6       1       1 datapath_module/alu_module/mul_44_34/n_937
 1.22  Total      4.060         3.33  Total    2       1       1 datapath_module/alu_module/mul_44_34/n_938
 1.27  Total      8.740         6.86  Total    2       1       1 datapath_module/alu_module/mul_44_34/n_939
 1.02  Total     11.080        10.84  Total    2       1       1 datapath_module/alu_module/mul_44_34/n_940
 0.99  Total      6.030         6.09  Total    8       1       1 datapath_module/alu_module/mul_44_34/n_941
 1.13  Total      4.880         4.33  Total    2       1       1 datapath_module/alu_module/mul_44_34/n_942
 1.10  Total      2.695         2.46  Total    2       1       1 datapath_module/alu_module/mul_44_34/n_943
 1.15  Total      4.220         3.68  Total    2       1       1 datapath_module/alu_module/mul_44_34/n_944
 0.67  Total      4.660         6.91  Total    2       1       1 datapath_module/alu_module/mul_44_34/n_945
 0.95  Total      3.080         3.23  Total    2       1       1 datapath_module/alu_module/mul_44_34/n_946
 0.72  Total      2.930         4.07  Total    2       1       1 datapath_module/alu_module/mul_44_34/n_947
 1.17  Total      7.960         6.80  Total    4       1       1 datapath_module/alu_module/mul_44_34/n_949
 1.10  Total     11.510        10.48  Total    8       1       1 datapath_module/alu_module/mul_44_34/n_950
 1.06  Total      3.960         3.73  Total    2       1       1 datapath_module/alu_module/mul_44_34/n_951
 1.06  Total      8.930         8.39  Total   12       1       2 datapath_module/alu_module/mul_44_34/n_952
 0.74  Total      6.015         8.15  Total    4       1       1 datapath_module/alu_module/mul_44_34/n_953
 1.16  Total     12.405        10.71  Total    6       1       1 datapath_module/alu_module/mul_44_34/n_954
 1.08  Total     16.080        14.87  Total    2       1       1 datapath_module/alu_module/mul_44_34/n_955
 0.51  Total      2.360         4.63  Total    2       1       1 datapath_module/alu_module/mul_44_34/n_956
 0.78  Total      4.460         5.74  Total    2       1       1 datapath_module/alu_module/mul_44_34/n_957
 1.05  Total      5.240         4.98  Total    2       1       1 datapath_module/alu_module/mul_44_34/n_958
 1.08  Total      3.020         2.80  Total    2       1       1 datapath_module/alu_module/mul_44_34/n_959
 0.87  Total      3.900         4.50  Total    2       1       1 datapath_module/alu_module/mul_44_34/n_960
 0.90  Total     15.470        17.14  Total    8       1       1 datapath_module/alu_module/mul_44_34/n_961
 0.86  Total     10.750        12.47  Total    2       1       1 datapath_module/alu_module/mul_44_34/n_962
 0.97  Total      4.320         4.45  Total    3       1       2 datapath_module/alu_module/mul_44_34/n_963
 0.57  Total      3.180         5.54  Total    2       1       1 datapath_module/alu_module/mul_44_34/n_964
 1.33  Total      5.830         4.37  Total    4       1       1 datapath_module/alu_module/mul_44_34/n_965
 1.07  Total      8.980         8.42  Total    4       1       1 datapath_module/alu_module/mul_44_34/n_966
 0.71  Total      2.940         4.12  Total    2       1       1 datapath_module/alu_module/mul_44_34/n_969
 0.57  Total      1.610         2.83  Total    2       1       1 datapath_module/alu_module/mul_44_34/n_971
 0.81  Total      2.700         3.34  Total    4       1       1 datapath_module/alu_module/mul_44_34/n_973
 0.92  Total     10.740        11.73  Total    4       1       1 datapath_module/alu_module/mul_44_34/n_974
 0.70  Total      5.290         7.51  Total    8       1       1 datapath_module/alu_module/mul_44_34/n_975
 1.12  Total      3.580         3.19  Total    2       1       1 datapath_module/alu_module/mul_44_34/n_976
 0.82  Total      4.530         5.50  Total    2       1       1 datapath_module/alu_module/mul_44_34/n_977
 0.91  Total     12.560        13.83  Total    2       1       1 datapath_module/alu_module/mul_44_34/n_978
 1.10  Total      8.400         7.67  Total    4       1       1 datapath_module/alu_module/mul_44_34/n_979
 0.46  Total      1.260         2.75  Total    2       1       1 datapath_module/alu_module/mul_44_34/n_980
 1.05  Total      4.280         4.07  Total    2       1       1 datapath_module/alu_module/mul_44_34/n_981
 0.96  Total      7.530         7.83  Total    6       1       2 datapath_module/alu_module/mul_44_34/n_983
 0.62  Total      2.820         4.51  Total    2       1       1 datapath_module/alu_module/mul_44_34/n_984
 0.59  Total      2.780         4.73  Total    2       1       1 datapath_module/alu_module/mul_44_34/n_985
 0.35  Total      1.590         4.50  Total    2       1       1 datapath_module/alu_module/mul_44_34/n_986
 1.24  Total      5.485         4.42  Total    4       1       1 datapath_module/alu_module/mul_44_34/n_987
 1.13  Total      6.230         5.51  Total    2       1       1 datapath_module/alu_module/mul_44_34/n_988
 0.61  Total      2.985         4.88  Total    6       1       1 datapath_module/alu_module/mul_44_34/n_989
 1.08  Total     12.165        11.29  Total    8       1       1 datapath_module/alu_module/mul_44_34/n_990
 1.06  Total     12.840        12.17  Total    6       1       1 datapath_module/alu_module/mul_44_34/n_991
 0.65  Total      2.030         3.12  Total    2       1       1 datapath_module/alu_module/mul_44_34/n_993
 0.49  Total      1.260         2.55  Total    2       1       1 datapath_module/alu_module/mul_44_34/n_994
 0.88  Total      3.880         4.43  Total    2       1       1 datapath_module/alu_module/mul_44_34/n_995
 1.24  Total      8.075         6.53  Total    8       1       1 datapath_module/alu_module/mul_44_34/n_996
 0.53  Total      1.485         2.80  Total    2       1       1 datapath_module/alu_module/mul_44_34/n_997
 1.09  Total      2.580         2.37  Total    2       1       1 datapath_module/alu_module/mul_44_34/n_998
 0.99  Total     11.340        11.47  Total    2       1       1 datapath_module/alu_module/mul_44_34/n_999
 1.02  Total     12.040        11.85  Total    8       1       1 datapath_module/alu_module/mul_44_34/n_1001
 0.54  Total      1.260         2.35  Total    2       1       1 datapath_module/alu_module/mul_44_34/n_1003
 0.51  Total      2.250         4.43  Total    2       1       1 datapath_module/alu_module/mul_44_34/n_1004
 0.70  Total      2.575         3.68  Total    2       1       1 datapath_module/alu_module/mul_44_34/n_1005
 1.08  Total      3.020         2.79  Total    2       1       1 datapath_module/alu_module/mul_44_34/n_1006
 0.83  Total     11.465        13.83  Total    4       1       1 datapath_module/alu_module/mul_44_34/n_1007
 0.93  Total     16.200        17.36  Total    2       1       1 datapath_module/alu_module/mul_44_34/n_1008
 0.65  Total      3.135         4.80  Total    2       1       1 datapath_module/alu_module/mul_44_34/n_1009
 0.70  Total      2.460         3.50  Total    2       1       1 datapath_module/alu_module/mul_44_34/n_1010
 1.19  Total      4.700         3.96  Total    2       1       1 datapath_module/alu_module/mul_44_34/n_1011
 0.69  Total      4.900         7.08  Total    2       1       1 datapath_module/alu_module/mul_44_34/n_1012
 0.72  Total      9.250        12.89  Total    6       1       1 datapath_module/alu_module/mul_44_34/n_1013
 1.01  Total      7.625         7.53  Total    2       1       1 datapath_module/alu_module/mul_44_34/n_1014
 1.07  Total      7.560         7.04  Total    2       1       1 datapath_module/alu_module/mul_44_34/n_1016
 0.97  Total      6.750         6.97  Total    8       1       1 datapath_module/alu_module/mul_44_34/n_1017
 0.67  Total      3.810         5.71  Total    2       1       1 datapath_module/alu_module/mul_44_34/n_1018
 0.55  Total      2.540         4.63  Total    2       1       1 datapath_module/alu_module/mul_44_34/n_1019
 0.41  Total      1.205         2.91  Total    2       1       1 datapath_module/alu_module/mul_44_34/n_1020
 1.00  Total      3.880         3.87  Total    2       1       1 datapath_module/alu_module/mul_44_34/n_1021
 0.84  Total      1.300         1.55  Total    2       1       1 datapath_module/alu_module/mul_44_34/n_1022
 0.92  Total      4.380         4.75  Total    2       1       1 datapath_module/alu_module/mul_44_34/n_1023
 0.67  Total      5.070         7.54  Total    4       1       1 datapath_module/alu_module/mul_44_34/n_1024
 0.88  Total      4.880         5.52  Total    2       1       1 datapath_module/alu_module/mul_44_34/n_1025
 0.68  Total      2.630         3.88  Total    2       1       1 datapath_module/alu_module/mul_44_34/n_1026
 1.22  Total      2.675         2.19  Total    2       1       1 datapath_module/alu_module/mul_44_34/n_1027
 0.95  Total      7.700         8.09  Total    4       1       1 datapath_module/alu_module/mul_44_34/n_1028
 0.82  Total      9.975        12.22  Total    2       1       1 datapath_module/alu_module/mul_44_34/n_1029
 0.54  Total      3.960         7.29  Total    2       1       1 datapath_module/alu_module/mul_44_34/n_1030
 0.93  Total      6.540         7.01  Total    2       1       1 datapath_module/alu_module/mul_44_34/n_1031
 1.16  Total      3.725         3.20  Total    2       1       1 datapath_module/alu_module/mul_44_34/n_1032
 0.53  Total      2.970         5.62  Total    2       1       1 datapath_module/alu_module/mul_44_34/n_1033
 0.53  Total      1.350         2.54  Total    2       1       1 datapath_module/alu_module/mul_44_34/n_1034
 1.07  Total      3.400         3.19  Total    2       1       1 datapath_module/alu_module/mul_44_34/n_1035
 0.59  Total      2.760         4.69  Total    2       1       1 datapath_module/alu_module/mul_44_34/n_1036
 0.73  Total      6.230         8.54  Total    2       1       1 datapath_module/alu_module/mul_44_34/n_1037
 0.87  Total      8.980        10.38  Total    4       1       1 datapath_module/alu_module/mul_44_34/n_1039
 1.14  Total      8.535         7.47  Total    8       1       1 datapath_module/alu_module/mul_44_34/n_1040
 0.84  Total      5.935         7.08  Total    2       1       1 datapath_module/alu_module/mul_44_34/n_1043
 1.18  Total      3.000         2.54  Total    2       1       1 datapath_module/alu_module/mul_44_34/n_1044
 1.20  Total      9.900         8.28  Total    8       1       1 datapath_module/alu_module/mul_44_34/n_1045
 0.97  Total      6.420         6.62  Total    2       1       1 datapath_module/alu_module/mul_44_34/n_1046
 1.29  Total      6.730         5.20  Total    4       1       1 datapath_module/alu_module/mul_44_34/n_1048
 0.65  Total      2.215         3.42  Total    2       1       1 datapath_module/alu_module/mul_44_34/n_1049
 0.76  Total      8.680        11.39  Total    2       1       1 datapath_module/alu_module/mul_44_34/n_1050
 0.77  Total      5.040         6.58  Total    2       1       1 datapath_module/alu_module/mul_44_34/n_1051
 0.40  Total      1.585         4.00  Total    2       1       1 datapath_module/alu_module/mul_44_34/n_1054
 0.97  Total      1.980         2.04  Total    2       1       1 datapath_module/alu_module/mul_44_34/n_1055
 0.77  Total      5.480         7.13  Total    4       1       1 datapath_module/alu_module/mul_44_34/n_1056
 0.93  Total      6.865         7.42  Total    2       1       1 datapath_module/alu_module/mul_44_34/n_1057
 0.48  Total      2.170         4.54  Total    2       1       1 datapath_module/alu_module/mul_44_34/n_1060
 0.80  Total      4.500         5.62  Total    2       1       1 datapath_module/alu_module/mul_44_34/n_1061
 0.84  Total      4.005         4.79  Total    2       1       1 datapath_module/alu_module/mul_44_34/n_1062
 1.31  Total      6.360         4.84  Total    2       1       1 datapath_module/alu_module/mul_44_34/n_1063
 0.91  Total     12.050        13.18  Total    2       1       1 datapath_module/alu_module/mul_44_34/n_1064
 1.12  Total      3.730         3.34  Total    4       1       1 datapath_module/alu_module/mul_44_34/n_1067
 0.49  Total      1.760         3.58  Total    2       1       1 datapath_module/alu_module/mul_44_34/n_1068
 0.80  Total      4.215         5.29  Total    2       1       1 datapath_module/alu_module/mul_44_34/n_1069
 0.96  Total     15.320        15.92  Total    8       1       1 datapath_module/alu_module/mul_44_34/n_1070
 0.73  Total      8.715        11.89  Total    8       1       1 datapath_module/alu_module/mul_44_34/n_1071
 0.96  Total      8.800         9.12  Total    2       1       1 datapath_module/alu_module/mul_44_34/n_1072
 1.05  Total      6.880         6.58  Total    8       1       1 datapath_module/alu_module/mul_44_34/n_1073
 1.07  Total      2.190         2.04  Total    2       1       1 datapath_module/alu_module/mul_44_34/n_1074
 0.81  Total      8.870        10.96  Total    4       1       1 datapath_module/alu_module/mul_44_34/n_1077
 0.76  Total      7.795        10.21  Total    2       1       1 datapath_module/alu_module/mul_44_34/n_1078
 0.93  Total      6.285         6.75  Total    4       1       1 datapath_module/alu_module/mul_44_34/n_1079
 0.93  Total     10.180        10.92  Total    8       1       1 datapath_module/alu_module/mul_44_34/n_1080
 0.79  Total      3.720         4.69  Total    2       1       1 datapath_module/alu_module/mul_44_34/n_1081
 0.93  Total      8.390         8.98  Total    6       1       1 datapath_module/alu_module/mul_44_34/n_1082
 1.24  Total      6.160         4.96  Total    2       1       1 datapath_module/alu_module/mul_44_34/n_1083
 0.64  Total      4.100         6.42  Total    2       1       1 datapath_module/alu_module/mul_44_34/n_1084
 0.83  Total     10.100        12.11  Total    6       1       1 datapath_module/alu_module/mul_44_34/n_1085
 1.17  Total      6.980         5.99  Total    2       1       1 datapath_module/alu_module/mul_44_34/n_1086
 0.66  Total      5.180         7.90  Total    2       1       1 datapath_module/alu_module/mul_44_34/n_1087
 1.10  Total      5.930         5.42  Total    2       1       1 datapath_module/alu_module/mul_44_34/n_1088
 0.85  Total      9.420        11.12  Total    4       1       1 datapath_module/alu_module/mul_44_34/n_1090
 0.95  Total      2.655         2.79  Total    2       1       1 datapath_module/alu_module/mul_44_34/n_1092
 0.77  Total      4.885         6.38  Total    2       1       1 datapath_module/alu_module/mul_44_34/n_1093
 0.88  Total      8.625         9.81  Total    2       1       1 datapath_module/alu_module/mul_44_34/n_1094
 0.93  Total      6.565         7.04  Total    2       1       1 datapath_module/alu_module/mul_44_34/n_1095
 0.91  Total     13.585        14.94  Total    4       1       1 datapath_module/alu_module/mul_44_34/n_1096
 1.00  Total     11.730        11.68  Total    8       1       1 datapath_module/alu_module/mul_44_34/n_1097
 0.86  Total      6.470         7.49  Total    2       1       1 datapath_module/alu_module/mul_44_34/n_1098
 0.97  Total     10.100        10.38  Total    8       1       1 datapath_module/alu_module/mul_44_34/n_1099
 1.04  Total      6.860         6.61  Total    2       1       1 datapath_module/alu_module/mul_44_34/n_1100
 1.33  Total      4.160         3.13  Total    2       1       1 datapath_module/alu_module/mul_44_34/n_1101
 0.75  Total      2.510         3.34  Total    2       1       1 datapath_module/alu_module/mul_44_34/n_1102
 1.43  Total      4.540         3.19  Total    2       1       1 datapath_module/alu_module/mul_44_34/n_1103
 1.03  Total     12.640        12.25  Total    4       1       1 datapath_module/alu_module/mul_44_34/n_1105
 1.02  Total      6.360         6.24  Total    8       1       1 datapath_module/alu_module/mul_44_34/n_1107
 0.95  Total      7.835         8.27  Total    2       1       1 datapath_module/alu_module/mul_44_34/n_1108
 1.02  Total     12.610        12.35  Total    8       1       1 datapath_module/alu_module/mul_44_34/n_1109
 1.05  Total      7.690         7.34  Total    8       1       1 datapath_module/alu_module/mul_44_34/n_1110
 0.87  Total     10.910        12.53  Total    4       1       1 datapath_module/alu_module/mul_44_34/n_1111
 0.37  Total      1.320         3.58  Total    2       1       1 datapath_module/alu_module/mul_44_34/n_1112
 1.32  Total      4.670         3.54  Total    4       1       1 datapath_module/alu_module/mul_44_34/n_1113
 1.48  Total      2.930         1.99  Total    2       1       1 datapath_module/alu_module/mul_44_34/n_1114
 0.70  Total      5.440         7.74  Total    2       1       1 datapath_module/alu_module/mul_44_34/n_1115
 0.91  Total      3.245         3.57  Total    2       1       1 datapath_module/alu_module/mul_44_34/n_1116
 0.75  Total      4.645         6.21  Total    2       1       1 datapath_module/alu_module/mul_44_34/n_1119
 1.00  Total      6.440         6.44  Total    4       1       1 datapath_module/alu_module/mul_44_34/n_1120
 0.92  Total      6.300         6.87  Total    2       1       1 datapath_module/alu_module/mul_44_34/n_1121
 1.02  Total      8.940         8.79  Total    2       1       1 datapath_module/alu_module/mul_44_34/n_1122
 1.13  Total      9.700         8.57  Total    4       1       1 datapath_module/alu_module/mul_44_34/n_1123
 0.79  Total      2.465         3.10  Total    4       1       1 datapath_module/alu_module/mul_44_34/n_1124
 1.10  Total      7.675         7.00  Total    8       1       1 datapath_module/alu_module/mul_44_34/n_1125
 1.05  Total      9.860         9.41  Total    8       1       1 datapath_module/alu_module/mul_44_34/n_1128
 1.06  Total      5.600         5.28  Total    2       1       1 datapath_module/alu_module/mul_44_34/n_1129
 1.53  Total      8.040         5.25  Total    2       1       1 datapath_module/alu_module/mul_44_34/n_1130
 1.12  Total     11.770        10.53  Total    2       1       1 datapath_module/alu_module/mul_44_34/n_1131
 0.88  Total      7.270         8.25  Total    2       1       1 datapath_module/alu_module/mul_44_34/n_1132
 1.18  Total      8.660         7.36  Total    4       1       1 datapath_module/alu_module/mul_44_34/n_1133
 1.12  Total      8.660         7.71  Total    2       1       1 datapath_module/alu_module/mul_44_34/n_1134
 1.19  Total      6.970         5.87  Total    2       1       1 datapath_module/alu_module/mul_44_34/n_1135
 0.85  Total      9.430        11.15  Total    4       1       1 datapath_module/alu_module/mul_44_34/n_1138
 0.67  Total      2.700         4.01  Total    2       1       1 datapath_module/alu_module/mul_44_34/n_1139
 1.08  Total      7.590         7.04  Total    2       1       1 datapath_module/alu_module/mul_44_34/n_1140
 1.11  Total      5.790         5.21  Total    2       1       1 datapath_module/alu_module/mul_44_34/n_1141
 0.77  Total      8.630        11.14  Total    8       1       1 datapath_module/alu_module/mul_44_34/n_1143
 1.07  Total      2.000         1.86  Total    2       1       1 datapath_module/alu_module/mul_44_34/n_1144
 0.94  Total      4.140         4.42  Total    2       1       1 datapath_module/alu_module/mul_44_34/n_1145
 0.84  Total      8.900        10.62  Total    2       1       1 datapath_module/alu_module/mul_44_34/n_1146
 1.35  Total      7.480         5.56  Total    8       1       1 datapath_module/alu_module/mul_44_34/n_1147
 0.53  Total      2.340         4.43  Total    2       1       1 datapath_module/alu_module/mul_44_34/n_1148
 0.86  Total     10.360        12.09  Total    2       1       1 datapath_module/alu_module/mul_44_34/n_1149
 0.62  Total      4.500         7.25  Total    2       1       1 datapath_module/alu_module/mul_44_34/n_1150
 0.60  Total      2.840         4.71  Total    2       1       1 datapath_module/alu_module/mul_44_34/n_1153
 1.15  Total     10.335         8.97  Total    8       1       1 datapath_module/alu_module/mul_44_34/n_1154
 1.04  Total      7.005         6.73  Total    4       1       1 datapath_module/alu_module/mul_44_34/n_1155
 1.11  Total      5.945         5.37  Total    2       1       1 datapath_module/alu_module/mul_44_34/n_1156
 0.98  Total     10.890        11.13  Total    4       1       1 datapath_module/alu_module/mul_44_34/n_1158
 0.61  Total      2.580         4.25  Total    2       1       1 datapath_module/alu_module/mul_44_34/n_1159
 0.83  Total      3.700         4.45  Total    2       1       1 datapath_module/alu_module/mul_44_34/n_1160
 0.55  Total      2.160         3.93  Total    2       1       1 datapath_module/alu_module/mul_44_34/n_1161
 0.74  Total      2.635         3.54  Total    2       1       1 datapath_module/alu_module/mul_44_34/n_1162
 1.45  Total      4.920         3.39  Total    6       1       1 datapath_module/alu_module/mul_44_34/n_1163
 1.08  Total     16.600        15.31  Total    6       1       1 datapath_module/alu_module/mul_44_34/n_1164
 1.04  Total     11.200        10.73  Total    2       1       1 datapath_module/alu_module/mul_44_34/n_1165
 0.55  Total      2.470         4.51  Total    4       1       1 datapath_module/alu_module/mul_44_34/n_1168
 0.97  Total      6.465         6.67  Total    2       1       1 datapath_module/alu_module/mul_44_34/n_1169
 0.80  Total      4.180         5.25  Total    2       1       1 datapath_module/alu_module/mul_44_34/n_1170
 0.94  Total      7.420         7.86  Total    8       1       1 datapath_module/alu_module/mul_44_34/n_1171
 0.90  Total      5.260         5.85  Total    2       1       1 datapath_module/alu_module/mul_44_34/n_1173
 1.22  Total      3.570         2.93  Total    2       1       1 datapath_module/alu_module/mul_44_34/n_1174
 0.89  Total     13.530        15.13  Total    4       1       1 datapath_module/alu_module/mul_44_34/n_1175
 0.42  Total      1.600         3.79  Total    2       1       1 datapath_module/alu_module/mul_44_34/n_1176
 1.08  Total     10.600         9.84  Total    4       1       1 datapath_module/alu_module/mul_44_34/n_1177
 1.31  Total      5.170         3.96  Total    2       1       1 datapath_module/alu_module/mul_44_34/n_1178
 0.73  Total      2.160         2.96  Total    2       1       1 datapath_module/alu_module/mul_44_34/n_1181
 0.92  Total      6.105         6.67  Total    2       1       1 datapath_module/alu_module/mul_44_34/n_1182
 0.71  Total      2.870         4.01  Total    2       1       1 datapath_module/alu_module/mul_44_34/n_1183
 0.70  Total      3.030         4.30  Total    2       1       1 datapath_module/alu_module/mul_44_34/n_1184
 0.89  Total      5.215         5.89  Total    2       1       1 datapath_module/alu_module/mul_44_34/n_1185
 0.76  Total      3.185         4.17  Total    2       1       1 datapath_module/alu_module/mul_44_34/n_1186
 0.88  Total      5.375         6.12  Total    2       1       1 datapath_module/alu_module/mul_44_34/n_1188
 1.06  Total     12.830        12.14  Total    8       1       1 datapath_module/alu_module/mul_44_34/n_1189
 1.14  Total      8.610         7.58  Total    4       1       1 datapath_module/alu_module/mul_44_34/n_1190
 1.00  Total     12.330        12.29  Total    2       1       1 datapath_module/alu_module/mul_44_34/n_1191
 0.83  Total      8.240         9.98  Total    2       1       1 datapath_module/alu_module/mul_44_34/n_1192
 0.84  Total     12.730        15.14  Total    4       1       1 datapath_module/alu_module/mul_44_34/n_1193
 0.40  Total      1.520         3.79  Total    2       1       1 datapath_module/alu_module/mul_44_34/n_1194
 0.85  Total      5.100         5.99  Total    2       1       1 datapath_module/alu_module/mul_44_34/n_1195
 0.96  Total      4.760         4.98  Total    2       1       1 datapath_module/alu_module/mul_44_34/n_1196
 1.02  Total      5.990         5.86  Total    2       1       1 datapath_module/alu_module/mul_44_34/n_1199
 0.98  Total      6.410         6.57  Total    2       1       1 datapath_module/alu_module/mul_44_34/n_1200
 0.78  Total      3.460         4.43  Total    2       1       1 datapath_module/alu_module/mul_44_34/n_1202
 0.72  Total      4.500         6.22  Total    2       1       1 datapath_module/alu_module/mul_44_34/n_1203
 0.89  Total     14.720        16.54  Total    8       1       1 datapath_module/alu_module/mul_44_34/n_1204
 0.87  Total      8.435         9.64  Total    2       1       1 datapath_module/alu_module/mul_44_34/n_1205
 0.62  Total      2.040         3.31  Total    2       1       1 datapath_module/alu_module/mul_44_34/n_1206
 0.93  Total      7.345         7.87  Total    2       1       1 datapath_module/alu_module/mul_44_34/n_1207
 0.92  Total      9.540        10.41  Total    4       1       1 datapath_module/alu_module/mul_44_34/n_1208
 0.79  Total      1.800         2.27  Total    2       1       1 datapath_module/alu_module/mul_44_34/n_1209
 0.76  Total      3.340         4.41  Total    0       1       1 datapath_module/alu_module/mul_44_34/n_1212
 1.26  Total      3.985         3.16  Total    8       1       1 datapath_module/alu_module/mul_44_34/n_1213
 1.31  Total      9.210         7.05  Total    2       1       1 datapath_module/alu_module/mul_44_34/n_1214
 1.04  Total      7.210         6.95  Total    2       1       1 datapath_module/alu_module/mul_44_34/n_1215
 1.03  Total      3.975         3.88  Total    2       1       1 datapath_module/alu_module/mul_44_34/n_1217
 0.93  Total      3.790         4.09  Total    2       1       1 datapath_module/alu_module/mul_44_34/n_1218
 0.95  Total      7.660         8.08  Total    2       1       1 datapath_module/alu_module/mul_44_34/n_1219
 0.86  Total      9.710        11.34  Total    8       1       1 datapath_module/alu_module/mul_44_34/n_1220
 0.52  Total      1.980         3.79  Total    4       1       1 datapath_module/alu_module/mul_44_34/n_1221
 1.02  Total      7.210         7.04  Total    2       1       1 datapath_module/alu_module/mul_44_34/n_1224
 0.99  Total      5.465         5.54  Total    2       1       1 datapath_module/alu_module/mul_44_34/n_1225
 0.81  Total      3.080         3.83  Total    2       1       1 datapath_module/alu_module/mul_44_34/n_1227
 1.00  Total      6.870         6.86  Total    4       1       1 datapath_module/alu_module/mul_44_34/n_1228
 1.41  Total      3.365         2.39  Total    2       1       1 datapath_module/alu_module/mul_44_34/n_1229
 0.98  Total      6.670         6.78  Total    6       1       1 datapath_module/alu_module/mul_44_34/n_1232
 0.73  Total      6.535         8.90  Total    6       1       1 datapath_module/alu_module/mul_44_34/n_1233
 0.90  Total      2.830         3.15  Total    6       1       1 datapath_module/alu_module/mul_44_34/n_1234
 0.83  Total      2.370         2.87  Total    2       1       1 datapath_module/alu_module/mul_44_34/n_1238
 0.26  Total      0.855         3.27  Total    0       1       1 datapath_module/alu_module/mul_44_34/n_1239
 0.63  Total      4.900         7.82  Total    2       1       1 datapath_module/alu_module/mul_44_34/n_1240
 0.92  Total      1.930         2.10  Total    2       1       1 datapath_module/alu_module/mul_44_34/n_1244
 0.72  Total      4.330         5.98  Total    4       1       1 datapath_module/alu_module/mul_44_34/n_1327
 1.26  Total      3.560         2.82  Total    4       1       1 datapath_module/alu_module/mul_44_34/n_1328
 0.97  Total      5.010         5.15  Total    3       1       2 datapath_module/alu_module/mul_44_34/n_1329
 0.85  Total      2.525         2.96  Total    2       1       1 datapath_module/alu_module/mul_44_34/n_1330
 0.88  Total      8.185         9.27  Total    4       1       2 datapath_module/alu_module/mul_44_34/n_1331
 1.17  Total     12.585        10.80  Total    4       1       2 datapath_module/alu_module/mul_44_34/n_1332
 1.13  Total      4.810         4.27  Total    2       1       1 datapath_module/alu_module/mul_44_34/n_1333
 0.95  Total     18.860        19.75  Total    8       1       2 datapath_module/alu_module/mul_44_34/n_1334
 0.78  Total      5.435         6.92  Total    4       1       2 datapath_module/alu_module/mul_44_34/n_1335
 0.83  Total      2.250         2.73  Total    2       1       1 datapath_module/alu_module/mul_44_34/n_1336
 1.33  Total     12.710         9.54  Total    5       1       5 datapath_module/alu_module/mul_44_34/n_1337
 0.51  Total      2.730         5.33  Total    2       1       1 datapath_module/alu_module/mul_44_34/n_1345
 1.04  Total     16.140        15.58  Total    8       1       1 datapath_module/alu_module/mul_44_34/n_1346
 1.17  Total      2.810         2.40  Total    2       1       1 datapath_module/alu_module/mul_44_34/n_1348
 0.93  Total      7.950         8.54  Total    4       1       1 datapath_module/alu_module/mul_44_34/n_1350
 0.93  Total      5.600         6.04  Total    2       1       1 datapath_module/alu_module/mul_44_34/n_1352
 0.74  Total      6.530         8.85  Total    4       1       1 datapath_module/alu_module/mul_44_34/n_1354
 0.74  Total      6.310         8.49  Total    8       1       1 datapath_module/alu_module/mul_44_34/n_1356
 0.95  Total      6.350         6.68  Total    4       1       1 datapath_module/alu_module/mul_44_34/n_1358
 2.19  Total      7.520         3.44  Total    2       1       1 datapath_module/alu_module/mul_44_34/n_1360
 0.97  Total     11.780        12.19  Total    8       1       1 datapath_module/alu_module/mul_44_34/n_1362
 1.14  Total      6.490         5.68  Total    2       1       1 datapath_module/alu_module/mul_44_34/n_1364
 1.20  Total     10.615         8.88  Total    8       1       1 datapath_module/alu_module/mul_44_34/n_1366
 0.99  Total     11.125        11.28  Total    6       1       1 datapath_module/alu_module/mul_44_34/n_1368
 1.03  Total     10.500        10.24  Total    8       1       1 datapath_module/alu_module/mul_44_34/n_1370
 0.89  Total      8.180         9.16  Total    2       1       1 datapath_module/alu_module/mul_44_34/n_1372
 1.01  Total      6.880         6.83  Total    4       1       1 datapath_module/alu_module/mul_44_34/n_1374
 1.07  Total      3.265         3.06  Total    2       1       1 datapath_module/alu_module/mul_44_34/n_1376
 1.28  Total      6.965         5.45  Total    2       1       1 datapath_module/alu_module/mul_44_34/n_1378
 0.52  Total      2.880         5.58  Total    2       1       1 datapath_module/alu_module/mul_44_34/n_1380
 1.08  Total     10.015         9.26  Total    2       1       1 datapath_module/alu_module/mul_44_34/n_1382
 0.84  Total      6.960         8.31  Total    8       1       1 datapath_module/alu_module/mul_44_34/n_1384
 0.79  Total      1.470         1.86  Total    2       1       1 datapath_module/alu_module/mul_44_34/n_1385
 1.43  Total      2.865         2.01  Total    8       1       1 datapath_module/alu_module/mul_44_34/n_1386
 1.72  Total     29.730        17.33  Total   19       1      10 datapath_module/alu_module/sll_42_34/n_2
 1.64  Total     32.830        20.04  Total   27       1      11 datapath_module/alu_module/sll_42_34/n_7
 1.33  Total     23.225        17.48  Total   13       1       8 datapath_module/alu_module/sll_42_34/n_8
 1.55  Total     16.775        10.80  Total    8       1       6 datapath_module/alu_module/sll_42_34/n_10
 1.34  Total     11.910         8.90  Total    4       1       4 datapath_module/alu_module/sll_42_34/n_11
 1.28  Total     19.650        15.38  Total   12       1       7 datapath_module/alu_module/sll_42_34/n_12
 1.65  Total     42.950        26.09  Total   26       1      11 datapath_module/alu_module/sll_42_34/n_14
 1.45  Total      7.360         5.08  Total   13       1       4 datapath_module/alu_module/sll_42_34/n_15
 1.11  Total     17.930        16.23  Total   24       1       7 datapath_module/alu_module/sll_42_34/n_16
 0.68  Total      3.410         5.04  Total    2       1       1 datapath_module/alu_module/sll_42_34/n_17
 1.91  Total     53.020        27.80  Total   40       1      10 datapath_module/alu_module/sll_42_34/n_18
 0.00  Total      0.000         0.00  Total    0       0       0 datapath_module/alu_module/sll_42_34/n_19
 0.00  Total      0.000         0.00  Total    0       0       0 datapath_module/alu_module/sll_42_34/n_20
 1.12  Total     16.555        14.83  Total   10       1       2 datapath_module/alu_module/sll_42_34/n_21
 1.02  Total     15.600        15.24  Total   14       1       3 datapath_module/alu_module/sll_42_34/n_22
 1.39  Total     13.415         9.68  Total   11       1       3 datapath_module/alu_module/sll_42_34/n_23
 0.00  Total      0.000         0.00  Total    0       0       0 datapath_module/alu_module/sll_42_34/n_24
 0.00  Total      0.000         0.00  Total    0       0       0 datapath_module/alu_module/sll_42_34/n_25
 0.00  Total      0.000         0.00  Total    0       0       0 datapath_module/alu_module/sll_42_34/n_26
 0.96  Total      6.320         6.62  Total    2       1       2 datapath_module/alu_module/sll_42_34/n_27
 1.43  Total      8.585         6.02  Total    5       1       2 datapath_module/alu_module/sll_42_34/n_28
 0.00  Total      0.000         0.00  Total    0       0       0 datapath_module/alu_module/sll_42_34/n_29
 0.00  Total      0.000         0.00  Total    0       0       0 datapath_module/alu_module/sll_42_34/n_30
 0.00  Total      0.000         0.00  Total    0       0       0 datapath_module/alu_module/sll_42_34/n_31
 0.00  Total      0.000         0.00  Total    0       0       0 datapath_module/alu_module/sll_42_34/n_32
 0.00  Total      0.000         0.00  Total    0       0       0 datapath_module/alu_module/sll_42_34/n_33
 0.00  Total      0.000         0.00  Total    0       0       0 datapath_module/alu_module/sll_42_34/n_34
 1.12  Total     13.960        12.42  Total   12       1       2 datapath_module/alu_module/sll_42_34/n_35
 0.00  Total      0.000         0.00  Total    0       0       0 datapath_module/alu_module/sll_42_34/n_36
 0.00  Total      0.000         0.00  Total    0       0       0 datapath_module/alu_module/sll_42_34/n_37
 0.00  Total      0.000         0.00  Total    0       0       0 datapath_module/alu_module/sll_42_34/n_38
 0.00  Total      0.000         0.00  Total    0       0       0 datapath_module/alu_module/sll_42_34/n_39
 0.00  Total      0.000         0.00  Total    0       0       0 datapath_module/alu_module/sll_42_34/n_40
 0.00  Total      0.000         0.00  Total    0       0       0 datapath_module/alu_module/sll_42_34/n_41
 0.00  Total      0.000         0.00  Total    0       0       0 datapath_module/alu_module/sll_42_34/n_42
 0.00  Total      0.000         0.00  Total    0       0       0 datapath_module/alu_module/sll_42_34/n_43
 0.00  Total      0.000         0.00  Total    0       0       0 datapath_module/alu_module/sll_42_34/n_44
 1.18  Total     22.250        18.82  Total   15       1       4 datapath_module/alu_module/sll_42_34/n_45
 0.00  Total      0.000         0.00  Total    0       0       0 datapath_module/alu_module/sll_42_34/n_46
 1.19  Total      9.055         7.58  Total    2       1       2 datapath_module/alu_module/sll_42_34/n_47
 2.03  Total     22.580        11.15  Total    7       1       5 datapath_module/alu_module/sll_42_34/n_48
 0.00  Total      0.000         0.00  Total    0       1       0 datapath_module/alu_module/sll_42_34/n_49
 1.44  Total     15.660        10.89  Total   11       1       5 datapath_module/alu_module/sll_42_34/n_50
 0.00  Total      0.000         0.00  Total    0       1       0 datapath_module/alu_module/sll_42_34/n_51
 0.00  Total      0.000         0.00  Total    0       1       0 datapath_module/alu_module/sll_42_34/n_52
 1.39  Total      9.835         7.10  Total   11       1       2 datapath_module/alu_module/sll_42_34/n_54
 0.00  Total      0.000         0.00  Total    0       0       0 datapath_module/alu_module/sll_42_34/n_55
 0.00  Total      0.000         0.00  Total    0       0       0 datapath_module/alu_module/sll_42_34/n_56
 0.89  Total      5.285         5.95  Total    3       1       2 datapath_module/alu_module/sll_42_34/n_57
 0.00  Total      0.000         0.00  Total    0       0       0 datapath_module/alu_module/sll_42_34/n_58
 0.00  Total      0.000         0.00  Total    0       0       0 datapath_module/alu_module/sll_42_34/n_59
 1.33  Total     20.190        15.21  Total   14       1       4 datapath_module/alu_module/sll_42_34/n_60
 1.18  Total     24.735        21.00  Total   20       1       4 datapath_module/alu_module/sll_42_34/n_61
 0.00  Total      0.000         0.00  Total    0       0       0 datapath_module/alu_module/sll_42_34/n_62
 0.00  Total      0.000         0.00  Total    0       0       0 datapath_module/alu_module/sll_42_34/n_63
 0.00  Total      0.000         0.00  Total    0       0       0 datapath_module/alu_module/sll_42_34/n_64
 0.00  Total      0.000         0.00  Total    0       0       0 datapath_module/alu_module/sll_42_34/n_65
 1.27  Total     26.955        21.27  Total   12       1       2 datapath_module/alu_module/sll_42_34/n_66
 0.00  Total      0.000         0.00  Total    0       0       0 datapath_module/alu_module/sll_42_34/n_67
 0.00  Total      0.000         0.00  Total    0       0       0 datapath_module/alu_module/sll_42_34/n_68
 1.05  Total      6.485         6.19  Total    6       1       2 datapath_module/alu_module/sll_42_34/n_69
 0.00  Total      0.000         0.00  Total    0       0       0 datapath_module/alu_module/sll_42_34/n_70
 0.00  Total      0.000         0.00  Total    0       0       0 datapath_module/alu_module/sll_42_34/n_71
 0.00  Total      0.000         0.00  Total    0       0       0 datapath_module/alu_module/sll_42_34/n_72
 0.00  Total      0.000         0.00  Total    0       0       0 datapath_module/alu_module/sll_42_34/n_74
 0.00  Total      0.000         0.00  Total    0       0       0 datapath_module/alu_module/sll_42_34/n_75
 0.00  Total      0.000         0.00  Total    0       0       0 datapath_module/alu_module/sll_42_34/n_76
 0.00  Total      0.000         0.00  Total    0       0       0 datapath_module/alu_module/sll_42_34/n_77
 1.47  Total     36.485        24.86  Total   22       1       4 datapath_module/alu_module/sll_42_34/n_78
 1.34  Total     33.960        25.38  Total   22       1       4 datapath_module/alu_module/sll_42_34/n_79
 1.20  Total     15.395        12.78  Total   16       1       3 datapath_module/alu_module/sll_42_34/n_80
 1.01  Total     12.905        12.71  Total    5       1       3 datapath_module/alu_module/sll_42_34/n_81
 0.00  Total      0.000         0.00  Total    0       0       0 datapath_module/alu_module/sll_42_34/n_82
 0.00  Total      0.000         0.00  Total    0       0       0 datapath_module/alu_module/sll_42_34/n_83
 0.00  Total      0.000         0.00  Total    0       0       0 datapath_module/alu_module/sll_42_34/n_84
 1.05  Total     21.475        20.54  Total   14       1       3 datapath_module/alu_module/sll_42_34/n_85
 1.09  Total     23.020        21.03  Total   17       1       3 datapath_module/alu_module/sll_42_34/n_86
 1.10  Total     22.020        20.09  Total   14       1       3 datapath_module/alu_module/sll_42_34/n_87
 1.06  Total     20.145        18.98  Total   13       1       3 datapath_module/alu_module/sll_42_34/n_88
 1.35  Total     29.130        21.55  Total   15       1       3 datapath_module/alu_module/sll_42_34/n_89
 1.12  Total     19.220        17.23  Total   13       1       3 datapath_module/alu_module/sll_42_34/n_90
 1.19  Total     27.660        23.32  Total   18       1       3 datapath_module/alu_module/sll_42_34/n_91
 1.09  Total     31.735        29.20  Total   16       1       3 datapath_module/alu_module/sll_42_34/n_92
 1.23  Total      4.730         3.83  Total    3       1       2 datapath_module/alu_module/sll_42_34/n_99
 1.09  Total     10.855         9.92  Total   12       1       2 datapath_module/alu_module/sll_42_34/n_100
 1.04  Total     19.090        18.30  Total   12       1       2 datapath_module/alu_module/sll_42_34/n_101
 1.05  Total     16.385        15.59  Total   11       1       2 datapath_module/alu_module/sll_42_34/n_102
 0.82  Total      5.350         6.52  Total    3       1       2 datapath_module/alu_module/sll_42_34/n_103
 1.50  Total      4.275         2.85  Total    3       1       2 datapath_module/alu_module/sll_42_34/n_104
 0.98  Total      8.855         9.00  Total   11       1       2 datapath_module/alu_module/sll_42_34/n_105
 1.55  Total      4.870         3.15  Total    6       1       2 datapath_module/alu_module/sll_42_34/n_106
 0.97  Total      1.885         1.94  Total    0       1       1 datapath_module/alu_module/sll_42_34/n_107
 1.06  Total     16.470        15.57  Total    4       1       1 datapath_module/alu_module/sll_42_34/n_111
 0.86  Total      6.635         7.69  Total    4       1       2 datapath_module/alu_module/sll_42_34/n_127
 0.96  Total      5.375         5.60  Total    2       1       2 datapath_module/alu_module/sll_42_34/n_128
 1.05  Total      7.240         6.88  Total    3       1       2 datapath_module/alu_module/sll_42_34/n_130
 1.03  Total      6.820         6.62  Total    3       1       2 datapath_module/alu_module/sll_42_34/n_131
 0.67  Total      3.140         4.69  Total    2       1       1 datapath_module/alu_module/sll_42_34/n_132
 0.94  Total     17.000        18.18  Total   10       1       2 datapath_module/alu_module/sll_42_34/n_133
 1.03  Total     18.535        17.96  Total    3       1       2 datapath_module/alu_module/sll_42_34/n_134
 1.09  Total     20.820        19.12  Total   14       1       2 datapath_module/alu_module/sll_42_34/n_135
 0.59  Total      2.230         3.76  Total    2       1       1 datapath_module/alu_module/srl_43_34/n_5
 1.31  Total     16.605        12.66  Total    8       1       6 datapath_module/alu_module/srl_43_34/n_6
 0.00  Total      0.000         0.00  Total    0       0       0 datapath_module/alu_module/srl_43_34/n_10
 1.38  Total      2.270         1.64  Total    2       1       1 datapath_module/alu_module/srl_43_34/n_11
 0.00  Total      0.000         0.00  Total    0       0       0 datapath_module/alu_module/srl_43_34/n_12
 0.00  Total      0.000         0.00  Total    0       1       0 datapath_module/alu_module/srl_43_34/n_13
 0.00  Total      0.000         0.00  Total    0       0       0 datapath_module/alu_module/srl_43_34/n_14
 0.00  Total      0.000         0.00  Total    0       0       0 datapath_module/alu_module/srl_43_34/n_15
 0.00  Total      0.000         0.00  Total    0       0       0 datapath_module/alu_module/srl_43_34/n_16
 0.00  Total      0.000         0.00  Total    0       0       0 datapath_module/alu_module/srl_43_34/n_17
 0.00  Total      0.000         0.00  Total    0       0       0 datapath_module/alu_module/srl_43_34/n_18
 1.13  Total      6.760         5.99  Total    4       1       2 datapath_module/alu_module/srl_43_34/n_19
 0.00  Total      0.000         0.00  Total    0       0       0 datapath_module/alu_module/srl_43_34/n_20
 0.00  Total      0.000         0.00  Total    0       0       0 datapath_module/alu_module/srl_43_34/n_21
 0.00  Total      0.000         0.00  Total    0       0       0 datapath_module/alu_module/srl_43_34/n_22
 0.00  Total      0.000         0.00  Total    0       0       0 datapath_module/alu_module/srl_43_34/n_23
 0.00  Total      0.000         0.00  Total    0       0       0 datapath_module/alu_module/srl_43_34/n_24
 0.00  Total      0.000         0.00  Total    0       0       0 datapath_module/alu_module/srl_43_34/n_25
 0.00  Total      0.000         0.00  Total    0       0       0 datapath_module/alu_module/srl_43_34/n_26
 0.00  Total      0.000         0.00  Total    0       0       0 datapath_module/alu_module/srl_43_34/n_27
 1.17  Total      5.520         4.73  Total    4       1       1 datapath_module/alu_module/srl_43_34/n_28
 1.29  Total     20.450        15.84  Total    9       1       2 datapath_module/alu_module/srl_43_34/n_29
 0.84  Total      1.275         1.53  Total    0       1       1 datapath_module/alu_module/srl_43_34/n_31
 1.26  Total     12.605        10.04  Total    6       1       2 datapath_module/alu_module/srl_43_34/n_32
 1.07  Total      3.250         3.02  Total    2       1       1 datapath_module/alu_module/srl_43_34/n_34
 0.00  Total      0.000         0.00  Total    0       0       0 datapath_module/alu_module/srl_43_34/n_35
 0.00  Total      0.000         0.00  Total    0       0       0 datapath_module/alu_module/srl_43_34/n_36
 1.14  Total      3.420         3.00  Total    2       1       1 datapath_module/alu_module/srl_43_34/n_37
 0.00  Total      0.000         0.00  Total    0       0       0 datapath_module/alu_module/srl_43_34/n_38
 0.00  Total      0.000         0.00  Total    0       0       0 datapath_module/alu_module/srl_43_34/n_39
 0.00  Total      0.000         0.00  Total    0       0       0 datapath_module/alu_module/srl_43_34/n_40
 0.00  Total      0.000         0.00  Total    0       0       0 datapath_module/alu_module/srl_43_34/n_41
 0.00  Total      0.000         0.00  Total    0       0       0 datapath_module/alu_module/srl_43_34/n_42
 0.00  Total      0.000         0.00  Total    0       0       0 datapath_module/alu_module/srl_43_34/n_43
 0.00  Total      0.000         0.00  Total    0       0       0 datapath_module/alu_module/srl_43_34/n_44
 0.00  Total      0.000         0.00  Total    0       0       0 datapath_module/alu_module/srl_43_34/n_45
 0.00  Total      0.000         0.00  Total    0       0       0 datapath_module/alu_module/srl_43_34/n_46
 0.00  Total      0.000         0.00  Total    0       0       0 datapath_module/alu_module/srl_43_34/n_47
 0.00  Total      0.000         0.00  Total    0       0       0 datapath_module/alu_module/srl_43_34/n_48
 0.00  Total      0.000         0.00  Total    0       0       0 datapath_module/alu_module/srl_43_34/n_49
 0.00  Total      0.000         0.00  Total    0       0       0 datapath_module/alu_module/srl_43_34/n_50
 0.00  Total      0.000         0.00  Total    0       0       0 datapath_module/alu_module/srl_43_34/n_51
 0.00  Total      0.000         0.00  Total    0       0       0 datapath_module/alu_module/srl_43_34/n_52
 0.00  Total      0.000         0.00  Total    0       0       0 datapath_module/alu_module/srl_43_34/n_53
 0.96  Total      4.065         4.24  Total    2       1       2 datapath_module/alu_module/srl_43_34/n_54
 1.36  Total     18.450        13.53  Total   10       1       5 datapath_module/alu_module/srl_43_34/n_55
 0.00  Total      0.000         0.00  Total    0       0       0 datapath_module/alu_module/srl_43_34/n_56
 1.52  Total      9.055         5.94  Total    3       1       2 datapath_module/alu_module/srl_43_34/n_57
 0.00  Total      0.000         0.00  Total    0       0       0 datapath_module/alu_module/srl_43_34/n_58
 0.00  Total      0.000         0.00  Total    0       0       0 datapath_module/alu_module/srl_43_34/n_60
 0.00  Total      0.000         0.00  Total    0       0       0 datapath_module/alu_module/srl_43_34/n_61
 0.00  Total      0.000         0.00  Total    0       0       0 datapath_module/alu_module/srl_43_34/n_62
 0.00  Total      0.000         0.00  Total    0       0       0 datapath_module/alu_module/srl_43_34/n_63
 0.00  Total      0.000         0.00  Total    0       0       0 datapath_module/alu_module/srl_43_34/n_64
 0.00  Total      0.000         0.00  Total    0       0       0 datapath_module/alu_module/srl_43_34/n_65
 0.00  Total      0.000         0.00  Total    0       0       0 datapath_module/alu_module/srl_43_34/n_66
 0.00  Total      0.000         0.00  Total    0       0       0 datapath_module/alu_module/srl_43_34/n_67
 0.00  Total      0.000         0.00  Total    0       0       0 datapath_module/alu_module/srl_43_34/n_68
 0.00  Total      0.000         0.00  Total    0       0       0 datapath_module/alu_module/srl_43_34/n_69
 0.00  Total      0.000         0.00  Total    0       0       0 datapath_module/alu_module/srl_43_34/n_70
 0.00  Total      0.000         0.00  Total    0       0       0 datapath_module/alu_module/srl_43_34/n_71
 0.00  Total      0.000         0.00  Total    0       0       0 datapath_module/alu_module/srl_43_34/n_72
 0.00  Total      0.000         0.00  Total    0       0       0 datapath_module/alu_module/srl_43_34/n_73
 0.00  Total      0.000         0.00  Total    0       0       0 datapath_module/alu_module/srl_43_34/n_74
 0.00  Total      0.000         0.00  Total    0       0       0 datapath_module/alu_module/srl_43_34/n_75
 0.00  Total      0.000         0.00  Total    0       0       0 datapath_module/alu_module/srl_43_34/n_76
 0.00  Total      0.000         0.00  Total    0       0       0 datapath_module/alu_module/srl_43_34/n_77
 1.35  Total      5.065         3.74  Total    2       1       1 datapath_module/alu_module/srl_43_34/n_79
 1.13  Total      6.080         5.36  Total    6       1       1 datapath_module/alu_module/srl_43_34/n_80
 1.05  Total      2.480         2.37  Total    2       1       1 datapath_module/alu_module/srl_43_34/n_81
 0.00  Total      0.000         0.00  Total    0       0       0 datapath_module/alu_module/srl_43_34/n_82
 0.00  Total      0.000         0.00  Total    0       0       0 datapath_module/alu_module/srl_43_34/n_83
 1.18  Total      2.325         1.97  Total    2       1       1 datapath_module/alu_module/srl_43_34/n_84
 0.00  Total      0.000         0.00  Total    0       0       0 datapath_module/alu_module/srl_43_34/n_85
 0.00  Total      0.000         0.00  Total    0       0       0 datapath_module/alu_module/srl_43_34/n_86
 0.00  Total      0.000         0.00  Total    0       0       0 datapath_module/alu_module/srl_43_34/n_87
 0.00  Total      0.000         0.00  Total    0       0       0 datapath_module/alu_module/srl_43_34/n_88
 0.00  Total      0.000         0.00  Total    0       0       0 datapath_module/alu_module/srl_43_34/n_89
 0.00  Total      0.000         0.00  Total    0       0       0 datapath_module/alu_module/srl_43_34/n_90
 0.00  Total      0.000         0.00  Total    0       0       0 datapath_module/alu_module/srl_43_34/n_91
 0.00  Total      0.000         0.00  Total    0       0       0 datapath_module/alu_module/srl_43_34/n_92
 0.00  Total      0.000         0.00  Total    0       0       0 datapath_module/alu_module/srl_43_34/n_93
 0.00  Total      0.000         0.00  Total    0       0       0 datapath_module/alu_module/srl_43_34/n_94
 0.00  Total      0.000         0.00  Total    0       0       0 datapath_module/alu_module/srl_43_34/n_95
 0.00  Total      0.000         0.00  Total    0       0       0 datapath_module/alu_module/srl_43_34/n_96
 0.00  Total      0.000         0.00  Total    0       0       0 datapath_module/alu_module/srl_43_34/n_97
 0.00  Total      0.000         0.00  Total    0       0       0 datapath_module/alu_module/srl_43_34/n_98
 0.00  Total      0.000         0.00  Total    0       0       0 datapath_module/alu_module/srl_43_34/n_99
 0.00  Total      0.000         0.00  Total    0       0       0 datapath_module/alu_module/srl_43_34/n_103
 0.00  Total      0.000         0.00  Total    0       0       0 datapath_module/alu_module/srl_43_34/n_104
 0.00  Total      0.000         0.00  Total    0       0       0 datapath_module/alu_module/srl_43_34/n_108
 0.00  Total      0.000         0.00  Total    0       0       0 datapath_module/alu_module/srl_43_34/n_109
 0.00  Total      0.000         0.00  Total    0       0       0 datapath_module/alu_module/srl_43_34/n_110
 0.00  Total      0.000         0.00  Total    0       0       0 datapath_module/alu_module/srl_43_34/n_111
 0.00  Total      0.000         0.00  Total    0       0       0 datapath_module/alu_module/srl_43_34/n_112
 0.00  Total      0.000         0.00  Total    0       0       0 datapath_module/alu_module/srl_43_34/n_113
 0.00  Total      0.000         0.00  Total    0       0       0 datapath_module/alu_module/srl_43_34/n_114
 0.00  Total      0.000         0.00  Total    0       0       0 datapath_module/alu_module/srl_43_34/n_115
 0.68  Total      2.690         3.98  Total    2       1       1 datapath_module/alu_module/srl_43_34/n_132
 0.92  Total      3.040         3.31  Total    6       1       2 datapath_module/alu_module/srl_43_34/n_133
 0.90  Total      5.035         5.62  Total    3       1       2 datapath_module/alu_module/srl_43_34/n_134
 0.85  Total      6.640         7.79  Total    6       1       2 datapath_module/alu_module/srl_43_34/n_135
 0.00  Total      0.000         0.00  Total    0       0       0 datapath_module/alu_module/srl_43_34/n_136
 0.00  Total      0.000         0.00  Total    0       0       0 datapath_module/alu_module/srl_43_34/n_137
 0.82  Total      3.650         4.46  Total    6       1       2 datapath_module/alu_module/srl_43_34/n_138
 0.82  Total      4.205         5.10  Total    3       1       2 datapath_module/alu_module/srl_43_34/n_139
 0.61  Total      2.530         4.12  Total    2       1       1 datapath_module/alu_module/sub_35_34/n_1
 0.00  Total      0.000         0.00  Total    0       0       0 datapath_module/alu_module/sub_35_34/n_2
 0.00  Total      0.000         0.00  Total    0       0       0 datapath_module/alu_module/sub_35_34/n_3
 0.00  Total      0.000         0.00  Total    0       0       0 datapath_module/alu_module/sub_35_34/n_4
 0.99  Total      1.165         1.18  Total    2       1       1 datapath_module/alu_module/sub_35_34/n_5
 0.00  Total      0.000         0.00  Total    0       0       0 datapath_module/alu_module/sub_35_34/n_6
 0.00  Total      0.000         0.00  Total    0       0       0 datapath_module/alu_module/sub_35_34/n_7
 0.00  Total      0.000         0.00  Total    0       0       0 datapath_module/alu_module/sub_35_34/n_8
 0.00  Total      0.000         0.00  Total    0       0       0 datapath_module/alu_module/sub_35_34/n_9
 0.00  Total      0.000         0.00  Total    0       0       0 datapath_module/alu_module/sub_35_34/n_10
 0.00  Total      0.000         0.00  Total    0       0       0 datapath_module/alu_module/sub_35_34/n_11
 1.11  Total      2.090         1.88  Total    2       1       1 datapath_module/alu_module/sub_35_34/n_12
 0.00  Total      0.000         0.00  Total    0       0       0 datapath_module/alu_module/sub_35_34/n_13
 0.00  Total      0.000         0.00  Total    0       0       0 datapath_module/alu_module/sub_35_34/n_14
 0.94  Total      2.150         2.28  Total    2       1       1 datapath_module/alu_module/sub_35_34/n_15
 0.00  Total      0.000         0.00  Total    0       0       0 datapath_module/alu_module/sub_35_34/n_16
 0.00  Total      0.000         0.00  Total    0       0       0 datapath_module/alu_module/sub_35_34/n_17
 0.00  Total      0.000         0.00  Total    0       0       0 datapath_module/alu_module/sub_35_34/n_18
 0.00  Total      0.000         0.00  Total    0       0       0 datapath_module/alu_module/sub_35_34/n_19
 0.00  Total      0.000         0.00  Total    0       0       0 datapath_module/alu_module/sub_35_34/n_20
 0.00  Total      0.000         0.00  Total    0       0       0 datapath_module/alu_module/sub_35_34/n_21
 0.00  Total      0.000         0.00  Total    0       0       0 datapath_module/alu_module/sub_35_34/n_22
 0.00  Total      0.000         0.00  Total    0       0       0 datapath_module/alu_module/sub_35_34/n_23
 0.00  Total      0.000         0.00  Total    0       0       0 datapath_module/alu_module/sub_35_34/n_24
 0.00  Total      0.000         0.00  Total    0       0       0 datapath_module/alu_module/sub_35_34/n_25
 0.00  Total      0.000         0.00  Total    0       0       0 datapath_module/alu_module/sub_35_34/n_26
 0.62  Total      2.340         3.76  Total    2       1       1 datapath_module/alu_module/sub_35_34/n_27
 0.00  Total      0.000         0.00  Total    0       0       0 datapath_module/alu_module/sub_35_34/n_28
 0.00  Total      0.000         0.00  Total    0       0       0 datapath_module/alu_module/sub_35_34/n_29
 2.19  Total      3.380         1.54  Total    0       1       1 datapath_module/alu_module/sub_35_34/n_30
 0.00  Total      0.000         0.00  Total    0       0       0 datapath_module/alu_module/sub_35_34/n_31
 0.97  Total      6.205         6.37  Total    3       1       2 datapath_module/alu_module/sub_35_34/n_32
 0.79  Total      4.260         5.40  Total    2       1       1 datapath_module/alu_module/sub_35_34/n_34
 0.53  Total      2.170         4.11  Total    4       1       1 datapath_module/alu_module/sub_35_34/n_35
 0.89  Total     10.760        12.14  Total    8       1       1 datapath_module/alu_module/sub_35_34/n_36
 1.04  Total      5.445         5.24  Total    4       1       1 datapath_module/alu_module/sub_35_34/n_37
 0.57  Total      3.625         6.34  Total    2       1       1 datapath_module/alu_module/sub_35_34/n_39
 0.86  Total      5.060         5.86  Total    2       1       1 datapath_module/alu_module/sub_35_34/n_40
 0.50  Total      2.650         5.34  Total    2       1       1 datapath_module/alu_module/sub_35_34/n_42
 0.79  Total      0.460         0.58  Total    0       1       1 datapath_module/alu_module/sub_35_34/n_43
 0.78  Total      3.610         4.62  Total    2       1       1 datapath_module/alu_module/sub_35_34/n_45
 0.81  Total      5.390         6.66  Total    2       1       1 datapath_module/alu_module/sub_35_34/n_46
 1.17  Total      6.570         5.63  Total    8       1       1 datapath_module/alu_module/sub_35_34/n_48
 0.48  Total      0.280         0.58  Total    0       1       1 datapath_module/alu_module/sub_35_34/n_49
 0.73  Total      4.955         6.75  Total    4       1       1 datapath_module/alu_module/sub_35_34/n_51
 1.24  Total      2.350         1.90  Total    2       1       1 datapath_module/alu_module/sub_35_34/n_52
 0.92  Total      1.660         1.79  Total    2       1       1 datapath_module/alu_module/sub_35_34/n_54
 1.13  Total      2.370         2.10  Total    2       1       1 datapath_module/alu_module/sub_35_34/n_55
 0.69  Total      4.800         6.96  Total    4       1       1 datapath_module/alu_module/sub_35_34/n_57
 1.06  Total      1.915         1.80  Total    2       1       1 datapath_module/alu_module/sub_35_34/n_58
 0.33  Total      1.090         3.31  Total    2       1       1 datapath_module/alu_module/sub_35_34/n_60
 1.17  Total      4.545         3.90  Total    2       1       1 datapath_module/alu_module/sub_35_34/n_61
 0.93  Total     13.290        14.34  Total    4       1       1 datapath_module/alu_module/sub_35_34/n_63
 1.04  Total      4.040         3.90  Total    2       1       1 datapath_module/alu_module/sub_35_34/n_64
 1.00  Total      1.940         1.94  Total    2       1       1 datapath_module/alu_module/sub_35_34/n_66
 0.91  Total      2.885         3.18  Total    4       1       1 datapath_module/alu_module/sub_35_34/n_67
 0.71  Total      2.735         3.87  Total    2       1       1 datapath_module/alu_module/sub_35_34/n_69
 1.06  Total      3.780         3.58  Total    4       1       1 datapath_module/alu_module/sub_35_34/n_70
 1.15  Total      2.365         2.06  Total    2       1       1 datapath_module/alu_module/sub_35_34/n_72
 0.61  Total      2.820         4.60  Total    2       1       1 datapath_module/alu_module/sub_35_34/n_73
 0.92  Total      7.425         8.04  Total    6       1       1 datapath_module/alu_module/sub_35_34/n_75
 0.69  Total      0.680         0.98  Total    0       1       1 datapath_module/alu_module/sub_35_34/n_76
 0.69  Total      2.785         4.07  Total    2       1       1 datapath_module/alu_module/sub_35_34/n_78
 0.96  Total      1.760         1.84  Total    2       1       1 datapath_module/alu_module/sub_35_34/n_79
 1.10  Total      2.690         2.46  Total    2       1       1 datapath_module/alu_module/sub_35_34/n_81
 0.88  Total      9.110        10.40  Total    4       1       1 datapath_module/alu_module/sub_35_34/n_82
 0.88  Total      7.995         9.04  Total    2       1       1 datapath_module/alu_module/sub_35_34/n_84
 0.81  Total      1.280         1.58  Total    0       1       1 datapath_module/alu_module/sub_35_34/n_85
 0.81  Total      4.440         5.46  Total    2       1       1 datapath_module/alu_module/sub_35_34/n_87
 1.04  Total      6.090         5.86  Total    2       1       1 datapath_module/alu_module/sub_35_34/n_88
 1.04  Total      6.510         6.25  Total    4       1       1 datapath_module/alu_module/sub_35_34/n_90
 0.69  Total      2.740         4.00  Total    2       1       1 datapath_module/alu_module/sub_35_34/n_91
 0.89  Total      8.560         9.67  Total    4       1       1 datapath_module/alu_module/sub_35_34/n_93
 1.22  Total      2.250         1.84  Total    2       1       1 datapath_module/alu_module/sub_35_34/n_94
 0.98  Total      5.140         5.24  Total    8       1       1 datapath_module/alu_module/sub_35_34/n_96
 0.84  Total      4.500         5.38  Total    2       1       1 datapath_module/alu_module/sub_35_34/n_97
 1.01  Total      6.270         6.24  Total    8       1       1 datapath_module/alu_module/sub_35_34/n_99
 0.61  Total      0.475         0.78  Total    0       1       1 datapath_module/alu_module/sub_35_34/n_100
 1.01  Total      5.470         5.44  Total    8       1       1 datapath_module/alu_module/sub_35_34/n_102
 0.73  Total      2.950         4.06  Total    2       1       1 datapath_module/alu_module/sub_35_34/n_103
 1.06  Total      5.770         5.44  Total    4       1       1 datapath_module/alu_module/sub_35_34/n_105
 0.96  Total      6.110         6.38  Total    2       1       1 datapath_module/alu_module/sub_35_34/n_106
 0.96  Total      5.035         5.24  Total    2       1       1 datapath_module/alu_module/sub_35_34/n_108
 0.54  Total      1.940         3.60  Total    2       1       1 datapath_module/alu_module/sub_35_34/n_109
 0.99  Total      5.160         5.24  Total    4       1       1 datapath_module/alu_module/sub_35_34/n_111
 0.54  Total      1.940         3.60  Total    2       1       1 datapath_module/alu_module/sub_35_34/n_112
 1.07  Total     11.410        10.63  Total    4       1       1 datapath_module/alu_module/sub_35_34/n_114
 0.78  Total      3.170         4.06  Total    2       1       1 datapath_module/alu_module/sub_35_34/n_115
 1.29  Total      8.305         6.46  Total    8       1       1 datapath_module/alu_module/sub_35_34/n_117
 0.74  Total      2.720         3.66  Total    2       1       1 datapath_module/alu_module/sub_35_34/n_118
 1.03  Total      6.710         6.52  Total    2       1       1 datapath_module/alu_module/sub_35_34/n_121
 0.00  Total      0.000         0.00  Total    0       0       0 datapath_module/reg_file_module/read_reg_num1[4]
 0.00  Total      0.000         0.00  Total    0       0       0 datapath_module/reg_file_module/read_reg_num1[3]
 0.00  Total      0.000         0.00  Total    0       0       0 datapath_module/reg_file_module/read_reg_num1[2]
 0.00  Total      0.000         0.00  Total    0       0       0 datapath_module/reg_file_module/read_reg_num1[1]
 0.00  Total      0.000         0.00  Total    0       0       0 datapath_module/reg_file_module/read_reg_num1[0]
 0.00  Total      0.000         0.00  Total    0       0       0 datapath_module/reg_file_module/read_reg_num2[0]
 0.00  Total      0.000         0.00  Total    0       0       0 datapath_module/reg_file_module/regwrite
 0.00  Total      0.000         0.00  Total    0       0       0 datapath_module/reg_file_module/reset
 0.96  Total     29.480        30.57  Total    8       1       1 datapath_module/reg_file_module/reg_memory[17][31]
 1.08  Total      2.795         2.59  Total    2       1       1 datapath_module/reg_file_module/reg_memory[17][30]
 0.00  Total      0.000         0.00  Total    0       0       0 datapath_module/reg_file_module/reg_memory[17][29]
 0.00  Total      0.000         0.00  Total    0       0       0 datapath_module/reg_file_module/reg_memory[17][28]
 0.00  Total      0.000         0.00  Total    0       0       0 datapath_module/reg_file_module/reg_memory[17][27]
 0.00  Total      0.000         0.00  Total    0       0       0 datapath_module/reg_file_module/reg_memory[17][26]
 0.00  Total      0.000         0.00  Total    0       0       0 datapath_module/reg_file_module/reg_memory[17][25]
 0.00  Total      0.000         0.00  Total    0       0       0 datapath_module/reg_file_module/reg_memory[17][24]
 0.00  Total      0.000         0.00  Total    0       0       0 datapath_module/reg_file_module/reg_memory[17][23]
 0.00  Total      0.000         0.00  Total    0       0       0 datapath_module/reg_file_module/reg_memory[17][22]
 0.00  Total      0.000         0.00  Total    0       0       0 datapath_module/reg_file_module/reg_memory[17][21]
 0.00  Total      0.000         0.00  Total    0       0       0 datapath_module/reg_file_module/reg_memory[17][20]
 0.00  Total      0.000         0.00  Total    0       0       0 datapath_module/reg_file_module/reg_memory[17][19]
 0.00  Total      0.000         0.00  Total    0       0       0 datapath_module/reg_file_module/reg_memory[17][18]
 0.00  Total      0.000         0.00  Total    0       0       0 datapath_module/reg_file_module/reg_memory[17][17]
 0.00  Total      0.000         0.00  Total    0       0       0 datapath_module/reg_file_module/reg_memory[17][16]
 0.00  Total      0.000         0.00  Total    0       0       0 datapath_module/reg_file_module/reg_memory[17][15]
 0.00  Total      0.000         0.00  Total    0       0       0 datapath_module/reg_file_module/reg_memory[17][14]
 0.00  Total      0.000         0.00  Total    0       0       0 datapath_module/reg_file_module/reg_memory[17][13]
 0.00  Total      0.000         0.00  Total    0       0       0 datapath_module/reg_file_module/reg_memory[17][12]
 0.00  Total      0.000         0.00  Total    0       0       0 datapath_module/reg_file_module/reg_memory[17][11]
 0.00  Total      0.000         0.00  Total    0       0       0 datapath_module/reg_file_module/reg_memory[17][10]
 0.00  Total      0.000         0.00  Total    0       0       0 datapath_module/reg_file_module/reg_memory[17][9]
 0.00  Total      0.000         0.00  Total    0       0       0 datapath_module/reg_file_module/reg_memory[17][8]
 0.00  Total      0.000         0.00  Total    0       0       0 datapath_module/reg_file_module/reg_memory[17][7]
 0.00  Total      0.000         0.00  Total    0       0       0 datapath_module/reg_file_module/reg_memory[17][6]
 0.00  Total      0.000         0.00  Total    0       0       0 datapath_module/reg_file_module/reg_memory[17][5]
 0.00  Total      0.000         0.00  Total    0       1       0 datapath_module/reg_file_module/reg_memory[17][4]
 0.99  Total      9.890        10.01  Total    2       1       1 datapath_module/reg_file_module/reg_memory[17][3]
 1.00  Total     55.880        55.83  Total   10       1       2 datapath_module/reg_file_module/reg_memory[17][2]
 0.99  Total     10.610        10.77  Total    8       1       1 datapath_module/reg_file_module/reg_memory[17][1]
 0.97  Total     12.610        12.97  Total    6       1       1 datapath_module/reg_file_module/reg_memory[17][0]
 1.02  Total     21.880        21.41  Total    6       1       1 datapath_module/reg_file_module/reg_memory[4][31]
 1.14  Total     31.210        27.43  Total    2       1       1 datapath_module/reg_file_module/reg_memory[4][30]
 1.09  Total      6.375         5.85  Total    8       1       1 datapath_module/reg_file_module/reg_memory[4][29]
 0.96  Total      5.000         5.21  Total    2       1       1 datapath_module/reg_file_module/reg_memory[4][28]
 0.98  Total     18.890        19.21  Total    6       1       1 datapath_module/reg_file_module/reg_memory[4][27]
 1.01  Total     22.700        22.39  Total    4       1       1 datapath_module/reg_file_module/reg_memory[4][26]
 1.09  Total     23.260        21.37  Total    6       1       1 datapath_module/reg_file_module/reg_memory[4][25]
 1.06  Total     13.070        12.37  Total    4       1       1 datapath_module/reg_file_module/reg_memory[4][24]
 1.01  Total     35.840        35.57  Total    8       1       1 datapath_module/reg_file_module/reg_memory[4][23]
 0.87  Total      6.620         7.59  Total    2       1       1 datapath_module/reg_file_module/reg_memory[4][22]
 0.95  Total      3.620         3.83  Total    2       1       1 datapath_module/reg_file_module/reg_memory[4][21]
 1.15  Total      8.520         7.39  Total    4       1       1 datapath_module/reg_file_module/reg_memory[4][20]
 1.03  Total     18.370        17.81  Total    2       1       1 datapath_module/reg_file_module/reg_memory[4][19]
 0.98  Total     11.560        11.77  Total    2       1       1 datapath_module/reg_file_module/reg_memory[4][18]
 0.89  Total      3.380         3.79  Total    2       1       1 datapath_module/reg_file_module/reg_memory[4][17]
 1.07  Total      9.690         9.03  Total    2       1       1 datapath_module/reg_file_module/reg_memory[4][16]
 1.43  Total     28.000        19.61  Total    2       1       1 datapath_module/reg_file_module/reg_memory[4][15]
 0.89  Total      6.410         7.17  Total    2       1       1 datapath_module/reg_file_module/reg_memory[4][14]
 1.12  Total     23.380        20.81  Total    2       1       1 datapath_module/reg_file_module/reg_memory[4][13]
 1.03  Total     15.440        14.95  Total    6       1       1 datapath_module/reg_file_module/reg_memory[4][12]
 0.86  Total      6.560         7.61  Total    2       1       1 datapath_module/reg_file_module/reg_memory[4][11]
 0.99  Total      6.100         6.17  Total    2       1       1 datapath_module/reg_file_module/reg_memory[4][10]
 1.08  Total     10.795        10.01  Total    8       1       1 datapath_module/reg_file_module/reg_memory[4][9]
 1.03  Total     20.260        19.59  Total    2       1       1 datapath_module/reg_file_module/reg_memory[4][8]
 1.14  Total     18.640        16.37  Total    2       1       1 datapath_module/reg_file_module/reg_memory[4][7]
 0.99  Total     22.490        22.79  Total    8       1       1 datapath_module/reg_file_module/reg_memory[4][6]
 0.89  Total      7.290         8.21  Total    2       1       1 datapath_module/reg_file_module/reg_memory[4][5]
 0.90  Total      3.400         3.79  Total    2       1       1 datapath_module/reg_file_module/reg_memory[4][4]
 1.25  Total     20.675        16.57  Total    2       1       1 datapath_module/reg_file_module/reg_memory[4][3]
 1.01  Total     12.695        12.57  Total    8       1       1 datapath_module/reg_file_module/reg_memory[4][2]
 1.12  Total      4.750         4.23  Total    2       1       1 datapath_module/reg_file_module/reg_memory[4][1]
 0.97  Total     20.140        20.75  Total    8       1       1 datapath_module/reg_file_module/reg_memory[4][0]
 1.01  Total     70.050        69.63  Total   10       1       1 datapath_module/reg_file_module/reg_memory[6][31]
 1.00  Total      9.040         9.01  Total    2       1       1 datapath_module/reg_file_module/reg_memory[6][30]
 1.02  Total      9.050         8.83  Total    2       1       1 datapath_module/reg_file_module/reg_memory[6][29]
 1.08  Total      2.000         1.85  Total    2       1       1 datapath_module/reg_file_module/reg_memory[6][28]
 1.00  Total     20.890        20.85  Total    8       1       1 datapath_module/reg_file_module/reg_memory[6][27]
 1.00  Total     10.000        10.01  Total    4       1       1 datapath_module/reg_file_module/reg_memory[6][26]
 1.02  Total     10.900        10.65  Total    2       1       1 datapath_module/reg_file_module/reg_memory[6][25]
 1.04  Total     17.050        16.45  Total    8       1       1 datapath_module/reg_file_module/reg_memory[6][24]
 1.08  Total      4.300         3.99  Total    2       1       1 datapath_module/reg_file_module/reg_memory[6][23]
 1.09  Total     22.720        20.83  Total    6       1       1 datapath_module/reg_file_module/reg_memory[6][22]
 1.12  Total      9.000         8.01  Total    2       1       1 datapath_module/reg_file_module/reg_memory[6][21]
 0.84  Total      3.730         4.43  Total    4       1       1 datapath_module/reg_file_module/reg_memory[6][20]
 0.96  Total      7.135         7.41  Total    2       1       1 datapath_module/reg_file_module/reg_memory[6][19]
 0.84  Total      5.520         6.57  Total    2       1       1 datapath_module/reg_file_module/reg_memory[6][18]
 0.96  Total     19.500        20.39  Total    8       1       1 datapath_module/reg_file_module/reg_memory[6][17]
 1.08  Total     14.690        13.61  Total    4       1       1 datapath_module/reg_file_module/reg_memory[6][16]
 1.02  Total      3.515         3.43  Total    2       1       1 datapath_module/reg_file_module/reg_memory[6][15]
 1.02  Total      9.840         9.61  Total    4       1       1 datapath_module/reg_file_module/reg_memory[6][14]
 0.88  Total      6.320         7.17  Total    2       1       1 datapath_module/reg_file_module/reg_memory[6][13]
 0.82  Total      4.045         4.95  Total    4       1       1 datapath_module/reg_file_module/reg_memory[6][12]
 1.01  Total     12.095        12.01  Total    2       1       1 datapath_module/reg_file_module/reg_memory[6][11]
 1.04  Total     19.730        18.99  Total    8       1       1 datapath_module/reg_file_module/reg_memory[6][10]
 1.04  Total     27.500        26.41  Total    8       1       1 datapath_module/reg_file_module/reg_memory[6][9]
 1.11  Total      6.470         5.85  Total    2       1       1 datapath_module/reg_file_module/reg_memory[6][8]
 1.13  Total     18.290        16.23  Total    4       1       1 datapath_module/reg_file_module/reg_memory[6][7]
 0.97  Total     15.720        16.17  Total    2       1       1 datapath_module/reg_file_module/reg_memory[6][6]
 0.99  Total      6.100         6.17  Total    2       1       1 datapath_module/reg_file_module/reg_memory[6][5]
 0.96  Total      4.240         4.43  Total    4       1       1 datapath_module/reg_file_module/reg_memory[6][4]
 0.96  Total      5.920         6.19  Total    2       1       1 datapath_module/reg_file_module/reg_memory[6][3]
 1.08  Total      7.545         6.97  Total    4       1       1 datapath_module/reg_file_module/reg_memory[6][2]
 0.80  Total      5.095         6.39  Total    6       1       1 datapath_module/reg_file_module/reg_memory[6][1]
 0.98  Total     10.170        10.41  Total    2       1       1 datapath_module/reg_file_module/reg_memory[6][0]
 1.08  Total     34.290        31.83  Total   10       1       1 datapath_module/reg_file_module/reg_memory[19][31]
 0.90  Total      6.430         7.17  Total    2       1       1 datapath_module/reg_file_module/reg_memory[19][30]
 1.19  Total      9.300         7.83  Total    6       1       1 datapath_module/reg_file_module/reg_memory[19][29]
 1.11  Total     11.545        10.43  Total    6       1       1 datapath_module/reg_file_module/reg_memory[19][28]
 0.80  Total      5.455         6.79  Total    2       1       1 datapath_module/reg_file_module/reg_memory[19][27]
 0.99  Total      3.960         3.99  Total    2       1       1 datapath_module/reg_file_module/reg_memory[19][26]
 1.10  Total     18.845        17.17  Total    8       1       1 datapath_module/reg_file_module/reg_memory[19][25]
 0.96  Total      8.420         8.79  Total    2       1       1 datapath_module/reg_file_module/reg_memory[19][24]
 0.93  Total      8.150         8.79  Total    2       1       1 datapath_module/reg_file_module/reg_memory[19][23]
 1.20  Total      9.310         7.77  Total    4       1       1 datapath_module/reg_file_module/reg_memory[19][22]
 0.83  Total      5.000         5.99  Total    2       1       1 datapath_module/reg_file_module/reg_memory[19][21]
 1.30  Total      9.095         7.01  Total    2       1       1 datapath_module/reg_file_module/reg_memory[19][20]
 0.83  Total      6.120         7.37  Total    4       1       1 datapath_module/reg_file_module/reg_memory[19][19]
 1.00  Total     16.470        16.41  Total    2       1       1 datapath_module/reg_file_module/reg_memory[19][18]
 0.77  Total      5.860         7.61  Total    2       1       1 datapath_module/reg_file_module/reg_memory[19][17]
 1.08  Total     12.045        11.15  Total    8       1       1 datapath_module/reg_file_module/reg_memory[19][16]
 0.89  Total      4.795         5.39  Total    4       1       1 datapath_module/reg_file_module/reg_memory[19][15]
 0.97  Total     20.310        21.03  Total    4       1       1 datapath_module/reg_file_module/reg_memory[19][14]
 1.16  Total      9.040         7.81  Total    4       1       1 datapath_module/reg_file_module/reg_memory[19][13]
 1.18  Total     15.140        12.79  Total    6       1       1 datapath_module/reg_file_module/reg_memory[19][12]
 1.00  Total     11.030        10.99  Total    2       1       1 datapath_module/reg_file_module/reg_memory[19][11]
 1.04  Total     13.935        13.41  Total    4       1       1 datapath_module/reg_file_module/reg_memory[19][10]
 1.03  Total     12.345        12.03  Total    8       1       1 datapath_module/reg_file_module/reg_memory[19][9]
 0.99  Total     10.620        10.77  Total    2       1       1 datapath_module/reg_file_module/reg_memory[19][8]
 1.03  Total     13.650        13.23  Total    8       1       1 datapath_module/reg_file_module/reg_memory[19][7]
 0.83  Total      6.870         8.23  Total    2       1       1 datapath_module/reg_file_module/reg_memory[19][6]
 0.84  Total      6.900         8.19  Total    2       1       1 datapath_module/reg_file_module/reg_memory[19][5]
 0.93  Total      5.580         5.99  Total    4       1       1 datapath_module/reg_file_module/reg_memory[19][4]
 0.96  Total     15.140        15.77  Total    4       1       1 datapath_module/reg_file_module/reg_memory[19][3]
 0.94  Total      5.040         5.39  Total    2       1       1 datapath_module/reg_file_module/reg_memory[19][2]
 1.03  Total     11.590        11.21  Total    4       1       1 datapath_module/reg_file_module/reg_memory[19][1]
 0.93  Total      4.485         4.81  Total    2       1       1 datapath_module/reg_file_module/reg_memory[19][0]
 1.00  Total     49.550        49.57  Total    8       1       1 datapath_module/reg_file_module/reg_memory[29][31]
 0.94  Total      9.975        10.59  Total    2       1       1 datapath_module/reg_file_module/reg_memory[29][30]
 0.89  Total     13.440        15.17  Total    2       1       1 datapath_module/reg_file_module/reg_memory[29][29]
 1.12  Total     31.050        27.61  Total    8       1       1 datapath_module/reg_file_module/reg_memory[29][28]
 0.90  Total      9.700        10.79  Total    2       1       1 datapath_module/reg_file_module/reg_memory[29][27]
 0.93  Total      3.520         3.79  Total    8       1       1 datapath_module/reg_file_module/reg_memory[29][26]
 1.09  Total     34.115        31.37  Total    8       1       1 datapath_module/reg_file_module/reg_memory[29][25]
 0.99  Total     14.080        14.21  Total    8       1       1 datapath_module/reg_file_module/reg_memory[29][24]
 1.07  Total     47.700        44.63  Total   10       1       1 datapath_module/reg_file_module/reg_memory[29][23]
 0.83  Total      6.335         7.61  Total    4       1       1 datapath_module/reg_file_module/reg_memory[29][22]
 0.99  Total      3.340         3.39  Total    2       1       1 datapath_module/reg_file_module/reg_memory[29][21]
 0.76  Total      5.460         7.21  Total    2       1       1 datapath_module/reg_file_module/reg_memory[29][20]
 1.06  Total     42.280        40.05  Total    8       1       1 datapath_module/reg_file_module/reg_memory[29][19]
 0.76  Total      4.980         6.57  Total    2       1       1 datapath_module/reg_file_module/reg_memory[29][18]
 1.08  Total     35.380        32.79  Total    2       1       1 datapath_module/reg_file_module/reg_memory[29][17]
 1.18  Total      4.670         3.97  Total    2       1       1 datapath_module/reg_file_module/reg_memory[29][16]
 1.54  Total      5.220         3.39  Total    2       1       1 datapath_module/reg_file_module/reg_memory[29][15]
 0.99  Total      4.880         4.95  Total    2       1       1 datapath_module/reg_file_module/reg_memory[29][14]
 1.06  Total     16.110        15.21  Total    8       1       1 datapath_module/reg_file_module/reg_memory[29][13]
 1.02  Total     24.180        23.63  Total    2       1       1 datapath_module/reg_file_module/reg_memory[29][12]
 0.97  Total     14.920        15.39  Total    4       1       1 datapath_module/reg_file_module/reg_memory[29][11]
 1.14  Total     14.100        12.37  Total    2       1       1 datapath_module/reg_file_module/reg_memory[29][10]
 1.02  Total     11.365        11.19  Total    6       1       1 datapath_module/reg_file_module/reg_memory[29][9]
 1.00  Total     43.640        43.81  Total    8       1       1 datapath_module/reg_file_module/reg_memory[29][8]
 1.29  Total      7.195         5.59  Total    2       1       1 datapath_module/reg_file_module/reg_memory[29][7]
 1.01  Total     44.415        44.19  Total    6       1       1 datapath_module/reg_file_module/reg_memory[29][6]
 0.96  Total      9.040         9.41  Total    2       1       1 datapath_module/reg_file_module/reg_memory[29][5]
 1.05  Total     48.070        45.99  Total   10       1       1 datapath_module/reg_file_module/reg_memory[29][4]
 1.00  Total     15.205        15.21  Total    4       1       1 datapath_module/reg_file_module/reg_memory[29][3]
 0.83  Total      4.835         5.81  Total    2       1       1 datapath_module/reg_file_module/reg_memory[29][2]
 1.11  Total     15.335        13.77  Total    4       1       1 datapath_module/reg_file_module/reg_memory[29][1]
 0.93  Total     12.840        13.75  Total    8       1       1 datapath_module/reg_file_module/reg_memory[29][0]
 1.02  Total     81.805        80.57  Total    8       1       1 datapath_module/reg_file_module/reg_memory[7][31]
 0.78  Total      4.515         5.79  Total    2       1       1 datapath_module/reg_file_module/reg_memory[7][30]
 1.02  Total      9.650         9.43  Total    4       1       1 datapath_module/reg_file_module/reg_memory[7][29]
 0.79  Total      4.880         6.19  Total    2       1       1 datapath_module/reg_file_module/reg_memory[7][28]
 1.04  Total      3.770         3.63  Total    2       1       1 datapath_module/reg_file_module/reg_memory[7][27]
 1.10  Total     13.850        12.57  Total    8       1       1 datapath_module/reg_file_module/reg_memory[7][26]
 0.96  Total      6.955         7.21  Total    2       1       1 datapath_module/reg_file_module/reg_memory[7][25]
 0.81  Total      3.610         4.43  Total    4       1       1 datapath_module/reg_file_module/reg_memory[7][24]
 1.14  Total      5.060         4.43  Total    4       1       1 datapath_module/reg_file_module/reg_memory[7][23]
 0.94  Total     10.390        11.03  Total    2       1       1 datapath_module/reg_file_module/reg_memory[7][22]
 1.00  Total     22.960        23.03  Total    8       1       1 datapath_module/reg_file_module/reg_memory[7][21]
 1.04  Total     17.240        16.55  Total    8       1       1 datapath_module/reg_file_module/reg_memory[7][20]
 0.87  Total      5.040         5.79  Total    2       1       1 datapath_module/reg_file_module/reg_memory[7][19]
 0.89  Total      9.040        10.15  Total    2       1       1 datapath_module/reg_file_module/reg_memory[7][18]
 1.08  Total      7.835         7.25  Total    2       1       1 datapath_module/reg_file_module/reg_memory[7][17]
 1.22  Total      3.400         2.79  Total    4       1       1 datapath_module/reg_file_module/reg_memory[7][16]
 0.86  Total      5.320         6.17  Total    2       1       1 datapath_module/reg_file_module/reg_memory[7][15]
 1.01  Total      3.880         3.83  Total    2       1       1 datapath_module/reg_file_module/reg_memory[7][14]
 0.86  Total      3.440         3.99  Total    8       1       1 datapath_module/reg_file_module/reg_memory[7][13]
 0.99  Total      6.700         6.77  Total    2       1       1 datapath_module/reg_file_module/reg_memory[7][12]
 1.06  Total      4.020         3.79  Total    2       1       1 datapath_module/reg_file_module/reg_memory[7][11]
 1.07  Total     10.310         9.63  Total    4       1       1 datapath_module/reg_file_module/reg_memory[7][10]
 0.96  Total     21.540        22.41  Total    2       1       1 datapath_module/reg_file_module/reg_memory[7][9]
 1.30  Total      6.155         4.75  Total    8       1       1 datapath_module/reg_file_module/reg_memory[7][8]
 0.87  Total      5.895         6.77  Total    6       1       1 datapath_module/reg_file_module/reg_memory[7][7]
 1.00  Total     18.320        18.39  Total    6       1       1 datapath_module/reg_file_module/reg_memory[7][6]
 0.92  Total     16.400        17.77  Total    4       1       1 datapath_module/reg_file_module/reg_memory[7][5]
 0.79  Total      5.800         7.37  Total    4       1       1 datapath_module/reg_file_module/reg_memory[7][4]
 1.24  Total      5.460         4.41  Total    2       1       1 datapath_module/reg_file_module/reg_memory[7][3]
 0.84  Total      6.885         8.19  Total    2       1       1 datapath_module/reg_file_module/reg_memory[7][2]
 1.06  Total      4.850         4.59  Total    2       1       1 datapath_module/reg_file_module/reg_memory[7][1]
 1.20  Total      8.435         7.01  Total    2       1       1 datapath_module/reg_file_module/reg_memory[7][0]
 0.88  Total      8.620         9.79  Total    2       1       1 datapath_module/reg_file_module/reg_memory[11][31]
 1.09  Total     32.500        29.77  Total    4       1       1 datapath_module/reg_file_module/reg_memory[11][30]
 0.98  Total     10.620        10.81  Total    2       1       1 datapath_module/reg_file_module/reg_memory[11][29]
 1.28  Total     19.445        15.19  Total    2       1       1 datapath_module/reg_file_module/reg_memory[11][28]
 1.03  Total     16.040        15.59  Total    2       1       1 datapath_module/reg_file_module/reg_memory[11][27]
 1.10  Total      5.930         5.41  Total    4       1       1 datapath_module/reg_file_module/reg_memory[11][26]
 1.08  Total     24.860        23.05  Total   10       1       1 datapath_module/reg_file_module/reg_memory[11][25]
 0.76  Total      5.310         7.01  Total    2       1       1 datapath_module/reg_file_module/reg_memory[11][24]
 1.10  Total     33.460        30.37  Total    8       1       1 datapath_module/reg_file_module/reg_memory[11][23]
 1.00  Total     10.800        10.81  Total    4       1       1 datapath_module/reg_file_module/reg_memory[11][22]
 0.77  Total      3.800         4.95  Total    2       1       1 datapath_module/reg_file_module/reg_memory[11][21]
 0.97  Total      9.435         9.77  Total    4       1       1 datapath_module/reg_file_module/reg_memory[11][20]
 1.07  Total     46.190        43.17  Total    8       1       1 datapath_module/reg_file_module/reg_memory[11][19]
 0.99  Total      9.960        10.03  Total    2       1       1 datapath_module/reg_file_module/reg_memory[11][18]
 1.01  Total     39.520        39.01  Total   10       1       1 datapath_module/reg_file_module/reg_memory[11][17]
 0.91  Total      4.710         5.17  Total    2       1       1 datapath_module/reg_file_module/reg_memory[11][16]
 1.11  Total     12.610        11.39  Total    8       1       1 datapath_module/reg_file_module/reg_memory[11][15]
 0.88  Total      6.890         7.81  Total    2       1       1 datapath_module/reg_file_module/reg_memory[11][14]
 0.96  Total     16.540        17.21  Total    8       1       1 datapath_module/reg_file_module/reg_memory[11][13]
 1.04  Total      5.630         5.41  Total    2       1       1 datapath_module/reg_file_module/reg_memory[11][12]
 1.11  Total     55.015        49.39  Total    8       1       1 datapath_module/reg_file_module/reg_memory[11][11]
 1.23  Total     11.075         9.01  Total    4       1       1 datapath_module/reg_file_module/reg_memory[11][10]
 1.03  Total     23.235        22.45  Total    4       1       1 datapath_module/reg_file_module/reg_memory[11][9]
 0.96  Total     17.470        18.15  Total    4       1       1 datapath_module/reg_file_module/reg_memory[11][8]
 1.07  Total      4.530         4.23  Total    4       1       1 datapath_module/reg_file_module/reg_memory[11][7]
 1.03  Total     25.990        25.19  Total   10       1       1 datapath_module/reg_file_module/reg_memory[11][6]
 1.04  Total     14.140        13.59  Total    2       1       1 datapath_module/reg_file_module/reg_memory[11][5]
 1.08  Total     44.320        41.01  Total    6       1       1 datapath_module/reg_file_module/reg_memory[11][4]
 0.98  Total     15.260        15.59  Total    4       1       1 datapath_module/reg_file_module/reg_memory[11][3]
 0.88  Total     12.005        13.57  Total    4       1       1 datapath_module/reg_file_module/reg_memory[11][2]
 0.74  Total      3.220         4.35  Total    2       1       1 datapath_module/reg_file_module/reg_memory[11][1]
 1.02  Total     11.350        11.17  Total    8       1       1 datapath_module/reg_file_module/reg_memory[11][0]
 1.07  Total     52.560        49.17  Total   10       1       1 datapath_module/reg_file_module/reg_memory[9][31]
 1.02  Total      7.980         7.81  Total    2       1       1 datapath_module/reg_file_module/reg_memory[9][30]
 1.00  Total     27.890        27.81  Total    6       1       1 datapath_module/reg_file_module/reg_memory[9][29]
 0.99  Total     18.145        18.37  Total    2       1       1 datapath_module/reg_file_module/reg_memory[9][28]
 0.94  Total      8.240         8.79  Total    8       1       1 datapath_module/reg_file_module/reg_memory[9][27]
 0.78  Total      5.310         6.83  Total    2       1       1 datapath_module/reg_file_module/reg_memory[9][26]
 0.98  Total     39.970        40.61  Total    8       1       1 datapath_module/reg_file_module/reg_memory[9][25]
 1.09  Total     16.325        14.97  Total    4       1       1 datapath_module/reg_file_module/reg_memory[9][24]
 1.07  Total     23.760        22.21  Total    2       1       1 datapath_module/reg_file_module/reg_memory[9][23]
 0.78  Total      5.130         6.57  Total    4       1       1 datapath_module/reg_file_module/reg_memory[9][22]
 0.97  Total     10.670        10.97  Total    2       1       1 datapath_module/reg_file_module/reg_memory[9][21]
 1.00  Total      2.000         2.01  Total    2       1       1 datapath_module/reg_file_module/reg_memory[9][20]
 1.05  Total     51.935        49.43  Total    8       1       1 datapath_module/reg_file_module/reg_memory[9][19]
 1.49  Total      6.010         4.03  Total    2       1       1 datapath_module/reg_file_module/reg_memory[9][18]
 1.03  Total     16.880        16.37  Total    2       1       1 datapath_module/reg_file_module/reg_memory[9][17]
 1.05  Total     23.850        22.81  Total    2       1       1 datapath_module/reg_file_module/reg_memory[9][16]
 1.28  Total     10.240         8.01  Total    2       1       1 datapath_module/reg_file_module/reg_memory[9][15]
 0.97  Total      9.505         9.77  Total    8       1       1 datapath_module/reg_file_module/reg_memory[9][14]
 0.91  Total      2.710         2.99  Total    2       1       1 datapath_module/reg_file_module/reg_memory[9][13]
 0.98  Total     29.140        29.59  Total    8       1       1 datapath_module/reg_file_module/reg_memory[9][12]
 1.00  Total     21.510        21.61  Total    6       1       1 datapath_module/reg_file_module/reg_memory[9][11]
 1.03  Total     11.040        10.77  Total    2       1       1 datapath_module/reg_file_module/reg_memory[9][10]
 0.76  Total      5.040         6.61  Total    2       1       1 datapath_module/reg_file_module/reg_memory[9][9]
 1.06  Total     12.890        12.21  Total    2       1       1 datapath_module/reg_file_module/reg_memory[9][8]
 1.15  Total     26.295        22.77  Total    8       1       1 datapath_module/reg_file_module/reg_memory[9][7]
 1.02  Total     21.360        20.97  Total    8       1       1 datapath_module/reg_file_module/reg_memory[9][6]
 1.03  Total     26.950        26.23  Total    2       1       1 datapath_module/reg_file_module/reg_memory[9][5]
 0.95  Total     17.295        18.21  Total    2       1       1 datapath_module/reg_file_module/reg_memory[9][4]
 0.96  Total     19.340        20.19  Total    8       1       1 datapath_module/reg_file_module/reg_memory[9][3]
 1.09  Total      9.100         8.37  Total    4       1       1 datapath_module/reg_file_module/reg_memory[9][2]
 1.18  Total      6.350         5.39  Total    2       1       1 datapath_module/reg_file_module/reg_memory[9][1]
 1.08  Total     24.370        22.61  Total    8       1       1 datapath_module/reg_file_module/reg_memory[9][0]
 0.99  Total     49.685        49.95  Total   12       1       1 datapath_module/reg_file_module/reg_memory[16][31]
 0.91  Total     15.140        16.63  Total    4       1       1 datapath_module/reg_file_module/reg_memory[16][30]
 1.03  Total      9.820         9.57  Total    2       1       1 datapath_module/reg_file_module/reg_memory[16][29]
 1.05  Total      6.100         5.79  Total    2       1       1 datapath_module/reg_file_module/reg_memory[16][28]
 0.87  Total     10.020        11.57  Total    4       1       1 datapath_module/reg_file_module/reg_memory[16][27]
 0.96  Total     17.775        18.61  Total    8       1       1 datapath_module/reg_file_module/reg_memory[16][26]
 0.69  Total      3.970         5.77  Total    2       1       1 datapath_module/reg_file_module/reg_memory[16][25]
 1.08  Total     10.550         9.79  Total    2       1       1 datapath_module/reg_file_module/reg_memory[16][24]
 1.07  Total     13.035        12.19  Total    2       1       1 datapath_module/reg_file_module/reg_memory[16][23]
 1.16  Total     17.690        15.19  Total    6       1       1 datapath_module/reg_file_module/reg_memory[16][22]
 0.99  Total      6.300         6.37  Total    2       1       1 datapath_module/reg_file_module/reg_memory[16][21]
 1.02  Total     27.765        27.21  Total    8       1       1 datapath_module/reg_file_module/reg_memory[16][20]
 1.08  Total      7.965         7.37  Total    4       1       1 datapath_module/reg_file_module/reg_memory[16][19]
 1.30  Total      5.770         4.43  Total    2       1       1 datapath_module/reg_file_module/reg_memory[16][18]
 1.06  Total     12.785        12.01  Total    2       1       1 datapath_module/reg_file_module/reg_memory[16][17]
 1.10  Total      4.865         4.43  Total    2       1       1 datapath_module/reg_file_module/reg_memory[16][16]
 1.01  Total      7.270         7.21  Total    2       1       1 datapath_module/reg_file_module/reg_memory[16][15]
 0.99  Total     19.320        19.59  Total    6       1       1 datapath_module/reg_file_module/reg_memory[16][14]
 1.32  Total      5.580         4.23  Total    2       1       1 datapath_module/reg_file_module/reg_memory[16][13]
 1.00  Total      9.400         9.39  Total    4       1       1 datapath_module/reg_file_module/reg_memory[16][12]
 0.86  Total      9.800        11.37  Total    2       1       1 datapath_module/reg_file_module/reg_memory[16][11]
 0.93  Total     10.220        10.95  Total    8       1       1 datapath_module/reg_file_module/reg_memory[16][10]
 1.00  Total     26.495        26.39  Total    6       1       1 datapath_module/reg_file_module/reg_memory[16][9]
 1.05  Total      7.370         7.01  Total    2       1       1 datapath_module/reg_file_module/reg_memory[16][8]
 1.05  Total     12.700        12.05  Total    4       1       1 datapath_module/reg_file_module/reg_memory[16][7]
 0.91  Total      5.080         5.59  Total    4       1       1 datapath_module/reg_file_module/reg_memory[16][6]
 0.91  Total     16.600        18.17  Total    4       1       1 datapath_module/reg_file_module/reg_memory[16][5]
 0.99  Total     10.850        11.01  Total    8       1       1 datapath_module/reg_file_module/reg_memory[16][4]
 0.89  Total      3.200         3.59  Total    4       1       1 datapath_module/reg_file_module/reg_memory[16][3]
 0.92  Total      4.580         4.99  Total    2       1       1 datapath_module/reg_file_module/reg_memory[16][2]
 1.02  Total     90.240        88.59  Total   15       1       2 datapath_module/reg_file_module/reg_memory[16][1]
 1.24  Total     16.690        13.45  Total    2       1       1 datapath_module/reg_file_module/reg_memory[16][0]
 1.01  Total     75.980        74.97  Total    8       1       1 datapath_module/reg_file_module/reg_memory[0][31]
 1.03  Total     15.475        14.99  Total    8       1       1 datapath_module/reg_file_module/reg_memory[0][30]
 1.00  Total     16.140        16.21  Total    2       1       1 datapath_module/reg_file_module/reg_memory[0][29]
 1.04  Total     19.440        18.63  Total    4       1       1 datapath_module/reg_file_module/reg_memory[0][28]
 1.24  Total     10.620         8.59  Total    4       1       1 datapath_module/reg_file_module/reg_memory[0][27]
 1.22  Total      8.520         7.01  Total    2       1       1 datapath_module/reg_file_module/reg_memory[0][26]
 0.91  Total     13.540        14.83  Total    2       1       1 datapath_module/reg_file_module/reg_memory[0][25]
 0.98  Total      7.240         7.37  Total    2       1       1 datapath_module/reg_file_module/reg_memory[0][24]
 1.21  Total     10.400         8.59  Total    8       1       1 datapath_module/reg_file_module/reg_memory[0][23]
 1.10  Total     19.220        17.41  Total    2       1       1 datapath_module/reg_file_module/reg_memory[0][22]
 1.18  Total     13.440        11.37  Total    8       1       1 datapath_module/reg_file_module/reg_memory[0][21]
 1.01  Total     53.470        52.79  Total   10       1       1 datapath_module/reg_file_module/reg_memory[0][20]
 1.14  Total     41.340        36.37  Total   10       1       1 datapath_module/reg_file_module/reg_memory[0][19]
 0.80  Total      4.460         5.59  Total    2       1       1 datapath_module/reg_file_module/reg_memory[0][18]
 1.05  Total     13.300        12.61  Total    2       1       1 datapath_module/reg_file_module/reg_memory[0][17]
 1.08  Total     27.545        25.43  Total    8       1       1 datapath_module/reg_file_module/reg_memory[0][16]
 0.95  Total     14.420        15.15  Total    2       1       1 datapath_module/reg_file_module/reg_memory[0][15]
 1.01  Total      3.650         3.63  Total    2       1       1 datapath_module/reg_file_module/reg_memory[0][14]
 0.95  Total     20.405        21.43  Total    6       1       1 datapath_module/reg_file_module/reg_memory[0][13]
 0.89  Total      6.570         7.41  Total    2       1       1 datapath_module/reg_file_module/reg_memory[0][12]
 0.98  Total     15.830        16.15  Total    8       1       1 datapath_module/reg_file_module/reg_memory[0][11]
 0.99  Total     24.540        24.79  Total    6       1       1 datapath_module/reg_file_module/reg_memory[0][10]
 1.17  Total      9.595         8.17  Total    4       1       1 datapath_module/reg_file_module/reg_memory[0][9]
 1.24  Total     15.900        12.83  Total    2       1       1 datapath_module/reg_file_module/reg_memory[0][8]
 0.92  Total     15.520        16.79  Total    2       1       1 datapath_module/reg_file_module/reg_memory[0][7]
 0.88  Total      7.900         8.99  Total    8       1       1 datapath_module/reg_file_module/reg_memory[0][6]
 1.08  Total     21.920        20.39  Total    8       1       1 datapath_module/reg_file_module/reg_memory[0][5]
 0.98  Total     30.835        31.39  Total    2       1       1 datapath_module/reg_file_module/reg_memory[0][4]
 0.86  Total      7.900         9.19  Total    2       1       1 datapath_module/reg_file_module/reg_memory[0][3]
 1.15  Total      9.195         7.97  Total    8       1       1 datapath_module/reg_file_module/reg_memory[0][2]
 1.04  Total      9.155         8.81  Total    4       1       1 datapath_module/reg_file_module/reg_memory[0][1]
 1.00  Total     42.575        42.39  Total    6       1       1 datapath_module/reg_file_module/reg_memory[0][0]
 1.06  Total     56.645        53.41  Total    8       1       1 datapath_module/reg_file_module/reg_memory[1][31]
 0.96  Total     10.120        10.59  Total    2       1       1 datapath_module/reg_file_module/reg_memory[1][30]
 0.94  Total      6.210         6.59  Total    2       1       1 datapath_module/reg_file_module/reg_memory[1][29]
 0.98  Total      5.850         5.99  Total    2       1       1 datapath_module/reg_file_module/reg_memory[1][28]
 1.11  Total      7.100         6.41  Total    2       1       1 datapath_module/reg_file_module/reg_memory[1][27]
 0.98  Total      8.570         8.77  Total    2       1       1 datapath_module/reg_file_module/reg_memory[1][26]
 0.90  Total      8.440         9.37  Total    2       1       1 datapath_module/reg_file_module/reg_memory[1][25]
 0.84  Total      7.025         8.39  Total    4       1       1 datapath_module/reg_file_module/reg_memory[1][24]
 1.26  Total     10.040         7.99  Total    2       1       1 datapath_module/reg_file_module/reg_memory[1][23]
 1.01  Total      4.465         4.43  Total    2       1       1 datapath_module/reg_file_module/reg_memory[1][22]
 0.95  Total     13.275        13.99  Total    6       1       1 datapath_module/reg_file_module/reg_memory[1][21]
 1.14  Total     23.890        20.99  Total    4       1       1 datapath_module/reg_file_module/reg_memory[1][20]
 0.95  Total     13.450        14.19  Total    2       1       1 datapath_module/reg_file_module/reg_memory[1][19]
 0.97  Total     16.215        16.79  Total    8       1       1 datapath_module/reg_file_module/reg_memory[1][18]
 0.89  Total      6.930         7.81  Total    2       1       1 datapath_module/reg_file_module/reg_memory[1][17]
 1.21  Total      5.360         4.43  Total    2       1       1 datapath_module/reg_file_module/reg_memory[1][16]
 1.05  Total      6.760         6.41  Total    2       1       1 datapath_module/reg_file_module/reg_memory[1][15]
 1.13  Total      9.045         7.99  Total    8       1       1 datapath_module/reg_file_module/reg_memory[1][14]
 1.22  Total      9.515         7.81  Total    2       1       1 datapath_module/reg_file_module/reg_memory[1][13]
 1.06  Total     17.185        16.25  Total    8       1       1 datapath_module/reg_file_module/reg_memory[1][12]
 0.93  Total      3.340         3.59  Total    4       1       1 datapath_module/reg_file_module/reg_memory[1][11]
 0.93  Total      4.960         5.35  Total    4       1       1 datapath_module/reg_file_module/reg_memory[1][10]
 0.94  Total      8.975         9.59  Total    8       1       1 datapath_module/reg_file_module/reg_memory[1][9]
 0.97  Total     10.420        10.75  Total    4       1       1 datapath_module/reg_file_module/reg_memory[1][8]
 0.93  Total     13.340        14.39  Total    8       1       1 datapath_module/reg_file_module/reg_memory[1][7]
 0.91  Total     16.640        18.37  Total    8       1       1 datapath_module/reg_file_module/reg_memory[1][6]
 0.82  Total      4.910         5.97  Total    2       1       1 datapath_module/reg_file_module/reg_memory[1][5]
 0.96  Total      4.800         5.01  Total    2       1       1 datapath_module/reg_file_module/reg_memory[1][4]
 1.04  Total     23.960        22.99  Total    6       1       1 datapath_module/reg_file_module/reg_memory[1][3]
 0.87  Total      5.920         6.77  Total    2       1       1 datapath_module/reg_file_module/reg_memory[1][2]
 1.17  Total     12.140        10.35  Total    4       1       1 datapath_module/reg_file_module/reg_memory[1][1]
 0.78  Total      4.680         5.99  Total    2       1       1 datapath_module/reg_file_module/reg_memory[1][0]
 1.04  Total     43.050        41.45  Total    8       1       1 datapath_module/reg_file_module/reg_memory[21][31]
 1.02  Total      8.150         8.01  Total    6       1       1 datapath_module/reg_file_module/reg_memory[21][30]
 0.56  Total      2.220         3.97  Total    2       1       1 datapath_module/reg_file_module/reg_memory[21][29]
 0.96  Total      7.450         7.79  Total    2       1       1 datapath_module/reg_file_module/reg_memory[21][28]
 1.31  Total      3.930         2.99  Total    2       1       1 datapath_module/reg_file_module/reg_memory[21][27]
 0.95  Total     11.795        12.43  Total    4       1       1 datapath_module/reg_file_module/reg_memory[21][26]
 0.89  Total      3.200         3.59  Total    2       1       1 datapath_module/reg_file_module/reg_memory[21][25]
 1.00  Total      8.590         8.63  Total    2       1       1 datapath_module/reg_file_module/reg_memory[21][24]
 1.15  Total      9.630         8.39  Total    8       1       1 datapath_module/reg_file_module/reg_memory[21][23]
 1.00  Total      8.130         8.17  Total    2       1       1 datapath_module/reg_file_module/reg_memory[21][22]
 0.90  Total      5.780         6.43  Total    2       1       1 datapath_module/reg_file_module/reg_memory[21][21]
 0.97  Total      9.830        10.17  Total    4       1       1 datapath_module/reg_file_module/reg_memory[21][20]
 0.99  Total     10.160        10.23  Total    2       1       1 datapath_module/reg_file_module/reg_memory[21][19]
 0.73  Total      4.695         6.41  Total    2       1       1 datapath_module/reg_file_module/reg_memory[21][18]
 1.03  Total     16.890        16.39  Total    4       1       1 datapath_module/reg_file_module/reg_memory[21][17]
 0.69  Total      3.820         5.57  Total    2       1       1 datapath_module/reg_file_module/reg_memory[21][16]
 1.03  Total      7.050         6.83  Total    2       1       1 datapath_module/reg_file_module/reg_memory[21][15]
 1.10  Total      5.320         4.83  Total    2       1       1 datapath_module/reg_file_module/reg_memory[21][14]
 0.83  Total      1.860         2.25  Total    2       1       1 datapath_module/reg_file_module/reg_memory[21][13]
 1.10  Total     25.755        23.43  Total    6       1       1 datapath_module/reg_file_module/reg_memory[21][12]
 1.05  Total      4.400         4.19  Total    2       1       1 datapath_module/reg_file_module/reg_memory[21][11]
 0.94  Total      7.510         8.03  Total    2       1       1 datapath_module/reg_file_module/reg_memory[21][10]
 1.07  Total     13.070        12.23  Total    6       1       1 datapath_module/reg_file_module/reg_memory[21][9]
 1.06  Total      8.200         7.77  Total    4       1       1 datapath_module/reg_file_module/reg_memory[21][8]
 0.71  Total      4.260         6.01  Total    2       1       1 datapath_module/reg_file_module/reg_memory[21][7]
 1.00  Total     35.675        35.79  Total    8       1       1 datapath_module/reg_file_module/reg_memory[21][6]
 0.91  Total     18.320        20.21  Total    2       1       1 datapath_module/reg_file_module/reg_memory[21][5]
 0.73  Total      4.800         6.57  Total    2       1       1 datapath_module/reg_file_module/reg_memory[21][4]
 0.99  Total      5.920         6.01  Total    2       1       1 datapath_module/reg_file_module/reg_memory[21][3]
 0.91  Total     16.380        17.97  Total    4       1       1 datapath_module/reg_file_module/reg_memory[21][2]
 0.92  Total      9.350        10.21  Total    2       1       1 datapath_module/reg_file_module/reg_memory[21][1]
 1.04  Total     13.275        12.81  Total    4       1       1 datapath_module/reg_file_module/reg_memory[21][0]
 0.95  Total      8.690         9.19  Total    2       1       1 datapath_module/reg_file_module/reg_memory[8][31]
 1.06  Total     13.735        12.99  Total    8       1       1 datapath_module/reg_file_module/reg_memory[8][30]
 1.14  Total     25.850        22.61  Total    4       1       1 datapath_module/reg_file_module/reg_memory[8][29]
 1.01  Total     17.730        17.59  Total    4       1       1 datapath_module/reg_file_module/reg_memory[8][28]
 0.74  Total      5.515         7.41  Total    2       1       1 datapath_module/reg_file_module/reg_memory[8][27]
 0.98  Total     12.765        12.97  Total    4       1       1 datapath_module/reg_file_module/reg_memory[8][26]
 1.01  Total     39.240        39.03  Total    8       1       1 datapath_module/reg_file_module/reg_memory[8][25]
 1.32  Total      5.260         3.99  Total    8       1       1 datapath_module/reg_file_module/reg_memory[8][24]
 1.11  Total     20.340        18.39  Total    2       1       1 datapath_module/reg_file_module/reg_memory[8][23]
 1.02  Total     40.470        39.79  Total    6       1       1 datapath_module/reg_file_module/reg_memory[8][22]
 0.77  Total      3.820         4.95  Total    2       1       1 datapath_module/reg_file_module/reg_memory[8][21]
 1.14  Total     45.880        40.39  Total    8       1       1 datapath_module/reg_file_module/reg_memory[8][20]
 1.07  Total     44.815        41.79  Total   12       1       1 datapath_module/reg_file_module/reg_memory[8][19]
 1.42  Total      6.845         4.83  Total    2       1       1 datapath_module/reg_file_module/reg_memory[8][18]
 0.86  Total      4.470         5.19  Total    2       1       1 datapath_module/reg_file_module/reg_memory[8][17]
 1.05  Total     13.640        12.99  Total    2       1       1 datapath_module/reg_file_module/reg_memory[8][16]
 1.13  Total     24.930        22.01  Total    2       1       1 datapath_module/reg_file_module/reg_memory[8][15]
 1.03  Total     15.610        15.17  Total    8       1       1 datapath_module/reg_file_module/reg_memory[8][14]
 1.02  Total      5.970         5.83  Total    2       1       1 datapath_module/reg_file_module/reg_memory[8][13]
 1.18  Total     12.965        10.97  Total    4       1       1 datapath_module/reg_file_module/reg_memory[8][12]
 1.07  Total     41.690        38.79  Total   10       1       1 datapath_module/reg_file_module/reg_memory[8][11]
 1.08  Total      8.420         7.77  Total    4       1       1 datapath_module/reg_file_module/reg_memory[8][10]
 1.02  Total     16.755        16.41  Total    4       1       1 datapath_module/reg_file_module/reg_memory[8][9]
 0.98  Total     20.120        20.55  Total    6       1       1 datapath_module/reg_file_module/reg_memory[8][8]
 0.85  Total      3.400         3.99  Total    2       1       1 datapath_module/reg_file_module/reg_memory[8][7]
 1.34  Total     13.690        10.21  Total    2       1       1 datapath_module/reg_file_module/reg_memory[8][6]
 0.98  Total     34.710        35.59  Total    6       1       1 datapath_module/reg_file_module/reg_memory[8][5]
 0.98  Total      8.460         8.61  Total    2       1       1 datapath_module/reg_file_module/reg_memory[8][4]
 1.07  Total     12.830        12.01  Total    2       1       1 datapath_module/reg_file_module/reg_memory[8][3]
 1.07  Total      8.120         7.57  Total    4       1       1 datapath_module/reg_file_module/reg_memory[8][2]
 0.84  Total      4.860         5.79  Total    4       1       1 datapath_module/reg_file_module/reg_memory[8][1]
 0.97  Total     28.075        28.99  Total    6       1       1 datapath_module/reg_file_module/reg_memory[8][0]
 0.95  Total     30.860        32.43  Total   10       1       1 datapath_module/reg_file_module/reg_memory[25][31]
 0.81  Total      4.710         5.79  Total    2       1       1 datapath_module/reg_file_module/reg_memory[25][30]
 1.10  Total      8.120         7.41  Total    2       1       1 datapath_module/reg_file_module/reg_memory[25][29]
 1.12  Total     25.340        22.61  Total    6       1       1 datapath_module/reg_file_module/reg_memory[25][28]
 1.03  Total     12.190        11.85  Total    4       1       1 datapath_module/reg_file_module/reg_memory[25][27]
 0.97  Total     11.955        12.37  Total    8       1       1 datapath_module/reg_file_module/reg_memory[25][26]
 1.35  Total     10.475         7.77  Total    4       1       1 datapath_module/reg_file_module/reg_memory[25][25]
 1.15  Total      8.040         7.01  Total    2       1       1 datapath_module/reg_file_module/reg_memory[25][24]
 0.93  Total      9.420        10.15  Total    2       1       1 datapath_module/reg_file_module/reg_memory[25][23]
 1.00  Total     11.560        11.57  Total    2       1       1 datapath_module/reg_file_module/reg_memory[25][22]
 0.82  Total      6.425         7.81  Total    4       1       1 datapath_module/reg_file_module/reg_memory[25][21]
 1.00  Total     34.880        34.77  Total    4       1       1 datapath_module/reg_file_module/reg_memory[25][20]
 1.06  Total     39.890        37.61  Total    2       1       1 datapath_module/reg_file_module/reg_memory[25][19]
 1.01  Total      4.280         4.23  Total    2       1       1 datapath_module/reg_file_module/reg_memory[25][18]
 5.72  Total     41.220         7.21  Total    2       1       1 datapath_module/reg_file_module/reg_memory[25][17]
 1.08  Total     12.520        11.61  Total    2       1       1 datapath_module/reg_file_module/reg_memory[25][16]
 1.01  Total     18.020        17.79  Total    2       1       1 datapath_module/reg_file_module/reg_memory[25][15]
 1.11  Total      9.250         8.37  Total    4       1       1 datapath_module/reg_file_module/reg_memory[25][14]
 0.93  Total     16.125        17.41  Total    8       1       1 datapath_module/reg_file_module/reg_memory[25][13]
 1.00  Total     21.230        21.19  Total    8       1       1 datapath_module/reg_file_module/reg_memory[25][12]
 1.01  Total      4.680         4.63  Total    2       1       1 datapath_module/reg_file_module/reg_memory[25][11]
 0.81  Total      3.380         4.15  Total    4       1       1 datapath_module/reg_file_module/reg_memory[25][10]
 1.05  Total     19.260        18.39  Total    8       1       1 datapath_module/reg_file_module/reg_memory[25][9]
 1.00  Total     10.105        10.15  Total    4       1       1 datapath_module/reg_file_module/reg_memory[25][8]
 0.86  Total      7.920         9.19  Total    4       1       1 datapath_module/reg_file_module/reg_memory[25][7]
 1.06  Total      8.510         8.01  Total    8       1       1 datapath_module/reg_file_module/reg_memory[25][6]
 1.05  Total    191.915       183.32  Total   15       1       2 datapath_module/reg_file_module/reg_memory[25][5]
 0.76  Total      5.000         6.57  Total    4       1       1 datapath_module/reg_file_module/reg_memory[25][4]
 0.97  Total     21.970        22.57  Total    8       1       1 datapath_module/reg_file_module/reg_memory[25][3]
 1.01  Total      4.280         4.23  Total    2       1       1 datapath_module/reg_file_module/reg_memory[25][2]
 1.09  Total     19.560        18.01  Total   10       1       1 datapath_module/reg_file_module/reg_memory[25][1]
 0.88  Total     11.510        13.03  Total    2       1       1 datapath_module/reg_file_module/reg_memory[25][0]
 1.03  Total     49.340        47.81  Total    8       1       1 datapath_module/reg_file_module/reg_memory[14][31]
 1.75  Total      9.705         5.55  Total    8       1       1 datapath_module/reg_file_module/reg_memory[14][30]
 0.91  Total      6.400         7.01  Total    2       1       1 datapath_module/reg_file_module/reg_memory[14][29]
 0.75  Total      4.800         6.37  Total    4       1       1 datapath_module/reg_file_module/reg_memory[14][28]
 0.95  Total     11.690        12.37  Total    8       1       1 datapath_module/reg_file_module/reg_memory[14][27]
 0.93  Total     11.850        12.81  Total    4       1       1 datapath_module/reg_file_module/reg_memory[14][26]
 0.99  Total     17.670        17.79  Total    8       1       1 datapath_module/reg_file_module/reg_memory[14][25]
 1.05  Total      5.490         5.21  Total    2       1       1 datapath_module/reg_file_module/reg_memory[14][24]
 1.10  Total      8.300         7.57  Total    8       1       1 datapath_module/reg_file_module/reg_memory[14][23]
 0.77  Total      5.845         7.61  Total    2       1       1 datapath_module/reg_file_module/reg_memory[14][22]
 0.99  Total      5.800         5.85  Total    4       1       1 datapath_module/reg_file_module/reg_memory[14][21]
 1.05  Total     11.350        10.85  Total    8       1       1 datapath_module/reg_file_module/reg_memory[14][20]
 1.10  Total      5.740         5.21  Total    2       1       1 datapath_module/reg_file_module/reg_memory[14][19]
 0.93  Total     11.920        12.77  Total    2       1       1 datapath_module/reg_file_module/reg_memory[14][18]
 1.04  Total      4.000         3.83  Total    2       1       1 datapath_module/reg_file_module/reg_memory[14][17]
 0.91  Total      3.260         3.59  Total    4       1       1 datapath_module/reg_file_module/reg_memory[14][16]
 1.11  Total      3.970         3.59  Total    2       1       1 datapath_module/reg_file_module/reg_memory[14][15]
 1.01  Total     18.490        18.39  Total    2       1       1 datapath_module/reg_file_module/reg_memory[14][14]
 1.01  Total     11.075        10.95  Total    8       1       1 datapath_module/reg_file_module/reg_memory[14][13]
 1.04  Total     10.400        10.01  Total    8       1       1 datapath_module/reg_file_module/reg_memory[14][12]
 0.87  Total     10.600        12.17  Total    8       1       1 datapath_module/reg_file_module/reg_memory[14][11]
 0.98  Total     25.360        25.83  Total    4       1       1 datapath_module/reg_file_module/reg_memory[14][10]
 1.03  Total      6.150         5.97  Total    2       1       1 datapath_module/reg_file_module/reg_memory[14][9]
 0.96  Total      4.600         4.81  Total    2       1       1 datapath_module/reg_file_module/reg_memory[14][8]
 0.98  Total      9.750         9.95  Total    8       1       1 datapath_module/reg_file_module/reg_memory[14][7]
 1.00  Total     25.460        25.35  Total   12       1       1 datapath_module/reg_file_module/reg_memory[14][6]
 0.97  Total      6.195         6.39  Total    2       1       1 datapath_module/reg_file_module/reg_memory[14][5]
 0.94  Total      6.080         6.45  Total    2       1       1 datapath_module/reg_file_module/reg_memory[14][4]
 0.92  Total      2.920         3.19  Total    4       1       1 datapath_module/reg_file_module/reg_memory[14][3]
 0.94  Total      8.860         9.39  Total    8       1       1 datapath_module/reg_file_module/reg_memory[14][2]
 1.08  Total      6.780         6.25  Total    2       1       1 datapath_module/reg_file_module/reg_memory[14][1]
 0.78  Total      5.310         6.77  Total    2       1       1 datapath_module/reg_file_module/reg_memory[14][0]
 1.07  Total     14.090        13.23  Total    8       1       1 datapath_module/reg_file_module/reg_memory[20][31]
 0.80  Total      3.045         3.79  Total    4       1       1 datapath_module/reg_file_module/reg_memory[20][30]
 1.09  Total      9.860         9.03  Total    4       1       1 datapath_module/reg_file_module/reg_memory[20][29]
 1.13  Total     21.515        19.01  Total   10       1       1 datapath_module/reg_file_module/reg_memory[20][28]
 1.03  Total     23.145        22.57  Total    8       1       1 datapath_module/reg_file_module/reg_memory[20][27]
 1.09  Total      6.530         5.99  Total    6       1       1 datapath_module/reg_file_module/reg_memory[20][26]
 0.90  Total      8.615         9.59  Total    2       1       1 datapath_module/reg_file_module/reg_memory[20][25]
 1.09  Total     11.810        10.83  Total    4       1       1 datapath_module/reg_file_module/reg_memory[20][24]
 1.03  Total     21.685        21.15  Total    4       1       1 datapath_module/reg_file_module/reg_memory[20][23]
 1.07  Total      3.200         2.99  Total    8       1       1 datapath_module/reg_file_module/reg_memory[20][22]
 0.81  Total      5.845         7.21  Total    2       1       1 datapath_module/reg_file_module/reg_memory[20][21]
 1.05  Total      8.620         8.19  Total    2       1       1 datapath_module/reg_file_module/reg_memory[20][20]
 0.98  Total      6.620         6.77  Total    2       1       1 datapath_module/reg_file_module/reg_memory[20][19]
 1.34  Total     10.160         7.57  Total    8       1       1 datapath_module/reg_file_module/reg_memory[20][18]
 1.20  Total     10.360         8.61  Total    4       1       1 datapath_module/reg_file_module/reg_memory[20][17]
 0.99  Total      7.910         8.01  Total    2       1       1 datapath_module/reg_file_module/reg_memory[20][16]
 1.10  Total      3.560         3.23  Total    2       1       1 datapath_module/reg_file_module/reg_memory[20][15]
 0.93  Total      7.040         7.59  Total    2       1       1 datapath_module/reg_file_module/reg_memory[20][14]
 1.16  Total     23.740        20.41  Total    8       1       1 datapath_module/reg_file_module/reg_memory[20][13]
 0.86  Total     10.840        12.57  Total    2       1       1 datapath_module/reg_file_module/reg_memory[20][12]
 0.98  Total     10.420        10.61  Total    2       1       1 datapath_module/reg_file_module/reg_memory[20][11]
 0.96  Total      5.800         6.05  Total    2       1       1 datapath_module/reg_file_module/reg_memory[20][10]
 0.78  Total      5.410         6.97  Total    2       1       1 datapath_module/reg_file_module/reg_memory[20][9]
 1.28  Total      9.655         7.57  Total    4       1       1 datapath_module/reg_file_module/reg_memory[20][8]
 0.99  Total      4.980         5.01  Total    2       1       1 datapath_module/reg_file_module/reg_memory[20][7]
 1.31  Total     14.660        11.21  Total    2       1       1 datapath_module/reg_file_module/reg_memory[20][6]
 0.98  Total      9.370         9.59  Total    4       1       1 datapath_module/reg_file_module/reg_memory[20][5]
 0.94  Total      9.210         9.79  Total    4       1       1 datapath_module/reg_file_module/reg_memory[20][4]
 1.04  Total      2.315         2.23  Total    2       1       1 datapath_module/reg_file_module/reg_memory[20][3]
 0.97  Total      8.300         8.59  Total    2       1       1 datapath_module/reg_file_module/reg_memory[20][2]
 1.10  Total     16.520        15.03  Total    8       1       1 datapath_module/reg_file_module/reg_memory[20][1]
 1.05  Total     11.520        10.95  Total    8       1       1 datapath_module/reg_file_module/reg_memory[20][0]
 1.02  Total     40.320        39.65  Total    6       1       1 datapath_module/reg_file_module/reg_memory[24][31]
 1.02  Total     10.585        10.39  Total    2       1       1 datapath_module/reg_file_module/reg_memory[24][30]
 1.26  Total      5.320         4.21  Total    4       1       1 datapath_module/reg_file_module/reg_memory[24][29]
 0.71  Total      4.220         5.97  Total    2       1       1 datapath_module/reg_file_module/reg_memory[24][28]
 0.99  Total      9.060         9.19  Total    2       1       1 datapath_module/reg_file_module/reg_memory[24][27]
 0.83  Total      6.300         7.59  Total    2       1       1 datapath_module/reg_file_module/reg_memory[24][26]
 0.77  Total      2.470         3.19  Total    4       1       1 datapath_module/reg_file_module/reg_memory[24][25]
 0.74  Total      3.680         4.99  Total    2       1       1 datapath_module/reg_file_module/reg_memory[24][24]
 1.01  Total     33.850        33.39  Total    8       1       1 datapath_module/reg_file_module/reg_memory[24][23]
 1.07  Total      9.180         8.59  Total    2       1       1 datapath_module/reg_file_module/reg_memory[24][22]
 0.94  Total      7.720         8.19  Total    2       1       1 datapath_module/reg_file_module/reg_memory[24][21]
 1.07  Total      3.200         2.99  Total    2       1       1 datapath_module/reg_file_module/reg_memory[24][20]
 1.45  Total      7.200         4.95  Total    4       1       1 datapath_module/reg_file_module/reg_memory[24][19]
 0.76  Total      4.980         6.57  Total    2       1       1 datapath_module/reg_file_module/reg_memory[24][18]
 0.89  Total      3.180         3.59  Total    4       1       1 datapath_module/reg_file_module/reg_memory[24][17]
 1.27  Total      8.320         6.57  Total    4       1       1 datapath_module/reg_file_module/reg_memory[24][16]
 1.07  Total     13.080        12.17  Total    4       1       1 datapath_module/reg_file_module/reg_memory[24][15]
 1.46  Total      6.460         4.43  Total    2       1       1 datapath_module/reg_file_module/reg_memory[24][14]
 1.25  Total      7.010         5.61  Total    8       1       1 datapath_module/reg_file_module/reg_memory[24][13]
 0.93  Total      7.775         8.39  Total    2       1       1 datapath_module/reg_file_module/reg_memory[24][12]
 1.10  Total     19.240        17.57  Total    6       1       1 datapath_module/reg_file_module/reg_memory[24][11]
 1.08  Total      7.520         6.97  Total    2       1       1 datapath_module/reg_file_module/reg_memory[24][10]
 1.04  Total     21.370        20.59  Total    4       1       1 datapath_module/reg_file_module/reg_memory[24][9]
 1.09  Total     10.240         9.39  Total    4       1       1 datapath_module/reg_file_module/reg_memory[24][8]
 1.01  Total     23.180        23.01  Total    2       1       1 datapath_module/reg_file_module/reg_memory[24][7]
 1.03  Total     68.040        65.97  Total    8       1       1 datapath_module/reg_file_module/reg_memory[24][6]
 0.92  Total      6.650         7.19  Total    2       1       1 datapath_module/reg_file_module/reg_memory[24][5]
 0.98  Total     28.700        29.23  Total    4       1       1 datapath_module/reg_file_module/reg_memory[24][4]
 0.95  Total      4.380         4.61  Total    2       1       1 datapath_module/reg_file_module/reg_memory[24][3]
 0.73  Total      4.625         6.37  Total    4       1       1 datapath_module/reg_file_module/reg_memory[24][2]
 1.91  Total      6.100         3.19  Total    4       1       1 datapath_module/reg_file_module/reg_memory[24][1]
 0.88  Total      5.810         6.57  Total    2       1       1 datapath_module/reg_file_module/reg_memory[24][0]
 1.02  Total     14.155        13.81  Total    2       1       1 datapath_module/reg_file_module/reg_memory[28][31]
 1.20  Total      9.800         8.17  Total    4       1       1 datapath_module/reg_file_module/reg_memory[28][30]
 1.07  Total     21.580        20.21  Total   10       1       1 datapath_module/reg_file_module/reg_memory[28][29]
 1.16  Total     18.770        16.21  Total    8       1       1 datapath_module/reg_file_module/reg_memory[28][28]
 1.06  Total     13.150        12.37  Total    4       1       1 datapath_module/reg_file_module/reg_memory[28][27]
 1.03  Total     20.770        20.19  Total    8       1       1 datapath_module/reg_file_module/reg_memory[28][26]
 1.12  Total     52.360        46.63  Total    8       1       1 datapath_module/reg_file_module/reg_memory[28][25]
 0.97  Total      9.170         9.41  Total    2       1       1 datapath_module/reg_file_module/reg_memory[28][24]
 1.00  Total     28.500        28.61  Total    8       1       1 datapath_module/reg_file_module/reg_memory[28][23]
 0.96  Total      8.080         8.39  Total    2       1       1 datapath_module/reg_file_module/reg_memory[28][22]
 0.73  Total      4.800         6.57  Total    2       1       1 datapath_module/reg_file_module/reg_memory[28][21]
 1.03  Total      7.630         7.41  Total    2       1       1 datapath_module/reg_file_module/reg_memory[28][20]
 1.09  Total     36.490        33.43  Total    2       1       1 datapath_module/reg_file_module/reg_memory[28][19]
 0.89  Total      4.315         4.83  Total    4       1       1 datapath_module/reg_file_module/reg_memory[28][18]
 1.02  Total     39.740        38.95  Total    4       1       1 datapath_module/reg_file_module/reg_memory[28][17]
 1.20  Total     36.260        30.21  Total    6       1       1 datapath_module/reg_file_module/reg_memory[28][16]
 1.09  Total      9.845         9.01  Total    4       1       1 datapath_module/reg_file_module/reg_memory[28][15]
 1.15  Total      4.620         4.03  Total    2       1       1 datapath_module/reg_file_module/reg_memory[28][14]
 1.01  Total      4.020         3.99  Total    4       1       1 datapath_module/reg_file_module/reg_memory[28][13]
 1.05  Total     45.000        42.81  Total    8       1       1 datapath_module/reg_file_module/reg_memory[28][12]
 1.09  Total     60.010        54.97  Total    4       1       1 datapath_module/reg_file_module/reg_memory[28][11]
 0.90  Total      3.600         3.99  Total    4       1       1 datapath_module/reg_file_module/reg_memory[28][10]
 1.01  Total     43.190        42.59  Total    4       1       1 datapath_module/reg_file_module/reg_memory[28][9]
 1.07  Total     18.640        17.39  Total    2       1       1 datapath_module/reg_file_module/reg_memory[28][8]
 1.14  Total      4.605         4.03  Total    2       1       1 datapath_module/reg_file_module/reg_memory[28][7]
 1.04  Total     46.830        45.01  Total   10       1       1 datapath_module/reg_file_module/reg_memory[28][6]
 1.04  Total    174.940       168.42  Total   17       1       2 datapath_module/reg_file_module/reg_memory[28][5]
 0.99  Total     32.140        32.59  Total    8       1       1 datapath_module/reg_file_module/reg_memory[28][4]
 1.21  Total     16.990        13.99  Total    8       1       1 datapath_module/reg_file_module/reg_memory[28][3]
 0.96  Total     12.900        13.37  Total    8       1       1 datapath_module/reg_file_module/reg_memory[28][2]
 0.94  Total      6.435         6.81  Total    2       1       1 datapath_module/reg_file_module/reg_memory[28][1]
 0.91  Total     10.640        11.75  Total    2       1       1 datapath_module/reg_file_module/reg_memory[28][0]
 0.00  Total      0.000         0.00  Total    0       0       0 datapath_module/reg_file_module/reg_memory[31][31]
 0.00  Total      0.000         0.00  Total    0       0       0 datapath_module/reg_file_module/reg_memory[31][30]
 0.00  Total      0.000         0.00  Total    0       0       0 datapath_module/reg_file_module/reg_memory[31][29]
 0.00  Total      0.000         0.00  Total    0       0       0 datapath_module/reg_file_module/reg_memory[31][28]
 0.00  Total      0.000         0.00  Total    0       0       0 datapath_module/reg_file_module/reg_memory[31][27]
 0.00  Total      0.000         0.00  Total    0       0       0 datapath_module/reg_file_module/reg_memory[31][26]
 0.00  Total      0.000         0.00  Total    0       0       0 datapath_module/reg_file_module/reg_memory[31][25]
 0.00  Total      0.000         0.00  Total    0       0       0 datapath_module/reg_file_module/reg_memory[31][24]
 0.00  Total      0.000         0.00  Total    0       0       0 datapath_module/reg_file_module/reg_memory[31][23]
 0.00  Total      0.000         0.00  Total    0       0       0 datapath_module/reg_file_module/reg_memory[31][22]
 0.00  Total      0.000         0.00  Total    0       0       0 datapath_module/reg_file_module/reg_memory[31][21]
 0.00  Total      0.000         0.00  Total    0       0       0 datapath_module/reg_file_module/reg_memory[31][20]
 0.00  Total      0.000         0.00  Total    0       0       0 datapath_module/reg_file_module/reg_memory[31][19]
 0.00  Total      0.000         0.00  Total    0       0       0 datapath_module/reg_file_module/reg_memory[31][18]
 0.00  Total      0.000         0.00  Total    0       0       0 datapath_module/reg_file_module/reg_memory[31][17]
 0.00  Total      0.000         0.00  Total    0       0       0 datapath_module/reg_file_module/reg_memory[31][16]
 0.00  Total      0.000         0.00  Total    0       0       0 datapath_module/reg_file_module/reg_memory[31][15]
 0.00  Total      0.000         0.00  Total    0       0       0 datapath_module/reg_file_module/reg_memory[31][14]
 0.00  Total      0.000         0.00  Total    0       0       0 datapath_module/reg_file_module/reg_memory[31][13]
 0.00  Total      0.000         0.00  Total    0       0       0 datapath_module/reg_file_module/reg_memory[31][12]
 0.00  Total      0.000         0.00  Total    0       0       0 datapath_module/reg_file_module/reg_memory[31][11]
 0.00  Total      0.000         0.00  Total    0       0       0 datapath_module/reg_file_module/reg_memory[31][10]
 0.00  Total      0.000         0.00  Total    0       0       0 datapath_module/reg_file_module/reg_memory[31][9]
 0.00  Total      0.000         0.00  Total    0       0       0 datapath_module/reg_file_module/reg_memory[31][8]
 0.00  Total      0.000         0.00  Total    0       0       0 datapath_module/reg_file_module/reg_memory[31][7]
 0.00  Total      0.000         0.00  Total    0       0       0 datapath_module/reg_file_module/reg_memory[31][6]
 0.00  Total      0.000         0.00  Total    0       1       0 datapath_module/reg_file_module/reg_memory[31][5]
 1.04  Total    117.685       112.73  Total   14       1       2 datapath_module/reg_file_module/reg_memory[31][4]
 1.07  Total     12.820        11.97  Total    2       1       1 datapath_module/reg_file_module/reg_memory[31][3]
 0.86  Total      5.450         6.37  Total    2       1       1 datapath_module/reg_file_module/reg_memory[31][2]
 1.06  Total      3.370         3.19  Total    2       1       1 datapath_module/reg_file_module/reg_memory[31][1]
 0.88  Total      7.400         8.41  Total    2       1       1 datapath_module/reg_file_module/reg_memory[31][0]
 1.08  Total     59.860        55.63  Total    6       1       1 datapath_module/reg_file_module/reg_memory[2][31]
 0.79  Total      5.815         7.37  Total    4       1       1 datapath_module/reg_file_module/reg_memory[2][30]
 0.96  Total     12.520        12.99  Total    8       1       1 datapath_module/reg_file_module/reg_memory[2][29]
 1.00  Total     11.920        11.97  Total    2       1       1 datapath_module/reg_file_module/reg_memory[2][28]
 1.02  Total     26.050        25.55  Total    8       1       1 datapath_module/reg_file_module/reg_memory[2][27]
 1.06  Total     14.395        13.59  Total    8       1       1 datapath_module/reg_file_module/reg_memory[2][26]
 1.17  Total      9.140         7.79  Total    2       1       1 datapath_module/reg_file_module/reg_memory[2][25]
 0.93  Total     14.615        15.77  Total    8       1       1 datapath_module/reg_file_module/reg_memory[2][24]
 0.88  Total     10.980        12.41  Total    8       1       1 datapath_module/reg_file_module/reg_memory[2][23]
 1.05  Total     12.400        11.77  Total    8       1       1 datapath_module/reg_file_module/reg_memory[2][22]
 1.07  Total     20.090        18.79  Total    2       1       1 datapath_module/reg_file_module/reg_memory[2][21]
 1.03  Total     43.180        42.03  Total    8       1       1 datapath_module/reg_file_module/reg_memory[2][20]
 1.09  Total     16.295        14.97  Total    4       1       1 datapath_module/reg_file_module/reg_memory[2][19]
 1.11  Total     21.120        19.03  Total    2       1       1 datapath_module/reg_file_module/reg_memory[2][18]
 1.07  Total      4.750         4.43  Total    2       1       1 datapath_module/reg_file_module/reg_memory[2][17]
 0.92  Total     14.780        15.99  Total    2       1       1 datapath_module/reg_file_module/reg_memory[2][16]
 1.20  Total     12.730        10.63  Total    8       1       1 datapath_module/reg_file_module/reg_memory[2][15]
 0.83  Total      3.640         4.39  Total    4       1       1 datapath_module/reg_file_module/reg_memory[2][14]
 1.03  Total     13.660        13.23  Total    2       1       1 datapath_module/reg_file_module/reg_memory[2][13]
 1.04  Total     15.400        14.79  Total    8       1       1 datapath_module/reg_file_module/reg_memory[2][12]
 1.08  Total     22.070        20.39  Total    8       1       1 datapath_module/reg_file_module/reg_memory[2][11]
 0.98  Total      5.850         5.99  Total    2       1       1 datapath_module/reg_file_module/reg_memory[2][10]
 1.01  Total     52.855        52.41  Total    8       1       1 datapath_module/reg_file_module/reg_memory[2][9]
 4.55  Total     43.790         9.63  Total    2       1       1 datapath_module/reg_file_module/reg_memory[2][8]
 0.99  Total      8.330         8.39  Total    4       1       1 datapath_module/reg_file_module/reg_memory[2][7]
 0.96  Total     27.820        28.97  Total    4       1       1 datapath_module/reg_file_module/reg_memory[2][6]
 0.99  Total     27.990        28.37  Total    2       1       1 datapath_module/reg_file_module/reg_memory[2][5]
 1.13  Total     10.200         8.99  Total    4       1       1 datapath_module/reg_file_module/reg_memory[2][4]
 0.98  Total     11.000        11.25  Total    8       1       1 datapath_module/reg_file_module/reg_memory[2][3]
 1.11  Total      6.200         5.59  Total    2       1       1 datapath_module/reg_file_module/reg_memory[2][2]
 1.20  Total      5.080         4.23  Total    2       1       1 datapath_module/reg_file_module/reg_memory[2][1]
 0.87  Total     10.400        12.01  Total    8       1       1 datapath_module/reg_file_module/reg_memory[2][0]
 1.04  Total     13.735        13.19  Total    4       1       1 datapath_module/reg_file_module/reg_memory[26][31]
 0.89  Total      3.380         3.79  Total    2       1       1 datapath_module/reg_file_module/reg_memory[26][30]
 1.19  Total     35.240        29.61  Total    8       1       1 datapath_module/reg_file_module/reg_memory[26][29]
 1.02  Total     15.860        15.59  Total    2       1       1 datapath_module/reg_file_module/reg_memory[26][28]
 1.11  Total     30.760        27.79  Total    4       1       1 datapath_module/reg_file_module/reg_memory[26][27]
 1.13  Total     29.765        26.41  Total    8       1       1 datapath_module/reg_file_module/reg_memory[26][26]
 1.11  Total      7.535         6.81  Total    8       1       1 datapath_module/reg_file_module/reg_memory[26][25]
 1.13  Total      9.545         8.41  Total    4       1       1 datapath_module/reg_file_module/reg_memory[26][24]
 1.10  Total      6.430         5.85  Total    2       1       1 datapath_module/reg_file_module/reg_memory[26][23]
 0.93  Total      7.260         7.79  Total    2       1       1 datapath_module/reg_file_module/reg_memory[26][22]
 1.03  Total     15.620        15.21  Total    2       1       1 datapath_module/reg_file_module/reg_memory[26][21]
 1.00  Total     10.300        10.35  Total    8       1       1 datapath_module/reg_file_module/reg_memory[26][20]
 1.07  Total     55.720        52.19  Total    6       1       1 datapath_module/reg_file_module/reg_memory[26][19]
 0.71  Total      3.280         4.59  Total    2       1       1 datapath_module/reg_file_module/reg_memory[26][18]
 1.03  Total     26.250        25.41  Total    2       1       1 datapath_module/reg_file_module/reg_memory[26][17]
 1.12  Total     12.730        11.39  Total    8       1       1 datapath_module/reg_file_module/reg_memory[26][16]
 1.11  Total     27.800        25.01  Total    2       1       1 datapath_module/reg_file_module/reg_memory[26][15]
 1.12  Total      6.510         5.79  Total    2       1       1 datapath_module/reg_file_module/reg_memory[26][14]
 1.17  Total     27.415        23.43  Total    2       1       1 datapath_module/reg_file_module/reg_memory[26][13]
 0.96  Total     10.335        10.79  Total    2       1       1 datapath_module/reg_file_module/reg_memory[26][12]
 1.04  Total     33.195        31.97  Total    6       1       1 datapath_module/reg_file_module/reg_memory[26][11]
 1.00  Total      6.075         6.05  Total    2       1       1 datapath_module/reg_file_module/reg_memory[26][10]
 1.15  Total     13.860        12.05  Total    2       1       1 datapath_module/reg_file_module/reg_memory[26][9]
 1.01  Total     12.000        11.83  Total    2       1       1 datapath_module/reg_file_module/reg_memory[26][8]
 0.93  Total     10.240        10.99  Total    2       1       1 datapath_module/reg_file_module/reg_memory[26][7]
 1.04  Total     22.340        21.41  Total    8       1       1 datapath_module/reg_file_module/reg_memory[26][6]
 0.99  Total     15.190        15.41  Total    2       1       1 datapath_module/reg_file_module/reg_memory[26][5]
 1.00  Total     30.080        30.17  Total    8       1       1 datapath_module/reg_file_module/reg_memory[26][4]
 1.04  Total     13.065        12.57  Total    4       1       1 datapath_module/reg_file_module/reg_memory[26][3]
 1.22  Total     17.860        14.59  Total    8       1       1 datapath_module/reg_file_module/reg_memory[26][2]
 1.06  Total    162.210       153.19  Total   11       1       2 datapath_module/reg_file_module/reg_memory[26][1]
 0.99  Total      4.900         4.97  Total    2       1       1 datapath_module/reg_file_module/reg_memory[26][0]
 1.05  Total     82.235        78.61  Total    8       1       1 datapath_module/reg_file_module/reg_memory[3][31]
 1.02  Total     20.600        20.19  Total    8       1       1 datapath_module/reg_file_module/reg_memory[3][30]
 1.11  Total      8.590         7.77  Total    8       1       1 datapath_module/reg_file_module/reg_memory[3][29]
 0.97  Total      7.380         7.61  Total    2       1       1 datapath_module/reg_file_module/reg_memory[3][28]
 1.13  Total      9.230         8.17  Total    4       1       1 datapath_module/reg_file_module/reg_memory[3][27]
 1.01  Total      4.890         4.83  Total    2       1       1 datapath_module/reg_file_module/reg_memory[3][26]
 0.99  Total      8.790         8.85  Total    4       1       1 datapath_module/reg_file_module/reg_memory[3][25]
 1.12  Total      9.565         8.57  Total    8       1       1 datapath_module/reg_file_module/reg_memory[3][24]
 0.95  Total      9.690        10.19  Total    2       1       1 datapath_module/reg_file_module/reg_memory[3][23]
 1.07  Total      8.280         7.77  Total    4       1       1 datapath_module/reg_file_module/reg_memory[3][22]
 1.06  Total     13.040        12.25  Total    2       1       1 datapath_module/reg_file_module/reg_memory[3][21]
 1.01  Total     39.380        38.85  Total    4       1       1 datapath_module/reg_file_module/reg_memory[3][20]
 1.03  Total      8.205         7.97  Total    4       1       1 datapath_module/reg_file_module/reg_memory[3][19]
 1.23  Total      8.150         6.61  Total    2       1       1 datapath_module/reg_file_module/reg_memory[3][18]
 1.75  Total      5.220         2.99  Total    2       1       1 datapath_module/reg_file_module/reg_memory[3][17]
 1.06  Total      9.160         8.61  Total    2       1       1 datapath_module/reg_file_module/reg_memory[3][16]
 1.13  Total      3.605         3.19  Total    4       1       1 datapath_module/reg_file_module/reg_memory[3][15]
 0.83  Total      4.800         5.75  Total    4       1       1 datapath_module/reg_file_module/reg_memory[3][14]
 1.08  Total      2.000         1.85  Total    2       1       1 datapath_module/reg_file_module/reg_memory[3][13]
 0.82  Total      5.540         6.77  Total    2       1       1 datapath_module/reg_file_module/reg_memory[3][12]
 1.10  Total      5.930         5.41  Total    8       1       1 datapath_module/reg_file_module/reg_memory[3][11]
 0.78  Total      4.000         5.15  Total    2       1       1 datapath_module/reg_file_module/reg_memory[3][10]
 1.03  Total     30.875        29.97  Total    4       1       1 datapath_module/reg_file_module/reg_memory[3][9]
 0.94  Total      6.800         7.21  Total    2       1       1 datapath_module/reg_file_module/reg_memory[3][8]
 1.05  Total     27.270        25.99  Total    6       1       1 datapath_module/reg_file_module/reg_memory[3][7]
 0.94  Total      3.400         3.61  Total    2       1       1 datapath_module/reg_file_module/reg_memory[3][6]
 1.00  Total      8.270         8.23  Total    2       1       1 datapath_module/reg_file_module/reg_memory[3][5]
 1.03  Total      3.950         3.83  Total    2       1       1 datapath_module/reg_file_module/reg_memory[3][4]
 0.93  Total     17.580        18.97  Total    4       1       1 datapath_module/reg_file_module/reg_memory[3][3]
 0.90  Total     10.280        11.39  Total    8       1       1 datapath_module/reg_file_module/reg_memory[3][2]
 0.83  Total      8.620        10.41  Total    2       1       1 datapath_module/reg_file_module/reg_memory[3][1]
 0.99  Total     11.650        11.79  Total    8       1       1 datapath_module/reg_file_module/reg_memory[3][0]
 0.98  Total      9.700         9.85  Total    2       1       1 datapath_module/reg_file_module/reg_memory[10][31]
 0.93  Total      9.820        10.55  Total    2       1       1 datapath_module/reg_file_module/reg_memory[10][30]
 1.07  Total      3.400         3.19  Total    2       1       1 datapath_module/reg_file_module/reg_memory[10][29]
 1.13  Total     18.240        16.17  Total    2       1       1 datapath_module/reg_file_module/reg_memory[10][28]
 1.08  Total     24.920        23.05  Total    6       1       1 datapath_module/reg_file_module/reg_memory[10][27]
 0.99  Total      6.280         6.37  Total    6       1       1 datapath_module/reg_file_module/reg_memory[10][26]
 0.74  Total      3.200         4.35  Total    2       1       1 datapath_module/reg_file_module/reg_memory[10][25]
 1.02  Total     15.960        15.61  Total    8       1       1 datapath_module/reg_file_module/reg_memory[10][24]
 1.20  Total     27.500        22.85  Total    8       1       1 datapath_module/reg_file_module/reg_memory[10][23]
 0.83  Total      5.450         6.59  Total    2       1       1 datapath_module/reg_file_module/reg_memory[10][22]
 1.88  Total      5.310         2.83  Total    2       1       1 datapath_module/reg_file_module/reg_memory[10][21]
 1.10  Total     12.330        11.17  Total    8       1       1 datapath_module/reg_file_module/reg_memory[10][20]
 1.06  Total     31.300        29.59  Total   10       1       1 datapath_module/reg_file_module/reg_memory[10][19]
 1.13  Total      5.220         4.63  Total    2       1       1 datapath_module/reg_file_module/reg_memory[10][18]
 0.79  Total      4.880         6.19  Total    2       1       1 datapath_module/reg_file_module/reg_memory[10][17]
 1.08  Total     18.190        16.77  Total    8       1       1 datapath_module/reg_file_module/reg_memory[10][16]
 0.92  Total     15.930        17.23  Total    2       1       1 datapath_module/reg_file_module/reg_memory[10][15]
 1.35  Total     10.500         7.77  Total    4       1       1 datapath_module/reg_file_module/reg_memory[10][14]
 1.07  Total     10.080         9.39  Total    2       1       1 datapath_module/reg_file_module/reg_memory[10][13]
 1.01  Total     16.700        16.61  Total    8       1       1 datapath_module/reg_file_module/reg_memory[10][12]
 0.95  Total      5.770         6.05  Total    2       1       1 datapath_module/reg_file_module/reg_memory[10][11]
 1.01  Total     27.695        27.35  Total    8       1       1 datapath_module/reg_file_module/reg_memory[10][10]
 0.82  Total      5.040         6.17  Total    2       1       1 datapath_module/reg_file_module/reg_memory[10][9]
 0.79  Total      4.740         5.97  Total    2       1       1 datapath_module/reg_file_module/reg_memory[10][8]
 1.21  Total     13.530        11.21  Total    2       1       1 datapath_module/reg_file_module/reg_memory[10][7]
 1.00  Total     15.170        15.23  Total    6       1       1 datapath_module/reg_file_module/reg_memory[10][6]
 0.98  Total     17.235        17.57  Total    4       1       1 datapath_module/reg_file_module/reg_memory[10][5]
 0.97  Total     11.780        12.19  Total    2       1       1 datapath_module/reg_file_module/reg_memory[10][4]
 0.84  Total      4.860         5.79  Total    4       1       1 datapath_module/reg_file_module/reg_memory[10][3]
 1.06  Total      3.390         3.19  Total    2       1       1 datapath_module/reg_file_module/reg_memory[10][2]
 0.76  Total      5.660         7.41  Total    2       1       1 datapath_module/reg_file_module/reg_memory[10][1]
 1.97  Total      6.270         3.19  Total    4       1       1 datapath_module/reg_file_module/reg_memory[10][0]
 1.08  Total      4.965         4.61  Total    4       1       1 datapath_module/reg_file_module/reg_memory[27][31]
 1.33  Total      7.920         5.97  Total    2       1       1 datapath_module/reg_file_module/reg_memory[27][30]
 1.18  Total      8.470         7.17  Total    4       1       1 datapath_module/reg_file_module/reg_memory[27][29]
 1.05  Total     10.070         9.63  Total    8       1       1 datapath_module/reg_file_module/reg_memory[27][28]
 0.98  Total     13.520        13.79  Total    8       1       1 datapath_module/reg_file_module/reg_memory[27][27]
 1.03  Total     12.220        11.81  Total    2       1       1 datapath_module/reg_file_module/reg_memory[27][26]
 0.94  Total      3.400         3.61  Total    2       1       1 datapath_module/reg_file_module/reg_memory[27][25]
 0.90  Total     11.270        12.59  Total    2       1       1 datapath_module/reg_file_module/reg_memory[27][24]
 1.01  Total      6.665         6.61  Total    2       1       1 datapath_module/reg_file_module/reg_memory[27][23]
 0.79  Total      2.370         2.99  Total    2       1       1 datapath_module/reg_file_module/reg_memory[27][22]
 1.15  Total     16.560        14.39  Total    8       1       1 datapath_module/reg_file_module/reg_memory[27][21]
 0.80  Total      4.600         5.75  Total    2       1       1 datapath_module/reg_file_module/reg_memory[27][20]
 1.06  Total     32.880        30.97  Total    6       1       1 datapath_module/reg_file_module/reg_memory[27][19]
 0.97  Total      6.980         7.21  Total    2       1       1 datapath_module/reg_file_module/reg_memory[27][18]
 0.98  Total      8.870         9.03  Total    2       1       1 datapath_module/reg_file_module/reg_memory[27][17]
 0.98  Total      7.070         7.21  Total    2       1       1 datapath_module/reg_file_module/reg_memory[27][16]
 1.09  Total     19.250        17.61  Total    6       1       1 datapath_module/reg_file_module/reg_memory[27][15]
 1.04  Total      7.475         7.21  Total    2       1       1 datapath_module/reg_file_module/reg_memory[27][14]
 0.75  Total      5.080         6.77  Total    2       1       1 datapath_module/reg_file_module/reg_memory[27][13]
 0.98  Total     37.225        37.99  Total   10       1       1 datapath_module/reg_file_module/reg_memory[27][12]
 0.97  Total     10.820        11.21  Total    2       1       1 datapath_module/reg_file_module/reg_memory[27][11]
 0.91  Total      6.920         7.57  Total    2       1       1 datapath_module/reg_file_module/reg_memory[27][10]
 0.78  Total      4.515         5.79  Total    2       1       1 datapath_module/reg_file_module/reg_memory[27][9]
 0.99  Total     11.830        12.01  Total    2       1       1 datapath_module/reg_file_module/reg_memory[27][8]
 0.88  Total      5.800         6.61  Total    2       1       1 datapath_module/reg_file_module/reg_memory[27][7]
 1.08  Total     19.350        17.97  Total   12       1       1 datapath_module/reg_file_module/reg_memory[27][6]
 0.98  Total     18.340        18.79  Total    2       1       1 datapath_module/reg_file_module/reg_memory[27][5]
 0.95  Total     17.770        18.77  Total    2       1       1 datapath_module/reg_file_module/reg_memory[27][4]
 1.02  Total     13.865        13.59  Total    4       1       1 datapath_module/reg_file_module/reg_memory[27][3]
 1.03  Total    173.190       167.36  Total   12       1       2 datapath_module/reg_file_module/reg_memory[27][2]
 0.76  Total      5.000         6.57  Total    4       1       1 datapath_module/reg_file_module/reg_memory[27][1]
 1.03  Total    155.535       150.66  Total   10       1       2 datapath_module/reg_file_module/reg_memory[27][0]
 1.05  Total     78.830        75.35  Total    8       1       1 datapath_module/reg_file_module/reg_memory[23][31]
 1.04  Total      4.410         4.23  Total    2       1       1 datapath_module/reg_file_module/reg_memory[23][30]
 0.81  Total      3.430         4.23  Total    2       1       1 datapath_module/reg_file_module/reg_memory[23][29]
 0.87  Total     10.500        12.01  Total    2       1       1 datapath_module/reg_file_module/reg_memory[23][28]
 0.86  Total      6.380         7.41  Total    2       1       1 datapath_module/reg_file_module/reg_memory[23][27]
 1.14  Total      3.405         2.99  Total    4       1       1 datapath_module/reg_file_module/reg_memory[23][26]
 0.91  Total     14.250        15.63  Total    4       1       1 datapath_module/reg_file_module/reg_memory[23][25]
 0.98  Total     13.145        13.39  Total    4       1       1 datapath_module/reg_file_module/reg_memory[23][24]
 0.79  Total      3.500         4.43  Total    4       1       1 datapath_module/reg_file_module/reg_memory[23][23]
 0.90  Total      3.420         3.79  Total    4       1       1 datapath_module/reg_file_module/reg_memory[23][22]
 0.81  Total      4.680         5.79  Total    2       1       1 datapath_module/reg_file_module/reg_memory[23][21]
 0.96  Total     14.470        15.03  Total    8       1       1 datapath_module/reg_file_module/reg_memory[23][20]
 0.96  Total      6.700         6.97  Total    2       1       1 datapath_module/reg_file_module/reg_memory[23][19]
 1.01  Total      3.270         3.23  Total    2       1       1 datapath_module/reg_file_module/reg_memory[23][18]
 0.80  Total      6.380         7.97  Total    2       1       1 datapath_module/reg_file_module/reg_memory[23][17]
 1.18  Total     10.630         9.01  Total    4       1       1 datapath_module/reg_file_module/reg_memory[23][16]
 1.01  Total      4.080         4.03  Total    2       1       1 datapath_module/reg_file_module/reg_memory[23][15]
 0.99  Total     12.640        12.77  Total    2       1       1 datapath_module/reg_file_module/reg_memory[23][14]
 0.88  Total      3.350         3.79  Total    4       1       1 datapath_module/reg_file_module/reg_memory[23][13]
 0.99  Total     16.520        16.75  Total    4       1       1 datapath_module/reg_file_module/reg_memory[23][12]
 1.17  Total      6.280         5.39  Total    2       1       1 datapath_module/reg_file_module/reg_memory[23][11]
 1.12  Total     14.970        13.39  Total    8       1       1 datapath_module/reg_file_module/reg_memory[23][10]
 0.75  Total      5.260         7.01  Total    2       1       1 datapath_module/reg_file_module/reg_memory[23][9]
 0.99  Total     16.540        16.75  Total    4       1       1 datapath_module/reg_file_module/reg_memory[23][8]
 0.88  Total      6.295         7.17  Total    6       1       1 datapath_module/reg_file_module/reg_memory[23][7]
 0.73  Total      4.620         6.37  Total    2       1       1 datapath_module/reg_file_module/reg_memory[23][6]
 0.92  Total      7.510         8.19  Total    4       1       1 datapath_module/reg_file_module/reg_memory[23][5]
 1.07  Total      3.200         2.99  Total    2       1       1 datapath_module/reg_file_module/reg_memory[23][4]
 1.15  Total     14.260        12.45  Total    2       1       1 datapath_module/reg_file_module/reg_memory[23][3]
 1.07  Total     14.105        13.21  Total    8       1       1 datapath_module/reg_file_module/reg_memory[23][2]
 0.98  Total     12.575        12.83  Total    2       1       1 datapath_module/reg_file_module/reg_memory[23][1]
 1.04  Total     12.000        11.59  Total    8       1       1 datapath_module/reg_file_module/reg_memory[23][0]
 1.16  Total     26.135        22.45  Total    2       1       1 datapath_module/reg_file_module/reg_memory[18][31]
 0.91  Total      6.200         6.83  Total    2       1       1 datapath_module/reg_file_module/reg_memory[18][30]
 0.72  Total      5.080         7.01  Total    2       1       1 datapath_module/reg_file_module/reg_memory[18][29]
 1.00  Total      4.430         4.43  Total    2       1       1 datapath_module/reg_file_module/reg_memory[18][28]
 1.06  Total     12.120        11.41  Total    4       1       1 datapath_module/reg_file_module/reg_memory[18][27]
 1.12  Total     19.660        17.59  Total    8       1       1 datapath_module/reg_file_module/reg_memory[18][26]
 0.80  Total      3.550         4.43  Total    4       1       1 datapath_module/reg_file_module/reg_memory[18][25]
 0.55  Total      2.200         3.97  Total    2       1       1 datapath_module/reg_file_module/reg_memory[18][24]
 0.89  Total      2.150         2.41  Total    2       1       1 datapath_module/reg_file_module/reg_memory[18][23]
 0.95  Total      1.910         2.01  Total    2       1       1 datapath_module/reg_file_module/reg_memory[18][22]
 1.00  Total     13.670        13.63  Total    2       1       1 datapath_module/reg_file_module/reg_memory[18][21]
 0.89  Total      3.180         3.59  Total    2       1       1 datapath_module/reg_file_module/reg_memory[18][20]
 1.14  Total     10.990         9.63  Total    4       1       1 datapath_module/reg_file_module/reg_memory[18][19]
 1.03  Total     27.270        26.55  Total    8       1       1 datapath_module/reg_file_module/reg_memory[18][18]
 1.04  Total     18.855        18.21  Total    8       1       1 datapath_module/reg_file_module/reg_memory[18][17]
 1.00  Total      5.565         5.59  Total    2       1       1 datapath_module/reg_file_module/reg_memory[18][16]
 1.06  Total      9.560         9.01  Total    4       1       1 datapath_module/reg_file_module/reg_memory[18][15]
 1.13  Total      9.935         8.79  Total    4       1       1 datapath_module/reg_file_module/reg_memory[18][14]
 1.10  Total     17.270        15.63  Total    2       1       1 datapath_module/reg_file_module/reg_memory[18][13]
 0.88  Total     10.370        11.77  Total    4       1       1 datapath_module/reg_file_module/reg_memory[18][12]
 1.10  Total      7.010         6.37  Total    2       1       1 datapath_module/reg_file_module/reg_memory[18][11]
 0.78  Total      4.515         5.79  Total    2       1       1 datapath_module/reg_file_module/reg_memory[18][10]
 1.02  Total     27.800        27.19  Total    8       1       1 datapath_module/reg_file_module/reg_memory[18][9]
 1.24  Total     18.395        14.83  Total   10       1       1 datapath_module/reg_file_module/reg_memory[18][8]
 0.79  Total      4.915         6.19  Total    2       1       1 datapath_module/reg_file_module/reg_memory[18][7]
 0.00  Total      0.000         0.00  Total    0       0       0 datapath_module/reg_file_module/reg_memory[18][6]
 0.00  Total      0.000         0.00  Total    0       0       0 datapath_module/reg_file_module/reg_memory[18][5]
 0.00  Total      0.000         0.00  Total    0       1       0 datapath_module/reg_file_module/reg_memory[18][4]
 1.01  Total     57.350        56.83  Total   13       1       2 datapath_module/reg_file_module/reg_memory[18][3]
 0.72  Total      4.600         6.37  Total    2       1       1 datapath_module/reg_file_module/reg_memory[18][2]
 0.88  Total      3.150         3.59  Total    2       1       1 datapath_module/reg_file_module/reg_memory[18][1]
 0.98  Total      4.900         4.99  Total    4       1       1 datapath_module/reg_file_module/reg_memory[18][0]
 1.19  Total      8.060         6.77  Total    2       1       1 datapath_module/reg_file_module/reg_memory[30][31]
 0.88  Total     10.545        11.97  Total    2       1       1 datapath_module/reg_file_module/reg_memory[30][30]
 0.92  Total      4.540         4.95  Total    2       1       1 datapath_module/reg_file_module/reg_memory[30][29]
 1.01  Total      4.280         4.23  Total    2       1       1 datapath_module/reg_file_module/reg_memory[30][28]
 0.96  Total      7.480         7.79  Total    2       1       1 datapath_module/reg_file_module/reg_memory[30][27]
 1.03  Total      7.800         7.57  Total    4       1       1 datapath_module/reg_file_module/reg_memory[30][26]
 0.96  Total      5.985         6.25  Total    2       1       1 datapath_module/reg_file_module/reg_memory[30][25]
 1.07  Total      2.990         2.79  Total    2       1       1 datapath_module/reg_file_module/reg_memory[30][24]
 1.04  Total     31.735        30.59  Total    6       1       1 datapath_module/reg_file_module/reg_memory[30][23]
 0.74  Total      2.780         3.75  Total    2       1       1 datapath_module/reg_file_module/reg_memory[30][22]
 0.84  Total      4.070         4.83  Total    4       1       1 datapath_module/reg_file_module/reg_memory[30][21]
 1.00  Total     35.140        35.15  Total    6       1       1 datapath_module/reg_file_module/reg_memory[30][20]
 0.84  Total      4.860         5.79  Total    2       1       1 datapath_module/reg_file_module/reg_memory[30][19]
 1.18  Total     10.700         9.03  Total    2       1       1 datapath_module/reg_file_module/reg_memory[30][18]
 1.06  Total      9.540         8.97  Total    4       1       1 datapath_module/reg_file_module/reg_memory[30][17]
 1.03  Total     14.805        14.37  Total    6       1       1 datapath_module/reg_file_module/reg_memory[30][16]
 0.80  Total      4.480         5.59  Total    2       1       1 datapath_module/reg_file_module/reg_memory[30][15]
 1.06  Total      8.880         8.37  Total    4       1       1 datapath_module/reg_file_module/reg_memory[30][14]
 0.93  Total      7.835         8.43  Total    2       1       1 datapath_module/reg_file_module/reg_memory[30][13]
 1.02  Total      9.970         9.81  Total    4       1       1 datapath_module/reg_file_module/reg_memory[30][12]
 1.13  Total      2.980         2.63  Total    2       1       1 datapath_module/reg_file_module/reg_memory[30][11]
 1.10  Total     11.370        10.35  Total    8       1       1 datapath_module/reg_file_module/reg_memory[30][10]
 1.08  Total     27.215        25.19  Total    6       1       1 datapath_module/reg_file_module/reg_memory[30][9]
 0.82  Total      6.590         8.01  Total    4       1       1 datapath_module/reg_file_module/reg_memory[30][8]
 0.55  Total      1.980         3.57  Total    2       1       1 datapath_module/reg_file_module/reg_memory[30][7]
 0.68  Total      3.110         4.57  Total    2       1       1 datapath_module/reg_file_module/reg_memory[30][6]
 1.01  Total     18.830        18.59  Total    6       1       1 datapath_module/reg_file_module/reg_memory[30][5]
 1.01  Total      4.080         4.03  Total    2       1       1 datapath_module/reg_file_module/reg_memory[30][4]
 1.10  Total      9.645         8.79  Total    8       1       1 datapath_module/reg_file_module/reg_memory[30][3]
 1.06  Total     17.180        16.21  Total    8       1       1 datapath_module/reg_file_module/reg_memory[30][2]
 1.06  Total      3.390         3.19  Total    2       1       1 datapath_module/reg_file_module/reg_memory[30][1]
 1.00  Total      6.550         6.57  Total    2       1       1 datapath_module/reg_file_module/reg_memory[30][0]
 1.15  Total     33.255        29.01  Total    4       1       1 datapath_module/reg_file_module/reg_memory[12][31]
 1.00  Total     11.000        11.01  Total    2       1       1 datapath_module/reg_file_module/reg_memory[12][30]
 1.02  Total     12.840        12.65  Total    2       1       1 datapath_module/reg_file_module/reg_memory[12][29]
 1.05  Total     17.620        16.75  Total    2       1       1 datapath_module/reg_file_module/reg_memory[12][28]
 1.06  Total     29.890        28.19  Total    6       1       1 datapath_module/reg_file_module/reg_memory[12][27]
 1.06  Total      3.800         3.59  Total    2       1       1 datapath_module/reg_file_module/reg_memory[12][26]
 1.07  Total     30.140        28.19  Total    8       1       1 datapath_module/reg_file_module/reg_memory[12][25]
 1.13  Total      8.310         7.37  Total    8       1       1 datapath_module/reg_file_module/reg_memory[12][24]
 1.04  Total     28.570        27.41  Total    8       1       1 datapath_module/reg_file_module/reg_memory[12][23]
 0.89  Total      5.170         5.83  Total    2       1       1 datapath_module/reg_file_module/reg_memory[12][22]
 1.06  Total     11.705        11.01  Total    4       1       1 datapath_module/reg_file_module/reg_memory[12][21]
 1.05  Total      8.180         7.77  Total    4       1       1 datapath_module/reg_file_module/reg_memory[12][20]
 1.05  Total     50.790        48.41  Total    8       1       1 datapath_module/reg_file_module/reg_memory[12][19]
 0.80  Total      3.780         4.75  Total    2       1       1 datapath_module/reg_file_module/reg_memory[12][18]
 0.93  Total     11.740        12.57  Total    2       1       1 datapath_module/reg_file_module/reg_memory[12][17]
 1.07  Total     12.540        11.77  Total    2       1       1 datapath_module/reg_file_module/reg_memory[12][16]
 1.11  Total     25.735        23.23  Total    6       1       1 datapath_module/reg_file_module/reg_memory[12][15]
 0.79  Total      6.615         8.41  Total    2       1       1 datapath_module/reg_file_module/reg_memory[12][14]
 0.98  Total     32.070        32.61  Total    8       1       1 datapath_module/reg_file_module/reg_memory[12][13]
 1.05  Total     14.030        13.39  Total    8       1       1 datapath_module/reg_file_module/reg_memory[12][12]
 1.09  Total     21.260        19.43  Total    6       1       1 datapath_module/reg_file_module/reg_memory[12][11]
 1.13  Total      3.590         3.19  Total    2       1       1 datapath_module/reg_file_module/reg_memory[12][10]
 0.81  Total      4.350         5.39  Total    2       1       1 datapath_module/reg_file_module/reg_memory[12][9]
 0.93  Total     12.810        13.81  Total    2       1       1 datapath_module/reg_file_module/reg_memory[12][8]
 0.95  Total     15.165        16.03  Total    4       1       1 datapath_module/reg_file_module/reg_memory[12][7]
 1.00  Total     16.560        16.57  Total    2       1       1 datapath_module/reg_file_module/reg_memory[12][6]
 1.00  Total     23.920        23.83  Total    8       1       1 datapath_module/reg_file_module/reg_memory[12][5]
 0.96  Total     10.920        11.39  Total    2       1       1 datapath_module/reg_file_module/reg_memory[12][4]
 0.98  Total     12.590        12.81  Total    8       1       1 datapath_module/reg_file_module/reg_memory[12][3]
 0.85  Total      3.220         3.79  Total    4       1       1 datapath_module/reg_file_module/reg_memory[12][2]
 0.87  Total      6.650         7.61  Total    2       1       1 datapath_module/reg_file_module/reg_memory[12][1]
 1.03  Total      3.550         3.43  Total    2       1       1 datapath_module/reg_file_module/reg_memory[12][0]
 1.05  Total     75.720        72.37  Total    8       1       1 datapath_module/reg_file_module/reg_memory[13][31]
 0.95  Total     17.760        18.61  Total    8       1       1 datapath_module/reg_file_module/reg_memory[13][30]
 0.92  Total     13.670        14.79  Total    2       1       1 datapath_module/reg_file_module/reg_memory[13][29]
 0.97  Total     14.920        15.39  Total    2       1       1 datapath_module/reg_file_module/reg_memory[13][28]
 0.95  Total     23.310        24.43  Total    2       1       1 datapath_module/reg_file_module/reg_memory[13][27]
 1.09  Total      6.970         6.37  Total    2       1       1 datapath_module/reg_file_module/reg_memory[13][26]
 1.00  Total     32.250        32.19  Total   10       1       1 datapath_module/reg_file_module/reg_memory[13][25]
 0.74  Total      3.200         4.35  Total    2       1       1 datapath_module/reg_file_module/reg_memory[13][24]
 1.03  Total     52.610        51.23  Total   10       1       1 datapath_module/reg_file_module/reg_memory[13][23]
 0.89  Total     10.500        11.79  Total    4       1       1 datapath_module/reg_file_module/reg_memory[13][22]
 0.92  Total      8.800         9.55  Total    4       1       1 datapath_module/reg_file_module/reg_memory[13][21]
 0.90  Total      6.800         7.59  Total    4       1       1 datapath_module/reg_file_module/reg_memory[13][20]
 1.05  Total     44.840        42.59  Total   10       1       1 datapath_module/reg_file_module/reg_memory[13][19]
 0.94  Total      4.530         4.83  Total    2       1       1 datapath_module/reg_file_module/reg_memory[13][18]
 1.01  Total     47.240        46.97  Total    8       1       1 datapath_module/reg_file_module/reg_memory[13][17]
 0.92  Total      5.350         5.79  Total    2       1       1 datapath_module/reg_file_module/reg_memory[13][16]
 1.07  Total     22.070        20.63  Total    2       1       1 datapath_module/reg_file_module/reg_memory[13][15]
 1.01  Total      9.535         9.43  Total    2       1       1 datapath_module/reg_file_module/reg_memory[13][14]
 0.94  Total      9.600        10.19  Total    2       1       1 datapath_module/reg_file_module/reg_memory[13][13]
 1.30  Total      7.290         5.61  Total    8       1       1 datapath_module/reg_file_module/reg_memory[13][12]
 1.00  Total     58.565        58.77  Total   10       1       1 datapath_module/reg_file_module/reg_memory[13][11]
 1.18  Total     16.720        14.19  Total    4       1       1 datapath_module/reg_file_module/reg_memory[13][10]
 1.01  Total     45.010        44.41  Total    4       1       1 datapath_module/reg_file_module/reg_memory[13][9]
 1.07  Total      6.200         5.77  Total    2       1       1 datapath_module/reg_file_module/reg_memory[13][8]
 1.07  Total     11.530        10.81  Total    2       1       1 datapath_module/reg_file_module/reg_memory[13][7]
 1.02  Total     47.135        46.17  Total   10       1       1 datapath_module/reg_file_module/reg_memory[13][6]
 1.04  Total     12.875        12.41  Total    8       1       1 datapath_module/reg_file_module/reg_memory[13][5]
 1.02  Total     48.130        46.97  Total    6       1       1 datapath_module/reg_file_module/reg_memory[13][4]
 1.02  Total     12.030        11.77  Total    2       1       1 datapath_module/reg_file_module/reg_memory[13][3]
 1.06  Total     13.140        12.37  Total    8       1       1 datapath_module/reg_file_module/reg_memory[13][2]
 1.05  Total     23.885        22.65  Total    8       1       1 datapath_module/reg_file_module/reg_memory[13][1]
 0.85  Total      4.930         5.79  Total    2       1       1 datapath_module/reg_file_module/reg_memory[13][0]
 1.00  Total     64.790        64.57  Total    8       1       1 datapath_module/reg_file_module/reg_memory[15][31]
 1.27  Total      8.060         6.37  Total    2       1       1 datapath_module/reg_file_module/reg_memory[15][30]
 1.04  Total     18.280        17.57  Total    8       1       1 datapath_module/reg_file_module/reg_memory[15][29]
 1.02  Total     18.930        18.57  Total    8       1       1 datapath_module/reg_file_module/reg_memory[15][28]
 1.11  Total     23.780        21.43  Total    2       1       1 datapath_module/reg_file_module/reg_memory[15][27]
 0.89  Total      4.500         5.03  Total    2       1       1 datapath_module/reg_file_module/reg_memory[15][26]
 0.91  Total     15.630        17.17  Total    6       1       1 datapath_module/reg_file_module/reg_memory[15][25]
 1.03  Total      5.370         5.21  Total    2       1       1 datapath_module/reg_file_module/reg_memory[15][24]
 1.05  Total      9.470         8.99  Total    8       1       1 datapath_module/reg_file_module/reg_memory[15][23]
 1.01  Total     14.140        14.03  Total    8       1       1 datapath_module/reg_file_module/reg_memory[15][22]
 0.95  Total      7.390         7.79  Total    8       1       1 datapath_module/reg_file_module/reg_memory[15][21]
 1.11  Total      5.140         4.63  Total    2       1       1 datapath_module/reg_file_module/reg_memory[15][20]
 1.09  Total     26.900        24.61  Total   12       1       1 datapath_module/reg_file_module/reg_memory[15][19]
 1.10  Total     22.260        20.17  Total    4       1       1 datapath_module/reg_file_module/reg_memory[15][18]
 0.95  Total     10.240        10.79  Total    2       1       1 datapath_module/reg_file_module/reg_memory[15][17]
 0.99  Total     21.180        21.43  Total    2       1       1 datapath_module/reg_file_module/reg_memory[15][16]
 1.02  Total      7.120         6.97  Total    2       1       1 datapath_module/reg_file_module/reg_memory[15][15]
 1.18  Total      8.495         7.17  Total    4       1       1 datapath_module/reg_file_module/reg_memory[15][14]
 1.05  Total     26.180        25.01  Total    2       1       1 datapath_module/reg_file_module/reg_memory[15][13]
 1.54  Total     12.960         8.43  Total    2       1       1 datapath_module/reg_file_module/reg_memory[15][12]
 0.93  Total      6.500         6.99  Total    2       1       1 datapath_module/reg_file_module/reg_memory[15][11]
 1.12  Total     12.130        10.79  Total    8       1       1 datapath_module/reg_file_module/reg_memory[15][10]
 1.23  Total      2.280         1.85  Total    2       1       1 datapath_module/reg_file_module/reg_memory[15][9]
 0.95  Total     13.080        13.81  Total    4       1       1 datapath_module/reg_file_module/reg_memory[15][8]
 1.06  Total     17.370        16.37  Total    2       1       1 datapath_module/reg_file_module/reg_memory[15][7]
 0.89  Total      3.740         4.19  Total    4       1       1 datapath_module/reg_file_module/reg_memory[15][6]
 1.22  Total     22.900        18.81  Total    2       1       1 datapath_module/reg_file_module/reg_memory[15][5]
 1.03  Total     33.100        31.99  Total    8       1       1 datapath_module/reg_file_module/reg_memory[15][4]
 0.89  Total     10.785        12.17  Total    4       1       1 datapath_module/reg_file_module/reg_memory[15][3]
 0.97  Total     10.030        10.35  Total    8       1       1 datapath_module/reg_file_module/reg_memory[15][2]
 1.00  Total      6.015         5.99  Total    2       1       1 datapath_module/reg_file_module/reg_memory[15][1]
 1.13  Total     10.190         8.99  Total    4       1       1 datapath_module/reg_file_module/reg_memory[15][0]
 1.06  Total     19.090        17.97  Total    6       1       1 datapath_module/reg_file_module/reg_memory[5][31]
 0.99  Total     16.000        16.23  Total    8       1       1 datapath_module/reg_file_module/reg_memory[5][30]
 0.77  Total      4.280         5.59  Total    2       1       1 datapath_module/reg_file_module/reg_memory[5][29]
 1.11  Total      8.210         7.37  Total    4       1       1 datapath_module/reg_file_module/reg_memory[5][28]
 1.29  Total     13.635        10.61  Total    2       1       1 datapath_module/reg_file_module/reg_memory[5][27]
 1.26  Total      9.360         7.45  Total    2       1       1 datapath_module/reg_file_module/reg_memory[5][26]
 1.00  Total     11.520        11.57  Total    4       1       1 datapath_module/reg_file_module/reg_memory[5][25]
 0.88  Total      6.890         7.81  Total    2       1       1 datapath_module/reg_file_module/reg_memory[5][24]
 1.31  Total      3.140         2.39  Total    2       1       1 datapath_module/reg_file_module/reg_memory[5][23]
 1.10  Total     23.820        21.59  Total    8       1       1 datapath_module/reg_file_module/reg_memory[5][22]
 0.97  Total      5.695         5.85  Total    2       1       1 datapath_module/reg_file_module/reg_memory[5][21]
 1.22  Total     29.330        24.01  Total    4       1       1 datapath_module/reg_file_module/reg_memory[5][20]
 0.97  Total      7.180         7.41  Total    2       1       1 datapath_module/reg_file_module/reg_memory[5][19]
 1.03  Total      4.135         4.03  Total    2       1       1 datapath_module/reg_file_module/reg_memory[5][18]
 0.94  Total      7.100         7.59  Total    2       1       1 datapath_module/reg_file_module/reg_memory[5][17]
 1.00  Total     19.060        18.97  Total    4       1       1 datapath_module/reg_file_module/reg_memory[5][16]
 0.78  Total      4.530         5.79  Total    2       1       1 datapath_module/reg_file_module/reg_memory[5][15]
 1.15  Total      4.870         4.23  Total    2       1       1 datapath_module/reg_file_module/reg_memory[5][14]
 0.96  Total      5.220         5.41  Total    4       1       1 datapath_module/reg_file_module/reg_memory[5][13]
 0.76  Total      4.980         6.57  Total    2       1       1 datapath_module/reg_file_module/reg_memory[5][12]
 1.31  Total     15.980        12.17  Total    2       1       1 datapath_module/reg_file_module/reg_memory[5][11]
 1.12  Total     17.240        15.41  Total    8       1       1 datapath_module/reg_file_module/reg_memory[5][10]
 1.02  Total     32.190        31.63  Total    8       1       1 datapath_module/reg_file_module/reg_memory[5][9]
 1.08  Total     13.380        12.37  Total    4       1       1 datapath_module/reg_file_module/reg_memory[5][8]
 0.84  Total      4.835         5.79  Total    6       1       1 datapath_module/reg_file_module/reg_memory[5][7]
 1.03  Total     48.185        46.79  Total    8       1       1 datapath_module/reg_file_module/reg_memory[5][6]
 0.99  Total      9.345         9.41  Total    4       1       1 datapath_module/reg_file_module/reg_memory[5][5]
 1.04  Total     23.165        22.37  Total    4       1       1 datapath_module/reg_file_module/reg_memory[5][4]
 1.09  Total     14.095        12.97  Total    8       1       1 datapath_module/reg_file_module/reg_memory[5][3]
 0.81  Total      5.175         6.39  Total    4       1       1 datapath_module/reg_file_module/reg_memory[5][2]
 1.05  Total      2.510         2.39  Total    2       1       1 datapath_module/reg_file_module/reg_memory[5][1]
 2.32  Total     14.500         6.25  Total    2       1       1 datapath_module/reg_file_module/reg_memory[5][0]
 1.02  Total      7.735         7.57  Total    4       1       1 datapath_module/reg_file_module/reg_memory[22][31]
 1.38  Total     18.520        13.43  Total    2       1       1 datapath_module/reg_file_module/reg_memory[22][30]
 0.92  Total     11.780        12.81  Total    2       1       1 datapath_module/reg_file_module/reg_memory[22][29]
 1.11  Total      8.625         7.77  Total    4       1       1 datapath_module/reg_file_module/reg_memory[22][28]
 0.96  Total      8.640         8.99  Total    8       1       1 datapath_module/reg_file_module/reg_memory[22][27]
 1.01  Total      4.880         4.83  Total    2       1       1 datapath_module/reg_file_module/reg_memory[22][26]
 0.92  Total      4.940         5.39  Total    8       1       1 datapath_module/reg_file_module/reg_memory[22][25]
 0.97  Total     12.470        12.81  Total    2       1       1 datapath_module/reg_file_module/reg_memory[22][24]
 1.10  Total      9.950         9.03  Total    2       1       1 datapath_module/reg_file_module/reg_memory[22][23]
 0.98  Total      4.910         5.01  Total    2       1       1 datapath_module/reg_file_module/reg_memory[22][22]
 1.09  Total     11.675        10.75  Total    4       1       1 datapath_module/reg_file_module/reg_memory[22][21]
 0.94  Total      6.800         7.21  Total    2       1       1 datapath_module/reg_file_module/reg_memory[22][20]
 0.97  Total      5.020         5.15  Total    2       1       1 datapath_module/reg_file_module/reg_memory[22][19]
 1.05  Total      3.340         3.19  Total    2       1       1 datapath_module/reg_file_module/reg_memory[22][18]
 0.79  Total      4.220         5.35  Total    2       1       1 datapath_module/reg_file_module/reg_memory[22][17]
 1.09  Total      2.815         2.59  Total    2       1       1 datapath_module/reg_file_module/reg_memory[22][16]
 0.82  Total      4.380         5.35  Total    2       1       1 datapath_module/reg_file_module/reg_memory[22][15]
 0.98  Total      6.425         6.57  Total    2       1       1 datapath_module/reg_file_module/reg_memory[22][14]
 1.20  Total     10.270         8.57  Total    4       1       1 datapath_module/reg_file_module/reg_memory[22][13]
 1.00  Total      5.840         5.85  Total    2       1       1 datapath_module/reg_file_module/reg_memory[22][12]
 0.75  Total      5.680         7.61  Total    2       1       1 datapath_module/reg_file_module/reg_memory[22][11]
 1.07  Total      3.200         2.99  Total    2       1       1 datapath_module/reg_file_module/reg_memory[22][10]
 1.11  Total     25.875        23.21  Total   10       1       1 datapath_module/reg_file_module/reg_memory[22][9]
 0.90  Total      7.350         8.21  Total    2       1       1 datapath_module/reg_file_module/reg_memory[22][8]
 1.03  Total     18.270        17.77  Total    8       1       1 datapath_module/reg_file_module/reg_memory[22][7]
 1.15  Total     18.460        16.05  Total    2       1       1 datapath_module/reg_file_module/reg_memory[22][6]
 0.76  Total      4.860         6.37  Total    2       1       1 datapath_module/reg_file_module/reg_memory[22][5]
 1.06  Total      7.570         7.17  Total    2       1       1 datapath_module/reg_file_module/reg_memory[22][4]
 1.08  Total     24.980        23.17  Total    4       1       1 datapath_module/reg_file_module/reg_memory[22][3]
 1.00  Total      5.980         5.99  Total    2       1       1 datapath_module/reg_file_module/reg_memory[22][2]
 1.02  Total      9.845         9.61  Total    8       1       1 datapath_module/reg_file_module/reg_memory[22][1]
 1.53  Total      5.860         3.83  Total    2       1       1 datapath_module/reg_file_module/reg_memory[22][0]
 0.96  Total      9.475         9.86  Total    4       1       4 datapath_module/reg_file_module/n_1184
 0.96  Total      8.815         9.14  Total    3       1       2 datapath_module/reg_file_module/n_1185
 1.36  Total     63.340        46.72  Total   27       1       8 datapath_module/reg_file_module/n_1186
 1.24  Total      9.735         7.88  Total    3       1       2 datapath_module/reg_file_module/n_1187
 1.25  Total     61.175        48.90  Total   31       1       7 datapath_module/reg_file_module/n_1188
 0.88  Total      7.210         8.19  Total    3       1       2 datapath_module/reg_file_module/n_1189
 1.52  Total     88.455        58.10  Total   36       1       8 datapath_module/reg_file_module/n_1190
 1.05  Total      7.775         7.37  Total    4       1       2 datapath_module/reg_file_module/n_1191
 1.43  Total     71.495        49.98  Total   28       1       8 datapath_module/reg_file_module/n_1192
 0.92  Total     10.160        11.10  Total    4       1       2 datapath_module/reg_file_module/n_1193
 1.15  Total     41.095        35.72  Total   23       1       4 datapath_module/reg_file_module/n_1194
 1.27  Total     39.245        30.91  Total   19       1       4 datapath_module/reg_file_module/n_1195
 1.15  Total     42.050        36.62  Total   13       1       4 datapath_module/reg_file_module/n_1196
 1.25  Total     21.715        17.32  Total    5       1       4 datapath_module/reg_file_module/n_1197
 1.11  Total     27.575        24.87  Total   18       1       4 datapath_module/reg_file_module/n_1198
 1.17  Total     31.100        26.48  Total    7       1       4 datapath_module/reg_file_module/n_1199
 1.16  Total     12.185        10.47  Total   15       1       4 datapath_module/reg_file_module/n_1200
 1.30  Total     18.600        14.29  Total   18       1       4 datapath_module/reg_file_module/n_1201
 2.61  Total    331.880       127.09  Total  105       1      32 datapath_module/reg_file_module/n_1202
 2.49  Total    254.330       102.19  Total  101       1      32 datapath_module/reg_file_module/n_1203
 2.73  Total    262.885        96.19  Total   97       1      32 datapath_module/reg_file_module/n_1204
 2.28  Total    156.805        68.86  Total   67       1      32 datapath_module/reg_file_module/n_1205
 2.51  Total    335.035       133.64  Total  120       1      32 datapath_module/reg_file_module/n_1206
 1.43  Total     33.150        23.21  Total    7       1       6 datapath_module/reg_file_module/n_1207
 2.43  Total    235.500        96.86  Total   79       1      32 datapath_module/reg_file_module/n_1208
 2.38  Total    225.590        94.62  Total   85       1      32 datapath_module/reg_file_module/n_1209
 2.45  Total    175.325        71.58  Total   56       1      32 datapath_module/reg_file_module/n_1210
 1.83  Total    184.370       101.00  Total   94       1      30 datapath_module/reg_file_module/n_1211
 2.44  Total    236.700        97.16  Total   87       1      32 datapath_module/reg_file_module/n_1212
 1.81  Total    182.025       100.58  Total   65       1      32 datapath_module/reg_file_module/n_1213
 2.45  Total    256.840       105.00  Total   97       1      32 datapath_module/reg_file_module/n_1214
 2.56  Total    215.725        84.20  Total   99       1      32 datapath_module/reg_file_module/n_1215
 2.38  Total    241.985       101.57  Total   85       1      32 datapath_module/reg_file_module/n_1216
 2.31  Total    194.735        84.46  Total   79       1      32 datapath_module/reg_file_module/n_1217
 2.68  Total    364.225       135.80  Total  114       1      32 datapath_module/reg_file_module/n_1218
 2.40  Total    223.815        93.42  Total   63       1      32 datapath_module/reg_file_module/n_1219
 1.00  Total     15.225        15.20  Total    8       1       1 datapath_module/reg_file_module/n_1220
 2.54  Total    250.695        98.72  Total   69       1      32 datapath_module/reg_file_module/n_1221
 2.57  Total    357.235       138.80  Total  115       1      32 datapath_module/reg_file_module/n_1222
 0.92  Total      2.725         2.96  Total    2       1       1 datapath_module/reg_file_module/n_1223
 2.52  Total    361.190       143.08  Total  112       1      32 datapath_module/reg_file_module/n_1224
 1.19  Total      5.010         4.20  Total    4       1       1 datapath_module/reg_file_module/n_1225
 2.62  Total    369.950       141.22  Total  119       1      32 datapath_module/reg_file_module/n_1226
 2.63  Total    188.725        71.72  Total   85       1      32 datapath_module/reg_file_module/n_1227
 2.50  Total    271.770       108.67  Total   94       1      32 datapath_module/reg_file_module/n_1228
 1.84  Total    197.525       107.08  Total   96       1      32 datapath_module/reg_file_module/n_1229
 1.25  Total     56.400        44.95  Total   21       1       7 datapath_module/reg_file_module/n_1230
 1.96  Total    144.030        73.40  Total   65       1      32 datapath_module/reg_file_module/n_1231
 2.39  Total    288.075       120.35  Total   82       1      32 datapath_module/reg_file_module/n_1232
 2.35  Total    168.685        71.80  Total   86       1      32 datapath_module/reg_file_module/n_1233
 0.88  Total     10.150        11.51  Total    4       1       2 datapath_module/reg_file_module/n_1234
 1.01  Total      2.860         2.83  Total    2       1       1 datapath_module/reg_file_module/n_1235
 1.38  Total     29.300        21.16  Total    8       1       6 datapath_module/reg_file_module/n_1237
 1.64  Total     36.955        22.51  Total   21       1       7 datapath_module/reg_file_module/n_1240
 1.27  Total     11.815         9.30  Total    9       1       5 datapath_module/reg_file_module/n_1244
 1.44  Total     35.175        24.37  Total   20       1       5 datapath_module/reg_file_module/n_1247
 1.02  Total     11.820        11.54  Total   12       1       3 datapath_module/reg_file_module/n_1262
 0.87  Total      6.050         6.94  Total    4       1       2 datapath_module/reg_file_module/n_1279
 1.32  Total     15.515        11.79  Total    6       1       4 datapath_module/reg_file_module/n_1293
 1.06  Total      7.950         7.53  Total    6       1       2 datapath_module/reg_file_module/n_1311
 1.23  Total     44.650        36.22  Total    6       1       5 datapath_module/reg_file_module/n_1313
 1.13  Total     12.650        11.23  Total    5       1       2 datapath_module/reg_file_module/n_1314
 1.09  Total     19.355        17.79  Total    2       1       1 datapath_module/reg_file_module/n_1315
 1.03  Total     10.295        10.00  Total   13       1       3 datapath_module/reg_file_module/n_1316
 1.22  Total     25.015        20.50  Total   18       1       4 datapath_module/reg_file_module/n_1318
 0.00  Total      0.000         0.00  Total    0       0       0 datapath_module/reg_file_module/n_1319
 0.67  Total      0.360         0.54  Total    0       1       1 datapath_module/reg_file_module/n_1320
 0.00  Total      0.000         0.00  Total    0       0       0 datapath_module/reg_file_module/n_1322
 0.00  Total      0.000         0.00  Total    0       0       0 datapath_module/reg_file_module/n_1323
 0.00  Total      0.000         0.00  Total    0       0       0 datapath_module/reg_file_module/n_1324
 0.00  Total      0.000         0.00  Total    0       0       0 datapath_module/reg_file_module/n_1326
 0.00  Total      0.000         0.00  Total    0       0       0 datapath_module/reg_file_module/n_1327
 0.00  Total      0.000         0.00  Total    0       0       0 datapath_module/reg_file_module/n_1328
 1.44  Total     13.655         9.50  Total    3       1       4 datapath_module/reg_file_module/n_1329
 1.29  Total     26.430        20.42  Total   14       1       4 datapath_module/reg_file_module/n_1331
 0.94  Total     10.650        11.34  Total    6       1       4 datapath_module/reg_file_module/n_1333
 0.67  Total      1.150         1.71  Total    2       1       1 datapath_module/reg_file_module/n_1334
 1.11  Total     11.480        10.36  Total    9       1       4 datapath_module/reg_file_module/n_1335
 0.95  Total      3.125         3.28  Total    2       1       2 datapath_module/reg_file_module/n_1336
 1.06  Total      8.285         7.79  Total    3       1       2 datapath_module/reg_file_module/n_1337
 0.99  Total      8.640         8.77  Total    8       1       4 datapath_module/reg_file_module/n_1338
 0.68  Total      1.160         1.71  Total    2       1       1 datapath_module/reg_file_module/n_1339
 0.91  Total      5.295         5.81  Total    3       1       2 datapath_module/reg_file_module/n_1340
 1.04  Total      1.905         1.84  Total    0       1       1 datapath_module/reg_file_module/n_1341
 0.81  Total      5.320         6.56  Total    2       1       2 datapath_module/reg_file_module/n_1342
 0.00  Total      0.000         0.00  Total    0       0       0 datapath_module/reg_file_module/n_1353
 0.00  Total      0.000         0.00  Total    0       0       0 datapath_module/reg_file_module/n_1354
 0.88  Total      5.820         6.64  Total    3       1       2 datapath_module/reg_file_module/n_1355
 0.00  Total      0.000         0.00  Total    0       0       0 datapath_module/reg_file_module/n_1356
 0.72  Total      2.920         4.06  Total    2       1       1 datapath_module/reg_file_module/n_1357
 0.00  Total      0.000         0.00  Total    0       0       0 datapath_module/reg_file_module/n_1358
 0.00  Total      0.000         0.00  Total    0       0       0 datapath_module/reg_file_module/n_1359
 0.00  Total      0.000         0.00  Total    0       0       0 datapath_module/reg_file_module/n_1360
 1.01  Total      8.360         8.24  Total    8       1       1 datapath_module/reg_file_module/n_1361
 0.00  Total      0.000         0.00  Total    0       0       0 datapath_module/reg_file_module/n_1362
 0.00  Total      0.000         0.00  Total    0       0       0 datapath_module/reg_file_module/n_1363
 0.00  Total      0.000         0.00  Total    0       0       0 datapath_module/reg_file_module/n_1364
 0.00  Total      0.000         0.00  Total    0       0       0 datapath_module/reg_file_module/n_1365
 0.00  Total      0.000         0.00  Total    0       0       0 datapath_module/reg_file_module/n_1366
 0.00  Total      0.000         0.00  Total    0       0       0 datapath_module/reg_file_module/n_1367
 0.00  Total      0.000         0.00  Total    0       0       0 datapath_module/reg_file_module/n_1368
 0.00  Total      0.000         0.00  Total    0       0       0 datapath_module/reg_file_module/n_1369
 0.00  Total      0.000         0.00  Total    0       0       0 datapath_module/reg_file_module/n_1370
 0.00  Total      0.000         0.00  Total    0       0       0 datapath_module/reg_file_module/n_1371
 0.00  Total      0.000         0.00  Total    0       0       0 datapath_module/reg_file_module/n_1372
 0.00  Total      0.000         0.00  Total    0       0       0 datapath_module/reg_file_module/n_1373
 0.00  Total      0.000         0.00  Total    0       0       0 datapath_module/reg_file_module/n_1375
 0.00  Total      0.000         0.00  Total    0       0       0 datapath_module/reg_file_module/n_1376
 0.00  Total      0.000         0.00  Total    0       0       0 datapath_module/reg_file_module/n_1377
 2.50  Total      2.600         1.04  Total    0       1       1 datapath_module/reg_file_module/n_1378
 1.74  Total      3.210         1.84  Total    2       1       1 datapath_module/reg_file_module/n_1383
 2.86  Total      2.975         1.04  Total    0       1       1 datapath_module/reg_file_module/n_1384
 0.00  Total      0.000         0.00  Total    0       0       0 datapath_module/reg_file_module/n_1385
 1.02  Total      6.750         6.64  Total    3       1       2 datapath_module/reg_file_module/n_1386
 0.86  Total      5.025         5.86  Total    2       1       1 datapath_module/reg_file_module/n_1387
 0.00  Total      0.000         0.00  Total    0       0       0 datapath_module/reg_file_module/n_1388
 1.05  Total      8.320         7.89  Total    2       1       2 datapath_module/reg_file_module/n_1389
 1.03  Total      5.980         5.78  Total    3       1       2 datapath_module/reg_file_module/n_1390
 0.00  Total      0.000         0.00  Total    0       0       0 datapath_module/reg_file_module/n_1391
 0.61  Total      1.970         3.22  Total    2       1       1 datapath_module/reg_file_module/n_1393
 0.00  Total      0.000         0.00  Total    0       0       0 datapath_module/reg_file_module/n_1395
 0.00  Total      0.000         0.00  Total    0       0       0 datapath_module/reg_file_module/n_1396
 0.00  Total      0.000         0.00  Total    0       0       0 datapath_module/reg_file_module/n_1397
 0.00  Total      0.000         0.00  Total    0       0       0 datapath_module/reg_file_module/n_1398
 0.00  Total      0.000         0.00  Total    0       0       0 datapath_module/reg_file_module/n_1399
 0.00  Total      0.000         0.00  Total    0       0       0 datapath_module/reg_file_module/n_1401
 1.02  Total      3.780         3.71  Total    2       1       1 datapath_module/reg_file_module/n_1402
 0.00  Total      0.000         0.00  Total    0       0       0 datapath_module/reg_file_module/n_1404
 0.00  Total      0.000         0.00  Total    0       0       0 datapath_module/reg_file_module/n_1405
 0.00  Total      0.000         0.00  Total    0       0       0 datapath_module/reg_file_module/n_1406
 0.00  Total      0.000         0.00  Total    0       0       0 datapath_module/reg_file_module/n_1407
 0.00  Total      0.000         0.00  Total    0       0       0 datapath_module/reg_file_module/n_1408
 0.00  Total      0.000         0.00  Total    0       0       0 datapath_module/reg_file_module/n_1410
 0.00  Total      0.000         0.00  Total    0       0       0 datapath_module/reg_file_module/n_1411
 0.00  Total      0.000         0.00  Total    0       0       0 datapath_module/reg_file_module/n_1412
 0.00  Total      0.000         0.00  Total    0       0       0 datapath_module/reg_file_module/n_1413
 0.00  Total      0.000         0.00  Total    0       0       0 datapath_module/reg_file_module/n_1414
 0.00  Total      0.000         0.00  Total    0       0       0 datapath_module/reg_file_module/n_1415
 0.00  Total      0.000         0.00  Total    0       0       0 datapath_module/reg_file_module/n_1416
 0.00  Total      0.000         0.00  Total    0       0       0 datapath_module/reg_file_module/n_1417
 0.00  Total      0.000         0.00  Total    0       0       0 datapath_module/reg_file_module/n_1418
 0.00  Total      0.000         0.00  Total    0       0       0 datapath_module/reg_file_module/n_1419
 0.00  Total      0.000         0.00  Total    0       0       0 datapath_module/reg_file_module/n_1420
 0.00  Total      0.000         0.00  Total    0       0       0 datapath_module/reg_file_module/n_1421
 0.00  Total      0.000         0.00  Total    0       0       0 datapath_module/reg_file_module/n_1422
 0.00  Total      0.000         0.00  Total    0       0       0 datapath_module/reg_file_module/n_1423
 0.00  Total      0.000         0.00  Total    0       0       0 datapath_module/reg_file_module/n_1424
 0.00  Total      0.000         0.00  Total    0       0       0 datapath_module/reg_file_module/n_1425
 0.00  Total      0.000         0.00  Total    0       0       0 datapath_module/reg_file_module/n_1426
 0.00  Total      0.000         0.00  Total    0       0       0 datapath_module/reg_file_module/n_1427
 0.00  Total      0.000         0.00  Total    0       0       0 datapath_module/reg_file_module/n_1428
 0.00  Total      0.000         0.00  Total    0       0       0 datapath_module/reg_file_module/n_1429
 0.00  Total      0.000         0.00  Total    0       0       0 datapath_module/reg_file_module/n_1430
 0.00  Total      0.000         0.00  Total    0       0       0 datapath_module/reg_file_module/n_1431
 0.00  Total      0.000         0.00  Total    0       0       0 datapath_module/reg_file_module/n_1432
 0.00  Total      0.000         0.00  Total    0       0       0 datapath_module/reg_file_module/n_1433
 0.00  Total      0.000         0.00  Total    0       0       0 datapath_module/reg_file_module/n_1434
 0.00  Total      0.000         0.00  Total    0       0       0 datapath_module/reg_file_module/n_1435
 0.00  Total      0.000         0.00  Total    0       0       0 datapath_module/reg_file_module/n_1436
 1.03  Total      1.695         1.64  Total    0       1       1 datapath_module/reg_file_module/n_1437
 0.00  Total      0.000         0.00  Total    0       0       0 datapath_module/reg_file_module/n_1438
 0.00  Total      0.000         0.00  Total    0       0       0 datapath_module/reg_file_module/n_1439
 0.00  Total      0.000         0.00  Total    0       0       0 datapath_module/reg_file_module/n_1440
 0.00  Total      0.000         0.00  Total    0       0       0 datapath_module/reg_file_module/n_1441
 0.00  Total      0.000         0.00  Total    0       0       0 datapath_module/reg_file_module/n_1442
 0.00  Total      0.000         0.00  Total    0       0       0 datapath_module/reg_file_module/n_1443
 0.00  Total      0.000         0.00  Total    0       0       0 datapath_module/reg_file_module/n_1444
 0.00  Total      0.000         0.00  Total    0       0       0 datapath_module/reg_file_module/n_1445
 0.00  Total      0.000         0.00  Total    0       0       0 datapath_module/reg_file_module/n_1446
 0.00  Total      0.000         0.00  Total    0       0       0 datapath_module/reg_file_module/n_1447
 0.00  Total      0.000         0.00  Total    0       0       0 datapath_module/reg_file_module/n_1448
 0.00  Total      0.000         0.00  Total    0       0       0 datapath_module/reg_file_module/n_1449
 0.88  Total      1.880         2.14  Total    8       1       1 datapath_module/reg_file_module/n_1450
 0.81  Total      0.920         1.14  Total    0       1       1 datapath_module/reg_file_module/n_1451
 0.00  Total      0.000         0.00  Total    0       0       0 datapath_module/reg_file_module/n_1452
 0.44  Total      0.410         0.94  Total    0       1       1 datapath_module/reg_file_module/n_1453
 0.63  Total      2.615         4.16  Total    2       1       1 datapath_module/reg_file_module/n_1454
 0.00  Total      0.000         0.00  Total    0       0       0 datapath_module/reg_file_module/n_1455
 0.96  Total      9.060         9.44  Total    2       1       1 datapath_module/reg_file_module/n_1456
 0.00  Total      0.000         0.00  Total    0       0       0 datapath_module/reg_file_module/n_1457
 0.00  Total      0.000         0.00  Total    0       0       0 datapath_module/reg_file_module/n_1458
 1.09  Total      7.580         6.96  Total    6       1       1 datapath_module/reg_file_module/n_1459
 1.17  Total      5.095         4.36  Total    2       1       1 datapath_module/reg_file_module/n_1460
 1.28  Total      5.040         3.95  Total    2       1       1 datapath_module/reg_file_module/n_1461
 0.00  Total      0.000         0.00  Total    0       0       0 datapath_module/reg_file_module/n_1462
 0.62  Total      2.110         3.39  Total    2       1       1 datapath_module/reg_file_module/n_1463
 1.04  Total      3.250         3.12  Total    2       1       1 datapath_module/reg_file_module/n_1464
 0.00  Total      0.000         0.00  Total    0       0       0 datapath_module/reg_file_module/n_1465
 1.12  Total      2.510         2.24  Total    2       1       1 datapath_module/reg_file_module/n_1466
 0.48  Total      0.430         0.91  Total    0       1       1 datapath_module/reg_file_module/n_1467
 0.78  Total      5.800         7.43  Total    2       1       1 datapath_module/reg_file_module/n_1468
 0.00  Total      0.000         0.00  Total    0       0       0 datapath_module/reg_file_module/n_1469
 0.80  Total      2.075         2.58  Total    2       1       1 datapath_module/reg_file_module/n_1470
 1.16  Total      5.905         5.09  Total    2       1       1 datapath_module/reg_file_module/n_1471
 0.00  Total      0.000         0.00  Total    0       0       0 datapath_module/reg_file_module/n_1472
 0.60  Total      0.980         1.63  Total    2       1       1 datapath_module/reg_file_module/n_1473
 0.00  Total      0.000         0.00  Total    0       0       0 datapath_module/reg_file_module/n_1474
 0.00  Total      0.000         0.00  Total    0       0       0 datapath_module/reg_file_module/n_1475
 0.00  Total      0.000         0.00  Total    0       0       0 datapath_module/reg_file_module/n_1476
 1.23  Total      8.920         7.28  Total    2       1       1 datapath_module/reg_file_module/n_1477
 0.00  Total      0.000         0.00  Total    0       0       0 datapath_module/reg_file_module/n_1478
 0.00  Total      0.000         0.00  Total    0       0       0 datapath_module/reg_file_module/n_1479
 0.00  Total      0.000         0.00  Total    0       0       0 datapath_module/reg_file_module/n_1480
 0.79  Total      3.815         4.80  Total    2       1       1 datapath_module/reg_file_module/n_1481
 0.00  Total      0.000         0.00  Total    0       0       0 datapath_module/reg_file_module/n_1482
 0.00  Total      0.000         0.00  Total    0       0       0 datapath_module/reg_file_module/n_1483
 0.95  Total      1.905         2.01  Total    0       1       1 datapath_module/reg_file_module/n_1484
 0.00  Total      0.000         0.00  Total    0       0       0 datapath_module/reg_file_module/n_1485
 0.00  Total      0.000         0.00  Total    0       0       0 datapath_module/reg_file_module/n_1486
 0.00  Total      0.000         0.00  Total    0       0       0 datapath_module/reg_file_module/n_1487
 0.00  Total      0.000         0.00  Total    0       0       0 datapath_module/reg_file_module/n_1488
 0.00  Total      0.000         0.00  Total    0       0       0 datapath_module/reg_file_module/n_1489
 0.00  Total      0.000         0.00  Total    0       0       0 datapath_module/reg_file_module/n_1490
 0.00  Total      0.000         0.00  Total    0       0       0 datapath_module/reg_file_module/n_1491
 0.00  Total      0.000         0.00  Total    0       0       0 datapath_module/reg_file_module/n_1492
 0.00  Total      0.000         0.00  Total    0       0       0 datapath_module/reg_file_module/n_1493
 0.00  Total      0.000         0.00  Total    0       0       0 datapath_module/reg_file_module/n_1494
 0.00  Total      0.000         0.00  Total    0       0       0 datapath_module/reg_file_module/n_1495
 0.00  Total      0.000         0.00  Total    0       0       0 datapath_module/reg_file_module/n_1496
 0.00  Total      0.000         0.00  Total    0       0       0 datapath_module/reg_file_module/n_1497
 0.00  Total      0.000         0.00  Total    0       0       0 datapath_module/reg_file_module/n_1498
 0.00  Total      0.000         0.00  Total    0       0       0 datapath_module/reg_file_module/n_1499
 0.00  Total      0.000         0.00  Total    0       0       0 datapath_module/reg_file_module/n_1500
 0.00  Total      0.000         0.00  Total    0       0       0 datapath_module/reg_file_module/n_1501
 0.00  Total      0.000         0.00  Total    0       0       0 datapath_module/reg_file_module/n_1502
 0.00  Total      0.000         0.00  Total    0       0       0 datapath_module/reg_file_module/n_1503
 0.00  Total      0.000         0.00  Total    0       0       0 datapath_module/reg_file_module/n_1504
 0.00  Total      0.000         0.00  Total    0       0       0 datapath_module/reg_file_module/n_1505
 0.00  Total      0.000         0.00  Total    0       0       0 datapath_module/reg_file_module/n_1506
 0.00  Total      0.000         0.00  Total    0       0       0 datapath_module/reg_file_module/n_1507
 0.00  Total      0.000         0.00  Total    0       0       0 datapath_module/reg_file_module/n_1508
 0.85  Total      1.640         1.92  Total    0       1       1 datapath_module/reg_file_module/n_1509
 0.00  Total      0.000         0.00  Total    0       0       0 datapath_module/reg_file_module/n_1510
 0.00  Total      0.000         0.00  Total    0       0       0 datapath_module/reg_file_module/n_1511
 0.00  Total      0.000         0.00  Total    0       0       0 datapath_module/reg_file_module/n_1512
 0.00  Total      0.000         0.00  Total    0       0       0 datapath_module/reg_file_module/n_1513
 0.00  Total      0.000         0.00  Total    0       0       0 datapath_module/reg_file_module/n_1514
 0.00  Total      0.000         0.00  Total    0       0       0 datapath_module/reg_file_module/n_1515
 0.00  Total      0.000         0.00  Total    0       0       0 datapath_module/reg_file_module/n_1516
 0.00  Total      0.000         0.00  Total    0       0       0 datapath_module/reg_file_module/n_1517
 0.00  Total      0.000         0.00  Total    0       0       0 datapath_module/reg_file_module/n_1518
 0.00  Total      0.000         0.00  Total    0       0       0 datapath_module/reg_file_module/n_1519
 0.00  Total      0.000         0.00  Total    0       0       0 datapath_module/reg_file_module/n_1520
 0.00  Total      0.000         0.00  Total    0       0       0 datapath_module/reg_file_module/n_1521
 0.00  Total      0.000         0.00  Total    0       0       0 datapath_module/reg_file_module/n_1522
 0.00  Total      0.000         0.00  Total    0       0       0 datapath_module/reg_file_module/n_1523
 0.00  Total      0.000         0.00  Total    0       0       0 datapath_module/reg_file_module/n_1524
 0.00  Total      0.000         0.00  Total    0       0       0 datapath_module/reg_file_module/n_1525
 0.00  Total      0.000         0.00  Total    0       0       0 datapath_module/reg_file_module/n_1526
 0.00  Total      0.000         0.00  Total    0       0       0 datapath_module/reg_file_module/n_1527
 0.00  Total      0.000         0.00  Total    0       0       0 datapath_module/reg_file_module/n_1528
 0.00  Total      0.000         0.00  Total    0       0       0 datapath_module/reg_file_module/n_1529
 0.00  Total      0.000         0.00  Total    0       0       0 datapath_module/reg_file_module/n_1530
 0.00  Total      0.000         0.00  Total    0       0       0 datapath_module/reg_file_module/n_1531
 0.00  Total      0.000         0.00  Total    0       0       0 datapath_module/reg_file_module/n_1532
 0.00  Total      0.000         0.00  Total    0       0       0 datapath_module/reg_file_module/n_1533
 0.00  Total      0.000         0.00  Total    0       0       0 datapath_module/reg_file_module/n_1534
 0.00  Total      0.000         0.00  Total    0       0       0 datapath_module/reg_file_module/n_1535
 0.00  Total      0.000         0.00  Total    0       0       0 datapath_module/reg_file_module/n_1536
 0.00  Total      0.000         0.00  Total    0       0       0 datapath_module/reg_file_module/n_1537
 0.00  Total      0.000         0.00  Total    0       0       0 datapath_module/reg_file_module/n_1538
 0.00  Total      0.000         0.00  Total    0       0       0 datapath_module/reg_file_module/n_1539
 0.00  Total      0.000         0.00  Total    0       0       0 datapath_module/reg_file_module/n_1540
 0.00  Total      0.000         0.00  Total    0       0       0 datapath_module/reg_file_module/n_1541
 0.00  Total      0.000         0.00  Total    0       0       0 datapath_module/reg_file_module/n_1542
 0.00  Total      0.000         0.00  Total    0       0       0 datapath_module/reg_file_module/n_1543
 0.00  Total      0.000         0.00  Total    0       0       0 datapath_module/reg_file_module/n_1544
 0.00  Total      0.000         0.00  Total    0       0       0 datapath_module/reg_file_module/n_1545
 0.00  Total      0.000         0.00  Total    0       0       0 datapath_module/reg_file_module/n_1546
 0.00  Total      0.000         0.00  Total    0       0       0 datapath_module/reg_file_module/n_1547
 0.00  Total      0.000         0.00  Total    0       0       0 datapath_module/reg_file_module/n_1548
 0.00  Total      0.000         0.00  Total    0       0       0 datapath_module/reg_file_module/n_1549
 0.00  Total      0.000         0.00  Total    0       0       0 datapath_module/reg_file_module/n_1550
 0.00  Total      0.000         0.00  Total    0       0       0 datapath_module/reg_file_module/n_1551
 0.00  Total      0.000         0.00  Total    0       0       0 datapath_module/reg_file_module/n_1552
 0.00  Total      0.000         0.00  Total    0       0       0 datapath_module/reg_file_module/n_1553
 0.00  Total      0.000         0.00  Total    0       0       0 datapath_module/reg_file_module/n_1554
 0.00  Total      0.000         0.00  Total    0       0       0 datapath_module/reg_file_module/n_1555
 0.00  Total      0.000         0.00  Total    0       0       0 datapath_module/reg_file_module/n_1556
 0.00  Total      0.000         0.00  Total    0       0       0 datapath_module/reg_file_module/n_1557
 0.00  Total      0.000         0.00  Total    0       0       0 datapath_module/reg_file_module/n_1558
 0.00  Total      0.000         0.00  Total    0       0       0 datapath_module/reg_file_module/n_1559
 0.00  Total      0.000         0.00  Total    0       0       0 datapath_module/reg_file_module/n_1560
 0.00  Total      0.000         0.00  Total    0       0       0 datapath_module/reg_file_module/n_1561
 0.00  Total      0.000         0.00  Total    0       0       0 datapath_module/reg_file_module/n_1562
 0.00  Total      0.000         0.00  Total    0       0       0 datapath_module/reg_file_module/n_1563
 0.00  Total      0.000         0.00  Total    0       0       0 datapath_module/reg_file_module/n_1564
 0.00  Total      0.000         0.00  Total    0       0       0 datapath_module/reg_file_module/n_1565
 0.00  Total      0.000         0.00  Total    0       0       0 datapath_module/reg_file_module/n_1566
 0.00  Total      0.000         0.00  Total    0       0       0 datapath_module/reg_file_module/n_1567
 0.00  Total      0.000         0.00  Total    0       0       0 datapath_module/reg_file_module/n_1568
 0.00  Total      0.000         0.00  Total    0       0       0 datapath_module/reg_file_module/n_1569
 0.00  Total      0.000         0.00  Total    0       0       0 datapath_module/reg_file_module/n_1570
 0.00  Total      0.000         0.00  Total    0       0       0 datapath_module/reg_file_module/n_1571
 0.00  Total      0.000         0.00  Total    0       0       0 datapath_module/reg_file_module/n_1572
 0.00  Total      0.000         0.00  Total    0       0       0 datapath_module/reg_file_module/n_1573
 0.00  Total      0.000         0.00  Total    0       0       0 datapath_module/reg_file_module/n_1574
 0.00  Total      0.000         0.00  Total    0       0       0 datapath_module/reg_file_module/n_1575
 0.00  Total      0.000         0.00  Total    0       0       0 datapath_module/reg_file_module/n_1576
 0.00  Total      0.000         0.00  Total    0       0       0 datapath_module/reg_file_module/n_1577
 0.00  Total      0.000         0.00  Total    0       0       0 datapath_module/reg_file_module/n_1578
 0.00  Total      0.000         0.00  Total    0       0       0 datapath_module/reg_file_module/n_1579
 0.00  Total      0.000         0.00  Total    0       0       0 datapath_module/reg_file_module/n_1580
 0.00  Total      0.000         0.00  Total    0       0       0 datapath_module/reg_file_module/n_1581
 0.00  Total      0.000         0.00  Total    0       0       0 datapath_module/reg_file_module/n_1582
 0.00  Total      0.000         0.00  Total    0       0       0 datapath_module/reg_file_module/n_1583
 0.98  Total     19.080        19.43  Total    8       1       1 datapath_module/reg_file_module/n_1584
 1.16  Total     14.815        12.77  Total    8       1       1 datapath_module/reg_file_module/n_1585
 0.88  Total      6.590         7.51  Total    2       1       1 datapath_module/reg_file_module/n_1586
 0.00  Total      0.000         0.00  Total    0       0       0 datapath_module/reg_file_module/n_1587
 0.99  Total      1.855         1.87  Total    2       1       1 datapath_module/reg_file_module/n_1588
 0.00  Total      0.000         0.00  Total    0       0       0 datapath_module/reg_file_module/n_1589
 0.00  Total      0.000         0.00  Total    0       0       0 datapath_module/reg_file_module/n_1590
 0.00  Total      0.000         0.00  Total    0       0       0 datapath_module/reg_file_module/n_1591
 0.00  Total      0.000         0.00  Total    0       0       0 datapath_module/reg_file_module/n_1592
 0.00  Total      0.000         0.00  Total    0       0       0 datapath_module/reg_file_module/n_1593
 0.00  Total      0.000         0.00  Total    0       0       0 datapath_module/reg_file_module/n_1594
 0.00  Total      0.000         0.00  Total    0       0       0 datapath_module/reg_file_module/n_1595
 0.00  Total      0.000         0.00  Total    0       0       0 datapath_module/reg_file_module/n_1596
 0.00  Total      0.000         0.00  Total    0       0       0 datapath_module/reg_file_module/n_1597
 0.00  Total      0.000         0.00  Total    0       0       0 datapath_module/reg_file_module/n_1598
 0.00  Total      0.000         0.00  Total    0       0       0 datapath_module/reg_file_module/n_1599
 0.00  Total      0.000         0.00  Total    0       0       0 datapath_module/reg_file_module/n_1600
 0.00  Total      0.000         0.00  Total    0       0       0 datapath_module/reg_file_module/n_1601
 0.00  Total      0.000         0.00  Total    0       0       0 datapath_module/reg_file_module/n_1602
 0.00  Total      0.000         0.00  Total    0       0       0 datapath_module/reg_file_module/n_1603
 0.00  Total      0.000         0.00  Total    0       0       0 datapath_module/reg_file_module/n_1604
 0.00  Total      0.000         0.00  Total    0       0       0 datapath_module/reg_file_module/n_1605
 0.00  Total      0.000         0.00  Total    0       0       0 datapath_module/reg_file_module/n_1606
 0.00  Total      0.000         0.00  Total    0       0       0 datapath_module/reg_file_module/n_1607
 0.00  Total      0.000         0.00  Total    0       0       0 datapath_module/reg_file_module/n_1608
 0.00  Total      0.000         0.00  Total    0       0       0 datapath_module/reg_file_module/n_1609
 0.00  Total      0.000         0.00  Total    0       0       0 datapath_module/reg_file_module/n_1610
 0.00  Total      0.000         0.00  Total    0       0       0 datapath_module/reg_file_module/n_1611
 0.00  Total      0.000         0.00  Total    0       0       0 datapath_module/reg_file_module/n_1612
 0.00  Total      0.000         0.00  Total    0       0       0 datapath_module/reg_file_module/n_1613
 0.00  Total      0.000         0.00  Total    0       0       0 datapath_module/reg_file_module/n_1614
 0.00  Total      0.000         0.00  Total    0       0       0 datapath_module/reg_file_module/n_1615
 0.00  Total      0.000         0.00  Total    0       0       0 datapath_module/reg_file_module/n_1616
 0.00  Total      0.000         0.00  Total    0       0       0 datapath_module/reg_file_module/n_1617
 0.00  Total      0.000         0.00  Total    0       0       0 datapath_module/reg_file_module/n_1618
 0.00  Total      0.000         0.00  Total    0       0       0 datapath_module/reg_file_module/n_1619
 0.00  Total      0.000         0.00  Total    0       0       0 datapath_module/reg_file_module/n_1620
 0.00  Total      0.000         0.00  Total    0       0       0 datapath_module/reg_file_module/n_1621
 0.00  Total      0.000         0.00  Total    0       0       0 datapath_module/reg_file_module/n_1622
 0.00  Total      0.000         0.00  Total    0       0       0 datapath_module/reg_file_module/n_1623
 0.00  Total      0.000         0.00  Total    0       0       0 datapath_module/reg_file_module/n_1624
 0.00  Total      0.000         0.00  Total    0       0       0 datapath_module/reg_file_module/n_1625
 0.00  Total      0.000         0.00  Total    0       0       0 datapath_module/reg_file_module/n_1626
 0.00  Total      0.000         0.00  Total    0       0       0 datapath_module/reg_file_module/n_1627
 0.00  Total      0.000         0.00  Total    0       0       0 datapath_module/reg_file_module/n_1628
 0.00  Total      0.000         0.00  Total    0       0       0 datapath_module/reg_file_module/n_1629
 0.00  Total      0.000         0.00  Total    0       0       0 datapath_module/reg_file_module/n_1630
 0.00  Total      0.000         0.00  Total    0       0       0 datapath_module/reg_file_module/n_1631
 0.00  Total      0.000         0.00  Total    0       0       0 datapath_module/reg_file_module/n_1632
 0.00  Total      0.000         0.00  Total    0       0       0 datapath_module/reg_file_module/n_1633
 0.00  Total      0.000         0.00  Total    0       0       0 datapath_module/reg_file_module/n_1634
 0.00  Total      0.000         0.00  Total    0       0       0 datapath_module/reg_file_module/n_1635
 0.00  Total      0.000         0.00  Total    0       0       0 datapath_module/reg_file_module/n_1636
 0.00  Total      0.000         0.00  Total    0       0       0 datapath_module/reg_file_module/n_1637
 0.00  Total      0.000         0.00  Total    0       0       0 datapath_module/reg_file_module/n_1638
 0.00  Total      0.000         0.00  Total    0       0       0 datapath_module/reg_file_module/n_1639
 0.00  Total      0.000         0.00  Total    0       0       0 datapath_module/reg_file_module/n_1640
 0.00  Total      0.000         0.00  Total    0       0       0 datapath_module/reg_file_module/n_1641
 0.00  Total      0.000         0.00  Total    0       0       0 datapath_module/reg_file_module/n_1642
 0.00  Total      0.000         0.00  Total    0       0       0 datapath_module/reg_file_module/n_1643
 0.00  Total      0.000         0.00  Total    0       0       0 datapath_module/reg_file_module/n_1644
 0.00  Total      0.000         0.00  Total    0       0       0 datapath_module/reg_file_module/n_1645
 0.00  Total      0.000         0.00  Total    0       0       0 datapath_module/reg_file_module/n_1646
 0.00  Total      0.000         0.00  Total    0       0       0 datapath_module/reg_file_module/n_1647
 0.00  Total      0.000         0.00  Total    0       0       0 datapath_module/reg_file_module/n_1648
 0.00  Total      0.000         0.00  Total    0       0       0 datapath_module/reg_file_module/n_1649
 0.00  Total      0.000         0.00  Total    0       0       0 datapath_module/reg_file_module/n_1650
 0.00  Total      0.000         0.00  Total    0       0       0 datapath_module/reg_file_module/n_1651
 0.00  Total      0.000         0.00  Total    0       0       0 datapath_module/reg_file_module/n_1652
 0.00  Total      0.000         0.00  Total    0       0       0 datapath_module/reg_file_module/n_1653
 0.00  Total      0.000         0.00  Total    0       0       0 datapath_module/reg_file_module/n_1654
 0.00  Total      0.000         0.00  Total    0       0       0 datapath_module/reg_file_module/n_1655
 0.00  Total      0.000         0.00  Total    0       0       0 datapath_module/reg_file_module/n_1656
 0.00  Total      0.000         0.00  Total    0       0       0 datapath_module/reg_file_module/n_1657
 0.00  Total      0.000         0.00  Total    0       0       0 datapath_module/reg_file_module/n_1658
 0.00  Total      0.000         0.00  Total    0       0       0 datapath_module/reg_file_module/n_1659
 0.00  Total      0.000         0.00  Total    0       0       0 datapath_module/reg_file_module/n_1660
 0.00  Total      0.000         0.00  Total    0       0       0 datapath_module/reg_file_module/n_1661
 0.00  Total      0.000         0.00  Total    0       0       0 datapath_module/reg_file_module/n_1662
 0.00  Total      0.000         0.00  Total    0       0       0 datapath_module/reg_file_module/n_1663
 0.00  Total      0.000         0.00  Total    0       0       0 datapath_module/reg_file_module/n_1664
 0.00  Total      0.000         0.00  Total    0       0       0 datapath_module/reg_file_module/n_1665
 0.00  Total      0.000         0.00  Total    0       0       0 datapath_module/reg_file_module/n_1666
 0.00  Total      0.000         0.00  Total    0       0       0 datapath_module/reg_file_module/n_1667
 0.00  Total      0.000         0.00  Total    0       0       0 datapath_module/reg_file_module/n_1668
 0.00  Total      0.000         0.00  Total    0       0       0 datapath_module/reg_file_module/n_1669
 0.00  Total      0.000         0.00  Total    0       0       0 datapath_module/reg_file_module/n_1670
 0.00  Total      0.000         0.00  Total    0       0       0 datapath_module/reg_file_module/n_1671
 0.00  Total      0.000         0.00  Total    0       0       0 datapath_module/reg_file_module/n_1672
 0.00  Total      0.000         0.00  Total    0       0       0 datapath_module/reg_file_module/n_1673
 0.00  Total      0.000         0.00  Total    0       0       0 datapath_module/reg_file_module/n_1674
 0.00  Total      0.000         0.00  Total    0       0       0 datapath_module/reg_file_module/n_1675
 0.00  Total      0.000         0.00  Total    0       0       0 datapath_module/reg_file_module/n_1676
 0.00  Total      0.000         0.00  Total    0       0       0 datapath_module/reg_file_module/n_1677
 0.00  Total      0.000         0.00  Total    0       0       0 datapath_module/reg_file_module/n_1678
 0.00  Total      0.000         0.00  Total    0       0       0 datapath_module/reg_file_module/n_1679
 0.00  Total      0.000         0.00  Total    0       0       0 datapath_module/reg_file_module/n_1680
 0.00  Total      0.000         0.00  Total    0       0       0 datapath_module/reg_file_module/n_1681
 0.00  Total      0.000         0.00  Total    0       0       0 datapath_module/reg_file_module/n_1682
 0.00  Total      0.000         0.00  Total    0       0       0 datapath_module/reg_file_module/n_1683
 0.00  Total      0.000         0.00  Total    0       0       0 datapath_module/reg_file_module/n_1684
 0.00  Total      0.000         0.00  Total    0       0       0 datapath_module/reg_file_module/n_1685
 0.00  Total      0.000         0.00  Total    0       0       0 datapath_module/reg_file_module/n_1686
 0.00  Total      0.000         0.00  Total    0       0       0 datapath_module/reg_file_module/n_1687
 0.00  Total      0.000         0.00  Total    0       0       0 datapath_module/reg_file_module/n_1688
 0.00  Total      0.000         0.00  Total    0       0       0 datapath_module/reg_file_module/n_1689
 0.00  Total      0.000         0.00  Total    0       0       0 datapath_module/reg_file_module/n_1690
 0.00  Total      0.000         0.00  Total    0       0       0 datapath_module/reg_file_module/n_1691
 0.00  Total      0.000         0.00  Total    0       0       0 datapath_module/reg_file_module/n_1692
 0.00  Total      0.000         0.00  Total    0       0       0 datapath_module/reg_file_module/n_1693
 0.00  Total      0.000         0.00  Total    0       0       0 datapath_module/reg_file_module/n_1694
 0.00  Total      0.000         0.00  Total    0       0       0 datapath_module/reg_file_module/n_1695
 0.84  Total      2.025         2.42  Total    2       1       1 datapath_module/reg_file_module/n_1696
 0.00  Total      0.000         0.00  Total    0       0       0 datapath_module/reg_file_module/n_1697
 0.00  Total      0.000         0.00  Total    0       0       0 datapath_module/reg_file_module/n_1698
 0.00  Total      0.000         0.00  Total    0       0       0 datapath_module/reg_file_module/n_1700
 0.00  Total      0.000         0.00  Total    0       0       0 datapath_module/reg_file_module/n_1701
 0.00  Total      0.000         0.00  Total    0       0       0 datapath_module/reg_file_module/n_1702
 1.81  Total      2.320         1.28  Total    2       1       1 datapath_module/reg_file_module/n_1703
 0.78  Total      2.025         2.60  Total    2       1       1 datapath_module/reg_file_module/n_1704
 0.00  Total      0.000         0.00  Total    0       0       0 datapath_module/reg_file_module/n_1707
 0.00  Total      0.000         0.00  Total    0       0       0 datapath_module/reg_file_module/n_1708
 0.00  Total      0.000         0.00  Total    0       0       0 datapath_module/reg_file_module/n_1709
 0.00  Total      0.000         0.00  Total    0       0       0 datapath_module/reg_file_module/n_1710
 0.00  Total      0.000         0.00  Total    0       0       0 datapath_module/reg_file_module/n_1711
 0.00  Total      0.000         0.00  Total    0       0       0 datapath_module/reg_file_module/n_1712
 0.00  Total      0.000         0.00  Total    0       0       0 datapath_module/reg_file_module/n_1713
 0.00  Total      0.000         0.00  Total    0       0       0 datapath_module/reg_file_module/n_1714
 0.00  Total      0.000         0.00  Total    0       0       0 datapath_module/reg_file_module/n_1715
 0.00  Total      0.000         0.00  Total    0       0       0 datapath_module/reg_file_module/n_1716
 0.00  Total      0.000         0.00  Total    0       0       0 datapath_module/reg_file_module/n_1717
 0.00  Total      0.000         0.00  Total    0       0       0 datapath_module/reg_file_module/n_1718
 0.00  Total      0.000         0.00  Total    0       0       0 datapath_module/reg_file_module/n_1719
 0.00  Total      0.000         0.00  Total    0       0       0 datapath_module/reg_file_module/n_1720
 0.00  Total      0.000         0.00  Total    0       0       0 datapath_module/reg_file_module/n_1721
 0.00  Total      0.000         0.00  Total    0       0       0 datapath_module/reg_file_module/n_1722
 0.00  Total      0.000         0.00  Total    0       0       0 datapath_module/reg_file_module/n_1723
 0.00  Total      0.000         0.00  Total    0       0       0 datapath_module/reg_file_module/n_1724
 0.00  Total      0.000         0.00  Total    0       0       0 datapath_module/reg_file_module/n_1725
 0.00  Total      0.000         0.00  Total    0       0       0 datapath_module/reg_file_module/n_1726
 0.00  Total      0.000         0.00  Total    0       0       0 datapath_module/reg_file_module/n_1727
 0.00  Total      0.000         0.00  Total    0       0       0 datapath_module/reg_file_module/n_1728
 0.00  Total      0.000         0.00  Total    0       0       0 datapath_module/reg_file_module/n_1729
 0.00  Total      0.000         0.00  Total    0       0       0 datapath_module/reg_file_module/n_1730
 0.00  Total      0.000         0.00  Total    0       0       0 datapath_module/reg_file_module/n_1731
 0.99  Total      3.170         3.21  Total    0       1       1 datapath_module/reg_file_module/n_1732
 0.00  Total      0.000         0.00  Total    0       0       0 datapath_module/reg_file_module/n_1733
 1.07  Total      2.510         2.34  Total    2       1       1 datapath_module/reg_file_module/n_1734
 0.00  Total      0.000         0.00  Total    0       0       0 datapath_module/reg_file_module/n_1735
 0.00  Total      0.000         0.00  Total    0       0       0 datapath_module/reg_file_module/n_1736
 0.00  Total      0.000         0.00  Total    0       0       0 datapath_module/reg_file_module/n_1737
 0.00  Total      0.000         0.00  Total    0       0       0 datapath_module/reg_file_module/n_1738
 0.00  Total      0.000         0.00  Total    0       0       0 datapath_module/reg_file_module/n_1739
 0.00  Total      0.000         0.00  Total    0       0       0 datapath_module/reg_file_module/n_1740
 0.00  Total      0.000         0.00  Total    0       0       0 datapath_module/reg_file_module/n_1741
 1.07  Total      4.655         4.34  Total    4       1       1 datapath_module/reg_file_module/n_1742
 0.00  Total      0.000         0.00  Total    0       0       0 datapath_module/reg_file_module/n_1743
 0.00  Total      0.000         0.00  Total    0       0       0 datapath_module/reg_file_module/n_1744
 0.00  Total      0.000         0.00  Total    0       0       0 datapath_module/reg_file_module/n_1745
 0.00  Total      0.000         0.00  Total    0       0       0 datapath_module/reg_file_module/n_1746
 0.00  Total      0.000         0.00  Total    0       0       0 datapath_module/reg_file_module/n_1747
 0.00  Total      0.000         0.00  Total    0       0       0 datapath_module/reg_file_module/n_1748
 0.00  Total      0.000         0.00  Total    0       0       0 datapath_module/reg_file_module/n_1749
 0.00  Total      0.000         0.00  Total    0       0       0 datapath_module/reg_file_module/n_1750
 0.00  Total      0.000         0.00  Total    0       0       0 datapath_module/reg_file_module/n_1751
 0.00  Total      0.000         0.00  Total    0       0       0 datapath_module/reg_file_module/n_1752
 0.00  Total      0.000         0.00  Total    0       0       0 datapath_module/reg_file_module/n_1753
 0.00  Total      0.000         0.00  Total    0       0       0 datapath_module/reg_file_module/n_1754
 0.00  Total      0.000         0.00  Total    0       0       0 datapath_module/reg_file_module/n_1755
 0.00  Total      0.000         0.00  Total    0       0       0 datapath_module/reg_file_module/n_1756
 0.00  Total      0.000         0.00  Total    0       0       0 datapath_module/reg_file_module/n_1757
 0.00  Total      0.000         0.00  Total    0       0       0 datapath_module/reg_file_module/n_1758
 0.00  Total      0.000         0.00  Total    0       0       0 datapath_module/reg_file_module/n_1759
 0.00  Total      0.000         0.00  Total    0       0       0 datapath_module/reg_file_module/n_1760
 0.00  Total      0.000         0.00  Total    0       0       0 datapath_module/reg_file_module/n_1761
 0.00  Total      0.000         0.00  Total    0       0       0 datapath_module/reg_file_module/n_1762
 1.07  Total     10.890        10.22  Total    2       1       2 datapath_module/reg_file_module/n_1763
 1.17  Total      6.840         5.84  Total    2       1       2 datapath_module/reg_file_module/n_1764
 1.03  Total      3.695         3.58  Total    4       1       1 datapath_module/reg_file_module/n_1768
 1.15  Total      5.045         4.38  Total    3       1       2 datapath_module/reg_file_module/n_1769
 0.58  Total      2.165         3.71  Total    2       1       1 datapath_module/reg_file_module/n_1771
 1.30  Total      7.340         5.64  Total    0       1       1 datapath_module/reg_file_module/n_1772
 1.07  Total      1.795         1.67  Total    2       1       1 datapath_module/reg_file_module/n_1773
 1.04  Total     15.970        15.41  Total    8       1       1 datapath_module/reg_file_module/n_1774
 0.98  Total     14.220        14.56  Total    6       1       2 datapath_module/reg_file_module/n_1776
 0.76  Total      1.480         1.95  Total    2       1       1 datapath_module/reg_file_module/n_1778
 0.94  Total     12.030        12.86  Total    4       1       1 datapath_module/reg_file_module/n_1779
 1.17  Total     24.405        20.80  Total   10       1       5 datapath_module/reg_file_module/n_2883
 1.08  Total      9.280         8.58  Total    5       1       2 datapath_module/reg_file_module/n_2885
 0.00  Total      0.000         0.00  Total    0       0       0 vdd
 0.00  Total      0.000         0.00  Total    0       0       0 gnd
